run_id,N,theta,max_charge,noise_sigma,enforce_zero_sum,n_samples,seed,mean_S_abs,rms_S_abs,mean_S_abs_over_sqrtN,rms_S_abs_over_sqrtN
smoke_20251213,256,2.59,3,0.0,True,200,1234,18.747182760671862,20.76661150876466,1.1716989225419914,1.2979132192977914
smoke_20251213,512,2.59,3,0.0,True,200,1234,31.890964395773768,34.81416190802012,1.4093948239268985,1.5385831229054636
smoke_20251213,256,2.5905,3,0.0,True,200,1234,18.70260628309157,20.724491810292257,1.168912892693223,1.295280738143266
smoke_20251213,512,2.5905,3,0.0,True,200,1234,31.78899582980612,34.71524146028589,1.404888407397924,1.5342114154435333
