{
    "timestamp": "12-22_20-47",
    "theta_star": 3.63,
    "M_R_base": 100000000000000.0,
    "seed": 42,
    "fiducial_masses": [
        1.119705824103708e-13,
        1.3208308974152212e-09,
        1.4279973881093718e-07
    ],
    "fiducial_total_mnu": 1.4412068167893482e-07,
    "fiducial_sin2thw": 0.3843844008257745
}