index,theta_min,theta_max,n_points,omega_lambda_mean
0,0.42644665903220824,3.54042765844006,1016,1.300146030542141
