{
 "N": 42,
 "n_theta_fixed": 8,
 "dim_odd": 17,
 "Z": [
  1.813653394133752e-15,
  -1.7728873924482969e-15
 ],
 "tr_odd": [
  5.551115123125783e-16,
  -4.440892098500626e-16
 ],
 "off_block_norm": 1.588098365873233e-15,
 "S_odd_sq_plus_I": 2.9601637623323383e-15,
 "B_odd_nonscalar": 4.127985419783387,
 "order_float": 12,
 "n_distinct_mags": 18,
 "ws_2K": [
  0.011588654950860802,
  0.0757903571911712,
  0.2401650837946368,
  0.29289323050046717,
  0.5857864806061087,
  0.7621594705004673,
  1.1715729220018687,
  1.3333333956231201,
  1.7071067349508606,
  1.8433294870740766,
  2.666666581776541,
  3.4142135368879227,
  3.823626990500468,
  3.9999999865757476,
  4.50738182481608,
  5.333333321213572,
  6.828427235444893,
  7.402624814950861
 ]
}