idx	arc	where	terms	hits	top	quote
0	B3_regge_complex	README.md:27	complex regge	main=4,all=28	ROADMAP.md ; docs/progress/PROGRESS_2026-Q2.md ; f/README.md ; legacy/handoff/handoff.md	The 4D Regge complex — not a defined construction.
1	B3_regge_complex	README.md:35	figure-eight monodromy stacking manifold	main=2,all=11	docs/progress/PROGRESS_2026-Q2.md ; f/B1068_descent_inventory/w2_full_results.json	"stacking figure-eight slices by the monodromy A" ... names no 4-manifold and no 4-cell.
2	B5_wheeler_dewitt	README.md:689	cosmological-constant problem	main=33,all=229	CHANGELOG.md ; PROGRESS_LOG.md ; ROADMAP.md ; docs/LAW_MAP.md ; docs/OPEN_LEADS.md	It does NOT resolve the cosmological-constant problem — it restates it.
3	B9_fusion_scattering	FINDINGS.md:26	characteristic polynomial functor shared	main=31,all=203	CHANGELOG.md ; CLAIMS.md ; PROGRESS_LOG.md ; docs/CAMPAIGN_STATUS.md ; docs/HINT_LEDGER.md	There is no functor here, only a shared characteristic polynomial.
4	B13_trace_map_character_variety	FINDINGS.md:111	awareness gravity matter	main=29,all=165	CHANGELOG.md ; PROGRESS_LOG.md ; ROADMAP.md ; docs/HINT_LEDGER.md ; docs/TRACE_SELECTOR_THEOREM.md ; DEL:papers/REVIEW_WORKFLOW.md	it does not derive physical `3+1`, matter content, gravity, or awareness.
5	B14_half_step_square_root_selector	FINDINGS.md:97	structure operation inserted	main=26,all=171	CHANGELOG.md ; PROGRESS_LOG.md ; docs/LAW_MAP.md ; docs/OPEN_LEADS.md ; docs/TRACE_SELECTOR_THEOREM.md ; DEL:docs/REVIEWS.md	structure or an inserted operation is not derived here.
6	B15_trace_map_invariant_controls	FINDINGS.md:79	dictionary awareness semantics coupling	main=4,all=25	CHANGELOG.md ; PROGRESS_LOG.md ; docs/SEAL_LEDGER.md ; docs/progress/REVIEWS.md ; docs/views/VERDICT_LEDGER.md	dictionary to awareness, physical coupling, and phase semantics is not derived
7	B16_record_swap_status	FINDINGS.md:63	a1-a6 exchange symmetry itself	main=8,all=47	PROGRESS_LOG.md ; docs/progress/PROGRESS_2026-Q2.md ; docs/views/VERDICT_LEDGER.md ; f/B738_pathfinder_compiler/kill_graph.json ; f/README.md	exchange symmetry itself is not derived from A1-A6.
8	B19_exchange_half_step_axiom_audit	FINDINGS.md:33	a1-a6 condition itself	main=11,all=71	PROGRESS_LOG.md ; docs/TRACE_SELECTOR_THEOREM.md ; docs/progress/PROGRESS_2026-Q2.md ; docs/views/VERDICT_LEDGER.md ; f/B16_record_swap_status/FINDINGS.md	but this condition itself is not derived from A1-A6.
9	B21_spacetime_wp_dictionary	FINDINGS.md:12	einstein equation metric causal	main=13,all=82	AUDIT_REPORT.md ; CHANGELOG.md ; GOVERNANCE.md ; PROGRESS_LOG.md ; docs/progress/PROGRESS_2026-Q2.md	No physical metric, units, causal cone, or Einstein equation is derived.
10	B23_bkl_gravity_controls	FINDINGS.md:16	dictionary variables misner kasner	main=2,all=10	docs/progress/PROGRESS_2026-Q2.md ; docs/COSMOLOGY_LEDGER.md	No explicit dictionary from `(u,v,w)` to Misner variables `(beta_+, beta_-,Omega)` or to Kasner/BKL variables is derived here.
11	B25_fibonacci_spectrum_anchor	FINDINGS.md:22	a1-a6 coupling exchange symmetry	main=8,all=45	PROGRESS_LOG.md ; docs/progress/PROGRESS_2026-Q2.md ; docs/views/VERDICT_LEDGER.md ; f/B738_pathfinder_compiler/kill_graph.json ; f/README.md	coupling is not derived from A1-A6 plus exchange symmetry.
12	B27_sl3_fibonacci_trace_lift	FINDINGS.md:64-65	antiparticle dictionary particle language	main=4,all=28	PROGRESS_LOG.md ; docs/progress/PROGRESS_2026-Q2.md ; f/README.md ; papers/candidates/PC11_trace_map_spectrum_bridge/PAPER_CARD.md	it does not derive a physical dictionary. Particle/antiparticle language is not promoted.
13	B52_multichannel_fibonacci_bridge_control	B52 LITERATURE.md, Conclusion section	three-channel tight-binding trace-map pc12	main=14,all=91	CHANGELOG.md ; docs/progress/PROGRESS_2026-Q2.md ; docs/views/VERDICT_LEDGER.md ; f/B738_pathfinder_compiler/kill_graph.json ; f/B742_negatives_hunt_p1/stageA/journals/run2_wf4ac2653a_journal.jsonl	I found no source in this scan where a three-channel Fibonacci tight-binding model yields an SL(3) transfer matrix whose trace-map renormalization is the PC12 T_m.
14	B58_phaseA	B62_STATUS.md:16	power-assignment heights	main=4,all=28	f/B58_phaseA/B62_STATUS.md ; f/B62_opposition_involution/FINDINGS.md ; f/B62_opposition_involution/README.md ; papers/VALIDATION_LEDGER.md	the power-assignment at heights other than 2 is not derived here.
15	B58_phaseA	FINDINGS.md:91	symbolic proof	main=362,all=2443	CHANGELOG.md ; CLAIMS.md ; PROGRESS_LOG.md ; REPRODUCIBILITY.md ; ROADMAP.md ; DEL:docs/REVIEWS.md	not a symbolic proof.
16	B58_phaseA	NILPOTENT_LIMIT_TEST.md:22	single-block description prettier picture	main=2,all=14	f/B58_phaseA/NILPOTENT_LIMIT_TEST.md ; papers/VALIDATION_LEDGER.md	So the picture is a prettier description of the single-block part, not a proof across the barrier
17	B58_phaseA	SYM_DECOMPOSITION.md:184	non-kostant different object revive	main=1,all=7	f/B58_phaseA/SYM_DECOMPOSITION.md	construction is a different, non-Kostant object that is not derived; it does not revive the
18	B58_sl4_tower_test	FINDINGS.md, 'Verdict' section	trace-map ambient built	main=33,all=232	CHANGELOG.md ; PROGRESS_LOG.md ; docs/HINT_LEDGER.md ; docs/atlas/FAILURE_ATLAS.md ; docs/progress/PROGRESS_2026-Q2.md	the ambient SL(4,C) trace-map construction, which is not built here.
19	B58_sl4_tower_test	README.md, 'Why The Prediction Is Not Te	trace-identity substantial built	main=2,all=14	f/B58_sl4_tower_test/FINDINGS.md ; f/B58_sl4_tower_test/README.md	That construction is not built here (it is a substantial trace-identity computation).
20	B60_sln_tower	FINDINGS.md line 9 (and README.md line 4	precision double cond	main=198,all=1324	CHANGELOG.md ; CLAIMS.md ; PROGRESS_LOG.md ; docs/CAMPAIGN_STATUS.md ; docs/HINT_LEDGER.md ; DEL:docs/REVIEWS.md	SL(5) (24-dim) does not resolve at double precision: cond(Dx) ~ 1e11.
21	B68_aj_conjecture	exact_recursion.py lines 18-19	recursion identity exact newly	main=14,all=86	CHANGELOG.md ; PROGRESS_LOG.md ; docs/views/VERDICT_LEDGER.md ; f/B738_pathfinder_compiler/kill_graph.json ; f/B770_closure_census/census.json	the exact recursion|_{q=1}=A identity is NOT newly established here
22	B68_aj_conjecture	FINDINGS_E.md line 40	garoufalidis-le figure-eight a-polynomial re-derived	main=1,all=7	papers/VALIDATION_LEDGER.md	the exact figure-eight quantum A-polynomial recursion |_{q=1} = A identity remains a literature theorem (Garoufalidis-Le), not re-derived in-house
23	B68_aj_conjecture	probe.py lines 21-26	ill-conditioned figure-eight rec-degree q-deformed	main=1,all=7	papers/VALIDATION_LEDGER.md	the exact identity 'recursion|_{q=1} = A' is a proven theorem for the figure-eight (Le; Garoufalidis), but A has only even M-powers => the quantum convention is M_rec = q^N = (meridian)^2, and rewriti
24	B69_metallic_apoly_family	FINDINGS.md lines 51-54	metallic-family hoste-shanahan a-polynomial twist-knot	main=1,all=7	papers/VALIDATION_LEDGER.md	Novelty: NOT established... Whether the metallic-family packaging is new vs implicit in twist-knot A-polynomial work (Hoste-Shanahan) needs a literature check before any novelty claim.
25	B69_metallic_apoly_family	FINDINGS.md line 37	referenced metallic handoff flagged	main=16,all=111	CHANGELOG.md ; PROGRESS_LOG.md ; docs/RECONTEXT_AUDIT_AND_MASTERPLAN_2026-07.md ; docs/progress/PROGRESS_2026-Q2.md ; docs/progress/REVIEWS.md	metallic_family.py -- referenced by the handoff but absent from the bundle (flagged).
26	B70_trace_ring	FINDINGS.md:67	two-index optimistic generator genuinely	main=2,all=14	docs/progress/PROGRESS_2026-Q2.md ; papers/VALIDATION_LEDGER.md	The optimistic "one generator closes it" is refuted (the content is genuinely two-index past (1,1))
27	B70_trace_ring	FINDINGS.md:80	computer-assisted characterization structural untouched	main=11,all=77	CHANGELOG.md ; PROGRESS_LOG.md ; docs/LAW_MAP.md ; docs/progress/PROGRESS_2026-Q2.md ; f/B154_silver_bundle_foundation/FINDINGS.md	labeled computer-assisted structural characterization, not PROVEN. Proven core untouched.
28	B71_sl3_apoly	FINDINGS.md:44	internet needed magma sage	main=1,all=7	papers/VALIDATION_LEDGER.md	No Magma/Sage/internet needed.
29	B71_sl3_apoly	FINDINGS.md:125	a-variety polynomials eliminated groebner	main=1,all=3	docs/views/VERDICT_LEDGER.md	No clean closed A-variety form exists ... their eliminated Groebner basis is 141 polynomials
30	B71_sl3_apoly	v0_geometric.py:70-71	a-variety geometric monomial relation	main=8,all=56	CHANGELOG.md ; docs/progress/PROGRESS_2026-Q2.md ; docs/views/VERDICT_LEDGER.md ; f/B199_metallic_exponent_law/workflow_result.json ; f/B201_silver_sl3_charvar/FINDINGS.md	=> NO clean monomial relation is constant on V0; the geometric A-variety is a large ideal (no tidy form)
31	B73_sl4_apoly	probe.py:21-23	root-of-unity fixed-locus a-spectra numerical	main=1,all=7	papers/VALIDATION_LEDGER.md	a direct numerical fixed-locus search for SL(4) bundle reps at candidate root-of-unity A-spectra ... found NONE
32	B73_sl4_apoly	probe.py:23-24	degree-4 hypotheses untested recorded	main=8,all=54	CHANGELOG.md ; PROGRESS_LOG.md ; docs/CAMPAIGN_STATUS.md ; docs/views/VERDICT_LEDGER.md ; f/B738_pathfinder_compiler/kill_graph.json	so the degree-4 / j=1728 hypotheses are UNTESTED here; recorded as open, not claimed
33	B74_higher_spin_grading	FINDINGS.md:68-69	higher-spin eigenvalues metallic spectrum	main=10,all=59	docs/progress/PROGRESS_2026-Q2.md ; docs/views/VERDICT_LEDGER.md ; f/B738_pathfinder_compiler/kill_graph.json ; f/README.md ; f/REPO_STATE.md	There is NO computation making the metallic eigenvalues L_k a W_N CFT / higher-spin mode spectrum
34	B74_higher_spin_grading	FINDINGS.md:69	strictly dickson richer object	main=6,all=43	CHANGELOG.md ; PROGRESS_LOG.md ; docs/OPEN_LEADS.md ; docs/views/VERDICT_LEDGER.md ; f/README.md	the full Dickson tower is a strictly richer object than the W_N spin list
35	B75_metallic_degree_rank	FINDINGS.md:50-51	dehn-filling finite-order product-1 component	main=4,all=28	f/B78_degree_rank_n5/probe.py ; f/B88_sl4_census/FINDINGS.md ; f/B88_sl4_census/probe.py ; papers/VALIDATION_LEDGER.md	no clean Dehn-filling component found at n=3 across a broad sweep of 61 product-1 finite-order spectra
36	B75_metallic_degree_rank	FINDINGS.md:57-58	n-axis discriminator metallic already	main=3,all=15	papers/VALIDATION_LEDGER.md ; CHANGELOG.md ; docs/views/VERDICT_LEDGER.md	the metallic m≠1 test at n=4 ... is OPEN. The n-axis discriminator is already covered at m=1
37	B76_cusp_quantum_group	FINDINGS.md:36	metallic-anyon category unitary fusion	main=4,all=28	f/physics_probes/METALLIC_ANYON_FINDINGS.md ; f/physics_probes/metallic_anyon_probe.py ; papers/VALIDATION_LEDGER.md ; speculations/S030_yang_lee_two_categorifications.md	For m≥2 there is no unitary fusion category — no metallic-anyon / MTC family.
38	B76_cusp_quantum_group	FINDINGS.md:43-45	speculative-analogy metallic-bundle categorical realization	main=1,all=7	papers/VALIDATION_LEDGER.md	NO categorical lift (SPECULATIVE-ANALOGY). There is no MTC/TQFT realization of the metallic family (V28): no functor from the metallic-bundle cusps to a modular tensor category for m≥2.
39	B77_degree_rank_mechanism	FINDINGS.md:29-31	continuously eigenvalues component meridian	main=10,all=69	PROGRESS_LOG.md ; docs/progress/PROGRESS_2026-Q2.md ; f/B738_pathfinder_compiler/kill_graph.json ; f/B742_negatives_hunt_p1/stageA/batch_dead_01.json ; f/B742_negatives_hunt_p1/stageA/journals/run2_wf4ac2653a_journal.jsonl	The meridian eigenvalues eig(mu)=eig(t) ... are generic and vary continuously across the component ... not roots of unity, not metallic, and not the fixed Dickson char(M^n) roots
40	B78_degree_rank_n5	FINDINGS.md:29-30	dehn-filling irreducible numerically principal	main=24,all=159	CHANGELOG.md ; PROGRESS_LOG.md ; docs/progress/PROGRESS_2026-Q2.md ; docs/views/VERDICT_LEDGER.md ; f/B153_degree_rank_degeneration/FINDINGS.md	the irreducible principal Dehn-filling rep is not numerically locatable this way
41	B78_degree_rank_n5	FINDINGS.md:33	confirmed decisive refuted third	main=61,all=375	CHANGELOG.md ; PROGRESS_LOG.md ; docs/CAMPAIGN_STATUS.md ; docs/HINT_LEDGER.md ; docs/LAW_MAP.md ; DEL:docs/REVIEWS.md ; DEL:docs/PROGRESS_LOG.md	The decisive n=5 third point is OPEN — neither confirmed nor refuted.
42	B79_mn_table	FINDINGS.md:22-26	dehn-filling even-order odd-order numerically	main=1,all=7	papers/VALIDATION_LEDGER.md	no clean Dehn-filling component for the m=2 bundle at n=3 — over odd-order spectra ... a broad 61-spectrum sweep ... and a fresh 63-spectrum even-order sweep ... the component itself is not numericall
43	B79_mn_table	FINDINGS.md:28-29	dehn-filling spectra located	main=26,all=175	CHANGELOG.md ; PROGRESS_LOG.md ; docs/CAMPAIGN_STATUS.md ; docs/LAW_MAP.md ; docs/NOVELTY_AUDIT.md ; DEL:docs/PROGRESS_LOG.md	the phi_m^2 n=4 Dehn-filling spectra ... were not located
44	B80_sl4_adproof	FINDINGS.md:24-25	symbolic-m eps-series pinv-limit stalled	main=7,all=45	CHANGELOG.md ; docs/progress/PROGRESS_2026-Q2.md ; f/B70_trace_ring/symbolic_m_pinv.py ; f/README.md ; f/REPO_STATE.md	B70 tried the symbolic-m eps-series pinv-limit directly over Q[m] and stalled at SL(4) (L=12)
45	B83_sln_apolynomial	FINDINGS.md:24	numerically principal component locatable	main=11,all=77	CHANGELOG.md ; docs/NOVELTY_AUDIT.md ; f/B78_degree_rank_n5/FINDINGS.md ; f/B78_degree_rank_n5/README.md ; f/B78_degree_rank_n5/probe.py	the principal SL(5) component is not numerically locatable (B78)
46	B83_sln_apolynomial	FINDINGS.md:41-42	principal component deferred equals	main=17,all=117	CHANGELOG.md ; PROGRESS_LOG.md ; docs/HINT_LEDGER.md ; docs/OPEN_LEADS.md ; docs/progress/PROGRESS_2026-Q2.md	The full derivation of why the principal component's slope equals the rank is deferred
47	B84_sl5_gauge_barrier	FINDINGS.md:35	seed-averaging pinv-limit gauge-fix numerical	main=2,all=14	f/B738_pathfinder_compiler/kill_graph.json ; papers/VALIDATION_LEDGER.md	No numerical gauge-fix, θ-split, or seed-averaging can recover the SL(5) tower from the pinv-limit.
48	B85_tower_lynchpin	FINDINGS.md:34-35	pinv-limit canonically numerical converge	main=7,all=47	CHANGELOG.md ; docs/progress/PROGRESS_2026-Q2.md ; docs/views/VERDICT_LEDGER.md ; f/B738_pathfinder_compiler/kill_graph.json ; f/B84_sl5_gauge_barrier/probe.py	Numerical routes are DEAD (B84/V67): the ε-series pinv-limit does not converge canonically at the char(M^2)^2 sector
49	B85_tower_lynchpin	FINDINGS.md:51	representation numerical shortcut remains	main=23,all=145	CHANGELOG.md ; PROGRESS_LOG.md ; docs/atlas/FAILURE_ATLAS.md ; docs/progress/PROGRESS_2026-Q2.md ; docs/progress/REVIEWS.md	No numerical or representation shortcut remains
50	B86_unification_synthesis	FINDINGS.md:45	governance promotion outreach dormant	main=11,all=70	CHANGELOG.md ; PROGRESS_LOG.md ; docs/CAMPAIGN_STATUS.md ; docs/OPEN_LEADS.md ; docs/progress/PROGRESS_2026-Q2.md	no promotion to CLAIMS.md without the GOVERNANCE §5 gate; EXPERT_OUTREACH.md dormant
51	B87_m3_genus	FINDINGS.md line 56-58 (2026-07-09 adden	in-session available database ptolemy	main=3,all=16	docs/OPEN_LEADS.md ; f/B738_pathfinder_compiler/kill_graph.json ; CHANGELOG.md	the exact solve needs Magma (or the Ptolemy database), neither available in-session
52	B87_m3_genus	FINDINGS.md line 61-63	a-polynomial remains genuine genus	main=24,all=167	CHANGELOG.md ; PROGRESS_LOG.md ; docs/CAMPAIGN_STATUS.md ; docs/HINT_LEDGER.md ; docs/LAW_MAP.md	The SL(2,ℂ) A-polynomial genus for m ≥ 2 remains a genuine open edge
53	B96_geometry_invariants	FINDINGS.md line 33-34	unavailable standalone requires adjoint	main=7,all=47	CHANGELOG.md ; PROGRESS_LOG.md ; docs/views/VERDICT_LEDGER.md ; f/B738_pathfinder_compiler/kill_graph.json ; f/B770_closure_census/census.json	SnapPy's exact adjoint torsion requires Sage (unavailable standalone)
54	B96_geometry_invariants	FINDINGS.md line 34-35	from-scratch garoufalidis invariant calibrate	main=8,all=50	CHANGELOG.md ; PROGRESS_LOG.md ; docs/progress/PROGRESS_2026-Q2.md ; f/B738_pathfinder_compiler/kill_graph.json ; f/README.md	a from-scratch Dimofte–Garoufalidis 1-loop invariant did not calibrate to the known τ₁=−3, τ₂=−16 here, so it is not reported as a number
55	B98_geometric_jacobian	FINDINGS.md line 14-15	jacobian spectrum	main=162,all=1127	CHANGELOG.md ; CLAIMS.md ; PROGRESS_LOG.md ; REPRODUCIBILITY.md ; docs/LAW_MAP.md ; DEL:docs/REVIEWS.md	We had never computed the Jacobian spectrum there.
56	B105_n5_wall_and_convergence	FINDINGS.md 'Conclusion (honest)' and RE	catalog open	main=202,all=1380	ARCHITECTURE.md ; CHANGELOG.md ; CLAIMS.md ; PROGRESS_LOG.md ; README.md ; DEL:docs/REVIEWS.md	the explicit n≥5 catalog is OPEN
57	B105_n5_wall_and_convergence	probe.py docstring CONVERGENCE section	thesis stage proof sets	main=56,all=350	CHANGELOG.md ; CLAIMS.md ; PROGRESS_LOG.md ; docs/HINT_LEDGER.md ; docs/LAW_MAP.md ; DEL:docs/REVIEWS.md	This stage SETS UP the thesis; it does NOT attempt that proof.
58	B105_n5_wall_and_convergence	FINDINGS.md Correction B	mathematical boundary	main=161,all=1095	ARCHITECTURE.md ; CHANGELOG.md ; GOVERNANCE.md ; PROGRESS_LOG.md ; README.md ; DEL:docs/REVIEWS.md	There is NO mathematical boundary
59	B106_dehn_filling_anatomy	FINDINGS.md intro	degree third class lives	main=103,all=666	CHANGELOG.md ; PROGRESS_LOG.md ; REPRODUCIBILITY.md ; ROADMAP.md ; docs/CAMPAIGN_STATUS.md ; DEL:docs/REVIEWS.md ; DEL:docs/PROGRESS_LOG.md	the third class, never computed, where degree=rank lives
60	B106_dehn_filling_anatomy	FINDINGS.md D3	rank-4 exhaustiveness symbolic spectra	main=6,all=40	docs/OPEN_LEADS.md ; f/B770_closure_census/census.json ; f/B775_phase2_wave1/cells/P2W6-B106/compute.py ; f/B775_phase2_wave1/wave6_results.json ; papers/VALIDATION_LEDGER.md	**Exhaustiveness** over *all* rank-4 spectra needs the symbolic `Fix(T₁²)` (the B71 route at rank 4) — **open**
61	B107_physics_connection_audit	B109 arc)	literature published specific relation	main=47,all=319	CHANGELOG.md ; CLAIMS.md ; PROGRESS_LOG.md ; docs/CAMPAIGN_STATUS.md ; docs/ERROR_LEDGER.md ; DEL:docs/REVIEWS.md ; DEL:docs/PROGRESS_LOG.md	the specific power relation `Mⁿ = L`... was not found stated in the published literature as of this search
62	B109_trace_map_dynamics	LITERATURE_L5.md Task 4	literature published specific relation	main=46,all=312	CHANGELOG.md ; CLAIMS.md ; PROGRESS_LOG.md ; docs/CAMPAIGN_STATUS.md ; docs/ERROR_LEDGER.md ; DEL:docs/REVIEWS.md ; DEL:docs/PROGRESS_LOG.md	the specific power relation `Mⁿ = L`... **was not found stated in the published literature** as of this search
63	B109_trace_map_dynamics	LITERATURE_L5.md Task 4	verify-don t-trust literature specialist	main=37,all=242	CHANGELOG.md ; PROGRESS_LOG.md ; docs/CAMPAIGN_STATUS.md ; docs/HINT_LEDGER.md ; docs/NOVELTY_AUDIT.md ; DEL:docs/REVIEWS.md	Verify-don't-trust caveat: a negative literature search is not a proof of novelty; flagged for a specialist read before any published novelty claim.
64	B110_off_locus_sector	FINDINGS.md 'the answer' section	figure-eight off-locus irreducible forced	main=19,all=122	CHANGELOG.md ; docs/atlas/FAILURE_ATLAS.md ; docs/progress/PROGRESS_2026-Q2.md ; docs/views/CLOSED_DOORS.md ; docs/views/VERDICT_LEDGER.md	there is no figure-eight SL(3) irreducible rep off the forced locus: the off-locus sector is **EMPTY for 4₁ at SL(3)**
65	B110_off_locus_sector	FINDINGS.md honest scope section	off-principal s011 multichannel manifolds	main=5,all=35	docs/progress/PROGRESS_2026-Q2.md ; f/README.md ; papers/VALIDATION_LEDGER.md ; speculations/S011_off_locus_sector.md ; speculations/S025_offprincipal_higher_rank.md	The broader S011 fork — off-principal **multichannel** content at **higher rank** or for **other manifolds** — is **not** settled here and stays **OPEN**
66	B115_higher_generality	FINDINGS.md #5	character-variety figure-eight heusener-mu oz-porti	main=5,all=36	PROGRESS_LOG.md ; f/B102_hitchin_continuation/probe.py ; f/B199_metallic_exponent_law/workflow_result.json ; f/B71_sl3_apoly/probe.py ; papers/VALIDATION_LEDGER.md	there is **no SL(4) figure-eight character-variety classification** (the SL(3) one is Heusener-Muñoz-Porti arXiv:1505.04451; no SL(4) analogue exists in the literature)
67	B115_higher_generality	FINDINGS.md #4	character-variety genus-2 needs	main=24,all=157	CHANGELOG.md ; PROGRESS_LOG.md ; docs/CAMPAIGN_STATUS.md ; docs/OPEN_LEADS.md ; docs/SEAL_LEDGER.md ; DEL:docs/PROGRESS_LOG.md	this needs a **genus-2 SL(n) character-variety construction not in the repo**
68	B117_interleaving	FINDINGS.md 'Path 4' section	gauge-corrupted consistency decisive check	main=8,all=52	CHANGELOG.md ; docs/progress/PROGRESS_2026-Q2.md ; f/B742_negatives_hunt_p1/stageA/journals/run2_wf4ac2653a_journal.jsonl ; f/B742_negatives_hunt_p1/stageA/kill_graph.json ; f/B742_negatives_hunt_p1/stageA/v3_preassembly.json	n=6 is gauge-corrupted, so this is a consistency check, not a decisive test
69	B119_mk_scalar_mechanism	FINDINGS.md 'the brave k=n attempt' sect	dehn-filling finite-order irreducibly principal	main=12,all=81	CHANGELOG.md ; PROGRESS_LOG.md ; docs/LAW_MAP.md ; docs/progress/PROGRESS_2026-Q2.md ; docs/views/VERDICT_LEDGER.md	the principal Dehn-filling rep does **not exist irreducibly** (B95 — at n=5 the forced spectrum {1,1,1,-1,-1} has A^2=I -> dihedral -> reducible; at n>=6 no finite-order spectrum of the forced shape)
70	B120_tower_determination	FINDINGS.md S3+S5 section (correcting a 	counted closed height wrong	main=30,all=185	CHANGELOG.md ; PROGRESS_LOG.md ; docs/CAMPAIGN_STATUS.md ; docs/progress/REVIEWS.md ; docs/views/VERDICT_LEDGER.md ; DEL:docs/PROGRESS_LOG.md	and its 'no closed form' claim is wrong — a closed form does exist, once the h=n height is counted
71	B122_W_symmetric_powers	FINDINGS.md, 'Not a wall-bypass' section	trace-ring functorial found	main=28,all=188	CHANGELOG.md ; PROGRESS_LOG.md ; REPRODUCIBILITY.md ; ROADMAP.md ; docs/OPEN_LEADS.md	No functorial `Sym(W)→trace-ring` map was found
72	B123_arithmeticity_m1	 honest scope', and probe.py docstring	trace-field classifier	main=23,all=153	CHANGELOG.md ; PROGRESS_LOG.md ; docs/OPEN_LEADS.md ; docs/SEAL_LEDGER.md ; docs/progress/PROGRESS_2026-Q2.md	the repo has no trace-field classifier
73	B126_ladder_to_physics	 FINDINGS.md sec 'Floor 1'	trace-field classifier	main=23,all=153	CHANGELOG.md ; PROGRESS_LOG.md ; docs/OPEN_LEADS.md ; docs/SEAL_LEDGER.md ; docs/progress/PROGRESS_2026-Q2.md	the repo has no trace-field classifier
74	B135_lee_yang_m_specific	FINDINGS.md D3	partition-function non-unitary complex-cs identification	main=2,all=14	papers/VALIDATION_LEDGER.md ; speculations/S030_yang_lee_two_categorifications.md	NOT a full RCFT identification (no torus partition-function / character match; the framework's object is the hyperbolic, non-unitary complex-CS quantization, related to M(2,5) via the quantum dimensio
75	B138_s031_principal_lemma	FINDINGS.md:32	evidence sealing	main=68,all=458	CHANGELOG.md ; CLAIMS.md ; GOVERNANCE.md ; PROGRESS_LOG.md ; REPRODUCIBILITY.md ; DEL:docs/REVIEWS.md	SL(4) sealing evidence was **not obtained**.
76	B138_s031_principal_lemma	FINDINGS.md:5	b124 b137 untouched merged	main=6,all=43	CHANGELOG.md ; docs/progress/PROGRESS_2026-Q2.md ; docs/views/VERDICT_LEDGER.md ; f/B137_s031_sealing_m2/FINDINGS.md ; f/B738_pathfinder_compiler/kill_graph.json	the merged B124–B137 untouched
77	B139_firewall_cartography	FINDINGS.md:36	distinguishes invariant chiral bundle	main=25,all=175	CHANGELOG.md ; PROGRESS_LOG.md ; docs/CAMPAIGN_STATUS.md ; docs/OPEN_PROBLEMS.md ; docs/PRACTICES.md	NOT a proof that no invariant distinguishes a chiral bundle from its mirror
78	B139_firewall_cartography	FINDINGS.md:52	b139-g registered leads unrun	main=7,all=49	docs/OPEN_LEADS.md ; docs/progress/PROGRESS_2026-Q2.md ; f/B738_pathfinder_compiler/kill_graph.json ; f/B742_negatives_hunt_p1/stageA/journals/run2_wf4ac2653a_journal.jsonl ; f/B742_negatives_hunt_p1/stageA/kill_graph.json	Registered in `../../docs/OPEN_LEADS.md` (tag **B139-G**); unrun.
79	B140_compute_reconciliation	FINDINGS.md:18	trace-field genus-2 illustration twister	main=5,all=34	f/B742_negatives_hunt_p1/stageA/journals/run2_wf4ac2653a_journal.jsonl ; f/B742_negatives_hunt_p1/stageA/kill_graph.json ; f/B742_negatives_hunt_p1/stageA/v3_preassembly.json ; papers/VALIDATION_LEDGER.md ; docs/views/VERDICT_LEDG	the genus-2 illustration (twister) and the trace-field computation both need modules/Sage absent here
80	B140_compute_reconciliation	FINDINGS.md:71	in-sandbox recorded trace field	main=106,all=709	CHANGELOG.md ; PROGRESS_LOG.md ; REPRODUCIBILITY.md ; TERMINOLOGY.md ; docs/AUDIT_2026-07-05.md ; DEL:docs/PROGRESS_LOG.md	In-sandbox `trace_field_gens` needs Sage; recorded from the prior banks.
81	B141_s031_split	FINDINGS.md:53	phi-fixed elimination rigorous symbolic	main=7,all=48	CHANGELOG.md ; PROGRESS_LOG.md ; f/B142_klein4_and_magic_cartography/probe.py ; f/B738_pathfinder_compiler/kill_graph.json ; f/B770_closure_census/census.json	Rigorous path is symbolic elimination of the phi-fixed system (the same target as the SL(4) elimination route)
82	B142_klein4_and_magic_cartography	FINDINGS.md:20	eigenvalue conjecture strata fixed	main=31,all=200	CHANGELOG.md ; PROGRESS_LOG.md ; docs/CAMPAIGN_STATUS.md ; docs/OPEN_LEADS.md ; docs/progress/PROGRESS_2026-Q2.md	The full SL(3) φ-fixed locus (all eigenvalue strata) stays CONJECTURE
83	B142_klein4_and_magic_cartography	probe.py:187	tool-gated mb10 s033 separate	main=4,all=28	docs/OPEN_LEADS.md ; docs/progress/PROGRESS_2026-Q2.md ; f/B770_closure_census/census.json ; papers/VALIDATION_LEDGER.md	Solving it fully is a separate tool-gated thread (MB10/S033)
84	B143_interaction_feasibility	FINDINGS.md:27	reproducible irreducible source method	main=27,all=186	CHANGELOG.md ; PROGRESS_LOG.md ; README.md ; REPRODUCIBILITY.md ; ROADMAP.md ; DEL:docs/REVIEWS.md ; DEL:docs/PROGRESS_LOG.md	the '588 irreducible reps' count is not reproducible without the source method
85	B143_interaction_feasibility	FINDINGS.md:24	installed regina	main=5,all=36	docs/STRATEGIC_SYNTHESIS.md ; docs/progress/PROGRESS_2026-Q2.md ; docs/views/VERDICT_LEDGER.md ; f/B770_closure_census/census.json ; papers/VALIDATION_LEDGER.md	Regina is not installed.
86	B143_interaction_feasibility	FINDINGS.md:25	two-seed interaction realization question	main=9,all=58	PROGRESS_LOG.md ; docs/OPEN_LEADS.md ; docs/progress/PROGRESS_2026-Q2.md ; docs/views/VERDICT_LEDGER.md ; f/B738_pathfinder_compiler/kill_graph.json	whether the two-seed interaction *has* such a realization is itself a construction question (open)
87	B145_forced_chirality	FINDINGS.md:43	amphichirality conceivable canonicity principle	main=1,all=9	f/B738_pathfinder_compiler/kill_graph.json ; documents/PROGRAM_QUESTION_ANSWER_MAP.md ; documents/program-question-map/inventory/backbone.json	not a theorem that *every* conceivable canonicity principle forces amphichirality
88	B148_kappa_fricke_metallic	FINDINGS.md:19	primary-source no-go confirmation dimensional	main=7,all=45	CHANGELOG.md ; PROGRESS_LOG.md ; docs/SEAL_LEDGER.md ; docs/STRATEGIC_SYNTHESIS.md ; docs/progress/REVIEWS.md	The dimensional argument is strong but is formally *an absence*, not a cited no-go theorem; its decisive primary-source confirmation is the OPEN reading task §4.B.
89	B148_kappa_fricke_metallic	FINDINGS.md:76	mathematics positive firewall cross	main=98,all=648	CHANGELOG.md ; CLAIMS.md ; GOVERNANCE.md ; PROGRESS_LOG.md ; README.md ; DEL:docs/REVIEWS.md ; DEL:docs/PROGRESS_LOG.md	even a positive result is mathematics ... It does not cross the firewall
90	B149_sl4_ideal_completeness	FINDINGS.md:4	numerically-coaxed artifact handoff premise	main=2,all=14	docs/progress/PROGRESS_2026-Q2.md ; papers/VALIDATION_LEDGER.md	the H1 handoff's 'numerically-coaxed artifact' premise does not apply
91	B153_degree_rank_degeneration	FINDINGS.md line 47	slice-piece numerical earlier tangent	main=1,all=7	papers/VALIDATION_LEDGER.md	the earlier 'numerical' slice-piece tangent 14 was wrong (exact value 10)
92	B153_degree_rank_degeneration	FINDINGS.md line 74	non-ss irreducibles simply missed	main=3,all=18	docs/progress/PROGRESS_2026-Q2.md ; papers/VALIDATION_LEDGER.md ; CHANGELOG.md	The old '0/120, no irreducibles' was simply wrong (it missed the non-ss irreducibles).
93	B156_omega_strict_full_cone	FINDINGS.md lines 104-107 (Scope section	strict-full trace-map noncommutative faithfully	main=2,all=14	CHANGELOG.md ; docs/UNIFIED_STATE.md	the two strict-full shears A=S03 and C=S23 commute ... so the map R->A, L->C cannot faithfully represent the noncommutative trace-map monodromy
94	B156_omega_strict_full_cone	FINDINGS.md line 157	semigroup relation refuted appears	main=4,all=28	docs/progress/PROGRESS_2026-Q2.md ; f/B570_allowed_plays/THE_SELECTION_RULES.md ; f/B770_closure_census/census.json ; papers/VALIDATION_LEDGER.md	U/V free semigroup | REFUTED | Relation appears at depth 7.
95	B157_metallic_exponent	FINDINGS.md line ~39	inadmissible irreducible bundle random	main=9,all=64	CHANGELOG.md ; CLAIMS.md ; PROGRESS_LOG.md ; docs/CAMPAIGN_STATUS.md ; docs/OPEN_LEADS.md	o=5,6 admit no irreducible SL(3) bundle reps (random Newton, 300–400 seeds) — inadmissible at SL(3)
96	B157_metallic_exponent	FINDINGS.md CORRECTION 2026-06-23, contr	in-environment macaulay2 installed singular	main=1,all=7	f/B198_metallic_exponent_CAS/FINDINGS.md	"needs a real CAS (Singular/Macaulay2/Sage)" ... Sage is installed in-environment
97	B162_kappa_sweep	FINDINGS.md 'Honest scope' section	ground-truth gorodetski horseshoe hermitian	main=4,all=28	f/B163_kappa_sweep_resolved/FINDINGS.md ; f/B186_hyperbolicity_certification/FINDINGS.md ; f/B186_hyperbolicity_certification/trace_map_hyperbolicity.py ; papers/VALIDATION_LEDGER.md	there is no ground-truth theorem off the real axis (the Damanik–Gorodetski horseshoe covers only the Hermitian kappa>2 regime)
98	B163_kappa_sweep_resolved	FINDINGS.md Result (3a) closing sentence	damanik-gorodetski ground-truth horseshoe hermitian	main=2,all=14	f/B186_hyperbolicity_certification/trace_map_hyperbolicity.py ; papers/VALIDATION_LEDGER.md	there is no ground-truth spectral theorem off the real axis (Damanik-Gorodetski's horseshoe covers only the Hermitian kappa>2 regime)
99	B163_kappa_sweep_resolved	FINDINGS.md 'Verify-don't-trust record (	eps-component-count known-cantor disconnectedness fraction	main=2,all=14	f/B165_kappa_cantor_offaxis/cantor_offaxis.py ; papers/VALIDATION_LEDGER.md	eps-component-count at a fixed fraction of the diameter: the known-Cantor control was FLAT ([4,4,4]) -- the bands merge at that scale, so it does not track disconnectedness
100	B165_kappa_cantor_offaxis	FINDINGS.md 'The conditional theorem' pa	damanik-gorodetski hermitian-kappa non-normal off-axis	main=1,all=7	papers/VALIDATION_LEDGER.md	no off-axis ground truth, and the transfer matrices are non-normal (spectral abscissa != top eigenvalue), so the Hermitian-kappa>2 methods (Damanik-Gorodetski) do not carry
101	B165_kappa_cantor_offaxis	FINDINGS.md 'two diagnostics that FAILED	eps-component-count known-cantor disconnectedness fraction	main=1,all=7	papers/VALIDATION_LEDGER.md	eps-component-count at a fixed fraction of the diameter: the known-Cantor control was FLAT ([4,4,4]) -- the bands merge at that scale, so it does not track disconnectedness
102	B167_conserved_no_scale_lemma	FINDINGS.md 'The door-map' table, row 3	hand-input spontaneous parameter breaking	main=1,all=7	docs/STRATEGIC_SYNTHESIS.md	no such parameter is present" (VEV/spontaneous breaking, door 3: 'blocked / hand-input -- no such parameter is present')
103	B171_heterogeneous_quasicrystal	 honesty' section	rank-3 combination refute phase	main=20,all=122	CHANGELOG.md ; PROGRESS_LOG.md ; docs/HINT_LEDGER.md ; docs/LAW_MAP.md ; docs/OPEN_LEADS.md	This is NOT ... establish[ing] a rank-3 combination gap (that is Phase 1) and does NOT refute one (the 0.611 gap is real)
104	B193_sealing_field_scouts		needs-specialist non-metallic b193 deliberately	main=5,all=37	CHANGELOG.md ; docs/views/VERDICT_LEDGER.md ; f/B666_leads_campaign/cellT/TRIAGE_TABLE.md ; f/B738_pathfinder_compiler/kill_graph.json ; f/B770_closure_census/census.json	"L5/L6 -- non-metallic SL(3) sealing: SCOPED NEEDS-SPECIALIST" ... "deliberately not rushed here" (frontier/B193_sealing_field_scouts/FINDINGS.md:31-36)
105	B196_entropy_conformal_dimension		needs-specialist time-monodromy s-channel b196	main=2,all=14	CHANGELOG.md ; papers/VALIDATION_LEDGER.md	"The precise PVI channel placement (is this the time-monodromy weight or the fiber s-channel in the OPT->(0,4) dictionary?) is the one open detail -- NEEDS-SPECIALIST" (frontier/B196_entropy_conformal
106	B197_figure_eight_volume_torsionfree		once-punctured-torus torsion-free same-volume m003	main=3,all=9	CHANGELOG.md ; PROGRESS_LOG.md ; docs/views/VERDICT_LEDGER.md	"the m003 same-volume manifold exists; the tie is broken only by the (motivated) torsion-free condition" -- i.e. among ALL once-punctured-torus bundles no independent overdetermination exists (frontie
107	B197_figure_eight_volume_torsionfree		b197 unavailable torsionfree selection	main=2,all=14	f/B738_pathfinder_compiler/kill_graph.json ; papers/VALIDATION_LEDGER.md	"[SnapPy unavailable -- C1/C3/C4 skipped; recorded: b++LR=4_1 vol 2.0298832128 ...]" (frontier/B197_figure_eight_volume_torsionfree/volume_selection.py:109-111)
108	B198_metallic_exponent_CAS		zeta5 b198 decomposition symbolic	main=10,all=70	CHANGELOG.md ; docs/views/VERDICT_LEDGER.md ; f/B199_metallic_exponent_law/workflow_result.json ; f/B738_pathfinder_compiler/kill_graph.json ; f/B742_negatives_hunt_p1/stageA/journals/run2_wf4ac2653a_journal.jsonl	"The exact symbolic proof over Q(zeta5) (primary decomposition, 25 vars) is not done -- see the residual. This is not [proved]." (frontier/B198_metallic_exponent_CAS/FINDINGS.md:44-45)
109	B198_metallic_exponent_CAS		b157 b198 mathematical obstruction	main=7,all=47	CHANGELOG.md ; docs/OPEN_LEADS.md ; docs/views/VERDICT_LEDGER.md ; f/B738_pathfinder_compiler/kill_graph.json ; f/B770_closure_census/census.json	"'Newton fails at SL(4)/SL(5).' -- ... The mark was written without checking" describing the original B157 wall as a tooling artifact rather than a genuine mathematical obstruction (frontier/B198_meta
110	B199_metallic_exponent_law		b199 completed frontier metallic	main=13,all=88	CHANGELOG.md ; docs/OPEN_LEADS.md ; docs/progress/REVIEWS.md ; f/B738_pathfinder_compiler/kill_graph.json ; f/B770_closure_census/census.json	"No route completed an exact proof" (frontier/B199_metallic_exponent_law/FINDINGS.md:71)
111	B199_metallic_exponent_law		zeta5 b199 degrevlex variables	main=3,all=21	CHANGELOG.md ; f/B770_closure_census/census.json ; papers/VALIDATION_LEDGER.md	"the first degrevlex Groebner basis at 25 variables ... does not terminate within 600s, over Q(zeta5) or F_p" (frontier/B199_metallic_exponent_law/FINDINGS.md:76-78)
112	B199_metallic_exponent_law		b199 frontier metallic exponent	main=20,all=142	CHANGELOG.md ; docs/LEAD_REGISTER.md ; docs/OPEN_LEADS.md ; docs/progress/REVIEWS.md ; docs/views/VERDICT_LEDGER.md	"F_p Newton has an empty basin (0 hits in 1500-4000 seeds) -> no exact F_p point could be produced" (frontier/B199_metallic_exponent_law/FINDINGS.md:83-84)
113	B201_silver_sl3_charvar		per-component figure-eight verify-don a-variety	main=5,all=35	CHANGELOG.md ; docs/OPEN_LEADS.md ; f/B199_metallic_exponent_law/workflow_result.json ; f/B738_pathfinder_compiler/kill_graph.json ; papers/VALIDATION_LEDGER.md	"Part 2 (DEFERRED, not banked): the per-component peripheral A-variety relations ... are not extracted here -- my quick peripheral pipeline failed its figure-eight M^3=L validation gate, so per verify
114	B201_silver_sl3_charvar		b201 parametrizations parameter recorded	main=3,all=21	CHANGELOG.md ; docs/OPEN_LEADS.md ; papers/VALIDATION_LEDGER.md	"The correct next step (recorded, not run here): derive explicit 2-parameter parametrizations ..." (frontier/B201_silver_sl3_charvar/FINDINGS.md:46-47)
115	B204_metallic_wrt_period		re-implementation b204 normalization unresolved	main=8,all=41	f/B771_phase1_wave1/wave1_results.json ; f/B775_phase2_wave1/wave5_results.json ; papers/VALIDATION_LEDGER.md ; CHANGELOG.md ; PROGRESS_LOG.md	"a direct numerical re-implementation of the evaluated (4.8) did NOT reproduce |Z_k| ... an unresolved convention/normalization bug" (frontier/B204_metallic_wrt_period/NOVELTY.md:88-91)
116	B204_metallic_wrt_period		highest-probability prior-art b204 retrieved	main=1,all=7	papers/VALIDATION_LEDGER.md	"Two prior-art clusters were NOT retrieved and are the highest-probability hiding places" (frontier/B204_metallic_wrt_period/NOVELTY.md:61-63)
117	B205_metallic_quantum_trace_map		already-known b205 suspected metallic	main=4,all=28	CHANGELOG.md ; docs/OPEN_LEADS.md ; f/B770_closure_census/census.json ; papers/VALIDATION_LEDGER.md	"A ... 'quantum metallic mean' ... is NOT established here and is suspected already-known (MGO)" (frontier/B205_metallic_quantum_trace_map/FINDINGS.md:35-37)
118	B206_golden_spin_cover_e8		metallic-monodromy conductor-5 prior-art b206	main=1,all=7	docs/OPEN_LEADS.md	"Novelty UNCHECKED: the golden<->E8 link is even known in physics (Coldea et al. 2010 ...) ... whether this specific metallic-monodromy -> conductor-5 -> 2I framing is recorded needs a prior-art pass 
119	B232_rho_n_plethysm	B232 FINDINGS.md, header line	reduction outcome honest proof	main=69,all=444	CHANGELOG.md ; PROGRESS_LOG.md ; docs/CAMPAIGN_STATUS.md ; docs/HINT_LEDGER.md ; docs/LAW_MAP.md ; DEL:docs/REVIEWS.md ; DEL:docs/PROGRESS_LOG.md	This is an honest reduction (outcome (b) of the plan), not a proof.
120	B232_rho_n_plethysm	B232 FINDINGS.md, 'Update — the in-sandb	needs-specialist stabilization terminal procesi	main=11,all=75	CHANGELOG.md ; PROGRESS_LOG.md ; docs/OPEN_LEADS.md ; f/B738_pathfinder_compiler/kill_graph.json ; f/B742_negatives_hunt_p1/stageA/journals/run2_wf4ac2653a_journal.jsonl	the stabilization lemma is now terminal NEEDS-SPECIALIST (the Procesi construction)
121	B232_rho_n_plethysm	B232 FINDINGS.md, 'Verdict' section	remaining residual lemma input	main=42,all=269	CHANGELOG.md ; PROGRESS_LOG.md ; docs/CAMPAIGN_STATUS.md ; docs/HINT_LEDGER.md ; docs/LAW_MAP.md ; DEL:docs/PROGRESS_LOG.md	the residual open lemma... is the lone remaining input
122	B233_synthesis_split_and_five	B233 FINDINGS.md, H13 'Honest status' pa	extrapolation points axis data	main=11,all=77	CLAIMS.md ; PROGRESS_LOG.md ; docs/THEOREM_REGISTRY.md ; docs/progress/PROGRESS_2026-Q2.md ; f/B470_reflection_campaign/FINDINGS.md	"every axis" is an extrapolation from 3 data points, not a theorem.
123	B236_coset_coincidence_pathA	B236 FINDINGS.md, 'Result' section, 4th 	chat1 proposition observation organizing	main=8,all=43	PROGRESS_LOG.md ; docs/HINT_LEDGER.md ; docs/NOVELTY_AUDIT.md ; papers/metallic_one_object/PAPER_PLAN.md ; CHANGELOG.md	The mechanism as a proposition ... is, to chat1's search, not stated — so it stands as a modest original organizing observation (not a deep theorem).
124	B240_golden_jones_integrality	B240 FINDINGS.md, 'Honest caveat' sectio	observation unverified normalized invariant	main=19,all=109	CHANGELOG.md ; PROGRESS_LOG.md ; docs/OPEN_LEADS.md ; docs/progress/PROGRESS_2026-Q2.md ; docs/progress/REVIEWS.md	The observation Z = −2 = −χ(Slavich 4-manifold) is unverified: the raw sum Z is not the normalized WRT invariant, and χ appears in many formulas. HELD; not claimed.
125	B240_golden_jones_integrality	B240 FINDINGS.md, 'Verdict' paragraph	reported ceiling dropped exceed	main=9,all=57	CHANGELOG.md ; PROGRESS_LOG.md ; docs/LAW_MAP.md ; docs/SEAL_LEDGER.md ; docs/progress/REVIEWS.md	8_3 (braid index 7) and 10_3 (9) exceed the dense N=4 matrix ceiling and were not tested (reported, not dropped).
126	B252_chirality_obstruction	B252 FINDINGS.md, 'The break it test' se	complex-conjugation-odd obstruction intrinsic invariant	main=5,all=36	f/B738_pathfinder_compiler/kill_graph.json ; f/B742_negatives_hunt_p1/stageA/batch_dead_04.json ; f/B742_negatives_hunt_p1/stageA/journals/run2_wf4ac2653a_journal.jsonl ; f/B742_negatives_hunt_p1/stageA/kill_graph.json ; f/B742_ne	Nothing breaks 27↔27̄. The obstruction holds: the object has no intrinsic complex-conjugation-odd invariant.
127	B253_chirality_capability	chirality_capability.py:118 (Part B reas	vector-like dynamical chiral	main=34,all=209	CHANGELOG.md ; PROGRESS_LOG.md ; docs/CAMPAIGN_STATUS.md ; docs/HINT_LEDGER.md ; docs/LAW_MAP.md ; DEL:docs/REVIEWS.md	there is no dynamical 27 to be chiral or vector-like
128	B259_gravity_brick_wall_map	FINDINGS.md:41	class-s uncomputed framework object	main=17,all=115	CHANGELOG.md ; PROGRESS_LOG.md ; ROADMAP.md ; docs/CAMPAIGN_STATUS.md ; docs/HINT_LEDGER.md	the class-S 4d lift exists as a framework but is uncomputed for this object.
129	B262_t41_theory	FINDINGS.md:9 (also t41_theory.py:724-72	authority asserted through abelian	main=14,all=98	PROGRESS_LOG.md ; docs/CAMPAIGN_STATUS.md ; docs/SEAL_LEDGER.md ; docs/THEOREM_LEDGER.md ; docs/progress/PROGRESS_2026-Q2.md ; DEL:docs/REVIEWS.md	Through the whole arc we *asserted* "`T[4₁]` is abelian, U(1) + chirals" on DGG's authority. We never computed it.
130	B263_t41_cs_levels	B263.txt)	b263 hygiene	main=1,all=7	PROGRESS_LOG.md	B263 has no FINDINGS (hygiene)
131	B264_e6_character_variety	NOVELTY.md:88 (re: B266, filed under B26	arithmetic reference selection combining	main=9,all=57	docs/progress/PROGRESS_2026-Q2.md ; f/B571_day0_internalization/BURIED_ITEMS.json ; f/B571_day0_internalization/REPORT.md ; f/B962_vev_scout/PRIOR_ART_VEV.md ; papers/P1_value_theory/PAPER.md	Not found in any reference: the *arithmetic selection rule* combining them
132	B265_e6_integrability	FINDINGS.md:~67 (Correction section)	bracket-coupled obstruction product	main=9,all=63	docs/HINT_LEDGER.md ; f/B272_verification_and_gaps/FINDINGS.md ; f/B272_verification_and_gaps/verification_and_gaps.py ; f/B273_e6_obstruction/FINDINGS.md ; f/B273_e6_obstruction/e6_obstruction.py	for `{4,8}` the obstruction is the `e₆`-bracket-coupled cup product `H¹×H¹→H²(e₆)`, which is **not computed**.
133	B268_e6_bridge_consolidation	wall_map_v2.py:76 (SKIPPED dict, wall3_c	b252 b259 amphicheiral chirality	main=9,all=60	PROGRESS_LOG.md ; docs/HINT_LEDGER.md ; docs/views/VERDICT_LEDGER.md ; f/B259_gravity_brick_wall_map/FINDINGS.md ; f/B259_gravity_brick_wall_map/gravity_brick.py	SSB of the amphicheiral `τ` as a chirality source | B252/B259 | never computed.
134	B270_integrability_cup_product	FINDINGS.md (Honest scope) — same senten	bracket-coupled obstruction product	main=10,all=70	docs/HINT_LEDGER.md ; f/B265_e6_integrability/FINDINGS.md ; f/B272_verification_and_gaps/FINDINGS.md ; f/B272_verification_and_gaps/verification_and_gaps.py ; f/B273_e6_obstruction/FINDINGS.md	for `{4,8}` the obstruction is the `e₆`-bracket-coupled cup product `H¹×H¹→H²(e₆)`, which is **not computed**
135	B272_verification_and_gaps	verification_and_gaps.py:1046-1049 (GAPS	hypercharge unaddressed breaking disposal	main=1,all=7	f/B278_consolidation_v3/wall_map_v3.py	SM matter content / E6->SM breaking... Disposal of exotics, hypercharge, the breaking chain: unaddressed and absent from the map.
136	B281_crux_scoping		in-sandbox tool-gated recommendation constructively	main=4,all=24	docs/progress/PROGRESS_2026-Q2.md ; f/B770_closure_census/census.json ; papers/VALIDATION_LEDGER.md ; PROGRESS_LOG.md	FINDINGS.md 'Recommendation': 'Do not spend in-sandbox cycles attempting T[4_1; E6] (tool-gated, not constructively known).'
137	B289_cp_sign_law		b855 m136 m135 m003	main=12,all=83	CHANGELOG.md ; PROGRESS_LOG.md ; docs/OPEN_LEADS.md ; docs/views/VERDICT_LEDGER.md ; f/B855_wrong_null_audit/FINDINGS.md	B855 log entry: the m136/m135/m003 extensions of the CS sign law are explicitly flagged 'NOT verified in this arc (queued for independent recomputation)' — an absence claim about downstream extensions
138	B296_seam_arc_verification	NOVELTY.md line 18-19	conservatively literature flagged pending	main=1,all=7	docs/dossiers/S6_theorem_inventory_cc2.md	the audit found no direct prior art this pass, so they are flagged conservatively (a fuller literature round is pending)
139	B296_seam_arc_verification	NOVELTY.md line 28-29	connections locate audit prior	main=14,all=98	CHANGELOG.md ; PROGRESS_LOG.md ; docs/CAMPAIGN_STATUS.md ; docs/HINT_LEDGER.md ; docs/STRATEGIC_SYNTHESIS.md	the audit ... could not locate direct prior art for the three novel connections (3, 4b, 5)
140	B298_generation_obstruction	FINDINGS.md lines 19-22	multiplicity everywhere appears number	main=26,all=174	CHANGELOG.md ; PROGRESS_LOG.md ; REPRODUCIBILITY.md ; TERMINOLOGY.md ; docs/CAMPAIGN_STATUS.md	the number 3 appears everywhere as a value ... but never as a matter multiplicity
141	B298_generation_obstruction	 verdict.py print statement	figure-eight generations force	main=94,all=652	CHANGELOG.md ; PROGRESS_LOG.md ; ROADMAP.md ; docs/CAMPAIGN_STATUS.md ; docs/CLOSURE_2026-07-11.md ; DEL:docs/REVIEWS.md	the figure-eight does NOT force three generations
142	B299_trinification_triality	FINDINGS.md lines 20-21	phi-eigenvalue per-weight weights freely	main=2,all=15	f/B738_pathfinder_compiler/kill_graph.json ; f/B742_negatives_hunt_p1/stageA/batch_dead_05.json ; docs/REVIVABLE.md	phi acts freely (no fixed weights), so there is NO per-weight phi-eigenvalue to grade the 27
143	B300_cross_chat_sm_attempt	FINDINGS.md line 45 (bolded)	forcing found	main=191,all=1203	CHANGELOG.md ; PROGRESS_LOG.md ; ROADMAP.md ; TERMINOLOGY.md ; docs/BANKING_PROTOCOL.md ; DEL:docs/REVIEWS.md	No new forcing was found.
144	B302_multiplicity_hidden_z3	multiplicity_hidden_z3.py lines 9-10; FI	torsion-free order-3 m004 object	main=23,all=148	CHANGELOG.md ; PROGRESS_LOG.md ; docs/HINT_LEDGER.md ; docs/OPEN_LEADS.md ; docs/progress/PROGRESS_2026-Q2.md	the OBJECT has no order-3: Sym(m004) = D4 (order 8), and the knot group is TORSION-FREE
145	B307_totally_real_obstruction	FINDINGS.md line 16 (the theorem)	cyclic-cubic hyperbolic trace field	main=21,all=150	CLAIMS.md ; PROGRESS_LOG.md ; docs/HINT_LEDGER.md ; docs/views/VERDICT_LEDGER.md ; f/B719_scale_multiplicity/b719_control.py	No hyperbolic knot can have a cyclic-cubic (C₃) trace field.
146	B307_totally_real_obstruction	FINDINGS.md line 22 (census)	cyclic zero	main=278,all=1915	CHANGELOG.md ; CLAIMS.md ; PROGRESS_LOG.md ; ROADMAP.md ; docs/CAMPAIGN_STATUS.md ; DEL:docs/REVIEWS.md ; DEL:docs/PROGRESS_LOG.md	zero are cyclic (C₃)
147	B308_yukawa_last_redoubt	FINDINGS.md line 39	dimensionless hierarchy firewall deepest	main=18,all=125	CHANGELOG.md ; PROGRESS_LOG.md ; ROADMAP.md ; docs/CAMPAIGN_STATUS.md ; docs/HINT_LEDGER.md	the deepest dimensionless content — the flavor hierarchy — is the firewall's last redoubt
148	B310_cascade_realization_exhausted	cascade_realization_exhausted.py line 31	object-specific beyond omega	main=29,all=171	CHANGELOG.md ; PROGRESS_LOG.md ; docs/LAW_MAP.md ; docs/views/VERDICT_LEDGER.md ; f/B272_verification_and_gaps/verification_and_gaps.py	no new object-specific content beyond the banked omega
149	B313_fibonacci_bridge_and_no_forced_choice	FINDINGS.md line 40	figure-eight forced strict false	main=87,all=568	CHANGELOG.md ; CLAIMS.md ; GOVERNANCE.md ; PROGRESS_LOG.md ; docs/CAMPAIGN_STATUS.md ; DEL:docs/PROGRESS_LOG.md	'the figure-eight is forced' is FALSE in the strict sense
150	B313_fibonacci_bridge_and_no_forced_choice	fibonacci_bridge_and_no_forced_choice.py	parametrizes single moduli choose	main=14,all=98	CHANGELOG.md ; docs/progress/PROGRESS_2026-Q2.md ; f/B130_no_forced_choice/FINDINGS.md ; f/B130_no_forced_choice/probe.py ; f/B131_two_seed_fork/FINDINGS.md	a SINGLE seed is a moduli space ... it parametrizes, it does not choose
151	B315_e7_exclusion_vs_heterotic	FINDINGS.md line 25	congruence quotient	main=152,all=1048	CHANGELOG.md ; CLAIMS.md ; PROGRESS_LOG.md ; docs/CAMPAIGN_STATUS.md ; docs/CROSS_SESSION_2026-06-11_disposition.md ; DEL:docs/REVIEWS.md ; DEL:docs/PROGRESS_LOG.md ; DEL:tests/test_b731_noncongruence.py	48 ≠ p(p²−1), no congruence quotient 2O ↔ SL(2,q)
152	B315_e7_exclusion_vs_heterotic	FINDINGS.md lines 26-27	figure-eight appears silver bundle	main=57,all=392	CHANGELOG.md ; CLAIMS.md ; PROGRESS_LOG.md ; TERMINOLOGY.md ; docs/CAMPAIGN_STATUS.md ; DEL:docs/REVIEWS.md	disc 8 needs even trace... it appears only at the silver bundle m=2, not the figure-eight
153	B316_sqrt7_chirality_field	FINDINGS.md lines 4-6 (quoting the earli	figure-eight metallic appear covers	main=51,all=331	CHANGELOG.md ; CLAIMS.md ; PROGRESS_LOG.md ; docs/CLOSURE_2026-07-05.md ; docs/HINT_LEDGER.md ; DEL:docs/REVIEWS.md	ℚ(√−7) does not appear in the figure-eight's covers (≤deg 6, all keep ℚ(√−3)) or the metallic ladder
154	B754_p2_spectral	output.txt line 115: 'the census does no	census record	main=425,all=2647	AUDIT_REPORT.md ; CHANGELOG.md ; CLAIMS.md ; PROGRESS_LOG.md ; PROVENANCE.md ; DEL:docs/REVIEWS.md ; DEL:docs/PROGRESS_LOG.md	the census does not exist in the banked record.
155	B754_p2_spectral	output.txt:74	comparator evaluated appears frozen	main=4,all=25	PROGRESS_LOG.md ; f/B653_phase_c_probe/COMPARISON_DESIGN_C2.md ; CHANGELOG.md ; docs/views/VERDICT_LEDGER.md ; docs/RELAY_LEDGER.md	token 'RRL|RLL' appears NOWHERE in the four frozen arcs (0 hits) -- no arc ever evaluated the weld at any comparator word
156	B754_p2_spectral	output.txt:75	appears touched frozen finite	main=33,all=240	CHANGELOG.md ; CLAIMS.md ; PROGRESS_LOG.md ; docs/CAMPAIGN_STATUS.md ; docs/HINT_LEDGER.md ; DEL:docs/REVIEWS.md	token '2880' appears NOWHERE in the four frozen arcs (0 hits) -- no arc ever touched the finite 2880 image at all
157	B754_p2_spectral	output.txt:114-117 (FALSIFIER paragraph,	mathematics connecting hyperbolic manifolds	main=18,all=106	CHANGELOG.md ; PROGRESS_LOG.md ; docs/progress/PROGRESS_2026-Q2.md ; docs/views/VERDICT_LEDGER.md ; f/B659_novelty_dossier/SWEEP_RESULTS.md	No such theorem connecting Pisot numbers of coupling matrices to spectral data of hyperbolic 3-manifolds exists in the banked surface or in known mathematics.
158	B754_p2_spectral	output.txt:94-96	n-indexed emittance laplacian spectrum	main=1,all=6	PROGRESS_LOG.md	R_cont(n) for n=2..6 : [no n-indexed object exists on the frozen surface -- the banked emittance face is the SL(2) Laplacian only; the SL(n) tower has no banked emittance spectrum]
159	B754_p2_spectral	output.txt:85-86 and skeptic.txt:65-68 (	continuous parameter connects channel	main=11,all=76	PROGRESS_LOG.md ; docs/CAMPAIGN_STATUS.md ; docs/HINT_LEDGER.md ; docs/LAW_MAP.md ; docs/OPEN_LEADS.md	no banked bridge connects the CS level k to it (i.e., no bridge from the CS level k to a parameter moving the continuous channel exists in the frozen surface)
160	B755_carried_recomputes	FINDINGS.md:11	missing twister module time	main=15,all=105	PROGRESS_LOG.md ; docs/HINT_LEDGER.md ; docs/OPEN_LEADS.md ; docs/progress/PROGRESS_2026-Q2.md ; docs/views/VERDICT_LEDGER.md ; DEL:docs/PROGRESS_LOG.md	The missing module at bank time (twister) is present in the current env.
161	B755_carried_recomputes	PREREGISTRATION.md:17	in-repo chat-1 preregistered condition	main=11,all=76	CHANGELOG.md ; PROGRESS_LOG.md ; docs/CAMPAIGN_STATUS.md ; docs/progress/REVIEWS.md ; docs/views/VERDICT_LEDGER.md ; DEL:docs/REVIEWS.md	the sweep's condition: the chat-1 set is not in-repo, so the set must be preregistered
162	B755_carried_recomputes	FINDINGS.md:34-36	re-read inconsistency extraction internal	main=5,all=35	CHANGELOG.md ; PROGRESS_LOG.md ; docs/progress/REVIEWS.md ; f/B738_pathfinder_compiler/FACT_COMPUTED_SWEEP.md ; f/B772_negatives_adequacy/audit_results.json	The source (arXiv:2412.04241...) was re-read directly; the re-read RESOLVED the banked extraction's internal inconsistency
163	B755_carried_recomputes	FINDINGS.md:70-71	resonances tombstone citation archive	main=10,all=70	CHANGELOG.md ; PROGRESS_LOG.md ; docs/OPEN_LEADS.md ; docs/progress/PROGRESS_2026-Q2.md ; f/B738_pathfinder_compiler/FACT_COMPUTED_SWEEP.md	The tombstone's kill citation was BROKEN (archive/PHYSICS_RESONANCES.md has no Fisher content)
164	B756_remaining_doors	FINDINGS.md:25-26	level-15 mod-5 generating synthesis	main=10,all=60	CHANGELOG.md ; PROGRESS_LOG.md ; docs/LAW_MAP.md ; docs/OPEN_LEADS.md ; docs/views/VERDICT_LEDGER.md	cc2's Register framing was wrong (owned in their synthesis: the generating function is mod-5, not level-15 — Register erratum theirs)
165	B756_remaining_doors	PREREG_REMAINING_DOORS.md:8 (describing 	grep-verified b739 b754 absent	main=5,all=32	CHANGELOG.md ; PROGRESS_LOG.md ; f/B754_p2_spectral/cells/TOMB-L57/compute.py ; f/B770_closure_census/census.json ; f/B1068_descent_inventory/w2_full_results.json	grep-verified absent from B739–B754
166	B763_branch_reconciliation	FINDINGS.md:43	gate-arrivals conclusions structural invisible	main=1,all=7	PROGRESS_LOG.md	the priors were ON MAIN. The exposure was real but structural: this seat reads main + gate-arrivals only, so an unmerged branch carrying unbanked conclusions WOULD have been invisible
167	B765_p3_depth	results.json (B489 entry)	stabilization universal induction checked	main=14,all=91	CHANGELOG.md ; PROGRESS_LOG.md ; docs/OPEN_LEADS.md ; docs/SEAL_LEDGER.md ; f/B742_negatives_hunt_p1/stageA/bprime_annotations.json	n=1..8 checked; claim universal; no induction/stabilization proof
168	B765_p3_depth	results.json (B500 entry)	depth-uniform obstruction unswept depth	main=9,all=47	CC3_TO_CC_2026-07-22_p3_complete.md ; f/B742_negatives_hunt_p1/stageA/bprime_annotations.json ; f/P3_depth_exposure/compute.py ; f/P3_depth_exposure/output.txt ; f/P3_depth_exposure/results.json	depth>=6 unswept; no depth-uniform obstruction proved
169	B765_p3_depth	FINDINGS.md:97-98	finite-extension mathematics induction framework	main=1,all=7	f/P3_depth_exposure/FINDINGS.md	None requires new mathematics — all are finite-extension or induction proofs within the existing framework. But none has been executed.
170	B768_correspondence_crosstest	FINDINGS.md line 33	literature citations package zero	main=27,all=173	CHANGELOG.md ; PROGRESS_LOG.md ; docs/CAMPAIGN_STATUS.md ; docs/NOVELTY_AUDIT.md ; docs/OPEN_LEADS.md ; DEL:docs/REVIEWS.md	Zero literature citations in the package
171	B768_correspondence_crosstest	FINDINGS.md lines 37-38	unverifiable enumeration uniqueness assignment	main=4,all=21	f/B742_negatives_hunt_p1/stageA/journals/run2_wf4ac2653a_journal.jsonl ; f/B775_phase2_wave1/wave1_results.json ; docs/views/VERDICT_LEDGER.md ; CHANGELOG.md ; PROGRESS_LOG.md	The uniqueness claim is UNVERIFIABLE AS DELIVERED: the 8-primitive / 18-assignment enumeration is not in the package.
172	B768_correspondence_crosstest	FINDINGS.md line 83	enumeration undelivered assignment blocked	main=2,all=15	f/B770_closure_census/census.json ; f/B775_phase2_wave1/wave1_results.json ; outside_bench/THE_OWNER_REGISTER.md	The null (rule 2): STILL BLOCKED — the 18-assignment enumeration remains undelivered
173	B771_phase1_wave1	FINDINGS_WAVE2.md:26 (W2-149 row)	negative-control artifacts failures actually	main=6,all=27	papers/VALIDATION_LEDGER.md ; CHANGELOG.md ; PROGRESS_LOG.md ; docs/CAMPAIGN_STATUS.md ; docs/progress/REVIEWS.md	the claimed "12 genuine FAILUREs" negative-control run exists nowhere in the artifacts. Carry: actually run the control.
174	B771_phase1_wave1	FINDINGS_WAVE2.md:24 (W2-270 row)	resolved-a unresolved reported verdict	main=27,all=186	CHANGELOG.md ; PROGRESS_LOG.md ; docs/progress/REVIEWS.md ; f/B773_chord_recompute/cells/W4-304c/compute.py ; f/B773_chord_recompute/chord_results.json ; DEL:docs/PROGRESS_LOG.md ; DEL:f/B775_phase2_wave1/cells/_verify_Z1/compute.	compute.py's verdict branch can only emit RESOLVED-A/B — "UNRESOLVED" appears nowhere — and the run never reached depths 9–11. The reported UNRESOLVED was the agent's prose, not the script's output.
175	B771_phase1_wave1	FINDINGS_WAVE3.md:24 (W3-270r row)	wave-2 truncated reached output	main=6,all=34	CHANGELOG.md ; PROGRESS_LOG.md ; docs/OPEN_LEADS.md ; docs/progress/REVIEWS.md ; docs/RELAY_LEDGER.md	output truncated at depth 9 again; never reached 10–11; no results.json — the SAME Wave-2 defect.
176	B771_phase1_wave1	FINDINGS_WAVE3.md:26 (W3-150r row)	resolved-a verdict script output	main=14,all=90	CHANGELOG.md ; PROGRESS_LOG.md ; docs/LAW_MAP.md ; docs/SEAL_LEDGER.md ; docs/progress/REVIEWS.md ; DEL:docs/REVIEWS.md ; DEL:docs/PROGRESS_LOG.md	compute.py has no VERDICT logic — RESOLVED-A is agent prose, not script output.
177	B771_phase1_wave1	FINDINGS_WAVE3.md:28 (W3-078 row)	self-fulfilling resolved-b verdict branch	main=1,all=7	PROGRESS_LOG.md	the verdict branch can't emit RESOLVED-B (self-fulfilling).
178	B771_phase1_wave1	FINDINGS_WAVE3.md:29 (W3-084 row)	k-theory actually decisive collar	main=2,all=14	CHANGELOG.md ; PROGRESS_LOG.md	it never gates on whether the 1-collar actually FORCES the border (the decisive K-theory check).
179	B771_phase1_wave1	FINDINGS_WAVE4.md:20 (W4-115 row)	cover-torsion isolated relates charge	main=5,all=36	CHANGELOG.md ; PROGRESS_LOG.md ; f/B774_chord_pass/stageA_scan.json ; f/B778_cleanup/FINDINGS.md ; f/B778_cleanup/cells/CL-W4115/compute.py	no law relates cover-torsion to charge tower e_n at trace level (n=5 hit isolated).
180	B771_phase1_wave1	FINDINGS_WAVE4.md:28 (W4-139 row)	birational asserted genus lower	main=5,all=35	CHANGELOG.md ; docs/views/VERDICT_LEDGER.md ; f/B738_pathfinder_compiler/kill_graph.json ; f/B778_cleanup/cells/CL-W5139/compute.py ; papers/VALIDATION_LEDGER.md	the "genus ≥ 1" lower bound is asserted in prose, never computed (needs the birational Fxz→G step).
181	B771_phase1_wave1	output.txt:7	oi-031 unresolved question remains	main=4,all=29	PROGRESS_LOG.md ; f/B770_closure_census/CENSUS.md ; f/B770_closure_census/census.json ; f/B771_phase1_wave1/wave1_results.json ; docs/LAW_MAP.md	e3's exact closed form remains UNRESOLVED -- that is OI-031's question, not this cell's; this cell's verdict does not depend on it.
182	B772_negatives_adequacy	FINDINGS.md:15-16	chord-level negative corpus analog	main=6,all=43	CHANGELOG.md ; PROGRESS_LOG.md ; docs/ERROR_LEDGER.md ; docs/SEAL_LEDGER.md ; f/B774_chord_pass/stageA_scan.json	No negative in the corpus has ever computed a chord-level analog of its own target and found THAT also empty.
183	B773_chord_recompute	FINDINGS.md:49-51 (W3-067c entry)	certification docstring covers trace	main=14,all=95	CHANGELOG.md ; PROGRESS_LOG.md ; docs/progress/PROGRESS_2026-Q2.md ; docs/progress/REVIEWS.md ; docs/views/VERDICT_LEDGER.md	the certification covers only tr(a), not the full trace field ⟨tr a, tr b, tr ab⟩ the cell's own docstring names
184	B773_chord_recompute	audit_results.json:89 (W3-067 rationale,	trace-field cross-check certification groebner	main=7,all=45	docs/views/VERDICT_LEDGER.md ; f/B199_metallic_exponent_law/workflow_result.json ; f/B738_pathfinder_compiler/kill_graph.json ; f/B770_closure_census/census.json ; f/B771_phase1_wave1/wave3_results.json	No exact Sage/Groebner trace-field certification was run as a cross-check.
185	B775_phase2_wave1	FINDINGS_WAVE3.md:15 (P2W3-H4)	object-native figure-eight arithmeticity uniquely	main=12,all=68	CHANGELOG.md ; PROGRESS_LOG.md ; docs/views/VERDICT_LEDGER.md ; f/B738_pathfinder_compiler/kill_graph.json ; f/B770_closure_census/census.json	there is no object-native reason the figure-eight is uniquely minimal along arithmeticity — that is Reid's separate deep theorem
186	B775_phase2_wave1	FINDINGS_WAVE2.md:15 (P2W2-PERLETTER)	non-arbitrary per-letter amplitude hearing	main=1,all=7	CHANGELOG.md	no non-arbitrary per-letter hearing weight is forced: the hearing amplitude factors as q(RL)=θ_fund·q(L) with the per-letter split a FREE knob
187	B775_phase2_wave1	FINDINGS_WAVE2.md:14 (P2W2-DARKBRIGHT)	closed-form effective criterion verified	main=13,all=86	CHANGELOG.md ; PROGRESS_LOG.md ; docs/views/VERDICT_LEDGER.md ; f/B199_metallic_exponent_law/workflow_result.json ; f/B530_natural_history/FINDINGS.md	a verified EFFECTIVE bright/dark test exists, but no closed-form seed criterion
188	B775_phase2_wave1	FINDINGS.md:16 (P2-D5)	property courier object item	main=13,all=88	CHANGELOG.md ; PROGRESS_LOG.md ; docs/CAMPAIGN_STATUS.md ; docs/ERROR_LEDGER.md ; docs/LAW_MAP.md ; DEL:docs/PROGRESS_LOG.md	the courier's T4 item is not a property of THIS object
189	B775_phase2_wave1	output.txt:35-36	sigma-automorphism involution imported alphabet	main=4,all=28	f/B775_phase2_wave1/cells/P2-AABB/compute.py ; f/B775_phase2_wave1/cells/P2-AABB/output.txt ; f/B775_phase2_wave1/cells/P2-AABB/results.json ; f/B775_phase2_wave1/wave1_results.json	NO native involution -- a<->b is not a sigma-automorphism ... the case bit {a,A} is imported (not in sigma's alphabet)
190	B775_phase2_wave1	FINDINGS_WAVE4.md:13 (P2W4-L38)	forced number tiny	main=93,all=605	AUDIT_REPORT.md ; CHANGELOG.md ; CLAIMS.md ; GOVERNANCE.md ; PROGRESS_LOG.md ; DEL:docs/REVIEWS.md ; DEL:docs/PROGRESS_LOG.md	no forced tiny number
191	B775_phase2_wave1	FINDINGS_WAVE4.md:29	represented positives terminal survived	main=4,all=29	CHANGELOG.md ; PROGRESS_LOG.md ; docs/progress/REVIEWS.md ; docs/views/VERDICT_LEDGER.md ; docs/OPEN_LEADS.md	Every terminal state represented; no forced positives survived.
192	B775_braver_questions	FINDINGS_FINAL.md line 45, re: the theta	candidate known fills	main=23,all=152	CHANGELOG.md ; PROGRESS_LOG.md ; docs/LAW_MAP.md ; docs/OPEN_LEADS.md ; docs/STRUCTURE_TO_NATURE_MASTERPLAN.md	No known candidate fills them.
193	B775_braver_questions	FINDINGS_FINAL.md line 13	orch-or discipline competing framework	main=1,all=7	f/B777_braver_questions/FINDINGS_FINAL.md	No competing framework (IIT, GNW, ORCh-OR, HOT) subjects itself to this discipline.
194	B775_braver_questions	FINDINGS_FINAL.md line 45	generator-pair candidates structure triadic	main=5,all=35	f/B768_correspondence_crosstest/FINDINGS.md ; f/B770_closure_census/census.json ; f/B777_braver_questions/FINDINGS_FINAL.md ; f/B777_braver_questions/FINDINGS_PARALLEL.md ; f/B777_braver_questions/MASTERPLAN.md	None of the three triadic T1 candidates (vedanā, Peirce, Husserl) cleanly match the S₃ generator-pair structure.
195	B775_braver_questions	FINDINGS_FINAL.md line 69	structural program generic tested	main=124,all=785	CHANGELOG.md ; METHOD.md ; PROGRESS_LOG.md ; README.md ; ROADMAP.md ; DEL:docs/REVIEWS.md ; DEL:docs/PROGRESS_LOG.md	The program has never tested whether its structural crown jewel is generic to the class.
196	B776_b685_homework	FINDINGS.md line 20	in-repo reconstructed principles first	main=11,all=72	CHANGELOG.md ; PROGRESS_LOG.md ; docs/OPEN_LEADS.md ; docs/SEAL_LEDGER.md ; docs/progress/REVIEWS.md	For the FIRST TIME in-repo, Φ(h)Φ(−h) was reconstructed FROM FIRST PRINCIPLES (not cited)
197	B777_braver_questions	CC_VERIFY_V4GENERICITY.md line 30	figure-eight separate volume sister	main=40,all=254	AUDIT_REPORT.md ; CHANGELOG.md ; CLAIMS.md ; PROGRESS_LOG.md ; ROADMAP.md ; DEL:docs/PROGRESS_LOG.md	V4 + volume does NOT separate the figure-eight from its sister.
198	B778_cleanup	output.txt:41-45)	needs-specialist arithmetic-cs self-flagged uncomputed	main=6,all=42	CHANGELOG.md ; PROGRESS_LOG.md ; docs/HINT_LEDGER.md ; f/B738_pathfinder_compiler/kill_graph.json ; f/B770_closure_census/census.json	the arithmetic-CS bridge to Kim's H^3 action is uncomputed, self-flagged NEEDS-SPECIALIST in LAW_MAP
199	B778_cleanup	compute.py:8-9	reproduced fabricated essential stripped	main=5,all=35	CHANGELOG.md ; PROGRESS_LOG.md ; docs/SEAL_LEDGER.md ; f/B778_cleanup/FINDINGS.md ; papers/VALIDATION_LEDGER.md	'adjoint 7,815' is NOT reproduced by any natural content of the essential adjoint t^2-5t+1 ... FABRICATED -> stripped.
200	B778_cleanup	FINDINGS.md:21-24	cl-w4115 cl-latin fabricated adjoint	main=4,all=28	CHANGELOG.md ; PROGRESS_LOG.md ; docs/SEAL_LEDGER.md ; tests/test_b778_cleanup.py	CL-W4115: strip the fabricated "adjoint 7,815..." string ... Never ran. / CL-LATIN ... Never ran.
201	B779_convergence_probe	R3_scattering_assessment.md:89 (quoting 	hejhal-class unavailable machinery sage	main=4,all=25	CHANGELOG.md ; PROGRESS_LOG.md ; f/B770_closure_census/census.json ; f/B1069_hearing_biography/w3_results.json	Sage/Hejhal-class machinery unavailable.
202	B779_convergence_probe	R6_maass_assessment.py:106-108	weight-0 implementation target maass	main=4,all=23	CHANGELOG.md ; PROGRESS_LOG.md ; docs/CAMPAIGN_STATUS.md ; docs/progress/REVIEWS.md ; docs/LAW_MAP.md	For weight-0 Maass forms (the target): ... No implementation exists in this repo.
203	B779_convergence_probe	R7_functor_assessment.md:29	eigenvalues individual wall	main=41,all=285	CHANGELOG.md ; PROGRESS_LOG.md ; docs/NOVELTY_AUDIT.md ; docs/OPEN_LEADS.md ; docs/handoffs/PHYSICS_PATHFINDER_PROMPT_2026-07-21.md ; DEL:docs/REVIEWS.md	individual eigenvalues are NOT COMPUTED (R6' wall)
204	B783_observer_ground_zero	B3_c_test.txt:59-60	well-defined formalizations distinction involution	main=1,all=7	PROGRESS_LOG.md	All three formalizations fail. The level distinction is NOT a well-defined Z/2 involution on the pointer's state space.
205	B783_observer_ground_zero	B3_c_test.txt:122	word-level counterpart resolution	main=4,all=25	CHANGELOG.md ; PROGRESS_LOG.md ; docs/HINT_LEDGER.md ; docs/views/VERDICT_LEDGER.md	THE RESOLUTION: c HAS NO WORD-LEVEL COUNTERPART
206	B783_observer_ground_zero	B3_c_test.txt:186	word-level counterpart conclusion pointer	main=4,all=25	CHANGELOG.md ; PROGRESS_LOG.md ; docs/HINT_LEDGER.md ; docs/views/VERDICT_LEDGER.md	The honest conclusion: c has NO word-level pointer counterpart.
207	B783_observer_ground_zero	FINDINGS.md:39	word-level counterpart	main=4,all=27	CHANGELOG.md ; PROGRESS_LOG.md ; docs/HINT_LEDGER.md ; docs/views/VERDICT_LEDGER.md ; f/B796_coupling_campaign/harvest/repo_observer_formalism.md	c has NO word-level counterpart
208	B783_observer_ground_zero	FINDINGS.md:46	b749 hyperbolization forbids born	main=1,all=7	PROGRESS_LOG.md	B749 F8 independently forbids it: Q(√-3) is born at hyperbolization.
209	B783_observer_ground_zero	C1_synthesis.txt:22-23	distinction involution refuted formal	main=30,all=183	CHANGELOG.md ; PROGRESS_LOG.md ; docs/HINT_LEDGER.md ; docs/LAW_MAP.md ; docs/OPEN_LEADS.md	P16.3 (level distinction = c): REFUTED. No formal Z/2 involution definition exists for "level distinction."
210	B783_observer_ground_zero	C2_adversarial.txt:46-48	b749 permutation because appear	main=13,all=73	CHANGELOG.md ; PROGRESS_LOG.md ; docs/LAW_MAP.md ; docs/SEAL_LEDGER.md ; docs/THEOREM_LEDGER.md	No permutation works because: ... c cannot appear at the word level in ANY slot (B749 F8).
211	B784_trace_map_intertwining	FINDINGS.md:16	programme observer closes trace	main=53,all=300	CHANGELOG.md ; PROGRESS_LOG.md ; docs/CAMPAIGN_STATUS.md ; docs/HINT_LEDGER.md ; docs/LAW_MAP.md ; DEL:docs/PROGRESS_LOG.md	The observer programme closes 0 bits at the trace level.
212	B784_trace_map_intertwining	FINDINGS.md:84	operation geometric matrix point	main=70,all=446	CHANGELOG.md ; PROGRESS_LOG.md ; TERMINOLOGY.md ; docs/CAMPAIGN_STATUS.md ; docs/ERROR_LEDGER.md ; DEL:docs/REVIEWS.md	No matrix operation at the geometric point can reach γ₅.
213	B784_trace_map_intertwining	FINDINGS.md:167	verified nullity random trials	main=8,all=43	CHANGELOG.md ; PROGRESS_LOG.md ; f/B565_gauge_behavior_campaign/spin9_centralizer_type.py ; f/B771_phase1_wave1/wave1_results.json ; docs/views/VERDICT_LEDGER.md	no such S exists (verified: nullity 0 at 5 random SL(3) trials)
214	B784_trace_map_intertwining	FINDINGS.md:353	trace-map dynamics detect	main=19,all=140	CHANGELOG.md ; PROGRESS_LOG.md ; docs/CAMPAIGN_STATUS.md ; docs/OPEN_LEADS.md ; docs/RECURRENCE_ATLAS.md	No trace-map dynamics can detect either θ or ι.
215	B784_trace_map_intertwining	FINDINGS.md:328	non-trivial word-level operation action	main=3,all=26	CHANGELOG.md ; PROGRESS_LOG.md ; docs/HINT_LEDGER.md ; f/B783_observer_ground_zero/B1_theta_test.txt ; f/B783_observer_ground_zero/B2_gamma5_test.txt	No word-level operation produces a non-trivial action on traces.
216	B784_trace_map_intertwining	iota_torsor_position.txt:61	generic inner outer iota	main=10,all=62	PROGRESS_LOG.md ; docs/HINT_LEDGER.md ; docs/OPEN_LEADS.md ; docs/SEAL_LEDGER.md ; docs/THEOREM_LEDGER.md ; DEL:docs/PROGRESS_LOG.md	No inner S exists at generic SL(3): iota is OUTER on W1/W2.
217	B785_cc3_gate_harvest	FINDINGS.md lines 25-26	re-run b575 infrastructure requires	main=6,all=41	CHANGELOG.md ; PROGRESS_LOG.md ; docs/progress/REVIEWS.md ; docs/views/VERDICT_LEDGER.md ; f/B756_remaining_doors/RAW_WORKFLOW_OUTPUT.json	not independently re-run here (requires the B575 infrastructure and ~36 s/point)
218	B785_cc3_gate_harvest	FINDINGS.md line 30	b769 mechanism tangent frames	main=15,all=92	CHANGELOG.md ; PROGRESS_LOG.md ; docs/HINT_LEDGER.md ; docs/SEAL_LEDGER.md ; docs/THEOREM_LEDGER.md ; DEL:docs/PROGRESS_LOG.md	The b769 / C21 "tangent frames align → chord = c⊕θ" mechanism did NOT pass
219	B786_torsor_theta_iota	FINDINGS.md line 8	trace-trivial reversal rank	main=12,all=81	PROGRESS_LOG.md ; docs/THEOREM_LEDGER.md ; docs/views/VERDICT_LEDGER.md ; f/B787_interaction_programme/FINDINGS.md ; f/B787_interaction_programme/MASTERPLAN.md ; DEL:docs/PROGRESS_LOG.md	reversal is trace-trivial at every rank
220	B786_torsor_theta_iota	FINDINGS.md lines 35-36	rank-4 conditional intertwine corrected	main=22,all=139	CHANGELOG.md ; PROGRESS_LOG.md ; docs/CAMPAIGN_STATUS.md ; docs/LAW_MAP.md ; docs/OPEN_LEADS.md ; DEL:docs/PROGRESS_LOG.md	its S = diag(1,−1,1) does not intertwine (I flagged it). The rank-4 claim is CONDITIONAL on cc3's corrected S
221	B787_interaction_programme	FINDINGS.md line ~57 (section 2, 'Relabe	relabeling unresolved propagated cleared	main=5,all=35	PROGRESS_LOG.md ; docs/HINT_LEDGER.md ; docs/OPEN_LEADS.md ; docs/views/VERDICT_LEDGER.md ; CHANGELOG.md	The relabeling is OWED and UNRESOLVED, not cleared and not propagated.
222	B787_interaction_programme	test_b787_interaction.py	test-lock b787 interaction written	main=5,all=23	f/B738_pathfinder_compiler/kill_graph.json ; f/B787_interaction_programme/FINDINGS.md ; CHANGELOG.md ; PROGRESS_LOG.md ; docs/views/VERDICT_LEDGER.md	The test-lock (tests/test_b787_interaction.py) is written.
223	B789_theta_intertwiner	FINDINGS.md, 'Method note' paragraph	load-bearing fabricated reported negative	main=17,all=112	CHANGELOG.md ; PROGRESS_LOG.md ; docs/ERROR_LEDGER.md ; docs/SEAL_LEDGER.md ; docs/progress/PROGRESS_2026-Q2.md ; DEL:docs/PROGRESS_LOG.md	cc's first pass used a guessed relator (w = b^-1aba^-1) and V2 came back False. The guess was wrong... Had the guessed relator been trusted, this arc would have reported "rho_2 does not descend" — a f
224	B790_maass_adjudication	FINDINGS.md verdict table, Step 1 row	m004 laplace bianchi digits	main=11,all=77	CHANGELOG.md ; PROGRESS_LOG.md ; docs/views/VERDICT_LEDGER.md ; f/B738_pathfinder_compiler/kill_graph.json ; f/B739_character_rigidity/b739_probe.py	LMFDB has zero Laplace data for any Bianchi group; d=3 exists only at ~3 digits; m004 never computed
225	B790_maass_adjudication	FINDINGS.md section 1	non-existence not-computed m004 recorded	main=1,all=7	papers/VALIDATION_LEDGER.md	For m004 itself: nothing. Recorded as NOT-COMPUTED, explicitly not non-existence — the discrete spectrum is provably infinite by the Weyl law.
226	B790_maass_adjudication	FINDINGS.md, Headline paragraph	mathematical discovery	main=45,all=310	CHANGELOG.md ; GOVERNANCE.md ; PROGRESS_LOG.md ; docs/CAMPAIGN_STATUS.md ; docs/LAW_MAP.md ; DEL:docs/REVIEWS.md	No mathematical discovery is claimed in this arc.
227	B790_maass_adjudication	FINDINGS.md ADDENDUM, 'Net effect on the	wall-clock checkpointing superseded separate	main=1,all=7	f/B791_weyl_completeness/FINDINGS.md	Step 3: superseded — see the separate note on the external Gates 0-9R bank. "Blocked on data nobody has computed" is wrong; the blocker is wall-clock and checkpointing.
228	B791_weyl_completeness	FINDINGS.md §6	parent-control re-implement re-run reproduction	main=1,all=7	CHANGELOG.md	cc did **not** re-run or re-implement the Hejhal linear algebra (Gates 6–8R), the parent-control reproduction (r = 24.5033416406…), or Gate 8 vs 8R remediation equivalence.
229	B791_weyl_completeness	FINDINGS.md §6	m004-relative interrupted eigenvalue artifact	main=0,all=2	f/B796_coupling_campaign/harvest/repo_protocol_rulebook.md ; CHANGELOG.md	No m004-relative eigenvalue exists in the bank: Gate 9 is blocked by its own guard (15/16 checks pass) and Gate 9R is `INTERRUPTED WITHOUT RESULT ARTIFACT`.
230	B791_weyl_completeness	PROVENANCE_ALERT.md RESOLUTION section	corroboration confirmation targeted primary	main=12,all=80	CHANGELOG.md ; PROGRESS_LOG.md ; docs/OPEN_LEADS.md ; docs/progress/PROGRESS_2026-Q2.md ; docs/progress/REVIEWS.md	The primary is still unread, and the search window was supplied by cc, so this is targeted corroboration rather than blind confirmation.
231	B791_weyl_completeness	PROVENANCE_ALERT.md §1	subscription-restricted full-text accessible material	main=1,all=8	CHANGELOG.md ; CC_TO_CC3_2026-07-28_URGENT_provenance_failure_51014.md	Project Euclid serves a JS shell to curl (HTTP 200, text/html, 1.1 kB). A direct full-text fetch returns: "the actual full text and tables are not accessible… subscription-restricted material."
232	B792_maass_m004_eigenvalues	FINDINGS.md §'THE FULL WINDOW r<10'	exceptional eigenvalues anywhere	main=33,all=216	CHANGELOG.md ; PROGRESS_LOG.md ; docs/CAMPAIGN_STATUS.md ; docs/HINT_LEDGER.md ; docs/LAW_MAP.md ; DEL:docs/REVIEWS.md ; DEL:docs/PROGRESS_LOG.md	No exceptional eigenvalues λ < 1 anywhere in (0.8, 10).
233	B792_maass_m004_eigenvalues	FINDINGS.md §'THE r = 7.0720 EIGENVALUE'	experiment reading action actual	main=36,all=239	CHANGELOG.md ; GOVERNANCE.md ; PROGRESS_LOG.md ; docs/CAMPAIGN_STATUS.md ; docs/HINT_LEDGER.md ; DEL:docs/REVIEWS.md	Open action: reading the actual Experiment. Math. 5(1) 57–80 Table 3 (the other ~35 values).
234	B792_maass_m004_eigenvalues	B792.txt	b792 phantom merges citing	main=9,all=60	CHANGELOG.md ; PROGRESS_LOG.md ; docs/OPEN_LEADS.md ; docs/PRACTICES.md ; docs/progress/REVIEWS.md	B792 is NOT in main -- it is cc3's arc and cc3 never merges, so citing it as if it were here is the phantom's own class
235	B792_maass_m004_eigenvalues	B792.txt	b792 eigenvalues companion repeated	main=4,all=31	CHANGELOG.md ; PROGRESS_LOG.md ; docs/progress/REVIEWS.md ; docs/views/VERDICT_LEDGER.md ; docs/LAW_MAP.md	the review seat repeated a companion number ("43 eigenvalues to r = 13.5") that belongs to cc3's B792, which is not in main -- main has 17, to r = 9.84
236	B793_gate8r2a_parent_localisation	FINDINGS.md 'What Gate 8R's headline act	demonstrated eigenvalue location solver	main=11,all=73	CHANGELOG.md ; PROGRESS_LOG.md ; docs/CAMPAIGN_STATUS.md ; docs/ERROR_LEDGER.md ; docs/views/VERDICT_LEDGER.md	The solver has never demonstrated it can find an eigenvalue whose location it was not given.
237	B793_gate8r2a_parent_localisation	FINDINGS.md 'Separate observation on the	b788 unresolved delivered entries	main=8,all=54	CHANGELOG.md ; PROGRESS_LOG.md ; docs/OPEN_LEADS.md ; docs/progress/REVIEWS.md ; docs/views/VERDICT_LEDGER.md	The 10 unresolved hash entries are the bank's own lock tests (`../../tests/test_b788_maass_*.py`). They are absent from the delivered zip.
238	B793_gate8r2a_parent_localisation	FINDINGS.md 'Separate observation on the	re-run tests	main=188,all=1142	CHANGELOG.md ; PROGRESS_LOG.md ; WORKING_RULES.md ; docs/ERROR_LEDGER.md ; docs/HINT_LEDGER.md ; DEL:docs/REVIEWS.md ; DEL:docs/PROGRESS_LOG.md	it means no seat can currently re-run the bank's own tests.
239	B795_eigenvalue_verification	B795.txt line 5 (PROGRESS_LOG.md 2026-07	mode-count re-derived m004 b795	main=10,all=69	CHANGELOG.md ; PROGRESS_LOG.md ; docs/LAW_MAP.md ; docs/OPEN_LEADS.md ; docs/progress/REVIEWS.md	Seventeen eigenvalues of m004 now exist where the literature had none, mode-count certified to 5.4e-9 and independently re-derived by cc in B795
240	B795_eigenvalue_verification	FINDINGS.md lines 68-69	mode-count certification unaddressed comparison	main=3,all=22	PROGRESS_LOG.md ; f/B795_eigenvalue_verification/FINDINGS.md ; f/B921_branch_harvest/harvested/f/B796_coupling_campaign/context_sweep/sweep_banked_arcs_B793_B797.md ; f/B796_coupling_campaign/context_sweep/sweep_banked_arcs_B793_B	Also unaddressed here: the mode-count certification cc3 still owes (max |Δr| between mode counts), which sets the floor on every tolerance its SM comparison can honestly use.
241	B795_eigenvalue_verification	B795.txt line 21 (REVIEWS.md Review 36)	third-of-a-spectrum eigenvalues certifies carried	main=1,all=7	docs/progress/REVIEWS.md	eigenvalues_final.json carried 6 of the 17 its own table certifies — a silent third-of-a-spectrum for any machine reader.
242	B796_coupling_campaign	THE_LOSS_LEDGER.md:14-16 (L1)	b909 b915 condition frontier	main=18,all=111	CHANGELOG.md ; PROGRESS_LOG.md ; docs/LAW_MAP.md ; docs/OPEN_LEADS.md ; docs/STRUCTURE_TO_NATURE_MASTERPLAN.md	frontier/B909* DOES NOT EXIST (no dir, no FINDINGS, no test), while B915 (the crossing, the sealed 16sigma MISS in the README) CONSUMES the 3/8 as its boundary condition
243	B796_coupling_campaign	cell9_sec16_verdict3.md:26 (charge 6)	second-pass verdict2 cell9 sec16	main=3,all=21	f/B921_branch_harvest/HARVEST_MANIFEST.md ; f/B921_branch_harvest/harvested/f/B796_coupling_campaign/CELL9_RUNG1_PREREGISTRATION_v3.md ; f/B921_branch_harvest/harvested/f/B796_coupling_campaign/cell9_sec16_verdict3.md	the sealed v3 cites "Second-pass verdict: cell9_sec16_verdict2.md" -- that file exists nowhere in the repo
244	B796_coupling_campaign	cell9_sec16_verdict3.md:23	end-to-end cell9 evidenced shakedown	main=4,all=28	CHANGELOG.md ; PROGRESS_LOG.md ; docs/views/VERDICT_LEDGER.md ; f/B921_branch_harvest/harvested/f/B796_coupling_campaign/cell9_sec16_verdict3.md	The mandated smoke test is not evidenced: cell9_shakedown_log.txt stops after "n = 782 modes" -- no completed end-to-end run exists on disk (C7)
245	B796_coupling_campaign	THE_LOSS_LEDGER.md:58-60 (L5)	da516046 ba81779 e9042 a335	main=9,all=68	docs/SEAL_LEDGER.md ; docs/views/VERDICT_LEDGER.md ; f/B878_maass_upper_window/RELAY_AS_RECEIVED.md ; f/B921_branch_harvest/FINDINGS.md ; f/B921_branch_harvest/HARVEST_MANIFEST.md	main's SEAL_LEDGER records NONE of the four hashes (8424a335, da516046, 3ba81779, 169e9042), and B796 was never reserved
246	B796_coupling_campaign	THE_LOSS_LEDGER.md:63-65 (L6)	b796 b798 unharvested advertises	main=3,all=23	f/B921_branch_harvest/harvested/f/B796_coupling_campaign/loss_audit/THE_LOSS_LEDGER.md ; f/B921_branch_harvest/harvested/f/B796_coupling_campaign/loss_audit/loss_audit_branch_delta.md ; CHANGELOG.md ; CC3_TO_CC_2026-08-05_LOSS_AUD	The B796 campaign corpus -- 44 artifacts, 100% unharvested. Main advertises the campaign (CAMPAIGN_STATUS:1432) and prices its falsifier (B798) while holding none of its logic
247	B796_coupling_campaign	THE_LOSS_LEDGER.md:83-85 (L7, re: the He	paraphrase footprint beyond relay	main=3,all=22	PROGRESS_LOG.md ; docs/views/VERDICT_LEDGER.md ; f/B921_branch_harvest/harvested/f/B796_coupling_campaign/loss_audit/THE_LOSS_LEDGER.md ; f/B796_coupling_campaign/loss_audit/THE_LOSS_LEDGER.md	Zero footprint on main beyond relay paraphrase
248	B796_coupling_campaign	THE_LOSS_LEDGER.md:87-93 (L8)	branch-only certification certified certify	main=5,all=36	docs/OPEN_LEADS.md ; f/B921_branch_harvest/HARVEST_MANIFEST.md ; f/B921_branch_harvest/harvested/f/B796_coupling_campaign/loss_audit/THE_LOSS_LEDGER.md ; f/B921_branch_harvest/harvested/f/B796_coupling_campaign/loss_audit/loss_aud	certify_mode_count.py (the certification every "certified" claim rests on)... [is] branch-only
249	B796_coupling_campaign	THE_LOSS_LEDGER.md:100-102 (L9)	single-occurrence b878 datasets received	main=1,all=8	f/B921_branch_harvest/harvested/f/B796_coupling_campaign/loss_audit/THE_LOSS_LEDGER.md ; f/B796_coupling_campaign/loss_audit/THE_LOSS_LEDGER.md	B878 banked my relay's datasets and dropped its section 4.5 open items... all now single-occurrence strings in RELAY_AS_RECEIVED.md
250	B796_coupling_campaign	THE_LOSS_LEDGER.md:109-110 (L10)	b8xx b9xx registry ledger	main=7,all=52	docs/OPEN_LEADS.md ; docs/STRUCTURE_TO_NATURE_MASTERPLAN.md ; docs/THEOREM_REGISTRY.md ; f/B920_register_sweep/SWEEP_REPORT.md ; f/B921_branch_harvest/HARVEST_MANIFEST.md	THEOREM_REGISTRY/THEOREM_LEDGER carry ZERO B8xx/B9xx rows
251	B796_coupling_campaign	THE_LOSS_LEDGER.md:116-117 (L10)	register anywhere born	main=51,all=328	CHANGELOG.md ; PROGRESS_LOG.md ; docs/CAMPAIGN_STATUS.md ; docs/HINT_LEDGER.md ; docs/LAW_MAP.md ; DEL:docs/REVIEWS.md ; DEL:docs/PROGRESS_LOG.md	Born content has NO register row anywhere
252	B796_coupling_campaign	THE_LOSS_LEDGER.md:122-123 (L11)	b845 unshipped finished spectral	main=9,all=49	CHANGELOG.md ; PROGRESS_LOG.md ; f/B845_spectral_inventory/FINDINGS.md ; f/B921_branch_harvest/harvested/f/B796_coupling_campaign/loss_audit/THE_LOSS_LEDGER.md ; f/B921_branch_harvest/harvested/f/B796_coupling_campaign/loss_audit/	B845 proved the "finished and unshipped" spectral paper never existed
253	B796_coupling_campaign	FINDINGS.md:5 (self-scoping, not a repo 	measurement compared enters data	main=28,all=180	CHANGELOG.md ; PROGRESS_LOG.md ; docs/CAMPAIGN_STATUS.md ; docs/INPUT_COMPLETENESS_LEDGER.md ; docs/OPEN_LEADS.md ; DEL:docs/REVIEWS.md	No measurement enters and nothing is compared to data
254	B796_coupling_campaign	FINDINGS.md:114-115	f1-f4 monopole observed tested	main=0,all=1	f/B796_coupling_campaign/z6_line_spectrum/z6_lines.py	No monopole has been observed. None of F1-F4 is currently tested.
255	B796_coupling_campaign	FINDINGS.md:127-129	framework predicted monopole objects	main=6,all=39	CHANGELOG.md ; PROGRESS_LOG.md ; docs/HINT_LEDGER.md ; docs/views/VERDICT_LEDGER.md ; docs/CAMPAIGN_STATUS.md	the framework supplies no mass scale for these objects... no monopole mass is predicted and none can be
256	B797_maass_spectrum_harvest	FINDINGS.md:12	m004 eigenvalues literature seventeen	main=13,all=86	CHANGELOG.md ; PROGRESS_LOG.md ; docs/CAMPAIGN_STATUS.md ; docs/progress/REVIEWS.md ; docs/views/VERDICT_LEDGER.md	The literature has no Maass eigenvalues for m004; there are now seventeen.
257	B797_maass_spectrum_harvest	B797.txt (Review 36 entry, quoting PROGR	eigenvalues certifies carried final	main=15,all=98	CHANGELOG.md ; PROGRESS_LOG.md ; docs/MASTERPLAN.md ; docs/OPEN_LEADS.md ; docs/progress/REVIEWS.md ; DEL:docs/REVIEWS.md ; DEL:docs/PROGRESS_LOG.md	eigenvalues_final.json carried 6 of the 17 its own table certifies
258	B799_uncomputed_doors	FINDINGS.md:93	rewritten original graph place	main=16,all=99	CHANGELOG.md ; PROGRESS_LOG.md ; docs/OPEN_LEADS.md ; docs/progress/PROGRESS_2026-Q2.md ; docs/views/VERDICT_LEDGER.md	The original kill_graph.json is not rewritten in place
259	B799_uncomputed_doors	FINDINGS.md:86-87 (S019 disposition)	discriminating formulated because fact	main=3,all=21	CHANGELOG.md ; docs/SEAL_LEDGER.md ; f/B775_phase2_wave1/wave2_results.json	no discriminating fact was ever computed because none was ever formulated
260	B800_habiro_integrality	B799 FINDINGS.md:78, referencing the doo	in-sandbox recomputation habiro	main=22,all=139	CHANGELOG.md ; PROGRESS_LOG.md ; docs/CAMPAIGN_STATUS.md ; docs/OPEN_LEADS.md ; docs/views/VERDICT_LEDGER.md	An in-sandbox Habiro recomputation was not attempted here
261	B801_negative_census	FINDINGS.md:37	two-thirds roughly census graph	main=4,all=28	CHANGELOG.md ; PROGRESS_LOG.md ; docs/views/VERDICT_LEDGER.md ; f/B738_pathfinder_compiler/kill_graph.json	kill_graph's 217 is not a census -- it is roughly two-thirds of one
262	B803_commensurability_audit	FINDINGS.md:71	genuinely question absent corpus	main=61,all=354	CHANGELOG.md ; PROGRESS_LOG.md ; docs/BANKING_PROTOCOL.md ; docs/CAMPAIGN_STATUS.md ; docs/LAW_MAP.md ; DEL:docs/REVIEWS.md ; DEL:docs/PROGRESS_LOG.md	DKY's paper and its Question 1.7 are genuinely absent [from the corpus]
263	B804_dirac_spectrum	FINDINGS.md:64	eigenvalues machinery need	main=100,all=669	CHANGELOG.md ; PROGRESS_LOG.md ; docs/CAMPAIGN_STATUS.md ; docs/HINT_LEDGER.md ; docs/LEAD_REGISTER.md ; DEL:docs/REVIEWS.md ; DEL:docs/PROGRESS_LOG.md ; DEL:f/B775_phase2_wave1/cells/_verify_Z1/compute.py	the eigenvalues need machinery that does not exist in this repository
264	B805_forcing_graph	FINDINGS.md:9	closure static arrows marked	main=6,all=37	CHANGELOG.md ; PROGRESS_LOG.md ; docs/views/VERDICT_LEDGER.md ; docs/OPEN_LEADS.md ; f/B1068_descent_inventory/w2_full_results.json	916 words of static prose: 15 nodes, 15 arrows, and zero edges marked PROVEN/KNOWN/OPEN. Nothing computed its closure.
265	B805_forcing_graph	FINDINGS.md:41	citation forcing	main=97,all=620	CHANGELOG.md ; PROGRESS_LOG.md ; docs/BANKING_PROTOCOL.md ; docs/CAMPAIGN_STATUS.md ; docs/HINT_LEDGER.md ; DEL:docs/REVIEWS.md	A citation is not a forcing.
266	B806_lexicon_blindness	FINDINGS.md table	matching probes motifs zero	main=11,all=75	CHANGELOG.md ; PROGRESS_LOG.md ; docs/CAMPAIGN_STATUS.md ; docs/LAW_MAP.md ; docs/SEAL_LEDGER.md	probes matching zero motifs: 19
267	B806_lexicon_blindness	FINDINGS.md:155	overlap eleven faces atlas	main=17,all=107	CHANGELOG.md ; PROGRESS_LOG.md ; docs/CAMPAIGN_STATUS.md ; docs/OPEN_LEADS.md ; docs/progress/REVIEWS.md	Not one of the eleven faces is an atlas motif [zero overlap]
268	B806_lexicon_blindness	A	eigenvalue applicable dirac	main=7,all=51	CHANGELOG.md ; PROGRESS_LOG.md ; docs/CAMPAIGN_STATUS.md ; docs/HINT_LEDGER.md ; docs/OPEN_LEADS.md	No Dirac eigenvalue [not applicable here]
269	B808_empty_cells	FINDINGS.md:39	motif plane real gaps	main=9,all=63	CHANGELOG.md ; PROGRESS_LOG.md ; docs/OPEN_LEADS.md ; docs/progress/REVIEWS.md ; docs/views/VERDICT_LEDGER.md	There are no real gaps in the (face, motif) plane. None.
270	B809_kappa_gate	FINDINGS.md:6	measured disagree itself	main=52,all=355	CHANGELOG.md ; PROGRESS_LOG.md ; docs/CAMPAIGN_STATUS.md ; docs/PRACTICES.md ; docs/SEAL_LEDGER.md ; DEL:docs/PROGRESS_LOG.md	It was never measured -- cc is one seat and cannot disagree with itself.
271	B810_verdict_wave1	FINDINGS.md:90	non-existent transcription throughout correct	main=3,all=16	CHANGELOG.md ; docs/views/VERDICT_LEDGER.md ; f/B1068_descent_inventory/w2_full_results.json ; docs/LAW_MAP.md	the six non-existent IDs came from cc's transcription; the pool file on disk was correct throughout
272	B810_verdict_wave1	FINDINGS.md:53-55	disputes vacuity pattern session	main=4,all=21	CHANGELOG.md ; PROGRESS_LOG.md ; docs/views/VERDICT_LEDGER.md ; papers/P3_THE_PAPER/CLAIM_CANDIDATES.md	The sample was not random...An audit that disputes nothing is the vacuity pattern this session has now flagged three times
273	B812_physics_path_map	FINDINGS.md:93	impossibility dictionary majority targets	main=3,all=21	CHANGELOG.md ; PROGRESS_LOG.md ; docs/views/VERDICT_LEDGER.md	No path exists today, and for the majority of targets the blocker is the absent typed dictionary (L91), not a proved impossibility.
274	B812_physics_path_map	FINDINGS.md:47	registered covers theta lead	main=39,all=254	CHANGELOG.md ; CLAIMS.md ; PROGRESS_LOG.md ; docs/LEAD_REGISTER.md ; docs/OPEN_LEADS.md ; DEL:docs/PROGRESS_LOG.md	no registered lead at all covers a CS -> theta_QCD map
275	B813_cs_theta_type_audit	FINDINGS.md:82-83	hyperbolic searches surfaced manifold	main=12,all=77	CHANGELOG.md ; PROGRESS_LOG.md ; docs/NOVELTY_AUDIT.md ; docs/OPEN_LEADS.md ; docs/views/VERDICT_LEDGER.md	the searches surfaced no work placing gauge theory on a hyperbolic 3-manifold slice in a way that ties theta to the slice's geometry
276	B815_kappa_precision_note	PRE_DATA_NOTE.md:2	wave-2 committed workflow written	main=9,all=61	CHANGELOG.md ; PROGRESS_LOG.md ; docs/OPEN_LEADS.md ; docs/SEAL_LEDGER.md ; docs/progress/REVIEWS.md ; DEL:docs/REVIEWS.md ; DEL:docs/PROGRESS_LOG.md	written and committed while the wave-2 workflow is still running and no rating has been seen
277	B817_verdict_wave2	FINDINGS.md:106, with in-place correctio	unassigned corrected verdict carry	main=5,all=27	CHANGELOG.md ; PROGRESS_LOG.md ; f/B770_closure_census/CENSUS.md ; docs/views/VERDICT_LEDGER.md ; papers/P3_THE_PAPER/CLAIM_CANDIDATES.md ; DEL:docs/PROGRESS_LOG.md	130 arcs still carry no verdict [later corrected: 133 have FINDINGS.md, 116 unassigned]
278	B819_frame_gap	FINDINGS.md:16	wanting judged carry found	main=2,all=14	CHANGELOG.md ; PROGRESS_LOG.md ; DEL:docs/PROGRESS_LOG.md	116 arcs carry real findings that no reader was ever given. They were not judged and found wanting; they were never in the frame.
279	B821_lexicon_refresh	FINDINGS.md:60	twenty-one lexicon real	main=4,all=28	CHANGELOG.md ; PROGRESS_LOG.md ; docs/progress/REVIEWS.md ; tests/test_b821_lexicon_refresh.py ; DEL:docs/PROGRESS_LOG.md	the real lexicon gap is one arc, not twenty-one
280	B826_b519_verdict	FINDINGS.md:8 (re B519_re_mining)	carried verdict	main=438,all=2673	CHANGELOG.md ; GOVERNANCE.md ; PROGRESS_LOG.md ; docs/CAMPAIGN_STATUS.md ; docs/CLOSURE_MASTERPLAN.md ; DEL:docs/REVIEWS.md ; DEL:docs/PROGRESS_LOG.md ; DEL:f/B1024_l153_bits/WORK_IN_PROGRESS.md	carried no verdict at all
281	B827_progresslog_recovery	FINDINGS.md:13	roll-off canonical	main=3,all=21	CHANGELOG.md ; PROGRESS_LOG.md ; scripts/gates/gates.py	of those, present in the canonical log or the Q2 roll-off | 0
282	B830_b720_recompute	FINDINGS.md:22-23	b720 different asserted literals	main=6,all=43	CHANGELOG.md ; PROGRESS_LOG.md ; docs/OPEN_LEADS.md ; docs/SEAL_LEDGER.md ; docs/progress/REVIEWS.md	B720's only lock asserted three string literals were distinct — it verified that three different strings had been typed
283	B830_b720_recompute	FINDINGS.md:73-75	b827 authoritative consequently duplicated	main=3,all=20	CHANGELOG.md ; PROGRESS_LOG.md ; docs/progress/REVIEWS.md	Consequently the "four duplicated authoritative filenames" claim in B827 is wrong. The true count is two
284	B837_file_drawer_audit	FINDINGS.md:24	b590 unreported literally admission	main=3,all=18	CHANGELOG.md ; PROGRESS_LOG.md ; docs/views/VERDICT_LEDGER.md	B590's citation literally reads "(bank pending — B590 paused by owner)" — an admission that it is unreported
285	B837_file_drawer_audit	FINDINGS.md:36	b499 anywhere stated	main=6,all=47	CHANGELOG.md ; PROGRESS_LOG.md ; docs/SEAL_LEDGER.md ; docs/views/VERDICT_LEDGER.md ; f/B499_wild_census/FINDINGS.md	no result for B499 is stated anywhere
286	B839_b685_residue	FINDINGS.md:60	b685 literature residue rather	main=27,all=172	CHANGELOG.md ; PROGRESS_LOG.md ; docs/CAMPAIGN_STATUS.md ; docs/LAW_MAP.md ; docs/OPEN_LEADS.md ; DEL:docs/PROGRESS_LOG.md	B685.fact_computed stays FALSE — but its residue is now one literature line rather than a whole computation
287	B839_b685_residue	FINDINGS.md:57	normalisation remains cited gswz	main=10,all=70	CHANGELOG.md ; PROGRESS_LOG.md ; docs/CAMPAIGN_STATUS.md ; docs/LAW_MAP.md ; docs/OPEN_LEADS.md	GSWZ eq. (2) uses this normalisation" remains cited, not read
288	B840_close_loose_ends	FINDINGS.md:13	printing verdict sealed seeds	main=4,all=23	CHANGELOG.md ; PROGRESS_LOG.md ; docs/SEAL_LEDGER.md ; docs/views/VERDICT_LEDGER.md	R1 was printing SEALED at m=3 on both seeds — and the verdict was empty
289	B840_close_loose_ends	FINDINGS.md:51 (re B499)	directory prereg holds else	main=27,all=182	CHANGELOG.md ; PROGRESS_LOG.md ; docs/ERROR_LEDGER.md ; docs/OPEN_LEADS.md ; docs/progress/REVIEWS.md ; DEL:docs/REVIEWS.md ; DEL:docs/PROGRESS_LOG.md	The directory holds a prereg and nothing else
290	B841_provenance_pass	FINDINGS.md:66	undetermined times used zero	main=15,all=99	CHANGELOG.md ; PROGRESS_LOG.md ; docs/CAMPAIGN_STATUS.md ; docs/HINT_LEDGER.md ; docs/SEAL_LEDGER.md	undetermined ... used zero times
291	B845_spectral_inventory	FINDINGS.md:9	spectral papers holds paper	main=53,all=353	CHANGELOG.md ; CLAIMS.md ; PROGRESS_LOG.md ; README.md ; ROADMAP.md ; DEL:docs/PROGRESS_LOG.md	papers/ holds NO spectral paper at all
292	B845_spectral_inventory	FINDINGS.md:23	b792 merges main	main=14,all=107	CHANGELOG.md ; PROGRESS_LOG.md ; docs/ERROR_LEDGER.md ; docs/LAW_MAP.md ; docs/OPEN_LEADS.md	B792 is not in main. It is cc3's arc, and cc3 never merges
293	B845_spectral_inventory	FINDINGS.md:62	completeness unverified harvest	main=31,all=192	CHANGELOG.md ; PROGRESS_LOG.md ; docs/CAMPAIGN_STATUS.md ; docs/LAW_MAP.md ; docs/OPEN_LEADS.md ; DEL:docs/PROGRESS_LOG.md	Harvest completeness UNVERIFIED
294	B848_handoff_verification	FINDINGS.md:159-162	adjudicated observer reframe	main=20,all=129	CHANGELOG.md ; PROGRESS_LOG.md ; docs/CAMPAIGN_STATUS.md ; docs/HINT_LEDGER.md ; docs/LAW_MAP.md ; DEL:docs/REVIEWS.md	The observer/SSB reframe... is NOT adjudicated here
295	B848_handoff_verification	FINDINGS.md:163	re-derived m004 orbifold	main=36,all=225	CHANGELOG.md ; CLAIMS.md ; PROGRESS_LOG.md ; docs/ERROR_LEDGER.md ; docs/HINT_LEDGER.md ; DEL:docs/PROGRESS_LOG.md	phi_m004 = phi_orbifold was not re-derived
296	B848_handoff_verification	FINDINGS.md:165-167	foliation-algebra euler-jacobi specialist test	main=1,all=7	PROGRESS_LOG.md	Not run: the SL(3) Euler-Jacobi test..., pr=(p+1)(q+1) on V0..., the foliation-algebra type (specialist...)
297	B849_order_parameter	FINDINGS.md:137	eigenvalues geodesic lengths phantom	main=4,all=27	CHANGELOG.md ; PROGRESS_LOG.md ; f/B921_branch_harvest/harvested/f/B796_coupling_campaign/loss_audit/loss_audit_observer_thread.md ; docs/CAMPAIGN_STATUS.md ; f/B796_coupling_campaign/loss_audit/loss_audit_observer_thread.md	the 370 geodesic lengths are not in main, the same phantom pattern as the 43 eigenvalues
298	B849_order_parameter	FINDINGS.md:110	bost-connes identification verify	main=11,all=76	PROGRESS_LOG.md ; docs/LAW_MAP.md ; docs/SEAL_LEDGER.md ; docs/views/VERDICT_LEDGER.md ; f/B738_pathfinder_compiler/kill_graph.json	Does not verify the Bost-Connes/CMR identification
299	B850_length_spectrum_type	FINDINGS.md:137 (carried forward item 3)	eigenvalues geodesic lengths phantom	main=5,all=34	CHANGELOG.md ; PROGRESS_LOG.md ; f/B849_order_parameter/FINDINGS.md ; f/B921_branch_harvest/harvested/f/B796_coupling_campaign/loss_audit/loss_audit_observer_thread.md ; docs/CAMPAIGN_STATUS.md	the 370 geodesic lengths are not in main, the same phantom pattern as the 43 eigenvalues
300	B850_length_spectrum_type	FINDINGS.md:149-150	conditional reduction state cited	main=80,all=488	CHANGELOG.md ; CLAIMS.md ; PROGRESS_LOG.md ; docs/CAMPAIGN_STATUS.md ; docs/HINT_LEDGER.md ; DEL:docs/PROGRESS_LOG.md	Does not state the type as computed. CONDITIONAL on a cited reduction
301	B851_bc_litgate	FINDINGS.md:87-88	programme question system open	main=60,all=419	CHANGELOG.md ; PROGRESS_LOG.md ; README.md ; ROADMAP.md ; TERMINOLOGY.md ; DEL:docs/PROGRESS_LOG.md	It does not show the programme's system is CMR's. That is now the open question
302	B851_bc_litgate	FINDINGS.md:43-44	conjugation complex string occurs	main=20,all=120	CHANGELOG.md ; PROGRESS_LOG.md ; docs/OPEN_LEADS.md ; docs/progress/PROGRESS_2026-Q2.md ; docs/views/VERDICT_LEDGER.md	the string 'complex conjugation' occurs zero times in the CMR paper
303	B852_parabolic_pressure	FINDINGS.md:92-96	continued-fraction cross-section m004 transition	main=5,all=34	CHANGELOG.md ; PROGRESS_LOG.md ; docs/LAW_MAP.md ; f/B738_pathfinder_compiler/kill_graph.json ; f/B1067_rayclass_harvest/w1_results.json	It does NOT show m004's transition is at s=1, or at the programme's beta=1/s=2... m004's actual cross-section requires a complex continued-fraction algorithm over Z[omega]... which is a real build and
304	B852_parabolic_pressure	FINDINGS.md:97-100	genericity parabolic tested model	main=17,all=114	CHANGELOG.md ; PROGRESS_LOG.md ; docs/CAMPAIGN_STATUS.md ; docs/LAW_MAP.md ; docs/OPEN_LEADS.md	It does not establish genericity either way. One parabolic model was tested
305	B853_two_faces_ssb	FINDINGS.md:107-108	transition connection potential verified	main=19,all=122	CHANGELOG.md ; PROGRESS_LOG.md ; docs/CAMPAIGN_STATUS.md ; docs/HINT_LEDGER.md ; docs/LAW_MAP.md	NOT verified: that B6's potential is the free energy of any KMS transition (the relay's own document says 'connection unbuilt')
306	B853_two_faces_ssb	FINDINGS.md:109-110	searched distinct evidence occurs	main=15,all=88	CHANGELOG.md ; PROGRESS_LOG.md ; docs/views/VERDICT_LEDGER.md ; f/B738_pathfinder_compiler/kill_graph.json ; f/B770_closure_census/census.json	that trace 3 never occurs in Gamma_41 (searched words <=7, 82 distinct traces...) -- evidence, not proof
307	B855_wrong_null_audit	FINDINGS.md line 33	non-commensurable registered null	main=7,all=47	CHANGELOG.md ; PROGRESS_LOG.md ; docs/OPEN_LEADS.md ; docs/RETRACTIONS.md ; docs/THE_LADDER.md	the repo has no registered null non-commensurable with both.
308	B855_wrong_null_audit	FINDINGS.md line 100	essentially programme specific control	main=16,all=106	CHANGELOG.md ; PROGRESS_LOG.md ; docs/CAMPAIGN_STATUS.md ; docs/LAW_MAP.md ; docs/OPEN_LEADS.md ; DEL:docs/PROGRESS_LOG.md	the programme has never had a valid control, so "generic vs specific" has essentially never been tested.
309	B857_voice_splitting	FINDINGS.md:30 (quoted in FINDINGS.md li	b737 b739 artifacts markers	main=27,all=182	CHANGELOG.md ; PROGRESS_LOG.md ; docs/progress/REVIEWS.md ; docs/views/VERDICT_LEDGER.md ; f/B742_negatives_hunt_p1/reviews/S16_REVIEW_4_VERDICT.md	Grep of the banked voice artifacts (B737/B739): zero golden markers.
310	B857_voice_splitting	LAW_MAP.md (quoted in FINDINGS.md line 9	h-ear continuous silence emitted	main=5,all=31	CHANGELOG.md ; PROGRESS_LOG.md ; f/B857_voice_splitting/FINDINGS.md ; f/B857_voice_splitting/voice_splitting.py ; papers/P3_THE_PAPER/CLAIM_CANDIDATES.md	H-EAR clause (iii) SILENCE states the golden is "NEVER emitted through the object's solo continuous channel."
311	B857_voice_splitting	FINDINGS.md line 55	eigenvalues uncomputed certified different	main=24,all=168	CHANGELOG.md ; PROGRESS_LOG.md ; docs/CAMPAIGN_STATUS.md ; docs/MASTERPLAN.md ; docs/OPEN_PROBLEMS.md	Whether the 17 certified Maass newforms carry golden markers in their Hecke eigenvalues is a different question and remains uncomputed
312	B868_three_involutions	 three_involutions.py check (3)	conjugation anywhere complex scalars	main=19,all=113	CHANGELOG.md ; PROGRESS_LOG.md ; docs/HINT_LEDGER.md ; docs/views/VERDICT_LEDGER.md ; f/B738_pathfinder_compiler/kill_graph.json ; DEL:docs/PROGRESS_LOG.md	no complex conjugation of scalars appears anywhere in the cascade's code
313	B870_lift_obstruction	FINDINGS.md sec 5	distinguished chooses object torsor	main=8,all=42	PROGRESS_LOG.md ; docs/LAW_MAP.md ; f/B738_pathfinder_compiler/kill_graph.json ; docs/CAMPAIGN_STATUS.md ; docs/THE_END_TO_END_CHAIN.md	No claim about which lift the object "chooses": the torsor has no distinguished point here.
314	B871_registering_datum	FINDINGS.md sec 4	contractions refinement realizing remaining	main=3,all=23	CHANGELOG.md ; PROGRESS_LOG.md ; docs/views/VERDICT_LEDGER.md ; documents/PROGRAM_QUESTION_ANSWER_MAP.md ; documents/program-question-map/inventory/backbone.json	realizing the probe inside the SU(3)_2 modular stage's state vectors and contractions ... is the remaining refinement
315	B871_registering_datum	FINDINGS.md sec 4	generation untouched reaches values	main=45,all=275	CHANGELOG.md ; PROGRESS_LOG.md ; docs/GUT_REQUIREMENTS_LEDGER.md ; docs/HINT_LEDGER.md ; docs/LAW_MAP.md ; DEL:docs/PROGRESS_LOG.md	Nothing here reaches values or generation count. Gate 5 untouched.
316	B872_coset_leg	FINDINGS.md sec 6	charge-sign convention matter labels	main=1,all=7	PROGRESS_LOG.md	Nothing about which of 16/16bar is "matter" -- the labels are a charge-sign convention.
317	B872_coset_leg	FINDINGS.md sec 6	exact-q remains queued pass	main=1,all=7	docs/STRUCTURE_TO_NATURE_MASTERPLAN.md	the exact-Q(rho) pass remains the solo seat's queued cell
318	B872_coset_leg	FINDINGS.md sec 6	b866 b875 b876 generations	main=8,all=50	CHANGELOG.md ; PROGRESS_LOG.md ; docs/progress/REVIEWS.md ; docs/views/VERDICT_LEDGER.md ; f/B882_magic_square_naming/arc_verdict.json	the generations reading stays a signature (B866) with a structure (B875); THE DESCENT (B876, queued) is the deciding computation
319	B874_measurement_ladder	FINDINGS.md sec 3	quasi-split layer-8 b715 b868	main=3,all=21	CHANGELOG.md ; PROGRESS_LOG.md ; docs/views/VERDICT_LEDGER.md	no dictionary to color is asserted (the compact/quasi-split gap is exactly the layer-8 wall, B715/B868)
320	B874_measurement_ladder	FINDINGS.md sec 4	real-form layer-8 relation question	main=4,all=28	CHANGELOG.md ; PROGRESS_LOG.md ; docs/STRUCTURE_TO_NATURE_MASTERPLAN.md ; docs/views/VERDICT_LEDGER.md	The su(2,1) remnant's relation to the layer-8 real-form question -- flagged only.
321	B875_triality_tiling	FINDINGS.md sec 4	generations generation structure mechanism	main=132,all=904	CHANGELOG.md ; PROGRESS_LOG.md ; ROADMAP.md ; docs/CAMPAIGN_STATUS.md ; docs/CLOSURE_2026-07-11.md ; DEL:docs/REVIEWS.md	The generation reading -- each breaking's matter = the two foreign sectors -- remains a structure, not a generations mechanism.
322	B875_triality_tiling	FINDINGS.md sec 4	touches values gate	main=112,all=728	AUDIT_REPORT.md ; CHANGELOG.md ; PROGRESS_LOG.md ; docs/CAMPAIGN_STATUS.md ; docs/HINT_LEDGER.md ; DEL:docs/REVIEWS.md	Nothing here touches values or Gate 5.
323	B876_descent	FINDINGS.md sec 5	re-run symmetry galois holds	main=61,all=352	CHANGELOG.md ; PROGRESS_LOG.md ; docs/HINT_LEDGER.md ; docs/LAW_MAP.md ; docs/OPEN_LEADS.md ; DEL:docs/REVIEWS.md ; DEL:docs/PROGRESS_LOG.md	By Galois symmetry the same holds at the other two roots (not re-run; the S3 acts).
324	B877_fmt_review	FINDINGS.md sec 4 item 1	levi2 manifest handoff absent	main=4,all=29	CHANGELOG.md ; PROGRESS_LOG.md ; docs/progress/REVIEWS.md ; docs/views/VERDICT_LEDGER.md ; docs/OPEN_LEADS.md	Manifest gap: SS3 cites levi2.py (core type, exact Q) -- absent from the handoff.
325	B878_maass_upper_window	FINDINGS.md sec 4	sub-leading completeness adopted leading	main=9,all=47	CHANGELOG.md ; docs/HINT_LEDGER.md ; docs/views/VERDICT_LEDGER.md ; f/B738_pathfinder_compiler/kill_graph.json ; docs/THE_FRAMEWORK.md	No completeness claim for the 43 (the branch's own scope limit, adopted: sub-leading Weyl terms are 43-60% of leading below r = 13.5 -- the budget is a screen).
326	B878_maass_upper_window	FINDINGS.md sec 4	cross-table re-run certification consistency	main=1,all=3	f/B738_pathfinder_compiler/kill_graph.json	the arb certification of the 26 upper values is the branch's ... this seat verified the dataset's internal stability, cross-table consistency, and claim arithmetic -- not a re-run of the certification
327	B878_maass_upper_window	branch_FINDINGS.md (r=7.0720 provenance 	transcription previously statement verified	main=13,all=79	CHANGELOG.md ; PROGRESS_LOG.md ; docs/LAW_MAP.md ; docs/progress/REVIEWS.md ; f/B771_phase1_wave1/wave3_results.json	This section previously said "transcription VERIFIED" -- the durable statement is weaker and stated exactly below.
328	B879_selection_cochain	HANDOFF_CC_SELECTION_COCHAIN.md lines 12	reconciliation addendum anywhere checked	main=34,all=194	CHANGELOG.md ; PROGRESS_LOG.md ; docs/CAMPAIGN_STATUS.md ; docs/HINT_LEDGER.md ; docs/LAW_MAP.md ; DEL:docs/REVIEWS.md	cc3's own reconciliation addendum: NONE of the six claims below are banked anywhere under any name (checked by content, not just title).
329	B879_selection_cochain	INVENTORY.md lines 484-495 (Part C, MISS	corollary frontier verifies states	main=24,all=141	CHANGELOG.md ; PROGRESS_LOG.md ; docs/CAMPAIGN_STATUS.md ; docs/LAW_MAP.md ; docs/OPEN_LEADS.md	M1. ... no frontier cell was found that states or verifies this corollary for the R^{n-2}L family explicitly.
330	B879_selection_cochain	INVENTORY.md lines 497-506	b-number dedicated frontier verifies	main=9,all=58	CHANGELOG.md ; PROGRESS_LOG.md ; docs/CAMPAIGN_STATUS.md ; docs/OPEN_LEADS.md ; f/B738_pathfinder_compiler/kill_graph.json	M2. ... No dedicated frontier B-number/FINDINGS.md was found that computes or verifies either filter independently
331	B879_selection_cochain	INVENTORY.md lines 517-526	multi-block family-wide tabulates conductor	main=1,all=7	f/B879_selection_cochain/packet/w0c_inventory/INVENTORY.md	M4. ... No banked cell was found that tabulates conductor primality over general multi-block R/L words as a family-wide sweep
332	B879_selection_cochain	SCOUT.md line 183	repo-wide categorified hochschild quantum	main=2,all=14	f/B879_selection_cochain/packet/w0d_quantum_scout/SCOUT.md ; f/B879_selection_cochain/packet/w0d_quantum_scout/reading_log.md	a repo-wide search for "quantum cochain", "tube algebra", "Hochschild", "categorified Fox" turned up nothing prior to this cell
333	B879_selection_cochain	HANDOFF_CC_SELECTION_COCHAIN.md line 49	amalgam-wall even-solo headline anywhere	main=1,all=7	f/B879_selection_cochain/packet/HANDOFF_CC_SELECTION_COCHAIN.md	C6 GENUINE, the headline. Zero trace of the amalgam-wall/even-solo construction anywhere in the ~180 new entries.
334	B882_magic_square_naming	 not found" claim)	branching-rule single-step branching composite	main=1,all=7	f/B882_magic_square_naming/priorart_findings.json	no direct single-step branching table for E6 subset so(8)+u(1)+u(1) ... was located in any of the three fetched sources ... The direct composite branching ... is not present in any standard branching-
335	B887_gate_audit	FINDINGS.md section 1, item 4	b877 sibling verdict review	main=17,all=102	CHANGELOG.md ; PROGRESS_LOG.md ; docs/LAW_MAP.md ; docs/OPEN_LEADS.md ; docs/PRACTICES.md	Review 37's B877 lesson had no gate at all (FINDINGS without a sibling verdict).
336	B905_kim_litgate	FINDINGS.md line 15	full-text occurrences measurement operational	main=4,all=28	CHANGELOG.md ; PROGRESS_LOG.md ; docs/progress/REVIEWS.md ; docs/views/VERDICT_LEDGER.md	full-text greps find ZERO occurrences of measurement/observer/operational readings
337	B905_kim_litgate	FINDINGS.md lines 21-23	as-torsor-of-measurements s-room b707 interpretation	main=1,all=7	PROGRESS_LOG.md	the B707/S-room H¹-as-torsor-of-measurements interpretation is not prior art anywhere in this literature — it is this programme's own claim
338	B905_kim_litgate	FINDINGS.md lines 38-40	full-text occurrences freudenthal exhaustive	main=2,all=14	PROGRESS_LOG.md ; docs/views/VERDICT_LEDGER.md	VERDICT: NOTHING PUBLISHED. Exhaustive full-text search of the most relevant 2025 paper: zero occurrences of Freudenthal/magic square/E6; no surveyed source in either literature makes the connection.
339	B907_real_form_selector	DRAFT_COMPLETENESS.md lines 166-169	wall-real enumerated involution component	main=3,all=21	CHANGELOG.md ; PROGRESS_LOG.md ; docs/views/VERDICT_LEDGER.md	The component group of Z_Aut(C) is not enumerated. A wall-real involution realizing a form other than e6(2) is not fully excluded by this cell
340	B907_real_form_selector	DRAFT_COMPLETENESS.md line 173	c4-type f4-type element classes	main=1,all=4	f/B1074_residue_hunt/b1074_results.json	No such element is exhibited; both known wall classes (C4-type and F4-type) name e6(2)
