{
 "15": 0.024951363754652105,
 "45": 0.021031470736692072,
 "135": 0.010286344085303824
}