{
 "15": 0.021347814095751483,
 "45": 0.003712646415137586,
 "135": 0.0009974821593018326
}