{
"o": 5,
"n": 5,
"exps": [
0,
1,
2,
3,
4
],
"t": [
[
[
"-1.310315947790535952728901752620745097635",
"0.2836668971282017115659764105216145746422"
],
[
"1.0",
"-1.232321909660589488189037849318303136613e-65"
],
[
"-0.6105791255858201806131817277353049172971",
"0.2899480250323305256453224208402807507987"
],
[
"-0.01699252386107192075904134491955745689385",
"-0.5327266523514663967244256952159861253549"
],
[
"0.3244427854756467072085093883161707476137",
"-0.64649958109203893857545351121625754316"
]
],
[
[
"0.3106061547936217421988150193279531534746",
"-0.185001650219830190244431386478250343695"
],
[
"-0.9234062467521603059032839723156673087615",
"-0.3872270117630549020620662680959279102934"
],
[
"1.0",
"-3.751959960177270097134480623848969826494e-65"
],
[
"-0.4965210923709362234258508071630346285779",
"1.037404404363285728284237930240740276822"
],
[
"1.052855444180596441318542901112534128836",
"0.5372961716880841255379309103861519516392"
]
],
[
[
"0.02439935958197009489874337055959568242352",
"0.2652726667212026817240431666543779325294"
],
[
"0.1069512039971101760142315577164633400711",
"-0.2021860588073726231190861831444846594445"
],
[
"-0.02758994892400480238808106792861599681292",
"0.1987537655332860346926162385395475100228"
],
[
"1.0",
"8.100381375782496420665598433496254182682e-67"
],
[
"-0.2080770077542962526664484189244412244538",
"-1.131125568717103116174286764237515276109"
]
],
[
[
"-0.3351866520477857621227203238497529646601",
"-0.04216534865469749703028537453011013060179"
],
[
"0.1955192138972511904591315617081053953837",
"0.1369735226731914446875211827846865037722"
],
[
"0.652705248396325667165078527924331598188",
"-0.1418471650610035248649511142372022402419"
],
[
"0.1391452697715182619792024518585101861747",
"-0.1445782089234094768302400013703884965541"
],
[
"1.0",
"-2.750209377793856976960331425620623031613e-65"
]
],
[
[
"0.3860562026624294324856222941441116567951",
"-0.3174288125191764733961618043395032871289"
],
[
"-0.173461203701430728012833968379623484091",
"0.1306573348091202710513262605038627460321"
],
[
"0.190688321119321699839767132093054863686",
"-0.1436226761524683594537006792803894616116"
],
[
"0.03231664198358838830243348547457088646782",
"0.2264362980252821319146020648687189005031"
],
[
"-0.653622995781157082769752609203439397643",
"0.7585518008454809115538357807300444173349"
]
]
]
}