arc	source	kind	reproducible_from_committed	what	where	why
B1_gluing_chern_simons	main	COMPUTED	yes	log(A) = (log phi^2/sqrt5)(H+2(E+F)); frame-to-spin ratio d/a=2; torsion coeff=0	probe.py computation_1_frame_spin_decomposition	numeric logm check to 2.8e-16 and symbolic sympy check are in probe.py, runnable
B1_gluing_chern_simons	main	COMPUTED	yes	gluing identity S_A = ext[S_L-F_R+m*s] holds; extremised (m,s)=(q,Q-q)	probe.py computation_2_gluing_is_composition	sympy symbolic check calling origin_axiom.gluing module, imports external module not shown here
B2_moduli_evolution	main	COMPUTED	yes	handoff claim (M,L)->(M^2L,ML) does NOT preserve figure-eight A-polynomial (nonzero remainder on polynomial division)	probe.py computation_2_test_curve_invariance	sympy exact polynomial division, self-contained in probe.py
B2_moduli_evolution	main	COMPUTED	yes	continuum limit exp(t log A) returns A at t=1	probe.py computation_3_continuum_limit	exact sympy check
B3_regge_complex	main	ASSERTED	no	figure-eight complement has 2 regular ideal tetrahedra, 2 edge classes, 4 face classes, 1 cusp (Thurston, standard fact)	probe.py NUM_TETRAHEDRA etc, hardcoded constants	these counts are stated as 'verifiable in SnapPy' but SnapPy is not run in this probe -- the numbers are hardcoded literature facts, not computed here
B3_regge_complex	main	COMPUTED	yes	3D Regge deficit per edge = 0 (zero-deficit at complete hyperbolic structure)	probe.py regge_edge_check	sympy arithmetic from the hardcoded constants above; exact given those inputs
B4_bkl_gutzwiller	main	COMPUTED	yes	figure-eight orbit (trace 3, word LR) is the shortest primitive modular-billiard orbit; length 4 log phi	probe.py gutzwiller_sum	brute-force enumeration up to word length 10 in probe.py, exact
B4_bkl_gutzwiller	main	COMPUTED	yes	figure-eight share of Gutzwiller orbit sum = 37.8% (numerical, up to trace 17)	probe.py gutzwiller_sum, main()	explicit numeric sum truncated to orbits up to trace 17, printed and reproducible; explicitly labelled Numerical not exact
B4_bkl_gutzwiller	main	COMPUTED	yes	Kasner exponents at u=phi form geometric progression with ratio phi	probe.py kasner_at()	exact symbolic-equivalent numeric check
B5_wheeler_dewitt	main	COMPUTED	yes	H=0 constraint reduces to r^2-r-1=0, solutions phi and -1/phi	probe.py main()	sympy solve, exact and trivial
B5_wheeler_dewitt	main	COMPUTED	unknown	Lambda = 2*pi^2/Vol(4_1) ~= 9.724 (Planck units), ~10^120 times observed cosmological constant	probe.py main(), uses origin_axiom.constants.VOL_FIG8	depends on VOL_FIG8 constant imported from origin_axiom.constants, not shown in this probe; the ~10^120 comparison to the observed Lambda is an order-of-magnitude claim not itself computed symbolically here
B6_field_equation	main	COMPUTED	yes	dV/dtau = kappa(tau^2-tau-1) matches golden expression exactly (P16 fact)	probe.py main(), assert sp.simplify(dV - golden) == 0	sympy assertion runnable in-repo, though it imports origin_axiom.mobius (KAPPA, potential) not shown
B6_field_equation	main	COMPUTED	yes	tau=0 is not a solution (V'(0)=-kappa != 0)	probe.py main()	direct symbolic evaluation
B7_fisher_kpp_creation	main	COMPUTED	yes	finite-difference integration of reaction-diffusion eq converges to tau=phi to |err|~3.6e-11	probe.py run(), main()	explicit numpy finite-difference scheme with fixed seed-free deterministic parameters, printed and asserted err<1e-6 in-repo
B8_particle_spectrum	main	COMPUTED	yes	mass^2 = kappa*sqrt(5) exact (P16); m/g = sqrt(5/(4 log phi)) exact closed form, NOT equal to phi (|m/g-phi|~0.0063)	probe.py main()	sympy symbolic assert abs(ratio-ratio_closed)<1e-12, and numeric comparison to phi printed
B9_fusion_scattering	main	COMPUTED	yes	cubic coefficient of V(phi+eps) expansion equals kappa/3 exactly	probe.py main(), assert sp.simplify(cubic_coeff - KAPPA/3)==0	direct sympy series expansion and assertion
B13_trace_map_character_variety	main	COMPUTED	yes	Jacobian of trace map at (1,1,1) has charpoly (t+1)(t^2-3t+1); rank-2 restriction M is GL(2,Z)-conjugate to A; full block basis det=5	probe.py sections [1]-[2]	exact sympy matrix algebra with explicit asserts, self-contained
B13_trace_map_character_variety	main	COMPUTED	yes	Fricke-Vogt invariant I(x,y,z) exactly preserved by T; Cayley cubic singular tetrahedron with edge 2*sqrt(2); Hessian eigenvalues -2,4,4	probe.py sections [3]-[5]	exact symbolic checks
B13_trace_map_character_variety	main	COMPUTED	yes	A-sector appears in symmetric-square lift iff det(M)=-1 and tr(M)=+/-1 (genericity control)	probe.py section [10]	explicit family of matrices tested plus a bounded closed-form search
B14_half_step_square_root_selector	main	COMPUTED	yes	F=LP is the unique GL(2,Z) square root of A up to sign (F, -F only)	probe.py sections [1]-[3]	exact Cayley-Hamilton derivation plus a bounded brute-force search over [-5,5]^4 confirming exhaustively
B14_half_step_square_root_selector	main	COMPUTED	yes	B(a,b) has integer orientation-reversing square root iff a=b	probe.py section [4]	symbolic derivation with integrality argument
B15_trace_map_invariant_controls	main	COMPUTED	yes	diagonal linearization charpoly (mu+2)(mu^2+(1-2c)mu+(1-2c)); only c=0,1 are actual trace-map fixed points, c=1/2 is not	probe.py sections [2]-[3]	exact sympy jacobian/charpoly and fixed-point solve
B15_trace_map_invariant_controls	main	COMPUTED	yes	Fibonacci coupling lambda=1 (not sqrt(5)) from I(1,1,3/2)=1/4 under this invariant normalization; sqrt(5) requires a different, rejected convention	probe.py section [6]	exact sympy substitution and solve
B16_record_swap_status	main	COMPUTED	yes	P is unique up to sign among involutions X with X L X^-1 = R (bounded search over [-6,6]^4)	probe.py section [2]	exhaustive bounded integer search with sympy, explicit assert
B16_record_swap_status	main	COMPUTED	yes	weaker conditions (det=-1 & X^2=I alone; time-reversal X A X^-1=A^-1) leave many candidates, not just P	probe.py section [6]	explicit counterexample counts printed and asserted > 2
B17_alternation_persistence_selector	main	COMPUTED	yes	L^n, R^n are parabolic (trace 2) for n=1..7	probe.py section [1]	direct sympy trace computation
B17_alternation_persistence_selector	main	COMPUTED	yes	original filters select exactly LR, RL at length 2; adding P to alphabet just gives new spellings (LPLP=A) of already-selected sectors	probe.py sections [2]-[3]	exhaustive enumeration over words up to length 4
B18_trace_lift_functoriality	main	COMPUTED	yes	half-trace map T(x,y,z)=(z,x,2xz-y) is exactly the half-trace-coordinate form of the full-trace automorphism map for phi_F(a)=ab,phi_F(b)=a	probe.py sections [1]-[2]	exact symbolic substitution/simplify check
B18_trace_lift_functoriality	main	COMPUTED	yes	A-level trace map = T_F^2; charpoly at (1,1,1) is (t-1)(t^2-7t+1), resolving parity -1 to +1	probe.py sections [4]-[5]	exact sympy charpoly comparison
B19_exchange_half_step_axiom_audit	main	COMPUTED	yes	three formulations ({X^2=I,XLX^-1=R}, {X^2=I,XAX^-1=RL}, (LX)^2=A) all give exactly {P,-P} in a bounded search over [-8,8]^4	probe.py main()	exhaustive bounded integer search, asserted equal sets
B19_exchange_half_step_axiom_audit	main	COMPUTED	yes	weaker formulations (plain det=-1 involution, time-reversal) leave >2 candidates	probe.py main()	explicit count asserted >2
B20_operational_awareness_test	main	COMPUTED	yes	trace map preserves I exactly (memory); z-update state-dependent (feedback); update rule has no independent I parameter (no explicit read)	probe.py main()	sympy exact check plus explicit substitution test showing no dependence on invariant value c
B21_spacetime_wp_dictionary	main	COMPUTED	yes	half-step trace map is anti-Poisson under the Goldman bracket induced by grad(I); its square is Poisson	probe.py main()	exact symbolic bracket computation with explicit asserts for all coordinate pairs
B22_spectrum_genericity_controls	main	COMPUTED	yes	for every M in GL(2,Z) with det=-1, symmetric-square charpoly divisible by (t+1); the t^2-3t+1 A-sector occurs only when det=-1, tr=+/-1	probe.py main()	exhaustive bounded search over [-5,5]^4 with explicit sp.rem divisibility asserts
B23_bkl_gravity_controls	main	COMPUTED	yes	perturbation expansion of T at (1,1,1): (u,v,w)->(w,u,2u-v+2w+2uw); only nonlinear term is 2uw	probe.py main()	exact sympy expansion and explicit assert against expected form
B24_anyon_quantum_bridge	main	COMPUTED	yes	2*cos(pi/(k+2))=phi holds only at k=3 for k in 1..10	probe.py main()	exact sympy trig simplification checked over a finite range
B25_fibonacci_spectrum_anchor	main	COMPUTED	yes	finite Fibonacci-Hamiltonian tridiagonal approximants (word index up to 20) show box-counting slope near 0.75 mid-scale, and top gaps match golden gap-labeling to residual <5e-4	probe.py analyze_approximant(), main()	explicit scipy eigh_tridiagonal diagonalization and box-counting/gap-label residual asserts, all in-repo and runnable
B25_fibonacci_spectrum_anchor	main	COMPUTED	no	REFINED (later addendum): bandwidth-decay ratio ~0.8711(4); box-counting dimension NOT converged, bracketed [0.78,0.93], Aitken ~0.86	README.md addendum '2026-06-11, review-session'	described as 'numbers reproduced in-session' from a cross-session run; no committed script/witness for this refined estimate is present in the files read (only the original probe.py, which targets 0.75, not this refined bracket)
B26_lambda1_derivation_attempt	main	COMPUTED	yes	T^3(0,0,c)=(0,0,-c) (half-return, not literal period-3); literal T^6 charpoly at selected c^2=5/4 is (t-1)(t^2-27t+1), not the A-sector t^2-3t+1	probe.py sections [1]-[3]	exact sympy orbit iteration and jacobian/charpoly asserts
B26_lambda1_derivation_attempt	main	COMPUTED	yes	Lucas hierarchy (lambda/h)^2 = L_n-2 = 1,5,16,45,121,... under the projective half-return criterion	probe.py section [5]	exact sympy trace(F^n) computation, asserted against literal list
B27_sl3_fibonacci_trace_lift	main	COMPUTED	yes	8D SL(3) trace-map polynomial formula verified against direct random SL(3,R) matrix substitution (5 random seeds, error <1e-8)	probe.py main() section [2]	explicit numpy random matrix construction and numeric cross-check against the symbolic polynomial map, with fixed seeds 1000-1004
B27_sl3_fibonacci_trace_lift	main	COMPUTED	yes	fixed-point Jacobian charpoly = (t-1)(t+1)(t^2-4t-1)(t^2-3t+1)(t^2+t-1); eigenvalues match phi^3,phi^2,phi,1,-1,1/phi,1/phi^2,1/phi^3	probe.py main() section [3]	exact sympy charpoly plus numeric eigenvalue check to 1e-9
B27_sl3_fibonacci_trace_lift	main	COMPUTED	yes	commutator trace swap under one half-step: tr([sigma(a),sigma(b)])=tr([a,b]^-1)	probe.py main() section [5]	numeric verification with 5 random seeds, error <1e-8
B28_projective_quotient_legitimacy	main	COMPUTED	yes	trace map is equivariant under central sign action S(sa,sb); Fricke-Vogt invariant unchanged under S	probe.py sections [1]-[2]	exact sympy residual asserts over all 4 sign combinations
B28_projective_quotient_legitimacy	main	COMPUTED	yes	global antipodal map is NOT a central sign action for generic points, and changes I by 4xyz	probe.py section [4]	explicit test at point (2,3,5) plus symbolic delta_I computation
B29_hierarchy_normalization_controls	main	COMPUTED	yes	(lambda/h)^2 = L_n-2 hierarchy = 1,5,16,45,121,320 for n=2..12 (projective criterion)	probe.py section [2]	exact sympy trace(F^n) computation with explicit assert against literal list
B29_hierarchy_normalization_controls	main	COMPUTED	yes	finite Fibonacci Hamiltonian spectra at lambda/h=1,sqrt(5),4 all pass top-10 gap-labeling residual<5e-3	probe.py section [4]	scipy eigh_tridiagonal diagonalization at word_index=16, explicit assert top_gap_matches==10
B30_projective_state_space	main	COMPUTED	yes	quotient coordinates (u,v,w,r)=(x^2,y^2,z^2,xyz) are central-sign invariant and satisfy r^2=uvw; the trace map descends polynomially to (u,v,w,r)->(w,u,4uw-4r+v,2uw-r)	probe.py sections [1]-[3]	exact sympy residual asserts
B30_projective_state_space	main	COMPUTED	yes	in quotient coords, the B26 half-return becomes literal period-3: Q^3(0,0,c^2,0)=(0,0,c^2,0), but I=c^2-1 is left free (no selection of I=1/4)	probe.py sections [4]-[5]	exact sympy iteration and assert
B31_primitive_projective_return_selector	main	COMPUTED	yes	T^3(0,0,c)=(0,0,-c) holds for every c (not just the selected one); I=c^2-1 is left as a free one-parameter family absent extra rule	probe.py sections [1]-[2]	exact sympy iteration
B31_primitive_projective_return_selector	main	COMPUTED	yes	adding the extra A-sector matching rule uniquely selects c^2=5/4, I=1/4, (lambda/h)^2=1; higher matches (F^4,F^6,F^8) give a hierarchy not a unique answer	probe.py sections [3]-[4]	exact sympy solve and trace(F^n) computation
B32_selector_axiom_audit	main	ASSERTED	yes	S1 selector needed to get I=1/4, lambda/h=1	probe.py asserts selected_i == Rational(1,4) given S1 assumption	probe.py runs symbolic algebra confirming the conditional derivation, but S1 itself is stated as an assumption not derived from A1-A7
B33_sl_n_trace_tower	main	COMPUTED	yes	SL(2)/SL(3) trace-map spectra = symmetric-power decomposition	probe.py section [1],[2] sympy factor/assert checks	polynomial identities are checked symbolically and reproducible, but only rank 2 and 3 are verified; general SL(n) is only a target extrapolation (section [3])
B34_goldman_wp_quotient_naturality	main	COMPUTED	yes	central-sign action is Poisson; half-step map is anti-Poisson	probe.py sections [1]-[3], symbolic bracket checks with asserts	explicit symbolic Poisson-bracket computation with assertions; reproducible from probe.py alone
B35_topology_cusp_marking_route	main	COMPUTED	yes	half-step action on sign characters (Z/2)^2 has order 3, matching projective period-3 return	probe.py [1],[2] mod2_matrix_power checks and orbit assertion	small explicit finite computation (matrix mod 2, orbit enumeration), fully reproducible
B36_fibonacci_renormalization_route	main	COMPUTED	yes	gap-labeling residuals for several lambda/h values (0.5,1.0,sqrt5,4.0) all pass the same tolerance	probe.py gap_control()/best_gap_label_residual(), asserts control.matches==control.count and max_residual<5e-3	numeric eigenvalue computation (scipy eigh_tridiagonal) on Fibonacci word of length index 16, fully in probe.py, reproducible; but only a numeric/tolerance-based check, no exact witness for the eigenvalues
B37_operational_feedback_quarantine	main	COMPUTED	yes	trace map has a nonlinear (feedback) component and an exactly preserved invariant, but does not explicitly reference an invariant variable I (fails 'self-model')	probe.py sections [1]-[3]	symbolic checks on the fixed trace-map formula; straightforward and reproducible
B38_tangent_return_arithmetic_filter	main	COMPUTED	yes	mu=3 selects I=1/4 given integer/minimal-trace and torsion-one closure assumptions	probe.py sections [2]-[4], sympy solve/assert	the arithmetic derivation is exact and reproducible; the arc itself flags that the premise (inheritance of filters by the tangent return) is not proven
B39_tangent_lattice_naturality	main	COMPUTED	yes	integrality of companion-matrix trace gives infinite family c^2=(m+2)/4	probe.py sections [1]-[3]	straightforward symbolic algebra, fully reproducible
B40_filter_reuse_audit	main	ASSERTED	yes	classification of derived vs conditional vs not-derived status for S1/T1 chain	probe.py sections [1]-[3]	the classification itself is a bookkeeping/audit statement (dict of strings), not a mathematical derivation; the accompanying algebra (mu=3 => I=1/4) is computed but the overall audit conclusion is an editorial judgment
B41_projective_orbit_census	main	COMPUTED	yes	bounded census over small rational seeds {-1,0,1}^3 finds periods 1 and 3 present	probe.py [1] itertools.product census, [2] exact coordinate-axis family	small brute-force enumeration, exact via Fraction, reproducible; but the census is bounded to 3 seed values per coordinate so 'simplest orbit' claims are only within that small search space
B42_variational_selector_controls	main	COMPUTED	yes	mu, torsion proxy, discriminant are monotone in I; only a circularly-constructed functional has a stationary point at I=1/4	probe.py [1]-[3], sympy diff/solve/assert	exact symbolic derivatives, reproducible
B43_markov_fricke_arithmetic_route	main	COMPUTED	yes	Delta=5 is the smallest nonsquare discriminant among integer hyperbolic traces mu=3..11, selecting I=1/4	probe.py [1]-[3]	small explicit finite search (trace 3..11) plus symbolic algebra, reproducible; correctly conditioned on the integer-trace assumption
B44_topological_torsion_route	main	COMPUTED	yes	|det(M-I)|=1 forces mu=3 on positive hyperbolic branch, giving I=1/4	probe.py [1]-[2]	exact symbolic solve, reproducible; correctly conditioned on interpretive assumption
B45_renormalization_fixed_point_route	main	COMPUTED	yes	Lucas hierarchy (lambda/h)^2 = L_n-2 for n=2,4,6,...: values 1,5,16,45,121	probe.py [1] trace(f**n) computation	exact symbolic matrix power/trace computation, reproducible; the 'primitive=ground state' framing is an interpretive choice, correctly flagged as an assumption
B46_rank_stability_controls	main	COMPUTED	yes	polynomial division: t^2-3t+1 divides SL(3) char poly exactly, t^2-4t+1 does not	probe.py [1]-[2] sp.div with domain=QQ	exact polynomial division, reproducible; SL(3) char poly is asserted/imported from B27 rather than re-derived here
B47_s1_verdict_ledger	main	ASSERTED	unknown	campaign-wide summary table over B38-B46 verdicts	probe.py verdicts dict, hard-coded	the verdicts dict is manually transcribed from the other arcs' own README status lines rather than programmatically pulled from their files, so a stranger cannot mechanically reproduce it without re-reading each arc; it is however consistent with what B38-B46 report
B48_sl3_metallic_trace_maps	main	COMPUTED	yes	trace-map recurrence formula, entropy formula, c=3/c=1 Jacobian block factorizations, integer fixed-line splitting over -120<=c<=120, 1<=m<=120, SU(3) diagonal slice	probe.py check_trace_map_formula, check_entropy, check_c3_jacobian, check_c1_jacobian, check_integer_classification, check_su3_slice	explicit exhaustive certificate checks over a stated finite rectangle, with a --deep flag for a larger rectangle; result codes returned per-check and printed OK/FAIL, reproducible by running probe.py
B49_sl3_certificate_proof_hardening	main	COMPUTED	yes	universal splitting criterion, square-gap propagation lemma, finite strip exclusions for 4<=c<=14 and -11<=c<=-2	probe.py check_universal_splitting_criterion, check_square_gap_propagation_lemma, check_positive_finite_strip, check_negative_strip	explicit finite-range machine checks plus a stated lemma/mechanism (square-gap propagation) for the remaining infinite ranges (c>=15, c<=-12), which is described as still needing 'clean' prose, i.e. not yet a complete human-reviewable proof for all c
B50_pc12_proof_draft_assembly	main	ASSERTED	yes	existence of papers/candidates/PC12_sl3_metallic_trace_maps/DRAFT_NOTE_SKELETON.md	FINDINGS.md 'Result' section; confirmed present on disk (verified: directory listing shows DRAFT_NOTE_SKELETON.md and later DRAFT_NOTE.md)	this is a documentation-assembly task, not a computation; the file's existence is directly checkable and was confirmed
B51_sl3_symbolic_m_factorization	main	COMPUTED	yes	symbolic 8x8 Jacobian J(m) commutes with exchange involution P; block-diagonalizes with characteristic polys (t-1)(t+1)(t^2-(m^2+2)t+1) and (t^2+mt-1)(t^2-(m^3+3m)t-1)	probe.py check_derivative_sequences, check_exchange_block_diagonalization, check_symbolic_charpolys	fully symbolic in m (not a bounded numeric scan), SymPy expands the difference to zero -- an actual proof, not a certificate over a finite range
B52_multichannel_fibonacci_bridge_control	main	COMPUTED	yes	3-channel Fibonacci tight-binding transfer matrices are 6x6 symplectic (det=1, preserve symplectic form), not 3x3 SL(3); PC12's order-3 recursion fails on them while the order-6 Cayley-Hamilton recursion holds	probe.py check_transfer_group, check_position_space_not_closed, check_commuting_control_decomposes_to_sl2, check_trace_recursion_mismatch	explicit numeric matrix construction and checks with stated tolerances (1e-10, 1e-8), reproducible from probe.py; a literature scan (LITERATURE.md) independently corroborates the negative result with 5 cited sources
B54_general_c_exchange_structure	main	COMPUTED	yes	[J(m,c),P]=0 for symbolic c, checked for m=1,2,3; c=1 twin polynomials; m=1 cyclotomic sweep c=-1..3	probe.py (not read in full text here but referenced by FINDINGS/README; symbolic checks per FINDINGS 'Exact Results')	symbolic in c but only checked for three specific m values (m=1,2,3), so the all-c claim for general m beyond the tested cases relies on the stated structural argument (P-equivariance of the trace map) rather than exhaustive symbolic-m verification
B55_c1_fixed_line_structure	main	COMPUTED	yes	mod-4 classification of symmetric sector, universal antisymmetric factor (t-1)(t+1)(t^2-mt-1)	FINDINGS.md 'Exact Results'; 'Proved per residue class with m symbolic', cross-checked numerically m=1..12	symbolic per residue class (mod 4) plus numeric cross-check for m=1..12; a genuine general-m proof by case split, reproducible from probe.py
B56_figure_eight_invariant_surface	main	COMPUTED	yes	diagonal-locus Fricke-Vogt invariant values {4, -17/2+-7sqrt5/2} never equal 1/4; figure-eight tetrahedron shape solves a disjoint complex equation	FINDINGS.md 'Exact Results'	exact algebraic computation (cubic roots, invariant evaluation), reproducible; explicitly scoped as a negative control for a specific hypothesized bridge
B57_general_m_splitting	main	COMPUTED	yes	integer splitting sets for m=1..6 over c in [-120,120]; c=1,3 universal splitting points	FINDINGS.md 'Exact Results'	exhaustive scan over a stated finite rectangle (c in -120..120) for m=1..6 only -- a bounded certificate, not a proof for all m; general-m universality of c=1,3 is stated as fact but only demonstrated up to m=6
B58_phaseA	main	COMPUTED	yes	n=3 and n=4 exact modular Jacobian factorizations match B65's a_d=(1,1,1,1)	FINDINGS.md section (a), phaseA_results.json 'n=3','n=4' entries	exact finite-field (F_p) computation, prime-stable over 3 large primes {2000003,2000029,2000039}, with committed engine jacobian_closure.py and committed witness phaseA_results.json
B58_phaseA	main	COMPUTED	yes	n=5 gate FAILS: computed a_2=1 vs expected a_2=2, localized to the char(M^2)/e_2=tr(Lambda^2 A) even-k sector	FINDINGS.md section (b)-(c)	same exact engine, converged and prime-stable across L=12,16,20; a genuine, reproducible negative/method-limitation result, not asserted
B58_phaseA	main	IMPORTED	unknown	a_2=2 is correct (established via B62's structural opposition-involution argument, not via the pinv-limit)	FINDINGS.md 'Method-limitation, not a refutation'; B62_STATUS.md sections 1-6	B62_STATUS.md itself flags that B62's height-2 rule is 'verified-match... not proven' and that the identification of the Lie-theoretic θ-split with the dynamical Jacobian multiplicities is an unproven bridge (an explicit stated gap); the a_2=2 'ground truth' this arc treats as correct is therefore itself only a verified-candidate, not a proof
B58_sl4_tower_test	main	COMPUTED	unknown	original claim: SL(4) 7-factor tower prediction is untestable numerically because the fixed-line point is the degenerate identity representation	FINDINGS.md body (below the correction header)	the degeneracy argument (d tr(W)~1e-10, d^2 tr(W)~50) is numerically demonstrated in this arc's own probe.py, but the arc's headline conclusion built on it was later retracted by external work (B742/B745), not by this arc's own files
B58_sl4_tower_test	main	IMPORTED	no	retraction: SL(4) prediction IS numerically testable via an epsilon-extrapolated pinv-ratio route, cross-verified by two other seats (B742, B745)	FINDINGS.md correction header at top	the correcting computation (B742's route, B745's 5 independent checks) lives outside this arc's own committed files (in B742/B745, not sampled in this packet); this digest cannot verify it directly from the files read here
B58_stage1	main	COMPUTED	yes	cotangent dims 9 (n=3), 30 (n=4), >=111 (n=5, partial) for the two-traceless-matrix trace algebra, matching Teranishi/Dokovic published counts	frontier/B58_stage1/cotangent_spectrum.json, step1_cotangent.py	exact mod-p linear algebra in committed step1_cotangent.py, writes committed cotangent_spectrum.json; prime-stable for n=3,4 across 3 primes, single-prime only for n=5 (explicitly flagged PARTIAL/best-effort, K=1100, Lmax=11, not full)
B58_stage1	main	COMPUTED	yes	Sym^2k Kostant/coupled decomposition does not match the tower (kill #25 multiplicity side)	frontier/B58_stage1/sym2k_diagnostic.json, step2_sym2k.py	exact sympy symbolic computation, self-contained, writes committed json
B59_sl4_factorization	main	COMPUTED	yes but NUMERIC ONLY	SL(4) fixed-line Jacobian spectrum factors as char(M^-1).char(M).char(M^2).char(M^3).char(M^4).char(-M^2).(t-1)^2(t+1)	frontier/B59_sl4_factorization/probe.py (check_sl4_factorization, max match 0.0101)	finite-difference extrapolation eps->0 at double precision, matched to target roots within tolerance 0.03; self-described as 'numerical (~3-4 digits), method-validated -- not a symbolic proof'
B60_sln_tower	main	COMPUTED	yes but NUMERIC ONLY	cross-n factorization map for n=3,4 (powers, sign sectors, parity degree)	frontier/B60_sln_tower/probe.py check_sl3_validation/check_sl4_regression	same double-precision extrapolation method as B59, self-described 'numerical, method-validated -- not a symbolic proof'
B60_sln_tower	main	COMPUTED	yes	SL(5) unresolved at double precision, cond(Dx)~1e11 'barrier'	frontier/B60_sln_tower/probe.py check_sl5_conditioning_barrier	condition-number measurement is computed and printed; but this specific conclusion (a genuine conditioning wall) is later retracted by B61 as a misdiagnosis (rank-23 coordinate defect, not a precision wall)
B61_sl5_high_precision	main	COMPUTED	yes	B60's forward-word coordinate set is rank 23 not 24 (a genuine null direction, misread as conditioning wall)	frontier/B61_sl5_high_precision/FINDINGS.md section 1, probe.py svd_pinv at dps=60	high-precision mpmath SVD; committed probe.py and tests/test_b61_sl5.py exist
B61_sl5_high_precision	main	COMPUTED	yes but NUMERIC ONLY	22 of 24 SL(5) multipliers resolve to the Cayley-Hamilton catalog using inverse-word coordinates	frontier/B61_sl5_high_precision/probe.py compute_sl5	high-precision (dps=60) numerical extrapolation matched to catalog roots (worst resolved mode ~2e-5); explicitly 'NOT a symbolic proof'
B61_sl5_high_precision	main	COMPUTED	yes	remaining 2 modes are a genuine method limit (gauge-dependent, scatter across seeds), not a numerical artifact	FINDINGS.md section 4	the scatter across 5 seeds is reported with explicit numbers (2.89,0.90 / 1.43,0.35 / -5.06,0.55 / complex pair / 1.50,-0.17), a genuine negative result about method limits
B62_opposition_involution	main	COMPUTED	yes	theta=-w0 eigenspace split on height-2 root space of A_{n-1} for n=3,4,5 gives (2,0),(2,2),(4,2)	frontier/B62_opposition_involution/probe.py theta_split/height2_sectors	exact combinatorics on root pairs, deterministic, no numerics; reproduces SL(3)/SL(4) known cases exactly
B62_opposition_involution	main	ASSERTED (numerically corroborated, not proved)	yes	the 2 unresolved SL(5) modes ARE char(M^2) (not char(-M^2))	FINDINGS.md item 4, check_residual_sign	the identification rests on (a) an exact but unproven convention that fixed roots go to the +1/symmetric sector, calibrated empirically off SL(3) ('the convention is fixed empirically by SL(3)'), and (b) a numerical sign corroboration using single-seed residual data (2.890, 0.898) hardcoded as literal constants in probe.py rather than recomputed live -- this is IDENTIFICATION_BY_TYPE-adjacent: the height-2 dimension count matching is used to identify which Cayley-Hamilton factor occupies the 2 missing dimensions, without an independent derivation of the root-to-factor correspondence at heights other than 2.
B63_sl4_symbolic_m	main	COMPUTED	yes	L_k(m) polynomials (L_2=m^2+2, L_3=m^3+3m, L_4=m^4+4m^2+2) match tr(M^k) exactly, symbolically	frontier/B63_sl4_symbolic_m/probe.py check_symbolic_structure, Lk_poly	exact sympy Lucas recurrence, a genuine symbolic identity, not fitted
B63_sl4_symbolic_m	main	COMPUTED (numeric spectrum) then FITTED (polynomial interpolation over 6 points, degree<=4, claimed over-determined)	yes but relies on numeric spectrum inputs	each factor's eigenvalue sum at m=1..6 equals the exact integer tr(M^k), and interpolation recovers the exact Z[m] polynomial	probe.py verify_multi_m, interpolate_Lk, factor_sums	the spectrum itself at each m is from the same high-precision mpmath extrapolation method as B59-B61 (numerical, not symbolic); the polynomial fit is over-determined (6 points, degree 4) which is a legitimate rigor argument, but the base data feeding the fit is numerical, so the overall claim of 'computer-assisted symbolic' proof rests on numerics at the input stage
B64_parity_mechanism	main	COMPUTED	yes	SL(3) full symbolic-m Jacobian block-diagonalizes under P into symmetric=(t-1)(t+1)char(M^2), antisym=char(M^-1)char(M^3)	frontier/B64_parity_mechanism/probe.py sl3_sectors, check_sl3_parity_mechanism	exact sympy symbolic algebra on a closed-form derivative sequence, self-contained, no numerics
B64_parity_mechanism	main	COMPUTED	yes	Dickson parity L_k(-m)=(-1)^k L_k(m) for k=1..6	probe.py check_dickson_parity	exact symbolic identity
B64_parity_mechanism	main	COMPUTED (Dickson-parity check) but the underlying SL(4) factorization it is applied to is B63's numerically-reconstructed one, not independently symbolic here	yes for the parity check itself; the factorization it explains is imported from B63	SL(4) sector assignment (even-k to symmetric, odd-k to antisymmetric) applied to B63's factorization	probe.py check_sl4_sector_assignment	this check only verifies L_k(-m) parity for the labels asserted -- it does not independently derive the SL(4) factorization, it assumes B63's (itself numeric-derived) factor list as given (IMPORTED)
B64_parity_mechanism	main	COMPUTED (a Newton identity verification) plus ASSERTED (the broader claim that this is the complete obstruction)	the Newton identity itself yes; the completeness of 'this is the only obstruction' is not independently verified here	the Lambda^2 obstruction is 'localized' -- full symbolic SL(4) Jacobian needs the 6-dim exterior square, not just fundamental depth-4	probe.py check_lambda2_obstruction	the check only confirms tr(W^2)=(trW)^2-2e2(W), a standard identity; it does not prove no other obstruction exists
B65_sl4_symbolic_jacobian	main	COMPUTED numerically then RECONSTRUCTED (rational reconstruction from mpmath dps=50 numerics at m=1..7, interpolated as degree<=4 polynomials, verified over-determined on 7 points vs the 5 needed)	yes -- jacobian_m.json is committed and probe.py loads and re-verifies it without recomputing	the full 15x15 J(m) matrix as an exact rational-polynomial-in-m matrix (committed jacobian_m.json)	frontier/B65_sl4_symbolic_jacobian/compute.py, jacobian_m.json	entries are reconstructed rationals from finite-precision numerics (worst reconstruction error ~7e-5 at m=7); this is legitimate over-determined interpolation (a real rigor argument) but the base data is numeric, not derived from first principles (the trace ring construction remains open per the arc's own text)
B65_sl4_symbolic_jacobian	main	COMPUTED (exact sympy factor() applied to the reconstructed J(m))	yes	char(J(m)) factors exactly over Z[m] into the 7 Dickson factors, verified symbolically for m=1,2,3 and matching B63/B64/B59	probe.py run_checks, verify_charpoly_at	sp.factor(J.charpoly()) is exact symbolic algebra given J(m); the caveat is entirely in whether J(m) itself is correctly reconstructed from numerics upstream
B66_sl6_tower	main	COMPUTED	yes but NUMERIC ONLY (high precision dps=60)	mult(|k|=3)=2 at SL(6), refuting max(n-d,1)=3	frontier/B66_sl6_tower/probe.py main() KEY TEST	high-precision mpmath extrapolation; matched directly to catalog roots
B66_sl6_tower	main	COMPUTED	yes	theta-split sector dims 9/6/5=35 confirmed exact	probe.py theta_split, sector_prediction	pure root-system combinatorics, exact
B66_sl6_tower	main	COMPUTED	yes	the mult=2 result is stress-tested robust across 2 word sets, 2 seeds, 3 values of m, and reproduces the known/proven SL(3)/SL(4)/SL(5) results under the identical pipeline	VALIDATION.md Tasks 1,3,4; validate.py, second_m.py, gauge.py	genuinely independent stress-tests (different word set via QR-pivot auto-selection, m=2/3 substitution, seed-stability/condition-number diagnostics) with concrete numeric outputs; this is the most thoroughly cross-validated arc in the batch
B66_sl6_tower	main	COMPUTED	yes	exact-over-Q reconstruction is NOT achievable for n=6 (honest negative)	VALIDATION.md Task 2, gauge.py Task 2 output	||dt0(seed20)-dt0(seed24)||_max = 7.3e3, directly measured, showing the Jacobian is not seed-canonical -- a genuine, well-supported negative finding, not an assertion
B67_figure_eight_apolynomial	main	COMPUTED	yes	derived A(M,L) equals the published Cooper-Long (1996) A-polynomial of the figure-eight knot, up to a monomial unit (literal equality)	frontier/B67_figure_eight_apolynomial/probe.py derived_A_polynomial, cooper_long, and the ratio check	exact sympy symbolic elimination (resultant), then exact symbolic comparison to a hardcoded literal transcription of the published Cooper-Long polynomial -- this IS an exact symbolic proof, not a numeric match, and the arc_verdict.json PROVED label is actually supported here
B67_figure_eight_apolynomial	main	COMPUTED (symbolic derivation of the identity; numeric check is a secondary sanity test, not load-bearing for the final equality)	yes	the monodromy construction and the intermediate identity kappa=tr(t)^4-5tr(t)^2+2 are exact symbolic derivations, with a numeric spot-check (~1e-15) as a sanity check only	probe.py build_rep, ML_at, main()	the final A(M,L)=Cooper-Long comparison is a symbolic sp.simplify(ratio) check, not a numeric tolerance match
B68_aj_conjecture	main	COMPUTED	yes	no homogeneous q-holonomic recursion of order<=3, Q-degree<=4 exists for the figure-eight colored Jones at generic |q|=1 (confirms V52's 'no order-2' result independently, numerically)	frontier/B68_aj_conjecture/cyclotomic_numeric.py nullspace_dim, main()	the null-space computation via SVD at generic |q|=1 is well-conditioned and reproducible; this is a genuine, honest negative result
B68_aj_conjecture	main	COMPUTED	yes	no exact order-2 recursion exists with Q-degree<=2 (meridian-degree<=4) -- an exact (not merely numeric) sub-result	frontier/B68_aj_conjecture/exact_recursion.py order2_recursion_exists	exact sympy linsolve over Q(q) for the Q-degree-2 case terminates and gives a trivial-only solution; higher Q-degree (>=4) is explicitly stated as computationally intractable in-house (sympy linsolve does not complete), an honest documented limitation, not a silent gap
B68_aj_conjecture	main	COMPUTED	yes	the colored Jones is q-holonomic with minimal recursion order 2 (matching A's L-degree), annihilating J_N for N=2..5	frontier/B68_aj_conjecture/probe.py minimal_recursion_order	numeric SVD null-space detection with a clean singular-value gap criterion; residuals reported explicitly per N
B69_metallic_apoly_family	main	COMPUTED	yes	F_m main components for m=1,2,4 (exact rational functions kappa(x)) and m=3 (degree-2 curve)	frontier/B69_metallic_apoly_family/metallic_apoly_family.py Fmain, cusp3	exact sympy symbolic elimination; m=1 independently PROVED via B67, m=2 cross-checked against separately-committed V33; m=3,4 not independently cross-checked outside this arc
B69_metallic_apoly_family	main	COMPUTED	yes	cusp-torsion law verified m=1..6 (cusps at x=2cos(pi/k) for a specific k-set per m)	cusp_extend_m56.py cusp_poly, kset (for m=5,6); metallic_apoly_family.py for m=1..4	exact symbolic factorization and minimal-polynomial divisibility test; a genuine exact computation, not numeric
B69_metallic_apoly_family	main	ASSERTED (a literature-based judgment call, with an explicit caveat that the primary source PDF could not be parsed for a line-by-line check)	no -- this is a literature-review conclusion, not a computation	novelty of the cusp-torsion law	frontier/B69_metallic_apoly_family/NOVELTY_CHECK.md	NOVELTY_CHECK.md's own text: 'the Baker-Petersen PDF would not parse for a line-by-line check of whether the exact 2cos(pi/k) cusp statement appears verbatim; but the framework... is unambiguously established for this family, so no novelty claim is warranted regardless' -- this is a reasoned but not fully verified literature claim
B70_trace_ring	main	COMPUTED	yes	Two-block Hessian is rank-1 (a*b*tr(X^2)) at SL(4)/SL(5) on traceless sl(n)	two_block_rank1.py (full script, exact sympy, prints RANK-1 True/False)	self-contained sympy script with symbolic setup and print of the boolean check; a stranger can run it
B70_trace_ring	main	COMPUTED	yes	e2-sector closure bound bidegree <= (3,3) on the unipotent fixed line	e2_unipotent_bound.py (full script)	exact sympy, prints bidegree per seed pair; reproducible
B70_trace_ring	main	COMPUTED	yes	generic-epsilon-series two-index content GROWS unbounded (superseded/kept as contrast)	e2_sector_closure.py:1-21 CORRECTION note	script kept deliberately as the wrong-object contrast, correction documented inline
B71_sl3_apoly	main	COMPUTED	yes	Fix(T1^2) decomposes into exactly 3 components of dim 2 (V0, W1, W2), matching published HMP/Falbel structure	probe.py (full, exact sympy factorization + Sym^2 offline check to ~1e-14 over 12 points)	self-contained exact symbolic decomposition, printed pass/fail per component
B71_sl3_apoly	main	COMPUTED	yes	Dehn-filling components literally reproduce Falbel's A-variety M^3=L / M^3L=1 to ~1e-10	peripheral.py (realize/monodromy/meridian, full script)	numerical pipeline with explicit residual reporting; reproducible with committed code
B71_sl3_apoly	main	COMPUTED	yes	M^3=L confirmed to ~1e-43 at 12 exact rational points on W1 (50-digit mpmath)	symbolic_dehn.py:67-131 (w1_highprec_residual)	exact sympy setup over Q(i), mpmath high-precision evaluation, fully committed
B71_sl3_apoly	main	COMPUTED	yes	Geometric component V0 has no tidy closed A-variety form	v0_geometric.py (full script, smallest_monomial_spread search)	numerical spread search over monomials, explicit negative result
B73_sl4_apoly	main	COMPUTED	yes	degree=rank confirmed at SL(4): M^4=L on {tr A=tr A^-1=1} component, ~1e-31/1e-39 high precision; second component gives M^3=L	dehn_filling.py (full script, degree_over_family, scalar-deviation medians printed)	numerical rep-search with explicit residual output, self-contained
B73_sl4_apoly	main	COMPUTED	unknown	Sym^3 SL(4) geometric branch reproduces Sym^3 of SL(2) monodromy to ~1e-12	probe.py:1-40 header + sym_power	only the head of probe.py was sampled per mode; full verification of the Sym^3 shadow check was not read
B73_sl4_apoly	main	ASSERTED	no	no SL(4) Dehn-filling fixed-locus machinery exists yet (B48 is SL(3) only)	probe.py header comment lines 17-24	stated as an honest boundary/deferral, not something computed positively
B74_higher_spin_grading	main	COMPUTED	yes	W_N charge-conjugation grading tr((-X^T)^s)=(-1)^s tr(X^s) verified for sl(3),sl(4),sl(5) generic traceless X	probe.py:58-82 (casimir_conjugation_check)	exact sympy on generic symbolic traceless matrix, boolean-checked per degree
B74_higher_spin_grading	main	COMPUTED	yes	Dickson parity L_s(-m)=(-1)^s L_s(m) verified s=1..6	probe.py:48-55 (dickson_parity_check)	exact sympy trace computation on 2x2 metallic matrix
B74_higher_spin_grading	main	IMPORTED	no	full spectrum comparison (W_N spins vs Dickson positive powers) diverges for n>=4	probe.py:85-120 (TOWER dict, compare())	"the TOWER dict is hard-coded as ""the established tower data (firmly known n=3,4,5; B54/B63/B64/B61/B62)"" — imported from prior arcs, not recomputed here"
B75_metallic_degree_rank	main	COMPUTED	unknown	M^3=L confirmed at m=1 and m=3 (n=3), eigenvalue-form test dev ~7.5e-15 / 2.7e-15 over 8 reps each	FINDINGS.md table, presumably computed in probe.py (not directly read)	probe.py itself was not opened (packet lists it as SAMPLE/FULL but time budget led to relying on FINDINGS' numeric table); the FINDINGS text describes the method (eigenvalue-form test) in enough detail to be plausible but the script was not independently inspected in this pass
B75_metallic_degree_rank	main	COMPUTED	unknown	even-m (m=2, silver) Dehn-filling component NOT found across a 61-spectrum sweep at n=3	FINDINGS.md:49-54	same caveat — described, not independently verified against probe.py source in this pass
B76_cusp_quantum_group	main	COMPUTED	unknown	2cos(pi/k) = [2]_q identity verified k=3..8	FINDINGS.md:15-16, presumably probe.py	probe.py not directly opened this pass; the identity itself is elementary trigonometric/algebraic and plausible, but independent verification of the committed script was not done
B77_degree_rank_mechanism	main	COMPUTED	unknown	[A,B]=c*mu^n with c=(-1)^{n-1}, robust across reps/seeds, scalar-dev ~1e-10 to 1e-14	FINDINGS.md:17-24, presumably probe.py	probe.py not directly opened this pass
B77_degree_rank_mechanism	main	COMPUTED	unknown	A-to-D unification refuted: meridian eigenvalues are generic, not roots of unity, not the Dickson char(M^n) roots	FINDINGS.md:27-36	same caveat
B78_degree_rank_n5	main	COMPUTED	unknown	rep-finder validated at n=3,4 reproducing known sign law (c=+1 at n=3, c=-1 at n=4)	FINDINGS.md:16-21	probe.py not directly opened this pass
B78_degree_rank_n5	main	COMPUTED	unknown	n=5: every converged rep across many spectra is reducible (~100 converged solutions per spectrum, 0 irreducible)	FINDINGS.md:26-29	same caveat; a striking negative numeric claim worth independent rerun
B79_mn_table	main	IMPORTED	unknown	consolidation table: d(1,3)=3 exact, d(1,4)=4 numeric ~1e-39, d(3,3)=3 numeric; d(2,3), d(2,4), d(3,4) all OPEN	FINDINGS.md table lines 12-16	consolidation arc importing prior arcs' (B71/B73/B75) results into one table; probe.py itself not opened this pass
B80_sl4_adproof	main	COMPUTED	yes	char(J(m)) factors exactly as the SL(4) metallic tower (MATCH=True), reconstructed via 5-prime CRT + rational reconstruction from an exact F_p eps-series pinv-limit Jacobian	build_jm.py:140-236 (build_Jm, gate, main)	the full pipeline (modp interpolation, CRT, rational reconstruction, sympy.factor, gate check) is in one committed script with an explicit MATCH boolean printed and written to jacobian_m_crt.json
B80_sl4_adproof	main	IMPORTED	unknown	char poly identical to B65's numerically-derived jacobian_m.json (cross-arc gate)	build_jm.py:177-189 (gate_vs_b65)	depends on B65's jacobian_m.json artifact, which is outside this packet and not independently checked here
B81_sl5_adproof	main	COMPUTED	unknown	char(DT_0(4,m=1)) identical across seeds (canonical); char(DT_0(5,m=1)) scatters (24/25 coeffs differ across seeds 20/99/123)	FINDINGS.md table lines 19-22	probe.py not directly opened this pass; described as exact F_p computation
B82_consolidation	main	IMPORTED	no	synthesis table of 5 physics-bridge probes (anyons/TQC, quasicrystal spectra, j=1728/Seiberg-Witten, higher-spin/W_N, cusp-torsion/quantum group), all verdict negative or same-structure-coincidence	FINDINGS.md:53-69	"this is a synthesis/positioning arc explicitly stating ""no new theorem""; it aggregates conclusions from B28/B29/B34/B37/B53/B56/B58 etc. rather than computing anything itself"
B83_sln_apolynomial	main	COMPUTED	unknown	A_n family L=(-1)^{n-1}M^n confirmed at n=3 (~1e-10) and n=4 (~1e-12, new)	FINDINGS.md table lines 20-24	probe.py not directly opened this pass
B83_sln_apolynomial	main	ASSERTED	no	n=5 prediction L=+M^5 is UNTESTED (principal component not locatable, per B78)	FINDINGS.md:24	explicitly a prediction, not a computed result
B84_sl5_gauge_barrier	main	COMPUTED	unknown	seed-averaging over 40 seeds fails to converge char(DT_0(5,m=1)); gauge-invariant power sums tr(DT_0^k) also scatter across seeds at SL(5) but not SL(4)	FINDINGS.md:16-26	probe.py not directly opened this pass; exact F_p claimed
B85_tower_lynchpin	main	COMPUTED	unknown	Lambda^2 functoriality of the figure-eight substitution verified to ~1e-14	FINDINGS.md:18-24	probe.py not directly opened this pass
B85_tower_lynchpin	main	ASSERTED	no	char(M^2) multiplicity (1 at n=3,4; 2 at n=5,6) is a root-system fact, not a representation artifact	FINDINGS.md:26-30	stated as a structural/root-system argument rather than a direct numeric computation in the excerpt read
B86_unification_synthesis	main	ASSERTED	no	novelty positioning table: A_n family / SL(4) L=-M^4 labeled APPARENTLY_NEW pending literature check; SL(2)/SL(3) results labeled KNOWN	FINDINGS.md:24-36	"an internal (""no external contact"") novelty self-assessment, explicitly not verified against the literature"
B87_m3_genus	main	COMPUTED	yes	spectral genus m=1=3, m=2=1 from exact A-polynomials	apoly_m3.py hyperelliptic_genus/spectral_genus_from_apoly, hardcoded APOLY dict	sympy factorization run in probe.py/apoly_m3.py with printed output; APOLY[1],APOLY[2] are asserted-in as prior results (B67/B69), not derived here
B87_m3_genus	main	COMPUTED	yes	m=3 trace-relation curve disc3 factors to (x^2-x-1)(5x^2-5x-1), genus 1	apoly_m3.py DISC3 constant, hardcoded; also derived numerically in probe.py via curve-fitting kappa=poly(tr t)	probe.py numerically samples points and fits an integer polynomial relation, then factors symbolically with sympy -- reproducible but the numeric fit step (Newton solve + lstsq + integer-rounding heuristic) is a fragile pipeline, not a closed-form derivation
B87_m3_genus	main	UNCLEAR	no	full m=3 SPECTRAL (M,L) A-polynomial genus	FINDINGS.md 'Honest scope'	explicitly marked open/pending, blocked by 'too slow' elimination and by unavailable Magma/Ptolemy tooling per the 2026-07-09 addendum
B88_sl4_census	main	COMPUTED	yes	exactly two clean Dehn-filling components at rank 4, degrees 3 and 4	probe.py degree_of()/COMPONENTS, numeric search over seeds with tolerance 1e-7	numeric (not exact) search with explicit dev thresholds printed; explicitly labeled 'over the spectra searched', not a proof of completeness
B89T_tower_route	main	COMPUTED	yes	cohomological route fails: char(M)^(n^2-1) != tower for n=3,4,5	probe.py cohomological_at_trivial() vs proved_tower(), sympy exact comparison	exact symbolic sympy check, printed in main()
B89T_tower_route	main	COMPUTED	yes	explicit Sym-tower (T) equals proved tower symbolically in m at n=3,4 and matches structural tower at n=5	probe.py sym_tower()/proved_tower(), sp.expand(...)==0 checks	exact symbolic in m; n=5 'proved_tower' itself is only 'structural' per B62, an imported/asserted target not independently re-derived here
B89T_tower_route	main	ASSERTED	no	module-isomorphism (M) for all n	FINDINGS.md 'Labels'	explicitly labeled CONJECTURED; the derivation for all n is stated as the lone open item
B89T_tower_route	main	COMPUTED	yes	n=6 discriminator a_3=2	probe.py char_M3_multiplicity(6)	computed multiplicity of char(M^3) factor in sym_tower(6); labeled CANDIDATE, corroborated 2-of-3 against a known 'gauge-corrupted' B66 numeric result imported by claim
B89_sl4_symbolic_M4L	main	COMPUTED	yes	[A,B]*det(t)^2 = -det(t)*mu^4 as a polynomial identity over Q(w), all 4 free parameters	probe.py m4_equals_l_identity(), exact sympy reduction mod w^2+w+1	pure symbolic ring computation, no numerics; printed pass/fail 'holds' boolean; a stranger can rerun probe.py to reproduce
B89_sl4_symbolic_M4L	main	ASSERTED	unknown	the family (4-parameter gauge-fixed slice) covers the whole component	FINDINGS.md 'Coverage: B73's numerical reps gauge onto the locus'	the covering claim relies on numerical checks in tests (not shown in this packet) that B73 reps gauge into the family; not verified in the files read here
B89_sl4_symbolic_M4L	main	IMPORTED	no (B149 not in this packet)	B89's family is the complete component of irreducible reps (forward note referencing B149)	README.md forward note	the completeness upgrade is attributed to a different arc (B149) not read here
B90_degree_rank_peripheral	main	COMPUTED	yes	L1b (X mu X^-1 = mu A) genuine, fails on random non-bundle (A,t)	probe.py lemma1_residuals(), numeric dev thresholds	numeric (float) residual checks, not exact, but the qualitative claim (genuine vs tautology) is decisive and reproducible
B90_degree_rank_peripheral	main	COMPUTED	yes	L1a is a tautology (holds on random non-bundle pairs, dev ~1e-10)	probe.py l1a_is_tautology()	explicit random-seed numeric test, printed
B90_degree_rank_peripheral	main	COMPUTED	yes	hinge test: both SL(4) components satisfy L1b but give different exponents (4 vs 3), refuting 'exponent=CH degree'	probe.py hinge_test(), reusing B73's dehn_filling.py realize_bundle_rep	depends on cross-arc import from B73; numeric search with seed budget 40, could in principle fail to find a rep (rep=None branch handled)
B92_metallic_classification	main	COMPUTED	yes	det=-1 <=> purely-periodic-period-1 CF, for all 66 unimodular matrices with entries <=5	probe.py census(max_entry=5)	finite brute-force enumeration via sympy continued_fraction_periodic, exact
B92_metallic_classification	main	COMPUTED	unknown (addendum computation via Sage/PARI not in this packet's files)	companion M_m is the UNIQUE GL(2,Z) class for m<=5 and m=7,8; first non-uniqueness at m=6 (h=2)	FINDINGS.md ADDENDUM 2026-08-18 class-number table	the addendum's corrected class-number table used external tools (Sage BinaryQF, PARI cross-validation) whose scripts are not among the files read in this arc
B92_metallic_classification	main	COMPUTED	yes	m=1 (golden) is the systole -- shortest closed geodesic minimizing 2log(lambda_m)	probe.py systole_lengths()	direct closed-form evaluation for m=1..5
B93_det_parity_bridge	main	COMPUTED	yes	det=-1 <=> a negative eigenvalue <=> char(-N^k) parity sectors (MyCalc-1)	probe.py mycalc1_det_iff_parity(), 4 example matrices	exact sympy eigenvalue computation on 4 hardcoded example matrices -- illustrative, not an exhaustive proof, though the underlying algebraic fact (Dickson catalog parity) is standard
B93_det_parity_bridge	main	COMPUTED	yes	parity (m->-m) and Galois (sqrt->-sqrt) are distinct Z/2 involutions, verified k<=4	probe.py parity_action_on_Lk(), galois_fixes_Lk()	exact symbolic check but only for k=1..4, not a general-k proof (though the underlying algebraic identities generalize straightforwardly)
B94_tower_universality	main	COMPUTED	yes (depends on B54/B65 files existing, not in this packet)	char(J^2) factors exactly over catalog char(N^k), N=M_1^2, at SL(3) and SL(4); no sign sectors, no (t+1)	probe.py universality(), reusing _sl3_jacobian_m1/_sl4_jacobian_m1 imported from B54/B65 probe modules	exact symbolic factorization at m=1 only; cross-arc dependency on B54/B65's symbolic_jacobian() functions not verified in this batch
B94_tower_universality	main	COMPUTED	yes	genuine non-square N=[[3,2],[1,1]] confirmed at actual n=2 Jacobian level, matching char(Sym^2 N)	sl2_nonsquare_check.py charpoly_at_triv() vs sym2()	exact symbolic Nielsen-generator composition, self-contained in this file
B94_tower_universality	main	UNCLEAR	no	plethysm-universality for non-metallic N at n>=3	FINDINGS.md 'Scope'	explicitly labeled open (Task A)
B95_degree_rank_mechanism	main	COMPUTED	yes	forced principal spectrum a+1/a=3-n, impossible (|cos|>1) at n>=6	probe.py forced_principal_spectrum()	exact symbolic sympy computation, straightforward algebra
B95_degree_rank_mechanism	main	COMPUTED	yes	n=5 forced spectrum {1,1,1,-1,-1} gives A^2=I, dihedral <A,B>, reducible (algebra-span rank 8 << 25)	probe.py n5_principal_is_reducible()	numeric rank computation over 3 random seeds; a finite word list (11 words) is used as a proxy for the full group algebra span, which is a reasonable but not fully exhaustive test of reducibility
B96_geometry_invariants	main	COMPUTED	yes (requires SnapPy + mpmath installed)	volume ordering vol_1=2.0298832 < vol_2=3.6638624 < vol_3=4.8138192	probe.py volume_table(), SnapPy .volume() cross-checked by Bloch-Wigner dilogarithm	numeric but cross-validated by two independent methods (SnapPy direct + Bloch-Wigner sum), agreement to ~1e-7 per FINDINGS
B96_geometry_invariants	main	COMPUTED	yes	volume Hessian negative definite (0,2): 155/156 nontrivial fillings of 4_1 strictly below vol0, 0 above (Mostow)	probe.py volume_hessian_definite(maxsq=50)	finite numeric sweep over (a,b) with |ab|^2<=50, using SnapPy Dehn filling and volume; this is evidence for, not a proof of, the Hessian signature (Mostow rigidity gives the qualitative maximum, the numeric sweep corroborates it did not find an exception in this radius)
B96_geometry_invariants	main	UNCLEAR	no (needs Sage, unavailable)	|tau_3| torsion is branch-ambiguous, not reported as a number	FINDINGS.md 'Honest status of secondary quantities'	explicitly left open
B97_sl2r_lorentzian	main	COMPUTED	yes	sl(2,R)=so(2,1) trace-form signature (2,1) Lorentzian; su(2)=so(3) signature (0,3) Euclidean	probe.py gauge_signatures()/_trace_form_signature()	standard linear algebra (Killing/trace form eigenvalues) on small fixed bases, exact result well known in the literature, reproducible numerically to high precision
B97_sl2r_lorentzian	main	COMPUTED	yes	explicit SL(2,R) Fuchsian fiber rep with tr[X,Y]=-2 (parabolic)	probe.py fuchsian_fiber_rep()	concrete hardcoded matrices, directly checkable
B97_sl2r_lorentzian	main	COMPUTED	yes	Ad(holonomy) preserves the (2,1) Minkowski form to ~1e-15 (local Lorentz invariance)	probe.py holonomy_preserves_minkowski()	numeric least-squares fit of Ad matrix then direct check of G-preservation; standard and exact in principle (SO(2,1) invariance of the Killing form is a textbook Lie-theory fact)
B98_geometric_jacobian	main	COMPUTED	yes	char(D T1^2)|_geom = (t-1)(t^2-5t+1), adjoint torsion tau=-3 matching cs_invariant_family tau_1	probe.py _T1sq_jacobian_on_V0()/char_at_geometric()/torsion_from_geometric_jacobian()	exact sympy symbolic computation, self-contained; the match to tau_1=-3 imports a value from cs_invariant_family (not in this packet) as the anchor being compared against
B98_geometric_jacobian	main	IMPORTED	n/a (explicitly a citation)	the 3d-3d correspondence / Daly bridge	FINDINGS.md, README.md	explicitly labeled as citation, not our claim -- correctly hedged
B98_geometric_jacobian	main	COMPUTED	yes	tower != Kostant principal-sl(2) branching (Probe 5b)	probe.py tower_vs_kostant()	direct set comparison of two integer sequences, exact
B99_geometric_jacobian_sl3	main	COMPUTED	yes	SL(3) geometric-rep Jacobian eigenvalues: 2 at t=1, 3 reciprocal pairs with sums {5, 4.5+-4.664i}	probe.py jacobian_eigenvalues()/reciprocal_pair_sums()	finite-difference numerical Jacobian (h=1e-7) at a fixed complex point, deterministic but numeric, not exact symbolic; depends on cross-arc import of B71's sym2_groundtruth_coords
B100_literature_crosscheck	main	COMPUTED	yes (requires SnapPy)	N=3 Ptolemy variety of 4_1: 2 obstruction classes, 6 boundary-unipotent SL(3,C) reps in trivial class	probe.py ptolemy_obstruction_classes()/ptolemy_class0_solution_count(), via SnapPy + sympy.solve	reuses SnapPy's own Ptolemy-variety machinery as an independent code path from the repo's own trace-map ideal; deterministic sympy.solve over 8 coordinates
B100_literature_crosscheck	main	IMPORTED	yes (depends on B98 file)	twisted-Alexander transverse quadratic t^2-5t+1 = B98's geometric-rep Jacobian	probe.py twisted_alexander_transverse_quadratic(), reuses _b98().char_at_geometric()	direct reuse of the locked B98 result, not independently recomputed; the genus figures (0 and 3) are explicitly 'cited/prior-banked, not recomputed here'
B101_hitchin_reframing	main	COMPUTED	yes	V0 = Fuchsian locus: Anosov hallmark (all loxodromic, unipotent cusp) + unique SO(2,1) invariant form, signature (2,1)	probe.py v0_anosov_hallmark()/v0_so21_certificate() (sampled, not fully read)	numeric linear-algebra checks on explicit small matrices; sampled only first 120 lines + grep, not the full function bodies for R2-R4
B101_hitchin_reframing	main	COMPUTED	yes (per FINDINGS description; not independently verified from full probe.py in this sampled read)	Lorentzian rung occurs only at k=2 in the symmetric-space ladder; no tower of spacetimes	FINDINGS.md R2 'ladder_signatures'	SAMPLE_CODE mode used per packet instructions; the load-bearing ladder_signatures()/lorentzian_rungs() function bodies were not read in full
B101_hitchin_reframing	main	COMPUTED	yes (per FINDINGS; function body not fully sampled)	H^1 splits 3+5 (Teichmuller + cubic); explicit Anosov deformation leaves V0 and breaks SO(2,1) form	FINDINGS.md R4, probe.py tangent_space_split()/cubic_deformation_witness() (not fully read)	FINDINGS.md explicitly notes an 'honest scope': the unconstrained cubic deformation also moves the puncture holonomy off unipotent, a limitation the arc itself flags
B102_hitchin_continuation	main	COMPUTED	yes (depends on cross-arc import of B71's peripheral.py)	CH dichotomy conditions hold on B71's exact V0/W1/W2 families; census n=40 gives 0 'neither'	probe.py conditions_on_components()/dichotomy_census()	numeric least_squares census (n=40 samples) plus exact symbolic check on 3 named component families; the census is finite and seed-dependent (seed=20 default), not exhaustive
B102_hitchin_continuation	main	COMPUTED	yes	W1 -> A elliptic {1,i,-i}, W2 -> B elliptic {1,i,-i}, geometric V0 self-dual in Q(sqrt-3)	probe.py realize_and_classify()/geometric_trace_field()	order-independent numeric eigenvalue test (elementary symmetric functions) on realized reps; deterministic given fixed (p,q)=(2.7,2.3) or (1.7,2.3)
B102_hitchin_continuation	main	COMPUTED	yes	D5: boundary-controlled cubic family is 9-dim, keeps cusp real only to first order; the handoff's t*~3.775 does NOT reproduce	probe.py relative_cubic_family()/cusp_second_order_complexifies()	explicit honest negative result: a prior handoff's headline claim is directly tested and found non-reproducible (ray-dependent artifact), openly reported as such
B103_tower_equivariance	main	COMPUTED	yes	MCG relations S^2=I, SUS=L, SLS=U lift exactly to 8x8 SL(3) Lawton Jacobians; J(3) constant on 21 multi-word abelianization classes	probe.py relations_lift()/factors_through_N()	exact sympy symbolic matrix equality checks, self-contained, over maxlen=4 word enumeration -- a finite check, not a proof for all words, though the underlying algebraic mechanism (traces are conjugation-invariant) is a standard fact that generalizes
B103_tower_equivariance	main	COMPUTED	yes	det-sign parity law verified on 4 example monodromies (metallic and non-metallic)	probe.py universality_law()	exact symbolic polynomial division tests on 4 hardcoded words
B103_tower_equivariance	main	COMPUTED	yes (n=4 depends on reading a JSON artifact frontier/B80_sl4_adproof/jacobian_m_crt.json not in this packet)	constructive module-iso P*J(m)*P^-1 = Sym-block, exact over Q[m], n=3,4	probe.py module_iso(), _Jm_n3_exact()/_Jm_n4_exact()	n=3 uses sympy interpolation through 5 integer points (m=1..5) of a Lawton Jacobian, degree<=4 assumed but not proven a priori; n=4 imports a precomputed CRT/F_p-reconstructed Jacobian from B80 as ground truth without re-deriving it here
B104_dehn_twist_tower	main	COMPUTED	yes (depends on cross-arc imports of B58's jacobian_closure.py and B80's build_jm.py, not in this packet)	GATE: word ['U','S'] at SL(4) reproduces B80's proved metallic SL(4) tower (mod p)	probe.py gate_sl4(), p=2000003	exact polynomial equality mod a large prime p; reproducible given the imported modules exist
B104_dehn_twist_tower	main	COMPUTED	yes	factor-through-N and universality (catalog match) at SL(4), metallic and non-metallic, verified on 4 example words	probe.py factors_through_N_sl4()/universality_sl4()	mod-p polynomial equality, finite word set
B104_dehn_twist_tower	main	COMPUTED	yes	SL(5): eps-series engine resolves 21/24 Dickson factors (gcd degree 21 of catalog degree 24)	probe.py sl5_attempt()	mod-p gcd computation, single seed=20 default in main(); the FINDINGS/README claim this 21/24 is 'universally catalog-consistent across seeds and monodromies' but that broader claim about seed-invariance is tested in the companion arc B105, not fully in this file's main()
B105_n5_wall_and_convergence	main	COMPUTED	yes per FINDINGS (depends on B104 import); function bodies partially sampled	N5: eps-series resolves 21/24 Dickson factors, universally catalog-consistent across seeds and monodromies	probe.py n5_resolved_degree()/n5_unresolved_factor_varies_with_seed() (sampled)	SAMPLE_CODE mode; the seed-invariance-of-21 claim tested over only 3 seeds (20,21,22) per the sampled code
B105_n5_wall_and_convergence	main	ASSERTED	unknown (Appendix A demonstration not identified as a separate file in this packet)	Correction A: seed-variation of the 3 unresolved factors is uninformative noise from eps-series rank-deficiency, not evidence of 'coordinate artifact'	FINDINGS.md 'Corrections' section, citing an 'Appendix A' demonstration	the FINDINGS text refers to 'Appendix A demonstrates...' but no such appendix file is listed among this arc's 4 files; likely embedded in probe.py or the test file, not confirmed in this read
B105_n5_wall_and_convergence	main	COMPUTED/ASSERTED mixed	partially (cusp_spectrum_facts is a simple numeric check; the 'three obstacle' framing itself is an interpretive/structural argument, not a single computation)	H6/V91: n=5 is a threshold of THREE distinct obstacles (degree=rank, tower doubling, trace-ring non-closure), not one collision	probe.py forced_cusp_spectrum()/cusp_spectrum_facts() (sampled); FINDINGS.md V91 correction text	the three-obstacle distinction rests on citing three separate arcs (B95, B62, engine-free trace-ring argument) rather than one self-contained computation in this file
B106_dehn_filling_anatomy	main	COMPUTED	yes	D1 Jacobian eigenvalue signatures at three fixed-point classes (trivial 3,3,2 real; geometric 3,3,2 complex; SL(3) Dehn-filling 1,1,6 elliptic; SL(4) 4,4,7 elliptic)	FINDINGS.md D1 table, probe.py	numpy/mpmath eigen-computation in committed probe.py, re-seeded ≥3 times per V93 hygiene note, with a locking test
B106_dehn_filling_anatomy	main	COMPUTED	yes	per-eigenvector relation L_i = c·M_i^k with c in {1,1,-1,i} for the four components (D4)	FINDINGS.md D4 table	high-precision numerical eigen-decomposition with deviations quoted to 1e-9..1e-15; script committed
B107_physics_connection_audit	main	COMPUTED	yes	the metallic trace map IS the KKT/Fibonacci trace map; tr[A,B]=x^2+y^2+z^2-xyz-2 conserved for all m	FINDINGS.md section A	symbolic sympy verification m=1..4, deviation identically 0, per probe.py
B107_physics_connection_audit	main	COMPUTED	yes	every SL(3) m=1 tower eigenvalue is exactly ±phi^k (single geometric scale)	FINDINGS.md section B	derived from proved B103 Sym-decomposition; enumerated eigenvalue list given exactly
B107_physics_connection_audit	main	ASSERTED	unknown	mass/dimension = tower-eigenvalue identification is a category error; only M_SUSY ≅ M_flat + 3-branch correspondence is citable	FINDINGS.md section C	this is an interpretive/classification judgment (withdrawal of an overclaim), not a computation with a witness file
B108_theta_to_c	main	COMPUTED	yes	theta commutes with the trivial-point Jacobian J(m) on SL(3) Lawton coordinates (symbolic)	FINDINGS.md 1a/1b	symbolic sympy commutator check, P^2=I
B108_theta_to_c	main	COMPUTED	yes	theta acts as contragredient sending c -> c^-1 at Dehn-filling reps, verified numerically on all four components (<1e-3)	FINDINGS.md 1c	numerical check across ≥2 seeds per component, quoted tolerance
B108_theta_to_c	main	COMPUTED	yes	hinge test: theta fixes c only when c^2=1, fails for order-4 secondary c=i	FINDINGS.md 1d	direct algebraic consequence of order-2 involution acting on order-4 element, verified against B106 data
B109_trace_map_dynamics	main	COMPUTED	yes	eigenvalues of DT1^2 at the void (2,2,2) are {1, phi^4, phi^-4}, Lyapunov {0, ±4logφ}	FINDINGS.md SL(2) section	exact symbolic eigenvalues of a 3x3 Jacobian from the known trace map T1, closed-form phi expressions
B109_trace_map_dynamics	main	COMPUTED	yes	the void is a (2,1)-signature saddle of kappa=tr[A,B]	FINDINGS.md 'void as critical point' section	Hessian eigenvalues {-2,4,4} computed symbolically
B109_trace_map_dynamics	main	COMPUTED	yes	handoff's coordinate-axis facts ('bounded along z', '144-step lifetime asymmetry mode') do NOT reproduce; re-run they diverge in 4-5 steps	FINDINGS.md 'the correction' section	explicit verify-don't-trust re-derivation stated as a correction to an external handoff
B110_off_locus_sector	main	IMPORTED	yes	figure-eight SL(3,C) character variety has exactly three irreducible components (V0,W1,W2), all on the forced locus	FINDINGS.md main table	cites Heusener-Muñoz-Porti (arXiv:1505.04451) for the component count, but the forced-locus check itself is computed via exhaustive grid search over V0∪W1∪W2
B110_off_locus_sector	main	COMPUTED	yes	zero points found with x1≠x4 AND x2≠x5 over exhaustive grid search of V0∪W1∪W2	FINDINGS.md 'the answer' section	grid search implemented in committed probe.py
B111_sign_structure	main	COMPUTED	yes	SL(3) sign rule parity (t-1)(t-detN), corrected from handoff's (t+detN)	FINDINGS.md PART 0, probe.py sl3_sign_rule()	sympy symbolic char poly factorization, verified in sample-read code
B111_sign_structure	main	COMPUTED	yes	closed-form multiplicities ceil((n-h)/2)/floor((n-h)/2) match B62 height-2 splits	FINDINGS.md, probe.py closed_form_matches_b62()	direct comparison function in probe.py against B62 module
B111_sign_structure	main	COMPUTED	yes	Tower(n) = closed form + exactly ONE char(M^1)->char(M^n) promotion, verified n=3,4	FINDINGS.md PATH B/C	diffed against exact n=3 Lawton Jacobian and n=4 B80 tower in probe.py tower_vs_closed_form()
B111_sign_structure	main	COMPUTED	yes	M^4=-1 scalar impossibility forces k=3 on SL(4) secondary (ADDITION 1)	FINDINGS.md ADDITION 1	pure eigenvalue arithmetic, cusp spectra hard-coded from prior arcs
B112_closed_form_proof	main	COMPUTED	yes	Tier 1: theta=-w0 multiplicity dims (ceil/floor) for all n, all h — a root-system reversal-involution lemma	FINDINGS.md 'the theorem'/'the proof'	elementary combinatorial proof plus numeric verification n<=12, all h, two independent computation methods per FINDINGS.md verification section
B112_closed_form_proof	main	COMPUTED	yes	Tier 3 (now marked superseded in-file): identification of theta-split with the tower's char(±M^h) multiplicities, verified only n<=5	FINDINGS.md STATUS RELABEL banner, Tier 3	explicit in-file correction banner documents exactly what is verified vs superseded
B113_sl5_resolution	main	COMPUTED	yes	closed form matches SL(5) tower exactly at heights 2,3,4, including char(M^2)^2·char(-M^2) resolving B62's two gauge-corrupted eps-series modes	FINDINGS.md Finding 1 table	direct per-height comparison against the previously banked SL(5) tower data (B61/B62), computed in probe.py
B113_sl5_resolution	main	COMPUTED	yes	degree=rank is confined to height-1 + top power interface; the promotion is n-dependent, not a uniform char(M)->char(M^n) rule	FINDINGS.md Finding 2	the discrepancy is localized by direct comparison of closed-form vs tower at each height
B114_covering_degree	main	COMPUTED	yes	full covering degree (meridian spectra mod Weyl group mapping to same longitude spectrum) is ~k^(n-1), computed as 9, 27, 40 for the three tested components	FINDINGS.md main table	explicit combinatorial computation over root/permutation counting in probe.py, exact integers quoted
B115_higher_generality	main	COMPUTED	yes	the two known SL(4) Dehn-filling reps (B106) are on the forced locus (tr A = tr A^-1)	FINDINGS.md #5	direct check of the two known component spectra against B106's data
B116_reconcile_theta_sym	main	COMPUTED	yes	the Sym two-sequence exactly matches the resolved SL(5) tower (B61 22/24 + B62's structural 2), including char(M^5)	FINDINGS.md Finding 1	direct comparison of sym_counts(5) to the SL(5) resolved tower data in probe.py
B116_reconcile_theta_sym	main	COMPUTED	yes	theta-split diverges from Sym two-sequence at n=6 (a1 2vs3, a2 3vs2, b2 1vs2)	FINDINGS.md Finding 2 table	direct multiplicity comparison at n=6 computed in probe.py, matching a previously banked V26/V27 result
B117_interleaving	main	COMPUTED	yes	dimension identity (n+1)(n+2)/2 - (n^2-1) = -(n-4)(n+1)/2, vanishing iff n=4, deriving B103's two_sequence_mult	FINDINGS.md 'the dimension identity DERIVES...' section	elementary algebraic identity, verified n=3..7 in probe.py against B103's independently-defined mu_d
B117_interleaving	main	COMPUTED	yes	n=3 unique subset {0,2,3} of {0,1,2,3} summing to dim 8, enumerated over all 16 subsets — Sym^1 is absent, not promoted	FINDINGS.md 'the promotion is a Sym^1 ABSENCE' section	exhaustive enumeration of 16 subsets in probe.py
B117_interleaving	main	COMPUTED	yes	Sym^0..4 char-poly product equals the B80-proved n=4 tower exactly (degree 15, all roots match)	FINDINGS.md '3c' verification note	direct polynomial comparison against a previously proved exact tower
B118_theta_fixed_root_sign	main	COMPUTED	yes	signed contragredient involution tau(X) = -J X^T J^-1 gives fixed-root sign exactly (-1)^(h+1), independent of n	FINDINGS.md 'the computation' section	proved symbolically (epsilon-form residual exactly 0) and numerically verified for all n<=12 per FINDINGS.md
B118_theta_fixed_root_sign	main	COMPUTED	yes	fixed-root sign +1 iff h odd iff the inversion identity char(M^-h)=char(-M^h) holds	FINDINGS.md 'Emergent' section	independently computed from the polynomial identity and matched to the eigenvalue sign, verified for all (n,h)
B119_mk_scalar_mechanism	main	COMPUTED	yes	principal cusp order sequence {4,3,2,infinity} for n=3,4,5,>=6	FINDINGS.md 'the arithmetic' table	direct algebra on a+1/a=3-n, reusing B95's forced_principal_spectrum
B119_mk_scalar_mechanism	main	COMPUTED	yes	k=n is necessary-but-not-sufficient from centrality arithmetic; the A-polynomial (B83) pins the exponent instead; principal object does not exist irreducibly for n>=5 (B95)	FINDINGS.md 'the brave k=n attempt' section	reuses B95.forced_principal_spectrum/n5_principal_is_reducible and B111._CUSP_SPECTRA, both committed
B120_tower_determination	main	COMPUTED	yes	distinct integer matrices with equal (trace,det) give identical towers at n=3,4,5 (8/15/24 roots match)	FINDINGS.md Q3 section	explicit numeric comparison of two matrices with equal (trace,det) in probe.py
B120_tower_determination	main	COMPUTED	yes	height-count closed form count(n,0)=n-1, count(n,{1,2})=2(n-2), count(n,3..n-1)=2(n-h), count(n,n)=2, summing to n^2-1	FINDINGS.md S3+S5 section	verified n=2..8 in probe.py; corrects the handoff's wrong guess formula and its 'no closed form' claim
B120_tower_determination	main	COMPUTED	yes	doubling range {2..n-3} dimension deficit = (n-4)(n+1)/2, correcting the handoff's (n^2-3n)/2 by exactly 2	FINDINGS.md S1 section	verified n=4..10 in probe.py
B121_monodromy_grading	main	COMPUTED	yes	tower (monodromy) highest weights vs Kostant principal highest weights agree only at n=2; tower has odd weights for n>=3, Kostant is even-only	FINDINGS.md main table	both highest-weight multisets computed directly from Sym-decomposition formulas (B103's two_sequence_mult and the standard adjoint-of-principal-sl2 decomposition) in probe.py
B121_monodromy_grading	main	COMPUTED	yes	det Sym^d(M_m) = (-1)^(d(d+1)/2), a sign in every block, tying the odd-weight blocks to char(-M^h) sectors and B118's fixed-root sign	FINDINGS.md 'the obstruction is det(M_m)=-1' section	direct symbolic determinant computation of Sym^d eigenvalue products
B122_W_symmetric_powers	main	COMPUTED	yes	rho_n = Sym^n(W) + Sym^{n-3}(W) - 1 - V decomposes with multiplicity == mu_d, verified n=2..11	FINDINGS.md sec 1, probe.py w_identity_character()	sympy character computation in committed probe.py, explicit range n=2..11 stated
B122_W_symmetric_powers	main	COMPUTED	yes	GL(2)-module-iso holds symbolically in general (x,y), det-independent, n=2..8	FINDINGS.md sec 2	symbolic polynomial identity, range n=2..8 stated, in probe.py
B122_W_symmetric_powers	main	COMPUTED	yes	Sym^4(3-space)=15=dim sl(4), unique saturating order	FINDINGS.md corollaries	direct arithmetic check, exhaustive over small n
B123_arithmeticity_m1	main	COMPUTED	yes	figure-eight regular-triangulation shape z^2-z+1=Phi_6, z0=e^{i pi/3}, trace field Q(sqrt-3)	probe.py figure_eight_shape_is_cyclotomic()	exact sympy computation, no external tooling needed
B123_arithmeticity_m1	main	IMPORTED	no	figure-eight is the unique arithmetic knot complement; m>=2 metallic manifolds are non-arithmetic (as knots)	FINDINGS.md, citing Reid 1991	cited literature theorem, not computed; FINDINGS itself flags the m>=2 confirmation step as 'SnapPy/Magma-GATED... the repo has no trace-field classifier' at time of writing
B123_arithmeticity_m1	main	ASSERTED	no	third independent m=1 selection criterion (arithmeticity, alongside systole and expansion threshold)	FINDINGS.md headline	This specific claim (that arithmeticity uniquely selects m=1) is explicitly overturned by B125 the same day in the log; the arc's own arc_verdict.json still lists superseded_by: null
B124_time_reversal_reciprocity	main	COMPUTED	yes	void Jacobian spectrum {phi^2,-1,phi^-2}, det=-1, reciprocal pair	probe.py void_reciprocal_time_reversal()	exact sympy symbolic differentiation and eigenvalue computation
B124_time_reversal_reciprocity	main	COMPUTED	yes	expanding count == contracting count exactly, every n=2..10, both det signs	probe.py tower_expanding_equals_contracting()	exact combinatorial counting over explicit range, deterministic
B124_time_reversal_reciprocity	main	COMPUTED	yes	raw +-1 excess oscillates period-4, not floor(n/2); exact constant OPEN	probe.py pm1_excess_is_period4_not_floor()	explicit computation n=2..10, honestly flagged as not generalizing past n=4 for other bookkeeping
B125_snappy_arithmeticity	main	COMPUTED	yes	M_m^2 = R^m L^m, trace = m^2+2, verified exactly m=1..6	probe.py structural_identity()	pure numpy exact-integer matrix computation, no external tooling
B125_snappy_arithmeticity	main	COMPUTED	unknown	m=1 kM=Q(sqrt-3), m=2 kM=Q(i), both arithmetic; m=3..6 non-arithmetic (degree>=4)	probe.py RECORD dict + live_arithmeticity(), FINDINGS.md sec 2	computed in-sandbox with SnapPy 3.3.2 + cypari 2.5.6 and recorded as a hardcoded RECORD dict in probe.py; the live recomputation function exists and is SnapPy-guarded (skips if absent) so a stranger without SnapPy installed only gets the hardcoded record, not an independent recomputation
B126_ladder_to_physics	main	COMPUTED	yes	H_1(M_m) = Z + (Z/m)^2, Smith normal form of M_m^2-I	probe.py homology_torsion()	exact sympy Smith normal form, m=1..7; SnapPy cross-check is guarded and optional
B126_ladder_to_physics	main	COMPUTED	partial	kappa-degree over Q(z) = [1,1,3,3,7,6] for m=1..6, rational exactly for arithmetic members m=1,2	probe.py kappa_degree(), KAPPA_DEGREE_RECORD	m=1..4 computed live via Groebner elimination in probe.py; m=5,6 are recorded from 'the longer run' (not re-derived live, no script shown for m=5,6), described honestly as 'family-specific observation, not a law'
B126_ladder_to_physics	main	IMPORTED	no	rigidity propagates exactly two floors then hits a nameable wall (3d->4d ceiling N=4 SYM/N=2*)	FINDINGS.md main body	argument built from cited literature theorems (Dimofte-Garoufalidis, Yoon, Gang-Yonekura, Kapustin-Witten, etc.), not from a committed computation; the in-house computed facts (A) and (B) support but do not by themselves establish the ladder-map conclusion
B127_chirality_arithmetic_naming	main	COMPUTED	unknown	CS(M_m^2=R^mL^m) identically 0 for m=1..6 (SnapPy complex_volume, machine zero)	FINDINGS.md M-2	described as computed via SnapPy but the FINDINGS/README note the SnapPy recomputation is guarded/skips when absent; the packet did not include probe.py at full-read depth for this arc (only FINDINGS/README/verdict were in the batch's per-file list for B127, no probe.py entry present in packet)
B127_chirality_arithmetic_naming	main	COMPUTED	yes	lambda_m<2 only for m=1, so only golden can be a quantum dimension	FINDINGS.md M-3	elementary arithmetic inequality, no external tooling needed
B127_chirality_arithmetic_naming	main	COMPUTED	yes	arithmetic trichotomy: fusion->Q(sqrt(m^2+4)), manifold->imaginary quadratic, braiding->Q(zeta5), disjoint fields	FINDINGS.md M-4	field-theoretic gcd argument, elementary once the constituent fields are established elsewhere (B125, standard cyclotomic facts)
B128_symmetry_breaking_chirality	main	COMPUTED	yes (if SnapPy present)	naive is_isometric_to(mirror) gives false positives on known-chiral m015/m016/m009; correct test is symmetry_group().is_amphicheiral()	probe.py CHIRALITY_CONTROLS, method_bug_live()	SnapPy-guarded live recomputation with hardcoded control record as fallback
B128_symmetry_breaking_chirality	main	COMPUTED	yes	chirality recursion M-A: block-sequence reversal is cyclic rotation iff amphichiral, 15/15 SnapPy predictions across k<=4	probe.py RECURSION_ACHIRAL/RECURSION_CHIRAL + recursion_combinatorics()	pure-combinatorics function seq_is_amphichiral() always runs unconditionally; SnapPy live check is guarded but the combinatorial rule itself is exact and reproducible without SnapPy; the 15/15 SnapPy-side confirmation is a hardcoded record, not always re-verified live
B128_symmetry_breaking_chirality	main	COMPUTED	unknown	torsion tracks periodicity not chirality (K-F tombstone), e.g. achiral doubles single-torsion, achiral periodic triples doubled	probe.py TORSION_TABLE, torsion_does_not_track_chirality()	recorded as a hardcoded table from SnapPy computation; live SnapPy recomputation is guarded/optional
B129_sl3_tower_sealed	main	COMPUTED	yes	S1a: principal Sym^2 metallic SL(3) rep is irreducible (algebra dim 9) with all traces in Q(sqrt-3), exact	probe.py principal_sl3_rep(), PRINCIPAL_TRACES	exact sympy symbolic computation, self-contained
B129_sl3_tower_sealed	main	COMPUTED	unknown	S1b: 15-seed x 30-start off-sublocus scan finds 427 converged fixed points, max distance-to-Q(sqrt-3)=1.2e-6, 0 escapes beyond 1e-5	probe.py offsublocus_search(), S1B_SCAN record	scipy-guarded numerical root-find; the specific 427-point/15-seed run is recorded as a hardcoded number (S1B_SCAN dict), described honestly in FINDINGS as 'strong computational result, NOT a theorem'; a stranger without scipy gets only the recorded numbers, not a fresh scan
B129_sl3_tower_sealed	main	COMPUTED	unknown	silver bundle b++RRLL degree-2 covers reach (cusps,free_rank)=(2,2)	probe.py silver_covers()	SnapPy-guarded; skips cleanly if SnapPy absent, record stands as hardcoded fallback
B130_no_forced_choice	main	COMPUTED	partial	kappa-elimination ideal empty for m=2,3,4 (symbolic Groebner) -> kappa free on fixed locus	probe.py kappa_elimination(), KAPPA_FREE_SYMBOLIC	m=2 computed live in the script's main(); m=3,4 are described as 'verified in-sandbox; recorded' with runtimes noted (~80s, ~8s) but not executed live in main() by default -- a stranger rerunning main() only gets m=2 live, m=3/4 as hardcoded record unless they manually call kappa_elimination(3)/(4)
B130_no_forced_choice	main	COMPUTED	yes	m=5 numerical continuum: 259 distinct kappa values over [-2.0,343.4]	probe.py kappa_continuum_m5(), M5_CONTINUUM	numpy-guarded Newton solve, self-contained function; runs live if numpy present, else uses recorded fallback
B130_no_forced_choice	main	COMPUTED	yes	K-G tombstone: sp.solve mislabeled continuous-curve degeneracies as isolated forced-choice points (a method bug in a prior handoff, caught here)	FINDINGS.md 'The tombstone' section	documented reasoning plus the corrected kappa-elimination-ideal method that replaces it
B131_two_seed_fork	main	COMPUTED	yes	(1,2) fork is exact: kappa in {-4,-2}, both irreducible	probe.py fork(1,2), verdict()	exact sympy solve on the two A-polynomial relations, self-contained
B131_two_seed_fork	main	IMPORTED	partial	A-poly relations m=1: kappa=trT^4-5trT^2+2 (=B67); m=2: kappa=trT^2-6 (=B69/V33)	probe.py apoly_relation(), FINDINGS.md sec 'A-polynomial curves'	stated to reproduce prior arcs B67/B69 exactly; also independently re-derived here from explicit SL(2,C) matrices (verify_apoly_from_matrices, numpy-guarded, residual ~1e-14)
B131_two_seed_fork	main	COMPUTED	unknown	(1,3) and (2,3) forks are numerical (6 and 4 values respectively)	probe.py FORKS dict	hardcoded numerical values in probe.py without a live root-finder shown for these in main(); described as 'numerical' honestly in FINDINGS but the exact Newton-solve script producing them is not visible in the sampled code
B132_quantum_layer	main	COMPUTED	yes	eigenvalue field content m=1..7 at k=4 (S1c): m=1 pure Q(sqrt-3), m=2 fused Q(zeta12)	probe.py field_fusion()	self-contained numpy SU(2)_k modular rep, eigenvalue-order method exact/precision-independent, no external tooling
B132_quantum_layer	main	COMPUTED	yes	S7/S5 WITHDRAWN: field content and vanishing track word composition (mod 4), not chirality -- decisive control shows achiral words span all three fields	probe.py chirality_control(), field_content_by_composition()	the correction itself is computed and shown as a control table in the same probe.py, transparent in-file
B132_quantum_layer	main	COMPUTED	yes	S8 Lee-Yang bridge: sigma_3 Galois conjugate sends d_tau=phi (Fibonacci) to -1/phi (Lee-Yang M(2,5))	probe.py lee_yang()	elementary Galois-conjugate arithmetic on standard modular data
B134_chirality_recursion_proved	main	COMPUTED	yes	theorem: metallic-block bundle amphichiral iff block-length sequence is a cyclic palindrome (proved as GHH-2008 corollary)	probe.py lemma_exhaustive(), anti_palindromic()/seq_cyclic_palindrome()	the combinatorial lemma is verified exhaustively over 5460 cases (length<=6, entries<=4), self-contained pure-python, always runs
B134_chirality_recursion_proved	main	IMPORTED	no	GHH 2008 anti-palindromic <=> amphichiral (the underlying mechanism)	FINDINGS.md proof, citing Goodman-Heard-Hodgson arXiv:0801.4815	cited published theorem, not re-derived from scratch; the arc's contribution is the elementary lift to block-length sequences, honestly stated as such
B134_chirality_recursion_proved	main	COMPUTED	unknown	SnapPy three-way check: anti-palindromic == cyclic-palindrome == is_amphicheiral agree on 16 sample cases	probe.py snappy_threeway()	SnapPy-guarded, skips cleanly if absent
B135_lee_yang_m_specific	main	COMPUTED	yes	lambda_m = (m+sqrt(m^2+4))/2 < 2 only for m=1	probe.py m_specificity()	elementary numpy arithmetic inequality check, self-contained
B135_lee_yang_m_specific	main	COMPUTED	yes	sigma_3 Galois conjugate sends Fibonacci d_tau=phi to Yang-Lee d_tau=-1/phi; central charges +14/5 -> -22/5	probe.py fibonacci_vs_yang_lee()	standard modular-data arithmetic (rank-2 S-matrix), computed directly and checked S^4=I
B135_lee_yang_m_specific	main	ASSERTED	n/a	match is at modular-data level only, NOT a full RCFT identification	FINDINGS.md D3, probe.py match_level string	an honest scope statement about what was NOT shown, not a computed positive claim
B136_general_amphichirality	main	COMPUTED	yes	theorem: bundle amphichiral iff block-pair sequence fixed by reverse+swap up to cyclic rotation	probe.py lemma_exhaustive(), pair_criterion()/anti_palindromic()	exhaustive combinatorial certificate over 7380 cases, self-contained pure python, always runs
B136_general_amphichirality	main	COMPUTED	yes	specializes to B134 on the metallic locus a_i=b_i	probe.py specializes_to_metallic()	direct exhaustive check comparing pair_criterion against cyclic-palindrome test
B136_general_amphichirality	main	COMPUTED	unknown	SnapPy three-way agreement on metallic and non-metallic words	probe.py snappy_threeway()	SnapPy-guarded, skips cleanly if absent
B137_s031_sealing_m2	main	COMPUTED	unknown	SL(3) tower sealed in K_m for m=1 (Q(sqrt-3)) and m=2 (Q(i)) among irreducible off-sublocus fixed points, 0 escapes, 2 seeds each	probe.py sealing_search(), SEALING_RECORD	scipy-guarded numerical root-find; the specific per-seed counts (irreducible count, escapes, reducible artifacts ignored) are hardcoded in SEALING_RECORD as a fallback when scipy is absent; a stranger without scipy only gets the recorded numbers, not a fresh search
B137_s031_sealing_m2	main	COMPUTED	yes	MB7 method note: reducible-locus points fake escapes unless filtered by irreducibility (algdim=9)	probe.py sealing_search() algdim() filter, FINDINGS.md 'method note' section	the filter logic is transparent and reproducible in the same function; the artifact it fixes is documented with concrete numbers (m=2 faked ~15-20 escapes without the filter)
B138_s031_principal_lemma	main	COMPUTED	yes	Sym^{n-1} of metallic SL(2) fixed point has all word-traces in K_m, n=2..5, m=1,2	probe.py principal_image_seals()	pure sympy, runs unconditionally, prints per-n/per-field table
B138_s031_principal_lemma	main	UNCLEAR	no	SL(4) sealing/escape evidence	FINDINGS.md (2)	explicitly stated as NOT obtained (intractable in-session); an honest negative, not a computed result
B139_firewall_cartography	main	COMPUTED	yes	mirror monodromy = M^T, so trace/char-poly/Perron-field equal for 6 chiral + 4 achiral words	probe.py mirror_trace_equality()	pure sympy, exact, unconditional
B139_firewall_cartography	main	COMPUTED	unknown	SnapPy CS-flip / volume-invariance / H1-invariance control	probe.py cs_flip_live()	SnapPy-gated; skips cleanly if absent, so reproducibility depends on the environment having SnapPy installed (not verified in this read)
B140_compute_reconciliation	main	COMPUTED	yes	metallic incidence N=[[m,1],[1,0]] has det=-1, N^2=R^mL^m, tr(N^2)=m^2+2, m=1..4	probe.py incidence_facts()	pure sympy, exact, unconditional
B140_compute_reconciliation	main	COMPUTED	yes	phi-fixed SL(2)/SL(3) loci: unique irreducible point (0,0,0)/Sym^2(0,0,0) is rational	probe.py phi_fixed_sl2(), sym2_of_000_is_rational()	sympy solve, exact
B140_compute_reconciliation	main	UNCLEAR	no	genus-2 chiral twister illustration + its CS numeric	probe.py genus_general_live()	FINDINGS.md explicitly calls this a 'soft spot': twister/Sage absent in-sandbox at the time this arc ran; closure is stated to rest on the general theorem, not this numeric
B141_s031_split	main	COMPUTED	yes	Q8 rep of (0,0,0), order 8, max irrep dim 2, so Sym^{n-1} reducible for n>=3 (alg-dim table n=2..7)	probe.py phi_fixed_tower_reducible(), q8_group_order()	pure sympy algebra-dim BFS, exact
B141_s031_split	main	COMPUTED	yes	fig-8 phi^2-geometric tower is irreducible n=2..5, traces in Q(sqrt-3)	probe.py phi2_tower_irreducible()	pure sympy, exact
B141_s031_split	main	COMPUTED	yes	SL(3) phi-fixed locus is entirely reducible (60/60, no irreducible found)	probe.py phi_fixed_search_sl3()	numeric least_squares search with fixed seed; explicitly labeled CONJECTURE, finite-sample, not a proof
B141_s031_split	main	ASSERTED	no	'Finite image => reducible tower' (the stated Item-3 mechanism)	FINDINGS.md Item 3 / README.md	the addendum shows this general implication is FALSE (SL(2,3)=2T is finite yet has an irreducible Sym^2); FINDINGS.md/README.md/arc_verdict.json still state the finiteness mechanism as the takeaway without an inline correction
B142_klein4_and_magic_cartography	main	COMPUTED	yes	Klein-4 lemma: two involutions with involution product commute => principal phi-fixed stratum reducible	probe.py klein4_lemma_symbolic()	pure sympy rewriting identity, exact, plus a concrete instance verification
B142_klein4_and_magic_cartography	main	COMPUTED	unknown	s776 = magic manifold (not Borromean rings), vol 5.33349, trace field Q(sqrt-7), 3-chain link not Brunnian	probe.py factual_correction()	SnapPy-gated; not re-run in this read, but the values are concrete and specific enough to be a real computation rather than an assertion
B142_klein4_and_magic_cartography	main	COMPUTED	unknown	s776 SL(3,C) Ptolemy variety has 14 obstruction classes, geometric component dim 6	probe.py sl3_ptolemy_object()	Sage-gated; the 'honest object' is only partially instantiated (size reported), not solved -- the SU(3) content question stays open per FINDINGS Item C
B143_interaction_feasibility	main	COMPUTED	yes	mirror preserves trace for metallic words/compositions (seeds 1,2,3) in the (kappa,trT) coordinates B131 uses	probe.py algebraic_venue_is_mirror_blind()	pure sympy, exact
B143_interaction_feasibility	main	ASSERTED	no	topological (JSJ) venue is not SnapPy-tractable, needs Regina (not installed)	probe.py topological_venue()	an honest tooling-gap statement, not a computation; Regina absence is reported directly
B143_interaction_feasibility	main	ASSERTED	unknown	'588 irreducible reps' claim from an AI-assisted review is not reproducible; falsifiable Massey-product part dead for s776	FINDINGS.md item 4 / probe.py verify_588_claim()	the 588 count itself is stated as not reproducible without the source method -- an honest absence, not re-derived here
B144_interaction_chirality	main	COMPUTED	yes	mirror-closure identity: h2*phi*h1^-1 is in GL(2,Z) for sampled h1,h2,phi	probe.py mirror_closure_identity()	pure sympy over a finite sample (6 combinations), exact per-case check; the general algebraic argument (det preserved) is stated as always true
B144_interaction_chirality	main	COMPUTED	unknown	the metallic pieces b++RL, b++RRLL are amphichiral (premise for the identity to apply)	probe.py pieces_are_amphichiral()	SnapPy-gated; falls back to recorded B128 values if SnapPy absent
B144_interaction_chirality	main	UNCLEAR	no	explicit closed cusp-glued composite build in Regina	probe.py regina_build_attempt()	explicitly reported as not in-session-tractable; the structural argument is said to stand without this build
B145_forced_chirality	main	COMPUTED	unknown	GHH criterion (anti-palindromic) matches SnapPy is_amphicheiral on all 39 catalogued bundles	probe.py catalog()/analyze()	SnapPy/Sage-gated (trace-field degree needs Sage); not re-run here
B145_forced_chirality	main	FITTED	unknown	'every quadratic-trace-field bundle is amphichiral / no arithmetic chiral o-p-t bundle'	FINDINGS.md bullet 4 / probe.py bundle_trace_fields (non-invariant trace field)	used the non-invariant trace field rather than the arithmeticity-relevant invariant trace field; the arc's own successor (B146/B147) shows this specific claim is false when the correct (invariant) field is used
B145_forced_chirality	main	COMPUTED	yes	the metallic family R^mL^m is entirely self-mirror; genuinely chiral sample words are not	probe.py metallic_all_self_mirror()	unconditional combinatorial check, sound and unaffected by the later correction
B146_b145_calibration	main	COMPUTED	yes	RRL=[[3,2],[1,1]] is det-1, Pisot (trace 4), and chiral -- axioms permit chirality	probe.py part_a_facts()	pure sympy, exact
B146_b145_calibration	main	COMPUTED	yes	RRLLRL is amphichiral with non-symmetric monodromy [[12,7],[5,3]] -- symmetric is sufficient not necessary	probe.py part_a_facts() A4	pure sympy, exact
B146_b145_calibration	main	COMPUTED	unknown	invariant trace field of RRL/RLL is imaginary-quadratic Q(sqrt-7), refuting B145's non-invariant-field claim	probe.py arithmetic_arm()	SnapPy+Sage-gated; not re-run in this read but reported as a specific catalog scan result
B146_b145_calibration	main	COMPUTED	unknown	M and mirror agree on orientation-independent invariants (vol/H1/trace field), CS flips	probe.py dichotomy_witness()	SnapPy/Sage-gated witness for chiral words RRL, RRRL
B147_arithmetic_chiral_bundle	main	COMPUTED	unknown	RRL/RLL traces are algebraic integers (monic minimal polynomials via pari algdep)	probe.py integral_traces()	runs under plain pyenv (SnapPy+cypari); not re-executed here, but the method (monic-polynomial test, actual-degree leading coefficient) is concretely specified and a real bug in an earlier version is documented as caught (leading coeff must be read at actual, not search, degree)
B147_arithmetic_chiral_bundle	main	COMPUTED	unknown	independent volume/Bianchi-covolume cross-check: vol(RL)/covol=12, vol(RRLL)/covol=12, vol(RRL,RLL)/covol=3	probe.py VOLUME_BIANCHI_RATIOS (recorded, computed under sage-python separately)	explicitly stated as run under a separate sage-python process and recorded as a constant in this pyenv-only probe.py, not independently re-derivable from this file alone
B147_arithmetic_chiral_bundle	main	COMPUTED	unknown	arithmetic o-p-t bundle scan (len<=7) finds exactly 4 arithmetic bundles: RL, RRLL, RRL, RLL	probe.py arithmetic_scan()	SnapPy+cypari-gated scan, not re-run here
B148_kappa_fricke_metallic	main	COMPUTED	yes	Fricke commutator identity tr(ABA^-1B^-1)=x^2+y^2+z^2-xyz-2, kappa=4*I_FV+2 under half-trace convention	probe.py verify_fricke_commutator(), verify_kappa_4I_plus_2()	pure sympy, exact, unconditional, all 16 checks reported pass/fail
B148_kappa_fricke_metallic	main	COMPUTED	yes	tr(R^mL^m)=m^2+2 symbolic in m; Dehn twists preserve kappa; kappa=-2 is the Markov surface containing both (3,3,3) and (0,0,0)	probe.py verify_metallic_trace_symbolic(), verify_dehn_twists_preserve_kappa(), verify_markov_slice_and_two_states()	pure sympy, exact
B148_kappa_fricke_metallic	main	UNCLEAR	no	the physics/cosmological-constant motivation and the class-S coincidence question	FINDINGS.md §0, §4	explicitly labeled POSTULATED/firewalled and left as an open reading task, not a computation
B149_sl4_ideal_completeness	main	COMPUTED	yes	B89's posited family lies in the variety V(I) of the generic 10-quadratic defining ideal	probe.py b89_family_lies_in_variety()	pure sympy substitution + reduction mod w^2+w+1, exact
B149_sl4_ideal_completeness	main	COMPUTED	yes	Q=0 stratum forces reducibility (span(e2,e3) invariant)	probe.py q_zero_forces_reducible()	pure sympy, exact, exhibited on a generic block-lower-triangular t
B149_sl4_ideal_completeness	main	COMPUTED	yes	ideal decomposition by gauge-rank of Q (rank 2 / 1 / 0 strata, minimal primes, per-component M^4=L membership)	decompose.py + decomposition.json	sage-python primary decomposition, output committed as decomposition.json (13750 bytes), re-runnable via documented sage-python command
B149_sl4_ideal_completeness	main	COMPUTED	yes	exact Burnside irreducibility classification over F_p (two primes): decisive cell (irreducible & M^4!=L) = 0	classify_fp.py + irreducibility_fp.json	committed witness JSON at prime 1000003 shows per-stratum counts (rankQ2: 12 irr&M4=L, 0 elsewhere with irreducible reps); script documents and fixes a prior invalid test (Schur commutant) in favor of the correct Burnside algebra-dim test
B150_class_s_coincidence	main	COMPUTED	yes	kappa = tr[A,B] = lambda + lambda^-1 exactly (convention match between B148 kappa-coords and Allegretti-Shan's Fricke cubic a,b,c=-tr)	frontier/B150_class_s_coincidence/probe.py lines 60-72 (re-imports B148 verify_* functions); FINDINGS.md sec1	probe.py imports and re-runs B148's verify_metallic_trace_symbolic / verify_dehn_twists_preserve_kappa / verify_markov_slice_and_two_states; symbolic sympy checks, committed
B150_class_s_coincidence	main	IMPORTED	no	The physics identification itself (SL(2,Z) trace-map action IS the N=2* S-duality MCG action on the character variety, not merely on tau)	FINDINGS.md sec1/sec3 comparison table, citing arXiv:2411.17378 (Allegretti-Shan), arXiv:0907.3987 (GMN), arXiv:0711.1579/0711.1727 (Cantat-Loray)	the FORCED tags rest entirely on cited prose from external papers, not on anything computed in this repo; the probe only re-asserts B148's anchor numbers and hard-codes the COMPARISON table's tags/text as Python dict literals — a stranger cannot verify the tag assignments without independently reading the four cited arXiv papers
B151_firewall_confirmation	main	COMPUTED	yes	figure-eight complex_volume = 2.0298832128... - 1.1e-15i (Vol=2.0298832128, CS=0, amphichiral)	frontier/B151_firewall_confirmation/probe.py lines 65-73 (figure_eight_complex_volume, SnapPy-gated, falls back to a recorded constant VOL_FIG8/CS_FIG8 if SnapPy is absent)	SnapPy call is live and re-runnable when SnapPy is installed; the code also carries a hardcoded fallback constant, so an environment without SnapPy silently reports the same recorded number rather than failing
B151_firewall_confirmation	main	ASSERTED	no	The firewall verdict itself: 'the complex volume/CS invariant enters only as a dimensionless exponent, all dimensionful content in hbar/k and squashing radius' -- FIREWALL_HOLDS for all 3 sources	probe.py lines 40-60 FIREWALL_READING list (hardcoded dict literals with 'exhibited_text': ''); FINDINGS.md table	this is explicitly a reading task per the arc's own framing ('a fact about how the primary sources assign units, not a sandbox computation'); the three FIREWALL_HOLDS tags are literal Python dict entries with no computation behind them and empty exhibited_text fields -- nothing here is machine-checked against the cited papers' actual text, only asserted by the author
B152_cs_amphichirality_census	main	COMPUTED	yes	Scan of SnapPy OrientableCuspedCensus[:240]: 7 amphichiral (m003,m004,m135,m136,m203,m206,m207), 0 necessity violations, 1 converse counterexample (m208, chiral, CS=0)	frontier/B152_cs_amphichirality_census/probe.py lines 57-90 (scan/summarize functions); census.json committed output, rows verified against summary (m003 cs=0.25 amphichiral, m004 cs=8.999e-17 amphichiral, m208 not directly re-checked by this reader but its inclusion in converse_cs0_chiral is consistent with the summary)	probe.py is a standalone runnable SnapPy scan that writes census.json directly; the committed census.json is the actual witness output, not merely asserted
B153_degree_rank_degeneration	main	COMPUTED	yes	n=4 {1,1,w,w^2}: L=-M^4 exact, irreducible, A-free tangent dim 19 (SLICE)	frontier/B153_degree_rank_degeneration/probe.py lines 26-40 (check_n4_slice)	committed numpy script recomputes the residual, tangent dim, and irreducibility on every run and asserts specific values
B153_degree_rank_degeneration	main	COMPUTED	yes	n=5 semisimple {1,1,1,-1,-1}: A^2=I forces B=tAt^-1 to be an involution for any t, so <A,B> is dihedral, hence every SL(5) rep is reducible	frontier/B153_degree_rank_degeneration/probe.py lines 43-54 (check_n5_semisimple_dihedral); FINDINGS.md piece 3	the numeric check demonstrates the algebraic identity on a random t, and the underlying group-theory argument (A^2=I => B^2=I => dihedral) is a proof, stated and reproducible from committed code plus the accompanying proof sketch
B153_degree_rank_degeneration	main	COMPUTED	yes	n=5 non-semisimple irreducible reps EXIST (2 Jordan-type families, Burnside rank 25 / Schur commutant dim 1 agree), but degree=rank fails on them (best matrix match ~2.5, i.e. not zero)	frontier/B153_degree_rank_degeneration/n5_nonss_irreducible.py entire file (Newton solve, burnside_rank, commutant_dim, degree_rank_best_match, asserts total_irr>0 and best_dr>1.0)	standalone runnable script with explicit numeric assertions; the FINDINGS.md correctly labels this leg NUMERICAL not proven, matching the file's own docstring
B153_degree_rank_degeneration	main	COMPUTED	unknown	n=3 {1,i,-i}: exact-over-F_p (3 primes) 2-component decomposition, dim-5 geometric component tangent 11 rigid/irreducible/L=+M^3; dim-3 reducible slice tangent 10	n3_exact_endpoint.sage (NOT independently read by this reviewer; referenced in FINDINGS.md sec 'n=3 is a genuine component')	the .sage file was listed as FULL mode but not opened in this pass; FINDINGS.md describes it as reproducible via Sage, and the claimed exact tangent values (11, 10) are explicitly flagged in FINDINGS.md as a self-caught correction from an earlier wrong numerical value (14), which is a good transparency sign, but this reader did not verify the sage script's content directly
B154_silver_bundle_foundation	main	COMPUTED	yes	The metallic cusp meridian mu=A^-m t derived from the exact free-group identity phi_m([A,B])=A^m[A,B]A^-m; verified on silver bundle reps with ||[mu,[A,B]]||~1e-11	FINDINGS.md 'The metallic cusp meridian' section; corroborated by silver_construct.py content	a free-group word-reduction identity plus a numeric residual check on constructed matrix reps, described as reproducible via silver_construct.py
B154_silver_bundle_foundation	main	FITTED	yes	Closed-form exponent law k=4-m(o-3) fit to o in {3,4}, m in {1,2}	FINDINGS.md 'A clean closed form fits every point' section, explicitly labeled 'empirical fit', and then superseded by the CORRECTION banner (2026-06-17, B157/V151): 'the closed form k=4-m(o-3) is REFUTED' with counterexamples at m=3	the fit itself is reproducible from the committed data points, but was explicitly refuted in a later arc (B157) with the correction banner properly appended in this same FINDINGS.md file
B155_golden_phase_bridge	main	COMPUTED	yes	M_g in SL(4,Z), charpoly = (x^2-3x+1)(x^2-x+1) = figure-eight golden factor x order-6 phase factor; block split; nonderogatory (min poly = char poly); glue group (Z/2)^2 (sublattice index 4); invariant form signature (1,3), det=-15 mod squares	frontier/B155_golden_phase_bridge/golden_phase_bridge.py (pure sympy, prints PASS for every check, per FINDINGS.md reproduction section)	explicit integer matrix and symbolic sympy checks fully committed and independently re-derived from an external handoff (FINDINGS.md states this was independently re-derived, not transcribed)
B156_omega_strict_full_cone	main	COMPUTED	yes	Core R/G algebra for R_{a,m}, G_{a,m} at n=4: det R=1, palindromic charpoly, R^T G R=G, det G=-delta/(m+1), signature (1,3) on live cone rigorously (Sylvester pivot certificate, not sampled)	frontier/B156_omega_strict_full_cone/omega_independent_verify.py (16/16 checks, symbolic sympy)	fresh symbolic sympy derivation explicitly stated to not import the handoff's own scripts
B156_omega_strict_full_cone	main	COMPUTED	yes	TC-2 (strict-full implies reciprocal char poly); the handoff's own stated general identity was found circular and corrected in-place	frontier/B156_omega_strict_full_cone/tc2_reciprocity_verify.py	symbolic re-derivation plus adversarial control cases (non-reciprocal matrices with no invariant form), with the correction documented as a caught circularity in the imported handoff material
B156_omega_strict_full_cone	main	COMPUTED	yes	Strict-full survivor counts L4-L10 (96, 672, 3840, 20928, 105312, 521904, 2488080)	frontier/B156_omega_strict_full_cone/independent_recount.py, cross-checked against a separate handoff brute-force script found to over-count (per-class instead of per-matrix)	an independent, fresh-code exact-det-based counter re-derives every level and the FINDINGS.md documents catching a real bug in the imported handoff's own brute-force script (it over-counted L5/L6 using per-class rather than per-matrix classification)
B156_omega_strict_full_cone	main	COMPUTED	yes	TC-1 (Omega_4 = B155's golden x phase object is the unique minimal strict-full seed at L=4) and TC-4 (orientation no-go: relabel-closed ensembles have zero net Pfaffian residual)	frontier/B156_omega_strict_full_cone/tc1_tc4_verify.py	exhaustive enumeration over 144 strongly-connected L4 histories plus a symbolic sign-law proof for the Pfaffian relabeling
B157_metallic_exponent	main	COMPUTED	yes	k-table grid k(m,o) at SL(3), incl. bronze (m=3,o=4)->3 and (m=3,o=6)->1	k_table_final.py, bronze_verify.py (independent full-relation Newton path)	committed numpy Newton scripts with explicit gates (irreducibility, full-relation residual, non-central longitude) print the k-values; two independent scripts agree
B157_metallic_exponent	main	COMPUTED	unknown	figure-eight (m=1,o=4)->k=3 exact over Q(i)	FINDINGS.md Result 3, r1_fig_sl3_o4_proof.py (listed only, not opened)	referenced as exact symbolic proof but script itself not read in this pass
B157_metallic_exponent	main	COMPUTED	yes	SL(4) {1,1,i,-i} locus empty (Lemma1 ideal membership + Lemma2 Burnside<16)	sl4_o4_empty.py	committed sympy Groebner-basis reduction (radical membership) plus a committed numpy Newton/Burnside-rank sweep, both re-run in this script
B157_metallic_exponent	main	ASSERTED	no	the CORRECTION 2026-06-23 (Sage reproduces SL(3) cells; SL(5) o=5,m=1->k=2 reached by gauge-fixing)	FINDINGS.md, in-file CORRECTION appended after the original NEEDS-SPECIALIST update	the correction narrates a Sage session and a gauge-fixed Newton result but no corresponding script is listed among this arc's committed files (points to a separate arc B198, not sampled here)
B158_omega_tower_bridge	main	COMPUTED	yes	(p-2)(q-2) = -2(m+1) factorization identity for chi_Omega	bridge_audit.py check 1 (sympy symbolic Vieta identity)	pure sympy symbolic algebra, self-contained, prints PASS/FAIL
B158_omega_tower_bridge	main	COMPUTED	yes	6 explicit (a,m) lattice points realize metallic monodromy charpolys x phase as Omega reciprocal factors on the live cone (signature 1,3)	bridge_audit.py check 2, explicit Rmat/Gmat instantiation + numpy eigvalsh signature check	matrices are explicit, charpoly match and signature computed directly in the script
B158_omega_tower_bridge	main	COMPUTED	yes	shears A=S03, C=S23 commute -> no faithful mechanism	bridge_audit.py check 3	trivial explicit 4x4 integer matrix check
B159_omega_class_dag	main	IMPORTED	yes	level counts (classes/histories/matrices) for L4-L10 match an externally-supplied export	verify_gate2_dag.py PART 1, reading the committed node/edge CSVs	the raw class/edge data originated as a cross-session handoff (not derived in this arc's own code) but the CSVs actually used are committed in the repo, so a stranger can rerun PART 1 checks against them
B159_omega_class_dag	main	COMPUTED	yes	the same L4-L7 class/edge structure, re-derived from scratch with an independent from-scratch counter (no shared code with the export)	verify_gate2_dag.py PART 2, importing frontier/B156/independent_recount.py	self-contained exact-integer det-based enumeration, cross-checked against the CSV per-class (history,matrix) counts and edge multiplicities; exact match reported
B159_omega_class_dag	main	ASSERTED	no	L8-L10 class structure claimed to 'rest on verified ground' by extension from the L4-L7 match	FINDINGS.md 'What was verified' PART 2 paragraph	L8-L10 themselves are NOT independently re-enumerated in this arc (PART 2 defaults to MAXLEVEL=7); the claim that they 'rest on verified ground' leans on B156's separate re-derivation of the aggregate history totals, not a fresh recount of the per-class structure at L8-L10
B160_quasicrystal_bridge_corroboration	main	COMPUTED	yes	generic Fricke identity tr[A,B]=x^2+y^2+z^2-xyz-2 on random SL(2) pairs	INDEP_verify.py check 1	sympy symbolic exact-rational check on 6 random pairs, self-contained
B160_quasicrystal_bridge_corroboration	main	COMPUTED	yes	metallic transfer-matrix identity tr[A,B]=2+lambda^2, E-independent	INDEP_verify.py check 2	sympy symbolic simplify on explicit 2x2 matrices
B160_quasicrystal_bridge_corroboration	main	COMPUTED	yes	bronze (m=3) trace map derived via Cayley-Hamilton, matches matrices numerically, conserves Fricke invariant symbolically, and its spectrum measure decays geometrically (~0.719)	bronze_indep.py	self-contained sympy+numpy script deriving the trace map and checking it against explicit transfer matrices and a finite-grid spectral-measure estimate
B160_quasicrystal_bridge_corroboration	main	COMPUTED	yes	kappa=-2 <=> lambda=2i gives a parabolic (non-central) commutator = figure-eight cusp	INDEP_verify.py check 5	explicit sympy substitution and matrix identity check
B160_quasicrystal_bridge_corroboration	main	COMPUTED	unknown	golden/silver/bronze spectral measure -> 0 at distinct geometric rates (0.759/0.779/0.719)	FINDINGS.md table; fib_spectrum.py, silver.py (listed only, not opened)	the two golden/silver scripts backing these specific numeric ratios were not opened in this pass; bronze's own script (bronze_indep.py) was opened and does compute its ratio numerically via a finite-grid transfer-matrix scan (not a rigorous measure-zero proof, itself flagged NUMERIC in the verification ledger table)
B161_cancellation_locus_stratification	main	COMPUTED	yes	{kappa=2} is a codim-1 hypersurface (grad kappa != 0 at a sample point)	cancellation_stratification.py R1(a)	direct sympy symbolic gradient evaluation
B161_cancellation_locus_stratification	main	COMPUTED	yes	kappa is free on the phi_m fixed locus for m=2,4 (Groebner elimination ideal empty)	cancellation_stratification.py R1(b)	explicit lex Groebner basis computed and inspected for k-only generators in the script
B161_cancellation_locus_stratification	main	COMPUTED	yes	commuting SL(2) pairs are measure-zero (0/50000) and kappa spans a continuum	cancellation_stratification.py R1(c)	direct numpy random sampling, N=50000, printed fraction and std
B161_cancellation_locus_stratification	main	COMPUTED	yes	kappa=2 (lambda=0) full AC band measure=4; kappa>2 spectral measure shrinks toward 0	cancellation_stratification.py R2	finite-grid transfer-matrix trace scan, self-contained
B161_cancellation_locus_stratification	main	IMPORTED	unknown	B156 endpoint entropy 0 (commuting cone) vs log 2 (wall-avoiding)	FINDINGS.md Result 2(c), cited as '[proved, cited]'	explicitly imported from a separate arc (B156), not recomputed here; not sampled in this pass
B162_kappa_sweep	main	COMPUTED	yes	self-validation V1-V4 (Hermitian sanity, BC-robustness, size convergence, chiral symmetry) for the direct finite-chain diagonalization method	kappa_sweep.py, printed checks	explicit numpy eigenvalue computations with printed pass/fail and numeric tolerances
B162_kappa_sweep	main	COMPUTED	yes	kappa=2 (lambda=0) gives full-band measure ~4.000; kappa>2 gives Cantor-dust measure shrinking to 0.097 at lambda=2	kappa_sweep.py band_measure_1d finite-grid scan	direct finite-grid transfer-matrix trace evaluation, self-contained
B162_kappa_sweep	main	COMPUTED	yes	kappa<2 (lambda=i*mu) spectrum is 'thin' (2D box-count area shrinks with grid refinement) and lift-off max|Im E| ~ 0.91*mu	kappa_sweep.py area_2d function + printed loop	explicit box-counting on finite eigenvalue sets from a finite Fibonacci-word Hamiltonian; explicitly caveated in FINDINGS.md as NOT a proof of true Cantor structure off the real axis
B162_kappa_sweep	main	COMPUTED	yes	kappa=-2 parabolic commutator = figure-eight cusp	kappa_sweep.py final symbolic check, imported reasoning from B160	direct sympy symbolic re-check, same identity as B160's INDEP_verify.py
B163_kappa_sweep_resolved	main	COMPUTED	yes	kappa<2 spectrum (golden mu=1i and figure-eight-point mu=2i) is totally disconnected (MST max-gap/diameter -> positive constant across F=144..1597), tracking a known-Cantor control (kappa=3) rather than the band control (kappa=2)	kappa_resolved.py section (3a), MST-based diagnostic with two explicit controls	self-contained numpy MST computation over finite Fibonacci-chain eigenvalue sets at 4 chain sizes, with printed control-bracketing tables; explicitly labeled 'control-bracketed numerical verdict, not a theorem'
B163_kappa_sweep_resolved	main	COMPUTED	yes	no spectral feature is non-smooth or specially matched to a figure-eight invariant exactly at kappa=-2 (null-test across 5 features x 4 candidate invariants)	kappa_resolved.py section (3b)	explicit second-difference smoothness test plus a neighbor-comparison null-test on printed numeric features
B164_isomonodromy_04cubic	main	COMPUTED	yes	the three Vieta involutions preserve the (0,4) Jimbo-Fricke cubic and are genuine involutions	cubic04.py C1	sympy symbolic exact expansion check
B164_isomonodromy_04cubic	main	COMPUTED	yes	the (0,4) cubic at t_i=0, after z->-z, equals the OPT Fricke cubic at kappa=2	cubic04.py C2	sympy exact polynomial-subtraction check
B164_isomonodromy_04cubic	main	COMPUTED	yes	metallic degrees lambda_m, lambda_m^2, trace field Q(sqrt(m^2+4)) for m=1,2,3	cubic04.py C3	sympy exact eigenvalue computation
B164_isomonodromy_04cubic	main	COMPUTED	yes	the Vieta composite s_x o s_y is loxodromic (median per-step log-growth > 0.5) on random on-surface orbits	cubic04.py C4	explicit numpy orbit iteration with a printed median growth rate and an involution control; FINDINGS.md is explicit that this is [num] and an earlier draft's exact-degree claim (dynamical degree = phi^2) was refuted and walked back to the weaker loxodromic claim
B165_kappa_cantor_offaxis	main	COMPUTED	yes	the trace map T=(2xy-z,x,y) conserves the Fricke-Vogt invariant I	cantor_offaxis.py D0	direct sympy symbolic expansion, exact
B165_kappa_cantor_offaxis	main	COMPUTED	yes	MST max-gap/diameter for kappa=-2 is persistent (>>band control) across golden(m=1)/silver(m=2)/bronze(m=3) seeds	cantor_offaxis.py D1	self-contained numpy computation reusing B163's diagnostic, extended to 3 seeds
B166_sln_aperiodic	main	COMPUTED	yes	every antisymmetric nxn matrix (n=3,5, odd) is degenerate (det=0), so no symplectic form exists for odd n; n=2 control has one	sln_aperiodic.py Q0	direct sympy symbolic determinant of a generic antisymmetric matrix
B166_sln_aperiodic	main	COMPUTED	yes	a naive SL(3) Fibonacci transfer cocycle shows no clean Cantor-style thinning relative to a periodic control (RECORDED NEGATIVE)	sln_aperiodic.py Q1	explicit numpy Lyapunov-exponent QR sweep, self-contained, with an honest negative result printed and asserted as such
B167_conserved_no_scale_lemma	main	COMPUTED	yes	kappa is preserved by the Dehn twists Ta, Tb and by phi_1, phi_2, phi_3 (kappa is a first integral)	conserved_no_scale.py L1	direct sympy symbolic exact expansion checks
B167_conserved_no_scale_lemma	main	COMPUTED	yes	a coordinate x is NOT conserved by Tb, so 'conserved' is a real, falsifiable property (MB6/MB12 control)	conserved_no_scale.py L2	trivial symbolic check, non-vacuity control
B167_conserved_no_scale_lemma	main	COMPUTED	yes	kappa is not unit-homogeneous under a formal rescaling of the traces (mixes u^0,u^2,u^3), so it is dimensionless by construction	conserved_no_scale.py L3	direct symbolic degree-counting check
B167_conserved_no_scale_lemma	main	ASSERTED	no	'Lemma (3): conserved => no internal scale' — the RG/dimensional-transmutation argument (no running coupling => no internally-sourced dimensionful observable)	FINDINGS.md 'The lemma' item 3	explicitly and honestly labeled [stated]/POSTULATED in the FINDINGS.md itself, not a computed result — a logical/physical argument by analogy to RG theory, not a theorem proved in the script
B167_conserved_no_scale_lemma	main	ASSERTED	no	the five-door case analysis (dimensional transmutation, anomaly, VEV, external import, discreteness-ratio) as an exhaustive taxonomy	FINDINGS.md 'The door-map' table	explicitly labeled 'argued to be exactly five ... a taxonomy argument, not a proof of exhaustiveness' — the arc itself flags this as not a proof
B168_omega_accretion_generative	main	COMPUTED	yes	histories/matrices/classes strictly increase with depth L=4..10 (the accretion 'arrow')	generative_pass.py G1	trivial check on hard-coded counts imported from B159's already-verified table
B168_omega_accretion_generative	main	COMPUTED	yes	retention fraction r_L is decreasing but decelerating across L=4..10	generative_pass.py G2	arithmetic on the hard-coded B159 counts, self-contained
B168_omega_accretion_generative	main	COMPUTED	yes	retention varies with depth (spread>>0), unlike a flat i.i.d. null model (spread=0)	generative_pass.py G3	direct comparison against a trivially-constructed constant-retention null, self-contained
B168_omega_accretion_generative	main	ASSERTED	yes (trivially)	G4: 'all emergent rates ... are dimensionless pure numbers => NO scale'	generative_pass.py G4, chk(...) called with literal Python True as the condition	the check function is invoked with a hard-coded True, i.e. it is a printed assertion dressed as a passing test, not a computation that could fail — this is a tautology, not evidence
B169_isomonodromy_flow	main	COMPUTED	yes	dynamical degree of M_m on the (0,4) cubic is lambda_m^2 (homological/Cantat-Loray method), correcting B164's orbit-norm proxy, for m=1,2,3	isomonodromy.py P1	direct sympy symbolic exact-eigenvalue computation
B169_isomonodromy_flow	main	COMPUTED	yes	an RK4-integrated Schlesinger flow preserves local conjugacy-class invariants to drift ~4e-10 over s:2->3, while residues genuinely move; a non-Schlesinger control ODE drifts by ~16 (does not preserve them)	isomonodromy.py P2	self-contained numpy RK4 integration with an explicit non-vacuity control comparison; numeric, not exact, but the control makes the preservation a real falsifiable property
B169_isomonodromy_flow	main	ASSERTED	yes (trivially)	P3: the Painleve 'time' s is a dimensionless modulus and the Schlesinger system is scale-free, so a physical scale would be external (Higgs field) — the 'firewall-relocation verdict'	isomonodromy.py P3, both chk() calls invoked with literal Python True as the condition	both P3 checks are chk(description, True, ...) — hard-coded pass, not computed from any dimensional-analysis routine in the script; the underlying argument (Schlesinger equations are RG-homogeneous, hence scale-free) is a standard fact about that equation family but is not itself verified computationally here, and FINDINGS.md itself labels P3 '[structural / POSTULATED]'
B170_relational_scale_leap	main	ASSERTED	yes (trivially)	L1: the Machian and external readings give the same dimensionless math, so no internal computation can distinguish them	relational_scale.py L1, chk() called with literal Python True	hard-coded True condition; FINDINGS.md explicitly labels L1 '[structural]', an observation not a computed result
B170_relational_scale_leap	main	COMPUTED	yes	L2: the program's dimensionless numbers (phi^2, silver/bronze means, log2, phi) do not hit observed physics constants (alpha^-1, m_p/m_e, sin^2 theta_W, alpha_s, m_mu/m_e) except by non-integer exponents, and a random base performs indistinguishably (median |N-round(N)| 0.258 program vs 0.251 random)	relational_scale.py L2	self-contained numpy computation of exponents and a random-base null control, directly comparable numbers printed
B171_heterogeneous_quasicrystal	main	COMPUTED	yes	single golden/silver chains show prominent gaps only at single-frequency labels (rank-2 ladder control)	het_quasicrystal.py B1	direct finite-N (N=8000) tridiagonal-Schrodinger diagonalization with explicit gap-labeling nearest-match search
B171_heterogeneous_quasicrystal	main	COMPUTED	yes	the woven (golden+silver) chain's spectrum retains both pure rank-2 ladders (a golden +/-1 gap and a silver +/-1 gap both present)	het_quasicrystal.py B2	same finite-N diagonalization, self-contained
B171_heterogeneous_quasicrystal	main	COMPUTED	yes	the rank-3 label set is dense; chance-hit rate for a random IDS rises with label-sum (1.0% at sum<=1 to 20.3% at sum<=6), quantifying the 'density trap'	het_quasicrystal.py B3	Monte-Carlo null-rate computation over the explicit label lattice, self-contained
B171_heterogeneous_quasicrystal	main	COMPUTED	yes	a real, wide gap exists near IDS 0.611 (cross-session claim), but its only nearby module match is a large, statistically non-credible label (3,-3) (sum 6, ~20% null rate) — the label is 'plausible but not statistically credible'	het_quasicrystal.py B4	the gap's existence and width are directly computed from the diagonalized spectrum; the label-credibility judgment applies the B3 null-rate calibration to this specific case, and the arc explicitly refuses to certify the (3,-3) identification pending an N-convergence test (Phase 1, not run here)
B172_combination_gap_resolution	main	COMPUTED	yes	IDS values at gap-center E*=2.389 for N=4000..128000, e.g. 0.6110000 at N=4000	combination_gap.py C1 / FINDINGS.md table	Sturm-count IDS sweep is in the committed script, self-validated against dense solver, prints ALL CHECKS PASS.
B172_combination_gap_resolution	main	COMPUTED	yes	label consistent with (3,-3)=0.6114613 to finite-size precision but NOT sharply certified (residual plateaus ~2e-4)	FINDINGS.md C1 honest-limit paragraph	FINDINGS honestly reports the method's own limit rather than overclaiming; script matches.
B173_gaplabel_rank_reduction	main	COMPUTED	yes	PSLQ finds no integer relation among {1, α_g=1/φ, α_s=√2-1} (rank 3)	gaplabel_rank.py R1	mpmath pslq call is committed and runs at dps=50, maxcoeff=1e6; deterministic and reproducible.
B173_gaplabel_rank_reduction	main	COMPUTED	yes	same-field control: PSLQ finds exact relation -1+2α1-α4=0 for m=1,4 (both Q(√5))	gaplabel_rank.py R2	committed script, exact algebraic identity verified numerically to high precision.
B173_gaplabel_rank_reduction	main	IMPORTED	unknown	the gap-labeling theorem itself (Johnson-Moser 1982, Bellissard, Damanik-Fillman 2022) is cited, not proved in-repo	FINDINGS.md 'The reduction (KNOWN-THEOREM)'	explicitly labeled a citable external theorem; repo does not re-derive it, correctly labeled as such.
B174_gluing_map_landscape	main	COMPUTED	yes	fork sizes: identity=CONTINUUM, T=9, T^2=10, S=16, ST/TS/STS=32	gluing_landscape.py L1 / FINDINGS.md table	sympy symbolic resultant/factor computation is committed and produces exact polynomial degrees.
B174_gluing_map_landscape	main	COMPUTED	yes	V1 reproduces B131's (1,2) fork {-4,-2} exactly	gluing_landscape.py V1	symbolic sympy solve, exact.
B175_collective_spectrum_predictivity	main	COMPUTED	yes	gap heights match gap-labels to <2e-3 (max label-error 8e-5), seed-robust golden+silver & golden+bronze	collective_predictivity.py C1	numpy/scipy eigvalsh_tridiagonal computation committed, deterministic seeds, prints numeric errors.
B175_collective_spectrum_predictivity	main	COMPUTED	yes	order-2 width-law slope ~1.92-2.01 (converges to order at weak coupling); order-3 (2,1) slope 2.6->3 'not yet asymptotic'	collective_predictivity.py C2 / FINDINGS.md	log-lambda linear fit is committed and the FINDINGS text is honest that order-3 is not fully converged (a FITTED slope, not an exact integer).
B175_collective_spectrum_predictivity	main	COMPUTED	yes	strong-coupling saturation breaks the order-scaling (slope collapses to <1.0)	collective_predictivity.py C3	same fitting method, stated as an honest bound rather than deleted.
B176_golden_privilege	main	COMPUTED	yes	golden satellite ladder dominates silver and bronze ladders by ratio >2 in both cosine and Sturmian models, theta-averaged	golden_privilege.py C2	committed numpy computation, theta-averaged over 3 phase pairs, deterministic.
B176_golden_privilege	main	COMPUTED	yes	not a bare-width artifact: ladder ratio (8.9x) >> principal-gap ratio (1.6x)	golden_privilege.py C3	control comparison computed in the same script.
B176_golden_privilege	main	COMPUTED	yes	silver/bronze ordering breaks (ratio ~1, comparable, not monotone)	golden_privilege.py C4	same script; honest negative sub-result reported rather than suppressed.
B176_golden_privilege	main	ASSERTED	unknown	tie to project's P000 'phi maximally resists the trivial' anchor is explicitly marked a one-way [RHYME], not a derivation	FINDINGS.md 'Honest scope'	explicitly and correctly labeled non-derivational; this is exactly the kind of IDENTIFICATION_BY_TYPE the seat should watch, but here it is self-flagged rather than smuggled in.
B177_metabolism_test	main	COMPUTED	yes	Fricke-Vogt invariant I conserved to <1e-8 drift over 60 trace-map iterations	metabolism_test.py C1	committed numpy iteration, deterministic seed, drift printed.
B177_metabolism_test	main	COMPUTED	yes	Sturmian gap width converges (freezes) across Fibonacci-length generations 233->2584, |Δw| shrinking to ~1e-4	metabolism_test.py C2	eigvalsh_tridiagonal computation is committed, values printed.
B177_metabolism_test	main	COMPUTED	yes	trace map T invertible to 1e-12	metabolism_test.py C3	direct numeric check, committed.
B177_metabolism_test	main	IMPORTED	no (for this arc alone)	active kappa>2 Cantor/horseshoe (positive entropy) is CITED from B163/B165, not re-demoed here	metabolism_test.py C4 / FINDINGS.md	explicitly not re-computed in this script; script only checks a fixed point, and states honestly that divergence diagnostics were flagged unreliable by B165 so are deliberately not repeated here — a stranger reading only this arc's file cannot reproduce the horseshoe claim.
B178_perturbative_mechanism	main	COMPUTED	yes	index method vs window-max agree at weak coupling (both give w(2,1)<w(1,1))	perturbative_mechanism.py C1	both methods implemented and compared in the committed script.
B178_perturbative_mechanism	main	COMPUTED	yes	power-1 directions clean (~0.9-0.98); (2,1)/(1,2) carry a distinct higher power ~1.68/1.60, NOT the textbook-predicted exact 2	perturbative_mechanism.py C2 / FINDINGS.md	explicitly and honestly reported as a numeric plateau at ~1.7, not the theoretical integer 2 — the arc states the exact integer is 'textbook, not numerically confirmed' rather than claiming it was measured.
B178_perturbative_mechanism	main	FITTED	yes	golden Diophantine-amplification heuristic (dressing lead >> linear D-lead)	perturbative_mechanism.py C3	explicitly labeled 'a plausible heuristic, not a derivation' in both the script docstring and FINDINGS.
B179_metallic_numbers_unified	main	COMPUTED	yes	all identities (alpha_m=1/lambda_m, trace M^2=m^2+2, discriminant=m^2+4, Hurwitz=1/sqrt(m^2+4), etc.) hold symbolically over Q(m)	metallic_unified.py U1	pure sympy symbolic simplification, exact and deterministic, committed.
B179_metallic_numbers_unified	main	ASSERTED	unknown	do-not-conflate boundary: Schrodinger coupling lambda, Fricke modulus lambda-tilde, and gap-labeling IDS are distinct from lambda_m	FINDINGS.md 'The honest boundary (MB12)'	a conceptual/definitional claim, not itself a computation, but consistent with definitions used across cited arcs B175/B148/B178.
B180_two_faces_dictionary	main	COMPUTED	yes	Dehn-twist trace maps conserve kappa exactly (symbolic)	two_faces.py C1	sympy symbolic substitution and simplify, exact.
B180_two_faces_dictionary	main	COMPUTED	yes	kappa's value governs spectral type: 0 gaps at periodic value, >=5 gaps (Cantor) at coupling 1.5	two_faces.py C2	numeric eigenvalue computation, committed and deterministic.
B180_two_faces_dictionary	main	ASSERTED	yes	cusp-gluing fork values and potential-weaving gap labels are of different mathematical type (trace values vs IDS fractions) and must not be conflated	two_faces.py C3 / FINDINGS.md fence	logically checked in-script (glue values < -1, weave label in (0,1)).
B181_criticality_scale	main	COMPUTED	yes	Aubry-Andre transition: gamma~0 (extended) below lambda=2, gamma=ln(lambda/2) (localized) above, matches exact ln(3/2)=0.405 at lambda=3	criticality_scale.py C2	transfer-matrix Lyapunov computation committed, compared against the known closed form for Aubry-Andre.
B181_criticality_scale	main	COMPUTED	yes	Fibonacci/metallic Lyapunov stays near 0 (0.006 to 0.021) at both weak and strong coupling — no transition	criticality_scale.py C1	same transfer-matrix method, finite-N residual explicitly discussed as convergence toward the theorem's exact zero (Damanik-Lenz, cited).
B181_criticality_scale	main	ASSERTED	unknown	criticality of metallic operator explains scale-freeness; a finite length appears only off the metallic class and remains dimensionless	FINDINGS.md C3	an interpretive synthesis built on the computed C1/C2 results, not itself a separate computation.
B182_multiplicity_selection	main	COMPUTED	yes	PSLQ confirms rank=1+N for N=2,3,4 distinct-field metallic units (m=1,2,3,5)	multiplicity_selection.py C1	mpmath PSLQ at dps=50, deterministic, committed.
B182_multiplicity_selection	main	COMPUTED	yes	same-field units (m=1,4, both Q(sqrt5)) add no rank, exact relation -1+2a1-a4=0	multiplicity_selection.py C3	PSLQ finds the exact relation and it is verified numerically to <1e-30.
B182_multiplicity_selection	main	ASSERTED	unknown	selection-to-unique is claimed to be a 'constraint' (gluing) phenomenon rather than a superposition one, and the constraint side's large-N generalization is NEEDS-SPECIALIST	FINDINGS.md 'The fence' section	a conceptual claim built on cited B174/B131 results (already reviewed above), not independently re-derived here.
B183_open_collective_arrow	main	COMPUTED	yes	metallic g_c approx 0.0010, min Lyapunov approx 0 (N=320); AA-localized g_c=1.367 matches exact ln4=1.386	open_collective.py C1/C2/C3	Hatano-Nelson bisection on eigenvalues and Lyapunov transfer-cocycle computation, both committed and deterministic, checked against the exact closed form ln4.
B183_open_collective_arrow	main	COMPUTED	yes	a naive staggered PT probe is a chiral-symmetry artifact and does not distinguish criticality (C0, a documented negative)	open_collective.py C0	explicitly computed and reported as a failed approach before the correct Hatano-Nelson diagnostic is used; good verify-don't-trust discipline.
B183_open_collective_arrow	main	ASSERTED	unknown	the threshold is dimensionless (lattice units) and the arrow is externally sourced, so scale stays external and the arrow is not self-generated	FINDINGS.md C4	an interpretive/firewall conclusion built on the computed C1-C3 results.
B184_symmetry_gauge_door	main	COMPUTED	yes	each unit's companion matrix [[m,1],[1,0]] has det=-1 exactly for m=1,2,3, verified to 1e-40	symmetry_gauge.py C1	mpmath at dps=60, exact algebraic identity, committed.
B184_symmetry_gauge_door	main	COMPUTED	yes	distinct-field cross-product alpha1*alpha2 escapes span{1,a1,a2} (PSLQ->None); same-field product a1*a4=2-3a1 stays (PSLQ finds relation)	symmetry_gauge.py C2	PSLQ computation committed, deterministic, high precision.
B184_symmetry_gauge_door	main	COMPUTED	yes	distinct lambda_m are multiplicatively independent (PSLQ on log-lambdas -> None)	symmetry_gauge.py C3	PSLQ committed and deterministic.
B184_symmetry_gauge_door	main	IMPORTED	unknown	'SL(2,Z) is a duality not a gauge group' is reused from B150/L14, not re-derived here	FINDINGS.md 'Scope/honesty'	explicitly flagged as reused from a different arc (B150), not independently checked by this reader.
B185_constraint_selection	main	COMPUTED	yes/unknown	metallic once-punctured-torus bundle units have exactly 1 cusp (SnapPy live check, with a recorded fallback if SnapPy unavailable)	constraint_selection.py C1	the script tries SnapPy live and falls back to a RECORDED dict {'4_1':1,'m003':1,'m004':1,'m136':1} if SnapPy import fails — reproducibility of the live check depends on SnapPy being installed in the run environment; the fallback is an ASSERTED prior value, not independently recomputed on that path.
B185_constraint_selection	main	COMPUTED	yes	all-unit connected gluing caps at k=2 (pure graph-theoretic degree argument)	constraint_selection.py C2	elementary integer inequality check, committed and deterministic.
B185_constraint_selection	main	COMPUTED	yes	dimension count: closed gluings give dim 0 (finite kappa-fork), open gluings give dim 1 (still a curve)	constraint_selection.py C3	simple arithmetic dim_result function, committed.
B185_constraint_selection	main	IMPORTED	unknown	the kappa-fork 'multiplies under composition' and 'grows' is reused from B174, not recomputed here	FINDINGS.md C3/C4	explicitly stated as reusing B174's result rather than a new gluing computation in this arc.
B186_hyperbolicity_certification	main	COMPUTED	yes	escape rate gamma: DG-proven kappa>2 (lambda=3) gives gamma=0.51 (later corrected to asymptotic 0.445+/-0.006, see below); kappa=2 band gives gamma=0.00; off-axis kappa<2 gives gamma=0.18 and 0.33	trace_map_hyperbolicity.py C1 / FINDINGS.md table	committed numpy survival-fraction fit; the FINDINGS.md itself documents an in-file CORRECTION (2026-07-08, B451) that the quoted gamma=0.51 was an early-window-biased estimate and the asymptotic value (established by 3 independent methods in a different arc, B451) is 0.445+/-0.006 — the correction is applied inline in this arc's own FINDINGS text, not left standing uncorrected.
B186_hyperbolicity_certification	main	COMPUTED	yes	box-counting dimension of off-axis spectrum <1 and below the kappa=2 band's, for golden and silver seeds	trace_map_hyperbolicity.py C2	committed, deterministic box-counting algorithm.
B186_hyperbolicity_certification	main	COMPUTED	yes	two local diagnostics (per-point |lambda_max(DT)| and bounded-orbit Lyapunov) do NOT cleanly separate and are explicitly discarded as recorded negatives	trace_map_hyperbolicity.py C3	honestly reported failed diagnostics rather than suppressed, matching a prior arc's (B165) warning.
B186_hyperbolicity_certification	main	ASSERTED	unknown	the rigorous off-axis uniform-hyperbolicity proof itself remains NEEDS-SPECIALIST; only numerical certification is claimed	FINDINGS.md C4	explicit and correct scoping of what is and is not established.
B187_interacting_open_collective	main	COMPUTED	yes	metallic many-body g_c(U) stays approx 0 (0.035 down to 0.0002) across U=0..4 (L=14, 2 fermions); AA-localized g_c stays 0.82-1.27 across the same U range	interacting_open.py C1/C2, FINDINGS.md table	exact diagonalization of the many-body Hamiltonian is committed and deterministic (small Hilbert space, L<=16, 2-3 fermions).
B187_interacting_open_collective	main	COMPUTED	yes	robustness across L=10,12,16 and 2-3 particles	interacting_open.py C3	same ED method run at additional sizes, committed.
B187_interacting_open_collective	main	ASSERTED	unknown	the genuinely-interacting thermodynamic-N regime (large-N driven-dissipative/MBL) is explicitly NOT reached; ED caps at small N	FINDINGS.md 'Scope/honesty'	honest scope statement about the limits of exact diagonalization.
B188_lindblad_dissipative	main	COMPUTED	yes	dephasing Liouvillian gap Delta(L) for metallic, AA-localized, periodic at L=6,10,14: e.g. metallic 0.605->0.078, AA-localized 0.0057->0.0011, periodic 0.560->0.108	lindblad_gap.py C1/C2/C3, FINDINGS.md table	committed direct diagonalization of the L^2xL^2 Liouvillian superoperator, deterministic.
B188_lindblad_dissipative	main	COMPUTED	yes	exact homogeneity: Delta(sH,s*gamma)=s*Delta to 1e-6 for s=2,3	lindblad_gap.py C4	direct numeric check of an algebraic scaling property, committed.
B188_lindblad_dissipative	main	ASSERTED	unknown	genuinely-interacting many-body Lindblad dynamics remains NEEDS-SPECIALIST (single-particle sector only tested)	FINDINGS.md 'Scope/honesty'	honest scope disclosure.
B189_omega_causal_dimension	main	COMPUTED	yes	estimator calibrated on Minkowski sprinklings (d=2,3,4) matches Meyer closed form to <2%	omega_causal_dimension.py C0	committed sprinkling simulation and closed-form comparison, deterministic seed.
B189_omega_causal_dimension	main	COMPUTED	yes	full Omega poset (N=474) gives d_MM~3.94 (raw)	omega_causal_dimension.py C1	loads committed CSV data from a sibling arc (B159) and computes ordering fraction directly, deterministic.
B189_omega_causal_dimension	main	COMPUTED	yes	d_MM drifts monotonically with truncation level (2.08 to 3.94, no convergence)	omega_causal_dimension.py C2	same committed script, direct computation across truncation levels.
B189_omega_causal_dimension	main	COMPUTED	yes	random graded-DAG null gives d_MM=3.78+/-0.01 (30 seeds); original text called Omega's 3.94 'indistinguishable', later corrected in-file to '~0.15 (~12 sigma) above'; ADDENDUM further corrects/refines this to a per-level 100-seed statistic showing an 11.2 sigma excess specifically at the deepest level with a structured (non-uniform) level trend, newly registered as L190	omega_causal_dimension.py C3 / FINDINGS.md (with in-file 2026-06-23 correction) / ADDENDUM_b1187_null_reversal.md	the 30-seed null in the committed script is reproducible; the ADDENDUM's 100-seed per-level statistic (z sequence -2.2,-2.8,-2.3,+0.6,+11.2) is described but its underlying code/witness is not among this arc's committed files (it is attributed to a separate audit arc B1187), so the ADDENDUM's specific numbers are not independently reproducible from this arc's own files alone.
B190_iterated_gluing	main	COMPUTED	yes	C1 fork-polynomial degree grows T^k=8+k, S=16, ST=32	iterated_gluing.py L65-83	sympy resultant computation with explicit chk() assertions, self-contained, no external data
B190_iterated_gluing	main	COMPUTED	yes	C2/C3 fixed-point counts and golden-field non-monotone sequence 0,0,2,0	iterated_gluing.py L85-114	sympy solve() on explicit ideals, deterministic symbolic; script prints ALL CHECKS PASS
B191_two_cusp_connector	main	COMPUTED	yes	chain-fork discreteness under a coupling connector vs continuum under identity connector	connector.py L55-92	sympy resultant computation with explicit control (identity connector) built into the same script, ALL CHECKS PASS gate
B192_sln_higher_rank	main	COMPUTED	yes	D2 symmetry-defect table on cherry-picked vs fair energy grid, showing no even/odd parity	sln_higher_rank.py L70-80	numpy QR-flag Lyapunov spectrum computed directly in-script with fixed RNG seed(7), asserted via chk()
B192_sln_higher_rank	main	COMPUTED	yes	D3 random-potential control matches metallic defect (not metallic-special)	sln_higher_rank.py L82-88	same script, deterministic seed
B193_sealing_field_scouts	main	COMPUTED	yes	L8 chirality x field cross-table, all four combinations occur	sealing_scouts.py L37-77	explicit numpy SU(2)_k representation + eigenvalue-order field-detection code, small hardcoded word list; deterministic
B193_sealing_field_scouts	main	COMPUTED	yes	L10 quantum field reaches compositum Q(zeta12), classical fields disjoint (degrees 2,2,4)	sealing_scouts.py L79-92	sympy minimal_polynomial degree computation, exact
B196_entropy_conformal_dimension	main	COMPUTED	yes	C1 exact bridge identities lam+1/lam=sqrt(m^2+4), lam^2+1/lam^2=m^2+2	entropy_dimension.py L44-50	sympy simplify() to exact zero, deterministic symbolic algebra
B196_entropy_conformal_dimension	main	COMPUTED	yes	C2 Delta=-(h/2pi)^2 verified m=1..4 to 1e-30	entropy_dimension.py L55-67	mpmath dps=40 numerical check with explicit residual tolerance, deterministic
B197_figure_eight_volume_torsionfree	main	COMPUTED	yes	C2 combinatorial min: LR unique min-trace(=3) among 2587 b++ necklaces to length 14	volume_selection.py L49-73	pure numpy/itertools enumeration, deterministic, no external dependency
B197_figure_eight_volume_torsionfree	main	COMPUTED	unknown	C1/C3/C4 volumes, homology, Chern-Simons via SnapPy (b++LR=m004, m003 torsion tie, chiral CS=+-1/48)	volume_selection.py L75-111	gated on SnapPy being importable (`HAVE_SNAPPY`); if SnapPy is unavailable the script only prints recorded constants and skips the actual computation -- a stranger without SnapPy installed cannot independently verify C1/C3/C4, only C2
B198_metallic_exponent_CAS	main	COMPUTED	yes	SL(5) o=5 m=1: k=2, s=+1, certified to ~23 digits (mp_certificate.py, dps=60)	mp_certificate.py + cert_sl5o5_rep.json	the committed cert_sl5o5_rep.json is a ~40-digit-precision numeric representation used directly by tests; mp_certificate.py independently re-derives it via damped Gauss-Newton with printed convergence trace
B198_metallic_exponent_CAS	main	COMPUTED	unknown	SL3 o3->k=4, o4->k=3 exact over Q(zeta_o)	sage_groebner.py L59-73	requires sage-python (not the pyenv runner) to execute; the FINDINGS explicitly flags this as a separate tooling requirement, but the ideal/Groebner computation itself is exact and deterministic once Sage is available
B198_metallic_exponent_CAS	main	COMPUTED	yes	Scope correction: [A,B]=mu^2 holds only on ~1% sublocus, not '305/305 unanimous' as originally claimed	frontier/B198_metallic_exponent_CAS/FINDINGS.md:46-55	correction is cross-referenced to and confirmed by the companion arc B199's independent grid; the original unanimity claim is documented as a filter artifact
B199_metallic_exponent_law	main	COMPUTED	yes	o=4/o=8 collision: both give k=3 at m=1 on the mu-infinite stratum, killing every k(o,m)/gcd-rule	grid_summary.json entries m1_o4_n3 (clean_frac 100%), m1_o8_n4 (clean_frac 46%)	grid_summary.json is a committed data witness produced by grid_driver.py + geom_grid.py, both committed and runnable
B199_metallic_exponent_law	main	COMPUTED	yes	Sublocus genuineness check: 59/60 loxodromic reps are NOT clean (O(1) exponent error), confirming the ~1% clean fraction is real structure not numerical noise	sublocus_genuine.py (full file)	self-contained script with fixed RNG seed(0), deterministic thresholded classification, prints the diagnostic ratio directly
B199_metallic_exponent_law	main	ASSERTED	no	SL(5) exact-symbolic proof exhausted across 4 routes (R1-R4), all wall out at named computational limits (600s Groebner cap etc.)	workflow_result.json (multi-agent workflow output, 769 lines)	the negative-exhaustion claims (Groebner non-termination, empty F_p Newton basin) are reported inside a large workflow_result.json produced by a 113-agent, ~4.5M-token workflow run; the underlying failed computations (e.g. Singular GB attempts that timed out) are not independently re-runnable from the repo as committed scripts -- only the consolidated JSON summary is committed, not raw logs of the failed attempts
B200_chat1_handoff_verification	main	COMPUTED	yes	R2: on-site preserves Sturmian complexity (p=L+1); NN (d=1) breaks it at p(4)=6	sturmian_interaction.py L18-51	pure combinatorial complexity-counting on an explicit Fibonacci word, deterministic asserts
B200_chat1_handoff_verification	main	COMPUTED	yes	R1 refutation: 2-body Hubbard ED shows t_eff formula out of regime at U=t (RMS=3.77, no band gap)	sturmian_interaction.py L60-100	explicit N=13 exact-diagonalization numpy code with asserted thresholds
B200_chat1_handoff_verification	main	COMPUTED	yes	R3: independent level-spacing check does not reproduce the handoff's Poisson signature (got 0.64 not 0.386)	sturmian_interaction.py L104-131	report-only, no pass/fail gate, but numbers printed directly from a deterministic ED computation
B201_silver_sl3_charvar	main	COMPUTED	unknown	Fix(T_1^2) reproduces B71's 3 components (validation); Fix(T_2^2) gives 4 components incl. new comp3	charvar.sage (full file)	requires sage-python to run (Sage's PolynomialRing/ideal/minimal_associated_primes); the exact Groebner decomposition is deterministic once Sage is available, but no committed data witness (e.g. a saved ideal dump) exists independent of re-running Sage
B202_silver_avariety	main	COMPUTED	yes	Gate: method recovers figure-eight W1->k=3, W2->k=-3, V0 no tidy form (validates the matexp method)	avariety.py L44-54	the figure-eight_W1 reps used for the gate are dumped to reps.json and re-checked deterministically in the pyenv test
B202_silver_avariety	main	COMPUTED	yes	All 4 silver components: correct commuting meridian but matexp score O(1) (never <1e-6), no tidy relation	avariety.py L55-72; reps.json (silver entries)	reps.json ships 3 silver reps used directly by the pyenv test; the sampling procedure (Sage variety(QQbar) on random affine slices) is itself only Sage-reproducible, but the shipped reps are a fixed committed witness
B203_silver_components_classified	main	COMPUTED	yes	All 4 components: Burnside dim 9 (irreducible), order(A)/order(B)/order(mu) all infinite	classify.py (full file); comps.json	comps.json ships one (A,B) rep per component used by the pyenv test; the classification (Burnside closure rank, eigenvalue-order search) is a small deterministic numpy computation
B204_metallic_wrt_period	main	COMPUTED	yes	Exact period P=lcm(a,b)(4+ab)/gcd(4+ab,4), proved via Gauss-sum reciprocity (diagonal + cross terms)	gauss_proof.py (full file), PROOF.md	gauss_proof.py verifies every step as an exact identity (mpmath, dps=30) plus an exact integer-arithmetic closing lemma over a,b in 1..14, self-contained and deterministic, prints ALL CHECKS PASS
B204_metallic_wrt_period	main	COMPUTED	yes	Numerical predict-then-confirm on 21 (a,b) cells + 12 metallic m, held-out cells all fundamental	period_law.py (full file)	pure numpy, deterministic, self-check between two independent code paths (sum form vs explicit matrix form) agreeing to 1e-9
B205_metallic_quantum_trace_map	main	COMPUTED	yes	Omega central element commutes with X,Y,Z; classical limit reproduces Fricke commutator	quantum_trace_map.py L94-97, L141-160	pure sympy symbolic computation with is_zero() checks on the sympy-simplified commutators, deterministic
B205_metallic_quantum_trace_map	main	COMPUTED	yes	R_q, L_q are genuine automorphisms (re-audited: negative controls X->2X, Y<->Z, X->X+Y correctly fail)	quantum_trace_map.py L130-138	the FINDINGS/code comment explicitly documents an earlier bug (vacuous relation check) caught and fixed on re-audit, with the fix verified against negative controls
B206_golden_spin_cover_e8	main	COMPUTED	yes	SL(2,F5) order 120, center order 2, 9 conjugacy classes; PSL(2,F5)=A5 order 60, 5 conjugacy classes	golden_spin_cover.py L91-133	brute-force enumeration of SL(2,F5) elements and conjugacy classes, self-contained pure-Python, asserted directly in-script
B206_golden_spin_cover_e8	main	COMPUTED	yes	Monodromy generators <R,L> surject onto all of SL(2,F5) (BFS closure order 120), vs a single element RL giving only cyclic order 10	golden_spin_cover.py L70-82, L106-108	explicit BFS closure computation over the finite group, deterministic
B206_golden_spin_cover_e8	main	ASSERTED	unknown	9 vs 5 irreps / affine E8 marks / sum-of-squares 120 and 60	golden_spin_cover.py L86-89	the irrep dimension lists (DIMS_2I, DIMS_A5) are hardcoded as 'known McKay data' rather than computed from the group in-script; only the sum-of-squares identity (= group order) is checked against them, which is consistent with but does not independently derive the specific dimension multiset from first principles in this script
B207_golden_breaking_and_scale	main	COMPUTED	yes	E8/E6/E7 never both occur across metallic family (arithmetic obstruction, 3 never divides m^2+4)	family_shadows.py assert lines	pure integer/finite-group code, asserts run at module level, no external deps
B207_golden_breaking_and_scale	main	COMPUTED	yes	2I order 120, RL order 10, normalizer order 20 (2D5), 2I contains 2T not 2O	golden_breaking.py	brute-force finite group computation over F5, asserted in __main__
B207_golden_breaking_and_scale	main	COMPUTED	yes	metallic bundle volumes bounded, golden=2v_tet, silver=v_oct, Aitken limit ~2v_oct	scale_volume.py using snappy	requires SnapPy dependency (not stdlib) but code and construction are committed and deterministic (canonical triangulation per Review-17 de-flake)
B208_period_congruence_unification	main	COMPUTED	yes	squarefree(m^2+4) always divides WRT period P(m); proof given for odd/even m cases; code asserts m=1..200 (FINDINGS claims re-audit to 300,000)	period_congruence.py assert line (checks up to 200 in committed code; text claims an independent re-audit to 300,000 was done elsewhere)	committed code checks 200; the 300,000-case re-audit claimed in FINDINGS.md is not in this committed file, so that broader claim is not independently reproducible from what's here
B209_ktheory_classical_quantum_boundary	main	COMPUTED	yes	chi_{Lambda*(R^6)} on A5 classes = (64,0,4,4,4); decomposition mult 4 for every irrep	lambda_decomposition.py, asserted in __main__	pure character-theory computation from explicit character table, deterministic, asserted
B210_dual_mckay_hyperbolic	main	IMPORTED	unknown	hyperbolic invariant trace fields: golden(m004)=Q(sqrt-3), silver(m136)=Q(i), bronze(s464) deg 8, m=4(t03910) deg 4	verify_trace_fields.sage.py (Sage-gated, not run in pyenv test suite); the values are hardcoded as recorded constants HYP_TRACE_FIELDS in dual_mckay.py	the sage-python verifier script exists and is in principle runnable, but requires Sage/SnapPy which is not confirmed present in the standard CI; the load-bearing dual_mckay.py treats these field identifications as RECORDED data rather than recomputing them at runtime
B210_dual_mckay_hyperbolic	main	COMPUTED	yes	figure-eight holonomy mod (sqrt-3) surjects onto SL(2,F3)=2T, order 24	dual_mckay.py figure_eight_mod3_image(), asserted	pure modular-arithmetic closure computation, no external deps
B210_dual_mckay_hyperbolic	main	COMPUTED	yes	WRT modular-rep image at golden level (SU(2)_3) has order 2880, not 120=|2I|	dual_mckay.py wrt_image_order_su2_3(), asserted	explicit numpy S,T matrix group closure, asserted == 2880
B211_metallic_arithmetic_geometric_faces	main	COMPUTED	yes	L34: figure-eight character variety Phi(x,z)=z^2-(x^2+1)z+(2x^2-1) derived from Riley parametrization, verified at complete structure (x=2 gives u^2+u+1=0), point-counted exactly matching p-1-a_p(40a1) for 23 primes p<=97	charvar_zeta.py, symbolic derivation + brute-force point count + assert	pure sympy symbolic algebra + brute-force finite-field point counting, all in pyenv, asserted
B211_metallic_arithmetic_geometric_faces	main	IMPORTED	unknown	L31: metallic bundle volumes are Dehn fillings of Borromean rings complement (drilling short geodesics at m=8,10 returns 6^3_2, vol=2*v_oct)	geometric_limit_sage.py -- values are RECORDED constants (L31_DRILL dict), the live recompute path (_recompute()) requires SnapPy/sage-python and is not exercised by default	the drilling computation itself is committed as code but the reported numbers are hardcoded as recorded results from a prior sage-python run, not recomputed when the module is imported without SnapPy
B211_metallic_arithmetic_geometric_faces	main	IMPORTED	unknown	L32: every metallic bundle m=1..6 is amphichiral (CS=0)	geometric_limit_sage.py L32_CS dict, same recorded-not-recomputed status	same as above: Sage/SnapPy-gated, recorded values only
B211_metallic_arithmetic_geometric_faces	main	COMPUTED	yes	L33: WRT period is 4x the Pisano period of the metallic Fibonacci recurrence, verified m=1..12	metallic_numbertheory.py, asserted via print+manual check loop (implicit assert via 'OK'/'FAIL' tags, no hard assert statement)	pure integer arithmetic, pyenv, no deps
B212_silver_congruence_holonomy_shadow	main	COMPUTED	yes	R^mL^m == I (mod p) for prime p|m^2+4 iff p=2 and m even; proof + verified m=1..12 (code loop asserts for m=1..12, all primes dividing N)	shadow_core.py, hard assert inside __main__ loop	pure modular arithmetic, asserted
B212_silver_congruence_holonomy_shadow	main	IMPORTED	unknown	silver holonomy square-traces (tr(a^2)=2i etc.) all vanish mod (1+i), no order-3 element	shadow_holonomy_sage.py -- values RECORDED as constants (SILVER_SQUARE_TRACES), the _recompute() function needs snappy/snap and is not run by default	Sage/SnapPy-gated; not exercised in a plain pyenv run
B213_higgs_side_periods	main	IMPORTED	unknown	E=40a1 elliptic curve data: conductor 40, rank 0, torsion 4, non-CM, real period Omega=1.48441..., L(E,1)=0.74228..., L/Omega=1/2 exactly	higgs_periods.py E40A1 dict -- RECORDED sage-python output, the _recompute() function needs sage.all and is not run by default	Sage-gated computation; recorded as a hardcoded dict, not recomputed under plain python
B213_higgs_side_periods	main	IMPORTED	unknown	null test: L(E,1)/Omega=1/2 is not anomalous -- every rank-0 curve tested gives a simple BSD rational (11a1->1/5 etc.)	higgs_periods.py NULL_L_OVER_OMEGA dict, again RECORDED sage-python output	same Sage-gating; the pyenv path only checks these recorded numbers are 'simple rationals' via is_simple_rational(), it does not independently recompute L(E,1)/Omega for each curve
B214_general_word_period_law	main	COMPUTED	yes	P(gamma)=lcm(det(gamma-I),det(gamma+I)) on the principal class, verified on multiple sample words	period_law.py part (1) printed comparison, no hard assert -- relies on eyeballed 'OK'/'split' tags in printed output	the WRT trace computation and lcm formula are both pure numpy/math, deterministic and inspectable, though the script does not assert programmatically
B214_general_word_period_law	main	COMPUTED	yes	conductor-split across conjugacy classes at f>1 (e.g. D=32,f=2 -> periods {8,4})	period_law.py part (2), printed only, no assert	deterministic computation, but again no hard assert to catch regression
B214_general_word_period_law	main	COMPUTED	yes	Funar deflation: M0 not conjugate to M1~M2 despite identical |Z|	period_law.py part(3), uses conjugate() BFS, printed not asserted	BFS conjugacy search is deterministic and bounded, reproducible
B215_class_field_period_law	main	COMPUTED	yes	closed-form P=lcm(t-2,t+2)/d_scalar exact for f in {2,3,4} (t=6,7,10,14)	period_class.py __main__, computed and tagged OK/BOUNDARY per class, no hard assert	deterministic BFS + WRT trace computation, inspectable, though again no assert statement gates the final printed 'ALL CHECKS PASS'
B216_period_law_f8_boundary	main	COMPUTED	yes	general SL(2,Z) WRT factorization validated to machine precision vs block-word ground truth	general_wrt.py part(1), printed 'ALL MATCH'/'MISMATCH' with a bad-list but no hard assert	deterministic; reproducible from committed code, minor style-only NO_TEST issue
B216_period_law_f8_boundary	main	COMPUTED	yes	the (now-retracted) 'obstruction': two non-conjugate classes with identical elementary invariants but different d (period 10 vs 20)	general_wrt.py GAMMA_A/GAMMA_B, part(2)	the underlying period/conjugacy computation is genuinely reproducible; what was wrong was the INTERPRETATION (attributing the difference to genus theory rather than the simpler content() invariant found in B219), not the numbers themselves
B217_borromean_bridge_resolved	main	COMPUTED	yes	Z_k(identity)=Z_k(T^3)=k+1 for the closed torus bundle	closed_vs_cusped.py Z_closed(), printed comparison with boolean check, no hard assert	pure numpy S,T-matrix trace computation, deterministic
B217_borromean_bridge_resolved	main	COMPUTED	yes	Kashaev volume conjecture numerically confirmed for figure-eight, converging toward Vol(4_1)=2.02988 with Ohtsuki correction	closed_vs_cusped.py kashaev_4_1()/vol_estimate(), printed values only, no assert/tolerance check	pure complex arithmetic sum, deterministic and reproducible, though FINDINGS.md's claim that this 'confirms' the volume conjecture is citing a known theorem (Kashaev/Murakami-Murakami) rather than deriving it fresh
B218_metallic_anyon_selection	main	COMPUTED	yes	lambda_m < 2 iff m=1 (golden); lambda_1 = 2cos(pi/5) exactly	jones_selection.py realizable()/is_fibonacci_golden(), no hard assert, only printed booleans	elementary algebra/trig identity, easily verified, deterministic
B218_metallic_anyon_selection	main	IMPORTED	no	golden anyon chain flows to tricritical Ising CFT c=7/10	FINDINGS.md and jones_selection.py GOLDEN_CHAIN_CFT dict	explicitly CITED from Feiguin et al. PRL 98, 160409 (2007), NOT reproduced; FINDINGS.md is explicit that the author's own in-sandbox exact-diagonalization attempt was INCONCLUSIVE ('a first anyon-chain Hamiltonian was buggy... gave a gapped artifact')
B219_period_content_law	main	COMPUTED	yes	content(gamma) formula subsumes and corrects B215/B216's +-I-only depth criterion; exhaustive f=8 sweep (all classes/genera at t=18) shows period is a function of (trace,content) only	period_content.py, hard 'bad3'/'bad5' list-based checks (append to bad list, then FAIL/OK printed) -- closer to an assert pattern than several sibling scripts but still not a raised AssertionError	deterministic BFS + brute-force class enumeration via trace_classes(), fully computed in pyenv, no external deps; genuinely reruns and would print FAIL rather than silently passing if the law broke
B219_period_content_law	main	COMPUTED	yes	generalizes to f=16 (t=66): content-16 class has period 68=1088/16	period_content.py part(4), 2 hardcoded representative matrices checked against predicted period	spot-check not exhaustive at f=16 (only 2 reps), but computed live, not recorded
B220_golden_chain_cft	main	COMPUTED	yes	AFM golden chain (Fibonacci anyons on a ring, identity-channel projector Hamiltonian) is gapless (gap*N ~ const 0.86) with entanglement-entropy central charge c_ent ~ 0.71-0.76 across N=14..22, matching c=7/10	golden_chain.py build_H()/entanglement_c()/run(), printed table + a final printed mean, no hard assert gating the c~0.7 conclusion	self-contained sparse-matrix exact diagonalization (scipy eigsh) plus an entanglement-entropy fit, fully in pyenv; deterministic given fixed N; reproduces the claimed numbers as printed values though not gated by an assert in this script (FINDINGS says the associated pytest has a bracketed 0.60<c<0.78 lock, not in this packet)
B221_golden_chain_susy	main	COMPUTED	yes	c=7/10 by three exact rational derivations (GKO coset, Virasoro minimal model formula, N=1 superconformal series) all agreeing	coset_check.py, hard assert using exact Fraction arithmetic	pure Fraction-based rational arithmetic, exact and asserted, no external deps or approximation
B221_golden_chain_susy	main	COMPUTED	yes	the 6 tricritical-Ising Kac primaries {0,1/10,3/5,3/2,7/16,3/80} and the coset weights reproduce them mod 1	coset_check.py kac_weights_m45()/coset_weights_mod1(), asserted	exact Fraction arithmetic over the Kac formula, asserted
B221_golden_chain_susy	main	COMPUTED	yes	content(R^mL^m)=m and R^mL^m==I mod m for m=1..6	coset_check.py, asserted	elementary integer arithmetic, asserted
B222_golden_chain_operator_content	main	COMPUTED	yes	momentum-sector decomposition correctness gate: union of all H_k sector spectra equals the full spectrum to <1e-9 at N=10,12,14	momentum_ed.py correctness_gate(), printed PASS/FAIL, no hard assert but described as 'load-bearing' by FINDINGS and gates every downstream claim	brute-force full diagonalization vs sector-by-sector diagonalization compared directly, deterministic; the check itself is genuinely rigorous even though not a Python assert
B222_golden_chain_operator_content	main	COMPUTED	yes	NS-sector spinless scaling dimensions converge toward the TCI primaries {0,1/10,3/5,3/2} including x=3.0 (the supercurrent) at N=16..22	momentum_ed.py scaling_dimensions(), printed table, no assert on numeric tolerance	deterministic sparse ED + velocity calibration, reproducible; the interpretive claim ('supercurrent essentially exact') is a finite-size extrapolation judgment call, not a formally proved limit
B222_golden_chain_operator_content	main	COMPUTED	yes	R-sector (odd N) 2nd spinless level trends toward 0.8 = 2(7/16-3/80) at N=15,17,19,21, though FINDINGS calls this noisier/ambiguous at small N	momentum_ed.py r_sector_gap(), printed only	same ED machinery, but FINDINGS itself flags this as '[consistent]' not '[proved]' -- an honest tier downgrade for the noisier half of the claim
B223_golden_chain_lattice_susy	main	COMPUTED	yes	golden chain tau-parity (-1)^F is NOT conserved: ||[H,(-1)^F]|| ~ 0.97 (N=8,10,12), much greater than zero	lattice_susy.py golden_parity_conserved(), printed values, no hard assert	explicit sparse matrix commutator computed and printed, deterministic and easily reproducible
B223_golden_chain_lattice_susy	main	COMPUTED	yes	Fendley-Schoutens N=2 model on the same Lucas/Fibonacci Hilbert space is exactly SUSY: Q^2=0, [H,(-1)^F]=0, E_gs=0 (all to machine precision, e.g. 1e-14/1e-15), integer Witten index W=+-2 at L=6,9,12	lattice_susy.py fs_data(), printed table, no hard assert but the reported machine-precision agreement (1e-14 to 1e-15) is a strong signal	explicit sparse-matrix nilpotency/commutator/eigenvalue computation, deterministic, fully reproducible from committed code
B224_golden_unique_susy_metallic	main	COMPUTED	yes	among all unitary Virasoro minimal models M(q,q+1), only M(4,5) (c=7/10) matches some N=1 superconformal SM(p); exhaustive search q<80, p<120	coset_susy_uniqueness.py superconformal_minimal_models(), printed result, no hard assert but the search is exhaustive within the stated bounds and exact (Fraction arithmetic)	exact rational-arithmetic exhaustive search over a bounded range, fully reproducible; note the search is bounded (q<80,p<120) not a proof for all q,p, though FINDINGS' separate algebraic argument (solving c=SM(p) has a unique c<1 solution) does argue uniqueness analytically
B224_golden_unique_susy_metallic	main	IMPORTED	no	the su(2)_k anyon-chain -> M(k+1,k+2) flow (Feiguin-Trebst-Ludwig)	FINDINGS.md and coset_susy_uniqueness.py c_su2k_chain()	explicitly CITED (Feiguin-Trebst-Ludwig); only the k=3 case is independently reproduced in-sandbox (B220/B222); general k is not
B224_golden_unique_susy_metallic	main	ASSERTED	yes (as a definitional mapping)	the metallic index m <-> su(2) level k=m^2+2 correspondence	FINDINGS.md 'Honest status' section, explicitly labeled 'the motivated correspondence... does not depend on it'	this is presented honestly as a chosen correspondence (motivated by n=k+2=m^2+4) rather than a derived necessity; the arc explicitly notes the superconformal-uniqueness claim itself doesn't depend on this mapping (uniqueness holds among ALL k, independent of the m<->k identification)
B225_conductor_decomposition_test	main	COMPUTED	yes	figure-eight character variety pipeline reproduces B211's Phi=z^2-(x^2+1)z+(2x^2-1) exactly, bad primes {2,5}	conductor_test.py char_variety()/bad_primes(), printed comparison against B211, no hard assert	deterministic sympy symbolic computation, reproducible; matches B211 by construction
B225_conductor_decomposition_test	main	COMPUTED then found to be VACUOUS by downstream audit	yes (the tautology itself is reproducible: the code's bad_primes() genuinely reports 2 for every monic-in-z input, exactly as the audit found)	the original 'REFUTED' finding -- prime 2 appears in bad-prime sets of both twist and non-twist 2-bridge knots, so does not discriminate octahedral parents -- was later shown by the progress log (B742/B745) to rest on a tautological criterion: disc_z mod 2 is ALWAYS a square in F2[x] (Vandermonde/Stickelberger), so the bad-primes-contains-2 test can never distinguish anything at p=2	conductor_test.py bad_primes() (the flawed criterion, still present as committed code); the tautology finding itself is reported only in the progress log, not in a file in this packet	the mechanism the audit identified (Vandermonde/Stickelberger forcing disc_z mod 2 to be a square) is a real property of the code's own bad_primes() function, not an external claim; a reader could rerun bad_primes() on any 2-bridge knot's variety and see 2 always appears, confirming the criterion's zero specificity
B226_two_susy_bridge_L43	main	COMPUTED	yes	SU(2)_3 WZW central charge 9/5 and golden-chain coset central charge 7/10	l43_grounding.py, exact Fraction arithmetic, hard assert	exact rational arithmetic, asserted
B226_two_susy_bridge_L43	main	IMPORTED	no	the 'two faces' resolution (minimal models realized via non-hyperbolic Seifert 3-manifolds; figure-eight is hyperbolic hence a different 3d-gravity theory) rests on five external arXiv papers	FINDINGS.md REFERENCES list and l43_grounding.py REFERENCES constant	explicitly literature-cited (Gang-Kang-Kim arXiv:2405.16377, arXiv:2511.04524, arXiv:2512.23122, arXiv:2401.13900, arXiv:1905.09960); FINDINGS.md documents a genuine verification step (checking these papers' actual abstracts, not just a summarizer, and catching one overclaim about a 'hyperbolic-link alternative') but the physics content of the resolution is not independently derived in this repo, only assembled and cross-checked against cited sources
B227_metallic_seifert_duals	main	COMPUTED	yes	applying the (cited) Gang-Kang-Kim Seifert recipe M(P,Q)<->S^2((P,P-R),(Q,S),(3,1)) to the metallic family P=m^2+4,Q=m^2+3 gives (R,S)=(1,1) for all m, and m=1 reproduces the published TCI Seifert data (|H_1|=83 matches in both presentations)	metallic_seifert.py seifert_data()/h1_order(), asserted for m=1 vs paper values	exact Fraction/integer arithmetic; the recipe itself is CITED (Gang-Kang-Kim) but its application to the metallic family and the |H_1| formula are computed and verified in-sandbox
B227_metallic_seifert_duals	main	COMPUTED	yes	|H_1| = 4m^4+28m^2+51 = (2m^2+7)^2+2 exact quartic formula, verified m=1..11	metallic_seifert.py, printed boolean check (ok = all(...)), no hard assert statement per se but a computed all() check printed	pure integer arithmetic, deterministic, verified over range 1-11
B228_golden_susy_coset_mechanism	main	COMPUTED	yes	the two GKO coset families reproduce the standard closed-form central-charge formulas (verified m=3..19, mp=2..19)	coset_coincidence.py c_ordinary()/c_super() vs the formula versions, printed boolean check	exact Fraction arithmetic comparing two independent formula derivations, deterministic and reproducible
B228_golden_susy_coset_mechanism	main	COMPUTED	yes	the unique coincidence (m,m')=(4,3) among ordinary/super cosets, searched over m<80, mp<80	coset_coincidence.py coincidences(mmax=80), printed result, no hard assert	exhaustive search over a bounded range (mmax=80) using exact frozenset/Fraction comparisons; bounded not a closed-form uniqueness proof for all m, though FINDINGS's structural argument (numerator multiset + denominator match forces a unique linear solution) supplies the unconditional argument
B229_tci_super_seifert	main	COMPUTED	yes	ordinary TCI Seifert S^2((5,4),(4,1),(3,1)), cone orders (5,4,3), |H_1|=83, matches B227's published-example cross-check	super_seifert.py seifert(5,4,1), asserted at the end via 'assert same_cft and diff_manifold'	exact integer/Fraction arithmetic, genuinely asserted this time (unlike many siblings)
B229_tci_super_seifert	main	IMPORTED	partial	super TCI label SM(3,5), Seifert S^2((5,4),(3,1),(3,1)), cone orders (5,3,3), |H_1|=66	super_seifert.py seifert(5,3,2)	FINDINGS.md is explicit this rests on a 'verified verbatim abstract quote' (arXiv:2511.04524) for the super recipe's determinant condition (PS-QR=2) but is 'NOT independently anchored against a published worked super example (the paper's HTML was unavailable)' -- a named, honestly-flagged gap; the computation itself (applying the cited recipe form) is deterministic and reproducible from committed code, but the recipe's correctness for the super case is less anchored than the ordinary case
B230_fm_robustness_susy	main	COMPUTED	yes	fm_c(2)==c_scft(6)==5/4 but parafermion_coset(6)!=super_coset(6)	fm_robustness.py:86-88	exact Fraction arithmetic, asserted, runnable with only stdlib (fractions)
B231_nonsusy_metallic_chains	main	COMPUTED	yes	ED validation of su(2)_k chain (k=2,3) reproduces c=1/2, 7/10 within 0.05	nonsusy_chains.py:170-178	exact-diagonalization build with numeric assert tolerance, runnable stdlib+numpy
B231_nonsusy_metallic_chains	main	COMPUTED	yes	lambda_m<2 iff m=1 (quantum-dimension identity) — exact Fraction table for m=1..5	nonsusy_chains.py:145-206	closed-form Fraction/float comparison, asserted
B232_rho_n_plethysm	main	COMPUTED	yes	Stabilization recursion (R) verified symbolically for the explicit two-sequence tower n=3..8	plethysm_recursion.py:96-101	sympy character-polynomial identity checked with assert, runnable (script notes ~5.5 min)
B232_rho_n_plethysm	main	COMPUTED	yes	(R) verified on the real (proved) Jacobian n=4,5	plethysm_recursion.py:103-110	same sympy check against b89t module output
B233_synthesis_split_and_five	main	COMPUTED	yes	min(m^2+4)=5 and SL(2,F5) is the largest exceptional McKay group order (48 never a SL(2,F_p) order)	verify_five.py:53-70,117-119	exact integer sweep with asserts, stdlib+sympy isprime
B234_handoff_verification	main	COMPUTED	yes	trace-1 congruence law disc=1-4det; E7's Q(sqrt2) unreachable by odd trace	handoff_verify.py:186-227	exact integer/Fraction sweeps with asserts
B234_handoff_verification	main	COMPUTED	unknown	E7's 56-rep Frobenius-Schur indicator is pseudoreal (-1), not real, correcting chat1's claim	e7_fs_indicator.py:16-26	script imports Sage's WeylCharacterRing (implied by context/other Sage scripts in the arc set); not verified runnable without Sage, which is not proven present in the environment by this arc's committed files alone
B235_metallic_table	main	COMPUTED	yes	metallic table (m=1..6) central charges, SUSY flags, |H1| values	metallic_table.py:90-94	exact Fraction arithmetic, asserted
B235_metallic_table	main	COMPUTED	yes	no integer level k with c(SU(3)_k)=26/5 (F4 retraction)	metallic_table.py:117 (sols==[])	closed-form Diophantine check, asserted
B235_metallic_table	main	COMPUTED	no	figure-eight covers up to degree 6 all have invariant trace field Q(sqrt-3), no sqrt(-7)	l47_snappy_probe.py	requires sage-python + SnapPy; no committed witness output (.log/.out) exists in the directory, so a stranger without SnapPy cannot check the claimed numeric field result independent of running proprietary/optional software
B236_coset_coincidence_pathA	main	COMPUTED	yes	M(4,5)=SM_1 is the unique matching (ordinary,super) coset pair up to m,k<=60	coset_coincidence.py:83-99	exact Fraction central-charge sweep, asserted
B236_coset_coincidence_pathA	main	COMPUTED	yes	TCI = (E7)_1 x (E7)_1 / (E7)_2 coset, c=7/10	coset_coincidence.py:105	closed-form central-charge formula checked exactly
B237_silver_2O_l48	main	COMPUTED	no	GQuotients table: golden/silver/bronze bundle pi1 surjections onto 2T/2I/2O/S4	silver_2O.py (gap_fp_group/nsurj, run via sage-python + GAP)	requires SnapPy fundamental-group presentations piped into GAP's GQuotients; no committed .log/.out witness exists in the directory, so the specific counts (2,0,0 / 0,0,0,2 / 10,2,0) cannot be checked without running Sage+GAP independently
B238_su32_levelrank	main	COMPUTED	yes	SU(3)_2 modular data (S,T) gate-verified (unitary, symmetric, S^2=perm, (ST)^3 prop S^2)	su32_wrt.py:91-96	pure numpy, no external deps, asserted
B238_su32_levelrank	main	COMPUTED	yes	Z(4_1; SU(2)_3) = Z(4_1; SU(3)_2) = -1/phi exactly	su32_wrt.py:96	numeric match within 1e-9 for both traces
B238_su32_levelrank	main	COMPUTED	yes	silver (RRLL) does not coincide across the level-rank pair	su32_wrt.py:103	asserted difference > 1e-6
B239_reconciled_trace_field_law	main	COMPUTED	yes	disc=t^2-4det; imaginary trace fields for unimodular (det=+-1) elements are only Q(i),Q(sqrt-3)	reconciled_law.py:64-82	exact integer sweep with squarefree-part function, asserted
B240_golden_jones_integrality	main	COMPUTED	yes	[N]*J_N(4_1;e^{2pi i/5}) = {1,-2,-2,1} for N=1..4	golden_jones.py:75-80	closed-form colored-Jones formula, numeric assert within 1e-9
B240_golden_jones_integrality	main	COMPUTED	yes	among amphicheiral knots <=10 crossings/braid index<=5, only 4_1 gives pure integer (b=0 in Z[phi])	colored_jones_sweep.py (R-matrix pipeline, validated against Habiro formula 1e-7)	validated R-matrix construction cross-checked against closed-form Habiro formula in-script
B241_twistknot_su3_vs_levelrank	main	COMPUTED	yes	within the Gang-Yonekura twist family, only 4_1 gives a real (golden) SU(2)_3 colored Jones (amphicheiral test)	twist_su3.py:53-54	reuses B240's validated colored_jones_sweep.py module and asserts on it
B242_three_su3_trichotomy	main	COMPUTED	yes	amphicheiral <=> exact SU(2)_3=SU(3)_2 coincidence; chiral <=> complex conjugates	trichotomy.py:73-87	exact HOMFLY-based invariant computation with numeric asserts (1e-6 to 1e-9 tolerances)
B243_levelrank_conjugation_general	main	COMPUTED	yes	level-rank=conjugation holds for k=2..10, figure-eight vs trefoil	levelrank_general.py:67	loop over k with numeric asserts
B243_levelrank_conjugation_general	main	COMPUTED	partial	V(k) is quadratic only at k in {3,6,10} (golden/silver/k=10); bronze (k=11) has degree 6, refuting the 'metallic ladder' pattern	levelrank_general.py:71-74 plus a Sage-verified field-degree table in FINDINGS.md	the k=1..10 self-check is pure-Python/numeric and reproducible; the algebraic-degree table for k up to 12 is stated as 'Sage-verified' in FINDINGS.md but no Sage script is committed in this arc's file list, so the degree-6 refutation at bronze cannot itself be recomputed from committed files
B244_quantization_edge	main	COMPUTED	yes	SU(3)_2 fundamental invariant of 4_1 is a single number -2/phi	quantization_edge.py:64	pure-Python HOMFLY-derived value, asserted
B244_quantization_edge	main	COMPUTED	no	SL(3,C) geometric-component volume 8.11953285 = 4 x Vol(SL(2))	sl3_volumes.py (SnapPy Ptolemy variety, obstruction class c0 with 3 reps)	requires sage-python + SnapPy's Ptolemy machinery; no committed .log/.out witness exists for this run, so the headline volume value cannot be checked from committed files alone
B245_higher_color_levelrank	main	COMPUTED	yes	H^sym_[N-1](A=q^2,q) = H^antisym_[1^{N-1}](A=q^k,q) exactly for N=2..5, several k, at the figure-eight	higher_color_levelrank.py (H_sym/H_antisym/levelrank_higher functions)	colored HOMFLY formula from a cited paper (Itoyama-Mironov-Morozov-Morozov), cross-validated against B240's colored Jones in the same script family
B246_quantum_volume	main	COMPUTED	yes	large-color SU(2) growth extrapolates to 2.0298 (known VC), SU(3) extrapolates to 2.0297 (same, not 8.1195)	quantum_volume.py (vc_growth function, least-squares extrapolation over p=200,400,800,1600)	mpmath-based extrapolation, formula validated in B245
B246_quantum_volume	main	COMPUTED	yes	fixed-A generalized volume is a continuous curve (0, 5.09, 8.70, 13.79 at A=1,1.5,2,3)	quantum_volume.py (fixedA_volume function)	closed-form mpmath evaluation
B247_v1_holonomy_adjudication	main	COMPUTED	unknown	C_E6(SU(2)_long)=SU(6) dim35, C_E6(SU(2)_short)=SU(3)xSU(2) dim11; neither is SU(3)xSU(2)xU(1)^2	adjudication.py:142-143 (values sourced from e6_branchings_sage.py)	adjudication.py's assert reads centralizer_dim()/embedding_index() functions defined in adjudication.py itself using data presumably taken from e6_branchings_sage.py's Sage WeylCharacterRing branching (78 -> (8,1)+(8,7)+(1,14)); e6_branchings_sage.py requires Sage to run and has no committed witness output
B247_v1_holonomy_adjudication	main	COMPUTED	partial	geometric holonomy has complex word-traces (tr[a,b]=3/2-sqrt3/2 i), so it is not SU(2)-conjugable	adjudication.py:149,157-159 vs holonomy_ground_truth_sage.py (SnapPy ground truth)	adjudication.py's own complex-trace computation (test1_traces) is pure Python and reproducible; the SnapPy cross-check in holonomy_ground_truth_sage.py has no committed witness output
B247_v1_holonomy_adjudication	main	COMPUTED	yes	chat2's explicit matrices used the wrong cyclotomic root (u=e^{i pi/3} instead of e^{2i pi/3}) — verify-don't-trust catch on chat2's own matrices	adjudication.py:100-159 (chat2_matrices_are_invalid_rep, satisfies_figure_eight_relator)	pure-Python check of the 2-bridge relator against both candidate roots, asserted
B248_e6_e8_geometric_transition	main	COMPUTED	yes	character-variety curve trace at alpha=0,2pi/3,pi gives Q(sqrt-3)/2T=E6, Q (degenerate), Q(sqrt5)/2I=E8 respectively	geometric_transition.py:66-72	sympy symbolic algebra with asserts, stdlib-only beyond sympy
B249_niven_trinity	main	COMPUTED	yes	2cos(pi/n) rational only for n in {1,2,3,inf} (Niven), giving the three-point orbifold table	niven_trinity.py:76-81	sympy symbolic check with asserts, applies the cited classical Niven theorem rather than re-proving it
B250_volume_profile	main	COMPUTED	yes	hyperbolic-end volume matches SnapPy to 1e-10; spherical-end volume = pi^2/5 exactly; lens-space CS numerators = {0,2,3} (denominator 5)	volume_profile.py:62-65	mpmath arbitrary-precision computation with asserts, cross-checked against a SnapPy-derived constant (VOL_SNAPPY) hardcoded as an anchor
B251_metallic_specificity	main	COMPUTED	yes	H1(Mm)=Z (+) (Z/m)^2, equal to Z (knot complement) iff m=1, for m=1..11	metallic_specificity.py:71-73	Smith normal form of an explicit integer matrix, asserted with sympy
B251_metallic_specificity	main	COMPUTED	yes	the 'five stack' (discriminant, det(4_1), 2-bridge numerator, |H1(L(5,2))|) all equal 5 at m=1	metallic_specificity.py:76	closed-form values compared with assert
B251_metallic_specificity	main	COMPUTED	no	SnapPy cross-check of the same facts	metallic_specificity_sage.py (12 lines)	requires SnapPy; no committed witness output for this short script
B252_chirality_obstruction	main	COMPUTED	yes	every candidate conjugation-odd invariant tested (CS=0, spherical CS pairing, L(5,2) amphichirality, E8->E6xSU(3) 27/27bar pairing, knot handedness) is symmetric, none breaks 27<->27bar	chirality_obstruction.py:103-105	pure-Python asserts on each candidate; 2^2=-1 mod 5 (lens amphichirality) is elementary
B252_chirality_obstruction	main	COMPUTED	no	E6's 27 is complex/chiral, 78 (adjoint) is real (self-dual); H36 (amphicheirality = E6 outer automorphism) re-confirmed in Sage	chirality_obstruction_sage.py	requires Sage's WeylCharacterRing; no committed witness output for this 27-line script
B253_chirality_capability	main	COMPUTED	yes	E6 has a complex (non-self-dual) fundamental (27); E7 (56) pseudoreal; E8 (248) real	chirality_capability_sage.py:194-214 (Sage WeylCharacterRing)	standard Sage character-ring computation, script committed and self-contained; asserted values also hard-coded and cross-checked in chirality_capability.py
B253_chirality_capability	main	ASSERTED	unknown	Part B 'chirality reduces to gauged-vs-SSB of tau' is NOT object-decidable	FINDINGS.md Part B	a logical/interpretive argument (3d-not-4d, McKay label not gauge group, gauging is a choice), not a computation; correctly labelled firewalled by the arc itself
B254_uniqueness_chain	main	COMPUTED	yes	central charges: c((E6)_1)=6, c(SU(3)_2)+c((G2)_1)=16/5+14/5=6, c((G2)_1)=14/5=c(SU(2)_3)+1	uniqueness_chain.py:332-364 (sympy exact Rational arithmetic)	exact rational arithmetic, self-contained, asserted in-script
B254_uniqueness_chain	main	ASSERTED	no	full uniqueness of E6 among all five exceptionals reaching SU(3)xSU(2)xU(1)	FINDINGS.md line ~31 ('the full uniqueness ... I did **not** re-derive here')	explicitly recorded as 'plausible-but-unverified', citing external literature (Schellekens-Warner) rather than an in-repo computation
B254_uniqueness_chain	main	COMPUTED	yes	27=1+26, 78=26+52 branchings under the E6->F4 amphicheiral Z2	uniqueness_chain_sage.py (Sage branching_rule)	Sage branching_rule call, self-contained script
B255_dimensional_filter	main	COMPUTED	yes	d=3 (tetrahedron) is the unique simplex dimension giving an exceptional McKay group with a complex fundamental	dimensional_filter.py:499-537	finite loop over d in range(2,12) checking a hard-coded table SO3_SIMPLEX and EXCEPTIONAL_COMPLEX_FUND; both dicts are IMPORTED facts (classical finite-subgroup-of-SO(3) list, and B253's complex-fundamental result), not independently re-derived here — the 'computation' is a lookup/filter over asserted inputs
B256_metallic_arnold_trinity	main	COMPUTED	yes	discriminant field of phi=R^m L^m: m=1->Q(sqrt5)/E8, m=2->Q(sqrt2)/E7, m=3,5 non-McKay, m=4->Q(sqrt5)/E8 again	metallic_arnold_trinity.py:648-698 (sympy factorint on m^2(m^2+4))	exact integer arithmetic, self-contained, asserted in-script
B257_euclidean_point	main	COMPUTED	yes	character-variety discriminant (5-x^2)(1-x^2) changes sign at x=1 (Euclidean/double-root branch point)	euclidean_point.py:811-824 (cmath, exact algebra + numeric spot-checks at x=0.5,1.0,1.5)	closed-form quadratic evaluated numerically at three points; self-contained
B257_euclidean_point	main	ASSERTED	no	meridian PSL(2) order at x=1 is 3 (Eisenstein cube root)	euclidean_point.py:827-829	the function meridian_psl_order_at_euclidean() simply `return 3` — a hard-coded constant, not derived from the eigenvalue computation in the same script
B257_euclidean_point	main	IMPORTED	unknown	cusp shape = 2*sqrt(-3) (SnapPy)	euclidean_point.py:806 (CUSP_SHAPE hard-coded)	claimed 'cross-checked with SnapPy' but no SnapPy script is committed in this arc's file list to reproduce it; the value is a hard-coded complex constant
B258_two_ended_unification	main	COMPUTED	yes	Kashaev invariant growth (2π/N)log<4_1>_N, log-corrected, converges to Vol(4_1)=2.0299 by N=1600	two_ended_unification.py:128-159 (mpmath sum, dps=30)	direct numeric summation with an asserted tolerance check (<0.005)
B258_two_ended_unification	main	IMPORTED	no	trace-field degrees: figure-eight=2, silver=8, bronze=8 (SnapPy find_field)	two_ended_unification.py:114 (TRACE_FIELD_DEGREE hard-coded)	claimed from SnapPy but no SnapPy script is committed in this arc to reproduce the degree-8 findings for silver/bronze
B259_gravity_brick_wall_map	main	COMPUTED	yes	a constant-curvature(-1) 3-metric has Ric=-2g, R=-6, and solves 3d vacuum Einstein with Lambda=-1 exactly	gravity_brick.py:298-333 (sympy symbolic Ricci/Christoffel computation)	full symbolic differential-geometry computation in-script with an assert on the result
B259_gravity_brick_wall_map	main	ASSERTED	unknown	golden k=3 -> via Smolin/Kodama k=6π/(GΛ) -> GΛ=2π -> 122 orders from observed dark energy	FINDINGS.md wall #5 row / gravity_brick.py WALLS[5]	a physics-literature formula (Smolin/Kodama) applied to an arithmetic constant (k=3); no computation of the 122-order figure is shown in-script beyond the qualitative WALLS dict text; later RETRACTED per the log (B980) for dropping an ħ factor
B260_coulomb_branch_reframing	main	COMPUTED	yes	A-polynomial A(M,L)=M^4L^2-(M^8-M^6-2M^4-M^2+1)L+M^4 factors as (L+1)^2 at M=1 (complete structure)	coulomb_branch.py:449-497 (sympy factor/expand)	the polynomial itself is asserted (cited to Cooper-Culler-Gillet-Long-Shalen) but the factorization/Newton-polygon checks on it are computed exactly in-script
B260_coulomb_branch_reframing	main	IMPORTED	no	the A-polynomial as given is Cooper et al.'s figure-eight A-polynomial (not independently re-derived from the triangulation here)	coulomb_branch.py:451 (A_GEOM literal)	the polynomial coefficients are typed in as a literal, cited to literature; no in-repo derivation from gluing equations is shown in this arc
B261_golden_root_aj	main	COMPUTED	yes	[N]J_N(4_1;zeta5) sequence = {1,-2,-2,1,0 | -1,2,2,-1,0}, antiperiod-5/period-10, matching B240's {1,-2,-2,1}	golden_root_aj.py:594-630 (mpmath colored_jones sum, dps=50)	exact numerical evaluation with mp.nint rounding to integers and an in-script assert
B261_golden_root_aj	main	COMPUTED	yes	golden-meridian longitude L+1/L = -(2+sqrt5) = -phi^3, exactly, in Q(sqrt5)	golden_root_aj.py:616-635 (sympy nsimplify)	exact symbolic simplification with an assert
B262_t41_theory	main	COMPUTED	yes	gauge rank = N_tet - N_cusp = 1, cross-checked by edge-exponent-matrix rank = 1	t41_theory.py:757-806 (numpy matrix_rank on hard-coded EDGES_RECT)	numpy rank computation on the gluing-equation matrix; the matrix itself is hard-coded from a separately-run SnapPy script
B262_t41_theory	main	IMPORTED	yes (script present) but not run inline	figure-eight = 2 ideal tetrahedra, 1 cusp, gluing/meridian/longitude equations as stated	t41_gluing_sage.py (sage-python, SnapPy Manifold('4_1'))	the SnapPy script is committed and would reproduce the ground truth, but its output is hard-coded into t41_theory.py rather than read at runtime — a stranger must run it separately to confirm
B263_t41_cs_levels	main	COMPUTED	yes	Neumann-Zagier symplectic form A B^T symmetric (valid Lagrangian datum); CS quadratic form A^{-1}B = [[0,-1],[-1,0]]	t41_cs_levels.py:838-879 (sympy exact matrix algebra)	exact rational matrix computation with in-script asserts, self-contained
B264_e6_character_variety	main	COMPUTED	yes	dim H1(pi1(4_1), Sym^{2k}(rho_geo)) = 1 for all k=1..11, hence dim H1(Ad rho_prin) = 6 = rank(E6)	e6_charvar_tangent.py:227-283 (Fox calculus, mpmath dps=80, custom rank routine)	exact-precision Fox-calculus cocycle/coboundary rank computation, self-contained, with an explicit debugging note admitting three earlier wrong-answer bugs (double precision, mod-p mismatch, Sym convolution swap) caught against known anchors before trusting the result
B265_e6_integrability	main	COMPUTED	yes	principal sl(2) + exponent-4/8 direction generates all of e6 (dim 78); exponent-5/7/11 stays in f4 (dim 52)	t41_e6_generation_sage.py (Sage LieAlgebra E6, exact QQ) / e6_integrability.py:439-454 (hard-coded GENERATION_DIM)	exact rational Sage computation of subalgebra generation; result hard-coded into the pyenv script but the Sage source that produced it is committed
B265_e6_integrability	main	COMPUTED	yes	dim H2(pi1(4_1), Sym^{2k}) = 1 for all k (obstruction space)	e6_integrability.py:457-486 (Fox complex, imports B264's machinery)	reuses B264's exact Fox-calculus machinery to compute cokernel dimension
B265_e6_integrability	main	ASSERTED	no	headline: 'genuine E6-irreducible flat connections on the figure-eight EXIST' (near rho_prin)	FINDINGS.md verdict line / arc_verdict.json claim_one_line	the arc's own later 'Correction (2026-06-28 adversarial audit / B272)' section explicitly softens this to 'expected to exist' because the e6-bracket-coupled cup-product obstruction for the {4,8} directions was NOT computed at the time of this claim (only cited via Menal-Ferrer-Porti's dimension-count theorem, which is not an E6 smoothness theorem)
B266_arithmetic_selects_e6	main	COMPUTED	yes	figure-eight group image mod (sqrt-3) generates all of SL(2,F3), order 24 (2T)	arithmetic_selects_e6.py:697-714 (pure-Python group closure over F3 matrices)	explicit breadth-first group-closure computation over a finite field, self-contained
B266_arithmetic_selects_e6	main	COMPUTED	yes	pi1(4_1) surjects onto 2T (2 surjections) but onto A5/2I: 0 surjections	verify_surjections.py (GAP GQuotients, per FINDINGS.md 'Correction / R6 addendum')	GAP GQuotients call on the SnapPy presentation, script committed
B266_arithmetic_selects_e6	main	IMPORTED	yes (script present)	McKay(2T)=affine E6 (marks {1,1,1,2,2,2,3})	mckay_selection_sage.py (GAP McKay graphs)	classical McKay correspondence fact, reproduced via GAP in a committed script
B267_e6_coherence	main	COMPUTED	yes	E6 Dynkin adjacency eigenvalues 2cos(pi*m/12) recover exponents {1,4,5,7,8,11}; sum McKay marks=12=h(E6); sum exponents=36; dim=78; Molien(2T)=(1+q^12)/((1-q^6)(1-q^8))	e6_coherence.py:147-215 (sympy exact algebra)	exact symbolic computation with asserts, self-contained; BUT the E6 Dynkin adjacency matrix used is hard-coded (e6_dynkin_adjacency(), not derived from the McKay graph itself), a fact the arc's own later correction explicitly flags
B267_e6_coherence	main	ASSERTED	no	'the two E6's are ONE E6' (five independent invariants confirm identity, not just type)	FINDINGS.md verdict / arc_verdict.json claim_one_line	the arc's own 'Correction (2026-06-28 adversarial audit / B272)' concedes this overstates evidential weight: because the geometric side is E6 by construction, agreement of Coxeter number/dim/exponent-sum/Molien is 'automatic' once both sides are already known to be type E6 — a type match, not five independent measurements. The ADDENDUM (dated 2026-09-01, same day as this seat's review) goes further and proposes the arc_verdict.json wording itself be changed from '...are the same Lie object' to '...are of the same Lie type' with 'no identification of the two E6 roles exhibited or claimed'
B268_e6_bridge_consolidation	main	ASSERTED	unknown	wall #2 status change OPEN->REDUCED 'with no math obstruction left'	FINDINGS.md / wall_map_v2.py:301-333 (WALLS dict)	a qualitative synthesis/taxonomy over prior arcs' results, not itself a computation; the later B272 audit explicitly calls this phrasing an understatement of how much rests on the single 'input-E6=output-E6' conjecture
B269_t41_rungs_2_3	main	COMPUTED	yes	A-polynomial invariant under meridian Weyl Z/2 (M,L)->(1/M,1/L); A(1,L)=(L+1)^2 (amphichiral double root)	t41_rungs_2_3.py:465-500 (sympy exact expand)	exact symbolic check with assert, reuses B260's A-polynomial (itself imported, see B260)
B269_t41_rungs_2_3	main	COMPUTED	yes	state-integral saddle Vol(4_1)=2*Im Li2(e^{i pi/3})=2.0298832... matches B250's complex volume	t41_rungs_2_3.py:465-508 (mpmath polylog, dps=30, tolerance 1e-9)	direct numeric dilogarithm evaluation with an assert against a hard-coded target constant
B270_integrability_cup_product	main	COMPUTED	yes	SL(2)/Sym^2 cup-product obstruction Q(xi) is a coboundary (vanishes in H^2) at the geometric rep t=e^{i pi/3}	integrability_cup_product.py:565-663 (exact sympy, relator expansion to eps^2)	exact symbolic deformation-theory computation with explicit rank checks
B270_integrability_cup_product	main	COMPUTED	yes	dim H1(T^2, Sym^{2m})=2 for all E6 exponents m (half-lives-half-dies -> injective restriction -> cusp deformation)	integrability_cup_product.py:666-689 (imports B264's Sym^n machinery, mpmath)	reuses B264's committed Sym^n routine, self-contained assert loop
B271_walls_3_4	main	COMPUTED	yes	tau (+1 on f4, -1 on the 26=e6/f4) is a genuine Lie automorphism: [f4,f4]<=f4, [f4,26]<=26, [26,26]<=f4	tau_decomposition_sage.py (Sage exact QQ bracket checks)	exact rational Lie-bracket closure checks in Sage, self-contained
B271_walls_3_4	main	IMPORTED	yes (both source computations are committed elsewhere)	tau-broken exponents {4,8} == B265's E6-Zariski-dense directions {4,8}	walls_3_4.py:875-878 (list comparison of hard-coded lists)	the comparison itself is trivial (both lists are hard-coded as [4,8]); the substantive content is imported from B265's Sage computation, not recomputed here
B271_walls_3_4	main	ASSERTED	unknown	wall #4 (3d->4d lift) is 'input-required', no canonical 2- or 4-manifold attaches to a 3-manifold	FINDINGS.md / walls_3_4.py LIFT_CANDIDATES dict	a qualitative dimensional/categorical argument, not a computation; reasonably argued but not something a script verifies
B272_verification_and_gaps	main	COMPUTED	unknown	dim H1(Sym^2k)=1 confirmed three independent ways (exact Q(sqrt-3), mod-p Fox over 4 large primes, convention re-validation)	verification_and_gaps.py:1002-1018 (CONFIRMED dict, describing out-of-band re-derivations)	the dict text describes re-derivations done by 'two independent audit agents + orthogonal hand-checks' but this arc's own committed script only encodes the resulting verdict (hard-coded CONFIRMED/CORRECTIONS/GAPS dicts with print statements); the actual mod-p Fox computations over primes {61,103,9973,99991} are not present as a script in this arc's file list
B272_verification_and_gaps	main	ASSERTED	unknown	three framing overclaims identified and corrected in B265/B267/B266's own FINDINGS (as later addenda)	verification_and_gaps.py:1021-1033 (CORRECTIONS dict)	describes corrections that were in fact propagated into the respective arcs' FINDINGS.md files (confirmed by direct reading of B265/B266/B267 in this same batch) -- so the claim is externally verifiable and appears accurate, but this arc's own script does not recompute anything, only records the audit's conclusions
B273_e6_obstruction	main	COMPUTED	yes	the e6-bracket-coupled cup-product obstruction [xi U xi] vanishes in H^2(e6) for all 6 exponent directions and a generic combination, mod p in {99991,100003}	e6_obstruction_modp.py:1229-1334 (Sage, exact finite-field Lie-algebra computation)	full exact computation over two large finite fields (Schwartz-Zippel argument), self-contained, checks non-vacuity (obstruction cochain q != 0 but is a coboundary) so the vanishing is not a trivial artifact
B273_e6_obstruction	main	IMPORTED	yes (source script present)	the modp result is faithfully re-encoded as RESULT dict in e6_obstruction.py	e6_obstruction.py:1152-1194	e6_obstruction.py hard-codes the output of e6_obstruction_modp.py rather than running it; a stranger must run the Sage script separately (no committed log/output file) to independently confirm the hard-coded RESULT dict matches
B274_all_orders_smoothness	main	COMPUTED	yes	MFP smoothness certificate {dim H1=6, dim H2=6, ker(ad e)=6, dim H1(bdry)=12} mod p	b274_smoothness_modp.py run()	exact mod-p linear algebra with explicit asserts checked against two primes, script is self-contained and prints the certificate table
B274_all_orders_smoothness	main	COMPUTED	yes	cubic (3rd order) obstruction [q3]=0 for all six exponent directions	b274_smoothness_modp.py cubic()	computed mod p with explicit asserts on eta-indeterminacy invariance
B274_all_orders_smoothness	main	IMPORTED	unknown	The Menal-Ferrer-Porti smoothness criterion itself (that {6,6,12}+regular meridian implies smooth point)	FINDINGS.md 'Route (b)'	explicitly flagged in FINDINGS as cited, not re-derived in-sandbox — an honest footnote, but the theorem's applicability to this exact non-classical E6 setting is asserted, not proven here
B275_explicit_witness	main	COMPUTED	yes	explicit (A,B) in E6 solving the figure-eight relator to |R-I|~7.9e-8, with nonzero exp-4 component ~5.6e-5	b275_witness.py Newton iteration + FINDINGS.md 'Result'	committed script performs a high-precision (ComplexField 240) Newton solve and prints residual and exp-4 component; a stranger could rerun it
B276_zeta3_arithmetic_probe	main	COMPUTED	yes	colored-Jones J_N(4_1;q) at q=ζ3,ζ6 has period 3,6 and lands in Z[ζ3]=O_Q(√−3)	b276_zeta3_probe.py jones_sequence/detect_period/all_integral, reusing B261's colored_jones	explicit mpmath computation with an assert on the final verdict() function; reuses a previously-verified routine (B261)
B276_zeta3_arithmetic_probe	main	COMPUTED	yes	ramification (1-ζ3)(1-ζ3^2)=3 exactly	b276_zeta3_probe.py ramification_holds()	exact symbolic/arithmetic check
B277_4d_lift_obstruction	main	COMPUTED	yes	fiber Σ1,1 monodromy φ=RL=[[2,1],[1,1]], trace 3, pseudo-Anosov	b277_4d_lift.py monodromy()/is_pseudo_anosov()	simple matrix computation with assert
B277_4d_lift_obstruction	main	IMPORTED	unknown	class-S(A1,Σ1,1) = N=2* SU(2) identification; MCG(Σ1,1)=SL(2,Z)=S-duality group	FINDINGS.md 'Class-S of the fiber'	cited to Gaiotto's class-S dictionary, not derived in-sandbox
B278_consolidation_v3	main	ASSERTED	unknown	five-wall map table (status per wall)	FINDINGS.md 'Five-wall map v3'	a synthesis/bookkeeping table summarizing prior arcs; wall_map_v3.py likely just renders/checks consistency of the table rather than computing new content
B279_spin_structure_bit	main	COMPUTED	yes	H1(4_1;Z)=Z, symmetry group D4 order 8, isometries act by ±1 on cusp basis => τ*=id mod2 => τ fixes both spin structures	spin_structure_bit_snappy.py (SnapPy) + FINDINGS.md proof	SnapPy computation of symmetry group plus an explicit mathematical proof using the S3-bounding spin structure argument, both given in FINDINGS
B280_2T_higher_spin	main	COMPUTED	yes	2T=SL(2,F3) irrep dims {1,1,1,2,2,2,3}; spin-3/2 = Sym^3(faithful 2-dim) = 2+2 (two distinct 2-dim irreps), not 3+1	spin_content_2T_gap.py (GAP)	GAP character-table/branching computation, standard finite-group representation theory
B280_2T_higher_spin	main	COMPUTED	unknown	E6 ⊃ SU(6)×SU(2): 27=(15,1)+(6bar,2)	FINDINGS.md 'The branching' referencing branchings.py	FINDINGS references a 'branchings.py' Weyl-character script not listed among this arc's committed files in the packet — file location/existence not directly verified in this read
B281_crux_scoping	main	COMPUTED	yes	dim H1(Ad ρ_prin) = rank(g) for A2,G2,A3,B2,F4,A4,D4,E6,E7 (every type checked)	crux_geom_probe.py	explicit per-type computation printed as a table, generalizing B264's method across many Lie types
B281_crux_scoping	main	COMPUTED	yes	every Lie type has a dense (irreducible) principal deformation direction (density_probe.py, generalizing B265)	density_probe.py	explicit per-exponent dimension table for A2,G2,A3,D4,F4,E6
B282_e6_is_arithmetic_not_geometric	main	COMPUTED	yes	π1(K)↠SL(2,F3)=2T surjection present only for 4_1/m003 (arithmetic), absent for 5_2,6_1,6_2,7_4 (non-arithmetic)	e6_specificity_gap.py (SnapPy+GAP GQuotients)	explicit table of manifolds, volumes, arithmeticity, and 2T-surjection counts
B283_selfgen_scoping	main	COMPUTED	yes	period governed by det(φ+I) for metallic AND non-metallic AND irregular words (no distinguishing signal for the metallic family)	selfgen_genericity_probe.py	explicit per-word period table (RL, RRLL, RRRLLL, RRL, RRRL, RLRL, RRLRL)
B283_selfgen_scoping	main	IMPORTED	unknown	'period absent when m^2+4 prime' is falsified (m=1, disc 5 prime, has smallest period)	FINDINGS.md citing B204	attributed to B204's exact formula, not recomputed in this arc's own script per the FINDINGS text
B284_2T_component	main	COMPUTED	yes	finite-image 2T rep exists exactly at tetrahedral angle cos α=−1/3, relator residual 2e-15, image order 24	twoT_component.py	explicit exact algebraic solve of the Riley polynomial at u=ω plus a numerical relator check
B284_2T_component	main	COMPUTED	yes	dim_C H1(Ad) = 1 for the 2T rep, identical to the geometric rep (generic, not anomalous)	twoT_component.py	explicit cohomology dimension computed with the complex sl2 adjoint (a documented method correction mid-verification, using complex not real adjoint)
B284_2T_component	main	ASSERTED	no	adjudication of chat-1's 5 claims (dynamics conjugate to CS-time, Gamma~exp(-kVol), S=k/2 T formula, Lambda-sign)	FINDINGS.md 'The other four claims'	these are literature/argument adjudications, not computations — reasoning about external papers (Alexander-Magueijo-Smolin) rather than in-sandbox calculation
B285_commutator_phase	main	COMPUTED	yes	meridian-commutator trace κ=u²+2 = 3/2 ∓ i√3/2 = √3 e^(∓iπ/6) for Riley root u=ω	commutator_phase.py	exact symbolic computation from the Riley polynomial root, verified in FINDINGS and cross-checked in verdict.py
B286_the_seam	main	COMPUTED	yes	exactly 10 exceptional Dehn fillings (integer slopes -4..4 plus meridian/infinity)	seam_fillings.py (SnapPy, citing Thurston)	SnapPy exceptional-surgery census on a known manifold, standard and reproducible
B286_the_seam	main	COMPUTED	yes	cusped CS=0 (amphichiral); generic fillings chiral (CS not in {0,1/2} mod 1); mirror slope (p,-q) gives CS=-CS(p,q)	seam_fillings.py	explicit SnapPy Chern-Simons computation across sampled fillings
B286_the_seam	main	COMPUTED	yes	core length along (1,n) ≈ 2π/n (ratio -> 1.0000)	seam_fillings.py	explicit numeric asymptotic check
B287_distinguished_closing	main	COMPUTED	yes	m004(0,1) is Sol torus bundle with monodromy exactly A=[[2,1],[1,1]]	distinguished_closing.py using SnapPy+Regina+Twister	three independent methods (Alexander polynomial, Twister isometry check, Regina combinatorial recognition) all cross-checked in one script; has repo-level test tests/test_b287_distinguished_closing.py
B287_distinguished_closing	main	COMPUTED	yes	uniqueness of the torus-bundle closing is homology-forced (only (0,1) has infinite H1)	FINDINGS.md 'Uniqueness is homology-forced'	an elementary but exact homological argument independent of Regina's recognizer limitations, explicitly strengthening the result against a tool gap
B288_arithmetic_filling_census	main	COMPUTED	yes	0 of 54 (later 78, per B740) closed hyperbolic fillings in grid |p|,|q|<=8 contain sqrt(-3) or are arithmetic	arithmetic_census.py (SnapPy + Sage NF) + verdict.py (sympy re-check)	invariant-trace-field computation for each filling, cross-checked by a second (shape/trace field) method and independently re-verified for the cusped field in pure sympy
B289_cp_sign_law	main	COMPUTED	yes	over all 78 hyperbolic closings |p|,|q|<=8, every manifold is chiral and CS(p,-q)=-CS(p,q) exactly, cross-checked by chern_simons() and Im(complex_volume)/(2pi^2)	cp_sign_law.py	explicit two-method 78-closing census with agreement noted mod 1/2
B289_cp_sign_law	main	COMPUTED	yes	the mirror-slope sign flip is the same Q(sqrt-3) Galois involution (u<->u^2) that flips B285's ±π/6 phase	verdict.py (sympy recomputation)	explicit symbolic recomputation of the Galois action
B290_core_scale_ladder	main	COMPUTED	yes	l_C(1,n) = 2πi/n + (π/√3)/n² + O(1/n^3), with the 1/n^2 coefficient matching the independently-computed cusp shape prediction 2π/|τ_cusp| to 5 digits	core_scale_ladder.py	two-method match (direct SnapPy core_length series vs. cusp-shape-predicted coefficient), explicit numeric agreement reported
B290_core_scale_ladder	main	ASSERTED	unknown	'filling n = level k' is refuted as a formal identity (independent axes: topological Dehn integer vs quantum root-of-unity parameter)	FINDINGS.md section 2	a conceptual/definitional argument, not itself a numerical computation
B291_scale_extremal	main	COMPUTED	yes	min-volume hyperbolic filling over grid |p|,|q|<=8 is m004(±5,1)=m003(-2,3), vol 0.98136883, stable across 5 randomized triangulations	scale_extremal.py	two independent volume methods (volume() and Re(complex_volume)) agreeing to <1e-7, plus a triangulation-stability check across 5 randomized retriangulations
B291_scale_extremal	main	COMPUTED	yes	systole infimum is 0, not attained at any finite closing	scale_extremal.py	follows directly from the already-verified core~2π/n asymptotic (B290)
B292_multiplicity_2manifold	main	COMPUTED	yes	classification of fiber (surface) vs metallic tower / filling family (3-manifold sequences) by Euler characteristic and dimension	multiplicity_2manifold.py	straightforward but explicit dimension/Euler-char bookkeeping check across the three candidates
B293_peripheral_clock	main	COMPUTED	yes	Goldman bracket {x,y}=2z-xy etc. with κ=x²+y²+z²-xyz-2 as the Poisson Casimir ({κ,·}=0)	peripheral_clock.py	explicit symbolic Poisson-bracket computation
B293_peripheral_clock	main	COMPUTED	yes	Neumann-Zagier frame independently gives the same conjugate-pair structure (A·B^T symmetric, mixed BF coupling k_um=-1)	peripheral_clock.py (B263 NZ frame)	second, independent computation of the same structural claim
B293_peripheral_clock	main	IMPORTED	unknown	identification of the Casimir bracket construction with the Goldman bracket and κ with tr[a,b]	FINDINGS.md honest caveat (a)	explicitly flagged in FINDINGS as 'imported from Goldman/Fricke, not derived here' — a self-flagged type-identification, not computed
B293_peripheral_clock	main	ASSERTED	no	'Goldman = NZ' identification of the two symplectic pictures	FINDINGS.md honest caveats	FINDINGS states explicitly: 'the standard interpretive identification, asserted ... not an exhibited isomorphism'
B294_selection_verdict	main	COMPUTED	yes	the selection table (B287-B293, B295 summarized) and 'cross-axis test' that no closing is distinguished on all axes	selection_verdict.py (imports B287-B293, B295)	a consolidation script that imports and cross-checks the outputs of the prior seven arcs; the cross-axis comparison itself is a genuine (if simple) computation over already-established facts
B295_ssb_gauge_status	main	COMPUTED	yes	V(τ)=κ(τ³/3−τ²/2−τ) critical points (golden φ, −1/φ in Q(√5)) are disjoint from the Eisenstein ±π/6 vacua (ω,ω² in Q(√−3))	ssb_gauge.py (sympy)	explicit symbolic disjointness check between two different number fields' distinguished elements
B295_ssb_gauge_status	main	COMPUTED	yes	V(τ) is a cubic (one min, one max, unbounded below) so cannot be a double-well and cannot support SSB regardless of which τ	ssb_gauge.py / FINDINGS.md	elementary calculus fact about a cubic, verified symbolically
B295_ssb_gauge_status	main	ASSERTED	no	the P011 Curie-principle argument itself is 'refuted' as the wrong argument (SSB loophole exists)	FINDINGS.md 'The adjudication' item 1	a conceptual/logical argument about which physics principle applies, not a computation
B296_seam_arc_verification	main	ASSERTED	no	0 refutations, 0 firewall leaks across the red-team of B287-B295, SEAM-THESIS	verdict.py lines 16-27 (REDTEAM_VERDICTS, N_REFUTED, N_FIREWALL_LEAKS)	REDTEAM_VERDICTS is a hardcoded dict of string labels; there is no committed script that re-runs the B287-B295 reproducers and outputs these verdicts — the verdict() function only checks that hand-entered constants equal certain values, i.e. it is a self-consistency check on asserted claims, not a recomputation.
B296_seam_arc_verification	main	ASSERTED	no	B288 extended to |p|,|q|<=12, 174 closings, 0 arithmetic	FINDINGS.md lines 13-14; verdict.py line 25 (EXTENDED_CHECKS)	the '174 closings, 0 arithmetic' figure is stated and encoded as a constant (EXTENDED_CHECKS['B288_arithmetic_up_to_12']=0) but the sweep script that produced it is not in this arc's files.
B296_seam_arc_verification	main	ASSERTED	no	m003 is a 'non-amphichiral control' making the CS sign-law finding (0/38 vs 38/38) object-specific	VERDICTS.md line 16	this claim is later directly contradicted by B855's is_amphicheiral() computation (per log); no correction is present in the FINDINGS/VERDICTS files as read here.
B297_consolidation_v4	main	ASSERTED	no	five-wall status classification (DISSOLVED/REDUCED/OPEN->MECHANISM-AT-SEAM/CHARACTERIZED/QGAP)	wall_map_v4.py lines 37-57 (WALLS dict)	the wall statuses are prose judgments hand-encoded as dict values; consistency() only checks the dict has 5 keys with those exact status strings, not that the underlying physics assessment is correct.
B297_consolidation_v4	main	ASSERTED	unknown	the structural theorem ('selective for own structure, catalogue for SM-values')	wall_map_v4.py lines 60-65	a summary restated from B294, cited not re-derived here.
B298_generation_obstruction	main	COMPUTED	yes	figure-eight invariant trace field ℚ(√−3) is degree 2, disc -3, Galois group ℤ/2	verdict.py lines 34-39 (trace_field_is_degree2, via sympy discriminant)	sympy Poly/discriminant call is present and directly checkable by a stranger.
B298_generation_obstruction	main	COMPUTED	yes	3-fold covers of m004 (SnapPy): exactly 1 cover, H1=Z/4+Z/4+Z	generation_obstruction.py lines 32-41 (snappy.Manifold('m004').covers(3))	real SnapPy call, though requires sage-python/SnapPy environment to run; code is committed and self-contained.
B298_generation_obstruction	main	ASSERTED	no	seven-route multiplicity table (all give 1 or 2, never 3)	verdict.py lines 14-22 (MULTIPLICITY_ROUTES)	most of the seven entries (SU(3)_family in SU(6), mu_3 on the 27, trace-map fixed points) are cited to other banked arcs (B280, B299) rather than computed in this file; only two rows (H1/covers) are locally computed.
B299_trinification_triality	main	COMPUTED	yes	THETA, PHI form a commuting order-3, det-1 Z3xZ3 preserving a genuine E6 Cartan matrix (det 3)	trinification_triality.py lines 32-59 (is_z3xz3, fixed_dims, preserves_E6)	straight sympy Matrix algebra, self-contained, directly checkable.
B299_trinification_triality	main	IMPORTED	unknown	THETA, PHI matrices themselves (the specific 6x6 integer matrices)	trinification_triality.py lines 32-36	the matrices are stated to come 'from the external exploration' (a separate, non-origin-axiom repo, 'origin-sm-dynamics') and are simply embedded as constants; their derivation is not reproduced here, only their algebraic properties are checked.
B299_trinification_triality	main	COMPUTED	yes	θ, φ act freely on the 27 (9 orbits of size 3, zero fixed weights)	trinification_triality.py lines 62-95 (orbit_structure_on_27, BFS weight generation)	the 27-weight BFS and orbit computation is real, self-contained sympy/python code.
B300_cross_chat_sm_attempt	main	ASSERTED	no	the ~8 external Column-B inputs collapse to exactly 2 walls	FINDINGS.md lines 10-19; cross_chat_sm_attempt.py lines 38-42 (COLUMN_B_WALLS, N_COLUMN_B_WALLS=2)	the 'eight inputs' and their compression to two walls is a prose/taxonomy judgment hand-encoded as a dict, not a derivation from a formal enumeration; the log shows the count of '8' was itself disputed against two other counts (B717's 4, a sweep's ~8) and unreconciled at the time this arc was written.
B300_cross_chat_sm_attempt	main	ASSERTED/COMPUTED	partial	E6+A2->E8 prime-3 glue: det(E6)*det(A2)/9=1=det(E8)	cross_chat_sm_attempt.py lines 41,51,54-55	the arithmetic check (9/9=1) is trivial and computed, but DET_E6=3, DET_A2=3, DET_E8=1 are hardcoded constants asserted rather than derived in this file.
B300_cross_chat_sm_attempt	main	COMPUTED	yes	L_dS/l_P = sqrt(k/6pi); k=3 -> ~0.40, k~1e122 -> ~6e60	cross_chat_sm_attempt.py lines 58-59	straightforward math.sqrt formula, exact and checkable, but conditional on an unverified external relation (G*Lambda=6pi/k, 'the Alexander relation') per the FINDINGS text.
B301_chirality_filter_and_convergence	main	ASSERTED	no	the 27 of E6 is complex (27 != 27bar)	chirality_filter.py lines 30-31 (TWENTYSEVEN_IS_COMPLEX=True, comment 'Sage-verified')	stated as 'Sage: E6 fund rep dim 27, r != r.dual()' but no Sage code is present in this file to run; the fact is a hardcoded boolean.
B301_chirality_filter_and_convergence	main	ASSERTED	no	chirality filters E6's maximal subgroups to {SO(10)xU(1), SU(6)xSU(2), SU(3)^3}, rejects {F4, Sp(8)}	chirality_filter.py lines 31-33	branching-rule facts cited/hardcoded, not computed here.
B301_chirality_filter_and_convergence	main	ASSERTED	n/a	downgrade of 'stability forces SO(10)' to a set of 3 chiral options + explicit physics-input flag on chirality=stability	FINDINGS.md lines 8-20	a self-critical retraction of a prior overclaim, correctly and honestly labeled as a physics assumption rather than an object property; not a computed fact but a well-reasoned framing correction.
B302_multiplicity_hidden_z3	main	COMPUTED	yes	Sym(m004) = D4 (order 8), knot group torsion-free	multiplicity_hidden_z3.py lines 28-30 (snappy .symmetry_group())	direct SnapPy call, requires sage-python/SnapPy but code is committed and self-contained.
B302_multiplicity_hidden_z3	main	COMPUTED	yes	the commensurator PGL(2,O_-3) has order-3 elements ([[0,-1],[1,-1]] and Eisenstein diag(w,1))	multiplicity_hidden_z3.py lines 33-38; verdict.py lines 36-41	matrix-power identities checked directly in both Sage (Matrix over NumberField) and pyenv (sympy) versions — a genuine independent double-check.
B302_multiplicity_hidden_z3	main	COMPUTED	yes	figure-eight is an index-12 cover of the minimal orbifold H^3/PGL(2,O_-3) (Riley)	multiplicity_hidden_z3.py lines 41-54; verdict.py lines 51-56	covolume computed via an explicit Humbert-formula mpmath L-function sum (200000/100000 terms) in both files, giving index ~12 to within 0.5 — a real numeric computation, though truncated-series (not exact) and the two files use slightly different term counts (200000 vs 100000).
B303_clock_is_the_cp_sign	main	COMPUTED	yes	cusped m004 (amphichiral): CS = 0	clock_is_the_cp_sign.py line 52 (snappy chern_simons())	direct SnapPy call, self-contained.
B303_clock_is_the_cp_sign	main	COMPUTED	yes	CS(1,n) all same sign for n=4..15, CS(1,-n)=-CS(1,n), |CS|->0 as n->inf	clock_is_the_cp_sign.py lines 38-48	a real loop of SnapPy Dehn-filling + chern_simons() calls.
B303_clock_is_the_cp_sign	main	IMPORTED	partial	the specific CS_LADDER numeric table (e.g. CS(1,4)=-0.124428)	verdict.py lines 16-17	verdict.py hardcodes numbers evidently copied from a run of clock_is_the_cp_sign.py rather than recomputing them itself with SnapPy; its 'verification' is only that the copied numbers are internally same-sign and decaying, not a fresh SnapPy run.
B304_gauge_dynamics_skeleton	main	COMPUTED	yes	sin^2(theta_W) = Tr(T3^2)/Tr(Q^2) = 3/8 over one SM generation	gauge_dynamics_skeleton.py lines 38-49	exact Fraction arithmetic over an explicit hand-listed SM-generation charge table, self-contained and checkable, though the input table itself (the SM's own quantum numbers) is asserted from known physics, not derived from the object.
B304_gauge_dynamics_skeleton	main	COMPUTED	yes	one-loop beta signs: SU(3),SU(2) asymptotically free, U(1) grows	gauge_dynamics_skeleton.py lines 52-57	exact Fraction arithmetic, standard formula.
B304_gauge_dynamics_skeleton	main	COMPUTED	yes	# E6 adjoint weights with j==0 mod 3 (principal grading) = 24 = |2T|	gauge_dynamics_skeleton.py lines 60-63	explicit sum over the B264 exponents {1,4,5,7,8,11}, self-contained arithmetic.
B304_gauge_dynamics_skeleton	main	ASSERTED	no	E6 has exactly 3 mutually orthogonal height-6 positive roots (refuting Chat-1's SU(3) saddle claim)	gauge_dynamics_skeleton.py lines 66-70 (E6_HEIGHT6_POSITIVE_ROOTS, comment 'Sage-verified')	stated as Sage-verified but no Sage root-system code is present in this file — hardcoded constants.
B305_eisenstein_trinification_grading	main	COMPUTED	yes	at u=2pi i/3: 9 surviving E6 positive roots in 3 orthogonal components of 3 (A2^3=SU(3)^3)	eisenstein_trinification_grading.py lines 34-58, 106-118 (Sage RootSystem)	real Sage RootSystem('E6') + networkx connected-components code, requires sage-python but self-contained and reproducible.
B305_eisenstein_trinification_grading	main	COMPUTED	yes	at u=i pi/3 (saddle): 3 surviving roots, mutually orthogonal (A1^3=SU(2)^3, not A2=SU(3))	eisenstein_trinification_grading.py same functions, lines 122-127	same code path as above, genuinely computed.
B305_eisenstein_trinification_grading	main	IMPORTED	no	E6 positive-root height distribution {1:6,2:5,...,11:1}	verdict.py line 14 (E6_HEIGHT_DIST, comment 'Sage-verified, B304')	copied from an earlier arc's Sage output as a hardcoded dict; verdict.py's 'mod_counts()' re-derivation is arithmetic over this imported table, not a fresh root-system computation.
B306_principal_grading_cascade	main	COMPUTED	yes	the N=1..6 pseudo-Levi cascade (E6 -> SU(6)xSU(2) -> SU(3)^3 -> SU(3)^2xSU(2) -> left-right -> SU(2)^3)	principal_grading_cascade.py lines 31-57 (Sage RootSystem cascade())	genuine Sage root-system + networkx computation, self-contained.
B306_principal_grading_cascade	main	COMPUTED	yes	N=5 SM-shaped point is the left-right group SU(3)xSU(2)_LxSU(2)_RxU(1)^2, dim 16, containing the SM	principal_grading_cascade.py lines 62-69	same cascade computation; the SM-containment claim is a standard-physics reading of the computed centralizer, correctly flagged as needing external SU(2)_R breaking.
B306_principal_grading_cascade	main	ASSERTED	n/a	N=5 = k+2 = the figure-eight's WRT level (k=3) coincidence flagged as a LEAP mixing two arithmetic ends	FINDINGS.md lines 37-39	an honestly-labeled numeric coincidence explicitly NOT claimed as forced — good discipline, matches IDENTIFICATION_BY_TYPE concern proactively.
B307_totally_real_obstruction	main	COMPUTED	yes	C3 (cyclic-cubic) fields are totally real; hyperbolic trace fields always have a complex place; hence no hyperbolic knot has a C3 trace field	totally_real_obstruction.py lines 44-47 (theorem/proof); verdict.py lines 20-24	a genuine, checkable number-theoretic argument plus a sympy discriminant sanity check on 3 sample C3 fields; the logical theorem itself is elementary and correct as stated.
B307_totally_real_obstruction	main	COMPUTED	partial	census: of 500 cusped manifolds, 32 have degree-3 trace fields, all signature (1,1), 0 cyclic	totally_real_obstruction.py lines 51-63 (census_cubic_scan, SnapPy)	the scan code itself is present and would produce the numbers if run (needs Sage+SnapPy), but verdict.py hardcodes N_CUBIC_TRACE_FIELDS=32, CUBIC_SIGNATURES={(1,1):32}, N_CYCLIC_C3=0 as constants copied from a prior run rather than re-running the scan.
B307_totally_real_obstruction	main	COMPUTED	yes	5_2's trace field x^3-x^2+1 has disc -23, Galois S3, splits 1+2 like the figure-eight	totally_real_obstruction.py lines 66-69; verdict.py lines 31-37	exact sympy discriminant, checked in both the sage-python and pyenv files.
B308_yukawa_last_redoubt	main	COMPUTED	yes	E6 cubic invariant 27x27x27->1 has multiplicity 1 (a unique Yukawa coupling)	yukawa_last_redoubt.py lines 36-49 (Sage WeylCharacterRing)	genuine Sage representation-theory computation, self-contained though requiring Sage.
B308_yukawa_last_redoubt	main	ASSERTED	n/a	the inter-generation hierarchy is NOT forced (texture S_ij undetermined by E6)	verdict.py lines 22-24	a negative/scoping conclusion, correctly following from the positive fact that E6 fixes only the coupling constant, not a computed additional fact.
B308_yukawa_last_redoubt	main	IMPORTED	no	CUBIC_INVARIANT_MULTIPLICITY=1 (recorded in verdict.py)	verdict.py line 14	copied from yukawa_last_redoubt.py's Sage output as a constant rather than recomputed in pyenv (Sage rep theory can't easily be re-verified in plain sympy, so this is an accepted limitation, but it is still not independently re-derived).
B309_kappa_unification	main	COMPUTED	yes	kappa(u)=u^2+2; kappa(0)=2 (P008's wall); kappa(omega)-2 = omega^2, |kappa(omega)-2|=1	kappa_unification.py lines 39-50 (sympy)	exact sympy symbolic computation, self-contained and directly checkable.
B309_kappa_unification	main	ASSERTED	no	E6 is the unique exceptional group that is both complex (chirality) and has center Z/3	kappa_unification.py lines 62-64 (EXCEPTIONAL_CENTERS, EXCEPTIONAL_COMPLEX dicts)	standard textbook Lie-theory facts hardcoded as dicts, not derived computationally in this file (though they are well-known and low-risk).
B309_kappa_unification	main	ASSERTED	n/a	this is explicitly a consolidation, not a discovery	FINDINGS.md lines 3-6; kappa_unification.py lines 4-6	an honest self-classification distinguishing genuine new computation from re-labeling of prior banked results (P008/S034/B161-163/B186/B286/B294/B285/B305/B306/B204/B218-230/B293).
B310_cascade_realization_exhausted	main	COMPUTED	yes	cascade u-value gaps (units of pi i) are 1/3, 1/6, 1/10, 1/15 — not equal — refuting an 'equally-spaced pi i/3' claim	cascade_realization_exhausted.py lines 37-50 (sympy Rational)	exact sympy Rational arithmetic, trivial and directly checkable.
B310_cascade_realization_exhausted	main	IMPORTED	unknown	the trinification (N=3) eigenvalue omega is the figure-eight's own Eisenstein Riley root	cascade_realization_exhausted.py line 58; cites B305/B285	cited to B305/B285 rather than re-derived here.
B311_cascade_branch_points	main	COMPUTED	yes	the figure-eight A-polynomial discriminant factors exactly as (x-1)^2(x+1)^2(x^2-3x+1)(x^2+x+1)	cascade_branch_points.py lines 40-49 (sympy.factor)	real symbolic polynomial factorization, self-contained and checkable.
B311_cascade_branch_points	main	COMPUTED	yes	N=2 (M=i) is a branch point but reducible (L=1, abelian); N=3 (M=e^{ipi/3}) is a branch point and irreducible (L=-1); N>=4 not branch points	cascade_branch_points.py lines 52-93	the is_branch/is_reducible checks are direct sympy symbolic substitutions into the discriminant/longitude formulas.
B311_cascade_branch_points	main	IMPORTED	unknown	the A-polynomial coefficient formula A(M,L)=M^4L^2-(...)L+M^4 itself	cascade_branch_points.py lines 34-38	cited to Cooper-Culler-Gillet-Long-Shalen; taken as given rather than independently derived from the figure-eight's triangulation in this file.
B312_face_iv_houses_the_form	main	COMPUTED	yes	E6 exponents {1,4,5,7,8,11} sum to 36 and are symmetric about h/2=6	face_iv_houses_the_form.py lines 46-49	trivial arithmetic check, exact.
B312_face_iv_houses_the_form	main	COMPUTED	yes	Q(sqrt-3) embeds in Q(zeta_12): sqrt(-3)=1+2*zeta_12^4	face_iv_houses_the_form.py lines 73-77 (sympy)	exact symbolic identity check via sympy.simplify.
B312_face_iv_houses_the_form	main	IMPORTED	unknown	the CIZ E6 exceptional modular invariant's diagonal labels {0,3,4,6,7,10} (shifted +1) are the E6 exponents	face_iv_houses_the_form.py lines 42,61-63	cited to Cappelli-Itzykson-Zuber (1987); the diagonal labels are hardcoded from the literature, not derived from a modular-invariant classification computation in this file.
B312_face_iv_houses_the_form	main	ASSERTED	n/a	the level (k=10, k=28) is generic to the ambient modular category, not object-specifically selected	FINDINGS.md lines 30-33	a correctly-scoped firewall statement rather than a computed fact — the arc is careful to distinguish the form (computed) from the level-selection claim (explicitly not object-specific).
B313_fibonacci_bridge_and_no_forced_choice	main	COMPUTED	yes	central-charge chain SU(2)_3 (9/5) -> (G2)_1 (14/5) -> (E6)_1 (6) is exact	fibonacci_bridge_and_no_forced_choice.py lines 40-57 (sympy Rational WZW formula)	exact rational arithmetic on the standard WZW central-charge formula, self-contained.
B313_fibonacci_bridge_and_no_forced_choice	main	ASSERTED	no	27 -> (7,3)+(1,6) under E6 ⊃ G2xSU(3), refuting 'matter=Fibonacci anyons' (27->7)	fibonacci_bridge_and_no_forced_choice.py lines 60-62	the check performed is only that dimensions sum correctly (7*3+1*6==27); this confirms a dimension count is consistent with the claimed branching but does not itself verify (compute) that E6 ⊃ G2xSU(3) actually decomposes the 27 into exactly (7,3)+(1,6) as opposed to some other combination also summing to 27 — a dimension-match, not a representation-theoretic derivation, in this file.
B313_fibonacci_bridge_and_no_forced_choice	main	IMPORTED	unknown	m=1 has a non-metric selector (K009: the expansion threshold); heterogeneity (not multiplicity) creates a kappa-fork (S032-B/B131)	FINDINGS.md lines 24-37	explicitly cited to the repo's other arcs (K009, K013, S032, B125, B131, B261) rather than re-derived here, as the FINDINGS text itself discloses ('the upstream facts are cited to the repo, not re-proved').
B314_galois_seals_face_iv	main	COMPUTED	yes	J_2(4_1;q) matches the known figure-eight Jones polynomial q^-2-q^-1+1-q+q^2 (sanity check)	galois_seals_face_iv.py lines 48-50	exact symbolic sympy check against a known, independently-verifiable classical invariant — a good internal sanity test.
B314_galois_seals_face_iv	main	COMPUTED	yes	J_N(4_1;zeta_5) = {1, 1-sqrt5, 1-sqrt5, 1} for N=1..4, all in Q(sqrt5)	galois_seals_face_iv.py lines 53-56, 87-89	exact symbolic evaluation of the Habiro colored-Jones sum at a 5th root of unity, using sp.nsimplify to identify the algebraic form.
B314_galois_seals_face_iv	main	COMPUTED	yes	the golden Galois orbit {1-sqrt5,1+sqrt5} and SU(2)_3 quantum dimensions {1,phi,phi,1}	galois_seals_face_iv.py lines 59-69	direct symbolic computation, exact.
B315_e7_exclusion_vs_heterotic	main	IMPORTED	no	E6/27 complex (FS=0), E7/56 pseudoreal (FS=-1), E8/248 real (FS=+1)	e7_exclusion_vs_heterotic.py lines 34-38 (EXCEPTIONAL dict, comment 'Sage-verified in B234')	the Frobenius-Schur indicators are cited to B234 (not in this packet) rather than re-derived; the file only encodes them as constants.
B315_e7_exclusion_vs_heterotic	main	COMPUTED	yes	trace-1 unimodular discriminants reach exactly {-3,5}; disc 8 (E7) needs even trace, first appearing at the 'silver bundle m=2'	e7_exclusion_vs_heterotic.py lines 46-60	straightforward integer arithmetic, self-contained and exact.
B315_e7_exclusion_vs_heterotic	main	ASSERTED	n/a	heterotic's E7-skip = non-chirality = one of the object's three independent E7-exclusion obstructions (shared root: pseudoreality)	FINDINGS.md lines 20-36	a synthesis/argument built on the imported FS facts plus the locally-computed discriminant-reachability fact; logically coherent but its Diophantine and FS legs are both imported from other arcs (B234), not independently re-derived here.
B316_sqrt7_chirality_field	main	COMPUTED	yes	imaginary unimodular discs reachable by trace-t, det=±1 monodromy are exactly {-4,-3}	sqrt7_chirality_field.py lines 26-33	trivial, exact integer arithmetic over a small finite range, self-contained.
B316_sqrt7_chirality_field	main	COMPUTED	yes	-7 passes the trace-1 congruence (-7≡1 mod 4) but is below the floor (-7<-4), hence unreachable by unimodular monodromy	sqrt7_chirality_field.py lines 36-43	trivial arithmetic.
B316_sqrt7_chirality_field	main	IMPORTED	unknown	Q(sqrt-7) IS realized elsewhere in the object's arithmetic, as the chirality field of the arithmetic RRL/RLL bundles (B147)	FINDINGS.md lines 26-29	cited to B147 (verify-don't-trust confirmed per text, but not re-derived in this file's committed code).
B317_painleve_transcendental	main	COMPUTED	yes	metallic eigenvalues lambda_m are hyperbolic (|lambda_m|>1) for m=1,2,3, giving positive topological entropy 2*log(lambda_m)	painleve_transcendental.py lines 30-47	exact sympy symbolic computation of eigenvalues and entropy, self-contained.
B317_painleve_transcendental	main	ASSERTED	n/a	the metallic elements are hyperbolic hence infinite (dense) orbits, so the solutions are transcendental (not in the algebraic Lisovyy-Tykhyy list)	FINDINGS.md lines 13-20	correctly follows logically from the computed hyperbolicity plus a cited classification theorem (Lisovyy-Tykhyy 2008), which is not re-derived/re-proved here, only cited.
B317_painleve_transcendental	main	IMPORTED	unknown	the Hitchin/Painleve-VI lens 'was already run' in B164/B169, correcting a stale claim in P010	FINDINGS.md lines 6-9	cited to B164/B169 (not in this packet); this arc adds a placement on top, not a re-verification of B164/B169's content.
B318_amphichiral_mechanism	main	COMPUTED	yes	complex conjugation acts nontrivially on sqrt(-3) (Eisenstein end) but trivially on sqrt(5) (golden end)	amphichiral_mechanism.py lines 30-46	trivial but exact sympy conjugate() checks, self-contained and directly reproducible by a stranger.
B318_amphichiral_mechanism	main	ASSERTED	n/a	correction to B311: the golden A-polynomial discriminant factor x^2-3x+1 is definitional (the figure-eight's own monodromy eigenvalue quadratic), not a surprising coincidence	FINDINGS.md lines 32-39	a reasoned correction of a prior arc's overclaim (B311), logically argued but not itself a new computation beyond the trivial conjugation check.
B754_p2_spectral	main	COMPUTED	yes	Palette (ray-class character count) = (1,2,8) at levels (2),(4),(8) for m004's cusp order	recomputed independently by brute-force group enumeration in nearly every cell (e.g. WALL-1/compute.py, TOMB-L252, TOMB-L241, TOMB-L57, TOMB-L334); matches B737/B739 banked values	Plain-python enumeration of (O/2^k)^x modulo mu_6 is printed in multiple compute.py files with explicit unit counts (3,12,48) and mu6-image sizes; deterministic, no external dependency.
B754_p2_spectral	main	COMPUTED	yes	Cusp CM discriminant -48 (conductor-4 order) vs m003's -3 (maximal order); j-invariant gap ~2.836e9	WALL-1/compute.py CHECK block (j via q-series + exact H_{-48} class-polynomial root); repeated in TOMB-L267, TOMB-L247, B107	q-series and exact integer class-polynomial root are both computed in-script from stdlib; cross-checked to <1e-3.
B754_p2_spectral	main	IMPORTED	yes	B753 theta-odd block trace 1/phi, eigenphases +-72deg, mixing entry 1/(phi*sqrt5)	cited/re-verified (not re-derived from first principles) across nearly all cells, e.g. TOMB-L252 CHECK line 74, TOMB-L63 PART1, TOMB-L339	The value originates in the separately-frozen B753 arc (outside this packet); B754 cells re-run B753's own pipeline (B238 import) in-cell and confirm agreement to 1e-15, so it is IMPORTED-but-cross-checked rather than freshly derived within B754.
B754_p2_spectral	main	COMPUTED	yes	Class-number-formula residues for the four h=1 imaginary-quadratic fields (D=-3,-4,-7,-11), matching B737-banked values to <1e-9	WALL-1/compute.py Section [2]	2*pi*h/(w*sqrt|d|) computed in-script and diffed against a BANKED_RES dict hardcoded from B737's own output file; both numbers are printed.
B754_p2_spectral	main	IMPORTED	yes	WALL-1's E4 premise 'm004-specific bits reaching the SSB-carrying datum: ZERO'	WALL-1/compute.py CHECK 'B737 P4 S10(c)'; grep-verified against frontier/B737_candidate_zero/p4_kms_out.txt line 182	The load-bearing physics conclusion for the arc's headline (no SM value from the solo object) rests on a sentence imported verbatim from a different, earlier arc (B737); this cell only greps that the sentence exists at the cited line, it does not re-derive the zero-bits claim independently.
B754_p2_spectral	main	COMPUTED	no	TOMB-L277 skeptic override: 16/37 classes (43%) golden-magnitude weld-block trace; 1152/2880 elements golden; all 4 SU(2)_3-golden classes are golden-weld -- used to flip the cell's FACE-OPENS verdict to KILL-EXTENDS	cells/TOMB-L277/skeptic.txt (the whole census table)	No skeptic.py (or any script) is committed alongside skeptic.txt in cells/TOMB-L277/ -- only the prose report with printed numbers. A stranger cannot re-run this census from committed files; they must trust the pasted table. This is the numeric basis for the headline override.
B754_p2_spectral	main	IMPORTED	unknown	TOMB-L77 skeptic override: identification of the correct saddle field as Q(sqrt(-3)) (not Q(sqrt(5))), flipping FACE-IRRELEVANT to KILL-EXTENDS	cells/TOMB-L77/skeptic.txt, citing 'B742 recompute (Part 2, output lines 58-62)' external to this arc	The corrected field claim is attributed to a B742 output file not included in this packet's file list, so its content could not be directly verified here; the skeptic itself also has no committed script, only skeptic.txt prose.
B755_carried_recomputes	main	COMPUTED	yes	Genus-2 twister bundle 'abcDef': vol 5.4611931991..., 2*CS=+0.01192 (chiral, matches mirror-flip)	cell1_b140_genus2.py + cell1_out.txt	deterministic snappy/twister script with fixed word list, output committed and matches script logic exactly
B755_carried_recomputes	main	COMPUTED	yes	GSWZ Kashaev-invariant coefficients r1..r5 (11/24, 697/1152, 724351/414720, ...) and symmetrized-series pure-3 expansion matching eq(2) exactly	cell3_b685_gswz.py + cell3_out.txt + rv4_independent_algebra.txt	mpmath 420-dps Richardson extrapolation + PSLQ recognition + exact sympy series algebra, all in one script; independently reproduced by a from-scratch Fraction check (rv4_independent_algebra.txt)
B755_carried_recomputes	main	COMPUTED	yes	1/4 null test against B752's 25-value PDG table restricted to (0.1,0.6): 1/4 hits 0 targets at both 2% and 5% windows	cells245.py + cells245_out.txt	targets and code committed, deterministic; comparator set (1/e,1/phi,1/pi,40 seeded randoms) also computed in the same script
B755_carried_recomputes	main	COMPUTED	yes	B720 Q(zeta3)/Q(i) linear disjointness (resultant degree 4) and Markov-quiver mutation class size 1	cells245.py cell 4 + cells245_out.txt	exact sympy resultant/discriminant and a brute-force mutation-closure enumeration, both in committed code
B755_carried_recomputes	main	COMPUTED	yes	"S019 Fisher(D(I)) = 16/(m^2(m^2+4)) > 0 for all m>0; ""no Lorentzian emergence from Fisher-on-k"" holds by dimension for any 1-parameter family"	cells245.py cell 5 + cells245_out.txt	sympy symbolic recomputation of a cited proxy quantity plus a trivial dimension-counting argument stated, not just cited
B756_remaining_doors	main	COMPUTED	yes	5 exact counterexamples to '5-inert ∧ fibered ⇒ golden(disc-5)' (m009/m010 disc-7 field, m022/m023 disc-697 field, m039/m040 disc -44 field, M32 disc 3173, M51 disc -453683), all totally 5-inert and fibered but non-golden	RAW_WORKFLOW_OUTPUT.json (cc2's original workflow, IMPORTED into this arc) + cc's own cc_verify_door2.py / cc_verify_m51_m32.py recomputation of 3 of 5 plus a 6th independent example	cc_verify_door2.py (Sage/SnapPy/PARI, exact ideal factorization) is committed and its printed structure (ITF degree, field disc, 5-splitting) matches the FINDINGS text for m022/m009/m039; cc2's own workflow for the remaining is only in RAW_WORKFLOW_OUTPUT.json, itself imported (IMPORTED, not independently re-derived by cc for M32/M51 baseline, though cc later rebuilt M51/M32-variant independently)
B756_remaining_doors	main	IMPORTED	no	Exact iff-law a_m*a_n=a_mn (gcd(mn,5)=1) iff chi_2(m)=+1 or chi_2(n)=+1, defect (1-sqrt5)/2 in the both-nonresidue case	SYNTHESIS_CC2.md (cc2's derivation, cited as sympy-proved with a 60-pair stress test) — the underlying compute script is NOT among this arc's committed files	the arc's own committed files (cc_verify_door2.py, cc_verify_m51_m32.py, cc_verify_door6_p4_rerun.txt) verify DOOR2 and DOOR6 only; no committed script here reproduces the DOOR3 iff-law derivation or its 60-pair stress test — it is asserted via SYNTHESIS_CC2.md and RAW_WORKFLOW_OUTPUT.json, both cc2 seat products relayed and hash-verified but not independently re-run by cc within this arc's files
B756_remaining_doors	main	COMPUTED	no (script itself not included; only its stdout log is committed)	DOOR6 P4 sector-split re-execution: (tr_odd,tr_even)(23)=(1,0) exactly, eps=+1 the unique global sign reproducing the banked 8-rung ladder, p4_results.json byte-identical to cc2's banked file	cc_verify_door6_p4_rerun.txt	the file is an output log (a *.txt witness), not the executing script; a stranger has the numbers and the byte-identity claim but not the reproducing code within this arc's directory
B757_two_z3_identity	main	COMPUTED	yes	g^3=I, charpoly(g)=Phi_3 exactly for B302's g=[[0,-1],[1,-1]]	compute.py cell 1 + output.txt	exact sympy matrix arithmetic, deterministic, output matches
B757_two_z3_identity	main	COMPUTED	yes	companion(Delta mod 4) equals g mod 4 entry-for-entry: [[0,3],[1,3]]	compute.py cell 2 + output.txt	exact modular arithmetic in committed script
B757_two_z3_identity	main	COMPUTED	yes	|GL(2,Z/4)|=96, 8 order-3 elements forming exactly 1 conjugacy class	compute.py cell 3 (brute force over all 256 4-tuples, filtered to determinant units) + output.txt	exhaustive brute-force enumeration and conjugation check, fully deterministic and committed
B758_theorem_ledger	main	UNCLEAR	unknown	docs/THEOREM_LEDGER.md — 18 labeled links, 12 cited lock files (55 tests)	docs/THEOREM_LEDGER.md (not in this arc's files; only referenced)	This arc's own directory contains only FINDINGS/PREREG/verdict — no compute.py or output; the deliverable (the ledger file itself) lives outside frontier/B758_theorem_ledger/ and was not part of this read, so the claim that all 12 cited locks are present and green cannot be checked from this arc's files alone
B759_qp3_integration	main	COMPUTED	yes	SL(2) trace map off-block = 0 (DISSOCIATED); SL(3)=Sym^2 off-block norm^2=60, total norm^2=128, coupling fraction 15/32; adjoint off-block norm 3*sqrt(2)/2	compute.py Parts 1-4 + output.txt	exact sympy symbolic differentiation at u=omega plus a numpy numerical cross-check, both in the committed script, matching output exactly
B759_qp3_integration	main	FITTED	yes (the m004 instance is exact), but the GENERALIZATION beyond m004/m003 was never tested in this arc	The discriminant law: 'for a manifold with trace field Q(sqrt(-d)), the Sym^2 off-block norm = sqrt(d)' stated as a general law	compute.py Part 7 + FINDINGS.md 'The discriminant law' section	only one trace field (Q(sqrt-3)) is exercised in this compute.py; the 'general law' language extrapolates from a single data point and was falsified the same day by a sibling arc (B764) using a different knot (5_2) — this arc's own FINDINGS still states the general law without qualification
B760_qp4_closure	main	COMPUTED	no	Weld block B is SU(2) with eigenvalues {zeta_5, zeta_5^4} (72-degree rotation), B^5=I, and no candidate operation (Galois, MCG powers, charge conjugation, amphicheiral involution, QP-3 coupling sign) canonically breaks the pairing	output.txt Parts 1-8 (compute.py itself was NOT in this arc's file list — only its stdout is committed)	compute.py is referenced ('cd frontier/B760_qp4_closure && python compute.py') in FINDINGS.md but is not among the files provided for this arc (only FORENSIC_SEAL_RECORD.md, FINDINGS.md, PREREGISTRATION.md, arc_verdict.json, output.txt were listed) — the reproducing script was not read/verified here
B761_qp2_private	main	COMPUTED	yes (self-contained numpy method fully reproducible); the B264 cross-check and B357 cross-validation depend on IMPORTING external modules (B264_e6_character_variety, B357_e6_boundary_restriction) not included in this arc's files	dim H^1(Sym^2k)=1 for k=1,2,3 (double-checked against B264's independent mpmath Fox-calculus module) and boundary-restriction rank=1 per block, giving fiber_dim(n)=0 for n=2,3,4	compute.py Parts 1-6 + output.txt	the script's Method A is self-contained and deterministic; Methods B and C dynamically import other arcs' Python modules by path, so full reproduction requires those other arcs' files to also be present and unchanged
B762_qp1_self_naming	main	COMPUTED	yes	Census sweep of 203,123 one-cusped SnapPy census manifolds: exactly 2 volume matches to m004 (m003, m004); cusp-shape comparison isolates m004 uniquely (m003 differs by |shape diff|=2.65)	compute.py + output.txt Parts 1-8	full deterministic SnapPy census scan with printed intermediate counts (203123 1-cusped, 2 volume matches, 1 cusp-shape match) and a broader disc=-3 sweep (10 Eisenstein-shape manifolds at other volumes, all integer-multiple covers) — well-documented, exact reproduction path
B763_branch_reconciliation	main	ASSERTED	unknown	Full git-branch inventory classification: 6 stale refs pruned, 3 frozen-record branches registered, 1 live branch (b666-addendum1) verified fully superseded file-by-file and closed	frontier/B763_branch_reconciliation/FINDINGS.md	This is a git-repository administrative audit (branch listing and classification), not a mathematical computation; no script or command output is committed in this arc's directory to let a stranger reproduce the branch inventory as it stood at the time — it is a narrative record of a one-time housekeeping action
B764_c19_comparator	main	COMPUTED	yes	Control: m004 off-block reproduces sqrt(3) (B759's value) exactly; Prediction: 5_2 off-block = 2.614283, NOT sqrt(23)=4.795832 as C19 predicted	compute.py + output.txt (first two sections)	exact sympy computation over both Riley polynomials (u^2+u+1 and u^3+u^2+2u+1), deterministic and matches output.txt
B764_c19_comparator	main	ASSERTED	no	Corrected law: off-block=|u_geo-conj(u_geo)|; (z-zbar)^2*[(z-r)(zbar-r)]^2 = disc(-23) verified to 40 digits; off-block * |(z-r)(zbar-r)| = sqrt(23)	output.txt, section 'THE CORRECTION, EXACT' (appears twice, the first attempt ending in a Python TypeError traceback, the second succeeding)	compute.py as committed ends after the two offblock_at_roots() calls for m004 and 5_2 — it contains NO code computing the factorization identity, the 40-digit verification, or the corrected pair-separation law shown in output.txt's 'THE CORRECTION, EXACT' sections; that additional output (including a visible traceback from a failed float() cast) was evidently produced by an uncommitted interactive follow-up, so the arc's most important finding (the corrected general law) cannot be reproduced by running the committed compute.py
B765_p3_depth	main	ASSERTED	yes (mechanically — the script runs deterministically over committed JSON inputs), but the classifications themselves (has_universal_step, gap_description) are hand-authored per target inside the elif branches, not derived by a general algorithm from the depth_note text	Per-target classification of 21 P1-banked negatives into DEPTH-CLOSED (8) / DEPTH-HELD (6) / DEPTH-EXPOSED (7), reading data from frontier/B742's kill_graph.json and bprime_annotations.json	compute.py (per-target elif branches, e.g. lines 139-284) + results.json	Method A is described in PREREGISTRATION.md as parsing depth_note text automatically, but the actual compute.py hard-codes a separate elif branch with a pre-written verdict and gap_description for each of the 21 named targets — this is closer to a documented expert judgment call per target than an automated, generalizable classifier, though it is transparent about its inputs and reasoning
B766_measurement_torsor	main	COMPUTED	yes	Action-table entries (FLIP/FIX of T1,T3,T4,T6,T7 under c, theta, gamma5, gamma3) and the resulting F2-rank = 3	compute.py, output.txt; independently re-derived in audit_compute.py/audit_output.txt	Exact sympy computation over Q(sqrt5)/Q(sqrt-3), committed compute.py and audit_compute.py both present with matching printed output; central tests/test_b766_torsor.py and tests/test_b766_audit.py exist.
B766_measurement_torsor	main	ASSERTED	yes (subsequently backed by audit's matrix-level Sym^2 computation)	theta_flips_T6 = True	compute.py line ~57 (hardcoded 'definitional: T6's axis IS the theta-odd sector's sign')	The arc's own AUDIT_FINDINGS.md documents that this entry was originally hardcoded as 'definitional' rather than derived, and that a naive trace-level test would give the wrong answer (FIX); only the audit's Sym^2 derivative computation backs it with an actual derivation.
B766_measurement_torsor	main	COMPUTED	yes	gamma3 = c on the closing axes	compute.py CELL 2 + audit_compute.py A2	Field-theoretic identity (complex conjugation restricted to Q(sqrt-3) equals the Galois automorphism of a CM field) verified symbolically in both compute.py and the independent audit.
B767_stabilizations	main	COMPUTED	yes	B489: torsion = (phi^n - phi^{-n})^2 > 0 for all n, DGG rank = 2n-1 for all n	output.txt CELL 1; compute.py	Binet identity + structural topology argument, SnapPy-verified n=1..16, exact algebra for all n; matches arc_verdict.json claim exactly.
B767_stabilizations	main	COMPUTED	yes	TOMB-L255: Sym^d(M) eigenvalues = {(-1)^j phi^{d-2j}} for all d	output.txt CELL 2; compute.py	Functoriality of Sym^d verified symbolically d=1..12, generalized algebraically to all d; genuine theorem, not extrapolation.
B767_stabilizations	main	COMPUTED	yes	WALL-7 twisted case dim=0 'at 18 distinct t values' out of 865 needed for a full generic-t proof	wall7_output.txt, results.json	Committed script wall7_twisted_extension.py, output matches; but the arc's own docstring conflated 'enough nonvanishing points' with an all-t proof — a defect corrected later in B1187 (this arc's ADDENDUM says so explicitly).
B767_stabilizations	main	FITTED	unknown	TOMB-L34: 'stability across seeds ... 3 seeds' entropy scaling result	output.txt CELL 6; results.json	ADDENDUM_b1187_corrections.md states the '3 seeds' robustness claim was vacuous (np.random.seed set but no randomness ever drawn — deterministic tight-binding model) and the c_eff estimator was an artifact of the additive-constant fit; this defect is recorded only in a separate ADDENDUM file, not corrected in FINDINGS.md/output.txt themselves.
B768_correspondence_crosstest	main	COMPUTED	yes	V1-V4: transition matrix T eigenvalues {1,-1/phi}; Fibonacci word transition frequencies match T; gamma3==c scope	FINDINGS.md section 1; audit_compute.py/audit_output.txt A1-A4	Exact sympy + a 196418-letter empirical Fibonacci-word check, independently re-derived in audit_compute.py with matching numbers.
B768_correspondence_crosstest	main	ASSERTED	unknown	'The subdominant eigenvalue = the hearing amplitude' (V3): -1/phi numerically equals a banked trace value from a different arc (B753 add.2)	FINDINGS.md V3; audit_output.txt A3	This is exactly the IDENTIFICATION_BY_TYPE pattern the seat is instructed to flag: two golden-ratio-valued quantities from unrelated computations are numerically equal, and the arc itself E20-flags it as 'mechanically UNLINKED' — the audit confirms only that the flag was correctly applied, not that any mechanism exists.
B768_correspondence_crosstest	main	ASSERTED	no	The entire 'phenomenological correspondence' matching (mathematical torsor axes <-> psychological/consciousness-studies categories: Agency, Feeling-of-Agency, depersonalization literature, meditation studies, autonoetic memory patient K.C.)	FINDINGS.md receipts #1-#6; CC3_FORKS_VERIFICATION.md	This is not a physics or mathematics computation at all: it is a literature-matching exercise pairing group-theoretic structure (V4, involutions, torsor rank) against categories from cognitive-science papers on agency and self-experience (Synofzik, Ferroni, Haggard-Tsakiris, Berkovich-Ohana). No formal derivation links the math to the phenomenology; the whole apparatus is explicitly gated to stay out of 'CLAIMS' but nonetheless represents the closest thing to a numerology-style correspondence-hunt in this batch.
B769_t1_structure	main	COMPUTED	yes	Unmovedness theorem: conjugation of the abelian closing group (Z/2)^3 on V4 is trivial, so any mover of T1 must be an outer automorphism of V4	compute.py CELL 1; audit_compute.py A1	One-line group theory fact (conjugation in an abelian group is trivial) verified by brute force over the 8-element group in both the original and the independent audit script.
B769_t1_structure	main	COMPUTED	yes	T1's continuous modulus dies at the geometric point ('SPLIT-COMPATIBLE'/'ALIGNED')	compute.py CELLS 3-4; output.txt	Exact symbolic computation of an 8-coordinate SL(3) trace space and a tangent-plane derivative at the geometric point omega; the arc's own text documents catching and correcting a vacuity in its own first draft (the theta-odd coordinates vanish identically at the point, making an initial 'purely imaginary' claim vacuously true) before redirecting to the tangent space where the content is genuine — an honest in-cell self-correction.
B770_closure_census	main	COMPUTED	yes	352-item classification into 6 states with the no-unearned-closure invariant (every CLOSED/WALLED/STALE row cites a verified discriminating fact)	census.json (548KB, 352 item records); CENSUS.md	census.json is committed with per-item citation and adversarial-pass fields sampled here (e.g. OI-348-352 all show 'citation':'n/a','citation_verified':false, defaulted to LIVE per rule 2 rather than falsely marked closed) and cross-checks against CENSUS.md's summary counts exactly (225/50/39/27/6/5 = 352).
B770_closure_census	main	COMPUTED	unknown	16 candidate closures adversarially refuted back to LIVE	CENSUS.md 'The 16 refuted closures' section	The refutation rationale for each item is given as free text (e.g. OI-108: 'never run anywhere in the repo') but this is a multi-agent workflow (wf_4f2f28dd-762) whose underlying agent transcripts are not part of the committed files sampled here — the census.json output is the artifact, but the LLM-agent classification process itself is not independently re-executable from this arc's committed files alone.
B771_phase1_wave1	main	COMPUTED	yes	e3 = cos(2π/9)/864 exactly (OI-031, the wave's declared headline)	cells/OI-031/output.txt, output.json	compute.py (SAMPLE_CODE, not fully read) drives a CRT/LLL field-ladder hunt over 20 committed primes plus an independent complex-power recomputation (order-1620 unitary matrix); the accept criterion (batch-stable, collision-free, >6 orders below noise floor) and an independent float agreement to 13.8 digits are both printed; exact symbolic factorization in Q[z]/Phi_27 cross-checks the same value. Primes list and output.json are committed.
B771_phase1_wave1	main	COMPUTED	yes	D4 ceiling 1.7849887... = sqrt(-2sqrt2-sqrt6+2sqrt3+5), minpoly x^8-20x^6+98x^4-172x^2+97	cells/OI-200/output.txt	PSLQ at tolerance-height rule finds the octic; both-direction verification to 120 digits (minimal_polynomial(candidate) recomputed via sympy and matched exactly to the PSLQ hit); independent cross-campaign gate (G2, sqrt(3)-1 at k=9) passes. Full gate log printed with numeric error bars.
B771_phase1_wave1	main	COMPUTED	yes	Level-27 mu_infinity refutation: resolvent norm frozen at 9 (not 27) — OI-148/W2-148r	cells/OI-148/output.txt, output.json	Exact rational computation via CRT over 20 committed primes plus a symbolic identity (e1^2-3e2) proved in-cell; per-prime check confirms across all 20 primes. The verifier caught an earlier circular normalization choice (documented, not swept under the rug) before this exact refutation was accepted.
B771_phase1_wave1	main	COMPUTED	yes	Gap-slope ratio for B530 Movement XXXIII is fit-protocol dependent (1.148 vs 1.256, 9.4% apart); candidate sqrt(1/phi^2+1)=1.176 refuted in both readings	cells/W4-270r/output.txt, results.json	Full gate log (G0-G10) with numeric depth sweep to depth 9 (honest depth cap stated, deeper depths explicitly skipped with an estimated-time justification), noise/digit accounting, and an explicit vacuity self-test (free-constant K substitution) showing the check is non-tautological.
B771_phase1_wave1	main	COMPUTED	yes	W3-017's false-empty class-10 census claim corrected (degree-4 quartic point exists) — W4-017r/W5-017r	cells/W3-017/output.txt (shows class 10: solutions=0), cells/W4-017r/output.txt, cells/W5-017r/output.txt	Directly compared: W3-017's own printed table lists 'class 10: solutions=0'; W4-017r's dimension-reduced solver finds 1 isolated point of degree 4 matching the banked quartic; W5-017r strips a separately-fabricated 'class-3 verified in-cell' comment from W4-017r's code while re-verifying the genuine class-10 result byte-identical. All three cells' raw output is present and mutually consistent with the FINDINGS narrative.
B771_phase1_wave1	main	COMPUTED	yes	kappa = tr([A1,B1])=tr([A2,B2]) is the sole leaf1<->leaf2 coupling (genus-2 gluing), including the negative control	cells/W2-149/output.txt (original, fabricated-control claim), cells/W3-149r/output.txt (real control, S0-S4)	W3-149r's S1 explicitly reports constructing 108 genuine mismatched-kappa trials and observing 108/108 real failures (0 unexpected successes), replacing W2-149's admittedly-fabricated '12 genuine FAILUREs' claim that FINDINGS_WAVE2.md itself flags as appearing 'nowhere in the artifacts'. A symbolic proof (S0, sympy, generic entries) backs the necessity direction independent of any numeric run.
B771_phase1_wave1	main	ASSERTED	unknown	e2/e3 sentinel firing on B403/B405/B406 (W2-SENT/W3-SENT)	FINDINGS_WAVE2.md line 23 (bug), FINDINGS_WAVE3.md line 12 (fix)	Not independently read (compute.py/output.txt for W3-SENT were not opened in this pass); accepted on FINDINGS' narrative that a hardcoded e2 pair (-3/48 instead of -3/144) was found and fixed. The corrected sentinel-firing outcome is not itself verified here beyond the FINDINGS text.
B772_negatives_adequacy	main	ASSERTED	unknown	14-negative classification (4 ROBUST / 7 PROVISIONAL / 2 NEEDS-DEEPER-LEVEL / 1 CONTENT-FREE) across 4 axes (kind, resolution, level/projection, input mechanism)	audit_results.json rows[] (355 lines, sampled head+tail), FINDINGS.md table	This is an adversarial-classifier narrative audit (14 LLM-agent classifications + synthesis), not a numeric computation with a machine-checkable witness; each row's rationale cites prior arcs' computed facts but the classification itself (ROBUST/PROVISIONAL/etc.) is a judgment call recorded in JSON, not derived by a script a stranger could rerun to get the same labels.
B772_negatives_adequacy	main	COMPUTED	yes	OI-146 PART-1a defect: vol_m004/vol_orbifold = 12 by algebraic construction regardless of L (tautology), and reuse of a known-buggy mpmath nsum (0.7725 vs true ~0.7813; 2.007... vs true SnapPy 2.0299)	audit_results.json (OI-146 row, 'vol_m004/vol_orbifold = 12 EXACTLY... unfalsifiable tautology')	The algebraic cancellation is derived symbolically and independently checked in B773's OI-146-fix cell (see below); this arc correctly identifies it as a real, reproducible defect in an already-banked file.
B773_chord_recompute	main	COMPUTED	yes	W4-304c: at level 45, target rows {6,54} have par_trace=0 but tr_odd(theta-odd/chord sector)=1/4 (with tr_even=1/4, plain=1/2) — a genuine cancellation, not absence	cells/W4-304c/output.txt lines 3-14; cells/W4-304c/results.json (exact Fraction '1/4' entries, stage2_n45)	Committed compute.py (fp_engine-based exact modular/CRT arithmetic over Z/N, no floats for the discriminating fact), committed output.txt and results.json with exact Fraction values; reproduced with a second disjoint prime seed and an explicit P_odd=(I-P)/2 projector, both matching (385899 both ways per output.txt line 7).
B773_chord_recompute	main	COMPUTED	yes	Level-135 extension of the same target rows: 'odd nonzero cells on ±6 rows=0/72... declared-12dim-basis-holds=False (basis inadequate at 135 -> exact read deferred, mod-p detection stands)'	cells/W4-304c/output.txt line 21; results.json level_family_extension_n135	Honestly reported as inconclusive (basis inadequate) rather than a second confirmed hit; FINDINGS.md does not surface this caveat, describing the extension only implicitly ('extend the level-family past 2 rungs' as a preregistered goal) — the actual level-135 result is a non-result, not further corroboration of the level-45 overturn.
B773_chord_recompute	main	COMPUTED	yes	W3-082c: 8-rank (loaded/triple-Massey invariant) varies {0,1,2} across the charge tower while the 4-rank (trace/pairwise) baseline is constant (2,2); original (11,809) pair reframes to the class-group fact Sylow_2(Cl(-8899))=Z/2	cells/W3-082c/output.txt (full run log); results.json	Uses sympy form-enumeration (unconditional) plus PARI (GRH, external tool via subprocess) cross-checked on small cases; 57/85 triples skipped as 'beyond in-sandbox feasibility' (|D| up to 1e57) — the swept set is real but partial by construction.
B773_chord_recompute	main	IMPORTED	no	W3-082c originally claimed loaded-level 'light-up' (RESOLVED-A) but the bridge lemma (8-rank ≡ Kim's arithmetic-CS action) is CITED, not proved — self-flagged NEEDS-SPECIALIST	FINDINGS.md lines 32-45; PREREGISTRATION.md line 15	The Kim-CS/Morishita/Redei bridge lemma is asserted (compute.py docstring, not derived in-cell); FINDINGS.md itself downgrades this cell's positive to 'the loaded-level positive is NOT established.'
B773_chord_recompute	main	COMPUTED	yes	W4-115c: non-abelian (twisted Alexander) cover-torsion refinement moves off Q(sqrt5), 11-divisibility periods for abelian/chord/adjoint/charge towers are pairwise incompatible (5,10,12,3) -> wall hardens (RESOLVED-B)	cells/W4-115c/output.txt (full)	Fox-calculus twisted Alexander polynomials computed and verified two ways (d/da==d/db); charge-side 11-periodicity earned to n=10 by direct mod-11 determinant and independently reproduced by eigenvalue tracking to n=13.
B773_chord_recompute	main	FITTED	no	W4-115c headline/results.json embeds an 'adjoint 7,815...' odd-n content sequence that does not match the actually computed sequence	cells/W4-115c/results.json line 143 (headline text) vs cells/W4-115c/output.txt line 51 ('b=5 Q(sqrt21) : [1, None, None, None, None, None, None, None]')	FINDINGS.md self-flags this exact defect ('the headline embeds a fabricated adjoint 7,815... content string. Carry: strip the fabrication'); confirmed here — the actual computed odd-n sequence for the adjoint tower is almost entirely None (not a perfect square) at n=2..8, so the numbers '7,815' in the headline are not traceable to any printed intermediate value in output.txt. This is a genuine fabricated numeric string inside a nominally computed results.json, carried forward unresolved (RESOLVED-B verdict stands pending the fix).
B773_chord_recompute	main	COMPUTED	yes	OI-146-fix: replaces vacuous PART-1a tautology with a genuinely L-dependent ratio (verified to move under a 10% perturbation of L: 12.0 -> 10.909...), confirmed ratio=12 via SnapPy's independent hyperbolic-volume solver plus a closed-form Hurwitz-zeta/Clausen route	cells/OI-146-fix/output.txt (full)	compute.py imports mpmath (zeta, clsin, polylog) directly and (per FINDINGS/PREREGISTRATION) calls SnapPy's Manifold('m004').volume(); a stranger needs SnapPy installed to reproduce the load-bearing non-vacuity witness, otherwise reproducible from committed formulas alone.
B773_chord_recompute	main	COMPUTED	yes	W3-067c: 2-block composite chord trace field is an exact irreducible degree-14 non-cyclotomic polynomial, not matching quantum Q(zeta12) fusion field -> wall hardens (RESOLVED-B) but only for tr(a), not the full trace field <tr a, tr b, tr ab> the cell's own docstring names	cells/W3-067c/output.txt (full)	PSLQ-based minimal-polynomial extraction (mpmath) at two independent precisions, degree-14 irreducibility and non-cyclotomic status verified symbolically; FINDINGS.md explicitly flags the scope gap (only tr(a) certified, not the full trace field) as VERIFY-FAILED/carried.
B774_chord_pass	main	ASSERTED	unknown	Stage A scan: 174 banked negatives classified, 129 structural/B766-immune (74%), 45 chord-blind (26%, dedup to 34), 12 promoted to Stage B	stageA_scan.json (total_scanned=174, candidates=45, loadbearing=37; per-negative 'projection'/'chord_could_differ'/'priority' fields with prose rationale)	The 174-vs-129-vs-45 split is a taxonomic judgment call recorded as prose rationale per negative, not a machine-computed test; a stranger could re-read the rationale but cannot re-run a program that reproduces the classification (no compute.py for Stage A).
B774_chord_pass	main	COMPUTED	yes	Stage B: all 12 load-bearing chord-blind cells re-computed at theta-odd/chord level, verdict HARDENS for all 12, zero overturns	stageB_results.json + cells/*/compute.py,output.txt,results.json (CP-E5-chiral, CP-W2-yukawa, CP-169-cpsign, CP-S032A, CP-E9-equiv, CP-D1-torsor, CP-A5-molien, CP-E8-mirror, CP-E6-B307, CP-011-crux, CP-067-fusion, CP-010-tower)	Each cell has a committed compute.py (sympy/mpmath/numpy, 'pyenv python3', stated re-runnable), an output.txt transcript, and a results.json witness; each embeds a per-cell 'verify_note' describing an independent rerun that reproduced results.json byte-identically. A stranger with the same env could re-run compute.py in each cell dir.
B774_chord_pass	main	COMPUTED	yes	CP-E5-chiral: chiral index is a GENUINE zero (not even=odd cancellation), forced by [rho(A1),C]=0	cells/CP-E5-chiral/results.json / compute.py asserts 1e-9 (line ~123,140,156,173-174) and reports commutator 5.37e-14, mixing terms ~1e-14	Backed by numeric linear-algebra checks (rho built from Weyl/Kac-Peterson data, |W(E6)|=51840 exact) but 'IDENTICALLY zero' rests on floating-point tolerances (~1e-14), not an exact symbolic proof of the vanishing itself — see red flag NUMERIC_ONLY_NO_EXACT.
B774_chord_pass	main	ASSERTED	yes	CP-S032A verify_note self-flags: the 'mirror_equals_conjugation' boolean checked in-cell is a tautology true for any invertible matrix, so 'verified m=1..4' overstates what was shown (though the underlying amphichirality claim is separately argued true)	stageB_results.json CP-S032A verify_note, final paragraph	The verify pass itself catches and documents this as a non-material caveat rather than hiding it — a positive transparency signal, but it means one of the cell's stated 'verifications' does not actually discriminate the claim it was offered for.
B775_phase2_wave1	main	COMPUTED	yes	P2-SELRULE: row-16 unique silence + +-1/48 sign-selection theorem	cells/P2-SELRULE/compute.py, results.json	Exact Fraction/cyclotomic arithmetic over Q(zeta60) built in-cell from step0_exact_matrices.py imported from B358/B367; every check (V0-V5) is an in-code boolean computed from explicit tables, not asserted; results.json mirrors output.txt exactly; re-runnable via `python3 compute.py`.
B775_phase2_wave1	main	COMPUTED	yes	P2-AABB: gamma5 derives exactly from sigma:a->ab (disc=5, Q(sqrt5) Galois); c and theta do not derive	cells/P2-AABB/compute.py, output.txt	sympy charpoly/discriminant/eigenvalue computation, asserted with `assert` statements in-code (not narrative claims); the theta/c non-derivation is argued (not merely computed) but the argument is laid out explicitly and the counting obstruction is itself computed (alphabet-size arithmetic).
B775_phase2_wave1	main	COMPUTED	yes	P2-WELD: -1/phi word<->weld coincidence dismissed as base-rate (N=6 independent sources, no chord, fails to generalize to m136)	cells/P2-WELD/compute.py, output.txt	numeric (numpy) + symbolic (sympy minimal_polynomial) reproduction of both sides plus an m136 discriminating counter-test computed in-cell; imports frontier/B238_su32_levelrank/su32_wrt.py as a dependency (external to this arc but itself a repo file).
B775_phase2_wave1	main	COMPUTED	yes	P2-T1MOVER: WALLED -- no object-native operation realizes an outer V4-automorphism on the T1 3-frame torsor	cells/P2-T1MOVER/output.txt, results.json	two independent in-cell reproductions (signature table + rho_geom contradiction argument) with explicit Boolean checks; self-corrected a prior false RESOLVED-A per the FINDINGS note (a real=True auto-collapse bug), which is a good sign of adversarial checking, though the correction itself is narrated rather than shown as a diff.
B775_phase2_wave1	main	COMPUTED	yes	P2-ENUM: courier's 9-signature<->phenomenology correspondence is decorative (above-null score is exactly the permutation base rate for 2 labeled fixed points, 1/72)	cells/P2-ENUM/output.txt	exact combinatorial computation (362880 permutations) plus 5000 MC shuffles cross-checked, plus an explicit B774 self-test proving the pass-indicator is a symmetric label invariant; the underlying 9-signature<->phenomenology assignment itself, however, is an IMPORTED courier framework, not object-derived, which the cell correctly treats as the thing under test rather than a fact.
B775_phase2_wave1	main	COMPUTED	yes	P2-D5: the McKay(BD3)=affine D5=Spin(10) identity is generically true but NOT object-native (object's ancestor is 2T=SL(2,3), no order-12 subgroup)	cells/P2-D5/output.txt	explicit SU(2) matrix construction of all 6 Dic_3 irreps, exhaustive subgroup-order search of 2T, Cartan-matrix arithmetic for D5=so(10); a genuine negative established by direct enumeration, not citation.
B775_phase2_wave1	main	COMPUTED	yes	P2-NOFORCE: all-invariant no-forced-choice theorem reduced to one residual (branch C, natural theta-even transcendental invariants)	cells/P2-NOFORCE/output.txt	branches A and B are exact/symbolic (Galois-stability of value multisets; exact amphichirality trace identities m=1..6); branch C's 'continuity' is demonstrated on 3 numeric hyperbolic-volume samples (1.01043715, 1.01494161, 1.01077132) -- NUMERIC_ONLY for that one sub-claim, honestly left as NEEDS-SPECIALIST rather than closed.
B775_phase2_wave1	main	ASSERTED	unknown	P2W5-B465 (Wave5): the loop/dark-phase/max-trace construct's Latin-frame law is FALSE as stated (support is a fitted flip+translate, not im(A-I)); Wave6 repair P2W6-B465-r fixes 3 defects but the FINDINGS_WAVE6 carry table says it introduces a NEW false universal ('det(sigma-I)=2-tr(sigma)=5 at every level')	FINDINGS_WAVE5.md cell table; cells/P2W5-B465/output.txt; FINDINGS_WAVE6.md carry table (P2W6-B465-r)	the repair's own compute.py/output.txt were not read in this pass (not in the packet's file list for this batch beyond compute.py under SAMPLE_CODE for P2W6-B465-r, which was not opened); the FINDINGS text itself documents an unresolved defect carried forward uncorrected into the repo's committed output.
B775_phase2_wave1	main	COMPUTED	yes	P2W6-PD22: the phase-map existence law is falsified by the cell's OWN code at N=363, N=605 (predicted 1 sector, observed 0)	cells/P2W6-PD22/output.txt	Stage 5 of the cell's own printed output shows the mismatch directly; the cell honestly reports VERDICT: UNRESOLVED rather than papering over the falsification -- a strong case of a computation actively falsifying its own headline law and the cell reporting that fact plainly.
B775_phase2_wave1	main	COMPUTED with a flagged write-up defect	yes	P2W6-D3-r: the repair's own text says the verdict/terminal_state is a hardcoded phrase not wired to the computed CI (E27 disconnected-verdict), per FINDINGS_WAVE6's carry note	cells/P2W6-D3-r/output.txt (verdict text); FINDINGS_WAVE6.md carry table	the underlying numeric identifiability/CI computation (6 sizes, injection-based power calibration, silver-chain control) is genuinely computed and unusually careful about honesty (states 'no negative claimed'); but FINDINGS_WAVE6 itself records that the terminal_state string ('neither confirmation nor refutation earnable') is not mechanically derived from the computed CI, and this defect is left as a carry, i.e. NOT fixed in the committed cells/P2W6-D3-r/output.txt read here.
B775_braver_questions	audit/b775-braver-questions	COMPUTED	unknown	V4 genericity test: 8 imaginary-quadratic-trace-field manifolds tested (SnapPy census + metallic/chiral bundles); m004, m003, m025, R^2L^2 have V4 (amphicheiral), while m009/m010/RRL/RLL have Galois-only Z/2	FINDINGS_THREE_MOVES.md Move 1; v4_genericity_test.py	The script v4_genericity_test.py is committed and would run (SnapPy+cypari), but no output.txt/results.json/log for the actual run is present in this arc's file set — the specific table of 8 manifolds in FINDINGS_THREE_MOVES.md cannot be checked against a committed witness from these files alone. (The independent re-run lives in the separate B777 belt file CC_VERIFY_V4GENERICITY.md, not in this arc.)
B775_braver_questions	audit/b775-braver-questions	ASSERTED	no	'm004 unique minimum volume (Cao-Meyerhoff)' and 'Fibonacci/golden-ratio requires trace 3' claims used to argue m004-specificity beyond V4	FINDINGS_THREE_MOVES.md Move 1, lines ~29-42	Cited as literature facts (Cao-Meyerhoff) and prior program results, not computed in this arc; no witness file here.
B775_braver_questions	audit/b775-braver-questions	ASSERTED	no	'c pinned at minimal self / ipseity' — philosophical/structural argument for which phenomenological primitive fills slot c	FINDINGS_THREE_MOVES.md Move 2	Pure interpretive argument (Zahavi/Gallagher literature vs. structural collision with gamma_5); not a computation, explicitly Gate-5-Q interpretive per the companion B777 gate note.
B775_braver_questions	audit/b775-braver-questions	UNCLEAR	no	Galois-vs-reversal gate (S1 rank-onset, S2 action-type, S3 solo-flip) — proposed discriminator between c and theta	FINDINGS_THREE_MOVES.md Move 3	Described as 'designed, no new math needed' and 'computable from existing data (B766, B759, B769)' but not actually run/verified in this arc — it is a proposal folded into Phase 3 per the B777 gate note, not a banked result.
B776_b685_homework	main	COMPUTED	yes	r_7 = 212114205337147471/115579079884800 (den = 2^25*3^9*5^2*7, v5=2); v5 sequence r1..r7 = [0,0,1,1,1,2,2] plateaus (does not keep growing)	cells/B776-r7/compute.py, output.txt, results.json	compute.py is committed, fully deterministic (mpmath dps=1200 Kashaev sums on two disjoint N-ladders + PSLQ), output.txt shows the actual run trace, results.json records the exact fraction and factorization. A stranger could delete tv_A.pkl/tv_B.pkl and rerun.
B776_b685_homework	main	COMPUTED	yes	Symmetrised product Phi(h)Phi(-h) reconstructed from first principles via saddle-point/Wick expansion in Q(sqrt(-3)); pure-3 through order u^105 (3^146@100 anchor reproduced, 3^153@105); no literal 5^k/7^k in any denominator through order 105	cells/B776-symprod/compute.py, output.txt (MM=105 run), results.json	compute.py is a self-contained exact-arithmetic script (Fraction-based QS ring, no external numerics) with a documented re-run command (MM=105 python3 compute.py, ~25 min); output.txt shows the full denominator table through u^105 and the anchor-guard check passing.
B777_braver_questions	main	COMPUTED	no	V4-genericity independently re-verified: cc's own SnapPy re-computation of manifold volume/symmetry-group/amphicheirality for m004, m003, m025, m009, m010 matches cc3's table exactly (m004 vol 2.029883, D4, amphicheiral, V4; m003 same vol, Z/2+Z/4, amphicheiral, V4; m009/m010 vol 2.666745, Z/2+Z/2, not amphicheiral, Z/2-only)	CC_VERIFY_V4GENERICITY.md lines 10-26	This is stated as cc's own independent SnapPy re-computation ('cc's independent SnapPy re-computation confirms it EXACTLY') but no script, output, or results file for this re-computation is committed in B777_braver_questions or referenced by path — it is a prose table with no witness file a stranger could rerun.
B777_braver_questions	main	ASSERTED	unknown	m004 vs m003: identical volume 2.029883 and both V4; the only known distinguishing structural feature is the symmetry group (D4 order-8 vs Z/2+Z/4) plus trace-3/Fibonacci downstream chain — the 'm003 sister-distinction' is a named, unclosed risk as of this arc	CC_VERIFY_V4GENERICITY.md 'The honest residual' section	Flagged by cc3 and confirmed by cc as an open risk in this arc; the log_index shows it was later closed by a different arc (B781), not resolved here.
B778_cleanup	main	COMPUTED	yes	N=p^2 dark-hyperbola law: |T| spectrum exactly {0,1,sqrt(p),p}, proved all odd p by Gauss-sum diagonalization; exact-integer counts verified at p=3,5,7,11,13,17,19	cells/CL-DARKHYP/compute.py, output.txt, results.json	compute.py is committed, self-contained (numpy+sympy), reruns deterministically; symbolic completed-square identities checked exactly in sympy; exact integer spectrum via cyclotomic-polynomial reduction (zero floats) cross-checked against an independent valuation classifier at 7 levels, plus a float-based independent adversarial check recorded in partial_results.json's upheld verify_note.
B778_cleanup	main	COMPUTED	yes	genus(A_3)=41 for the m=3 A-polynomial curve (metallic sequence 3,1,41)	cells/CL-W5139/compute.py, output.txt, results.json	compute.py rebuilds F0, the (Z/2)^3 cover, and B=20 via an in-cell order estimator validated against three control functions of known divisor and a product-character self-consistency check; reruns in ~71-75s to reproduce genus=41 byte-identically per the arc's own claim.
B778_cleanup	main	COMPUTED	yes	D0 convergence at V=2 (golden 0.4562/0.4562 reproduced, silver 0.4645/0.4645 reproduced) after stripping a decorative parity check	cells/CL-W5100/compute.py, output.txt, results.json	grid-free band-edge tracker with brute-force validation (n climbs to q, never exceeds); D0 sequence converges to within stated tolerance for both seeds, matching prior pins.
B778_cleanup	main	COMPUTED	yes	CL-H133: Z4=Tr rho(A1)=0 is a genuine structural zero (both parity sectors vanish, not a cancellation)	cells/CL-H133/compute.py, output.txt, results.json	in-cell independent recompute of the E6 level-k Weil rep monodromy and its theta eigenspace decomposition; commutator/identity/gate residuals all ~1e-13-1e-17, both tr_odd and tr_even numerically 0 at k=4.
B778_cleanup	main	COMPUTED	yes	CL-W4115: essential adjoint content [3,21,108,525,2523] (not the previously-fabricated '7,815'); field-disjointness of chord/adjoint/charge towers (disc 12/21/5)	cells/CL-W4115/compute.py, output.txt, results.json	sympy resultant/discriminant computation, deterministic and re-runnable; the B784 audit later withdrew the content-sequence *argument* itself while leaving the field-disjointness mechanism and verdict standing (see FINDINGS 'B784 CORRECTIONS').
B778_cleanup	main	COMPUTED	yes	CL-W3082: Sylow_2(Cl(-8899))=Z/2 (h=14=2*7, 2-rank=1, 4-rank=0)	cells/CL-W3082/output.txt (results.json summarized in partial_results.json)	unconditional form-enumeration class number plus PARI/gp cross-check, both recorded in output.txt; the loaded positive (Kim H^3 bridge) is explicitly NOT computed and is labeled NEEDS-SPECIALIST, so the EXTERNAL verdict itself rests on an admitted absence.
B778_cleanup	main	COMPUTED	yes	CL-LATIN: the amplitude set {A1,A2,A3} is not Galois-closed (minpoly 7x^3-7x^2+1 has roots {A1,A2,-A3}), so the non-current 2x2 Latin block is measured, not forced	cells/CL-LATIN/compute.py, output.txt, results.json, CC_GALOIS_CROSSCHECK.md	in-cell exact/high-precision (mpmath 60 dps) rebuild of the E6_2 S-matrix and an explicit non-Latin 1-parameter family; two of the arc's own testers (cell + cc) share one premise (|.| is not Galois-equivariant) per the B784 correction narrowing the 'two independent routes' claim to 'two ways on one mechanism'.
B778_cleanup	main	ASSERTED	unknown	cross-arc 'non-Galois motif' unifying P2W2-MIRROR / CL-LATIN / B779-R1	FINDINGS.md 'COMPLETION' section, RETRACTED inline	the arc's own text records this as retracted the same day by B784: '|.| is not a field automorphism' is trivially true of any field and not object-specific; the individual per-cell facts stand but the unifying claim does not.
B779_convergence_probe	main	COMPUTED	no	R1: Galois orbits on the F2^3 closing torsor — V4 acts with 2 orbits of size 4, orbit label = theta-coordinate	R1_galois_orbits.md	the orbit computation is stated and its logic given in prose/table form (translation action on F2^3), but no compute.py/script is committed for R1 — a stranger cannot re-run it, only re-derive it by hand from the description; CC_GATE_NOTE.md states 'cc re-computed it exactly' but that recomputation is not itself a committed artifact distinct from the prose.
B779_convergence_probe	main	IMPORTED	yes	R2: six 'golden identities' connecting mixing number p=1/(phi*sqrt5) (B753) to torsion data tau_geo=-3, tau_dyn=-5 (B425)	R2_mixing_crosscheck.py, R2_mixing_crosscheck.md	the six sympy asserts are genuinely computed and reproducible, but tau_geo=-3 and tau_dyn=-5 are hardcoded literals imported from B425 ('# geometric torsion from B425', '# dynamical torsion from B425') not recomputed in this cell; the identities are largely algebraic tautologies once p's definition and the two imported constants are fixed (e.g. sigma(p)=1-p follows immediately from p's Galois norm structure), so 'cross-check PASSED' overstates independence — it is confirming self-consistency of a definition, not an independent empirical convergence.
B779_convergence_probe	main	IMPORTED	no	R3: continuous scattering matrix of m004 is generic (phi(s)=Lambda_K(s-1)/Lambda_K(s)), m004-specific arithmetic lives only in the discrete Maass spectrum at level (8)	R3_scattering_assessment.md	explicitly an assessment of prior arcs (B737, B739), not a new computation in this arc; no code committed here, cites results banked elsewhere.
B779_convergence_probe	main	IMPORTED	no	R5: SL(3) theta-coupling norm sqrt(3), coupling fraction 15/32, 5 cubic Hitchin directions transverse to V0	R5_sl3_assessment.md	assessment of B71/B99/B101/B759/B769, no code in this arc.
B779_convergence_probe	main	UNCLEAR	yes	R6'/R7: individual Maass eigenvalues at level (8) and the functor Loc(m004)->Hilb	R6_maass_assessment.md, R6_maass_assessment.py, R7_functor_assessment.md	the arc is honest that these are BLOCKED — the committed R6_maass_assessment.py only computes length spectrum (via SnapPy) and Weyl asymptotics, explicitly stating 'no implementation exists in this repo' for the actual Maass eigenvalues; R7 is stated as an open conjecture with no code at all.
B780_galois_reversal_gate	main	COMPUTED	yes	S1/S2/S3 signature facts: theta trivial at SL(2) (tr(AB)=tr(BA)), c non-trivial (conj(2-omega)!=2-omega), theta acts by the permutation (1 4)(2 5)(3 8)(6 7) at SL(3), c is diagonal, c has a solo flip-axis (T4) and theta does not	compute.py lines 22-72, output.txt	these individual sympy computations (trace symmetry, complex conjugation inequality, permutation involution check) are genuinely computed and reproducible, and the arc's own retraction explicitly affirms these upstream facts 'stand' and were 'already banked elsewhere' (B759/B766/B769).
B780_galois_reversal_gate	main	ASSERTED	yes (reproduces the vacuous result, not a real theorem)	the 'gate' verdict itself (classify() correctly separates c from theta and rejects the swap) and the resulting 8->4 enumeration halving	compute.py lines 76-133 (c_sig=(True,True,True), theta_sig=(False,False,False) are literal tuples fed into classify())	the arc's own arc_verdict.json and FINDINGS.md retraction state plainly that c_sig/theta_sig are hardcoded literals rather than being derived from S1_discriminates/S2_discriminates/S3_discriminates (which ARE computed booleans, but never feed into classify()), so 'the gate rejects the swap' cannot fail by construction — the code runs and reproduces RESOLVED-A every time, but the result is circular, not a genuine test.
B781_m003_sister	main	COMPUTED	yes	H1(m004)=Z, H1(m003)=Z/5+Z (SnapPy homology)	compute.py lines 5-8, output.txt line 3	computed via snappy.Manifold(n).homology() with a hardcoded fallback string if snappy import fails; the output.txt shows the real snappy run succeeded (plink warning present, real values printed).
B781_m003_sister	main	COMPUTED	yes	m004 monodromy RL has trace 3, char poly x^2-3x+1 (golden phi^2), |2-tr|=1 => H1=Z	compute.py lines 10-15	direct sympy matrix trace/charpoly computation, exact.
B781_m003_sister	main	ASSERTED	no (in this cell)	m003's monodromy trace is -3 (as opposed to the other candidate +7 consistent with |2-tr|=5)	compute.py line 16 (tor3 = 5 hardcoded; tr3_candidates computed as [-3,7]) and FINDINGS.md's inline comment 'sister = -3'	the compute.py script itself only narrows to the set {-3,7} via arithmetic and then the print statement asserts '(sister = -3)' without deriving which candidate is correct; FINDINGS.md's own 'AUDIT UPGRADE (B784)' section admits this directly: 'cc had only asserted -3 by convention, with the honest disjunction {-3,7}... B784 audit COMPUTED it: m003's monodromy is -RL, trace -3, established two ways' — but that computation is NOT in this arc's compute.py/output.txt/results.json, which still print/store the unproven assertion unmodified.
B782_choice_incomputability	main	COMPUTED	yes	the (Z/2)^3 translation action on itself (8 elements) is free and transitive, with zero G-fixed points	compute.py lines 6-19, output.txt, results.json	exhaustive brute-force check over all 8x8=64 (g,x) pairs via itertools.product, fully committed and re-runnable; the underlying group-theory fact (a group acting on itself by translation/the regular representation is always free and transitive) is elementary and true for any group, so the 'computation' is a correct but non-surprising verification of a structural triviality once the (Z/2)^3-on-itself model is assumed.
B782_choice_incomputability	main	IMPORTED	unknown	identification of 'the measurement torsor' (quantum-measurement outcome selection) with this abstract (Z/2)^3 regular G-set built from (c, theta, gamma5)	FINDINGS.md and PREREGISTRATION.md, citing C20/B766 as the source of the torsor structure	this arc does not itself construct or verify that the physical measurement-outcome set is genuinely a free (Z/2)^3-torsor — it imports that structure from B766/C20 (not read in this pass) and only computes the (elementary) group-theoretic consequence given that premise.
B783_observer_ground_zero	audit/b775-braver-questions	COMPUTED	yes	Fibonacci words F_0..F_18 and position maps; reversal-swap test (parent(sigma,i)==child(sigma_mirror,i)) with zero mismatches for k=3..8 and multi-step trajectories to k=15	A1_tracking_computation.py (script) / A1_tracking_computation.txt (output, 768 lines, sha not recorded)	Full script is committed, plain Python with no external deps beyond math; output file is committed and independently spot-checked here (F_18 length 6765, Fibonacci-number trajectory table 1,2,3,5,8,...,377 both match FINDINGS.md exactly). A stranger can re-run the script.
B783_observer_ground_zero	audit/b775-braver-questions	IMPORTED	unknown	F_2^3 = <c, theta, gamma_5> torsor: flip-table, rank-onset (S1/S2/S3) discriminators, T1/T6 relations, field-visibility filtration	A2_torsor_construction.txt	A2 states it is 'assembled from' B766, B780, B769, B759, B711, B712, K021, B749 -- none of those source arcs' files are in this packet, so the flip-table and onset claims are asserted here as already-established facts, not re-derived. Whether those upstream arcs themselves computed them from committed witnesses was not checked in this digest pass.
B783_observer_ground_zero	audit/b775-braver-questions	ASSERTED	no	gamma_5 = reversal + complement on the cutting sequence (rotation-angle test, 'Test 4: 50/50 position match'), and the frequency-swap test (d(a)=1/phi <-> 1/phi^2)	B2_gamma5_test.txt sections 1-2 (lines ~36-76)	B2 says these were 'verified computationally' but no script implementing the cutting-sequence/rotation test or the 'Test 4' comparison is present among the 11 committed arc files -- A1_tracking_computation.py does not contain rotation-angle or cutting-sequence code. The frequency-invariance-under-reversal claim ('verified for F_2 through F_11') is also asserted without a visible script or the raw digit-by-digit output.
B783_observer_ground_zero	audit/b775-braver-questions	UNCLEAR	no	'Independent verification' of the theta reversal-swap result	B1_theta_test.txt line 4: 'Independent verification: scratchpad/theta_verify2.py, theta_verify3.py.'	Neither theta_verify2.py nor theta_verify3.py is among the 11 files in this arc directory (not in the packet's file list). The claim of independent reproduction rests on files not committed to this arc.
B784_trace_map_intertwining	audit/b775-braver-questions	COMPUTED	yes	θ (word reversal) acts as the identity on all SL(2) and SL(3)/Sym^2 trace functions at every rank (trace cyclicity)	A1_sl2_trace_maps.py/.txt, A3_sym2_trace_computation.py/.txt PART 3, FINDINGS.md #6	Exact SymPy symbolic computation, printed derivations and PASS/FAIL asserts committed in .txt witnesses; a stranger with sympy can rerun the .py files verbatim.
B784_trace_map_intertwining	audit/b775-braver-questions	COMPUTED	yes	C (complement, swap generators A<->B) is an inner automorphism of SL(2,C) for the entire Riley family (all u), hence trivial on the character/representation variety	A3_sym2_trace_computation.py/.txt PART 5/6/11, A2_eigenspace_analysis.py/.txt	Explicit conjugating matrix P(u) constructed and checked symbolically (P A P^-1 = B etc.), committed witness.
B784_trace_map_intertwining	audit/b775-braver-questions	COMPUTED	yes	C != γ5 at the character variety (three independent diagnostics: inner/outer, number field, flip-vector)	A2_eigenspace_analysis.txt (checks 6a/6c/6d FAIL), A3_sym2_trace_computation.txt PART 9-10	Symbolic comparison of C-image vs γ5-image of eigenvectors/frequencies, exact SymPy, witness committed.
B784_trace_map_intertwining	audit/b775-braver-questions	COMPUTED for V0 (exact symbolic); FITTED/heuristic for the generic-SL(3)-OUTER claim	yes for V0; unknown/partial for the generic claim	ι (inversion) = θ·inner(S) on V0 (self-dual locus), S=diag(1,-1,1); on generic (non-self-dual) SL(3) no such S exists and ι is OUTER, giving rank 4 = <c,θ_T,ι,γ5>	iota_torsor_position.py/.txt, rank_4_on_full_sl3.txt, s_rederivation.txt	The V0 identity is proved symbolically for 6 test words (exact). The 'no S exists at generic SL(3)' claim rests on 5-10 random floating-point SL(3) trials with an SVD nullity threshold of 1e-10 (numeric, not an exact proof of non-existence for all SL(3) pairs) -- see red flag NUMERIC_ONLY_NO_EXACT.
B784_trace_map_intertwining	audit/b775-braver-questions	COMPUTED	yes	Fox-calculus Jacobian is θ-sensitive in the group ring / nilpotent cusp directions even though traces are θ-blind; rank(I-Sym^n(A)) = n	fox_and_monodromy.py/.txt tasks 3-4	Exact SymPy computation of Fox derivatives and their representation, committed witness, pattern verified for n=1..5.
B785_cc3_gate_harvest	main	COMPUTED	yes	H1: T=[[1/φ²,1/φ],[1,0]] is row-stochastic with eigenvalues {1,-1/φ}; (1-φ)²=φ⁻²	compute.py lines 27-39; output.txt lines 1-6	Exact SymPy symbolic check with printed values, committed compute.py + output.txt + results.json triple.
B785_cc3_gate_harvest	main	COMPUTED	yes	H2: torsion = |L(2n)-2| = (φⁿ-φ⁻ⁿ)² and >= 5 for n>=2, verified n=1..16	compute.py lines 45-58; output.txt lines 9-16; results.json rows	Exact SymPy Binet-formula identity check over a finite range, all 16 rows committed in results.json.
B785_cc3_gate_harvest	main	COMPUTED	yes	H3: Sym^d(diag(φ,-1/φ)) spectrum = {(-1)^j φ^(d-2j)}, verified d=1..12	compute.py lines 64-73; output.txt lines 19-25	Exact SymPy check, finite range but closed-form pattern; committed witness.
B785_cc3_gate_harvest	main	IMPORTED	no	P1 WALL-7: 18 weld points of the twisted f3 system, all dim=0	FINDINGS.md 'Cited, NOT re-run' section; compute.py lines 78-82	Explicitly NOT re-run here ('requires the B575 infrastructure and ~36s/point'); the arc itself states this is a sample, not a generic proof, and flags an unreconciled 53-vs-865 degree-bound discrepancy.
B786_torsor_theta_iota	main	COMPUTED	yes	θ (reversal) is trace-trivial at genuine (non-self-dual) SL(3): tr(W)=tr(W^R)=49 for a specific triangular A,B example	compute.py lines 26-37; output.txt lines 1-6	Exact SymPy on one concrete pair of unipotent triangular matrices; committed witness reproduces tr(W)=49, tr(W^R)=49, tr(W^-1)=409.
B786_torsor_theta_iota	main	COMPUTED	yes	ι (inversion) IS trace-active at genuine SL(3) (tr(W^-1)=409 != tr(W)=49)	compute.py line 32; output.txt line 4	Same single symbolic example as above.
B786_torsor_theta_iota	main	COMPUTED	yes	On the object (Sym²(SL(2)), self-dual figure-eight locus V0), both θ and ι collapse to trivial on traces, so object measurement rank stays 3 (C20 stands)	compute.py lines 56-67; output.txt lines 17-21	Exact SymPy at the geometric point (A,B with omega), asserted and printed.
B787_interaction_programme	main	COMPUTED	yes	iota (inversion) is a 4th independent generator of the involution torsor (rank 3->4), via A5-ambivalence (T3 fixed) + monodromy inversion (T7 flipped)	iota_id/compute.py + output.txt, sections C/D/F; locked in tests/test_b787_interaction.py::test_iota_id_A5_ambivalence_and_rank_4	sympy.combinatorics computation of A5 conjugacy classes and monodromy eigenvalues, self-checked with asserts, re-derived in a committed test file.
B787_interaction_programme	main	COMPUTED	yes	D2: braiding self-overlap Born number is exactly V4-invariant with floor sin^2(36deg)=(5-sqrt5)/8, placing JUNO (0.30902) and |S_tautau|^2 (0.27639) both structurally below reach	D2_r_matrix/compute.py + output.txt, steps 1-2; locked in tests/test_b787_interaction.py::test_d2_born_floor_below_juno_and_theorem	exact sympy symbolic algebra with sqrtdenest verification, floor identity proved and independently locked.
B787_interaction_programme	main	COMPUTED	yes	D4: Aut(E6 Dynkin)=Z/2, V4 does not embed, tau-parity split {1,5,7,11}/{4,8} forced, torsion U_m(3/2)=F_(2m+2)	D4_e6_v4/compute.py + output.txt sections 0-7	brute-force permutation search over 720 perms, Coxeter-element eigenvalue computation, exact sympy; self-asserting.
B787_interaction_programme	main	COMPUTED	yes	D1: sigma_mirror = a^-1.sigma.a exactly (inner conjugate); every Fox observable lies in the trace ring	D1_fox_calculus/compute.py + output.txt steps 0-8	exact integer group-ring arithmetic over F2, verified at two independent SL(3) reps.
B787_interaction_programme	main	COMPUTED	yes	D3: a_{F_n} of 15.a newform is generic (no closed form/recursion/periodicity beyond Hecke)	D3_newform_fib/compute.py (sage), output.txt; independent point-count cross-check of a_p for 22 good primes	uses sage EllipticCurve('15a1').anlist plus a from-scratch naive point count that matches for all tested p; requires SageMath to reproduce.
B787_interaction_programme	main	COMPUTED	yes	D5: state-integral V(u)/Z(u) at programme points are unremarkable; Vol(4_1) recovered exactly at u=0 only	D5_state_integral/compute.py + output.txt	mpmath high-precision (dps=30) Faddeev quantum dilogarithm, validated via functional equation before use (residual 1.6e-30); direct-vs-residue cross-check included.
B787_interaction_programme	main	COMPUTED	yes	D6: Habiro c_n at Fibonacci indices (verified to the 110-digit c_89) generic, no recurrence, no r-stream link	D6_habiro_fib/compute.py + output.txt	exact big-integer polynomial truncation arithmetic, self-check against hand-computed c_0..c_4.
B787_interaction_programme	main	ASSERTED	no	Phase-3 relabeling assessment: no recomputation forced on B759/B769/Wave-5	FINDINGS.md section 3 row 'iota-relabeling propagated'	FINDINGS.md itself states this was 'assessed' by cc in a Phase-3 pass but the referenced per-label reversal-vs-inversion recomputation on B759/B769/Wave-5 'was NOT run' (section 2, 'Relabeling trigger — ARMED, NOT PROPAGATED'). This is a judgment call recorded as text, not a committed computation for the three labels.
B789_theta_intertwiner	main	COMPUTED	yes	V1: relator w=ab^-1a^-1b with wa=bw forces u^2+u+1=0, holds exactly at u=omega on SL(2) and Sym^2	compute.py V1 block; output.txt V1	exact sympy symbolic computation over Z[u], factored residual, self-verifying.
B789_theta_intertwiner	main	COMPUTED	yes	V2: rho_2 = transpose∘reversal DESCENDS to pi_1(4_1) (rho_2(wa)=rho_2(bw)), the arc's stated strengthening over cc3	compute.py V2 block; output.txt V2	direct matrix identity check; FINDINGS.md documents a prior false-negative from a wrongly guessed relator, replaced by a brute-force search over short words — the correction is recorded, not hidden.
B789_theta_intertwiner	main	COMPUTED	yes	V3: Q = S_iota.S_sd^-1 intertwines rho_2 and rho_1 on generators and 10 random words	compute.py V3 block; output.txt V3	explicit matrix computation with a random seed (11), reproducible.
B789_theta_intertwiner	main	COMPUTED	yes	V4/V5/V6 scoping facts: group-level transpose identity is false (abelian obstruction), Q is rep-dependent (fails on non-Riley pair), basis reconciliation of disc-form vs S_sd	compute.py V4-V6; output.txt V4-V6	each scoping claim is a direct computed matrix check, not merely asserted.
B790_maass_adjudication	main	COMPUTED	yes	Step 2: [PSL(2,O_3):Gamma_41] = 12 exactly by Humbert volume ratio; Gamma_41 surjects onto PSL(2,F_3)=A_4 (not principal congruence)	compute.py Step 2 block; output.txt	mpmath high-precision (dps=30) zeta_K(2) computation and exact modular-arithmetic orbit enumeration of the Riley holonomy image mod sqrt(-3); index=12.000000000000000 to 15 digits, self-asserted.
B790_maass_adjudication	main	COMPUTED	unknown	L1: m004 and m003 are NOT isospectral (differ in length spectrum despite equal volume)	compute.py L1 block; output.txt	uses SnapPy (snappy.ManifoldHP('m004'/'m003').length_spectrum) — an external, non-trivial geometry library; reproducible only if SnapPy is available and version-stable, not verifiable purely from committed sympy/mpmath code.
B790_maass_adjudication	main	COMPUTED	unknown	L2/L2': every geodesic trace (134 for m004, 150 for m003, cutoff Re(l)<=5) lies exactly in Z[omega], worst deviation 2.6e-15; trace-norm multisets differ between m004 and m003 (mod-4 vs odd split)	compute_l3_powered.py; output_powered.txt	depends on SnapPy length-spectrum data as above; arithmetic verification (nearest-integer rounding of Z[omega] coefficients) is exact given that input. The mod-4/odd split is explicitly flagged in FINDINGS.md as 'an OBSERVATION on truncated data, not a law... has not been proved or checked for stability.'
B790_maass_adjudication	main	COMPUTED	yes	L3/L3'/L3'': base-rate-controlled SM-value matching on the length spectrum is a MISS after three iterations of null-model correction (uniform -> Weyl e^l -> corrected e^2l -> pool-matched empirical/gap-shuffle)	compute_l3_powered.py, compute_null_corrected.py, compute_surrogate_null.py; output_powered.txt, output_null_corrected.txt, output_surrogate.txt, output_null_v2.txt	each null-model script is committed with explicit random seeds (e.g. 20260728) and prints its own p-values; the ADDENDUM in FINDINGS.md documents that the first two null models were themselves wrong (density ~e^l instead of ~e^2l; a never-preregistered uniform null) and were corrected in later scripts — this self-correction chain is unusually transparent.
B790_maass_adjudication	main	IMPORTED	no	S1: lambda_1(m004) <= 51.014 by parent-spectrum injection from Grunewald-Huntebrinker 1996 Table 3	compute_screening.py S1 block; output_screening.txt	the script's own comment states: 'PROVENANCE WARNING: transcribed from a secondary report of Table 3, NOT read off the primary source in-sandbox. Treated as UNVERIFIED and used for SCREENING ONLY.' This is an imported, unverified numeric list, explicitly flagged as such by the arc itself — a textbook case the seat should watch even though the arc self-flags it.
B791_weyl_completeness	main	COMPUTED	no	Bank structural claims (image order 1920, transitivity, commutant dim 3, orbital sizes [12,12,120], <chi,chi>=3, decomposition V1+V5+V6) re-derived from the bank's own 4 generator permutations	verify_bank_structure.py, FINDINGS.md §1	The script explicitly requires an environment variable B788_BANK pointing at the external B788_maass_spectrum_programme's outputs/coset_action.json, which the script's own header states is 'NOT vendored into this repo'. A stranger with only this repo checked out cannot run it.
B791_weyl_completeness	main	COMPUTED	yes	Weyl budget W = Vol(PSL(2,O3)\H^3)/(6pi^2) = 0.002856530136 and the per-sector criterion dim(V_i)*W(T), plus the 12*W = Vol(m004)/(6pi^2) consistency check	weyl_budget.py, sector_count_correction.py, results.json, results_correction.json	Pure mpmath computation from the Dedekind zeta L-value, self-contained, outputs written to committed JSON; independently checkable by re-running the .py files.
B791_weyl_completeness	main	IMPORTED	no	lambda_1(parent) = 51.014 (Grunewald-Huntebrinker 1996 Table 3), used as GATE8R2's original PASS target	PROVENANCE_ALERT.md, GATE8R2_PREREGISTRATION.md	Traced to a research subagent's unverifiable claim to have read a paywalled paper; PROVENANCE_ALERT.md documents the primary source could not be retrieved (Project Euclid serves only a JS shell). Later 'corroborated' (not verified) by a different arc's (B792) independent computation to 4-5 significant figures — corroboration explicitly distinguished from verification in the same file. The primary is still unread as of this arc.
B792_maass_m004_eigenvalues	audit/b775-braver-questions	COMPUTED	yes	First six (later seventeen) Maass cusp-form eigenvalues of m004 computed via a from-scratch Hejhal/Then collocation solver, e.g. r=3.93891686, lambda=16.515066 (mult 2) through r=9.83711622, lambda=97.768855 (mult 2)	hejhal_m004.py, eigenvalues_final.json, scanD_refined.json, groundwork.txt	Fully self-contained Python (numpy/mpmath) computation from the Riley holonomy matrices; two independent collocation heights (Y=0.75, Y=0.62) cross-checked to ~1e-9, second mode-count certification (margin 21 vs 27) to <1e-6; all inputs and code are committed on this branch.
B792_maass_m004_eigenvalues	audit/b775-braver-questions	COMPUTED	yes	lambda(parent ground state) = 51.013243, r = 7.07200419, matching literature-secondary lambda=51.014 to 4-5 sig figs — used to 'corroborate' B791's disputed literature value	eigenvalues_final.json, groundwork.txt line 27	Independently computed via the same solver, and the S-invariance test (7e-10 deviation vs O(1) for newforms) gives strong internal evidence it is the Bianchi-inherited old form; however groundwork.txt's own line still reads 'transcription VERIFIED' — an overclaim later explicitly walked back by cc in B791/PROVENANCE_ALERT.md to 'corroboration, not verification' (see SUPERSEDED_UNMARKED flag).
B792_maass_m004_eigenvalues	audit/b775-braver-questions	COMPUTED	yes	Clean null: 'no SM value is reachable from this spectral set at 8-digit precision' (Tests 1-3, PSLQ algebraicity, ratio-matching) against 18 banked PDG targets	sm_comparison_tests.py, sm_comparison_certified.txt, SM_COMPARISON_PREREGISTRATION.md	Pre-registered protocol (sealed docstring extracted verbatim into SM_COMPARISON_PREREGISTRATION.md) with surrogate-null base-rate gating (0.02); re-run on the mode-count-certified spectral set after an uncertified dry-run was retracted and relabeled. Script and target file (frontier/B743_rung1_widened/pdg_targets.json) are committed.
B792_maass_m004_eigenvalues	audit/b775-braver-questions	COMPUTED	yes	Congruence Theorem 1 (Gamma(4) <= Gamma_41, level exactly 4) and Theorem 2 (all m004 geodesic trace norms avoid 1 mod 4) via finite BFS in SL(2,Z[w]/4)	mod4_trace_law_proof.py / .txt	Small finite-group computation, no external dependencies, fully committed and reproducible; matches B791's coset-image order 1920 exactly as an independent cross-check.
B792_maass_m004_eigenvalues	audit/b775-braver-questions	COMPUTED	yes	cc's standing prediction that r=8.8634 hides a second parent (V1) eigenvalue inside a multiplicity-2 eigenspace	sector_projection_test.py, sector_projection_results.txt	Nullspace-projection test with built-in controls (all below-ground-state eigenspaces must show no parent direction; 7.072 must; both hold) explicitly REFUTES the prediction (dev_min=1.1 vs required <1e-3) — a negative result reported plainly rather than suppressed.
B793_gate8r2a_parent_localisation	main	COMPUTED	unknown	The B788 bank's V1 solver uses scipy minimize_scalar(method='bounded') over a 2e-4-wide window centred on the literature value, which always returns a point and cannot count roots or detect absence of an eigenvalue	FINDINGS.md 'The finding' section, quoting build_gate8_v1_control.py / GATE8R_PROTOCOL.json	This is a code-reading finding (inspection, not execution) about an EXTERNAL bank's solver; the arc explicitly did not run the solver (custody protocol only copies it out and inspects), so 'reproducible' would require access to the same external, unvendored B788 bank as B791.
B793_gate8r2a_parent_localisation	main	COMPUTED	no	Bank ARTIFACT_HASHES verification: 84 verified, 0 mismatches, both before and after the custody procedure (bank left unmodified)	bank_hash_baseline_pre.json, bank_hash_baseline_post.json	Hash check against the external B788 bank's own ARTIFACT_HASHES.txt; the bank itself is not vendored in this repo, so a stranger cannot re-run the verification, though the pre/post hash-count match is itself committed evidence of custody discipline.
B793_gate8r2a_parent_localisation	main	COMPUTED	no	10 of the bank's own hash-listed files (its lock tests, e.g. test_b788_maass_gate8_v1_control.py) are MISSING from the delivered archive	bank_hash_baseline_pre.json 'unresolved' list; FINDINGS.md 'Separate observation'	Observed against the external delivered zip, which is not part of this repo; the missing-file list is recorded here but the archive itself cannot be re-inspected from committed files.
B794_congruence_level4	main	COMPUTED	yes	|SL(2,Z[w]/4)|=3840, |H mod4|=320/160, index 12 => Gamma(4)<=Gamma_41 (Theorem 1)	verify_congruence.py lines 41-74; output.txt Step A-C; results.json	self-contained brute-force group closure over Z[w]/4 with no external dependency, run in-file, results.json + output.txt are the committed witnesses; a stranger can re-run verify_congruence.py directly.
B794_congruence_level4	main	COMPUTED	yes	|H mod 2|=10, index 6 != 12 => Gamma(2) not<=Gamma_41, level exactly (4) (Theorem 2 part)	verify_congruence.py lines 76-82; output.txt Step C tail	same script, same closure objects reduced mod 2; reproducible.
B794_congruence_level4	main	COMPUTED	yes	trace norms mod 4 of H are {0,3}, 1 absent => Theorem 2 (trace law)	verify_congruence.py lines 84-93; output.txt Step D	exact modular arithmetic over the finite closure H, fully committed and reproducible.
B794_congruence_level4	main	IMPORTED	yes	trace-level reconciliation figures (139 m004-only traces, 37 norms, one odd norm 7 via traces 3+w/2-w; m003-only 180 traces all == 1 mod 4; shared 231 traces) used in the 2026-08-06 addendum to restate the norm-split claim	FINDINGS.md lines 60-73 (LEVEL RECONCILIATION addendum); trace_norm_split.py/.json/.txt	"FINDINGS.md itself states this script/data was ""copied byte-faithfully from the cc3 branch and re-run"" for this amendment, not independently re-derived from scratch the way verify_congruence.py was; it is reproducible (script + data committed) but its provenance is an import, not an independent construction, unlike the arc's headline theorems."
B795_eigenvalue_verification	main	COMPUTED	yes	sigma_min(r) collocation test confirms all 7 claimed eigenvalues via displaced controls (ratios 3.7x-54.0x)	collocation_verify.py (full script); collocation_verify_hitrunc.py; output.txt	both solver scripts are complete, self-contained (own pullback, own K_ir via trapezoid quadrature, own dual-lattice mode set), and output.txt is the committed witness of both runs (initial 90x112 run described in FINDINGS as vacuous, then the fixed 3x-overdetermined run, then the high-truncation run) — a stranger can rerun collocation_verify.py directly to reproduce the printed table.
B795_eigenvalue_verification	main	UNCLEAR	unknown	the sector identification of r=8.863405356 (parent Bianchi ground state vs Gamma_41-relative) is explicitly NOT established by this arc	"FINDINGS.md lines 60-66 (""Scope"" section)"	FINDINGS.md itself disclaims this: sigma_min confirms existence only, not sector; that determination is attributed to a different arc (cc3's S-invariance test), not reproduced or checked here.
B796_coupling_campaign	audit/b775-braver-questions	COMPUTED	unknown	Cell 1 GH-ladder: 43 distinct spectral eigenvalues r<13.5, 4 parent forms, three pre-stated GH rungs confirmed (r=11.00811336, 12.50010017, 13.29316271)	WAVE1_FINDINGS.md CELL 1; scanE/scanF scripts not in this file list	FINDINGS describes exact numeric outputs and a corroboration base-rate (9.5e-5) but the scanning scripts/witnesses that produced the 26 stable eigenvalues are not among the files this packet lists as committed at these paths (only cell9_* and boundary/other-cell scripts are present); cannot confirm reproducibility from what was read
B796_coupling_campaign	audit/b775-braver-questions	COMPUTED	yes	Cell 2 Bianchi-Hecke gate: raw lambda_pi7 approx 0 on 3 certified mult-1 newforms; level-1 Steil lift excluded via r_K=2*r_Q (r=19.067 > 13.5 ceiling)	WAVE1_FINDINGS.md CELL 2; cell2_hecke_gate.py/.txt, cell2_api_census.py/.txt/.json, cell2_gate_results.json all FULL-mode files in the packet	script + txt/json outputs are all present in the file list as committed artifacts, giving an exact numeric trail (though the base-change normalization is asserted from Then's 'published Picard table', an external, uncommitted source)
B796_coupling_campaign	audit/b775-braver-questions	COMPUTED	yes	Cell 3 spin fork: rho_1 (Riley lift) non-Lie under both sign conventions => Dirac spectrum discrete	WAVE1_FINDINGS.md CELL 3; cell3_spin_fork.py/.txt	exact sympy computation with committed script and .txt witness; convention-dependent half (C1-vs-C2 sign dictionary) explicitly flagged as an unresolved literature lookup, not assumed
B796_coupling_campaign	audit/b775-braver-questions	ASSERTED	no	Cell 9 rung(i) v3 prereg power-box and bracket-safety numbers (Delta_lambda=1.41e-25, H_max~348, sv-tail nullity-1 certification)	cell9_sec16_verdict3.md; CELL9_RUNG1_PREREGISTRATION_v3.md; cell9_rung1_v2.py (SAMPLE_CODE)	verdict3 explicitly states execution is BLOCKED on conditions C2-C7 (non-convergence abort not implemented, shakedown JSON unlabeled, stale prereg stamp, lam_1 guard missing, cited second-pass verdict cell9_sec16_verdict2.md 'exists nowhere in the repo', and the mandated end-to-end smoke test never completed -- cell9_shakedown_log.txt stops after 'n = 782 modes'); the actual rung(i) eigenvalue run has NOT been executed
B796_coupling_campaign	audit/b775-braver-questions	COMPUTED	yes	Charge quantisation congruence t/3+d/2+Y = 0 (mod 1) holds for all 7 SM multiplets and fails for 3 control cases	charge_quantisation/FINDINGS.md; charge_quantisation.py (FULL)	script and table both present; explicitly scoped as DERIVED-GIVEN-B862/P5, not unconditional, and explicitly not a hypercharge normalization claim
B796_coupling_campaign	audit/b775-braver-questions	COMPUTED	yes	Z6 line-operator spectrum: 4 distinct magnetic-flux signatures across candidate global forms, minimal monopole gcd=1	z6_line_spectrum/FINDINGS.md; z6_lines.py (FULL)	asserted-in-code per the file; explicitly scoped as untested against any observation (no monopole detected) and inherits B862's ZL6 derivation as given
B796_coupling_campaign	audit/b775-braver-questions	COMPUTED	yes	tau vs <1>!=0: the closing-resource count is FIVE not FOUR; S4's 'saturated' interface claim is withdrawn	tau_vs_singlet/FINDINGS.md; tau_vs_singlet.py (FULL)	computed rank-removal and complex-generation discriminants for tau vs <1>; this is a SUPERSEDING correction of s4_closing_types/FINDINGS.md, and unlike many arcs in this campaign the correction WAS propagated back into the superseded file's own header (checked: s4_closing_types/FINDINGS.md carries a 2026-08-10 correction banner) -- so NOT flagged SUPERSEDED_UNMARKED
B796_coupling_campaign	audit/b775-braver-questions	COMPUTED	yes	Arithmeticity forces the H1 3-rank-1 'rank wall': m in {1,2} (arithmetic, per B125, independently reverified here) intersect 3|m = empty, so 3-rank(H1)=1 is forced for any arithmetic metallic-bundle member	h1_consumed/FINDINGS.md; rank_wall_scope.py (FULL)	closed-form H1=Z(+)(Z/m)^2 derived and verified against SnapPy-constructed bundles at m=1..4; invariant trace fields computed exactly via Sage find_field; a live bug in an intermediate run (snappy homology().rank() total-generator-count vs free-rank) is disclosed and corrected in the same file
B796_coupling_campaign	audit/b775-braver-questions	COMPUTED	yes	Weight ledger: 7 weight-0 dimensionless combinations of lambda_2, lambda_parent, vol, systole computed to stated precision (e.g. lambda_2*vol^(2/3)=40.09672678450524360655)	scale_weight_ledger/FINDINGS.md; weight_ledger.py (FULL)	self-checks lambda_2 against a banked value (B922); the file itself flags a look-elsewhere hazard it created and explicitly forbids informally testing these 7 numbers against physical constants outside a fresh sealed preregistration -- an unusually disciplined self-warning, but also evidence the numbers are attractive targets for exactly the FITTED_VALUE failure mode this seat watches for
B797_maass_spectrum_harvest	main	IMPORTED	no	17 Maass eigenvalues r_n, mode-count certified 664->900 modes, max|dr|=5.42e-9	eigenvalues_final.json, mode_count_certification.json	FINDINGS.md states provenance is cc3's B792 solver, not this arc's own computation; the file itself flags 11 of 17 rows as 'FINDINGS certified table' entries whose per-eigenvalue diagnostics (r_Y2, sigma, sv_tail, S_invariance_dev) are 'NOT IN MAIN...absent rather than fabricated' -- no solver code is present in this arc's files to rerun the computation from scratch.
B797_maass_spectrum_harvest	main	COMPUTED	no	sector projective-line S-test: exactly one parent eigenvalue (n=6, r=7.072)	sector_projection_results.json	Results are committed as output JSON (dev_min/dev_max per eigenvalue) but no script that produced sector_projection_results.json is among this arc's files -- the generating code lives elsewhere (attributed to cc3).
B797_maass_spectrum_harvest	main	COMPUTED	no	SM comparison: 0 gated hits across Test1/2/3 against 18 PDG targets	sm_comparison_results.json, SM_COMPARISON_PREREGISTRATION.md	protocol is fully specified in the preregistration and result values are committed, but the test-running script itself (sm_comparison_tests.py, referenced in the prereg) is not among this arc's files.
B798_falsifier_power_box	main	IMPORTED	no	PSLQ exclusion power law N >~ 1.43*d*log10(H), calibrated off Booker-Strombergsson-Venkatesh	FINDINGS.md table	the calibration constant 1.43 is asserted as derived from an external paper's parameters (d<=10, H<=1e7, ~100 digits); no calibration script or derivation is in this arc's two files (FINDINGS.md, arc_verdict.json) -- purely a documented arithmetic/citation, not a committed computation.
B798_falsifier_power_box	main	ASSERTED	no	Cost table: 50 digits = 244x-10^4.4x overhead, 100 digits = 1953x-10^5.3x overhead	FINDINGS.md cost table	presented as a scaling argument (modes ~linear in precision, dense solve cubic, arbitrary-precision arithmetic adds 10-100x) with no committed script computing the table; later corrected in a downstream arc (B1007) which initially disputed then reaffirmed it, but no code is in THIS arc.
B799_uncomputed_doors	main	COMPUTED	yes	Door B332: g=-R*L^-1 elliptic order 3 (not the deck element); monodromy A hyperbolic, det(A-I)=-1	doors.py:door_b332	sympy script computes trace/det/charpoly/order/eigenvalues exactly with exact rational/algebraic arithmetic; committed and runnable.
B799_uncomputed_doors	main	COMPUTED	yes	Door W7-rebase: E6 centre = Z/3 acts on the 27 by a scalar (splits nothing)	doors.py:door_w7	Smith normal form of the E6 Cartan matrix computed exactly in sympy; committed and runnable, order of highest-weight class in P/Q solved exactly.
B799_uncomputed_doors	main	IMPORTED	unknown	5 IN-REPO-CITED doors (B412,B433,B435,B668,B731) -- each verified by re-running a cited arc's test lock	kill_graph_patch.json	the prereg requires the cited lock to be run and observed passing in THIS arc's run; the patch records pass counts (e.g. '3 passed') but the actual pytest invocation/output is not captured in a committed log in this arc's files -- relies on tests/test_b799_doors.py (not sampled here) asserting the cited tests still exist and pass.
B800_habiro_integrality	main	COMPUTED	yes	1-loop invariant V''(u0) = sqrt(-3) at the figure-eight geometric saddle	habiro.py / fast_expansion.py	computed symbolically via sympy from V(u)=Li2(e^u)-Li2(e^-u), saddle equation solved exactly, verified w0^2-w0+1=0 in code.
B800_habiro_integrality	main	COMPUTED	yes	3-adic valuation growth v3(den) ~ 1.428*n, extrapolating to 3^143 at n=100 vs B685's read of 3^146	output.txt, fast_expansion.py	exact Q(sqrt-3) Fraction arithmetic to h^14, table of coefficients and their v3/v2/other-prime factorizations printed in output.txt, matching the FINDINGS table exactly.
B801_negative_census	main	COMPUTED	unknown	60-arc sample from 557-arc pool, seed fixed before draw (20260729), finds 12/60 = 20% negative rate	census.json	the sampling methodology (seed, pool, rule) is stated and the 12 negative arc IDs are named with one-line justifications, but no script that drew the sample or classified each arc is committed in this arc's 3 files -- the classification itself (is B114 a 'negative'?) required human/LLM judgment on each of the 60 arcs, not re-runnable code.
B801_negative_census	main	ASSERTED	no	66% coverage estimate of kill_graph over the corpus's true negatives	FINDINGS.md, census.json coverage_pct field	log shows this specific percentage was later found (B833) to be a unit mismatch between two different denominators; the arc's own arithmetic (328.4 estimated total vs 217 in kill_graph = 66%) does not correctly represent arc-level coverage, which B833 recomputed as 33.5%.
B802_cc3_b783_harvest	main	COMPUTED	yes	Reversal preserves Fibonacci-word letter frequencies (d(a)->1/phi, d(b)->1/phi^2) while complement swaps them and gamma_5 (sqrt5 -> -sqrt5) moves 1/phi != 1/phibar, hence gamma_5 != reading direction	verify.py	sympy script builds the Fibonacci word to |S|=121393, computes exact Rational frequencies, checks reversal/complement/growth-rate claims and the phi vs phibar inequality symbolically; fully runnable and self-contained.
B803_commensurability_audit	main	IMPORTED	no	m003 and m004 share invariant trace field Q(sqrt-3), volume 2.0298832128; both arithmetic+cusped => commensurable	FINDINGS.md table; verify.py header comment	verify.py's own docstring states: 'Run under pyenv for the arithmetic parts; the snappy parts are recorded from a sage run (see FINDINGS.md) because snappy is sage-gated in this environment.' -- the snappy/trace-field/volume/H1 computation that grounds the entire arc's premise was NOT run in this committed script; it is transcribed from an external sage session not captured in committed code.
B803_commensurability_audit	main	COMPUTED	yes	DKY vanishing mechanism confirmed at 60 decimal digits (exact zero ~1e-61 at integer l, ~2e-5 at non-integer l)	verify.py:dky_factor/dky_min_over_integer_k	mpmath script at mp.dps=60 computing the Habiro-Le factor directly; runnable and self-contained, independent of the snappy gap.
B803_commensurability_audit	main	COMPUTED	yes	Alexander/Khovanov/knot-Floer organ census for 4_1 (det=5, HFK ranks (1,3,1), sigma=0)	verify.py:alexander_data	sympy computation of Alexander polynomial determinant; the HFK ranks/Khovanov rank are asserted from general alternating-knot theorems (thin => determined by (Delta,sigma)), not independently computed, but this is disclosed as citing a theorem.
B804_dirac_spectrum	main	COMPUTED	yes	Omega^spin_2 = Z/2 (Arf invariant); cusp torus spin structure is forced BOUNDING for every spin structure	dirac.py:arf/bordism_group_order/cusp_structure_is_forced_bounding	small exact combinatorial computation over the 4 spin structures on T^2, fully committed and runnable.
B804_dirac_spectrum	main	IMPORTED	no	Bounding cusp spin structure => Dirac spectral TYPE determined (cited implication)	FINDINGS.md, dirac.py comments citing Bar JDG 54 (2000) 439	explicitly stated as 'cited, not derived' -- this arc does not re-derive Bar's theorem, only cites its direction; a stranger must trust the citation.
B804_dirac_spectrum	main	UNCLEAR	no	No Dirac eigenvalue was computed	FINDINGS.md Cell 3	the arc explicitly states this cell was NOT PERFORMED because the spinor-Hejhal solver does not exist in the repository at the time; this is an honest gap, not a claim.
B805_forcing_graph	main	COMPUTED	unknown	567 of 733 arcs (77%) attach to no face; 6 of 11 faces have no proved arc	FINDINGS.md table; scripts/forcing/build.py (not in this arc's file list, referenced only)	the generating script scripts/forcing/build.py and its output forcing_graph.json are referenced in FINDINGS.md but are NOT among this arc's committed 2 files (FINDINGS.md, arc_verdict.json) per the packet -- cannot verify from what was read whether these files exist and are reproducible.
B806_lexicon_blindness	main	COMPUTED	unknown	Keyword face-classifier scores precision 0.45, recall 0.63, exact-set match 13% against 166 human-classified arcs	FINDINGS.md:15-17	no script is among this arc's 2 committed files (FINDINGS.md, arc_verdict.json); referenced test/build tooling (scripts/forcing/build.py, tests/test_b806_lexicon.py) sits outside this arc's directory.
B806_lexicon_blindness	main	COMPUTED	unknown	Top-3 motif coverage 93.3% (later corrected in-document to 0.8845)	FINDINGS.md:24-25 with correction annotation	same reproducibility gap as above; the correction itself is transparently documented in-arc, which is good practice, but the underlying computation is not in this arc's own files.
B806_lexicon_blindness	main	COMPUTED	unknown	Zero overlap between kill_graph's 11 'faces' and the atlas's 18 'motifs'	FINDINGS.md table (faces vs motifs lists)	presented as a direct set-comparison of two named vocabularies; plausible to check by inspection but no script computing the overlap is in this arc's files.
B807_vocabulary_unification	main	COMPUTED	yes	163 of 198 (face,motif) pairs populated; top-5 share 0.168; NMI 0.031 -> SPREAD verdict against sealed thresholds P>=60, top5<=0.50	joint.py, joint.json	joint.py is a complete, self-contained script reading kill_graph.json and atlas_data.json, computing the joint distribution, mutual information, and observer spread exactly as printed; runnable and committed in full.
B807_vocabulary_unification	main	COMPUTED	yes	observer touches 6 of 11 faces and all 18 of 18 motifs across 57 arcs -> third axis	joint.py:observer_spread, joint.json observer field	same script performs a regex search over frontier/*/FINDINGS.md for the word 'observer' and tabulates face/motif co-occurrence; fully committed and reproducible.
B808_empty_cells	main	COMPUTED	yes	Margin-preserving permutation null (10,000 draws, seed 808): 34/35 empty cells ARTIFACT (p_empty>=0.10), 1 REAL GAP (congruence-tower x apolynomial, p=0.0454), verdict VACUOUS	null_test.py, null_test.json	self-contained script with fixed seed (808), sealed thresholds (P_ARTIFACT=0.10, VACUOUS_N=30), reading kill_graph.json/atlas_data.json and reproducing every number in FINDINGS.md exactly; fully committed and runnable.
B809_kappa_gate	main	COMPUTED	yes	Cohen's kappa = 0.842 (p_o=0.900, p_e=0.368) over 20 arcs rated by two independent seats	kappa.json	kappa.json commits the full raw rating table for both seats A and B on all 20 arcs plus the computed kappa; the arithmetic (p_o, p_e, kappa) is directly checkable from the raw data given, though no separate computation script is included -- the arithmetic is simple enough to verify by hand from the committed data.
B810_verdict_wave1	main	COMPUTED	unknown	287 verdicts written from 300 returned across 12 parallel readers x 25 arcs each; 0 fabrications on 9 transcription errors (6 non-existent IDs, 3 already-authored)	FINDINGS.md	this is a description of a distributed multi-agent workflow run (12 parallel reader-agents), not a deterministic script; the arc's only committed files are FINDINGS.md and arc_verdict.json -- the workflow script and its raw per-reader outputs are not present in this arc's own directory per the packet.
B810_verdict_wave1	main	ASSERTED	no	36/36 audited verdicts judged defensible, self-identified as weak evidence (non-random sample: first three of each slice)	FINDINGS.md 'audit' section	the arc itself flags this as a design flaw (non-random sample of earliest, most template-like arcs) and explicitly states the 0-disputes result should not be read as 'no defect'; honest self-criticism but not independently reproducible from committed files.
B811_hint_promotion_gate	main	COMPUTED	yes	phi-family (a*phi^n+c)/(b*phi^m+d) enumerated to 28,957 distinct values; N_hit=37 (H128, alpha_s), 208 (H129, sin^2theta13), 1 (H130, Koide Q=2/3)	gate.py:family/n_hit	mpmath script with sealed ranges (n,m in -8..8; a,b in 1..5; c,d in -2..2), fixed thresholds (PROMOTE_MAX=3, KILL_MIN=20), fully committed and self-contained; the family fairness check (does it contain the hinted forms) is verified in code.
B811_hint_promotion_gate	main	COMPUTED	yes	alpha_s(M_Z) level check: running coupling values at M_Z/2, M_Z, 10M_Z computed one-loop, n_f=5, showing scale-dependence	gate.py:level_check_alpha_s	standard one-loop QCD beta-function formula applied exactly in mpmath; committed and runnable.
B811_hint_promotion_gate	main	ASSERTED	yes	H130's null test is inapplicable (a phi-irrational family cannot populate a window around the rational 2/3 except at n=m=0), so the PROMOTED verdict is honest but the instrument that produced N_hit=1 measured nothing	FINDINGS.md 'H130' section	the arithmetic argument (phi irrational, only n=m=0 gives a rational) is stated in prose but is directly checkable from the family definition in gate.py; the arc is transparent that its own test design was flawed for this target.
B812_physics_path_map	main	ASSERTED	unknown	Ten physics targets classified on four axes (S,V,C,M); all ten fail at least one axis (5 x M, 3 x C, 1 x S, 1 x V)	map.json	the classification is a structured judgment call citing other arcs' results (K018, B811, B803, B804, B720, B710, B561, B813) per target row, not an independently re-run computation; map.json commits the table of judgments but not a script that derives it -- a stranger could check the citations but not mechanically rerun the classification.
B813_cs_theta_type_audit	main	IMPORTED	no	CS(m004) [PSL(2,C) geometric invariant, value in C/pi^2 iZ] vs theta_QCD [SU(3) free coupling, coefficient of W(A) in e^{i*theta*W(A)}]: three type mismatches (kind, group, slot)	FINDINGS.md 'Cell 1' table	the arc is a literature-based type audit drawing on nLab pages, a Neumann paper abstract, and standard Stokes' theorem, explicitly disclosed as 'textbook- and reference-level statements...not primary papers read end to end'; there is no code in this two-file arc, and the reasoning is a citation-based argument rather than a computation.
B814_gate_d	main	IMPORTED	no	The E6 principal-point tangent space is a smooth 6-fold: all C(6,2)=15 cross-pairings B(u_a,u_b)=0 exactly, unobstructed to third order	FINDINGS.md, citing B575 and B370	this arc's own prereg states the 15 vanishing cross-pairings and third-order unobstructedness are 'not recomputed here; cited and re-read' from B575 and B370; no code is present in this arc's 3 files (FINDINGS.md, PREREGISTRATION.md, arc_verdict.json).
B815_kappa_precision_note	main	COMPUTED	unknown	Synthetic-data calibration: 12 raters x 15 items x 4 categories at 85% per-rater fidelity yields Fleiss kappa=0.7695, bootstrap 95% CI [0.6549,0.8471]	PRE_DATA_NOTE.md	the note states the Fleiss kappa instrument (scripts/checks/fleiss_kappa.py) was built and verified against Fleiss's published worked example, then run on synthetic data of the stated shape -- but neither the script nor the synthetic dataset is among this arc's one committed file (PRE_DATA_NOTE.md); this is a design/pre-registration note, not a computation artifact.
B817_verdict_wave2	main	COMPUTED	yes	Fleiss kappa = 0.9312 (12 raters, 15 shared calibration items), bootstrap CI [0.7485, 1.0000]	calibration_ratings.json	the full raw 12-reader x 15-item rating table is committed in calibration_ratings.json, from which kappa is directly recomputable by hand; no separate script is included but the underlying data is complete and unambiguous.
B817_verdict_wave2	main	COMPUTED	yes	10 of 12 readers gave the identical PROVED/NEGATIVE mix (5/10) on the calibration block, so wave 1's 0.364-0.917 PROVED-rate spread reflects genuine era differences not reader bias	FINDINGS.md section 2	directly readable from calibration_ratings.json's per-reader per-arc labels.
B818_retracted_rule	main	ASSERTED	unknown	All 8 repository RETRACTED verdicts read against their own arc text; 2 (B745, B525) found mislabelled because they are auditors whose target's claim failed, not self-withdrawals	FINDINGS.md table	this is a judgment-based textual audit (reading each arc's own headline against its RETRACTED label), not a mechanical computation; no script is present in this two-file arc to re-run the classification, though the reasoning per arc is stated and checkable by a human reader with access to the source arcs.
B819_frame_gap	main	COMPUTED	unknown	181 directories with no arc_verdict.json, 133 of which have a FINDINGS.md, 116 of those never assigned to any wave-2 reader; 229 of 791 total arc ids never assigned	FINDINGS.md tables	presented as a direct count over the frontier/ directory structure and wave-2's assignment list; plausible and mechanically checkable in principle (file existence + list membership) but no script performing this count is among this arc's 2 committed files.
B821_lexicon_refresh	main	COMPUTED	unknown	New self-audit motif matches 5 of 7 substantial blind arcs (passes) but 46.2% (345/746) of the corpus (fails the <=25% vacuity ceiling) -> reverted	FINDINGS.md table	the test is described as run against the atlas's LEXICON/OBSTACLES dictionaries with sealed thresholds, and a wiring bug (insertion landed in the wrong dictionary) was caught by the same test -- but no script is present among this arc's 3 committed files (FINDINGS.md, PREREGISTRATION.md, arc_verdict.json) to independently verify the 46.2% figure.
B821_lexicon_refresh	main	COMPUTED	unknown	Term-frequency decomposition: 'prereg' in 27.6% of arcs, 'audit' 14.7%, 'census' 11.6%, etc., showing the self-audit vocabulary is the ambient method register not a distinguishing motif	FINDINGS.md table	same reproducibility gap -- plausible grep-style counts but no script committed in this arc's files.
B822_lexicon_gate_fix	main	COMPUTED	unknown	Size floor (FINDINGS.md >= 2000 bytes) removes 14 of 22 blind arcs, leaving 8 (meets both sealed criteria: >=10 removed, <=10 remaining)	FINDINGS.md table	described as a direct file-size filter over the 22 previously-identified blind arcs; mechanically simple and plausible but no script is present in this arc's 3 committed files to verify the exact count.
B823_blind_triage	main	COMPUTED	unknown	Triage registry (docs/atlas/BLIND_ARCS.md) verified with 3 negative controls: removing B537's row fails the gate; adding a non-blind arc's row fails the gate; deleting the registry fails the gate; restoring passes	FINDINGS.md 'verified, not asserted' table	the three negative-control perturbations and their pass/fail outcomes are reported in prose with quoted gate error messages, but no script or test file is present in this arc's 2 committed files (FINDINGS.md, arc_verdict.json) to independently rerun these controls.
B824_charvar_motif	main	COMPUTED	unknown	Per-pattern corpus share (character variety 13.8%, total 18.4%)	FINDINGS.md table	Test file tests/test_b824_charvar_motif.py is cited but not included in this packet; the counting script/corpus itself is not shown, so a stranger cannot verify the 18.4%/13.8% figures from files read here.
B825_markov_motif	main	COMPUTED	unknown	8.3% corpus share (62/750), 75.8% containment in trace_map	FINDINGS.md table	Same class as B824: counting script/corpus not in read set; only tests/test_b825_markov_motif.py cited.
B826_b519_verdict	main	ASSERTED	unknown	B519's VERDICT.md already contains its own self-correction (B1 row struck through, re-marked LIVE)	FINDINGS.md:16-21	Quotes VERDICT.md but that file is not in the read set for this packet; content trusted at face value.
B826_b519_verdict	main	ASSERTED	unknown	B225 carries PROVED though B745 confirmed its 2-half kill vacuous, and B58 spans three directories -- left unresolved	FINDINGS.md:56-61 (Still carried)	explicit carried/open item, not resolved here
B827_progresslog_recovery	main	ASSERTED	unknown	37 shadow entries, span B725->B826, 0 present in canonical/roll-off log	FINDINGS.md table lines 8-13	A git-history/file diff claim; the actual before/after files or diff are not shown in this packet, only narrated.
B827_progresslog_recovery	main	ASSERTED	unknown	gate bug: ta (canonical log mtime) froze, so tb>=ta trivially held	FINDINGS.md:22-34	Code snippet shown is a paraphrase ('if tb < ta: fail'), not a diff of the actual gate script; the real gate file is not in the read set.
B830_b720_recompute	main	COMPUTED	yes	Q(zeta_3) cap Q(i) = Q, compositum degree 4	cells.py a1_branch_mismatch(), lines 13-49	Full sympy code shown; uses sp.minimal_polynomial on sqrt(-3)+i, straightforward and reproducible from this file alone.
B830_b720_recompute	main	COMPUTED	yes	Markov quiver: mutation class size 1, finite-mutation, NOT finite-type; A3 positive control finite_type=True, class size 4	cells.py a2_markov_finite_mutation_not_finite_type(), lines 77-131	Full mutation-enumeration code with a positive control (A3 Dynkin quiver) included; genuinely runnable and falsifiable as written.
B830_b720_recompute	main	IMPORTED	no	dim H^1 = 6 at E6, 1 at SL(2) -> finite-dimensional moduli, no local DOF	cells.py a3_no_local_dof(), lines 135-154	The function literally hardcodes dim_H1_E6=6 and dim_H1_SL2=1 as comments citing 'CLAIMS E14 / B575' -- these are NOT computed in this file, they are imported constants from other arcs; the 'REFUTED' check is trivially true given the hardcoded ints.
B830_b720_recompute	main	IMPORTED	no	'Connes-Marcolli cosmic Galois group is mixed-Tate over Z[i]' (A4)	FINDINGS.md:45-53, PREREGISTRATION.md:37-43	Explicitly and honestly declared as an uncomputed citation about another author's construction; not claimed as computed, which is a positive transparency signal.
B832_verdict_wave3	main	COMPUTED	yes	Fleiss kappa = 0.9305 on 16-arc, 12-reader, 4-category block; CI [0.8286,1.0]	FINDINGS.md:9-13; calibration_ratings.json raw data	calibration_ratings.json contains the full raw per-reader per-arc labels for all 16 arcs, so kappa is recomputable by a stranger from this file directly (assuming standard Fleiss kappa code, not included but the input data is).
B832_verdict_wave3	main	COMPUTED	yes	Consistency vs corpus: 79.7% (153/192), 3 disagreements all unanimous/near-unanimous toward PROVED (B61, B556, B746)	FINDINGS.md:29-45	Directly checkable against calibration_ratings.json plus known corpus verdicts for those 16 arcs (corpus verdicts not shown here but referenced as fixed prior labels).
B832_verdict_wave3	main	ASSERTED	no	Execution error: 183 sent, only 57 actually in frame, 126 already-judged retyped by mistake	FINDINGS.md:64-77	Self-reported process error; the actual id lists (/tmp/wave3_args.json vs what was sent) are not committed/shown.
B833_negative_routing	main	COMPUTED	unknown	206 NEGATIVE-verdict arcs, 137 absent from kill graph; kill_graph has 217 records: 172 arc ids + 45 non-arc keys; of 172, 69 NEGATIVE/56 PROVED/38 none/6 RETRACTED/3 OPEN	FINDINGS.md:14-42	Described as a direct count over the repo's verdict/kill_graph records, but the actual kill_graph.json and verdict corpus are not part of this packet's read set -- the arithmetic is plausible but not independently checked here.
B834_wave3b	main	COMPUTED	yes	kappa=0.9300 on same 16-arc block, fresh panel	FINDINGS.md:6-18; calibration_ratings.json	Raw per-reader ratings partially sampled (B74 differs from wave3a's B74 by one dissent) confirm this is an independently collected data file, not a copy; kappa recomputable from the committed json.
B834_wave3b	main	ASSERTED	no	756/803 = 94.1% coverage; corrects a self-caught denominator error (ledger said 756/759 = 99.6% of ATLAS population, not of arc ids on disk)	FINDINGS.md:66-73	The underlying ledger file and arc-id count on disk are not in the read set here.
B835_lock_repairs	main	COMPUTED	unknown	trace_map corpus share crossed 0.45 floor to 0.449; per-era breakdown table (trace_map 0.463->0.375, kappa 0.284->0.125, etc.)	FINDINGS.md:15-28	Table presented as measured output of test_measured_frequencies_hold, but the underlying corpus/motif-count script is not in this packet.
B835_lock_repairs	main	COMPUTED	unknown	B702's retraction marker was at line 45, past a 1500-char read window	FINDINGS.md:44-51	Specific and checkable claim about a file offset, but B702's file itself isn't read here to verify line 45.
B836_route_negatives	main	COMPUTED	unknown	167 arcs routed, graph 217->384	FINDINGS.md:8-13	kill_graph.json itself not part of the read set for this packet; count is asserted narratively.
B837_file_drawer_audit	main	ASSERTED	unknown	3 unreported sealed preregs (B590, B557, B499) out of 24 ledgered-and-unfinished candidates in 803 arcs	FINDINGS.md:29-49	Result of reading each of 18 citing arcs' text by hand; the citing arcs themselves are not in this packet's read set to spot-check.
B838_lexicon_regrounding	main	COMPUTED	unknown	term-frequency table: forcing/forced 41.9%, forces 13.6%, held slot 0.1%, two ingredients 0.1%, etc.	FINDINGS.md:17-27	Corpus-frequency counting script/corpus not in the read set; numbers asserted, methodology (same as B824/B825's diagnostic) plausible but not independently checked here.
B839_b685_residue	main	COMPUTED	yes	(2n)! clears the non-3 denominator at n=2,4,6,8,10,12,14; all 8 other family members fail (first failures at n=2 or n=4)	normalisation.py: FAMILY dict and main() loop, lines 49-104	The full search script is committed and calls into B800's own phihat/K functions (imported, not modified) to rebuild coefficients; the family of 9 normalisations is a fixed, hardcoded, inspectable list; genuinely re-runnable by a stranger given B800's directory is also present.
B839_b685_residue	main	IMPORTED	no	B800's 3-adic law v3~=1.428n -> 3^143 at n=100 vs B685's 3^146	FINDINGS.md:69-71	Cited from B800, not recomputed in this arc's script.
B840_close_loose_ends	main	COMPUTED	unknown	R1's vacuous SEALED verdict traced to mdnewton needing a square system but polish_mp supplying 9 complex (18 real) equations for 22 real unknowns; exception counted and loop continued before membership test	FINDINGS.md:13-21	Described as a diagnosed and fixed bug (three bugs fixed: underdetermined polish, 50-vs-70-digit truncation, double-precision control), but the actual before/after code and re-run outputs are not part of this packet's read set.
B840_close_loose_ends	main	COMPUTED	unknown	R2/V3 blind result: 9 Phi-orbits size 3 on the 27, charge split 1/10/16 gate PASS, triple intersection 16^16^16=6, singlet orbit profile (1,16,16)	FINDINGS.md:9-11	Presented as a delivered blind computation but no script or raw output file is in the read set here to check.
B840_close_loose_ends	main	UNCLEAR	no	Bronze trace field discrepancy: script computes degree 8, prereg quotes B578-D6 for degree 6 -- explicitly left UNRESOLVED	FINDINGS.md:36-38	Flagged as an open, unresolved numeric discrepancy (degree 8 computed vs degree 6 cited) and not adjudicated within this arc.
B841_provenance_pass	main	COMPUTED	unknown	167 records judged by 12 readers, 0 errors; fact_computed true 118/167 (70.7%); 118/118 pointers resolve on filesystem	FINDINGS.md:8-18	Described as mechanically verified (every true-pointer checked against the filesystem), and a 10-record seeded sample was spot-read, but the full 167-record rated dataset and verification script are not in this packet's read set.
B841_provenance_pass	main	ASSERTED	no	10-record seeded sample: 9/10 point at genuine computation, 1 (B127) behind an optional-dependency import guard	FINDINGS.md:32-45	Spot-check narrated but the specific sampled records/pointers are not shown or independently checked here.
B842_face_attachment	main	COMPUTED	unknown	Fleiss kappa=0.8732 on 16-arc 12-category calibration block, CI [0.7388,0.9603]	FINDINGS.md:8-13	calibration_ratings.json is listed as a file for this arc in other arcs (B832/B834) but was not included as a file for B842 in this packet -- so the raw per-reader labels this kappa is computed from are not in the read set for this specific arc.
B842_face_attachment	main	COMPUTED	unknown	Consistency vs existing kill-graph attachment: 58.3% per judgement, 56.2% by panel mode; B296/B523 both 12/12 'none' against corpus attachments	FINDINGS.md:30-44	Same as above -- underlying calibration data not in this arc's read set within this packet.
B845_spectral_inventory	main	IMPORTED	no	B797: 17 certified Maass eigenvalues r=3.9389->9.8371, mode-count certified 664->900 modes, max|dr|=5.42e-9; n=6 identified as parent ground state, S-invariant to 7e-10 vs others breaking at order 1	FINDINGS.md:18-19	Cited from B797 (a different arc, 'harvested from cc3'), not recomputed or re-verified in this arc; this arc only checks WHERE things live and whether documents/artifacts are internally consistent, not the underlying eigenvalue computation itself.
B845_spectral_inventory	main	IMPORTED	no	B795: 7/7 independently re-verified on this seat's own instrument (distinct from B797's original computation)	FINDINGS.md:20	Referenced as an existing verification receipt from a separate arc (B795), not re-run here.
B845_spectral_inventory	main	COMPUTED	yes	B797/eigenvalues_final.json carries 6 eigenvalues while its own FINDINGS table certifies 17 -- an internal artifact/prose mismatch	FINDINGS.md:42-48	A direct, checkable file-content discrepancy (JSON has 6 entries vs prose table's 17) that this arc discovered by reading; genuinely verifiable by anyone who opens both files, though neither is included in this packet's read set to double-check the specific count.
B848_handoff_verification	main	COMPUTED	yes	6/6 arrow/amphichirality census entries (LR, LLRR, LRR, LLRLR, LLRLRR, LLRRLR) match handoff via two independent methods (reduction-cycle det-form + box search)	verify_handoff.py: cycle_leads(), box_search(), census(); results.json census block	Full committed script implements both independent methods and results.json shows per-word matches_handoff=true for all 6; genuinely re-runnable and includes self-tests of the reduction-cycle instrument against known Pell examples (x^2-2y^2 etc, described in FINDINGS but not shown as code in the sampled first 120 lines).
B848_handoff_verification	main	COMPUTED	yes	Symmetric counterexample LLRLRR=[[2,5],[5,13]] refutes 'symmetric => no arrow'; metallic mean has norm -1 for all m=1..12, disc=m^2+4 exactly	results.json flag_symmetry_mechanism block; metallic array (m=1..12, all disc_is_m2p4=true)	Directly present in the committed results.json with per-m breakdown; a stranger can check disc=m^2+4 arithmetic by hand for each of the 12 rows shown.
B848_handoff_verification	main	COMPUTED	yes	Base-rate table: arrow share climbs from 0% (length<=5) to 56.6% (length 10, 60/106 classes) -- arrow is GENERIC not rare	results.json base_rates array	Raw counts (classes, arrow, non_amphichiral per length) committed in results.json; the enumeration method (base_rates(nmax=10) per grep of verify_handoff.py) is in the script though the exact loop body was not read in the sampled 120 lines.
B848_handoff_verification	main	COMPUTED	yes	E6 dim-78 decomposition, GKY power sums, Lambda_K residue identities, Riley polynomial equivalence	results.json e6/gky/lambda_k/riley blocks	All shown as sympy/mpmath computations with exact or high-precision (1e-35 to 1e-41) numeric results in the committed JSON; grep confirms sympy.simplify/degree calls implementing these in the script.
B849_order_parameter	main	COMPUTED	yes	CS(m004)=0 exactly (to 1.8e-15); 9 chiral manifolds (m015,m006,m007,m009,m010,m011,5_2,6_1,6_2) all CS!=0; 5 amphichiral manifolds (m004,4_1,m003,6_3,8_9) all land on {0, pi^2/2}	results.json cell1_2_panel array, cell3_lemma block	Full per-manifold CS values with symmetry_group and amphichiral flags are committed in results.json; presumably computed via SnapPy (not shown, order_parameter.py not read in full) but the panel data itself, including the positive control, is transparently laid out with exact numeric values to check.
B849_order_parameter	main	COMPUTED	yes	Complex conjugation does not fix K=Q(sqrt-3) (sends sqrt-3 to -sqrt-3), has order 2, lies in Gal(K/Q) not Gal(K^ab/K)	results.json cell4_level block	Elementary and directly checkable field-theory fact, stated with its own boolean flags in the committed JSON (conjugation_in_Gal_K_over_Q=true, conjugation_in_Gal_Kab_over_K=false).
B849_order_parameter	main	IMPORTED	no	Gal(K^ab/K) is the acting group on extremal KMS states of the BC/CMR-type system (the premise Cell 4's LEVEL MISMATCH verdict rests on)	results.json cell4_level.citation_status; FINDINGS.md sec 4	Explicitly and repeatedly flagged in the arc itself as 'DECLARED CITATION, NOT VERIFIED HERE' -- this seat did the right thing by not disguising a citation as a computation; later confirmed by B851's literature check, but even B851 leaves open whether the programme's own beta=1 system IS actually BC/CMR-type for Q(sqrt-3), which remains an unresolved in-repo assumption.
B850_length_spectrum_type	main	COMPUTED	yes	m004, m003, m015 all verdict DENSE (length-spectrum ratios have >=1 irrational ratio by PSLQ, coefficient bound 1e6); systole positive control passes (1.08707014499574 vs known 1.087070144995)	results.json cell1, cell2_m004, cell3_controls	Committed results.json shows exact PSLQ test outputs per manifold, systole match to 11 significant figures, and the full 12-ratio breakdown (n_rational/n_irrational) for each of 3 manifolds -- genuinely checkable given the same discrete-faithful-representation code.
B850_length_spectrum_type	main	COMPUTED	unknown	First published table said '0 rational' -- later found to be an artifact of a global mpmath precision setting (mp.mp.dps) being silently overwritten by another module; corrected via local workdps, verified identical at dps 15/25/40/60	FINDINGS.md:37-52	The bug-fix and multi-precision reproducibility check is narrated in FINDINGS.md but the actual before/after code diff is not shown or included in this packet's read set.
B850_length_spectrum_type	main	ASSERTED	no	Cell 4 (length-spectrum multiplicity) original result (m004 max=4 > m003=3 > m015=2, 'matching Vigneras') was ITSELF an artifact -- comparing distinct-traces-per-length (m004) against words-per-length (controls), inflating controls ~100x	FINDINGS.md:94-99	Bug and its effect narrated but not shown as code/diff; the committed results.json cell4_multiplicity block reflects only the FIXED comparison (m003/m015 controls), not the original buggy numbers, so the claimed original bug magnitude (602 vs 4) cannot be checked from files here.
B850_length_spectrum_type	main	COMPUTED	unknown	SECTION 4a (B858 correction, embedded in this FINDINGS.md): m009 (arithmetic, Q(sqrt-7), non-commensurable with m004) has max multiplicity 8, EXCEEDING m004's 4 -- so the original 'arithmetic > arithmetic > non-arithmetic' ordering does not survive	FINDINGS.md:103-130	This correction is narrated with a results table (m004=4, m003=3, m136=4, m009=8, m015=2) but the committed results.json in this packet was NOT updated to reflect it -- it still only contains the pre-correction cell4_multiplicity block with just m003/m015 as controls, not m009/m136. The corrected numbers exist only in prose.
B851_bc_litgate	main	IMPORTED	unknown	CMR paper (math/0501424) quotes: acting group is idele class group I_K/K*, free-and-transitive on extremal KMS states, isomorphic to Gal(K^ab/K); 'complex conjugation' occurs zero times in the paper	FINDINGS.md:26-46	This is a literature-citation verification (quoting a third-party paper with line references) rather than an in-repo computation; the paper itself is not committed to the repo (declared explicitly: 'the source text is quoted, not vendored'), so a stranger must fetch the external PDF/arxiv paper to verify the quotes themselves, though the quotes are given with specific line numbers for checking.
B851_bc_litgate	main	UNCLEAR	no	Whether the programme's own beta=1 system (B723) actually IS a BC/CMR-type system for Q(sqrt-3) -- named as the sole remaining load-bearing assumption, left open	FINDINGS.md:54-65, 93-98	Explicitly flagged as an unresolved in-repo question this arc does not attempt to answer; carried forward as an open item.
B852_parabolic_pressure	main	COMPUTED	yes	Doubling-map transfer-operator pressure matches the exact closed form (1-s)log2 to worst error 1.3e-15 across s=0.2..2.0 (positive control)	pressure.py: DOUBLING branches, pressure(), main() print loop lines 105-116	Full committed, runnable script; the transfer-operator/Chebyshev-collocation method and the exact comparison are both directly in the file and reproducible by running it.
B852_parabolic_pressure	main	COMPUTED	yes	Farey map (parabolic) shows a pressure plateau P~0 for s>=1, converging under grid refinement (n=32,48,64); doubling and Gauss models show no plateau	pressure.py FAREY/gauss_branches definitions, has_plateau(); FINDINGS.md table sec 3	Method fully in the script (Farey/Gauss branch definitions, pressure() computation); FINDINGS.md quotes the specific numeric grid-convergence values (e.g. s=1.2: -1.4e-3 -> -6.2e-4 -> -3.3e-4) which appear consistent with re-running the committed code, though the exact printed grid-refinement numbers were narrated in FINDINGS.md rather than present in a committed output file.
B852_parabolic_pressure	main	COMPUTED	yes	Second differences of P for the hyperbolic (doubling) model are ~1e-9-1e-10 at s=0.6,0.9,1.0,1.1,1.4 -- i.e. P is analytic, no kink even where the parabolic model transitions	pressure.py second_difference(), main() print loop lines 117-123	Directly implemented and printed by the committed script.
B853_two_faces_ssb	main	COMPUTED	yes	Reduced forms of disc -48: both have b=0, CM points 2i*sqrt3 and 2i*sqrt3/3 are purely imaginary and fixed by complex conjugation (Fact 1)	relay_verify.py: reduced_forms(), cm_point(), conjugation_fixes(), main() FACT 1 block	Full sympy-based committed code for enumerating reduced binary quadratic forms and testing conjugation-fixedness; directly re-runnable.
B853_two_faces_ssb	main	COMPUTED	yes	Conductor of disc -48 over Q(sqrt-3) is 4; gcd(2,4)=2 so Frob_2 is NOT in the domain of the Artin map Cl(O_f)=Gal(H_O/K); smallest legitimate generator is Frob_7 (nontrivial class represents 7,19,31,43)	relay_verify.py: conductor(), primes_represented(), main() FACT 2 block	Directly computed via sympy/isprime in the committed script; a genuine, checkable correction of an inherited claim from another (external) source.
B853_two_faces_ssb	main	COMPUTED	yes	h(-48)=2 (conductor 4 order) vs h(-3)=1 (maximal order) -- class numbers differ, so the symmetry is object-specific (Fact 3)	relay_verify.py: class_number(), main() FACT 3 block	Direct computation via the same reduced_forms()/class_number() functions shown in the script.
B853_two_faces_ssb	main	COMPUTED	yes	Order parameter m=sqrt5/3 is odd under Q(sqrt5) Galois conjugation but fixed under Q(sqrt-3) conjugation; B6 critical points phi/-1/phi swapped by Gal(sqrt5) and fixed by Gal(sqrt-3); critical values are exact Galois conjugates	relay_verify.py: two_faces() function (partially shown, lines 182-211)	Committed sympy code (gal5/gal3 conjugation functions, simplify-based equality checks) directly implements and outputs these boolean flags; genuinely checkable.
B853_two_faces_ssb	main	IMPORTED	no	B6's potential V(tau)=kappa(tau^3/3-tau^2/2-tau) is 'derived, not fitted'; two vacua phi,-1/phi are exact Galois conjugates with V(phi)=-1.515kappa<V(0)=0 and a barrier V(-1/phi)=+0.348kappa	FINDINGS.md:62-67	Cited from a separate arc (B6), not re-derived here; this arc verifies consistency of its Galois-conjugacy properties but does not re-derive the potential itself from first principles within this file.
B854_centralizer_exact	main	COMPUTED	yes	Cent_e6(2T) = u(1)^4 (all six brackets of the four 2T-invariants vanish)	e6_centralizer.py lines ~285-313; results.json all_brackets_vanish=true	Exact-Q Chevalley E6 built and Jacobi-verified in-script (4000 random triples), invariants built by explicit averaging over 2T, brackets computed and printed/dumped to results.json.
B854_centralizer_exact	main	ASSERTED	yes	K_C_rank = 0 (Killing form of C is degenerate/zero)	e6_centralizer.py line 304 (hardcoded in the json dump, not from an independent rank call)	Follows trivially and correctly from all_brackets_vanish=true (an abelian algebra has zero Killing form), but the script literally writes K_C_rank=0 as a constant rather than computing Kre for C's own adjoint action; low risk since it is a logical corollary of the computed brackets, not an independent claim.
B855_wrong_null_audit	main	COMPUTED	yes	covol PSL(2,O_-3), covol PSL(2,O_-1) via Humbert's formula and L-function evaluation	wrong_null.py lines 21-32 (L_chi, covolume functions), results.json covolumes	mpmath-based numeric evaluation of the Dedekind zeta L-function to 30 digits; formula and code both committed.
B855_wrong_null_audit	main	COMPUTED	yes	index(m) = vol(m)/covolume(field) is exactly 12 for m004,m003,m136,m129,m135 and 24 for m206	wrong_null.py lines 53-63; results.json panel[]	SnapPy-computed volumes divided by the covolume, tolerance 1e-12; numeric (float/mpmath) not exact rational, but that is appropriate since the target ratio is transcendental.
B855_wrong_null_audit	main	COMPUTED	yes	m003 is amphichiral; m009/m015 are not	wrong_null.py lines 65-70	Direct call to SnapPy's symmetry_group().is_amphicheiral().
B855_wrong_null_audit	main	IMPORTED	unknown	No knot complement is commensurable with 4_1 (Reid's theorem)	FINDINGS.md section 1; wrong_null.py lines 82-85	Cited as a known theorem (Reid 1991), not reproved here; correctly used as a premise to indict B438/B440/B443's claim.
B856_hearing_family_law	main	COMPUTED	yes	h(m) values, |h|^2 in {1/(phi sqrt5), phi/sqrt5, 1}, period-5 vs matrix-period-15	hearing_family.py lines 90-145; results.json rows[]	Numeric (numpy/cmath float, tolerances 1e-9/1e-12) computation on the SU(3)_2 modular data (imported from B238's su32_wrt.py); not exact rational/symbolic, though the golden-ratio target values are checked against closed-form expressions to 1e-12.
B856_hearing_family_law	main	COMPUTED	yes	h(5) = -1 exactly; golden pair sums to 1	results.json, hearing_family.py lines 110-116	Same numeric pipeline as above, floats to 1e-12 tolerance, not symbolic exactness despite the word 'exactly' in FINDINGS.
B856_hearing_family_law	main	IMPORTED	unknown (B641 not in this packet)	The observer-invariance (Re h constant across listener directions) and the five-tone census are B641's, not this arc's	FINDINGS.md section 0, C1	Self-correction citing an external banked arc; not independently re-verified here.
B857_voice_splitting	main	COMPUTED	yes	Splitting type (ram/split/inert) of primes 2,3,5,7,...,23 in Q(sqrt-3), Q(i), Q(sqrt5); a_K(p) counts	voice_splitting.py lines 28-49	Elementary exact number theory using sympy.jacobi_symbol; deterministic, no floats.
B857_voice_splitting	main	COMPUTED	yes	3 is inert in Q(sqrt5) (mutual blindness)	voice_splitting.py line 56	Same jacobi_symbol-based splitting() function.
B859_sm_handoff_scrutiny	main	COMPUTED	yes	h^v(D4) = 6, not the handoff's 7; c(SO(8)_1 x U(1)) = 5 = c(SO(10)_1) so SO(8)xU(1) IS conformal	cascade_gate.py lines 38-50	Exact Fraction arithmetic (dim = rank*(h+1) identity) plus an independent free-fermion cross-check c=N/2 for SO(N)_1.
B859_sm_handoff_scrutiny	main	ASSERTED	unknown	-1 in W(D4) (all reps of SO(8) real, no chiral matter) and Borel-de Siebenthal gives no A4 inside D4	cascade_gate.py lines 29-31; FINDINGS.md section 3	minus1_in_W() is a hardcoded lookup table of standard Lie-theory facts (by family/rank), not derived from an explicit Weyl-group computation in this script; correct as stated but not independently re-derived from root data here.
B859_sm_handoff_scrutiny	main	IMPORTED	unknown	OP = 818626500*sqrt3 at tau=2i*sqrt3, odd under Cl(O_4)=Z/2 swap	FINDINGS.md section 1	Verification is described as recomputation of an incoming handoff's j-function/CM-point identities to stated precision (5e-32, 2e-28), but the actual verifying script/witness for this specific numeric claim is not among this arc's committed files (only cascade_gate.py, which covers the h-dual gate repair, is present).
B860_step3_bit	main	COMPUTED	yes	Borel-de Siebenthal two-node removals on the extended A4 5-cycle give exactly patterns [(3,),(2,1)]	step3_bit.py lines 30-48	Direct combinatorial enumeration over all 5-choose-2 node-pair removals on the cycle.
B860_step3_bit	main	COMPUTED	yes	theta-splits (even/odd dims) for SU(5), SU(4)xU(1), SM, SU(3)xU(1)^2, via explicit numeric matrices	step3_bit.py lines 52-97, 130-136	numpy QR/lstsq/eigvals numerical linear algebra with tolerances 1e-8 to 1e-10; not exact rational but robust for these small integer-eigenvalue cases.
B860_step3_bit	main	COMPUTED	yes	The equivariant intertwiner J on Lambda^2(4) exists (SU(4) side) with equivariance deviation 4.6e-16, det=1; the SM side has a Schur-obstruction multiset mismatch	step3_bit.py lines 173-227 (addendum)	Explicit construction and numerical equivariance check over 20 random complex matrices; the Schur side is a hand-verified multiset comparison, not machine-checked exhaustively.
B860_step3_bit	main	ASSERTED	n/a	the registerability premise ('the selected option must be registerable by a measurement of the object')	FINDINGS.md section 4	Arc itself explicitly labels this a named, unproven premise -- 'not yet a theorem' -- carried forward as an open item; this is the single load-bearing assumption the whole step-3 selection rests on.
B861_fused_cascade	main	ASSERTED	unknown	Branching content (multisets of su(n)/so(n) irreps under each candidate subgroup at each cascade step)	fused_cascade.py lines 41-58 (STEPS table)	The representation-theoretic branching data (e.g. 27 of E6 under SO(10)xU(1) -> {16,10,1}; 16 under Pati-Salam -> {(4,2,1),(4bar,1,2)}) is hardcoded as literal Python tuples from standard Lie-theory tables, not derived from an explicit root-system/branching computation in this script. Standard textbook facts, but ASSERTED here rather than COMPUTED.
B861_fused_cascade	main	COMPUTED	yes	chiral() multiset-vs-conjugate comparison and the resulting unique winner at each step	fused_cascade.py lines 30-34, 60-82	Given the (asserted) branching tables, the chirality test itself and the max-dim winner selection are exact, deterministic Counter comparisons, fully reproducible from the committed script.
B862_global_form	main	COMPUTED	yes	kernel of SU(3)xSU(2)xU(1) -> S(U(3)xU(2)) is exactly Z6 (all six sixth-root indices)	global_form.py lines 24-49	Direct numeric search over a=2*pi*k/12 checking det=1 conditions; small, exact-integer-valued result despite float implementation.
B862_global_form	main	IMPORTED	unknown	Gamma in {1,Z2,Z3,Z6} are all consistent with local SM physics	FINDINGS.md line 10; global_form.py docstring	Cited to Tong arXiv:1705.01853, not re-derived here.
B863_termination	main	COMPUTED	yes	Every proper descent of the SM generation (su(2)->u(1); su(3)->su(2)xu(1) regular; su(2)_4 in su(3)_1 principal-conformal; full abelianization) is vector-like/non-chiral, while the SM itself is chiral	termination.py lines 39-64	Exact Counter-based multiset chirality test (same pattern as B860/B861/B865) on hand-entered branching data for the specific descent multisets.
B863_termination	main	COMPUTED	yes	su(2)_4 in su(3)_1 is the genuine conformal embedding (c=2=c) with the 3 branching to the real triplet	termination.py lines 52-53	Central-charge Fraction arithmetic (c=3n/(n+h) formula); the branching pattern itself (3 -> triplet) is asserted/entered as data.
B864_anomaly_ledger	main	COMPUTED	yes	Tr psi=0, Tr psi^3=0, [SO(10)]^2 psi=0 over the full 27; same for chi over the full 16	anomaly_ledger.py lines 36-44	Exact integer/Fraction arithmetic on a hardcoded generation-multiplet table (GEN list, lines 29-33) with explicit (dim, Y, chi, psi, T_SU3, T_SU2) quantum numbers per multiplet.
B864_anomaly_ledger	main	COMPUTED	yes	psi over the 16 (Tr=16,Tr^3=16,[SO(10)]^2=2) and chi over 10+5bar (Tr=5,Tr^3=125) are nonzero -- anomalous	anomaly_ledger.py lines 47-51	Same exact arithmetic, different (truncated) multiplet set.
B864_anomaly_ledger	main	COMPUTED	yes	b=c=0 forced by the three linear anomaly conditions (grav, [SU3]^2, [SU2]^2)	anomaly_ledger.py lines 54-68	sympy.solve on exact symbolic linear equations built from the same GEN table; fully exact, no floats.
B864_anomaly_ledger	main	ASSERTED	yes	The GEN table itself (quantum numbers Y, chi, psi, T_SU3, T_SU2 per SM multiplet)	anomaly_ledger.py lines 29-33	Standard SM/GUT quantum numbers entered as literal data; correct and checkable by hand, but not independently derived from a root-system computation within this script (consistent with the standard SM hypercharge assignments, matching sm_hypercharge_free() check which passes).
B865_padding_lemma	main	COMPUTED	yes	The padding lemma (M+S = conj(M)+S iff M=conj(M) for self-conjugate S)	padding.py lines 90-93	One-line algebraic proof stated in-code, then machine-verified on 2000 random multiset trials (lines 43-62); genuinely exact combinatorics, deterministic Counter arithmetic.
B865_padding_lemma	main	COMPUTED	yes	Full-27 rerun: verdicts unchanged at every step (SU(5)xU(1) chiral, Pati-Salam chiral, SM chiral, SU(4)xU(1) vector-like)	padding.py lines 65-99	Same exact Counter-based chirality test on explicitly listed full-27 branching multisets (hardcoded per-subgroup, as in B861).
B866_charge_cubic	main	COMPUTED	yes (via the independent support scripts)	The cubic 500716339200t^3 - 159667200t^2 - 28224t + 1, irreducible over Q with Galois group S3, matches the solo seat's mu up to rescaling	FINDINGS.md section 2 (this arc's own det-polynomial script is not itself in the packet's file list for this arc, only the support/verify scripts and results are)	Exact rational interpolation from 50 rational points, described in FINDINGS; the discriminant factorization (2^32*3^10*5^2*7^3*11*13^6, non-square) is stated as exact.
B866_charge_cubic	main	COMPUTED	unknown	TYPE check: derived algebra dim 45, center dim 1 at the enhancement root -> so(10)+u(1)	FINDINGS.md section 2a	Described as computed at a '55-digit root' with a '15-order spectral gap' -- i.e. a high-precision NUMERIC (not exact rational) root refinement, not committed as a separate witness script in this arc's file list.
B866_charge_cubic	main	COMPUTED	yes	Non-principal 2T embeddings in E6 give NON-ABELIAN centralizers for most orbits (e.g. dim Cent=4, dim[C,C]=3 for labels 121011 and 001010; dim Cent=35,16,14,11,etc for others)	support_2T_third_route/results.json orbits[]; verify_out.txt line 2-3; nonprincipal_2T.py	Exact-Q enumeration of all 729 candidate weighted Dynkin diagrams, certified sl2-triples, and exact bracket/rank computation of the centralizer's derived subalgebra for each orbit; this is genuinely rigorous exact-Q code.
B867_sakharov_gate	main	COMPUTED	yes	S1: su(5)-coset dim 24-12=12 = dim[(3,2)+(3bar,2)]=12 (X,Y boson content)	sakharov_gate.py lines 31-37	Trivial exact integer arithmetic on hardcoded dimensions.
B867_sakharov_gate	main	COMPUTED	yes	S2: physical KM phase count (N-1)(N-2)/2 for N=1..5; first N with a phase is 3	sakharov_gate.py lines 40-46	Exact integer formula, standard particle-physics counting (CKM/PMNS phase counting), reproducible.
B867_sakharov_gate	main	COMPUTED	yes	S3: V(phi)/kappa = -(7+5sqrt5)/12 < 0, barrier (5sqrt5-7)/12 > 0, exact Galois conjugates	sakharov_gate.py lines 49-62	Exact sympy symbolic evaluation of a stated cubic potential at phi and -1/phi; fully exact.
B867_sakharov_gate	main	IMPORTED	unknown	The transition 'consumes itself' (Dehn filling destroys the cusp, no re-equilibration channel)	sakharov_gate.py line 61	Cited to B737-P2/B852, not re-derived here.
B868_three_involutions	main	COMPUTED	yes	-w0 label maps: A4 reverses Dynkin labels (5<->5bar,10<->10bar); D5 swaps spinor nodes (16<->16bar)	three_involutions.py lines 32-42	Direct tuple manipulation matching stated Weyl-group facts for these specific small cases.
B868_three_involutions	main	COMPUTED	yes	Fixed core of Ad(diag(1,...,1,-1)) on so(10) is so(9), dim 36 of 45	three_involutions.py lines 44-49	Direct combinatorial count of basis elements E_ij-E_ji fixed under the reflection; exact.
B868_three_involutions	main	COMPUTED	yes	No complex conjugation of scalars appears anywhere in the cascade's code (B861/B863/B865)	three_involutions.py lines 69-75	A literal text-scan (grep-equivalent) for the strings 'conjugate(' and '.conj()' in the three named source files; a legitimate but shallow absence check -- it proves those exact tokens are absent, not that no antilinear operation is implicitly present under a different name.
B869_false_positive_control	main	COMPUTED	yes (partially reviewed, sample only)	21 of 31 rank<=8 simple algebras die at step 0 (chiral_capable=false), matching -1 in W (A1, all B, all C, D-even, G2, F4, E7, E8)	results.json cell1.rows[]; false_positive_control.py	Sampled the first ~120 lines of the engine and the first ~60 lines of results.json; the eligibility census logic (chiral_capable per algebra) is present and consistent with the claimed 21/31 split, but the full endpoint-census code (branching/descent logic for D-type entries, the Sym^2 negative control) was not fully read in this pass (SAMPLE_CODE mode per the packet).
B869_false_positive_control	main	COMPUTED	unknown (not fully verified in this sampled pass)	so(14) keeps an extra su(2) (endpoint SM x su(2)); su(6) Sym^2 family lands on su(3)+3u(1)	FINDINGS.md section 3	Described in FINDINGS as computed by the same generic engine; the D-type/Sym^2-specific branching code was not inspected beyond the first 120 lines in this pass.
B869_false_positive_control	main	COMPUTED	yes	A canonicalization bug (Lambda^n(n)=Lambda^0(n) distinct labels) was caught by the E6 run itself and fixed	false_positive_control.py lines 46-56; FINDINGS.md section 1	The canon() function directly visible in the sampled code, addressing exactly the described bug.
B870_lift_obstruction	main	COMPUTED	yes	H^2(pi_1(m004);A)=0 for every A (gcd(e_a,e_b)=1)	lift_obstruction.py:55-98, results.json	SnapPy presentation exponent sums computed in committed script, gcd taken directly, cross-checked against SnapPy homology in the same run; results.json is the committed witness
B870_lift_obstruction	main	COMPUTED	yes	m003 relator not a proper power / m004 relator not a proper power	lift_obstruction.py:45-52	direct period-check function, exact string computation
B870_lift_obstruction	main	ASSERTED	unknown	Lyndon asphericity applies to these presentations (so H^2 = cellular cohomology)	FINDINGS.md sec 1	cited theorem (Lyndon) applied but not independently verified in code beyond the not-proper-power certificate it depends on; the underlying general theorem is standard math, not re-derived
B871_registering_datum	main	COMPUTED	yes	keystone equivalence (register_exists == gate_chiral) holds on all 8 menu rows, both failures and all passes	registering_datum.py:139-168, results.json rows	evaluation() and even_odd_split() are exact-integer functions over Counters of the menu data imported directly from B861's fused_cascade.py; results.json records per-row booleans matching the claim
B871_registering_datum	main	COMPUTED	yes	J6=epsilon intertwines all 15 sl(4) generators (B860 reverification)	registering_datum.py:73-135	explicit exact-integer matrix construction and check function j6_intertwines(), returns True in results.json
B871_registering_datum	main	IMPORTED	no	identification stage-Theta = theta-class	FINDINGS.md sec 4	explicitly flagged by the arc itself as resting on banked grading from B599+B868, not recomputed here
B872_coset_leg	main	COMPUTED	yes	LEG A: 40 roots deleting E6 long-arm end node form D5; 32 complement roots carry charge exactly +-1 (16 each), each a single Weyl(D5) orbit through a fork-node fundamental weight	coset_leg.py:43-107, results.json leg_a	exact-integer Cartan-matrix root enumeration and orbit computation, self-contained, results.json ok=true
B872_coset_leg	main	COMPUTED	yes	LEG B: kernel 46, commutant dim 1 (absolute irreducibility), Killing form isotropy/rank at 3 Galois roots, 40+ digit precision, real spectrum +-q	coset_leg.py:109-316 (sampled), results.json leg_b	mpmath high-precision numerics with explicit residuals/gaps reported (1e-29 to 1e-37 vs 40-order spectral gaps); numeric not exact-field, arc itself flags this ('not exact field arithmetic')
B872_coset_leg	main	COMPUTED	yes	cubic_modp_check.py: fresh build's enhancement cubic = banked(t/13) mod 2^61-1	cubic_modp_check.py:22-157	modular arithmetic over a large prime, exact integer computation with explicit assert statements on mu==1/13 and degree-2/3 consistency
B873_p5_gate	main	COMPUTED	yes	all 19 dim>=winner c-match impostors disposed by computed kills; no UNKILLED rows, no surviving winner-dim ties	p5_menu_gate.py (Fraction-based scan, sampled), results.json impostors	exact Fraction arithmetic for central charges and levels; results.json lists every row's disposal reason and dim explicitly, matching the FINDINGS table
B873_p5_gate	main	COMPUTED	yes	A1-level cap theorem: embedded sl2 conformal level <= principal sl2 index = rank*h*(h+1)/6 (156/60/20)	results.json a1_cap_justification; FINDINGS.md sec 2 item 3	closed-form arithmetic bound recorded in results.json for E6/D5/A4
B873_p5_gate	main	COMPUTED	yes	SU(3)_9 addendum: unique self-conjugate solution (2,2) of su(3) for the 27-branching	results.json su3_9; FINDINGS.md addendum	exhaustive enumeration over A2 irrep multisets with dim/index constraints, result recorded as unique
B873_p5_gate	main	IMPORTED	no	existence of the sub-winner special (S-)candidates (F4, SO(9), etc.)	FINDINGS.md sec 4; residual_citations in results.json	arc explicitly states these still rest on Dynkin 1952 / de Graaf 2011 / Slansky tables, 'unneeded for uniqueness' but not independently re-derived here
B874_measurement_ladder	main	COMPUTED	yes	coordinate census: Cent=30 for the 3 subtori in the (8,16)-plane, Cent=12 for all 12 others touching x14/x22	measurement_ladder.py:49-57, results.json census	exact sympy Rational rank computation over Q on the B854 build, all 15 subsets of {x8,x14,x16,x22} enumerated exhaustively
B874_measurement_ladder	main	COMPUTED	yes	Cent(C) = derived 8 + center 4; derived type A2, real form su(2,1) by Killing signature (4,4)	measurement_ladder.py:58-138, results.json	exact sympy nullspace/rank/eigenvalue-sign computation, bracket closure explicitly checked (closure_ok=true)
B874_measurement_ladder	main	COMPUTED	yes	joint measurement: adding x14 or x22 to the enhancement point collapses kernel 46->12 at all 3 roots; no 26 stratum over R	joint_probe.py, joint_results.json	mpmath 40-digit SVD nullity computation at all 3 Galois roots, explicit numeric witness in joint_results.json
B874_measurement_ladder	main	IMPORTED	no	2026-08-05 amendment (B892's y* supplies a step-2 charge; within-C ladder includes {18,14}) and 2026-08-18 addendum (26 attained over K-bar at 4 non-real A4 points; real terminus not real)	FINDINGS.md AMENDMENT and ADDENDUM sections	both corrections are attributed to other arcs (B892, and an audit-seat relay bench-verified 'here' only for the Levi-dimension classification list, not for the full corrected claim) -- this arc's own committed script/results.json were not rerun to reflect either correction
B875_triality_tiling	main	COMPUTED	yes	kernels (46,46,46), pairwise intersections all 30, joint span 78, sector dims (16,16,16)	triality_tiling_verify.py:64-121, results.json	mpmath 30-digit SVD-based kernel/rank computation on the B854 build, fully self-contained; results.json matches claim exactly
B875_triality_tiling	main	COMPUTED	yes	core type mod two independent primes (40009, 40037): dim 30, derived 28, center 2 -> D4=so(8)	triality_tiling_verify.py:190-268, results.json core_type_mod_p	exact modular-arithmetic rank computation at two primes with matching results, a real cross-check
B875_triality_tiling	main	COMPUTED	yes	cyclic multiplication law [Vi,Vj]=Vk in oblique coordinates, foreign components <2e-23 vs claimed component ~1.0	triality_tiling_verify.py:122-189, results.json law	explicit numeric bracket computation and component decomposition against the oblique basis, with the trap (nearly-parallel sectors) diagnosed and worked around in the same script
B876_descent	main	COMPUTED	yes	u(5) Levi annihilator y with Cent(y)=25 inside so(10)_1; SM Levi annihilator y2 with joint Cent(y,y2)=13	descent.py (Levi construction, sampled around A4-chain search and centralizer asserts), results_stage1.json cent_y=25, cent_y2=13, cent_both=13	mpmath 30-digit numeric construction with explicit assert statements (len(h)==5, len(rootvecs)==40, wrank==32) and a committed results_stage1.json witness matching the claimed dimensions
B876_descent	main	COMPUTED	yes	grading of coset by (z1), (y), (y,y2): [16,16], [10,10,5,5,1,1], and the full 12-piece SM multiplet pattern	descent.py (grading section), results_stage1.json z1_clusters/y_multiplicities/joint_multiplicities	explicit multiplicity lists in results_stage1.json match the FINDINGS table exactly
B876_descent	main	COMPUTED	yes	transversality: SM-graded pieces' V2/V3 oblique components blow up together and nearly cancel, e.g. a dim-5 piece at V2_max=177.76 vs V3_max=177.89	results_stage1.json transversality array	explicit numeric table of v2_max/v2_min/v3_max/v3_min per graded piece, committed as the direct evidence for the negative-half conclusion
B877_fmt_review	main	COMPUTED	yes	pencil theorem det36=c*mu^12, det12=c*mu^4 exact over Q, reruns green	reproducers_rerun/levi6.py, rerun_output.txt lines 1-6	committed sympy DomainMatrix exact-polynomial-division script; rerun_output.txt shows the exact print confirming True for both blocks
B877_fmt_review	main	COMPUTED	yes	sum-freeness of the 16-element charge multisets at 3 Galois roots x 2-3 primes	reproducers_rerun/fmt_combined.py, fmt_phase2b.py; rerun_output.txt	committed modular-arithmetic scripts with explicit sum-free pair-checking, printed output matches the claim (all SUM-FREE: True)
B877_fmt_review	main	IMPORTED	no	clauses B (types), C (tiling span), and D's mod-p lower bound (dim>=16) via levi2.py/levi7.py/levi8.py/levi9.py/levi10.py	REVIEWED_DOCUMENT.md sec 3-6 (proof map + reproducer manifest)	these five named scripts (levi2, levi7, levi8, levi9, levi10) are cited in the reviewed document's own reproducer manifest as the certificates for these specific sub-claims, but none of them exist anywhere in the committed repository (verified by search); the reviewer's own independent legs (B866/B872/B874/B875) partially cover the same ground by different methods but do not substitute for rerunning the cited scripts themselves
B878_maass_upper_window	main	COMPUTED	yes	arithmetic closure: lower 17/27 + upper 26/45 = combined 43/72, matching B845's described-but-missing dataset exactly	verify_harvest.py, results.json claims_check	committed script reads the harvested branch_scanE_refined.json plus main's own B797 eigenvalues_final.json directly and recomputes the counts and stability flags; results.json's claims_check all read true
B878_maass_upper_window	main	IMPORTED	yes (for the solver code and data as committed) but the underlying arb certification runs are the branch seat's own, not rerun by this arc	the 26 upper-window Maass eigenvalues themselves (arb-certified to high precision)	branch_scanE_refined.json; branch_hejhal_m004.py / branch_cell9_rung1_v2.py (arb/flint high-precision Hejhal-Then solvers)	the arc explicitly states 'this seat verified the dataset's internal stability, cross-table consistency, and claim arithmetic -- not a re-run of the certification'; the arb-precision computation and its 3 Sec-16 review passes happened on the (never-merged) branch, and only their output JSON is harvested and cross-checked here
B878_maass_upper_window	main	COMPUTED	unknown	SM comparison tests (clean null: no SM value reachable from the 17-eigenvalue lower-window spectral set at 8-digit precision under base-rate control)	branch_FINDINGS.md 'THE LAST DOOR: SM COMPARISON' section	described with a pre-registered protocol and specific p-values/PSLQ results in branch_FINDINGS.md prose, but the actual test scripts (sm_comparison_tests.py) are not among this arc's committed files -- only the prose summary is inherited via branch_FINDINGS.md
B879_selection_cochain	main	COMPUTED	yes	745 primitive R/L necklace enumeration (per-length 1,2,3,6,9,18,30,56,99,186,335) and the tr=3<=>unit-det<=>prime-conductor collapse to {LR} alone	packet/w0a_criteria/w0a_criteria.py + w0a_table.json; independently re-derived in verify_harvest.py and again in w0b_fields.py	exact integer arithmetic, no floats, cross-checked by Moreau's necklace formula and by three independently-written scripts (w0a, w0b, the banking seat's own verify_harvest.py) that all agree
B879_selection_cochain	main	COMPUTED	yes	|tr_odd|^2 five-value family law (counts 188/153/249/147/8) over all 745 classes at SU(3)_2	packet/w2b_landscape/w2b_landscape.py + w2b_table.json (exact Q(zeta_15) cyclotomic arithmetic); spot-checked in verify_harvest.py (10 random rows, worst dev 1.998e-15) and against banked B238 su32_wrt.py	exact cyclotomic field arithmetic (Fraction-based), committed script and full 745-row table; but the packet's own reconciliation addendum is explicit that this is a corroboration of an existing B665/B666 law, not an independent proof, and that the pointwise (per-word mod-5 shadow class) formula was never checked -- correctly flagged in both FINDINGS.md and the test file
B879_selection_cochain	main	COMPUTED	yes	The quantum amalgam wall + even-solo no-go (C6): h1(D) primary [2,0,0,6], trivial-boundary [5,6,10,17] at kappa=4..7; MISMATCH vs classical 5	packet/w2a_amalgam/w2a_amalgam.py + w2a_results.json; rerun and cross-checked in verify_harvest.py	exact cyclotomic-field arithmetic (self-contained Q(zeta_N) implementation over Fraction, not sympy/floats on the verdict path); float64 cross-checks recorded separately and agree; the no-go lemma (ker(A-I)=ker(A^-1-I)) is elementary and verified by hand in one line by two independent parties
B879_selection_cochain	main	ASSERTED	unknown	The choice of the amalgam's boundary/annulus term (T-boundary vs trivial) and the Mayer-Vietoris connecting maps being assumed zero	packet/w2a_amalgam/FINDINGS_RAW.md sections 2-3	explicitly UNSURE-flagged by the authoring seat itself as a documented simplifying choice, not derived from a first-principles compatibility proof for the double-complex construction; the MISMATCH verdict holds under both variants so this does not change the C6 conclusion, but the model class itself (single-operator toy model discarding the full pi_1) is a modeling choice, not a proof that quantum cochains in general cannot reproduce 5
B880_triality_signature	main	COMPUTED	yes, in the sense that the script and its exact inputs (B854's e6_centralizer.py, a Fraction-based exact build) are committed and the script is self-contained and runnable	dim so(8)=derived(core)=28; three 16-dim sectors pairwise-inequivalent so(8)-modules (all 6 cross-Homs=0, certificates <=4e-27; all 3 self-Homs=4)	triality_signature.py (full script) + results.json	the E6/e8-type Cartan skeleton (INV[8], INV[16], the cubic root-finding polynomial) is built exactly via Fractions, but the eigenspace/kernel/Hom computations themselves are done in mpmath at 30 decimal digits with numeric SVD/eig calls and fixed tolerance thresholds (1e-14, 1e-18, 1e-22, 1e-26) -- so the verdict (Hom=0 vs Hom=4) rests on numerical certificates, not exact rational linear algebra, though the 'certify against all 28 generators' step is a real error-bound argument (candidate superset is exact from SVD nullspace, cert error <=4e-27 bounds the residual)
B881_coset_table	main	COMPUTED	yes (script self-contained, reads only banked B854 e6_centralizer.py)	28 nonzero, single-target commutation cells (charge conservation exact, no leakage at 30 digits) vs 50 zero cells (42 same-sign + 8 mismatch)	coset_table.py (full script, reuses B854 exact e6 basis then numeric mpmath grading/bracket evaluation) + results.json (table + zero_cells arrays)	committed script runs end to end from the banked exact Chevalley frame; however all grading, eigendecomposition, and bracket-projection steps are done in mpmath floating point with fixed thresholds (1e-8 to 1e-26), and the reported 'targets' ratios in results.json (e.g. 1.5, 1.35, 2.56, 0.911) are themselves uninterpreted floating-point norm ratios, not exact rational Clebsch-Gordan-type coefficients
B882_magic_square_naming	main	IMPORTED	unknown	e6 = tri(O)+tri(C)+3x(O⊗C) matches the classical M(O,C) magic-square decomposition verbatim in the literature (Landsberg-Manivel, Barton-Sudbery, Elduque)	priorart_findings.json (10-agent search+verify workflow, verbatim-quote discipline) + FINDINGS.md section 1	this is a literature-identification claim, not a repo computation; the committed priorart_findings.json records search-agent claims with quotes and source citations, but the underlying verify-agent process (10 agents, web search) is not itself a reproducible artifact a stranger can rerun from this repo alone -- it depends on external paywalled sources, some of which FINDINGS.md itself flags as NOT retrieved verbatim ('the Barton-Sudbery Section 4.3 bracket page were NOT retrieved verbatim (paywall/decompression) -- flagged UNCONFIRMED')
B883_the_27	main	COMPUTED	yes	e7 dim 133, 63 positive roots, Jacobi on 1500 random triples exact	build_27.py steps [1]-[2] (integer arithmetic only)	pure integer arithmetic, self-contained script, no floats in this step
B883_the_27	main	COMPUTED	yes	e6-inside-e7 == B854's frame verbatim (3000 random structure-constant pairs exact)	build_27.py step [3] (uses Fraction, compares against B854's br() output)	exact Fraction comparison against a committed dependency (B854/e6_centralizer.py); reads as a genuine independent check rather than an assumption, since the cocycle-restriction prediction was stated first and then verified
B883_the_27	main	COMPUTED	yes	rho([x,y]) = [rho(x), rho(y)] on all 6084 basis pairs, exact integers	build_27.py step [5]	pure integer matrix arithmetic (matmul over ints), full pairwise check with assert bad==0, no floating point in this verdict-path step
B883_the_27	main	COMPUTED	yes, though this validation step alone uses mpmath 30-dps numeric eigendecomposition (not exact), unlike steps [1]-[5]	validation eigenvalue multiplicities [1,10,16] at the enhancement point (rho(s1))	build_27.py step [6]	the representation itself (rep27.json, the instrument) is built and verified entirely in exact integers; only the final cross-check against the banked branching law uses numeric floating point (mpmath.eig with 1e-9 clustering), which is a reasonable place to accept numeric tolerance since it is a validation against an independently-banked (numeric) result, not the representation's own construction
B884_yukawa_support	main	COMPUTED	yes	the unique e6-invariant cubic on Sym^3(27): 45 weight-zero triples, nullspace dim 1, all coeffs +-1	yukawa_support.py steps [1]-[2]; sympy exact nullspace over Q	committed script reads rep27.json (external dependency on B883) and solves an exact linear system with sympy; deterministic, no randomness in this step
B884_yukawa_support	main	COMPUTED	yes	the 7.7-order gap classifying 11 coupled cells vs 275 zero cells	yukawa_support.py step [4]; results.json coupled/zero_triples	numeric (mpmath, 30-digit precision) but the script, random seed (31), and control values are all committed; gap sizes reported (charge_norm ~1e-21 to 1e-24 for zeros vs max_eval ~1e-12 to 1e-6 for coupled) are explicit in results.json
B884_yukawa_support	main	ASSERTED	unknown	the addendum's 11/286 charge-conserving-triple count	FINDINGS.md Addendum	no script or JSON file in this arc's directory computes/stores the 286-cell charge-conservation count; the addendum states the result in prose only, no witness file listed
B885_interbreaking	main	COMPUTED	yes	LAW 1 / LAW 2 coarse 3x3 tables (zeros at 1e-21 to 1e-26)	interbreaking.py; results.json coarse/coarse_dims	committed script pulls B883/B884/B854 dependencies and computes numerically (mpmath 30 digits); results.json stores the exact per-pair numeric tables matching FINDINGS.md's quoted ranges
B886_matter_pencil	main	COMPUTED	yes	rho(x8), rho(x16) commute exactly; bivariate charpoly factors as F1^1 * F2^8 over Q	matter_pencil.py line 57 assert comm == sp.zeros(27,27); results_stage1.json factor_structure	explicit sympy assert on exact commutator, plus stored exact polynomial factors in results_stage1.json
B886_matter_pencil	main	COMPUTED	yes	LAW 1 and LAW 2 as exact theorems, 6/6 ordered root pairs	stage2_laws.py; results_stage2.json law1/law2 (all true)	results_stage2.json stores per-pair boolean verdicts (equals_10: true x6, equals_singlet: false x6), matching the FINDINGS claim exactly
B886_matter_pencil	main	COMPUTED	yes	the mult-8 orbit's field isomorphic to K=Q[rho]/mu; mult-1 orbit's field NOT isomorphic to K	results_stage2.json fields_match_K: [false, true]	sympy field_isomorphism call is exact; boolean pair stored matches the FINDINGS claim
B887_gate_audit	main	COMPUTED	yes	gate_framing blindness to WORKING_RULES.md; gate_claims Proven-slice-only scan; two live-demonstrated exploits, reverted	audit_reports.json (sampled: head shows gate_knowledge_index, gate_id_collisions, gate_framing findings with concrete failure_demo text and file:line evidence)	audit_reports.json (97KB, sampled head/tail) records concrete injected-and-reverted test scenarios with file:line citations (scripts/gates/gates.py line numbers); FINDINGS.md states the tree was 'verified clean afterward'
B888_two_fields	main	COMPUTED	yes	all three cubics irreducible, all discs positive, all sharing squarefree part 77	results.json (generic_cubic, mu, vacuum_cubic disc_factorization and squarefree_part fields)	results.json stores the exact prime-power factorizations of all three discriminants; squarefree_part 77 for all three is directly checkable from the stored factorizations
B888_two_fields	main	ASSERTED	unknown	the exponent echo: measured pair (4,8), unmeasured pair (7,11), 7*11=77	results.json exponent_echo string; FINDINGS.md section 2	explicitly labeled by the arc itself as 'an observation, unweighted... no mechanism claimed' -- arithmetic coincidence (4+7+8+11=exponents, 7*11=77) not independently derived from a mechanism in this arc's own script
B889_canonical_dictionary	main	COMPUTED	yes	canonical block dims [1,1,1,8,8,8]; vacuum->frame bijection {0:2,1:0,2:1}	canonical_dictionary.py line 81 print check against expected dims	script computes joint eigenspaces of rho(x8), rho(x16) and prints/asserts-by-inspection the expected [1,1,1,8,8,8] shape; frame map computed and printed
B889_canonical_dictionary	main	COMPUTED	yes	26/72 zero cells per frame, identical across the three frames	results.json (line 172 in script prints zero-cell counts per frame)	script computes the 12x6 tables numerically and counts zero cells; consistent with FINDINGS.md's quoted 26/72
B890_foreign_pair	main	COMPUTED	yes	DISTINCT verdict in all three frames, max deviations 1.054e-2, 1.657e-4, 1.724e-3	foreign_pair.py lines 143-144 (verdict thresholds 1e-9/1e-6); results.json frames.0/1/2.max_dev	results.json stores full 12-entry profile_a/profile_b vectors per frame and the max_dev/verdict computed from them with fixed, pre-registered thresholds (1e-9 EQUAL, 1e-6 UNSTABLE band, else DISTINCT); numbers in results.json match FINDINGS.md quotes exactly
B891_matter_extension	main	COMPUTED	yes	DISTINCT verdict all three frames, max deviations 7.2e-3, 4.6e-3, 1.17e-1	matter_extension.py lines 131-132 (thresholds); results.json frames.0/1/2.max_dev	results.json stores full profile_a/profile_b 12-vectors per frame; numbers match FINDINGS.md exactly
B892_second_measurement	main	COMPUTED	yes	dim z(x1,y*) = 14, derived 11, centre 3 (i.e. su(3)+su(2)+u(1)^3, the A2+A1 Levi subalgebra of e6)	FINDINGS.md section 1; locked by tests/test_b892_smt.py per the correction banner	this arc explicitly verifies a computation from a different ('solo') seat's tower end-to-end on this build; the three integers (14, 11, 3) are locked in a committed test, and later arcs (B961) re-derive them from scratch independently, strengthening reproducibility
B892_second_measurement	main	COMPUTED	yes	the wall (second-measurement charge) is complex, not real, at the split-frame root	wall_search.py; wall_results.json	det14 evaluated numerically at 30 digits, sign positive => a^2<0 => a imaginary; a 120-point + golden-section real-line scan committed and stored in wall_results.json
B893_omega_vs_measurement	main	COMPUTED	yes	omega automorphism check on 2000 exact bracket pairs; transversality to C	omega_cell.py; results.json	explicit exact bracket-pair checks over Q(rho), committed script and results
B893_omega_vs_measurement	main	COMPUTED	yes	signature census 48-vs-0 (split) and 66-vs-0 (compact), small generic-complex counts (1,1,7)	signature_and_walls.py; signature_results.json	float census (mpmath eigenvalues) with tolerance classing; the arc itself flags the small generic-complex counts as float-borderline, honestly disclosed rather than hidden
B894_meditation_trio	main	COMPUTED	yes	support identity: smallblock(tau_ad) == supp(disc mu) = {2,3,5,7,11,13}	m4_bridge.py main(); m4_bridge.json support_identity: true	committed script uses hardcoded TAU values labeled '(banked B581 ... repo-official)' and DISC_MU '(B866)', both IMPORTED constants rather than recomputed in this script; the set-comparison itself is exact (sympy factorint) and reproducible from the committed numbers
B894_meditation_trio	main	COMPUTED	unknown	the addendum's corrected field discriminant disc K = 6237 = 3^4*7*11, monogenic model, 5 unramified	FINDINGS.md Addendum 2026-08-18	the addendum states the correction was 'verified on this bench by independent computation (sympy, exact; not the audit seat's script)' but no script file for this specific reduced-model computation appears among this arc's committed files (only m4_bridge.py, which implements the original M4 bridge, not the addendum's field-discriminant check) -- likely lives in a different arc/lock (test_c28_ramification.py) not included in this packet
B895_27_suite	main	COMPUTED	yes	exact color Casimir spectrum {0 x9, 4/9 x18}, tr(h^3)=0 on triplet space	results.json z6c_exact_color	results.json stores the exact eigenvalues as rational strings ('0', '4/9') with multiplicities and the all_solo_gates:true flag
B895_27_suite	main	COMPUTED	yes	belt639 projection: 17 fine allowed triples -> 11 coarse couplings at both seeds 7 and 11	belt_project.py; results.json belt639 block	results.json stores fine_allowed_seed7:17, fine_allowed_seed11:17, coarse_allowed_seed7:11, coarse_allowed_seed11:11, b884_confirmed:true, matching FINDINGS.md's quoted numbers exactly; script comment notes it needs an env var HANDOFF4_RUN pointing to a run dir from a 'solo seat' handoff to fully re-run from scratch
B896_s3_harmonics	main	COMPUTED	yes	trivial fraction 0.99963, standard fraction 3.72e-4, alignment via joint block-perm x Hungarian row-assignment solve	s3_harmonics.py; results.json alignment block (residuals 0.0, 0.0167, 0.00046 per frame)	results.json stores per-frame singlet_perm/octet_perm/row_map/residual and the trivial/standard fractions are computed deterministically from the aligned B889 tables (float, on banked artifacts, as the arc's own status line states)
B896_s3_harmonics	main	COMPUTED	unknown	sign isotypic absent from C^3 = trivial + standard; Z2 cocycle placed as the sign class in oriented pair data	FINDINGS.md Result 3	described as 'rep theory, exact' but the specific representation-theoretic argument (why C^3 has no sign component, and why oriented pair data carries it) is stated in FINDINGS.md prose without an obviously corresponding computed check in results.json; more a mathematical argument than a numeric result, so 'COMPUTED' is only partly apt
B897_27_under_g20	main	COMPUTED	yes	G20 rebuild + color centralizer split 8+3 + Casimir block table (27 = 9+9+9) at two primes q=40123, 40693	g20_decompose.py -> results.json	Full exact modular-arithmetic script committed with explicit prime values, and results.json shows both prime runs; a stranger with the B854 e6_centralizer.py, B12 tower pickle and rep27/color27 pickles (referenced via SCRATCH/HANDOFF4_RUN env vars, not committed in this dir) could rerun it, but those upstream pickle inputs are NOT committed in this arc's own directory -- reproducibility depends on external arc state.
B898_exact_census	main	COMPUTED	unknown	Exact charpoly factorization over Q + Sturm real-root counts for ad(x8),ad(x14),ad(x16),ad(x22)	exact_census.py -> results.json	Script is self-contained sympy exact arithmetic but depends on exec() of ../B854_centralizer_exact/e6_centralizer.py which is not in this arc's file set; the numeric factor polynomials are committed in results.json as an explicit witness.
B899_hierarchy_check	main	COMPUTED	yes	log-log slope/residual/order-match statistics on 3-point comparisons of B890/B891 deviation magnitudes vs mu's root nearest-spacing and |mu'|	m8_check.py -> results.json	Self-contained mpmath script reading only committed sibling arcs' results.json files; fully reproducible.
B900_frame_cocycle	main	COMPUTED	yes	Exact factorization of 4 label cubics over K = Q[rho]/mu (root-in-K certificates) + 35-digit numeric root-index matching giving the cocycle maps	cocycle.py -> results.json	Fully explicit sympy exact factorization plus mpmath 35-digit numeric matching, all inputs (the four cubics, mu) hardcoded in the script; reproducible standalone.
B900_frame_cocycle	main	COMPUTED	yes	The root-index maps (vac8, oct8, vac16, oct16) that determine the cocycle are numeric (35-digit) matches, not symbolic proofs of the permutation	cocycle.py lines 50-72	The index assignment relies on numeric proximity (assert abs(v-cub[j]) < 1e-20) rather than an exact algebraic identity between root labels; at 35 digits this is a very strong numeric certificate but is not literally exact arithmetic like the factorization step.
B901_c_stabilizers	main	COMPUTED	yes	dim n(C) = 12 = dim z(C), computed as an exact rational nullspace	c_stabilizers.py -> normalizer.json	Script builds nullspaces exactly over Q via sympy, output matches normalizer.json; depends on exec() of the not-included B854 e6_centralizer.py file.
B901_c_stabilizers	main	COMPUTED	yes	same-spectrum / evenness flags for x8 vs x16 factor sets	c_stabilizers.py -> spectral_obstructions.json	Reads B898's committed results.json exact factors directly; deterministic string comparison.
B902_knus_paques	main	COMPUTED	yes	Two exact symbolic cube certificates: alpha_mu*alpha_vac = gamma1^3, alpha_generic*alpha_vac = gamma2^3	difference_class.py -> results.json cube_proofs blocks	results.json records explicit gamma values (73008/7, 30901351219200/13) and the script performs an exact symbolic fmul cube check against the beta value; fully self-contained modulo reading B888's committed pencil_factors.json.
B902_knus_paques	main	ASSERTED	unknown	alpha_mu/alpha_generic being a cube (the 'same field' control)	results.json mu__generic block, cube_proofs empty	The local scan shows twist (0,0) survives 32 clean embedding tests for mu__generic ratio, but cube_proofs is EMPTY (cube_reconstruct found no rational cube root) -- unlike the vacuum pairings, this specific relation is NOT symbolically certified, only locally-scanned (probabilistic, not exact) evidence.
B903_sign_law	main	COMPUTED	unknown	Anti-palindromy, exact division (t-1), and Sturm-exact positive-real-pair counts p_m for m in {1,4,5,7,8,11}	sign_mechanism.py -> results.json	Exact sympy computation reading B581's committed six_torsions_results.json (not in this arc's file list, but referenced by relative path); the six-block table itself is committed in results.json as witness.
B904_barton_sudbery	main	COMPUTED	yes	tri(O) constructed as an exact nullspace, dim 28 = dim so(N)	stage1_construct.py -> stage1_dims.json	Self-contained exact sympy nullspace solve, no external dependencies; stage1_dims.json (28,28) matches.
B904_barton_sudbery	main	COMPUTED	yes	Cross-product and dual conventions DERIVED by exhaustive equivariance search over 8 candidate bilinear forms per slot (multiplicity-one)	stage2b_derive.py -> stage2b_products.json	Exact fraction arithmetic over all 28 triality triples x 64 basis pairs, deterministic; stage2b_products.json shows exactly one survivor per slot as claimed.
B904_barton_sudbery	main	FITTED then COMPUTED	yes	The nine normalization scalars fitted to mu=-24, nu=-12, lam=1 with FULL JACOBI 76076 triples, 0 failures	stage2c_final.py -> stage2c_results.json	stage2c_results.json shows jacobi_failures: 0 with the exact scalar solution recorded; the fit (round-based sp.solve on a growing probe set) is itself deterministic and the resulting tensor is fully verified independently of the fit method by the exhaustive final Jacobi check.
B904_barton_sudbery	main	COMPUTED	yes	The build's Cartan matrix matches E6's exactly under a specific permutation, and phi is verified an isomorphism on all 3003 basis pairs, det phi = -2/3	stage4b_iso.py -> stage4b_cartan.json; stage4c_phi.py -> stage4c_results.json	Exact rational arithmetic throughout (sympy Matrix over Q), full pairwise verification loop with an explicit bad-mismatch counter that reports 0; independently reproduced by a later cold-audit review directly from the committed stage2c_tensor.pkl.
B905_kim_litgate	main	IMPORTED	no	Three literature-priority verdicts (Q1 clean negative, Q2 exact anchor, Q3 nothing published) established by a 99-agent literature-search-and-adversarial-verify panel over primary arXiv sources	panel_report.txt (176KB, sampled head/tail; not fully read)	This is not a computation with a deterministic witness -- it is an AI-agent-driven literature search and full-text-grep process whose only committed artifact is the panel's own log/summary (panel_report.txt), not the primary sources themselves or a script that reruns the search; a stranger cannot deterministically reproduce 'zero occurrences' claims from this repo alone, only trust the panel's self-report of what it found.
B906_flavor_verification	main	COMPUTED	no	Rerun of the solo seat's entire flavor-verification suite (unified law, texture, 15 atoms, K3,3 grid, I=-1 at two primes) on this build	results.json (summary only)	FINDINGS.md explicitly states: 'the suite's outputs live in the session scratchpad per relay discipline (scripts are the solo seat's, not re-banked)' -- the packet's file list for this arc contains only FINDINGS.md, arc_verdict.json, and results.json (a JSON summary of verdicts); NO reproduction script (.py) is committed anywhere in this arc's own directory. A stranger auditing this arc's committed files alone cannot rerun anything -- they can only read the summary numbers.
B907_real_form_selector	main	COMPUTED	yes	128-representative sweep (64 inner + 64 outer/tau-composite involutions) of the built e6, finding exactly 2 C-compatible wall-real involutions, both naming e6(2) via fixed-dim-38 composite with the Chevalley involution	real_form_selector.py / selector_complete.py / selector_verdict.py -> verdict.json, sweep_results.json, results_complete.json	Fully committed exact sympy scripts, self-contained modulo the exec'd (not included) B854 frame file; verdict.json and sweep_results.json directly show the two wall-real representatives with pattern (-1,1,-1,1) and composite fixed dim 38.
B907_real_form_selector	main	COMPUTED	yes	Sign-locking theorem C1 (eps8*eps16=+1, eps14*eps22=+1 for EVERY C-stabilizing automorphism) via two exact rational trace-moment certificates, degree 6, independently re-verified via a fresh sympy DomainMatrix code path and fresh primes (101,2003,9973)	completeness.py -> completeness_results.json; completeness_verify.py -> completeness_verify_results.json	Both the original and the independent re-verification scripts are committed in full; completeness_verify_results.json shows ALL_CHECKS_PASSED: true and explicit numeric agreement of the two trace certificates across two independent code paths and three fresh primes.
