date	log	title	arcs	status_words	retractions	owner_elections_verbatim	numbers_claimed
2026-07-14	PROGRESS_LOG.md	"B568: the anatomy census + Batch AQ (owner: ""limbs, eyes?"")"	B568	PREREGISTERED		"Owner asked the assistant to add its own questions ""so we can listen to it together."" (per next entry, same session)"	17280 -> 2 (B535 self/non-self)
2026-07-14	PROGRESS_LOG.md	B568 Batch CQ: the listener's five questions (owner invitation)	B568	PREREGISTERED		"The owner asked the assistant to add its own questions ""so we can listen to it together."""	
2026-07-14	PROGRESS_LOG.md	B568 preregistered: the object's own questions (+ a seed jewel found at prereg)	B568	PREREGISTERED | VERIFIED | LOCKED		"Owner: ""what own questions give rewards again — and does the object create our universe?"""	first-core lengths (3,9,3,16,14,14,16,3,9,3) | four size-species {3,9,14,16} multiplicities 4,2,2,2
2026-07-14	PROGRESS_LOG.md	the Hamiltonian handoff (seat-1): core REFUTED by an order argument (B567)	B567	REFUTED	"{""what"": ""seat-1's H=-i log rho(A1) Hamiltonian and all downstream claims (massless mode, 87.7%, 0.553, SO(8)/h3(O))"", ""of_which_arc"": ""B567 (seat-1 handoff)""}"		ord(A1 in SL(2,Z/15)) = 20 | 87.7% | coupling ratio 0.553 | 28/27 at level 165
2026-07-14	PROGRESS_LOG.md	B566: the five self-interactions COMPUTED (11 agents, all held)	B566	COMPUTED | HELD | CORRECTED	"{""what"": ""S3's flagship entanglement value framed as typical"", ""of_which_arc"": ""B566 S3 (self-correction within the same entry)""}"		det(I-M4) = -11 = N(phi^5-1) | 121 = Res(Delta,Phi_5) = L_5^2, L_5=11 | S(5:3)=0.321663311889 | lambda+- = 1/2 ± sqrt(109)/26, product 15/169 | T_n ratio -> 2/3 | SL(2,Z/15)^ab = Z/3
2026-07-14	PROGRESS_LOG.md	the self-interaction gap register (owner question: what's unmeasured?)	B534	OPEN | HYPOTHESIS			
2026-07-14	PROGRESS_LOG.md	the three papers DRAFTED + finalized (PC23/PC24/PC25 banked)	PC23 | PC24 | PC25 | B565	DRAFTED | VERIFIED			
2026-07-14	PROGRESS_LOG.md	the two-descriptions split verified (owner insight; B565 addendum)	B565	VERIFIED		Owner: the program has TWO descriptions — classical (character variety, E6(C), non-compact: the ALGEBRA) and quantum (Weil rep on C^15, unitary: the MEASUREMENT).	|SL(2,Z/15)| = 2880 | C^15 = C^3 (x) C^5
2026-07-14	PROGRESS_LOG.md	B565 GAUGE-BEHAVIOR CAMPAIGN COMPLETE: 18 cells + the 123-kill exhumation	B565	COMPLETE | REFUTED | CORRECTED	"{""what"": ""S014's epitaph '~60% null'"", ""of_which_arc"": ""earlier banked negative S014""}"		chiral index ~1e-14 exact 0 | |Aut(octavians)| = G2(2) = 12096 = 2^6*3^3*7 | S014 actual null rate ~10.6% vs claimed ~60%
2026-07-13	PROGRESS_LOG.md	literature sweep 2 (sharpened image): 3 verdicts, 2 locked facts, 10 targets	PC23	VERIFIED | LOCKED			lk2(11,809)=1
2026-07-13	PROGRESS_LOG.md	H2 slotted (chat-2 gauge arc, verified on receipt) + Batch E (false-kill exhumation)	B565	VERIFIED		Batch E added (owner-directed): the FALSE-KILL EXHUMATION	
2026-07-13	PROGRESS_LOG.md	H1 slotted: the TDV/Krasnov/Boyle literature bridge (verified on receipt)	B565	VERIFIED			
2026-07-13	PROGRESS_LOG.md	the Gauge-Behavior Campaign preregistered (B565)	B565	PREREGISTERED			
2026-07-13	PROGRESS_LOG.md	gauge/SM literature map: what behavior to look for in the object	B565	SURVEY			
2026-07-13	PROGRESS_LOG.md	the cusp-boundary-condition reframe, examined (B561 addendum)	B561 | B357 | B463	REFUTED			
2026-07-13	PROGRESS_LOG.md	the Klein-four -> SO(9) route closes (probation P22, B561 addendum)	B561 | B347	TOMBSTONE			
2026-07-13	PROGRESS_LOG.md	the Probation Campaign RAN (B562): 21 verdicts, adversarially verified	B562 | B564 | B141 | B142	LIVE | TOMBSTONE | SPECIALIST | DORMANT | NEEDS-RERUN			
2026-07-13	PROGRESS_LOG.md	Campaign 2c: the Planck-ratio bin retry NULLS (chat-2 handoff, verified, B563)	B563	NULL | VERIFIED			|ln ratio| = 0.6825 | p ~ 0.53 (mean 0.79) | plastic-seed 0.46
2026-07-13	PROGRESS_LOG.md	the Probation Campaign of all open leads crafted (B562)	B562	PREREGISTERED			
2026-07-13	PROGRESS_LOG.md	the L50 CRUX computed (B561): no Eisenstein Z/3 selects SU(3)^2 in F4	B561 | B353 | B463 | B257	REFUTED			F4 exponents {1,5,7,11} = Klein four Z/2xZ/2
2026-07-13	PROGRESS_LOG.md	chat-3 frontier campaign (cells 1-4) verified + integrated (B560)	B560 | B552 | B540 | B535 | B546	VERIFIED | INTEGRATED			first-core map {1:3,2:9,3:3,4:16,5:14,6:14,7:16,8:3,9:9,10:3} | 253 points (247 irred + 6 red), 246 Krawczyk boxes | f_a=tau-1, f_b=tau^3-tau^2-tau+1
2026-07-13	PROGRESS_LOG.md	tower-probe campaign: P-E and E4 re-run (the two dead stubs)	B556	REFUTED			
2026-07-13	PROGRESS_LOG.md	tower-probe campaign: the negatives + connections (P-A, c_eff, FL1, BKL)	B556	REFUTED | DOWNGRADED	"{""what"": ""'BKL IS the trace map'"", ""of_which_arc"": ""S061""}"		
2026-07-13	PROGRESS_LOG.md	tower-probe campaign, the rung-2 carriers (E1 sigma8 + T-1 gap labels)	B557	VERIFIED			lambda2=10.7248=lambda1(1+sqrt(lambda1))
2026-07-13	PROGRESS_LOG.md	tower-probe campaign, charge arithmetic (P-F/P-C/P-B/FL2, adversarially verified)	B556	REFUTED | VERIFIED			e_4 = -11^2*1459*597049*2169349081 | N(g_2(phi))=-809 | N(g_3(phi))=-18845089
2026-07-13	PROGRESS_LOG.md	Door 2 sharpened (verified): Ad(C) on sl(2,R) is a signature SPLIT, not a forced (3,1)	S061	OPEN			eigenvalues +1,-1,-1 | Gram [[2,4],[4,0]], det=-16, eigenvalues 1±sqrt17
2026-07-13	PROGRESS_LOG.md	the 3/2 Law (Session-5 handoff): the escalator's minimal self-coupling rate	B556	VERIFIED			3/2 (numerically 2.705->1.500 through rung 7) | C=2.4283
2026-07-13	PROGRESS_LOG.md	B559 black-hole probes: holographic entanglement + figure-eight vs BTZ	B559 | B520 | B258	VERIFIED			Vol=2.0298832 | CS=0 | c_eff ~0.7-0.8 one-window fit
2026-07-13	PROGRESS_LOG.md	chat-1 Session-4 handoff verified: the factor complexity, Door 2, and one matrix bug	B535 | B523	VERIFIED | REFUTED | CORRECTED	"{""what"": ""chat-1's claim J=[[0,1],[1,0]] commutes with A1"", ""of_which_arc"": ""chat-1 Session-4 handoff""}"		p(1..7)=4,7,10,13,17,20,23
2026-07-13	PROGRESS_LOG.md	the feedback ledger (chat-2 handoff): the charge as the residue of self-reference	B556	VERIFIED			e1 = -11 | e5 = 62 digits, in [2^203,2^204)
2026-07-13	PROGRESS_LOG.md	the period question, COMPLETED: no simple law; primes are orbit-selected	B556	COMPLETE			11 period 3 | eₙ mod 11 = [10,0,5,1,0,6,5,0,1,6,0,1]
2026-07-12	PROGRESS_LOG.md	the period question, computed (partial): mechanism PROVEN, 11 confirmed, full law open	B556	PARTIAL | PROVEN			
2026-07-12	PROGRESS_LOG.md	Review 13 (merges #838-#853): the handoff harvest, three paper gates, the escalator tower	B556 | B557 | B547 | B555 | B558	REFUTED | CORRECTED			full suite 1921 passed / 0 failed / 12 skipped (34 min)
2026-07-12	PROGRESS_LOG.md	RAN the charge-tower arithmetic: closed form + resultant recursion + period-3 Z/11	B556 | B552	VERIFIED | LOCKED			e_5 = -1.455e61 | g = x^3-x^2+2x-1, disc -23
2026-07-12	PROGRESS_LOG.md	B556 PROOF UPGRADE (chat-2 audit verified): the doubling is a THEOREM + the charge tower	B556 | B552	VERIFIED | PROVEN			|e_n| = 1, 11, 809, 18845089, 228654672055316545291
2026-07-12	PROGRESS_LOG.md	Weil-trace gate: PC22 dark hyperbola APPEARS-NOVEL (Prasad-adjacent) — all 3 paper gates settled	PC22	APPEARS-NOVEL | DOWNGRADED			
2026-07-12	PROGRESS_LOG.md	B558: the three-level negative VERIFIED (+ 1/phi^3 correction + named landmines)	B558 | B533 | B539 | B541 | B555	VERIFIED | CORRECTED	"{""what"": ""handoff's mislabel of 1/phi^3=0.23607 as 1/phi^2"", ""of_which_arc"": ""seat-1 three-level-negative handoff""}"		12 vs 12.4±3.7 (null) | 1/phi^3=0.236 vs sin^2(theta_W)=0.231 (2.1% near-miss)
2026-07-12	PROGRESS_LOG.md	Durand derived-sequence gate: reconstruction note DOWNGRADED (B540 known, B535 rigidity-adjacent)	B540 | B535	DOWNGRADED			
2026-07-12	PROGRESS_LOG.md	B557: the Escalator Campaign launched (prereg + E2 rule-uniqueness crux)	B557 | B517	PREREGISTERED			
2026-07-12	PROGRESS_LOG.md	B556: the ESCALATOR TOWER T(M)=[[M,M],[M^2,M]] (hypothesis + verified core)	B556 | B517 | B533 | B535 | B540	HYPOTHESIS | VERIFIED		Owner: run it to the end, treat seriously, don't lose it.	Perron 10.724751772=beta(1+sqrt(beta))
2026-07-12	PROGRESS_LOG.md	Tiling K-theory gate CLEARED: the species-chain letter is novelty-cleared	PC23	APPEARS-NOVEL			
2026-07-12	PROGRESS_LOG.md	B547: the ghost scanner — (4,4,16) is the FIRST ALL-HYPERBOLIC ghost	B547 | B545	PROVED | REFUTED	"{""what"": ""chat-2's 'realizable/false candidate' claim for (4,4,16)"", ""of_which_arc"": ""chat-2 (unspecified prior)""}"		Disc 12, h=1
2026-07-12	PROGRESS_LOG.md	B555: THE PREDICTION assembled (the object's one falsifiable forward statement)	B555 | B542 | B546	PREREGISTERED			N>=1500 resolves it (24001 gives 22-59x margins)
2026-07-12	PROGRESS_LOG.md	B554: the seven-station meditation verified eyes-open (1 refutation, 2 overstatements)	B554 | B532 | B551 | B545	REFUTED | CORRECTED | VERIFIED	"{""what"": ""Station 4's claim that the four species ARE the four bit-pairs / one-bit-remembering-its-next-moment framing"", ""of_which_arc"": ""B554 Station 4 (the meditation, same document)""}"		fails at 61% of sites | 48,622 defects (16%)
2026-07-12	PROGRESS_LOG.md	CORRECTION: the B553 Markoff deflation was wrong (owner caught it)	B553 | P4	RETRACTED | CORRECTED	"{""what"": ""B553's verdict that the P4/Markoff-Unicity connection is 'a shared Cayley cubic coincidence, not a method bridge'"", ""of_which_arc"": ""B553 (previous entry, same log)""}"	(owner caught it) — title itself records the owner directly identifying the error	
2026-07-12	PROGRESS_LOG.md	Seat-1 session-3 harvest (B553): verifications + the Markoff-unicity deflation	B553	CORRECTED | DEFLATED	"{""what"": ""seat-1's own self-correction that SL(5) char-variety dim = n-1 = 4"", ""of_which_arc"": ""seat-1 session-3 handoff""}"		
2026-07-12	PROGRESS_LOG.md	Bravery-cycle handoff + lit-gate pass 2 (B551/B552 + the degree-4 verdict)	B551 | B552 | B543	VERIFIED | PROVEN			coker(I-M)=Z/11, SNF diag(1,1,1,11), chi=(1,3,6,7) mod 11
2026-07-12	PROGRESS_LOG.md	Review 12 (merges #827-#836): Window 12 + the handoff harvest	B540 | B546 | B547	REFUTED			full suite 1888 passed / 0 failed / 12 skipped (33 min)
2026-07-12	PROGRESS_LOG.md	PC22 dark-hyperbola letter banked + the honest paper-portfolio read	PC22	CORRECTED	"{""what"": ""the seat's LMP draft's claim of a 'geometric proof of infinitude of primes'"", ""of_which_arc"": ""seat draft (PC22 predecessor)""}"		
2026-07-12	PROGRESS_LOG.md	B550: chat-1's Promotion-Sign Conjecture REFUTED at n=3 (uniform meridian rule replaces it)	B550 | B111 | B80	REFUTED	"{""what"": ""chat-1's Promotion-Sign Conjecture (-1)^n"", ""of_which_arc"": ""chat-1 handoff""}"		
2026-07-12	PROGRESS_LOG.md	Follow-up batch: un-hideability REFUTED-as-discriminator, E7 pre-loaded, cosmic null	B548 | B549	REFUTED | NULL			p=0.62, p=0.26
2026-07-12	PROGRESS_LOG.md	B543/B546 lit-gate, pass 1: the module theorem is classical; our lane is the instantiation	B543 | B546	VERIFIED			
2026-07-12	PROGRESS_LOG.md	WINDOW 12 opens: B540 observer flow, B546 exact labels, B547 prereg	B540 | B546 | B547 | B535 | B541	VERIFIED			4e-7 | f_a+f_b at 3.9e-8
2026-07-12	PROGRESS_LOG.md	Review 11 (merges #816-#826): the reframe completed, the seat changed	B535 | B539	CORRECTED			full suite 1863 passed / 1 failed / 12 skipped (33 min)
2026-07-12	PROGRESS_LOG.md	Chat-2 batch processed: 2a closure, tau-ladders, THE SPECIES-CHAIN EXPERIMENT, ghosts (B541-B545)	B541 | B542 | B543 | B544 | B545	REFUTED | REPRODUCED | VERIFIED			p = 0.785 | f_A at 1.4e-5, f_a at 2.0e-5
2026-07-12	PROGRESS_LOG.md	S066: the arithmetic of criticality (the B539 negative, read; owner-approved)	S066 | B539 | B532 | B533	SPECULATION		Firewalled interpretive note banked in the speculation room ... (owner-approved)	
2026-07-12	PROGRESS_LOG.md	B539: THE RELATIONS CAMPAIGN — the final door closes, symmetrically	B539	NULL | VERIFIED			26/136 read-out ratios are pure tau-powers | p=0.618 | 1 hit at 1%, 0 at 10^-3, 10^-4
2026-07-12	PROGRESS_LOG.md	Handoffs 3-4 processed + REBASE (B536/B537/B538)	B536 | B537 | B538	CONFIRMED | CORRECTED | PROVEN	"{""what"": ""handoff's claim of period 6 in the natural lift"", ""of_which_arc"": ""seat-1 Phase 2-3 handoff""} | {""what"": ""handoff's c=32 for (1,1,5)"", ""of_which_arc"": ""chat-2's Q2 handoff""}"		Par 8/7 = (2+1)⊗(3+2) | c=22
2026-07-12	PROGRESS_LOG.md	B535: THE COUPLING SPACE — census complete, one measurement suffices	B535	VERIFIED | CORRECTED	"{""what"": ""B533's 'coupling space has 5 types'"", ""of_which_arc"": ""B533""}"		17,280 -> 16,848 distinct languages -> 8 -> 2 | 17 distinct components
2026-07-12	PROGRESS_LOG.md	B534: the Dark Hyperbola PROVED (seat-1 crystallization handoff processed)	B534	PROVED			16 locks | H1 torsion = Z/3⊕Z/15
2026-07-12	PROGRESS_LOG.md	Origin Postulate: audit-seat adjudication processed (chat2 handoff, verified)	B490 | B521	REFUTED-AS-STATED		The send remains the owner's decision; nothing sent.	
2026-07-12	PROGRESS_LOG.md	B533 Fable-5 audit: full exact re-verification (1 refutation, 3 upgrades)	B533	REFUTED | CORRECTED	"{""what"": ""S2's 'NOT GL(4,Z)-conjugate' claim"", ""of_which_arc"": ""B533 S2 (earlier in same arc)""} | {""what"": ""S1's lambda3=lambda4=-0.618 and Type 5's 'irrational mixing' label"", ""of_which_arc"": ""B533 (earlier same arc)""}"		disc -400 | 25 locks
2026-07-12	PROGRESS_LOG.md	B533: Coupling Invariance (Gates 1-3 complete)	B533	PROVED | NULL			21 SM dimensionless ratios tested, 83,521 lattice points | best power-of-tau 1/alpha_em ~ 6*tau^13 at 0.06% | 22 locks total
2026-07-12	PROGRESS_LOG.md	B532 IZ: The Interaction Grammar (campaign complete)	B532	COMPLETE			
2026-07-12	PROGRESS_LOG.md	B532 I4: The Derivation DAG	B532	VERIFIED			
2026-07-12	PROGRESS_LOG.md	B532 I3: Self-Description	B532	CONFIRMED | REFUTED			
2026-07-12	PROGRESS_LOG.md	B532 I2: The Projection Algebra	B532	VERIFIED			
2026-07-12	PROGRESS_LOG.md	B532 I1: Fixed-Point Dimension + Period-3 Spectral Test	B532	VERIFIED			
2026-07-12	PROGRESS_LOG.md	B532 I0: Bank B530 induction campaign handoff (Movements XXXIV–XXXVIII)	B532 | B530	VERIFIED | REFUTED			
2026-07-01	PROGRESS_LOG.md	Catch-up: the structural-theorem + specialist-handoff arcs (B161–B325)	B231 | B314 | B315 | B322 | B323 | B324 | B325	NULL			p~=0.5
2026-07-01	PROGRESS_LOG.md	The in-sandbox attack sweep (B329, B330; L34 DORMANT; S046; R7)	B329 | B330 | L34	VERIFIED | CONDITIONAL | DORMANT			
2026-07-01	PROGRESS_LOG.md	External audit + robustness hardening (fresh-clone reproduction pass)	B101 | B106	CORRECTED	"{""what"": ""P9's original construction (constants mirrored back at themselves; circular)"", ""of_which_arc"": ""P9 (banked claim, corrected in place)""}"		1195 passed, 4 skipped, 0 failures after hardening
2026-07-01	PROGRESS_LOG.md	Gate A extensions: B350 (cyclic-cover torsion; originally numbered B347, renumbered on merge with main's B347 PR #424) + B348 (Bloch class)	B350 | B348	VERIFIED			
2026-07-01	PROGRESS_LOG.md	Gate A extension B349 (irregular covers) + the Gates B–D outreach package	B349	VERIFIED			
2026-07-02	PROGRESS_LOG.md	Cross-chat relay disposition: PR #424 absorbed; probe-ID collision resolved (B347→B350)	B347 | B350	VERIFIED			
2026-07-02	PROGRESS_LOG.md	Suite hygiene: the global-dps test-order failure class (MB13 §4)	B347 | B302 | B348	CORRECTED			
2026-07-02	PROGRESS_LOG.md	B351: the exact Chevalley e6 (the cup-product program unblocked)	B351	VERIFIED			76,076 basis triples, 0 violations | c = (16,22,30,42,30,16)
2026-07-02	PROGRESS_LOG.md	B352: the cup-product obstruction computed — all six directions unobstructed at 2nd order	B352	VERIFIED			classes <=1e-52 | raw cochains 9.4e16
2026-07-02	PROGRESS_LOG.md	PR #425 merged + verified; B353 closes L52 (the geometric θ-identification); L55 hygiene done	B351 | B352 | B353	VERIFIED | DONE			residual 7e-102
2026-07-02	PROGRESS_LOG.md	B354: the interface-pairing certificates (cross-session verified layer) + B332 correction + L56	B354 | B332 | B131	VERIFIED | CORRECTED	"{""what"": ""B332's 'generation-cycling element' reading (that g is the deck action)"", ""of_which_arc"": ""B332""} | {""what"": ""the cross-session framing that the golden/silver interface relations were 'a first column of a table nobody has'"", ""of_which_arc"": ""cross-session handoff""}"		
2026-07-02	PROGRESS_LOG.md	The value-boundary queue registered; B355 (W1.1): the Weil layer independently, the phase null fired	B355 | L56	VERIFIED			605/605 | floor 1.6e-40
2026-07-02	PROGRESS_LOG.md	B356 (W1.2): the sigma-stability quick pair — the chirality window is exactly the Eisenstein omega	B356	VERIFIED			
2026-07-02	PROGRESS_LOG.md	B357 (W1.3): the E6 boundary restriction — rank 6/6, Lagrangian certified, the universal-tau identity	B357	VERIFIED			deviation <= 1.3e-52
2026-07-02	PROGRESS_LOG.md	B358: the seam, exactly certified — sqrt(-15) lives in the twisted quantum-pair sector (and provably not in the canonical one)	B358 | B355	VERIFIED | PROVED			44/49 nonzero doubles | tr = -1/48-(1/80)sqrt5-(1/48)sqrt-3+(1/48)sqrt-15
2026-07-02	PROGRESS_LOG.md	B359: the seam form — pair-specific and parity-selective, exactly	B359	VERIFIED			s in {+-1/144, +-1/288}
2026-07-02	PROGRESS_LOG.md	B360: the selection rule, tested — both parity readings die; silver-selectivity survives	B360	REFUTED	"{""what"": ""the 'contains an even seed' bright/dark reading; the 'opposite parity' reading"", ""of_which_arc"": ""B359""}"		
2026-07-02	PROGRESS_LOG.md	B361: the seam's local law — the discriminator decides H-loc	B361	REFUTED | VERIFIED			
2026-07-02	PROGRESS_LOG.md	B362 + B363: the law at 11 pairs; the seam's lift anatomy — two-sided and class-bound	B362 | B363	VERIFIED			
2026-07-02	PROGRESS_LOG.md	B364: the two lifts are two polarizations — L57 becomes a spin-structure question	B364	REFUTED			
2026-07-02	PROGRESS_LOG.md	Wave 2 (the probation campaign) registered		PREREGISTERED			
2026-07-03	PROGRESS_LOG.md	B365 (W2.1): S-closure fails for both (the metaplectic doubling); the vanishing signature discriminates	B365	REFUTED			
2026-07-03	PROGRESS_LOG.md	B366 (first installment): the invariant spin sector lives in the seam-bearing class	B366	VERIFIED | REFUTED			
2026-07-03	PROGRESS_LOG.md	B366 part 2: the derived S-transformation — the closure dichotomy (W2.2 verdict)	B366	REFUTED | VERIFIED			
2026-07-03	PROGRESS_LOG.md	W2.4/B368 premise corrected (verified): equal trace ≠ same seed	B368	REFUTED			
2026-07-03	PROGRESS_LOG.md	B367 (W2.3) step 0: the exact six-pair s-matrices — every pre-registered check passed	B367	VERIFIED			
2026-07-03	PROGRESS_LOG.md	B367 step 0 (continued): the completed table REFUTES the B361 local law at pair (3,4)	B367 | B361	REFUTED	"{""what"": ""B361's local law ('bright iff pair contains a seed elliptic at both primes')"", ""of_which_arc"": ""B361""}"		
2026-07-03	PROGRESS_LOG.md	suite hygiene note (pre-existing, tracked): one intermittent flake per full run		OPEN			
2026-07-03	PROGRESS_LOG.md	B367 (W2.3) COMPLETE: the V3 verdict is outcome (B) — the value map is not CRT-local	B367	REFUTED			
2026-07-03	PROGRESS_LOG.md	B369 (W2.9) DONE: concatenation kills the seam (prediction hit) + the rotation-Galois identity	B369	VERIFIED			
2026-07-03	PROGRESS_LOG.md	B368 (W2.4, corrected scope) DONE: the seam sees the deck equivariantly	B368	DONE			
2026-07-03	PROGRESS_LOG.md	W2.8 prep: the outreach package upgraded (Brief S added)		PREPARED		Sending remains the owner's action; log sends/replies here.	
2026-07-03	PROGRESS_LOG.md	W2.5 opened: B370 pre-registration committed (third-order Massey + depth-2 Gram)	B370	PREREGISTERED			
2026-07-03	PROGRESS_LOG.md	W2.8/L51 set DORMANT (owner directive): compute first, outreach only at exhaustion		DORMANT		Owner directive (reaffirming the standing compute-first rule): no external contact of any kind until the in-sandbox computational paths are exhausted. The outreach briefs (incl. Brief S) remain banked as preparation artifacts only; nothing has been sent, and nothing will be without the owner's explicit decision at the exhaustion point.	
2026-07-03	PROGRESS_LOG.md	GOVERNANCE amendment: the promotion-audit lane + automated gates + the decadal review		GOVERNANCE		"Rationale (owner-approved; §10-compliant — additive discipline, no rule weakened): Phase B ran with the §5 promotion gates idle (""zero promotions"" was practice, not law), leaving CLAIMS.md unrepresentative of the project's load-bearing exact results..."	
2026-07-03	PROGRESS_LOG.md	the promotion-audit sweep (collection stage) COMPLETE		COMPLETE			63 candidates of ~350 probes | 297 NOT
2026-07-03	PROGRESS_LOG.md	B370 leg A DONE: all six E6 tangent directions unobstructed at THIRD order	B370	DONE			m=4: 8.5e-63 | m=11: 1.1e-48
2026-07-03	PROGRESS_LOG.md	B370 leg B: two gate-blocked runs, bug localized (no verdicts read)	B370	BLOCKED			
2026-07-03	PROGRESS_LOG.md	B370 leg B DONE (W2.5 COMPLETE): the universal-tau is strictly first-order, and the depth-2 bending is theta-graded	B370 | B357	COMPLETE	"{""what"": ""implicit expectation that B357's universal-tau identity would persist to depth 2 (falsified, not previously claimed but tested)"", ""of_which_arc"": ""B357""}"		
2026-07-03	PROGRESS_LOG.md	THE PROMOTION AUDIT EXECUTED: 61 entries promoted (P17–P55, C6–C12, E1–E15); 6 held	B90 | B112 | B131 | B134 | B136 | B153 | B204 | B211 | B240	PROMOTED | HELD			281 tests across five batches: 24+61+69+90+37
2026-07-03	PROGRESS_LOG.md	B371: the minimal two-state sector — verified, banked, promoted (P56, P57)	B371	PROMOTED | VERIFIED		"answered the owner's ""can we compute a photon?"" with NO at the physics level"	helicity pairing ±ζ60^9 | pentagon-angle golden action (1-φ exactly)
2026-07-03	PROGRESS_LOG.md	B372 (W2.7) DONE: the seam is a LEVEL-FAMILY phenomenon (null refuted); E16	B372	REFUTED			144/144 cells carry sqrt(-15)-type content
2026-07-03	PROGRESS_LOG.md	B373 (PD1.1) the kill test: MOVED — gapless-trending; the relayed bet loses; E17	B373	MOVED | REFUTED			
2026-07-03	PROGRESS_LOG.md	B374 (rung 3): the pinned-exponent law REFUTED — the pentagon-pair oscillation	B374 | B373	REFUTED	"{""what"": ""B373's registered 'gapless-trending, 9pi/N' extrapolation"", ""of_which_arc"": ""B373""}"		
2026-07-03	PROGRESS_LOG.md	the 75-rung (5-tower): the pentagon-pair prediction also killed — phase 90°, trace 0	B374	REFUTED			
2026-07-03	PROGRESS_LOG.md	B375 (PD1.3): the four-qubit compilation + the exact protocol theorem (P58)	B375	PROMOTED			kappa-word's Weil trace is exactly 1 | ~1e6 shots/word
2026-07-03	PROGRESS_LOG.md	N=225: NO invariant sector — the existence law dies at the first mixed level		REFUTED			
2026-07-03	PROGRESS_LOG.md	the Recognition campaign registered (PR #466) + R1 first pass: the classics miss		REGISTERED | REFUTED			
2026-07-03	PROGRESS_LOG.md	B376 (R1): RECOGNITION HIT — the tower is the quantized golden cat map (P59)	B376	VERIFIED			
2026-07-03	PROGRESS_LOG.md	B377 (D0+D1): the existence law DERIVED; the 225 prediction HIT; three rung predictions registered (one REVERSED by our own 27-census)	B377	DERIVED			
2026-07-03	PROGRESS_LOG.md	B379 (D3(b) opener): the reduction theorem + closed form VERIFIED; P60; the W2.11 gap is now ONE number + ONE reality proof	B379	VERIFIED | PROMOTED			
2026-07-03	PROGRESS_LOG.md	the seam form's exact Gram spectrum: the doublet is a theorem; the prime 23 appears		VERIFIED			Gram spectrum {1/576, 1/576, 1/768, 23/19200}
2026-07-03/04	PROGRESS_LOG.md	B380: the Galois covariance laws verified (P61); the F4 reciprocal duality confirmed after a wrong-object correction on the verifying side	B380	VERIFIED | PROMOTED			
2026-07-04	PROGRESS_LOG.md	B381 (D2 COMPLETE): the seam is a twist invariant (P62)	B381	COMPLETE | PROMOTED			
2026-07-04	PROGRESS_LOG.md	B382 leg 1: the phase-ratio law verified on its exact classical domain	B382	VERIFIED			
2026-07-04	PROGRESS_LOG.md	B382 leg 2: the closed form; the twist IS the half-characteristic term	B382	VERIFIED			
2026-07-04	PROGRESS_LOG.md	B382 leg 3: the assembly exact; THE 1/12 DECOMPOSES AS 1/16 + 1/48	B382	VERIFIED | REFUTED	"{""what"": ""the 'mechanical-240' mechanism hypothesis for the slot constant"", ""of_which_arc"": ""prior hint (unnamed)""}"		
2026-07-04	PROGRESS_LOG.md	B383: the row-16 reality THEOREM (proved) + the zeta5-spectrum mechanism	B383	PROVED			
2026-07-04	PROGRESS_LOG.md	B382 leg 4: the magnitude law |chi|^2 = #Fix(gamma') — unit on generic cells	B382	VERIFIED			
2026-07-04	PROGRESS_LOG.md	THE ACCEPTANCE DUEL: 3/3 — the v2 existence law PROMOTED (P63); D1 CLOSED	B382 | B383 | B384	PROMOTED | CLOSED			
2026-07-04	PROGRESS_LOG.md	B384 T2: the tower transports the m=1 seed constant EXACTLY (1/4, identity)	B384	VERIFIED			
2026-07-04	PROGRESS_LOG.md	B384 T3 + D5: the campaign wrap — D0–D5 COMPLETE	B384	COMPLETE			
2026-07-04	PROGRESS_LOG.md	B385 T1: double kill — the bright/dark discriminator is character-level	B385	REFUTED			
2026-07-04	PROGRESS_LOG.md	B385 T2-partial: the v_word map separates the riddle pair (first layer that does)	B385	PARTIAL			
2026-07-04	PROGRESS_LOG.md	B385 T2b: darkness is SPECTRUM-cancellation	B385	PARTIAL			
2026-07-04	PROGRESS_LOG.md	B385 correction: the criterion draft KILLED by its own 12/12 test	B385	RETRACTED	"{""what"": ""the draft bright/dark criterion and the translation-kill logic built on the Pi_H/DFT commutation fallacy"", ""of_which_arc"": ""B385 T2b/T3 (earlier this session)""}"		
2026-07-04	PROGRESS_LOG.md	B385 T3 + staging: quasi-period ladders found	B385	STAGED			
2026-07-04	PROGRESS_LOG.md	Closure Campaign W0 + W1/L1: visibility infra (PR #490) + the tensor identity	B386	VERIFIED			
2026-07-04	PROGRESS_LOG.md	W1 COMPLETE (P66): the 1/12 in closed form, end-to-end	B386	COMPLETE | PROMOTED			
2026-07-04	PROGRESS_LOG.md	W2 2a/2b: the registered KILL — the seam and the value sector DECOUPLE at 45		REFUTED			
2026-07-04	PROGRESS_LOG.md	W2 COMPLETE: the 135 rung is zero too — the decoupling is a two-rung fact		COMPLETE			
2026-07-04	PROGRESS_LOG.md	W3.i (B388): the m=2 transport KILL + coarsening structure	B388	REFUTED			
2026-07-04	PROGRESS_LOG.md	W3.ii (B389): the mirror is NOT inversion — the dihedral route is twist-blocked	B389	REFUTED			
2026-07-04	PROGRESS_LOG.md	W3.iii (B390, P67): BRIGHTNESS IS LOCAL — predictive out-of-sample	B390	VERIFIED | PROMOTED			
2026-07-04	PROGRESS_LOG.md	W3 COMPLETE: the attribution via the exact rank-2 pairing		COMPLETE			
2026-07-04	PROGRESS_LOG.md	W4 COMPLETE: both census predictions HIT — the general-N statement banked		COMPLETE | VERIFIED			
2026-07-04	PROGRESS_LOG.md	W5 COMPLETE: all three walls priced		COMPLETE			
2026-07-04	PROGRESS_LOG.md	W6: dossiers written; Review 4; THE CLOSURE CAMPAIGN COMPLETE		COMPLETE			
2026-07-04	PROGRESS_LOG.md	Closure II / M1 session 1: K1-STRONG — termwise s-orthogonality		VERIFIED			
2026-07-04	PROGRESS_LOG.md	Closure II M1 COMPLETE: the product-field stratification law		COMPLETE | REFUTED			
2026-07-05	PROGRESS_LOG.md	M2 COMPLETE: the unified singles law — (1+c)/12 and the sum rule		COMPLETE | REFUTED			
2026-07-05	PROGRESS_LOG.md	M3 COMPLETE (kill): the mirror is emergent — no cell-local origin		REFUTED			
2026-07-05	PROGRESS_LOG.md	M4 COMPLETE: the formula is universal (661/661, all six pairs)		COMPLETE | VERIFIED			
2026-07-05	PROGRESS_LOG.md	M5 + CLOSURE II COMPLETE: the object is computation-complete		COMPLETE			
2026-07-05	PROGRESS_LOG.md	B398 S1–S4: the handoff's math scrutinized	B398	VERIFIED | CORRECTED	"{""what"": ""handoff's '(2,3) = 1/3' mislabel, 'tensor rank 4' claim, 296/464 numbers, the sigma⊗Weil(5) adjoint bridge"", ""of_which_arc"": ""cross-seat handoff (unnamed)""}"		
2026-07-05	PROGRESS_LOG.md	B398 COMPLETE: S5 gate kills the PMNS ensemble; math banked as math	B398 | S042	REFUTED | COMPLETE			p~0.087 raw / 0.44 corrected vs 0.01 threshold
2026-07-05	PROGRESS_LOG.md	Wall campaign W-A3: the two 1/12s are different objects		VERIFIED			
2026-07-05	PROGRESS_LOG.md	Wall W-B1 COMPLETE: no canonical frame (the kill, maximally sharp)		REFUTED			
2026-07-04	PROGRESS_LOG.md	W-C session 1 (the owner's sixth angle): the class group is load-bearing		CONFIRMED | REFUTED		the owner's sixth angle	
2026-07-04	PROGRESS_LOG.md	B402 Q1: the pair-requirement wall splits by seed (local vs emergent)	B402	VERIFIED			
2026-07-04	PROGRESS_LOG.md	W-C session 2: two genus selection rules + the identity dossier		VERIFIED			
2026-07-04	PROGRESS_LOG.md	B403: the six-leads package scrutinized	B403	REFUTED			
2026-07-04	PROGRESS_LOG.md	B401 addendum: the Eisenstein gate is CELL-WISE (26/26 fully real)	B401	VERIFIED			
2026-07-04	PROGRESS_LOG.md	Q2′: the seam landscape — the canonical point is the unique null		VERIFIED			
2026-07-04	PROGRESS_LOG.md	B404 → P68: the root-of-unity law; the Eisenstein gate derived	B404	PROMOTED			
2026-07-04	PROGRESS_LOG.md	the 1215 rung: both walk candidates KILLED; v0 = 1/12 (third appearance); B405: supersingular pair verified {7,23}	B405	REFUTED			
2026-07-04	PROGRESS_LOG.md	A2 + THE WALL CAMPAIGN WRAP		COMPLETE			
2026-07-04	PROGRESS_LOG.md	B406: the two-conductor bridge verified, then deflated by torsion	B406	DEFLATED	"{""what"": ""the two-conductor bridge as a genuine quantization-map lead"", ""of_which_arc"": ""B406 (same entry, self-deflated after verification)""}"		
2026-07-04	PROGRESS_LOG.md	B407: support nesting — (1,2) verified, law killed at (2,4), reversed at (1,3)	B407	REFUTED			
2026-07-04	PROGRESS_LOG.md	THE MASTERPLAN banked (docs/MASTERPLAN.md)		PLAN			
2026-07-04	PROGRESS_LOG.md	PHASE 1b: THE SEAM DOES NOT CONTRACT (ratio ≈ 1.217, 15→45)		PARTIAL			
2026-07-04	PROGRESS_LOG.md	THE NOVELTY MAP banked (docs/dossiers/NOVELTY_MAP.md)		PLAN			
2026-07-04	PROGRESS_LOG.md	Sweep round 1 intake: 4 APPEARS-NOVEL confirmations, 3 tool-citations		APPEARS-NOVEL			
2026-07-04	PROGRESS_LOG.md	the 135 scout: gate FAILED, scout VOID (the binding gate working as built)		VOID			
2026-07-04	PROGRESS_LOG.md	Sweep round 2 (Chat-2): downgrades accepted; Paper-1 phrasing governor set		DOWNGRADED			
2026-07-04	PROGRESS_LOG.md	the revival hunt: B334 vindicated (dead → B401/P68); oracle patterns banked	B334 | B401	VERIFIED			
2026-07-04	PROGRESS_LOG.md	PHASE 1a BANKED: sum rule confirmed at depth 5; the value field deepens		CONFIRMED			
2026-07-04	PROGRESS_LOG.md	S043: the energy package's verdicts banked	S043	DEFLATED			
2026-07-04	PROGRESS_LOG.md	PANEL CORRECTION: the seam contracts too — Wall 1 fully priced	B408	CORRECTED	"{""what"": ""PHASE 1b's finding that the seam does not contract (ratio ~1.217)"", ""of_which_arc"": ""PHASE 1b entry (this same log, 2026-07-04)""}"		env45/env15 = 0.76
2026-07-04	PROGRESS_LOG.md	THE MASTERPLAN FINAL: panel-hardened, corrected foundation		CORRECTED			
2026-07-04	PROGRESS_LOG.md	Phase 2c (B409): the transport theorem KILLED — B407 folds into P67/M1	B409 | B407	REFUTED	"{""what"": ""B407 as an independent theorem (transport theorem)"", ""of_which_arc"": ""B407""}"		
2026-07-04	PROGRESS_LOG.md	the 1215 triple (partial): sum rule EXACT over Q; e2 = -1/48		PARTIAL			
2026-07-04	PROGRESS_LOG.md	Phase 2b (B410): the crown advanced to its exact boundary	B410	VERIFIED			
2026-07-04	PROGRESS_LOG.md	hint sweep (B411): the local/emergent dichotomy; work upstairs in Q(zeta60)	B411	REFUTED			
2026-07-04	PROGRESS_LOG.md	"""what else"" (B412): the tower is a refining MEASURE (Iwasawa-type)"	B412	VERIFIED			
2026-07-04	PROGRESS_LOG.md	SCALE-GENESIS VERDICT (B413): the measure is FLAT — no scale genesis	B413 | B408	REFUTED			
2026-07-04	PROGRESS_LOG.md	the structure reframe (S044/B414): honest engagement with 'we have to see it'	S044 | B414	REFUTED			
2026-07-04	PROGRESS_LOG.md	BEHAVIOR-TRACKING (B415 T1): the tower's destination is named math, no SM	B415	REFUTED			
2026-07-04	PROGRESS_LOG.md	Destination Atlas TW2 (B416): the dynamics leads to golden-Anosov, no SM	B416	REFUTED			
2026-07-04	PROGRESS_LOG.md	Destination Atlas TW3 (B417): symbolic dynamics = Sturmian quasicrystal, no SM	B417	REFUTED			
2026-07-04	PROGRESS_LOG.md	Destination Atlas TW4 (B418): emergence is INTRINSIC; B411 upstairs-hope refuted	B418 | B411	REFUTED	"{""what"": ""B411's hope that emergence is a projection artifact resolvable upstairs"", ""of_which_arc"": ""B411""}"		
2026-07-04	PROGRESS_LOG.md	Destination Atlas TW6 + TW7: campaign COMPLETE — SM does not emerge unbidden		COMPLETE | REFUTED			
2026-07-04	PROGRESS_LOG.md	B422: the Z/2 (mirror/class-group) frame test -- NO FRAME, wall holds both sides	B422 | B414	REFUTED			
2026-07-04	PROGRESS_LOG.md	GATE B COMPUTED (B423): the E6 torsion = Fibonacci-square product	B423	COMPUTED			
2026-07-04	PROGRESS_LOG.md	THE UNIFYING PRINCIPLE (knowledge/THE_GOLDEN_CAT_MAP_PRINCIPLE.md)		SYNTHESIS			
2026-07-04	PROGRESS_LOG.md	GATE B COMPLETE (B424 Hessian golden) + THE CORNERSTONE found	B424	COMPLETE			
2026-07-04	PROGRESS_LOG.md	THE FLAGSHIP CAMPAIGN launched: the two papers (F1 outlines)		PLAN			
2026-07-04	PROGRESS_LOG.md	Flagship F2: Paper 2 theorem spine (cornerstone + 10 theorems, lock-backed)		DRAFTED			
2026-07-04	PROGRESS_LOG.md	THE UNIQUENESS ATLAS (first assembly + deep-investigation campaign plan)		PLAN			
2026-07-04	PROGRESS_LOG.md	Flagship F2 complete: Paper 1 theorem spine (11 lock-backed theorems)		COMPLETE			
2026-07-04	PROGRESS_LOG.md	Flagship: reproducibility ledger (74/74 locks green) + cornerstone upgraded		VERIFIED			74/74 locks green
2026-07-04	PROGRESS_LOG.md	Flagship: polished abstracts for both papers; the foundation is complete		COMPLETE			
2026-07-04	PROGRESS_LOG.md	B425: the object has TWO E6 torsions (a cross-chat catch, verified and banked)	B425 | B423	CORRECTED	"{""what"": ""B423's framing that its computed torsion was 'the torsion at the holonomy / at the parabolic geometric point'"", ""of_which_arc"": ""B423""} | {""what"": ""a follow-up claim of a 'new prime 67' from an un-normalized Fox-matrix quantity"", ""of_which_arc"": ""unnamed follow-up claim, same entry""}"		canonical adjoint value -3 = disc Q(sqrt-3) | norm 469=7*67 (rejected as artifact)
2026-07-05	PROGRESS_LOG.md	the handoff adjudication (B426/B427/B428) + the Origin-Postulate campaign running	B426 | B427 | B428 | B408	VERIFIED | CORRECTED | REFUTED	"{""what"": ""chat-1's tr(Q^3*W)=tr(Q*W) corollary step"", ""of_which_arc"": ""chat-1's handoff (B427)""}"		Q-multiplicities {57,56,56,56}
2026-07-05	PROGRESS_LOG.md	the interface arc → THE CHILD PROGRAM (B429–B438)	B429 | B430 | B431 | B432 | B433 | B434 | B435 | B436 | B437 | B438	RETRACTED | CORRECTED	"{""what"": ""B435's ℤ/5 'birthmark' read as inheritance"", ""of_which_arc"": ""B435 (corrected in-entry, #562)""} | {""what"": ""B437's 'golden return' (Tr tau in Q(sqrt5)) read as inheritance"", ""of_which_arc"": ""B437""} | {""what"": ""B436's implicit fig-8-uniqueness of the -283 field"", ""of_which_arc"": ""B436 (corrected by B438)""}"		H1=Z/5 | 26 = 25+1 vacua | vol=12*|d|^{3/2}*zeta_K(2)/(4pi^2)^3 to |ratio-12|=4.5e-64 | Lucas-square law total torsion=121
2026-07-05 (cont.)	PROGRESS_LOG.md	C3 opens: the child's SL(2) vacuum book (B439)	B439 | B440 | B441 | B442 | B443	RETRACTED | CORRECTED | REFUTED | COMPLETE	"{""what"": ""B440's 'golden inversion' claim (5_2's golden factor read as an irreducible vacuum absent in the child)"", ""of_which_arc"": ""B440 (same day, adversarial decadal review)""}"		4 irreducible vacua in field disc -283 (both 4_1 and 5_2) | Lucas-square 121
2026-07-08/10	PROGRESS_LOG.md	papers verdict; the no-go theorem; the monoid opens (B490–B498)	B489 | B490 | B491 | B492 | B496 | B497 | B498 | B500 | S061	COMPLETE | FROZEN | PROVED | REFUTED	"{""what"": ""B479's d=5 held-breath field labeled Q(sqrt41) (a banked-error correction propagated here)"", ""of_which_arc"": ""B479""}"		
2026-07-11	PROGRESS_LOG.md	B509: the square-time curve — RANK 0 PROVED (Sage descent)	B509	PROVED			
2026-07-11	PROGRESS_LOG.md	B510: the 40a1 convening RESOLVED as a theorem	B510 | B509	RESOLVED | CORRECTED	"{""what"": ""handoff's 'quadratic twist' mechanism wording"", ""of_which_arc"": ""unnamed handoff""}"		
2026-07-11	PROGRESS_LOG.md	B511 PHYSICS VERDICT CAMPAIGN launched: six doors	B511	CLOSED			
2026-07-11	PROGRESS_LOG.md	the golden-3d arc (B511–B517), the reading, and the whole-repo synthesis (K025)	B2 | B507 | B511 | B513 | B515 | B516 | B517 | B518 | B519 | B520 | K025	CLOSED | CONFIRMED | CORRECTED | DOWNGRADED | REFUTED | REJECTED | REOPENED | TOMBSTONED	"{""what"": ""own earlier x^4-x-1 Lyapunov-control signature, mislabeled (2,2)"", ""of_which_arc"": ""B517 (earlier in arc)""} | {""what"": ""a handed-off beta-function-zero claim at kappa*~0.764"", ""of_which_arc"": ""unnamed handoff""} | {""what"": ""a handed-off 'dim 3 is the max' claim"", ""of_which_arc"": ""unnamed handoff""} | {""what"": ""B518's Tier B claim of a novel falsifiable crossing"", ""of_which_arc"": ""B518""}"	"Two premature KILLS by this seat were caught by owner pushback (""u sure?"", ""do the calc"") — the 'golden⟹1d' claim was WRONG | Meta: a wrong correction to CC's own work, rejected by recomputation; cross-seat handoffs are not uniformly reliable (chat3's Stein form was solid, this one was not)."	beta=phi(1+sqrt(phi))
2026-07-11	PROGRESS_LOG.md	Audit reconciliation (integrate, don't merge): the two-seat closure (B521, B522)	B479 | B491 | B521 | B522	CORRECTED | DOWNGRADED | VERIFIED	"{""what"": ""B479's mislabelling of the d=5/d=7 held-breath fields as Q(sqrt41)/Q(sqrt-239)"", ""of_which_arc"": ""B479""} | {""what"": ""B491's R1 field law framed as APPEARS-NOVEL"", ""of_which_arc"": ""B491""}"	Owner directive: integrate, don't merge + re-examine the negative for a wrong leap.	N(1-omega)=3, 16≠cube
2026-07-11	PROGRESS_LOG.md	B523 — THE WRONG-LEAP RE-EXAMINATION (S2)	B523 | B518	CONFIRMED | REFUTED	"{""what"": ""an incoming cross-seat handoff's claimed genus-2 fibered-hyperbolic-3-manifold substitution"", ""of_which_arc"": ""unnamed Level-1 handoff""}"	"Owner asked to inspect the math for ""where we took the wrong leap to negative."""	
2026-07-11	PROGRESS_LOG.md	B500 child hunt — depth-5 KILL banked	B500	REFUTED			
2026-07-12	PROGRESS_LOG.md	B524: the two actionable next steps, done with proper tools	B524 | B490	SETTLED | CORRECTED	"{""what"": ""an earlier draft's invalid justification for 'not a 3-manifold group' (cd=2≠3, no-Z^2)"", ""of_which_arc"": ""B524 (same entry, corrected in place)""}"	"Owner-flagged correction: an earlier draft justified ""not a 3-manifold group"" via cd=2≠3 and no-ℤ² — both invalid"	lambda(phi)=3.6762 | lambda(phi^-1)=3.0523
2026-07-12	PROGRESS_LOG.md	REORIENTATION: listen to the object (B530 natural history, movements I–VII)	B530	REORIENTATION		"Owner course-correction after the physics-forcing arc: ""we did a mistake going for physics instead of slowly properly investigating the full natural interaction of the object... listen to its beautiful story instead of forcing it to spit what we like to hear."""	beta=phi(1+sqrt(phi))
2026-07-12	PROGRESS_LOG.md	B530 movement VIII: chirality + cross-seat convergence (chat1 listening campaign)	B530	VERIFIED | CONVERGED			
2026-07-12	PROGRESS_LOG.md	B530 movement IX (upstream): the firewall in the object's arithmetic	B530 | K025	VERIFIED			
2026-07-18	PROGRESS_LOG.md	THE SUMMIT DOSSIER (Track C) + Track M folded on cc2 challenge	B685 | B690 | B691 | B697 | B698 | B699	SUPERSEDED | ANSWERED | CLOSED		"Owner decision ""both in parallel"""	
2026-07-18	PROGRESS_LOG.md	VERIFY-M CLOSED (both no-gos triple-gated) + dossier §3 integrated	B690 | B691 | B662 | B684	CLOSED | ANSWERED-NO | CONFIRMED	"{""what"": ""melody theorem's minimal period corrected from the stated 20 to 175560 (B662)"", ""of_which_arc"": ""dossier §3 / B662""}"		VA deviation [1,-1,0,-1,-2] EXACT (only n=4 exact) | period 175560 (B662)
2026-07-18	PROGRESS_LOG.md	REVIEW 23 (the third constitutional review)	B674 | B697	PROVED | CLEAN | CARRIED			
2026-07-18	PROGRESS_LOG.md	Review 23 follow-through: §6 QA applied + R23-4/5/6 closed	B642	CERTIFIED | CONJECTURE | LAW | PLACEMENT			28 keep / 8 downgrade | hash f99e8b59
2026-07-18	PROGRESS_LOG.md	Dossier §8 (portfolio, current) — Track C dossier COMPLETE	B683 | B691	COMPLETE			
2026-07-18	PROGRESS_LOG.md	B698 Leg A: THE MEETING, PROBED (analytic side) = a product with a ℤ/2 residue	B698	FACTORED		"Owner ""go FULL ON for 2 and 3, very informed."""	h(ℚ(√−15))=2 vs h(ℚ(√−3))=h(ℚ(√5))=1 | PSLQ(60-dig)
2026-07-19	PROGRESS_LOG.md	B699: the first two-object test — the coupling REFRAMES the hearing	B699 | B640	REFUTED		"owner ""reality-as-coupling needs a second object"""	SL(2,5)=2I order 120 | SL(2,𝔽₂₅)=15600
2026-07-19	PROGRESS_LOG.md	B700 cell 1: MEASUREMENT = FIBER FUNCTOR (the golden torsor)	B700 | B640 | B642	TORSOR		"owner ""lets do it"""	
2026-07-19	PROGRESS_LOG.md	B700 cell 2: the ℤ/2 uniformity — the three ambiguities are V₄	B700 | B638 | B699	V4			
2026-07-19	PROGRESS_LOG.md	B700 cell 4: the fiber-functor torsor is STAGE-UNIFORM	B700	STAGE-UNIFORM			ℚ(√−7), 7≡3 mod4
2026-07-19	PROGRESS_LOG.md	B700 cell 3a: the torsor realized dynamically (chat1 Fact 5, corrected)	B700	CORRECTED	"{""what"": ""chat1 handoff Fact 5 corrected from W² to W³"", ""of_which_arc"": ""B700 cell 3a""} | {""what"": ""chat1 handoff Fact 4 corrected: 13 SPLITS in ℚ(i), not inert"", ""of_which_arc"": ""B700 cell 3a""}"		
2026-07-19	PROGRESS_LOG.md	B700 cells 5 + 3: the general torsor theorem + golden stage two-sided	B700 | B701	THEOREM-grade			verified p=5,7,11,13
2026-07-19	PROGRESS_LOG.md	B701 (fiber-functor phase 2): the canonical torsor-iso is OBSTRUCTED	B701 | B685	OBSTRUCTED			
2026-07-19	PROGRESS_LOG.md	B702: the metallic-hearing bifocal law (chat1 E-Q1/E-Q2, two-seat)	B702	LAW			denom 17·29·101·109
2026-07-19	PROGRESS_LOG.md	B703 (chat1 Q3): the Koide angle θ₀ = 2/9 to 0.89σ (corrected), firewalled	B703 | B686	FIREWALLED | HINT-grade	"{""what"": ""chat-1's crude ~7σ distance is REFUTED, replaced with 0.89σ"", ""of_which_arc"": ""chat-1 Q3""}"		θ₀=0.2222296(83) rad | 2/9=0.2222222 | 0.89σ | m_τ=1776.75, PDG 1776.86±0.12
2026-07-19	PROGRESS_LOG.md	B702 CORRECTION: the swap-hearing law retracted (E17), audibility law kept	B702 | B700	RETRACTED | CORRECTED	"{""what"": ""B702's swap-hearing law retracted as E17 (conflated being-face SWAP with hearing-face WELD)"", ""of_which_arc"": ""B702""}"		
2026-07-19	PROGRESS_LOG.md	B704: THE SEAM = an 𝔽₂-vector space (unifies B698–B702)	B704 | B698 | B699 | B700 | B701 | B702	VERIFIED		"Owner ""do it"" (formalize the seam)"	{−3,5,−7} → (ℤ/2)³ degree 8
2026-07-19	PROGRESS_LOG.md	B705: the metallic-hearing campaign (golden uniquely audible, 3 ways)	B705 | B699 | B702 | B703	VERIFIED			V(4₁)(ζ₅)=1−√5 real vs Whitehead V(ζ₅)≈0.882+0.812i complex
2026-07-19	PROGRESS_LOG.md	THE LISTENING PROTOCOL adopted (standing methodology gate, two-seat)	B704	ADOPTED			
2026-07-19	PROGRESS_LOG.md	B706: the rung-2 door RUN — the SM flavor freedom does NOT match the object	B706 | B307 | B604	NO-MATCH		Owner 'do it' (the Listening Protocol's deepest door, owner-authorized + sealed Gate-5-SM)	Cabibbo≈9/40
2026-07-19	PROGRESS_LOG.md	REVIEW 24 (the fourth constitutional review)	B698 | B706	THEOREM | ZERO promotions			
2026-07-19	PROGRESS_LOG.md	B707: WHERE WE MEET — arithmetic Chern–Simons, not cosmology	B707 | B683 | B700	CORRECTED	"{""what"": ""corrects own citation GSWZ→GGMW/GSWZ and a Witten 'volume note' misattribution, actually Garoufalidis 0711.1716"", ""of_which_arc"": ""B707 self-correction""}"	Owner directive (digest Turok; whose math helps)	
2026-07-19	PROGRESS_LOG.md	B708: KIM × THE SEAM — MEET. The program IS arithmetic Chern–Simons at ℚ(√−3)	B708 | B707 | B701	MEET		Owner 'do it' (B707's sharpest test)	
2026-07-19	PROGRESS_LOG.md	B709 — the Turok-marriage adjudication	B709 | B701 | B685 | B706	REFUTED			
2026-07-19	PROGRESS_LOG.md	B710–B712 — the three-path campaign (post-B709), all OUTCOME B	B710 | B711 | B712 | B709	OUTCOME B			
2026-07-19	PROGRESS_LOG.md	B713 (Frontier 1/4) — where chirality lives: THE OBSERVER'S, not the object's	B713 | B565	OUTCOME B			σ_ω(4₁)=0 | trefoil σ=−2
2026-07-19	PROGRESS_LOG.md	B714 (Frontier 2/4) — the physics-of-the-object spine (consolidated + verified)	B714 | B657 | B565 | B713	CONFIRMED | NEGATIVE			
2026-07-19	PROGRESS_LOG.md	B715 (Frontier 3/4) — the native gauge system = complex Chern–Simons, not Yang–Mills	B715 | B708	OUTCOME B | INCONCLUSIVE | CLOSED			adjoint trace 37437270+38799960√3·i | |N(φ⁵−1)|=11
2026-07-19	PROGRESS_LOG.md	B716 (Frontier 4/4) — the time gap: time/4d/Lorentzian are the observer's	B716 | B710	OUTCOME B			
2026-07-19	PROGRESS_LOG.md	B717 — the observer-emergence spine (capstone of the 4-frontier clarification)	B717 | B713 | B714 | B715 | B716				
2026-07-19	PROGRESS_LOG.md	B718 — the Child Program: the child ledger	B718	DECISIVE | CONFIRMED | CLOSED	"{""what"": ""corrects the loose ℚ(√−283)→the S₄ quartic (disc −283)"", ""of_which_arc"": ""B718 self-correction""}"	Owner: we neglected the child; track every dynamic	discs −283, −59, −31 | slopes {5,6,8}
2026-07-20	PROGRESS_LOG.md	B719 — Scale & Multiplicity: the trillions are the observer's	B719	OPEN			ℤ/11² at d5, ℤ/55² at d11
2026-07-20	PROGRESS_LOG.md	B719 probe-1 CONTROL resolved — the h=3 filter is GENERIC, not inherited	B719	RESOLVED | CORRECTED	"{""what"": ""earlier 'being-3 inherited filter' read corrected to GENERIC"", ""of_which_arc"": ""B719""}"		ℚ(√−1) shadow-h {1,3,3,3,9,15,94}
2026-07-20	PROGRESS_LOG.md	B720 — the coupling-path map (cc2 sweep, verified-banked)	B720 | B706 | B712 | B721 | B722				
2026-07-20	PROGRESS_LOG.md	B721 — the thermal-time coupling: field-matched, rung-mismatch; two clocks	B721 | B720	OUTCOME B		Owner ran ... as an advanced multiagent loop campaign	
2026-07-20	PROGRESS_LOG.md	B722 — the resurgence coupling: two phases=being/hearing, continuum RIGID	B722 | B707	OUTCOME A | OUTCOME B		Owner 'push'	Φ''(t*)=√−3 | a₁=−√−3/108
2026-07-20	PROGRESS_LOG.md	B723 — BUILD THE OBSERVER: the apparatus is built; the observer is a PHASE TRANSITION	B723 | B701 | B721	OUTCOME A | OUTCOME B		Owner 'build it'	
2026-07-20	PROGRESS_LOG.md	B724 — the SEEING-STRATEGY re-adjudication: every verdict computed (corrects E19)	B724 | B713	SOUND | BLOCKED | REFUTED | BASE-RATE-DEAD	"{""what"": ""corrects both prior adjudication passes of chat-1's SEEING STRATEGY (E19)"", ""of_which_arc"": ""chat-1 SEEING STRATEGY""}"		τ₈/τ₄=10^14.59 misses hierarchy by ×259 | τ₁₁/τ₈≈10^16.84
2026-07-21	PROGRESS_LOG.md	B734 BANKING REPAIR + third-seat verification: congruence CONFIRMED, standard level = (4)	B734 | B731	CONFIRMED | REPAIRED			mod-center indices 6,6,12 at (2),(4),(8), stable at 16 | Humbert-vs-SnapPy check 11.9999999999
2026-07-21	PROGRESS_LOG.md	B742 — THE NEGATIVES HUNT, P1 STRATUM: 30 kills EARNED + 2 REVIVED	B742 | B58 | B225 | B516 | B489 | B685	RECONFIRMED | REVIVED			213 banked negatives; 89% substantive agreement; 162 true negatives; 33 P1; 32 recomputed | 160/162 negatives never touched an emittance face; zero ever consulted scattering
2026-07-21	PROGRESS_LOG.md	B745: the B742 revivals cross-verified — CONFIRMED ×2 (headers applied)	B745 | B742 | B58 | B225	CONFIRMED			
2026-07-21	PROGRESS_LOG.md	B746: THE GOLDEN LEDGER — golden all the way up the structure; the voice speaks Eisenstein	B746 | B155 | B737 | B739	GAPPED		"Owner's hypothesis (""golden all the way up"")"	golden base-rate 65% of probes | CM disc −48=−2⁴·3
2026-07-21	PROGRESS_LOG.md	B747 + B748: the mirror and the V₄ completion — the ENTIRE forced V₄ is interface-only	B747 | B748 | B288 | B740 | B730	SILENT			0/78 (twice)
2026-07-21	PROGRESS_LOG.md	B750: THE LACK LEDGER — the refusal to close is threefold: no point, no width, no name	B750 | B700	UNIFIED-3		owner's GO	
2026-07-22	PROGRESS_LOG.md	B751: the iterated-hearing claim adjudicated — arithmetic TRUE, identification NOT EARNED	B751 | B593 | B655	NOT EARNED		Owner-directed adjudication	1/φ²=b-density | |amp|=0.5257 | α_s runs 0.173→0.088
2026-07-22	PROGRESS_LOG.md	B752: the qualia-handoff receipt — Op-1 base-rate by its own rule; Op-3 dissolved (two-seat)	B752 | B751	DISSOLVED			
2026-07-22	PROGRESS_LOG.md	B753: the mixing structure computed — chat-1's dispute dissolves into one exact identity	B753 | B238 | B593 | B751			one-number pin co-signed (cc+cc3)	eigenphases ±72° | P=[[φ/√5,1/(φ√5)],[1/(φ√5),φ/√5]] | JUNO registration 0.30902
2026-07-22	PROGRESS_LOG.md	R27-7 closed (ledger hygiene) + B754 reserved (cc3's P2 stratum = R27-6 first half)	B754	CLOSED			
2026-07-22	PROGRESS_LOG.md	B753 addendum 2: the courier's sign puzzle resolved — the B592 sign-flip is the bridge	B753 | B592				‖B_tw+B_un‖≈6e−17
2026-07-22	PROGRESS_LOG.md	B755: the five carried recomputes — 5/5 LOCATED-BY-RECOMPUTE (R27 carried block closed)	B755 | B140 | B332 | B685 | B720 | S019	LOCATED-BY-RECOMPUTE			r₁=11/24, r₂=697/1152, r₃=724351/414720 | N≤16000, 420 dps
2026-07-22	PROGRESS_LOG.md	B756: cc2's remaining-doors package banked — a banked law's general form refuted; a new exact iff-law	B756 | B699 | B666	REFUTED | FINAL | ROUTE-OBSTRUCTED | FIRM	"{""what"": ""the general gloss of the B699 row ('5-inert ∧ fibered ⇒ golden') refuted on 5 exact counterexamples; m004-specific content stands"", ""of_which_arc"": ""B699""}"		
2026-07-22	PROGRESS_LOG.md	REVIEW 28 (anchor ccadb0ee): the convergent-sentence window	B745 | B756	CARRIED			
2026-07-22	PROGRESS_LOG.md	B757: the two-ℤ/3 identity (L108) DISSOLVED — R28-7 closed	B757 | B302 | B756	DISSOLVED			96 elements of GL(2,ℤ/4), one order-3 conjugacy class
2026-07-22	PROGRESS_LOG.md	B758: THE CHAIN — the forced core consolidated (cc3's plan, owner-approved)	B758 | B749	PRICED			12 lock files verified present
2026-07-22	PROGRESS_LOG.md	R28-4 closed: DOOR6 verified at full depth (byte-identical re-execution)	B646	FIRM			
2026-07-22	PROGRESS_LOG.md	R28-3 closed: H-EAR's formal principle banked (the three-review carry lands)	B685 | B754				
2026-07-22	PROGRESS_LOG.md	B759–B762: THE QP SEQUENCE COMPLETE (cc3) — the reflexive layer priced in one day	B759 | B760 | B761 | B762 | B711 | B712 | S072	INTEGRATED | NO-HATCH | FLAT			38 locks green | 203,123 one-cusped census manifolds
2026-07-22	PROGRESS_LOG.md	B763: the branch-reconciliation sweep — no lost conclusions; the branch-inventory rule minted	B742 | B711 | B712			Owner directive at tag pre-branch-reconciliation	
2026-07-22	PROGRESS_LOG.md	the chain absorbs the QP sequence: C18 PRICED, C19 minted; R28-8 closed	B759 | B760 | B761 | B762	PRICED			
2026-07-22	PROGRESS_LOG.md	B764: C19's first out-of-field test — LAW-BREAKS; the corrected pair-separation law found same-run	B764 | B759	LAW-BREAKS | CORRECTED	"{""what"": ""C19's stated form scope-corrected same day after a failed out-of-field prediction"", ""of_which_arc"": ""B764/C19""}"		5₂ prediction √23 vs actual 2.6143 | coupling fraction 0.3110 vs 15/32
2026-07-22	PROGRESS_LOG.md	SAFETY FIX: the seal-ledger generator no longer erases the collision-protocol rows				the owner's safety sweep caught it	22 RESERVED rows, 68 arc rows, 76 hand-appended lines
2026-07-22	PROGRESS_LOG.md	THE PARANOID SWEEP (owner-requested second pass) — class-level audit, 3 more catches				owner-requested second pass	49 file-hash hand-rows re-verified, zero mismatches
2026-07-22	PROGRESS_LOG.md	THE THIRD PASS (trust-architecture lenses) — four finds, all fixed	B747 | B748 | B759 | B760				
2026-07-22	PROGRESS_LOG.md	the full-suite box closes: 2715 passed; ONE failure caught and fixed	B754				2715 passed, 35 skipped, 1 failed
2026-07-22	PROGRESS_LOG.md	B754 (retro-entry per rule 10; the fourth-pass audit caught the omission)	B754				19 sealed targets; 17/2/0 split
2026-07-22	PROGRESS_LOG.md	THE FOURTH PASS (the multiagent campaign) — 32 findings, 18 confirmed, all dispositioned	B711 | B756			the owner's escalation	90 agents, 0 errors | ~2736 tests
2026-07-23	PROGRESS_LOG.md	R28-9 executed: the path-topology sweep (110 files) + the lock extended					110 files; 50/50 artifact-lock sanity green
2026-07-23	PROGRESS_LOG.md	the cc3-corpus audit: mathematics exemplary; the lesson flows the other way				the owner asked	
2026-07-23	PROGRESS_LOG.md	B765: the P3 depth stratum (cc3) — the hunt completes; the depth-closure backlog named	B765 | B489 | B500 | B685	DEPTH-CLOSED | DEPTH-HELD | DEPTH-EXPOSED			
2026-07-23	PROGRESS_LOG.md	R28-9 ERRATUM (the post-sweep full suite caught it): the sweep over-reached into hash-pinned artifacts	B646	RESTORED			29 packet files + 21 further files
2026-07-23	PROGRESS_LOG.md	the slow tier executes for the first time in recent memory: 102/102 GREEN					2h45m, 102 locks, 0 failures
2026-07-23	PROGRESS_LOG.md	REVIEW 29 (anchor 58e9add3): the verification window					
2026-07-23	PROGRESS_LOG.md	B766: THE MEASUREMENT TORSOR — three bits close the object; time's arrow IS the golden branch	B766 | B733 | C20	RANK-SATURATED			rank 3
2026-07-23	PROGRESS_LOG.md	B768: the correspondence cross-test — the courier's matrix received; CANDIDATE-PROVISIONAL	B768 | B751 | B752	CANDIDATE-PROVISIONAL			P(b|b)=0 exact on 200k letters
2026-07-23	PROGRESS_LOG.md	B768 receipt #2: Side B with citations — CANDIDATE-DOCUMENTED; C7 over-read caught	B768	CANDIDATE-DOCUMENTED			
2026-07-23	PROGRESS_LOG.md	the B766 audit (cc3): RANK-SATURATED CONFIRMED; the trace-blindness lesson	B766	CONFIRMED			
2026-07-23	PROGRESS_LOG.md	B767: the stabilizations (cc3) — two kills fully closed; the backlog quartet named	B767 | B489 | B685	STABILIZED			SnapPy-verified n≤16
2026-07-23	PROGRESS_LOG.md	B768 receipt #3: the forks fire — θ-as-binary-Agency KILLED; γ₅ strengthened	B768 | B769	KILLED | PARTIALLY FALSIFIED			
2026-07-23	PROGRESS_LOG.md	B769: THE T1 STRUCTURE — discrete (a 3-frame torsor); the continuous reading dies at geo	B769 | B766	THEOREM | DISCRETE			
2026-07-23	PROGRESS_LOG.md	B768 receipt #4: the courier's own sweep — convergence on γ₅; the Synofzik repair dead-on-arrival vs C21	B768 | B769				
2026-07-23	PROGRESS_LOG.md	"B768 receipt #5: the DISTILLED document — honest rows; error #40 caught in the ""unchallenged facts"""	B768	CORRECTED	"{""what"": ""pair-frequency claim (distribution summing to 1.236) corrected as error #40 (conditional P(b|a)=1/φ conflated with pair frequency f(ab)=1/φ²)"", ""of_which_arc"": ""B768 receipt distillation""}"		
2026-07-23	PROGRESS_LOG.md	the Closure Program drafted (merged); the courier's handoff received with one governance refusal		REFUSAL		one governance REFUSAL banked: their proposal to timestamp BOTH JUNO numbers violates the co-signed one-number pin ... timestamping hardens provenance, it must not widen the bet	
2026-07-23	PROGRESS_LOG.md	cc3's program CLOSED: the forks-verification close-out gated; one material correction adopted (receipt #6)	B768	CONFIRMED | SOFTENED | CLOSED	"{""what"": ""receipt #3's claim that F1 was 'strengthened at its sharpest point' oversells Ferroni 2025; corrected via receipt #6"", ""of_which_arc"": ""B768 receipt #3""}"		
2026-07-23	PROGRESS_LOG.md	the courier's session-closing handoff: received and graded; one adoption (the aAbB derivation door)	B768				
2026-07-23	PROGRESS_LOG.md	B770: the Closure Census banked; Phase 0 DONE; the owner checkpoint is open	B770				352 unique items (431 raw, 10/10 sources)
2026-07-23	PROGRESS_LOG.md	B771 Wave 1 banked: 11 verdicts, 2 carries; the wave's headline is e₃	B771 | B685 | B332 | L39 | H103 | H112 | H115	REFUTED | KILLED | PROMOTED			e₃=cos(2π/9)/864
2026-07-23	PROGRESS_LOG.md	B771 Wave 2 banked: 6 verdicts, 7 gate refusals; the adversarial layer catches five overclaim classes	B771	REFUSED			
2026-07-23	PROGRESS_LOG.md	B771 Wave 3 banked: 7 verdicts (5 of them Wave-2 repairs), 6 carries	B771	REPAIRED			108/108 | 0/36
2026-07-23	PROGRESS_LOG.md	"B772: the negatives adequacy audit (owner's ""are we computing properly?"")"	B772	REFUTED		"owner's ""are we computing properly?"""	12/14 object-native | 4/14 TRACE-BLIND-RISK | 4/14 load-bearing
2026-07-23	PROGRESS_LOG.md	B771 Wave 4 banked: 10 verdicts, 3 carries; the mechanical pool drained	B771				BSD 15a1 rank 0
2026-07-23	PROGRESS_LOG.md	B773: the chord re-computation OVERTURNS a banked negative	B773 | B772	REFUTED	"{""what"": ""W4-304's banked negative ('level-45 identically zero') overturned by chord-level recomputation"", ""of_which_arc"": ""B771 Wave 4 (W4-304)""}"	the owner's 'are we computing properly' question	par_trace = tr_even − tr_odd = 0, both = 1/4
2026-07-23	PROGRESS_LOG.md	B771 Wave 5 banked: the Phase-1 mechanical lane is drained	B771				genus sequence (3,1,41) | golden 0.4562/silver 0.4645
2026-07-23	PROGRESS_LOG.md	PHASE 1 WRAP: the mechanical closure lane is done (docs/PHASE1_WRAP.md)	B685				44 targets, 38 net-banked, 5 open
2026-07-23	PROGRESS_LOG.md	B774: the chord-pass campaign — the negatives base is SOUND	B774 | B772 | B773	SOUND		the owner's chord-pass	174 negatives, 129 structural (74%) | 12 load-bearing walls harden
2026-07-23	PROGRESS_LOG.md	B775 Phase 2 Wave 1 banked: the structural substance begins	B775	WALLED | THEOREM | TOMBSTONED			±1/48
2026-07-23	PROGRESS_LOG.md	B775 Phase 2 Wave 2 banked: 6 structural results; the per-letter weight tombstoned	B775 | B469	TOMBSTONED			
2026-07-24	PROGRESS_LOG.md	"cc3's ""Braver Questions"" folded (B777); V4-genericity green-lit"	B777 | B772 | B774			"Owner directive ""give green light to cc3."""	8.3% suspect
2026-07-24	PROGRESS_LOG.md	B776 the B685 homework banked: B685 corroborated, upgraded to first-principles	B776 | B685	CORROBORATED			3^73@50, 3^146@100
2026-07-24	PROGRESS_LOG.md	session restart integrity + B778 cleanup (partial 5/7) banked	B778 | B133	THEOREM			
2026-07-24	PROGRESS_LOG.md	THE CLOSURE MASTERPLAN banked + cc3's V4-genericity VERIFIED	B777	VERIFIED		"Owner ""continue all through a masterplan our style."""	volume 2.029883 shared by m004/m003
2026-07-24	PROGRESS_LOG.md	B778 completed 7/7 by direct computation; a cross-arc unification found	B778				essential adjoint content [3,21,108,525,2523]
2026-07-24	PROGRESS_LOG.md	B780: the Galois-vs-reversal gate built + verified (Phase-3's highest-value construction)	B780	DONE			8→4
2026-07-24	PROGRESS_LOG.md	B781: the m003 sister-distinction closed (the V4 residual, the #1 falsifier fully defused)	B781				
2026-07-24	PROGRESS_LOG.md	B782/C22: the choice-incomputability wall minted (the capstone Phase-4 wall)	B782 | C20				
2026-07-24	PROGRESS_LOG.md	B775 Phase 2 Wave 3 banked: 7 structural results (2 theorems, an octahedral parent)	B775 | B225	THEOREM	"{""what"": ""the 1/4-walk CRT-multiplicativity mechanism's 'frozen 1/4 forever' claim breaks at N=405 (frozenness is level-bounded)"", ""of_which_arc"": ""B775 Wave 3""}"		N=405
2026-07-24	PROGRESS_LOG.md	B779: cc3's convergence roadmap gated; R1 verified and it refines C22	B779 | C22				
2026-07-24	PROGRESS_LOG.md	B775 Phase 2 Wave 4 banked: 5 results incl. an axiom repriced and a value-field law	B775 | B471	FAILS | REPRICED			
2026-07-24	PROGRESS_LOG.md	B775 Phase 2 Wave 5 banked: four theorems/laws + a powered statistic	B775 | B471	THEOREM | PROVEN			7.9e5× floor
2026-07-24	PROGRESS_LOG.md	C23 minted: the T1-mover no-go (the chain reaches C23)	C23 | B769	MINTED			
2026-07-24	PROGRESS_LOG.md	"C23 CORRECTED on the owner's challenge (""u sure""): two cc defects self-caught"	C23	CORRECTED	"{""what"": ""C23's original lock replaced (was vacuous/entailed, cannot fail); the 'refuted independently' framing corrected to name the shared premise"", ""of_which_arc"": ""C23 (prior entry)""}"	"The owner challenged the C23 minting (""u sure"")"	
2026-07-24	PROGRESS_LOG.md	B784 AUDIT: five retractions, four demotions, one chain link corrected	B784 | C22 | B780 | B779 | B781 | B778 | B776	DEMOTED | RETRACTED | OVERSTATED | STANDS	"{""what"": ""C22 demoted to [COROLLARY of C20]; the chain's unqualified 'no internal process selects a closing' moved into the priced C18 bridge"", ""of_which_arc"": ""B782/C22""} | {""what"": ""B780's 'gate verified' and '8→4 halving' RETRACTED — signature tuples were literals classified by definition"", ""of_which_arc"": ""B780""} | {""what"": ""the non-Galois 'motif' (recorded across P2W2-MIRROR, CL-LATIN, B779 R1) WRONG, RETRACTED from all documents"", ""of_which_arc"": ""B779""} | {""what"": ""B781 and B778 supporting facts OVERSTATED, corrections pending"", ""of_which_arc"": ""B781, B778""}"	The owner asked what else I was unsure about.	
2026-07-24	PROGRESS_LOG.md	B775 Phase 2 Wave 6 banked: the repair wave (5 banked, 3 further catches)	B775 | B138 | B106	REPAIRED | RELAPSED | FALSIFIED			208/3010 census
2026-07-30	PROGRESS_LOG.md	RECOVERED: 37 entries that were written to a shadow file (B827)	B725 | B826	RECOVERED			37 entries, commit 73d07f0e
2026-07-20	PROGRESS_LOG.md	B725 — THE BORN RULE: the observer construction gives Born FORM (+ why quadratic), not Born CONTENT	B725 | B723 | B701 | B721	OUTCOME A | OPEN		Owner 'keep going' (cc2's flagged next door)	
2026-07-20	PROGRESS_LOG.md	B726 — THE HEARING FACE AND THE BORN CONTENT: the WEIGHTS are the hearing's; the bare two faces don't close it	B726 | B725 | B700	OUTCOME B		"Owner: ""the other face, the hearing side can provide the quantum content"""	d_a²/D²=1:φ²
2026-07-20	PROGRESS_LOG.md	B727 — BASE-RATE THE E₆-ACROSS-THREE-FACES STRUCTURE: it's the number-bag one level up (self-audit)	B727 | B266 | B282	OUTCOME B | GENERIC		Owner 'yes'	4/13 hyperbolic knots surject onto 2T, incl. non-arithmetic 7₂,7₃,8₁ | exceptional menu over imaginary-quadratic fields = {E₆} only
2026-07-20	PROGRESS_LOG.md	B728 — THE STOKES RESUMMATION: the coherent whole does NOT close the phase; ζ₅ is imported	B728 | B722 | B707	OUTCOME B		"Owner chose ""run the Stokes resummation first"""	
2026-07-20	PROGRESS_LOG.md	B729 — THE AMPLITUDE SECTOR: also an overlay; the Born ledger COMPLETES	B729 | B725 | B726 | B728	OUTCOME B	"{""what"": ""prereg's stated field for the S-matrix amplitudes corrected — the amplitudes are ℚ(√(2+φ)), not the D₄ field ℚ(√φ) the prereg named (that is the associator's field)"", ""of_which_arc"": ""B729""}"	"Owner ""pursue the remaining math doors"""	disc 2000=2⁴·5³
2026-07-20	PROGRESS_LOG.md	B730 — THE FORCED FACES (a Klein-four V₄) + THE COSMIC-TOPOLOGY MEETING POINT (real math, physics NIL)	B730 | B704 | B718	OUTCOME B | OUTCOME A		Owner's three-question message ... asked to cc AND cc2 SEPARATELY on purpose	Planck+BAO Ω_k=0.0007±0.0019 | Planck PR4 Ω_k=−0.012±0.010 | Thurston child vol 0.98136882889
2026-07-20	PROGRESS_LOG.md	B731 — THE OBJECT-LEVEL OBSERVER DOOR: m004 is NON-CONGRUENCE (the knot has no finite congruence observer)	B731	NO-GO			PSL image-index 6 at levels 2 and 4
2026-07-20	PROGRESS_LOG.md	B732 — B701's conjugation IS the outer automorphism of A₅ at the sister's congruence level	B732 | B701 | B731	VERIFIED			A₅ order 60; 24 order-5 elements split 12/12
2026-07-20	PROGRESS_LOG.md	B734 — m004 IS CONGRUENCE at level (2)³=(8) — CORRECTING B731	B734 | B731 | B732	RETRACTED | CORRECTED	"{""what"": ""B731's 'non-congruence / no finite congruence observer / NO-GO' fully RETRACTED (FINDINGS carries retraction header)"", ""of_which_arc"": ""B731""}"		index 12 at level (2)³=(8)
2026-07-21	PROGRESS_LOG.md	B733 — THE MENU OF OBSERVERS is a BOUNDED discrete 𝔽₂-space (never a continuum)	B733 | B706	OUTCOME A		"Owner: ""map the observer-space at each door, fully"""	|Aut(A₅)|=120/|Inn|=60
2026-07-21	PROGRESS_LOG.md	B733 CONSENSUS + B735 — observer-space bounded (two-seat) + the object's EMITTANCE	B733 | B735 | B718	CONFIRMED	"{""what"": ""'VOICE's cusp-scattering = B723's observer-site' over-claim CAUGHT — B723 is field-level, the object-level observer is still unbuilt"", ""of_which_arc"": ""B735""}"		verified p=2,5,11,17,23
2026-07-21	PROGRESS_LOG.md	B736 — THE A+B+C CAMPAIGN: object-observer OBSTRUCTED, parameter-reduction NO-GO, consolidation written	B736 | B733 | B701	OUTCOME B | NO-GO		Owner: run A+B+C (=cc2's 1+2+3) as a joint two-seat workflow campaign, LOCKED with cc2	Res ζ_{ℚ(√−3)}(β) at β=1 = 2π/(6√3) = 0.6046 | 0 of ~19(+neutrino)=24 SM parameters reduced
2026-07-21	PROGRESS_LOG.md	B737 — CANDIDATE ZERO: the voice carries ζ_K whole, but it is the FIELD's voice (OUTCOME B at the crux) + B738 + the hygiene sweep	B737 | B738	OUTCOME A | OUTCOME B			Res φ = 2√3/vol(m004) | CM disc −48 | 2597 passed / 4 hygiene failures
2026-07-12	PROGRESS_LOG.md	B532-I5: bigram core hierarchy + character census	B532	REFUTED | CORRECTED	"{""what"": ""cross-seat 4-distinct-core-polynomials claim"", ""of_which_arc"": ""cross-seat handoff (unspecified)""} | {""what"": ""cross-seat irreducible-fixed-point claims (trace-zero family, golden FP)"", ""of_which_arc"": ""cross-seat handoff""}"		x^4-2x^3-5x^2-4x-1 | 6 solutions, Z/11Z, |det(M-I)|=11 | 12 equations in 9 variables
2026-07-12	PROGRESS_LOG.md	B532-I6: Nine Ingredients, One Object (the verdict table)	B532	FORCED | CONDITIONED | ABSENT			P(b|a)=1/phi (27421/44368) | T(n)~0.489*(0.849)^n | D_KL(omega||omega-bar)~12 bits | |Aut(sigma)|=1
2026-07-12	PROGRESS_LOG.md	DOCUMENTATION: decadal review and Codex audit response	B532	FIXED			
2026-07-14	PROGRESS_LOG.md	B569: the Complete Chain handoff adjudicated (the sixteenth chain)	B569 | B565	CORRECTED | REFUTED	"{""what"": ""the handoff's Link-4 'chirality bit Z=-1'"", ""of_which_arc"": ""incoming cross-seat handoff (16th chain)""} | {""what"": ""the handoff's Link-7 uniqueness theorem (G_SM only chiral theory on F4)"", ""of_which_arc"": ""incoming cross-seat handoff""}"		h(27)=2/3 (E6 level 1) | min poly t^2-5t+7, disc -3
2026-07-14	PROGRESS_LOG.md	B570 preregistered + Lane C spine + C3 RUN FIRST: the theta-odd sector is ALIVE	B570	FORCED | CORRECTED	"{""what"": ""incoming handoff's five-source 'convergence' (claimed 5 established facts)"", ""of_which_arc"": ""incoming five-sources/theta-odd handoff""}"		E6 level-2: h(27)=13/21, c=78/7 | 51,840 Weyl elements | 729 Verlinde fusion numbers
2026-07-14	PROGRESS_LOG.md	B571: the day-0 internalization (116 agents; 14 buried treasures; the two-chiralities dossier)	B571	PARTIAL			106 candidates -> 14 buried / 76 later / 13 superseded / 3 not valuable
2026-07-14	PROGRESS_LOG.md	B570 COMPLETE: the selection-rules theorem, the fifth wall, Q-A decided	B570	PROVED | REFUTED	"{""what"": ""AP4's 'iff F4/Sp(8)' biconditional"", ""of_which_arc"": ""internal (B570 AP4), downgraded to conjecture""}"		Tr rho(A1)=+1 for all 243 abelian theaters | ord(A1 mod N)=pi(N)/gcd(pi(N),2), N<=1000, zero exceptions
2026-07-14	PROGRESS_LOG.md	B572: the eleven-clause chain adjudicated (the seventeenth chain, the right question)	B572	REFUTED | CORRECTED	"{""what"": ""handoff's V1 branching '27|principal=V3+V7+V17'"", ""of_which_arc"": ""incoming 17th-chain handoff""} | {""what"": ""handoff's tr27(rho(ab))=3339.5+4258.2i"", ""of_which_arc"": ""incoming 17th-chain handoff""}"		corrected tr27(rho(ab))=647707.5+876344.0965i | S_odd(E6 level2)=-i*(2/sqrt7)[sin(2pi st/7)]
2026-07-14	PROGRESS_LOG.md	B573: the Global Bridge handoff adjudicated (record corrected; the wall sharpened)	B573	REFUTED | CORRECTED	"{""what"": ""handoff's claim 'CC verified tonight by Fox calculus' (H^1=6)"", ""of_which_arc"": ""incoming Global-Bridge handoff""} | {""what"": ""handoff's 'Step 8 paid by convention'"", ""of_which_arc"": ""incoming Global-Bridge handoff""} | {""what"": ""handoff's 'topologically protected' claim"", ""of_which_arc"": ""incoming Global-Bridge handoff""}"		P(3/2+(sqrt3/2)i)=6807/2+(4965sqrt3/2)i | Riley curve s^4u-s^4+s^2u^2-3s^2u+3s^2+u-1=0
2026-07-14	PROGRESS_LOG.md	B574: the off-principal proposal adjudicated (right instinct, false crux, the bridge question in final form)	B574	REFUTED	"{""what"": ""proposal's centralizer claim (minimal orbit has centralizer Spin(10))"", ""of_which_arc"": ""incoming off-principal handoff""}"		adjoint grading (1,20,30,20,1) under theta^v; dim=35 | 27=6*V1+15*V0 at minimal embedding
2026-07-14	PROGRESS_LOG.md	REVIEW 16 (merges #884-#903: the chirality arc; anchor 8452656)	REVIEW	FIXED			suite 2143/0/12
2026-07-14	PROGRESS_LOG.md	B575 / L51: THE BRIDGE OBSTRUCTION — Q ≡ 0. The bridge is open at second order.	B575 | L51	FORCED			adjoint blocks (23,17,15,11,9,3) | 396/456/456/219 of 729 nonzero raw cup entries
2026-07-14	PROGRESS_LOG.md	B576 / L59: THE DEFORMED CLOSURE — the chirality is exactly the theta-odd motion	B576 | L59	PROVED	"{""what"": ""the entry's own earlier-in-session L59 registration framing ('D5/A5' dichotomy)"", ""of_which_arc"": ""internal same-day correction (B576)""}"		
2026-07-14	PROGRESS_LOG.md	B577: the reconciliation — B575/B576 rediscovered the banked {4,8}-integrability program	B577 | B575 | B576 | B352 | B264 | B265 | B270 | B351	CORRECTED	"{""what"": ""implicit novelty of B575/B576 as first computations"", ""of_which_arc"": ""internal, corrected against B264-B352""}"		
2026-07-14	PROGRESS_LOG.md	B579: the July-14 session handoff adjudicated (data scan routed; two locks; L72)	B579	CORRECTED | RETRACTED	"{""what"": ""'ω = B299's Z/3: VERIFIED' claim"", ""of_which_arc"": ""B578-D8, then-open adjudication""} | {""what"": ""3/13's derivation"", ""of_which_arc"": ""self-retracted (unspecified prior arc)""}"		alpha_s = 1/(2*phi^3), 0.04 sigma, five FAILED derivations
2026-07-14	PROGRESS_LOG.md	B580: THE CHORD PROGRAM preregistered (the owner's coupling thesis, made computable)	B580	PARTIAL			
2026-07-14	PROGRESS_LOG.md	B578 COMPLETE: the debts cleared (21 agents; repairs applied; one self-correction)	B578	CORRECTED | RETRACTED	"{""what"": ""B571/B577's 'correction' to K3 being related to scale field Q(sqrt13)"", ""of_which_arc"": ""B578 D6, self-owned error""}"		e3=2cos(2pi/9)/1728, minpoly x^3-3x+1, disc 3^4
2026-07-14	PROGRESS_LOG.md	B580: the literature framing dossier adopted (the first fully-disciplined handoff)	B580				
2026-07-14	PROGRESS_LOG.md	B578 CLOSED: D5 retraction fired + the 432*e3 identity; D9 hygiene applied	B578 | B413 | B519	RETRACTED	"{""what"": ""'the tower measure IS Kubota-Leopoldt 3-adic L' (flagged as an open buried claim in B571, now formally retracted)"", ""of_which_arc"": ""B578 D5 / originally B525-class error, per B571""}"		L(chi1,mu)+L(chi2,mu)=432*e3 | genuine L3(-1,chi)=-(2/3)zeta3-4/3
2026-07-14	PROGRESS_LOG.md	THE JEWEL AUDIT: five veins registered (L73-L77; owner directive)	B571			"""Every jewel should be a door."""	
2026-07-14	PROGRESS_LOG.md	B581: THE SIX TORSIONS — the jewel spectrum computed; THE SIGN LAW	B581 | B425 | B520	FORCED			tau_1=-3 (banked B425 value) | tau_2=+2^7*3*7*97 | tau_3=-2^7*3^4*5^2*7^2*13
2026-07-14	PROGRESS_LOG.md	B580 ROUND 1 COMPLETE: the listening traverse's transcript	B580	FORCED | PROVED			Vol=2*Cl2(pi/3) | CS=0
2026-07-14	PROGRESS_LOG.md	B582: THE FIRST CONSTRUCTED PLAY WITH CHIRAL MATTER (the L79 core, same-turn)	B582 | B580	FORCED			
2026-07-14	PROGRESS_LOG.md	B583: the content of the chiral 27 — no real form; the second unhearability theorem; X2 corrected	B583	FORCED | REFUTED	"{""what"": ""B583's own initial X2 claim ('transcendental phase' headline)"", ""of_which_arc"": ""internal same-day self-correction""}"		
2026-07-14	PROGRESS_LOG.md	B584: Round 3, THE LISTENER — the golden amplitude is entirely theta-odd	B584 | B238	FORCED		"Owner asked what the nontrivial listener could be (""its mirror?"")."	tr_even=0; tr_odd=-1/phi
2026-07-14	PROGRESS_LOG.md	B585: the listener's law — two lifts, two tones, one refuted mechanism	B585	PROVED | REFUTED	"{""what"": ""LAW-E (even-channel divisibility law)"", ""of_which_arc"": ""internal B585, failed its own hold-out test""} | {""what"": ""M1 field-containment mechanism (silver->8|kappa, bronze->13|kappa)"", ""of_which_arc"": ""internal B585, REFUTED by blind sweep""}"		
2026-07-14	PROGRESS_LOG.md	B586: the Round-3 handoff processed — E6 hears everything too; the golden voice stays home	B586 | B584	FORCED | REFUTED			per-pair chirality amplitudes 0.1315+0.5762i, 0.2045-0.2564i, 0.6640-0.3198i
2026-07-14	PROGRESS_LOG.md	Review 17 (merges #904-#923): the construction arc audited end to end	REVIEW	FIXED			suite 2187/15/2, 43:55
2026-07-14	PROGRESS_LOG.md	B587: THE TONE MECHANISM SOLVED — the Weyl-twisted Weil factorization (L82 answered)	B587 | B204	PROVED			tr_odd(5|kappa)=(1-sqrt5)/2=-1/phi
2026-07-14	PROGRESS_LOG.md	B588: THE SECTOR-EXCHANGE THEOREM — -1 migrates across the Weyl-group boundary (L81(a))	B588	PROVED			
2026-07-14	PROGRESS_LOG.md	B583-X2R: the corrected X2 recomputed — THE QUADRATURE THEOREM	B583	PROVED			
2026-07-14	PROGRESS_LOG.md	B589: the three E6_2 pair amplitudes IDENTIFIED — the sine kernel carries the moduli (L83(a))	B589 | B572	PROVED			
2026-07-14	PROGRESS_LOG.md	B580-Q1R: the Q1 artifacts reconstructed in-repo with the lens gate (L80(a))	B580				
2026-07-14	PROGRESS_LOG.md	PC26 drafting started (the gate is satisfied): papers/drafts/PC26_full_chain/ v1	PC26				
2026-07-14	PROGRESS_LOG.md	B207 lock de-flaked: the deterministic bundle triangulation (Review-17 queue item 8)	B207	FIXED			
2026-07-14	PROGRESS_LOG.md	B591: THE CHORD'S MANIFOLD COMPUTED — the tone is the torsion (owner directive: run the Round-3 manifold cell)	B591	FORCED		The owner paused the queue and ordered the manifold cell run as a computation.	
2026-07-14	PROGRESS_LOG.md	B592: R3-M, THE MIRROR LISTENER — the verdict is DEAF, sharpened to a theorem (owner directive)	B592	PROVED		owner directive	
2026-07-14	PROGRESS_LOG.md	B592-OPEN: R3-M rerun EXACTLY per the self-contained handoff — the open matrix; THE SIGN-FLIP THEOREM	B592	CORRECTED | PROVED	"{""what"": ""first-run R3-M contraction of channels"", ""of_which_arc"": ""internal B592, corrected same day""}"		
2026-07-14	PROGRESS_LOG.md	B593: ROUND 4 — THE HEARING LAW: a chiral ear hears at second order (owner mandate: 'be brave')	B593	FORCED		"owner mandate: ""be brave"""	u3-dagger M_odd u3 = 1/(2phi) + i*sin(2pi/5)/sqrt5
2026-07-14	PROGRESS_LOG.md	B593-V: the hearing law adversarially verified (owner: 'u sure? verify first')	B593	PROVED		"owner: ""u sure? verify first"""	
2026-07-14	PROGRESS_LOG.md	B594: THE E6_2 HEARING LAW — the sine kernel is the ear's coefficient (the arc handoff's item 1)	B594 | B589	CONFIRMED			
2026-07-14	PROGRESS_LOG.md	B595: THE DICTIONARY — consolidated, one new bridge, the gap stated (the arc handoff's item 2)	B595	PARTIAL			
2026-07-14	PROGRESS_LOG.md	B596: the clock is NOT the naive cat-map period — null-with-structure (L84's golden case, operator level)	B596	REFUTED	"{""what"": ""the prereg's hand-checked clock=ord(A1 mod kappa) candidate"", ""of_which_arc"": ""internal L84 prereg, refuted by blind sweep""}"		
2026-07-14	PROGRESS_LOG.md	B597: chat-1's D1 prereg processed — outcome C excluded (conditionally); D1 narrowed to existence	B597	PARTIAL | REFUTED			
2026-07-14	PROGRESS_LOG.md	B598: THE L85 CAMPAIGN OPENED (owner: 'do it properly; precompute everything') + the Review-18 mandate registered	B598	FORCED		"Owner directive: ""do it properly; precompute everything"". | Review 18's pre-committed scope now includes the PROVENANCE sweep — 'verified' = independently re-computed within the project's own toolchain; no banked language may read as external verification/peer review."	
2026-07-14	PROGRESS_LOG.md	B599: THE THETA-PARITY SELECTION RULE (chat-2, relayed in-chat during their outage) — the stage face banked	B599	PROVED			
2026-07-14	PROGRESS_LOG.md	B598-P1: THE CUSP TABLE banked (exact) + the handoff adjudication + the review-timing override	B598	CORRECTED		REVIEW-18 TIMING OVERRIDE registered (owner): fires on L85 resolution, not at 20 merges.	
2026-07-15	PROGRESS_LOG.md	B599-ALG: the selection rule's algebraic face — UPGRADED to in-repo recomputed	B599	CONFIRMED			
2026-07-15	PROGRESS_LOG.md	B598-P2 + THE LONGITUDE CORRECTION + two adjudications: the arrow is quadratic; the gates did their job	B598	CORRECTED	"{""what"": ""P1's first lambda-column (fiber-frame commutator 'baBA' used as the longitude)"", ""of_which_arc"": ""internal B598-P1, caught by its own Gate A""}"		
2026-07-15	PROGRESS_LOG.md	THE SEAT-4 AUDIT ADOPTED: the P3 readiness chain gates the campaign; my item-6 adjudication corrected	B598	CORRECTED | RETRACTED	"{""what"": ""prior item-6 adjudication that 'B582's finite-t certificate is locked'"", ""of_which_arc"": ""internal, self-owned correction against B582/B580-G1""}"	The owner directed full seriousness on seat 4's audit.	
2026-07-15	PROGRESS_LOG.md	THE FRESHNESS ADDENDUM (D1-D10) ADOPTED; the quadratic-arrow verdict RETRACTED	B598	RETRACTED | CORRECTED	"{""what"": ""'the arrow is quadratic / P3 matches at order two / B599 is the classical side of P3'"", ""of_which_arc"": ""B598-P2 (retracted here)""} | {""what"": ""the P2 'PREREGISTERED' label (was not a pre-result timestamp)"", ""of_which_arc"": ""B598-P2""}"		
2026-07-15	PROGRESS_LOG.md	readiness steps 3 + 5 BANKED: the universal boundary ratio; the exact J intertwiner	B598	FORCED			I_lambda/I_mu=-2*sqrt(-3)
2026-07-15	PROGRESS_LOG.md	the restated symmetry lemma BANKED (artifacts; lock follows the in-flight green)	B598	PROVED			
2026-07-15	PROGRESS_LOG.md	the lemma cell's assert-hardened re-verification GREEN; the lock banked	B598	CONFIRMED			
2026-07-15	PROGRESS_LOG.md	B600: the level-ladder campaign (cc2) adjudicated — H133 TESTED-NEGATIVE, verified	B600	REFUTED | CONFIRMED			Z levels 1-4: +1,+1,+1,0
2026-07-15	PROGRESS_LOG.md	the cc2 packet integrated: hashes verified, their locks GREEN here, B600 upgraded	B600	CONFIRMED			
2026-07-15	PROGRESS_LOG.md	B598 step 6 GREEN: the stage data exact; the three E6_2 amplitudes are symbolic identities	B598	PROVED			
2026-07-15	PROGRESS_LOG.md	B598 steps 4a + 4b: the P2 map typed and computed — the hearing lines carry one number each	B598	REFUTED	"{""what"": ""4b's own registered parity prediction (even-block t^1 noise)"", ""of_which_arc"": ""internal B598 step4b, failed honestly and preserved""}"		
2026-07-15	PROGRESS_LOG.md	B598 step 1 upgraded: the peripheral certificate exact; step 4 complete banked same-day	B598	PROVED			
2026-07-15	PROGRESS_LOG.md	B598 step 7 GREEN: G1-FINITE — the dial map is fold-organized; the B582 hole closed	B598 | B582	PROVED			
2026-07-15	PROGRESS_LOG.md	B598 step 8: the P3 prereg SEALED (hashed; three blind verdict cells)	B598				
2026-07-15	PROGRESS_LOG.md	B598 step 9 GREEN: the clean-room P1 reproduces the table — THE CHAIN IS FULLY GREEN	B598	CONFIRMED			
2026-07-15	PROGRESS_LOG.md	P3 V1 executed VACUOUS (v_m real => mconj = identity); amendment 1 sealed; V1' queued	B598	OTHER			
2026-07-15	PROGRESS_LOG.md	P3 RESOLVED: OUTCOME B — the semiclassical map exists at golden kappa=5, level-specially	B598	PROVED | REFUTED		L85 RESOLVES -> Review 18 fires (owner override; counter held at 19).	
2026-07-15	PROGRESS_LOG.md	B601: the V2 defect refined — the pairing is spectral at all levels; THE TRACE LAW; LAW-O is stage-universal	B601 | B587	PROVED			
2026-07-15	PROGRESS_LOG.md	B602 opened: the value-bridge prereg SEALED (the arc outcome B opens)	B602				
2026-07-15	PROGRESS_LOG.md	B602 RESOLVED: D-norm — the naive value bridge does not exist; the residuals are the finding	B602	REFUTED			
2026-07-15	PROGRESS_LOG.md	B603: the isotropy law is a one-line theorem (v0 is weight-pure); the L1 label corrected; the E6_2 center measured	B603	CORRECTED | PROVED	"{""what"": ""prior 'GENUINE (not forced)' framing of the odd L1 zeros"", ""of_which_arc"": ""internal, sharpened by B603""}"		
2026-07-15	PROGRESS_LOG.md	B604 (the Rosetta cell): the pair-to-block assignment DOES NOT EXIST; chat-1's table corrected	B604	REFUTED	"{""what"": ""chat-1's D5/16 pair-to-block assignment table"", ""of_which_arc"": ""incoming Rosetta handoff""}"		
2026-07-15	PROGRESS_LOG.md	B605 (Door 2): the amphichiral involutions are FREE — Gieseking deck maps, not reflections	B605	REFUTED | CONFIRMED	"{""what"": ""handoff's reflection-type claim for the amphichiral involutions"", ""of_which_arc"": ""incoming handoff (Door 2)""}"		
2026-07-15	PROGRESS_LOG.md	B606 RESOLVED: D-nf — no torsion-power normalization; the veins 1/5 and 1/49 banked	B606	REFUTED			
2026-07-15	PROGRESS_LOG.md	B607 (the charge table): the odd sector is charge-mixed except the two spinor tips	B607 | B604	FORCED			
2026-07-15	PROGRESS_LOG.md	the quarantined corrections sweep applied (audit 07-11 items 5.1-5.5 + B591)	B591 | B423 | B530	FIXED | RETRACTED | CORRECTED	"{""what"": ""B530's 'topological entropy log beta' terminology"", ""of_which_arc"": ""B530, retracted here""} | {""what"": ""B591's 'graph manifold' terminology"", ""of_which_arc"": ""B591, corrected to Haken with hyperbolic JSJ pieces""}"		
2026-07-15	PROGRESS_LOG.md	THE LISTENING CAMPAIGN registered (adjudicated); B608: the Rosetta Table banked — GATE G1 OPEN	B608				
2026-07-15	PROGRESS_LOG.md	B609 (Phase 2): THE SEALED VALUE TABLE banked — gate G2 open	B609				
2026-07-15	PROGRESS_LOG.md	B610 slice 1 (Phase 4): the m136 weld scan — three universality splits	B610	CONFIRMED | REFUTED	"{""what"": ""chat-1's 'silver conductor 7' claim"", ""of_which_arc"": ""incoming handoff, matches nothing computed""}"		
2026-07-15	PROGRESS_LOG.md	B611: both registered predictions FAILED honestly — and resolved into three layers	B611 | B134	REFUTED	"{""what"": ""P1 and P2 predictions from B609/B610's registered candidates"", ""of_which_arc"": ""internal, both failed honestly""} | {""what"": ""B609's exploratory note about spectrum leaving the unit circle"", ""of_which_arc"": ""B609, superseded""}"		
2026-07-15	PROGRESS_LOG.md	B612: the per-level pairing law FAILED (RRLLL at kappa=6); the quantifier-corrected law survives 56/56	B612	REFUTED | CONFIRMED	"{""what"": ""the per-level pairing biconditional"", ""of_which_arc"": ""internal B612, died on RRLLL at kappa=6""}"		
2026-07-15	PROGRESS_LOG.md	B613: THE CLOSURE THEOREM — the pairing layer is proved	B613	PROVED			
2026-07-15	PROGRESS_LOG.md	PC26 v2 drafted: the closure theorem is the paper's new spine	PC26				
2026-07-15	PROGRESS_LOG.md	B614: the null model + comparison map DESIGNED — handed to seat 4 (the director's priority change)	B614			The order changed at the director's word: Branch 3 before further mathematics.	
2026-07-15	PROGRESS_LOG.md	B615 (BRANCH 3, THE MOMENT OF TRUTH): AMBIGUOUS — corrected p = 0.078; the held-out test is now decisive	B615	AMBIGUOUS			p=0.0775 (corrected 0.078)
2026-07-15	PROGRESS_LOG.md	B615 addendum: the robustness ensemble completed — AMBIGUOUS stands under both ensembles	B615	AMBIGUOUS			
2026-07-15	PROGRESS_LOG.md	B616 (the held-out control): STILL-AMBIGUOUS — m136 behaves as noise; the sign law is object-universal	B616	AMBIGUOUS			
2026-07-15	PROGRESS_LOG.md	B617: THE SIGN-LAW FAMILY THEOREM — one line; the base is the conductor	B617	PROVED			
2026-07-15	PROGRESS_LOG.md	B618: the conductor unification CONFIRMED on the third object (registered prediction)	B618 | B617	CONFIRMED			
2026-07-15	PROGRESS_LOG.md	the literature synthesis: the picture clarified on all three fronts	PC26	OTHER			
2026-07-15	PROGRESS_LOG.md	B619: the A5 bridge adjudicated — both readings refuted; the shared-arithmetic remark banked as context	B619	REFUTED	"{""what"": ""chat-1's theta-odd-clock-order=|A5| claim"", ""of_which_arc"": ""incoming handoff""} | {""what"": ""CC's sharpened PSL(2,5)-projective-image candidate"", ""of_which_arc"": ""internal, self-refuted""}"		
2026-07-15	PROGRESS_LOG.md	B620: THE CONDUCTOR MECHANISM — the field has exactly one door	B620 | B617 | B618	PROVED			
2026-07-15	PROGRESS_LOG.md	the conductor-endgame campaign round 1 (5 cells, workflow): B621 + B622 banked; naming corrected	B621 | B622	CORRECTED	"{""what"": ""a naming error: the R2L trace-4 object had been called 'm136' in prior entries (B610/B616/B618/B619)"", ""of_which_arc"": ""B610, B616, B618, B619 — labels corrected in place""}"		
2026-07-15	PROGRESS_LOG.md	B623 banked (reduction PROVED; conductor identity DERIVED); PC26 scope corrected; REVIEW 19 executed	B623 | PC26	PROVED | CORRECTED			
2026-07-15	PROGRESS_LOG.md	campaign round 2, cells G/H/I banked (B624-B626); queue items 2-4 resolved or sharpened	B624 | B625 | B626	FIXED			
2026-07-15	PROGRESS_LOG.md	B627: THE HELD-OUT VALUES SEALED (the director's hash-first order executed)	B627			the director's hash-first order executed	
2026-07-15	PROGRESS_LOG.md	B628 run: the exterior families are SM-SILENT on both objects; REVIEW 19 COMPLETED — the queue is drained	B628	REFUTED			
2026-07-15	PROGRESS_LOG.md	B629: THE INTERACTION-LAYER VALUES SEALED (the interaction round opens, part 1 of 3)	B629			The interaction-round directive (chat-1 + the owner) registered as binding.	
2026-07-15	PROGRESS_LOG.md	B630: the matrix comparison design sealed (the interaction round, part 2 of 3)	B630 | B615				
2026-07-15	PROGRESS_LOG.md	B631: THE MATRIX COMPARISON — STRUCTURED-NULL (p = 0.700); the stopping rule fires	B631	REFUTED		Per the directive's locked table and binding anti-unfalsifiability clause: the program's SM-comparison capability at this level is EXHAUSTED — no 'next layer' continuation.	D_obs=0.13407 | p_D=0.700
2026-07-15	PROGRESS_LOG.md	B631 addendum: the process repairs (the owner's catch — 'read the progress log')	B631	FIXED		"The owner directed a read-back of the log against the interaction round (""read the progress log"")."	
2026-07-15	PROGRESS_LOG.md	B632 cell 1: h^1(M; 27) = 3 — THE GENERATION COUNT EXISTS AS COHOMOLOGICAL MULTIPLICITY	B632 | B308	FORCED			
2026-07-15	PROGRESS_LOG.md	B632 cell 2: the cubic explicit; the vev couples to all three slots; the SOLO TEXTURE IS ANTISYMMETRIC AND FULL	B632	REFUTED | FORCED	"{""what"": ""cell 1's registered prediction (texture diagonal in the block basis)"", ""of_which_arc"": ""internal B632, dissolved by an obstruction the parallel audit caught""}"		
2026-07-15	PROGRESS_LOG.md	B633: B615-R integrated (VERDICT A — the last SM residual DISSOLVES) + B634: the conductor-chord arc opened	B633 | B634 | B615	FORCED | REFUTED	"{""what"": ""the B615/B615-addendum p=0.078 'suggestive' residual"", ""of_which_arc"": ""B615, dissolved in B615-R's uncertainty-aware re-analysis""}"		
2026-07-15	PROGRESS_LOG.md	B635: THE EXTERNAL AUDIT INTEGRATED (verified, not trusted); B632 repaired-in-trail; B634 errata'd; cc2's ladder verified	B635 | B632 | B634	CORRECTED	"{""what"": ""B632's 'full' rank wording for Omega"", ""of_which_arc"": ""B632, corrected to rank 2 kernel 1""} | {""what"": ""a reading of the owner's directive ('the double restores a symmetric mass matrix')"", ""of_which_arc"": ""B634-G4, corrected as FALSE AS TYPED""}"		
2026-07-15	PROGRESS_LOG.md	B637 prereg sealed: the corrected cell 3 (the h1 jump locus + the alternating cubic)	B637				
2026-07-15	PROGRESS_LOG.md	B637 part 1: THE DIMENSION TABLE CONFIRMED (two disjoint pipelines agree everywhere)	B637	CONFIRMED			
2026-07-15	PROGRESS_LOG.md	B637 part 2a: ALL FOUR D4 INVOLUTION GLUINGS COMPATIBLE — nine doubles, the jump locus complete	B637	CONFIRMED			
2026-07-15	PROGRESS_LOG.md	B637 part 2b: THE DERIVATION GATE OPENED; the first values QUARANTINED by their own sealed gates	B637	REFUTED			
2026-07-15	PROGRESS_LOG.md	B637 part 2b RESOLVED: THE ALTERNATING CUBIC 3-FORM IS NONZERO (the discovery branch, class-level-gated)	B637	FORCED			Y[023]=-7983360/13 + 2661120/13*sqrt(-3)-part | Y[123]=221760/13*sqrt(-3)-part
2026-07-15	PROGRESS_LOG.md	cc2's cell-3 packet verified on receipt: THREE PIPELINES AGREE; the fifth mirror manifold named	B637	CONFIRMED | CORRECTED	"{""what"": ""cc2's apparent 'h1=3' discrepancy claim"", ""of_which_arc"": ""cc2 packet, reinterpreted as a fifth distinct manifold, not an error""}"		
2026-07-16	PROGRESS_LOG.md	L90 CLOSED in-repo; THE REBASE banked (before any campaign launch, per the owner)	B637 | B575	PROVED | RETRACTED	"{""what"": ""the symmetric-Yukawa typing claim"", ""of_which_arc"": ""internal, listed among 'what died and stays dead'""} | {""what"": ""the Sol-bundle homology conflation"", ""of_which_arc"": ""internal, listed among 'what died and stays dead'""} | {""what"": ""'kappa=5-as-theorem'"", ""of_which_arc"": ""internal, downgraded, listed among 'what died and stays dead'""} | {""what"": ""the naive triality gate"", ""of_which_arc"": ""internal, listed among 'what died and stays dead'""}"	banked (before any campaign launch, per the owner)	
2026-07-16	PROGRESS_LOG.md	PC26 v2-final pass: §9.7 (the hardened sealed record) + §9.8 (the chord's cubic dichotomy) + the typing wall	PC26	FORCED			
2026-07-16	PROGRESS_LOG.md	B637 stage 3 COMPLETE: THE LAW OF THE CHORD'S CORE (9/9 doubles)	B637	PROVED		STOPPED per the plan: no campaign launch without the owner's pick (C1 + C2 recommended).	
2026-07-16	PROGRESS_LOG.md	THE C1+C2 CAMPAIGN LAUNCHED (the owner's pick): B638 the swap decomposition; B639 the D_conjtheta cubic	B638 | B639			THE C1+C2 CAMPAIGN LAUNCHED (the owner's pick).	
2026-07-16	PROGRESS_LOG.md	B639 honest partial: theta IS INVISIBLE AT SL(2) — the twisted double is a fiber-pairing, not a rep twist	B639	REFUTED	"{""what"": ""the naive 27-contragredient lift as a candidate D_conjtheta construction"", ""of_which_arc"": ""internal B639, fails both peripheral gates""}"		
2026-07-16	PROGRESS_LOG.md	B638 COMPLETE: THE SWAP MECHANISM — the Eisenstein-unit spectrum explains the chord's core	B638	PROVED			
2026-07-16	PROGRESS_LOG.md	B640: THE HEARING-GROUP THEOREM VERIFIED at class-table strength (+ two scope corrections)	B640	CORRECTED | CONFIRMED	"{""what"": ""the initial (uncorrected) tone-law statement (16/90)"", ""of_which_arc"": ""internal B640, corrected in the same entry to 9 golden tones/34 silences""}"		
2026-07-16	PROGRESS_LOG.md	B638 closure: the phases are a THEOREM; uniqueness honestly not forced (dim 10 residual)	B638	CORRECTED | PROVED	"{""what"": ""an earlier draft print claiming the magnitude was 'proved from the swap data'"", ""of_which_arc"": ""internal B638, corrected same entry""}"		
2026-07-16	PROGRESS_LOG.md	B641+B642: THE PENTAGON VOICE PROVED; THE GALOIS EAR CONFIRMED SEALED-PREDICTION-FIRST	B641 | B642	PROVED | CONFIRMED			
2026-07-16	PROGRESS_LOG.md	THE LAW MAP banked (docs/LAW_MAP.md) + the last idea-rows registered	LAW_MAP			The owner's direction: consolidate every law with its exact status.	
2026-07-16	PROGRESS_LOG.md	cc2's master handoff triaged: the three-pipeline row CLOSED; their twisted-double count WITHDRAWN	B637	CONFIRMED	"{""what"": ""cc2's twisted-double h1=3 claim"", ""of_which_arc"": ""cc2 handoff, withdrawn by cc2 itself, superseded by B637 part 2a""}"		
2026-07-16	PROGRESS_LOG.md	B643: the naive flip does NOT act on the chord (honest obstruction; L93 refined)	B643	REFUTED			
2026-07-16	PROGRESS_LOG.md	B644: the ear is the mod-5 congruence shadow (L94 CLOSED)	B644	PROVED			
2026-07-16	PROGRESS_LOG.md	B643 final: THE FLIP-BREAKING VERDICT; B645: the unit cross-ratio law + the 13-dial (L93 closed)	B643 | B645	REFUTED | PROVED			
2026-07-16	PROGRESS_LOG.md	REVIEW 20 EXECUTED (the standard cadence; window #1003-#1034)	REVIEW	FIXED			
2026-07-16	PROGRESS_LOG.md	THE GOVERNANCE AMENDMENT (§12-§15): the infrastructure catches up to the mathematics	GOVERNANCE			"Owner-directed (the brainstorm -> ""go"")."	
2026-07-16	PROGRESS_LOG.md	Phase 2 starters: the retractions index, claims-as-units seeded, the README doors	RETRACTIONS				13 banked-then-corrected statements indexed
2026-07-16	PROGRESS_LOG.md	B646: THE CC2 WAVE-2 INTEGRATION (three packets, R20-10 first tranche)	B646	CONFIRMED			
2026-07-16	PROGRESS_LOG.md	B647 cell 1: the mechanism reduction (R20-5 opened)	B647	REFUTED | PARTIAL			
2026-07-16	PROGRESS_LOG.md	THE CALIBRATION CAMPAIGN SEALED (a463c6aa) AND LAUNCHED	CALIBRATION	CONFIRMED		Owner approval granted on v3 (three review passes ... ALL adopted; the reviews archived in-arc).	
2026-07-16	PROGRESS_LOG.md	B647 cell 2 BANKED: THE ANOMALY CHARACTERIZATION (track M wave 1)	B647	FORCED			
2026-07-16	PROGRESS_LOG.md	B650: TRACK F WAVE 1 BANKED (the type system; the battery worked)	B650	FIXED	"{""what"": ""initial TYPES.md v1 typing of v0 as a quantity"", ""of_which_arc"": ""internal B650, corrected via the disclosed revision cycle""}"		
2026-07-16	PROGRESS_LOG.md	B649 stage 2a BANKED: THE EXACT SILVER HOLONOMY (track S wave 2)	B649	PROVED			
2026-07-16	PROGRESS_LOG.md	B649 stage 2b BANKED: THE SILVER 27-LETTERS EXACT OVER L (track S wave 3)	B649	PROVED			
2026-07-16	PROGRESS_LOG.md	B649 stage 3a BANKED: THE 3/5/1 DIMENSION GRAMMAR REPRODUCES ON THE SILVER (track S wave 4)	B649	CONFIRMED			
2026-07-16	PROGRESS_LOG.md	B649 stage 3b-i BANKED: THE SILVER SWAP REPRODUCES; the invariant sharpened (track S wave 5)	B649	CONFIRMED | CORRECTED			
2026-07-16	PROGRESS_LOG.md	B649 stage 3b-ii BANKED: THE SILVER Y-TENSOR — the SB2 scorecard completes (track S wave 6)	B649	CONFIRMED | REFUTED			
2026-07-16	PROGRESS_LOG.md	B647 CLOSED: cell 3 the gauge adjudication (R20-5 resolved by dissolution)	B647	OTHER			
2026-07-16	PROGRESS_LOG.md	B650 wave 2 BANKED: THE EQUIVARIANCE WALL; the functor identified (track F complete)	B650 | B644	PROVED			
2026-07-16	PROGRESS_LOG.md	B651: THE CC2 WAVE-3 INTEGRATION (receipts + theorem upgrades + kills)	B651 | B649	FIXED | CONFIRMED			
2026-07-16	PROGRESS_LOG.md	B652: GATE B PASSED — N = 1 (the campaign's central verdict)	B652	PROVED			N=1, orbit size 2
2026-07-16	PROGRESS_LOG.md	Phase C handoffs written (the three-way separation staffed)	CALIBRATION				
2026-07-16	PROGRESS_LOG.md	B653: THE C2 DESIGN SEALED (Phase C open; the C-prime event)	B653	FORCED			sin^2 theta_12 = 1/(2phi) = 0.30901699437494742410...
2026-07-17	PROGRESS_LOG.md	B653 ADJUDICATED: OUTCOME A AT LOW WEIGHT; THE CALIBRATION CAMPAIGN CLOSES	B653	CONFIRMED | CORRECTED	"{""what"": ""the design seal's claim that the JUNO target was 'unpublished by causality'"", ""of_which_arc"": ""internal B653, owned erratum (E4 instance)""}"		sin^2 theta_12 (JUNO) = 0.3092 +- 0.0087 | z=0.021
2026-07-17	PROGRESS_LOG.md	B653 ADDENDUM: the reconciliation with cc2's post-execution analysis	B653	CORRECTED	"{""what"": ""the B653 comparison's status as a genuine held-out confirmation"", ""of_which_arc"": ""B653, downgraded to VALID-AS-LETTER, VOID-AS-HELD-OUT-CONFIRMATION""} | {""what"": ""cc2's claimed ~9-sigma separation between predicted value and rival neighbor"", ""of_which_arc"": ""cc2, corrected to 0.88 sigma (factor-of-ten slip)""}"		
2026-07-17	PROGRESS_LOG.md	B654: THE LISTENING SYNTHESIS opened — first harvest (Q-FIELD, Q-PERIOD)	B654	REFUTED	"{""what"": ""the pre-stated roots-of-unity candidate for Q-FIELD"", ""of_which_arc"": ""internal B654, refuted as sealed""}"		
2026-07-17	PROGRESS_LOG.md	B654: THE RESONANCE ADJUDICATION (both seats verified item by item)	B654	REFUTED | PROVED	"{""what"": ""the exponent-pairing claim (all h-pairs same theta-parity)"", ""of_which_arc"": ""internal, refuted""} | {""what"": ""the silver-SL(2,7) prediction"", ""of_which_arc"": ""internal, refuted (silver integers are 8/32, 2-adic)""} | {""what"": ""the 24-as-|2T| invariant reading"", ""of_which_arc"": ""internal, refuted as gauge""}"		
2026-07-17	PROGRESS_LOG.md	B655: THE BETA-NUMEROLOGY ADJUDICATION (the claim dies by refutation)	B655	REFUTED	"{""what"": ""incoming SM-beta-function numerology claim"", ""of_which_arc"": ""incoming handoff, killed""}"		
2026-07-17	PROGRESS_LOG.md	B656: THE DIGEST-QUEUE INTEGRATION (cc2's G1-G5 verified; Q-AREA lands)	B656	CONFIRMED | REFUTED	"{""what"": ""the van Kampen area law (defect=4*conj(Y))"", ""of_which_arc"": ""internal, refuted; defect=2*conj(Y) universal""}"		
2026-07-17	PROGRESS_LOG.md	B657: THE INVARIANT-LINE CAMPAIGN (cc2's packet verified; the conflation dies; the portal is born)	B657	REFUTED	"{""what"": ""the relay-mislabeled 'dark sector'/'dark matter candidate' identification"", ""of_which_arc"": ""incoming relay, refuted — label never entered the repo""}"		
2026-07-17	PROGRESS_LOG.md	REVIEW 21: THE CONSTITUTIONAL PILOT (first review under GOVERNANCE §15)	REVIEW	FIXED			
2026-07-17	PROGRESS_LOG.md	THE L99 ADOPTION: GOVERNANCE §16 (the factual-review lane; R21-10 closed)	GOVERNANCE			Owner approved cc2's patch with one modification...	
2026-07-17	PROGRESS_LOG.md	B658: THE ORDER-4 FLIP VERDICT — wall 8 is TOTAL (R21-6 closed)	B658 | B643	PROVED		Owner-directed run of B643's registered residual.	
2026-07-17	PROGRESS_LOG.md	B659: THE NOVELTY DOSSIER + THE SIX-GROUP SWEEP (R21-7 hybrid, owner-directed)	B659	OTHER		owner-directed	
2026-07-17	PROGRESS_LOG.md	B660: THE STRUCTURE CAMPAIGN (cc2's S1-S4 verified; wall 10; the gamma5' placement)	B660	PROVED			
2026-07-17	PROGRESS_LOG.md	B661: THE WAVE-1 IDENTIFICATION (chat1's portal couplings = the stage's quantum dimensions)	B661	CONFIRMED			
2026-07-17	PROGRESS_LOG.md	B662 WAVE 1: five cells banked (L101 PROVEN; the subfield THEOREM; L102/L103 resolved)	B662	PROVED			
2026-07-17	PROGRESS_LOG.md	B663: THE BIFOCAL ADJUDICATION + ANATOMY LOOP 1 (three relays verified)	B663	CORRECTED	"{""what"": ""an earlier value: silver trace 4"", ""of_which_arc"": ""corrected by cc2, verified to be 6""}"		
2026-07-17	PROGRESS_LOG.md	B662 WAVE 2: L104 CONVENTION; the exact period 175560; THE MASSEY WALL	B662	REFUTED	"{""what"": ""B660's cubic obstructions as arithmetic invariants"", ""of_which_arc"": ""B660, revealed as ansatz artifacts, no invariant exists""} | {""what"": ""B660/S4's 'solo block exactly zero' claim"", ""of_which_arc"": ""B660, corrected to BASIS-LOCAL only""}"		
2026-07-17	PROGRESS_LOG.md	B664: THE HEARING LANDSCAPE THEOREM (chat1's handoff verified, PROVED, corrected)	B664	PROVED | REFUTED	"{""what"": ""chat1's claim 'golden = the only real minimum'"", ""of_which_arc"": ""incoming handoff, refuted with counterexamples""} | {""what"": ""chat1's claim of 'five independent criteria'"", ""of_which_arc"": ""incoming handoff, two criteria shown identical""}"		
2026-07-17	PROGRESS_LOG.md	B662 WAVE 3 + CAMPAIGN CLOSE: THE EAR IS THE GAMMA5'-DOUBLET	B662	PROVED			
2026-07-17	PROGRESS_LOG.md	B665: THE LANDSCAPE RECONCILIATION — one law, two faces	B665 | B664	CORRECTED	"{""what"": ""cc2's 'three properties' count"", ""of_which_arc"": ""cc2, corrected to two (over-counted)""} | {""what"": ""cc2's claim that SL(2,5) is simple"", ""of_which_arc"": ""cc2, corrected (PSL(2,5) is simple, SL(2,5) is not)""}"		
2026-07-17	PROGRESS_LOG.md	B667: THE 'COMPLETE COMPUTATION CAMPAIGN' ADJUDICATED	B667	REFUTED			
2026-07-17	PROGRESS_LOG.md	B668: THE TRIAGE RECONCILIATION (cc2's catch adopted; F' re-scoped)	B668 | B667	REFUTED	"{""what"": ""B667's F' cell design (inherited chat1's error about extractable S2 asymptotics)"", ""of_which_arc"": ""B667, re-scoped, self-owned""}"		
2026-07-17	PROGRESS_LOG.md	B669: TRACK H ADJUDICATED — the amphichiral-suppression mechanism REFUTED	B669	REFUTED	"{""what"": ""chat1's sealed prediction 'the chiral word grows'"", ""of_which_arc"": ""incoming handoff (Track H), refuted""} | {""what"": ""'the golden is the only amphichiral metallic' claim"", ""of_which_arc"": ""internal, refuted — rested on an invalid det(A-I) criterion""}"		
2026-07-17	PROGRESS_LOG.md	B666 WAVE 0+1 + CELL S BANKED (six cells + the scale-torsor pair)	B666	CORRECTED	"{""what"": ""B480's <r>=0.16 result"", ""of_which_arc"": ""B480, corrected — noise artifact on an exactly degenerate picket fence""}"		
2026-07-17	PROGRESS_LOG.md	B670: THE ANATOMY LOOPS 1-3 INTEGRATION (the F4 skeleton verified; L107 closes)	B670	CONFIRMED | CORRECTED			
2026-07-17	PROGRESS_LOG.md	B666 WAVE 2 BANKED: twelve cells, ten verdicts, three theorems, the fifth wall	B666	PROVED			
2026-07-18	PROGRESS_LOG.md	B666 WAVE 3 + CAMPAIGN CLOSE: the symmetric candidate; the descent completes; L91 reduces to H-EAR	B666	PROVED			
2026-07-18	PROGRESS_LOG.md	B671: THE EXTRACTION FIRST — the gauge verdict + the generation sum rule	B671	REFUTED	"{""what"": ""proposal that the 351-cup eigenvalue ratios are a mass-matrix reading"", ""of_which_arc"": ""incoming proposal, dies at its own demanded verification step""}"		
2026-07-18	PROGRESS_LOG.md	B673: THE LOOP-4 INTEGRATION — L106 closes; the receipt loop's biggest day	B673	CONFIRMED			
2026-07-18	PROGRESS_LOG.md	B672: THE MINI-WAVE — the grading hunt FIRES (Rogers-Ramanujan); the branch tiebreak PROVEN	B672	PROVED			
2026-07-18	PROGRESS_LOG.md	REVIEW 22 EXECUTED (the second constitutional review; window #1066-#1093)	REVIEW	FIXED			
2026-07-18	PROGRESS_LOG.md	B674 route 1 (Eichler-Shimura): MISS — the tower is trace-silent; tr sigma(A1) = phi	B674	REFUTED			
2026-07-18	PROGRESS_LOG.md	B677: THE MORNING PACKET (R22-3 verified-closed; G1 three kills; loop 5)	B677	REFUTED | CONFIRMED			
2026-07-21	PROGRESS_LOG.md	B739 — THE OBJECT'S CONTINUOUS SPECTRUM IS CHARACTER-RIGID (hunt-cell #2, OUTCOME A)	B739 | B288 | B735 | B500	PROVED | CLOSED			54/54 checks; 0/3 refuted | 75-coefficient exact-DFT battery <1e-24 | Res φ = 2π²/(9ζ_K(2)) = (√3/6)/vol_orb = 2√3/vol(m004) to 40 digits | coset character sum 4·[μ∈O^∨] | covering degree 12=4×3
2026-07-21	PROGRESS_LOG.md	B740 — THE B288 GRID COMPLETED: the kill upgraded from asserted-on-54 to EARNED-on-78	B740 | B288	PROVED			78 hyperbolic fillings total (87=9+78) | 60 fields at deg≤24: none has √−3 | 11 more at deg≤32/prec 2000: none | 7 mirror pairs closed by amphichirality shortcut, vols to 1e-10
2026-07-21	PROGRESS_LOG.md	B741 — THE FACT_COMPUTED PROVENANCE SWEEP: 5 located, 5 recompute cells, 2 resolved	B741 | B412 | B433 | B579 | B668 | W7 | B140 | B332 | B685 | B720 | S019 | B435 | B437 | B731 | B734	PARTIAL			48 pointers existence-verified | 5 located, 5 not-located, 2 already-resolved
2026-07-21	PROGRESS_LOG.md	B743 + B744 + the B740 two-seat closure — the three-seat convergence pass	B743 | B744 | B740 | B146 | B272 | B285 | B296 | B437 | B516 | B745	PROVED | UPHELD			0 gated hits across six bases | 1800 surrogate PSLQ runs | 18 web-verified PDG targets | curve 15a8 j=−1/15 exact | L(E,2) vs Koide 683σ apart | 6/6 conflicts upheld, 17 locks passed
2026-07-25	PROGRESS_LOG.md	Closure hygiene: E27 sweep clean · Wave-6 carries dispositioned · cc3 B784 refuted at the gate	B770 | B778 | D3 | B465 | PD22 | B784 | P63 | B377 | B391	RESOLVED-A | RESOLVED-B | WITHDRAWN | REFUTED	"{""what"": ""PD22's headline existence law"", ""of_which_arc"": ""PD22""}"		20/20 data-connected locks wired | N=363=3·11² / 605=5·11² L4 falsifiers (pred 1, obs 0)
2026-07-25	PROGRESS_LOG.md	C21 mechanism corrected + cc3 five-branch gate	C21 | B768 | B769 | B780 | B784 | B785 | B786 | B489 | TOMB-L255	CONFIRMED | PARTIALLY CONFIRMED | CORRECTED			T=[[1/φ²,1/φ],[1,0]] eigenvalues {1,−1/φ}, (1−φ)²=φ⁻² | tr Sym²(AB) Im=√3, Re=−5 at ω=−5+i√3
2026-07-25	PROGRESS_LOG.md	B785 — the cc3 gate harvest banked	B785 | B768 | B489 | TOMB-L255 | B769	BANKED | EXCLUDED	"{""what"": ""b769 tangent-frame claim"", ""of_which_arc"": ""B769 (via C21)""}"		torsion=|L(2n)−2|=(φⁿ−φ⁻ⁿ)²≥5 | Sym^d spectrum {(−1)ʲφ^{d−2j}}
2026-07-25	PROGRESS_LOG.md	Law-capture gap found + 3 buried laws registered	B489 | TOMB-L255	OTHER		Owner asked whether the theorems/laws we prove get written down or buried.	~14 more strong-claim arcs not in either registry (heuristic)
2026-07-25	PROGRESS_LOG.md	R31-4: C20 torsor lock strengthened + all cc3 branches cross-verified	R31-4 | B766 | C20 | B786	CONFIRMED			12 cc3 branches total; 6 gated this session
2026-07-25	PROGRESS_LOG.md	B786 — the θ/ι refinement of the measurement-torsor rank	B786 | C20 | B766	STANDS | CONDITIONAL			
2026-07-25	PROGRESS_LOG.md	B787 — THE INTERACTION PROGRAMME: 1 HIT, 6 MISS, complete	B787 | B786 | B769 | B759	CONFIRMED | MISS			Born floor sin²36=(5−√5)/8 | Aut(E6 Dynkin)=ℤ/2, no V4 | U_m(3/2)=F_{2m+2} | base rate 1-for-21 (Chat-1's record)
2026-07-25	PROGRESS_LOG.md	Repo hygiene: 3 pre-existing full-suite failures fixed	B745	OTHER			8 flagged .py + 29 flagged text artifacts scrubbed of absolute paths | Gates 8/8
2026-07-30	PROGRESS_LOG.md	B814 — Gate D: the GKY dim-1 hypothesis fails at E6	B814 | B575 | B370	FAILS | STRONG EVIDENCE not proof			dim tangent = 6; fifteen cross-pairings B(u_a,u_b)=0 exact
2026-07-30	PROGRESS_LOG.md	B815 — the Fleiss' kappa instrument + its precision pinned before the data	B815	OTHER			Cohen's kappa=0.842 (20 items, 2 raters) | Fleiss worked example kappa=0.2099 vs published 0.210 | synthetic kappa=0.7695, CI [0.6549, 0.8471]
2026-07-30	PROGRESS_LOG.md	B816 — the reproducible audit sampler, committed before its verdicts exist	B816	OTHER			seed 20260730
2026-07-30	PROGRESS_LOG.md	B817 — Wave 2: reader-bias confound RESOLVED; the gate was narrower than the work	B817 | B429 | B755 | B780 | B616 | B786 | B787	PASS (marginal)	"{""what"": ""B780 written RETRACTED per its post-B784 header"", ""of_which_arc"": ""B780""}"		kappa=0.9312, CI [0.7485,1.0000] | 564 work + 180 calibration judgements | coverage 317→616 of 746 (42.5%→82.6%) | 13.1% of work judgements / 3.7% of written verdicts in untested categories
2026-07-30	PROGRESS_LOG.md	B818 — the 2 errors wave 2's untested vocabulary let through	B818 | B745 | B525 | B192 | B216 | B90 | B437 | B731 | B780 | B519_re_mining | B225 | B58	RETRACTED | CORRECTED	"{""what"": ""B745 and B525 mislabelled RETRACTED, corrected to PROVED"", ""of_which_arc"": ""B745, B525""}"		2 errors in 11 untested-category writes (18%); 0 in 20-arc random audit
2026-07-30	PROGRESS_LOG.md	B819 — CORRECTION to B817: the verdict residue is a coverage-FRAME gap, not a data gap	B819 | B817 | B519_re_mining	CORRECTED			133 of 181 unverdicted dirs have FINDINGS.md (73%) | 791 distinct arc ids, 579 assigned, 229 never assigned
2026-07-30	PROGRESS_LOG.md	B820 — the lexicon gate fired; the RATE says it is rotting, not merely outgrown	B820	OTHER			12.2% vs 2.3% (5.4x) | overall blindness 21/746=2.8%
2026-07-30	PROGRESS_LOG.md	B821 — the lexicon refresh FAILED its sealed criteria; the failure CORRECTS B820	B821 | B820 | B537	FAILURE | CORRECTED	"{""what"": ""B820's 'lexicon is rotting' diagnosis"", ""of_which_arc"": ""B820""}"		5/7 blind arcs matched; 46.2% of corpus vs 25% ceiling | 14 thin stubs (409-1988 bytes vs 4078-byte median) | 'prereg' appears in 27.6% of arcs, 'audit' 14.7%, 'census' 11.6%
2026-07-30	PROGRESS_LOG.md	B822 — the lexicon gate stops diagnosing; its ratchet turns out self-referential	B822 | B821 | B820	SUCCESS			14 of 22 removed, leaving 8 (needed <=10)
2026-07-30	PROGRESS_LOG.md	B823 — the lexicon gate becomes a TRIAGE REGISTRY: no threshold, a judgement per arc	B823 | B822 | B537	OTHER			9 substantial blind arcs, all triaged; 1 open GAP (B537)
2026-07-30	PROGRESS_LOG.md	B824 FAILED / B825 SUCCEEDED — the last known lexicon gap closes	B824 | B825 | B537	FAILURE | SUCCESS			B824: 18.4% vs 15% ceiling | B825: 8.3% of corpus, 75.8% max containment
2026-07-30	PROGRESS_LOG.md	B826 — B519's missing verdict was a FILENAME gap, not a content gap	B826 | B519_re_mining | B525 | B818 | B819	RETRACTED	"{""what"": ""B519 now carries RETRACTED sourced from its own correction banner"", ""of_which_arc"": ""B519_re_mining""}"		
2026-07-30	PROGRESS_LOG.md	B827: ten days of progress log went to a shadow file; the gate had become unable to fail	B827 | B725 | B826	OTHER		"Found by the owner asking ""are we always updating progresslog""."	37 entries, 10 days, 10 commits to shadow / 3 to real file
2026-07-30	PROGRESS_LOG.md	B828: what the shadow-log recovery surfaced (one live label-lock, two unregistered cells)	B828 | B741 | B720 | S019 | B685 | B755	OTHER		Owner asked whether B827's recovery revealed buried math.	h(-3)=1
2026-07-30	PROGRESS_LOG.md	B829: five locks pinned to literals; B806's headline number had drifted	B829 | B806 | B825 | B826 | B519_re_mining	CORRECTED			3046 passed, 5 failed | corrected coverage 0.8845 vs stale 93.3%
2026-07-30	PROGRESS_LOG.md	B830 masterplan: three cited facts computed, one fork deleted, one of my own claims refuted	B830 | B720 | B731 | B734 | B285 | B525	REFUTED | CORRECTED	"{""what"": ""B827's own claim of 4 duplicated authoritative filenames, corrected to 2"", ""of_which_arc"": ""B827""} | {""what"": ""revival_score:10 on B731's kill-graph row lowered to 0 (already retracted by B734)"", ""of_which_arc"": ""B731""}"		Q(ζ3)/Q(i) compositum degree 4, minpoly x^4+8x^2+4 | Markov mutation class size exactly 1 | dim H1=6 at E6, 1 on SL(2) component
2026-07-30	PROGRESS_LOG.md	B831: the retractions are finally recorded on their TARGETS (R35-4 closed)	B831 | B818 | B225 | B745 | B58	RETRACTED	"{""what"": ""B225 PROVED downgraded to RETRACTED"", ""of_which_arc"": ""B225""} | {""what"": ""B58_sl4_tower_test given RETRACTED (previously no verdict)"", ""of_which_arc"": ""B58""}"		
2026-07-30	PROGRESS_LOG.md	B833: B801's estimate becomes a measurement; its coverage figure compared two different units	B833 | B801	CORRECTED			206 NEGATIVE verdicts, 137 absent from kill graph | B801 estimate: p=0.200→111, 95% CI 55-168 | 66% vs recomputed 33.5%
2026-07-30	PROGRESS_LOG.md	B832 wave 3: kappa held on four categories, my prediction FAILED, panel drifts one way	B832 | B817 | B818 | B61 | B556 | B746	PASS			kappa=0.9305, CI [0.8286,1.0000] | consistency 79.7% per judgement, 81.2% by panel mode | coverage 617→667 of 758 (88.0%)
2026-07-30	PROGRESS_LOG.md	B834 wave 3b: kappa replicates, the drift replicates unanimously, coverage closes at 94.1%	B834 | B832 | B61 | B556 | B746	PROVED			kappa=0.9300 vs 0.9305 vs wave2's 0.9312 (spans 0.0012) | coverage 756 of 803 = 94.1% (from 42.5% at campaign start)
2026-07-30	PROGRESS_LOG.md	B835: five suite failures, three kinds, none a mislabelled verdict	B835 | B834 | B819 | B702	OTHER			trace_map 0.463→0.375, golden 0.650→0.575, kappa 0.284→0.125 | B819 unjudged gap 229→47
2026-07-30	PROGRESS_LOG.md	B836: the negative backlog is routed, judgement fields left honestly empty	B836 | B833 | B830	OTHER			graph 217→384, backlog zero
2026-07-30	PROGRESS_LOG.md	B837: the file-drawer audit, 15 -> 0 -> 3, and only the last came from reading	B837 | B590 | B557 | B499 | B452 | B457 | B580 | B811 | B634 | B635 | B652 | B660	OTHER			18 sealed preregs, 15 in seal ledger, 3 genuinely unreported of 24 candidates across 803 arcs
2026-07-30	PROGRESS_LOG.md	B838: the lexicon re-grounding TESTED AND DECLINED; K023-K025 are syntheses, not topics	B838 | B806 | B821 | B825	DECLINED			'forcing/forced' 41.9%, 'forces' 13.6% | held slot 0.1%, two ingredients 0.1%, one root 0.4%
2026-07-30	PROGRESS_LOG.md	B839: B685's non-3 denominator is an EXPANSION artifact; (2n)! clears it exactly	B839 | B685 | B800	PARTIAL			denominators 2^2,2^6·5,2^9·5,2^14·5²·7,... up to 2^24·5²·7²·11·13 | v3 ~1.428n → 3^143 at n=100 vs B685's 3^146, within 2%
2026-08-01	PROGRESS_LOG.md	B840: the three loose ends closed; one was hiding a VACUOUS verdict	B840 | B590 | B557 | B499 | B517	BLOCKED | OPEN		Owner asked whether B827's recovery revealed buried math.	nine Phi-orbits of size 3 on the 27, charge split 1/10/16 | m=1 lindep heights ~1e50 against 1e6 gate
2026-08-01	PROGRESS_LOG.md	B842: face attachment SUCCEEDS where the keyword classifier failed; the existing attachment looks unreliable	B842 | B806 | B296 | B523	PASS			kappa=0.8732, CI [0.7388,0.9603] | consistency 58.3%/56.2% | records with face 166→673
2026-08-01	PROGRESS_LOG.md	B843: B837's file-drawer lock caught ME creating a file-drawer entry, one commit later	B843 | B837 | B841 | B842	OTHER			
2026-08-01	PROGRESS_LOG.md	B844: the review-actions gate was under-reporting 13 open items as 0; register reconciled	B844 | B817 | B838 | B842 | B839 | B830 | B836 | B841	OTHER			true open items 13 vs reported 0
2026-08-01	PROGRESS_LOG.md	P5 Phases 0-1: claims resolve GREEN; a fifth lit-gate nobody listed nearly pre-empted the paper	P5 | B497 | B498 | B505 | B507	OTHER	"{""what"": ""the description of P5 as 'the spectral paper, finished and unshipped', repeated ~6 times"", ""of_which_arc"": ""P5 register description""}"		Fibonacci degree ledger [2,3,5,8,13,21,34,55]
2026-08-01	PROGRESS_LOG.md	B845: the spectral inventory checked; certified results exist, a paper does not	B845 | B797 | B795 | B794 | B792	CORRECTED			B797: 17 certified Maass eigenvalues r=3.9389→9.8371, mode-count 664→900 | max|dr|=5.42e-9 | eigenvalues_final.json carries 6 of 17 certified
2026-08-01	PROGRESS_LOG.md	B846: the eigenvalue JSON completed to its own certified table (6 -> 17)	B846 | B797 | B792	OTHER			mode-count 664→900, Bessel margins 21.0→27.0, max|dr|=5.42e-9
2026-08-01	PROGRESS_LOG.md	P5 Phase 2: the table-first draft, with the lit-gate's four reshapings written INTO the text	P5 | B497 | B498	OTHER			
2026-08-01	PROGRESS_LOG.md	P5 Phase 3 VERDICT: the paper does not stand; the core is Baake-Grimm-Joseph 1993	P5 | B497 | B498	WITHDRAWN | REFUTED	"{""what"": ""the P5 draft withdrawn, banner-marked"", ""of_which_arc"": ""P5""}"		
2026-08-01	PROGRESS_LOG.md	P5 verdict RE-CHECKED on the owner's challenge: it holds; one supporting claim overstated	P5	CORRECTED | UNCHANGED	"{""what"": ""overstatement of BGJ verbatim match, corrected"", ""of_which_arc"": ""P5 review""}"	Re-verified against the extracted BGJ PDF in BOTH directions, because a prior-art call that only checks the DEATH half is half a check.	'decimation' 0 hits; 'Thue-Morse' 1 hit (unrelated context); Lyapunov/expectation/average/random/Haar all 0 hits
2026-08-02	PROGRESS_LOG.md	B848: the incoming handoff bundle verified independently; the headline holds 6/6, one stated mechanism proves the wrong half	B848	CONFIRMED | DEFECT			eigenvalue count 17 vs 4-of-6 documents saying 43 (cross-document contradiction) | Res Λ_K=1/6 to 1e-35 | Res φ=1.7065521766281616088 | vol=12√3 Λ_K(2) | E6 78=Σ Sym^{2m}, det Cartan 3, h=12 | entropy 2 log φ | arrow appears from length 6; 60/106 classes (56.6%) by length 10
2026-08-02	PROGRESS_LOG.md	B849: the SSB reframe gets its first falsifier; no manifold-level order parameter, and the nominated one is at the wrong level	B849 | B723	LOCATED | CONDITIONAL			m003 CS=π²/2 to 4e-11 (2-torsion 'other' permitted value)
2026-08-02	PROGRESS_LOG.md	B850: the foliation-algebra lead gets a computable shadow, and the shadow closes it — III_1 GENERICALLY, not for this object	B850 | B723 | B737 | B451	CONDITIONAL | GENERIC			shortest length 1.08707014499574 vs known systole 1.087070144995
2026-08-02	PROGRESS_LOG.md	B851: the lit-gate B849 owed, paid; the citation CONFIRMS and the conditional relocates to an in-repo question	B851 | B849 | B723	CONFIRMED			
2026-08-02	PROGRESS_LOG.md	B852: B451's instrument could not have found a phase transition — a demonstration, and NOT preregistered	B852 | B451 | B737	OTHER		Declared up front: this arc carries NO SEAL.	doubling map pressure reproduced to 1.3e-15 | s=1.2 residual −1.4e-3→−6.2e-4→−3.3e-4 across n=32/48/64 | B451 escape rate 0.445 ± 0.006
2026-08-02	PROGRESS_LOG.md	B850 CORRECTED and B848-B852 verdicts authored: the full suite caught an order-dependent bug that made a lock pass for the wrong reason	B850 | B848 | B849 | B851 | B852 | B737	CORRECTED | PROVED | NEGATIVE	"{""what"": ""B850's published '0 rational' table corrected to 2 rational/10 irrational"", ""of_which_arc"": ""B850""}"		coverage 759/817=0.929 vs 0.93 bar | the two rational ratios exactly 2.0 and 3.0
2026-08-02	PROGRESS_LOG.md	B853: the incoming relay verified, and the SSB ingredients are not missing but split across the object's TWO FACES	B853 | B711 | B848 | B737	CONFIRMED | CORRECTED			h(-48)=2 vs h(-3)=1 | V(phi)=-1.515κ<V(0)=0, barrier V(-1/phi)=+0.348κ | E6 adjoint dims [3,9,11,15,17,23] sum to 78
2026-08-02	PROGRESS_LOG.md	"B854: the centralizer of 2T in e6 is ABELIAN (u(1)^4), computed exactly; the su(2)+u(1) ""electroweak"" claim is refuted"	B854	REFUTED	"{""what"": ""an incoming relay's 'su(2) x u(1) electroweak' claim after seven numerical attempts"", ""of_which_arc"": ""(relay claim, unnamed arc number)""}"		dim=4 confirmed 3 ways; 78=4·triv+7·ω+7·ωbar+20·3 | K_e6 restricted det≈2.734e50 | Jacobi violated at 3.5% relative (4.99e-3 vs 0.141) in relay's own table | (A2)_2×(G2)_1 = 16/5+14/5=6, (A1)_3×(A1)_1=9/5+1=14/5
2026-08-02	PROGRESS_LOG.md	B855: the wrong-null audit — the programme's genericity controls were family members, and so was the fix cc proposed	B855 | B803 | B296 | B438 | B440 | B443 | B467 | B289 | B290 | B723	OTHER	"{""what"": ""m003 mislabelled 'non-amphichiral control' in B296; B438/B440/B443's '{4_1,5_2} commensurability class' claim (inverted direction, dangerous)"", ""of_which_arc"": ""B296, B438, B440, B443""}"		covol PSL(2,O_-3)=0.169156934401608938, covol PSL(2,O_-1)=0.305321864725739672 | m004/m003 index 12; m206 index 24; m136/m129/m135 index 12 in O_-1
2026-08-02	PROGRESS_LOG.md	B856: the hearing coupling obeys a PERIOD-5 law across the metallic family; the sin^2(theta_12) reading is refuted ON KIND	B856 | B749 | B593 | B179 | B261	REFUTED			h(5)=−1 exactly; |h|²∈{1/(φ√5), φ/√5, 1} | 1/(φ√5)=0.276393 vs 0.307±0.013 (−2.35σ, excluded) | Re h=1/(2φ)=0.309017 (+0.16σ) | ord(R)=ord(L)=15, period collapse 15→5
2026-08-02	PROGRESS_LOG.md	B857: the being voice cannot say 5 (a SPLITTING TYPE, not a silence) + B856 CORRECTED for five defects, two of them prior-art failures	B857 | B746 | B737 | B739 | B856 | B641 | B593 | B179 | B261	CORRECTED	"{""what"": ""B856's period-5 law reframed as re-derivation of B641; h(5)=-1 'independent finding' shown to be double-counted; H-EAR(iii) SILENCE clause corrected to a splitting type"", ""of_which_arc"": ""B856, LAW_MAP H-EAR(iii)""}"		B641 five-tone census |tone|∈{0,1/(2φ),1/2,φ/2,1}, multiplicities {90,72,120,72,6} over 360×6 exact ears, max deviation 2.14e-60 | det(I+M)=Δ(−1)=det(4_1)=5
2026-08-03	PROGRESS_LOG.md	B858: two carried corrections applied to the record (H-EAR (iii) rescoped; the 5_2 commensurability polarity withdrawn)	B858 | B855 | B857 | B438 | B440 | B443 | B467	CORRECTED | WITHDRAWN	"{""what"": ""the 5_2 commensurability polarity label withdrawn by correction banner"", ""of_which_arc"": ""B438, B440, B443""}"		itf(4_1)=x²−x+1 (disc −3) vs itf(5_2)=x³−x−1 (disc −23)
2026-08-03	PROGRESS_LOG.md	B859: the SM handoff scrutinised — the OP theorem verifies exactly, the cascade's gate was wrong, and the repair is stronger than the original	B859 | B853 | B855 | B581	VERIFIED | CORRECTED	"{""what"": ""the handoff's 'the conformality gate reinstated it' correction, which itself introduced the error"", ""of_which_arc"": ""incoming SM handoff""}"	found on the owner's explicit push to look for the fix rather than the kill	OP=818626500√3 at τ=2i√3; j1+j2=2835810000 to 5e-32; j1·j2=6549518250000 to 2e-28 | F17 conductor-4 theorem: h(-3f²)=1,1,1,2 at f=4 | dim(rank·(h+1))=28=4·7 for SO(8)
2026-08-03	PROGRESS_LOG.md	B860: the step-3 trit is a BIT, the bit lives in the theta-even sector, and its asymmetry selects the SM under a premise the framework nearly supplies (joint session with the owner)	B860 | B859 | B599 | B593	OTHER		set jointly with the owner	theta-even/odd splits SU(5) 10/14, SU(4)xU(1) 6/10, SM 4/8, SU(3)xU(1)^2 3/7
2026-08-03	PROGRESS_LOG.md	B861: the fused cascade — one principle, one object, and E6 -> SO(10)xU(1) -> SU(5)xU(1) -> SM comes out unique at every step	B861 | B859 | B860	OTHER			
2026-08-03	PROGRESS_LOG.md	B862: the cascade selects the SM's GLOBAL FORM — [SU(3)xSU(2)xU(1)]/Z6, resolving an ambiguity the SM itself cannot	B862 | B861 | B715 | B583	OTHER			hypercharge direction diag(2,2,2,-3,-3)/6
2026-08-03	PROGRESS_LOG.md	B863: THE TERMINATION THEOREM — the cascade halts at the SM because the SM is the terminal registerable algebra	B863 | B861 | B862	OTHER			su(2)_4 in su(3)_1 index 4, c=3·4/(4+2)=2=c(su(3)_1) exactly
2026-08-03	PROGRESS_LOG.md	B864: the anomaly ledger — the dial/gauge split is DERIVED, and hypercharge is the UNIQUE gaugeable abelian direction	B864 | B860 | B861	COMPUTED	"{""what"": ""ledger line 'automatic for complete SU(5) multiplets' was false as stated (a lone 10 is complete and anomalous)"", ""of_which_arc"": ""handoff ledger L5""}"		Tr ψ=16−20+4=0, Tr ψ³=16−80+64=0 | Tr χ=5, Tr χ³=125 over chiral matter (anomalous) | grav²-Q=5b+15c, forcing b=c=0
2026-08-03	PROGRESS_LOG.md	B865: the padding lemma — the re-anchoring rule is verdict-irrelevant, and the dropped singlets are the anomaly ballast	B865 | B861 | B864	OTHER			machine-verified on 2000 random multisets
2026-08-03	PROGRESS_LOG.md	B866: VERIFIED — the three distinguished charge lines exist; one cubic from two independent builds	B866	VERIFIED			cubic det(t)=c·(500716339200t³−159667200t²−28224t+1)^16 | disc=2^32·3^10·5²·7³·11·13^6, non-square (7³·11) ⇒ Galois S3 | common kernel of torus=12; nullities ad x8=30, ad x16=30, ad x14=12, ad x22=12
2026-08-03	PROGRESS_LOG.md	B866 addendum: the TYPE check lands — so(10) + u(1) CONFIRMED on this seat's own leg	B866	CONFIRMED			kernel dim 46 with fifteen-order spectral gap (1.07e8 vs 2.29e-7)
2026-08-03	PROGRESS_LOG.md	B867: the Sakharov gate — all three baryogenesis preconditions structurally present; the stage, not the play	B867 | B865 | B6 | B853 | B737 | B852	OTHER		From the owner's question (is our symmetry breaking the same as the baryon asymmetry / the Big Bang?)	KM phase count (N-1)(N-2)/2 = {0,0,1,3,6} for N=1..5 | V(φ)/κ=−(7+5√5)/12, barrier (5√5−7)/12
2026-08-03	PROGRESS_LOG.md	B868: G6 closed — the cascade's gate is the LINEAR -w0/theta involution at every level; c appears nowhere	B868 | B780 | B784 | C21	CLOSED			fixed core of Ad(diag(1..1,-1)) on so(10) is so(9), 36 of 45
2026-08-03	PROGRESS_LOG.md	B869: G4 closed — the false-positive control PASSES; the cascade rule is not an SM-generator	B869 | B859 | B860 | B861 | B863	CLOSED			21 of 31 rank<=8 starts die at step 0
2026-08-03	PROGRESS_LOG.md	B870: G7 closed — the lift obstruction computed on the object and the sister; unobstructed everywhere on m004, Z/5 turns on at the sister	B870 | B862	CLOSED			m004 relator aaabABBAb, sums (1,0), gcd 1 | m003 relator abAAbabbb, sums (0,5)
2026-08-03	PROGRESS_LOG.md	"B871: G5 closed at the group layer — ""registerable"" formalized as a B599 pairing datum; the imports reduce to P5 alone"	B871 | B599 | B593 | B861 | B860 | B868	CLOSED			SM registers at amplitude 2 (doubled (3bar,1))
2026-08-03	PROGRESS_LOG.md	B873: gate P5 PASSED — menu completeness verified mechanically; winner-safety turns out citation-free; the spine's imports hit zero	B873 | B859 | B871	PASSED			A1-level cap theorem: rank·h·(h+1)/6=156(E6),60(D5),20(A4)
2026-08-03	PROGRESS_LOG.md	B873 addendum: the SU(3)_9 row DECIDED — dim+index force the 27-branching onto the self-conjugate (2,2); the step-1 menu has no undecided rows	B873	DECIDED			
2026-08-03	PROGRESS_LOG.md	B874: the measurement ladder — the coordinate census is a two-value cliff; the full-measurement remnant is su(3)-TYPE, and the SM reading of it is dead	B874 | B866	DEAD			ladder 78→46→30→12 | signature (4,4) pins su(2,1)
2026-08-03	PROGRESS_LOG.md	B874 addendum: the joint measurement from the enhanced point collapses 46 -> 12; no 26 stratum; the step-2 retirement question closes NEGATIVELY	B874 | B861	CLOSED NEGATIVELY			joint centralizer dim 12 at 40 digits, relative-gap certified
2026-08-03	PROGRESS_LOG.md	B875: the triality-tiling theorem verified on this seat's build — two seats, two builds, one theorem; the nearly-parallel trap documented	B875 | B866 | B854	VERIFIED			kernels (46,46,46), pairwise intersections exactly 30, joint span exactly 78, sectors 16/16/16
2026-08-03	PROGRESS_LOG.md	B872: the coset leg verified — 32 = 16 + 16bar at every enhancement point, on two legs; the sector charge is COMPACT; B866's boundary fully closed	B872 | B866 | B875	VERIFIED	"{""what"": ""a draft claim that the charge is compact (±iω), a mis-diagnosis from crashed runs at wrong stratum"", ""of_which_arc"": ""B872 own draft""}"		kernel 46, center 1, 32-dim complement splits 16/16, cross-pairing rank 16
2026-08-03	PROGRESS_LOG.md	B877: S1 review PASSED — the First Measurement Theorem accepted at banking grade; the charge-measurement/triality story is a two-seat theorem	B877 | B866 | B874 | B875 | B872 | B876	ACCEPTED			
2026-08-03	PROGRESS_LOG.md	B876: THE DESCENT — each breaking's matter decomposes into exactly one SM generation; the triality triple does NOT survive within a single breaking	B876 | B872 | B861 | B874	OTHER			Cent_so10(y)=25 exactly (u(5)); joint centralizer 13 exactly (su(3)+su(2)+2u(1)) | full SM generation pattern (3,2)+2×(3bar,1)+(1,2)+2×(1,1), doubled
2026-08-03	PROGRESS_LOG.md	B878 + B879: two cc3 handoffs processed and banked under integrate-don't-merge; B845's missing dataset lands; the quantum amalgam no-go verified	B878 | B879 | B845 | B797 | B846 | B804 | B665 | B666 | B238 | B664	CONFIRMED			745 primitive classes per-length 1,2,3,6,9,18,30,56,99,186,335 | amphichiral 53, prime-fundamental-discriminant set {5,13,17,29,37,53,173,229} | h1(D) primary [2,0,0,6], trivial-boundary [5,6,10,17] at kappa=4..7
2026-08-04	PROGRESS_LOG.md	B882: the tiling named — M(O,C), the magic square; the novelty scoped before the paper could overclaim	B882 | B875 | B880	OTHER			28+3+48≠78 (secondary-source dimension-arithmetic error caught)
2026-08-04	PROGRESS_LOG.md	B881: descent stage 2 — the SM-graded coset commutation table; 28 single-target channels; the oblique rule earned for the third time	B881 | B867 | B876	OTHER			42 same-sign cells all zero (cell-complete: 2×(C(6,2)+6))
2026-08-04	PROGRESS_LOG.md	B880: the module-level magic-square signature — the three sectors are pairwise-inequivalent so(8)-modules, each an 8-pair under tri(C)	B880 | B875 | B882	VERIFIED			Hom-matrix diag(4,4,4), off-diagonal certificates <=4e-27
2026-08-04	PROGRESS_LOG.md	B883 + B884: the 27 representation built and verified exactly; the invariant cubic and the SM-graded Yukawa-support table — 11 cells, the E6 classic refined	B883 | B884 | B854	VERIFIED			45 weight-zero triples, support 45/45, every coefficient ±1, nullspace dim exactly 1 | 7.7-order gap between 11 coupled cells and 275 exact zeros
2026-08-04	PROGRESS_LOG.md	B885: the inter-breaking dictionary — one frame's vacuum axis IS a Higgs-block direction of every other frame; two structural laws, all three Galois pairs	B885 | B883 | B884	OTHER			16→10 cell: 0.194/0.018/0.194 across pairs | fine 11×11 table: 13/121 zero cells
2026-08-04	PROGRESS_LOG.md	B887: R37-1 executed as a workflow panel — the 19-gate could-it-still-fail audit; two live-demonstrated holes; four repairs; gate #20	B887	OTHER			37 agents, ~5.5 minutes wall | ~40 HIGH drift findings; 20/20 gates pass after repair
