arc	source	kind	detail
B2_moduli_evolution	main	OTHER	This probe is itself a falsification of an earlier handoff-document claim; it is a clean negative result properly flagged in the text, not a red flag against this arc.
B3_regge_complex	main	OTHER	The claimed triangulation data (2 tetrahedra, 2 edge classes, 4 face classes) is asserted as 'verifiable in SnapPy' but no SnapPy computation is committed; a stranger cannot reproduce these specific counts from this repo alone, only the downstream deficit arithmetic.
B4_bkl_gutzwiller	main	NUMERIC_ONLY_NO_EXACT	The headline 37.8% Gutzwiller share is a numerical truncation (orbits up to trace 17), not a closed-form/exact result, and is explicitly caveated as 'leading' not 'selected' with ratio to next orbit only ~1.13 -- a fragile margin.
B5_wheeler_dewitt	main	OTHER	Lambda estimate is off by ~10^120 from the observed cosmological constant and is explicitly logged as sharing the failure mode of two previously-killed claims (D1, D2); this is a correctly self-flagged dead end, not a live red flag against current claims.
B6_field_equation	main	OTHER	Verdict is honestly OPEN/STALLED and the arc itself names the kinetic-term/dimension/field-interpretation choices as inserted, not derived -- correctly disclosed, not a flag against the arc.
B7_fisher_kpp_creation	main	NUMERIC_ONLY_NO_EXACT	The core convergence-to-phi result is numerical finite-difference only; the reaction term itself is exact (P16) but the dynamics/D are explicitly stated as inserted, and 'creation spreading' is called suggestive not derived.
B9_fusion_scattering	main	IDENTIFICATION_BY_TYPE	The arc itself names and rejects the temptation to read a shared polynomial (tau^2-tau-1 appearing in both the Fibonacci fusion rule and the field-theory cubic vertex) as a derived equivalence -- a self-caught type-match that the arc correctly refuses to promote.
B13_trace_map_character_variety	main	OTHER	arc_verdict.json labels the overall verdict 'PROVED', but the probe's own printed output and FINDINGS.md/README.md both conclude 'Verdict: STALLED' for the physics-relevant question; a reader consuming only arc_verdict.json status would see 'PROVED' with no hint that the arc calls itself STALLED at the interpretation boundary.
B14_half_step_square_root_selector	main	OTHER	arc_verdict.json says PROVED but probe.py's own final print and FINDINGS.md both say 'Verdict: STALLED' at the status of the record-swap P; same PROVED/STALLED label mismatch pattern as B13.
B15_trace_map_invariant_controls	main	IDENTIFICATION_BY_TYPE	The arc explicitly rejects an interpretive labeling scheme (I=-1 -> nothing, I=0 -> awareness, I=1/4 -> existence) as unearned semantics attached to invariant-surface values purely by numeric coincidence -- itself a caught instance of the type-match trap.
B16_record_swap_status	main	OTHER	arc_verdict.json status is PROVED, matching the narrow claim about uniqueness of P given an exchange axiom, but the overarching print/FINDINGS verdict is STALLED because the exchange axiom itself is admitted, not derived -- same recurring PROVED/STALLED framing gap as B13/B14.
B18_trace_lift_functoriality	main	OTHER	arc_verdict.json PROVED vs probe.py/FINDINGS 'Verdict: STALLED' framing mismatch, same recurring pattern as B13/B14/B16 across this batch.
B20_operational_awareness_test	main	SELF_REFERENTIAL_LOCK	The arc frames operational 'awareness'/'memory'/'self-model' definitions purely in terms of invariant-preservation and state-dependence of a discrete dynamical system, then tests its own construction against its own definitions; the definitions are the arc's own choice and the negative outcome (no self-model) is honestly reported, but the entire exercise risks being a closed loop testing a system against criteria authored for that system.
B21_spacetime_wp_dictionary	main	OTHER	arc_verdict.json PROVED vs probe.py/FINDINGS narrative 'Verdict: STALLED' -- same recurring label-scope mismatch as other B1x/B2x arcs in this batch (six such cases: B13,B14,B16,B18,B21,B27,B28,B30).
B22_spectrum_genericity_controls	main	IDENTIFICATION_BY_TYPE	The arc is itself a rejection of a type-match temptation: it tests and rejects reading the generic -1 eigenvalue as carrying special particle/gauge content, precisely because it is generic across all orientation-reversing matrices, not special to the half-step.
B24_anyon_quantum_bridge	main	IDENTIFICATION_BY_TYPE	The numeric coincidence k+2=5 matching the discriminant 5 elsewhere in the project is exactly the bit-vs-value type-match the seat's rules flag; the arc correctly refuses to accept it as a derivation and marks the level k=3 as inserted, not selected.
B25_fibonacci_spectrum_anchor	main	MISSING_WITNESS	The README addendum's refined dimension estimate (bracket [0.78,0.93], Aitken ~0.86, bandwidth-decay ratio 0.8711(4)) is stated as 'numbers reproduced in-session' with no committed script in this directory that produces them; probe.py only computes and asserts a dimension near 0.75, not the refined bracket.
B25_fibonacci_spectrum_anchor	main	SUPERSEDED_UNMARKED	FINDINGS.md still states 'Mid-scale box-counting slopes are near 0.75' without any correction note, even though the README's own later addendum revises this to a not-converged range [0.78,0.93] (Aitken ~0.86) -- a materially different estimate that FINDINGS.md does not reflect.
B26_lambda1_derivation_attempt	main	OTHER	This is a self-correcting negative arc: it computes a proposed lambda/h=1 derivation via a literal period-3 orbit, finds the orbit is actually a sign-flipping half-return (period 6), and explicitly rejects the naive full-return version as giving a different, non-matching surface (I=-3/4). The correction is committed and consistent, not a hidden retraction.
B27_sl3_fibonacci_trace_lift	main	OTHER	arc_verdict.json PROVED vs probe.py's own final print 'Verdict: STALLED' -- same recurring label-scope gap as other arcs in this batch.
B28_projective_quotient_legitimacy	main	OTHER	arc_verdict.json PROVED vs probe.py/FINDINGS 'Verdict: STALLED' recurring mismatch; also note this arc PROVED-labels only that the sign flip is legitimate as a lift-choice, while the deeper claim (that the projective quotient criterion is the right physical selector) remains admittedly a 'bridge criterion, not something derived from A1-A7'.
B30_projective_state_space	main	OTHER	arc_verdict.json PROVED vs probe.py/FINDINGS narrative 'Verdict: STALLED' -- same recurring mismatch pattern.
B33_sl_n_trace_tower	main	OTHER	arc_verdict.json states verdict PROVED with claim restricted to SL(2)/SL(3), but FINDINGS.md and probe.py both explicitly print/assert 'Verdict: STALLED' because 'a general SL(n) theorem is not derived' -- the verdict file and the findings/probe text disagree on overall arc status even though the underlying computed content (rank 2/3 only) is consistent.
B34_goldman_wp_quotient_naturality	main	OTHER	arc_verdict.json verdict is PROVED but FINDINGS.md and probe.py both state 'Verdict: STALLED' -- 'Goldman/WP naturality supports the quotient but does not derive the selector', because the Poisson structure applies to all I-surfaces and does not select I=1/4.
B35_topology_cusp_marking_route	main	OTHER	arc_verdict.json says PROVED, but FINDINGS.md and probe.py both conclude 'Verdict: STALLED' -- 'the sign-character cycle contains no invariant-surface parameter... does not select I=1/4'.
B36_fibonacci_renormalization_route	main	NUMERIC_ONLY_NO_EXACT	The gap-label control that is supposed to show non-selectivity of I=1/4 relies entirely on floating-point eigenvalues and an ad hoc 5e-3 residual tolerance over 4 sampled coupling values -- not an exact or exhaustive argument.
B41_projective_orbit_census	main	OTHER	The census that supports 'B26 orbit is simplest' only searches seeds in {-1,0,1}^3 (27 points), a very small bounded space; the generality of 'simplest nontrivial family' is not established beyond this.
B46_rank_stability_controls	main	IMPORTED	The SL(3) trace-lift Jacobian characteristic polynomial used as the reference ('known SL(3) char') is hard-coded from a prior arc (B27) rather than recomputed in this probe.
B48_sl3_metallic_trace_maps	main	OTHER	arc_verdict.json states verdict PROVED, but FINDINGS.md's own '## Verdict' section and README.md both say NEEDS_VALIDATION ('The integer splitting classification is certificate-backed over an audit rectangle. It is not yet treated as an independently reviewed human proof.'); the PROVED label in the machine-readable claim-of-record overstates the arc's own self-assessment.
B50_pc12_proof_draft_assembly	main	OTHER	arc_verdict.json says PROVED for what is purely an editorial assembly task ('Can the B48/B49 governed evidence be assembled into an internal theorem-note skeleton'); FINDINGS.md and README.md both say the arc's own status is NEEDS_VALIDATION and explicitly 'not yet DRAFTABLE'. PROVED is a category mismatch for a task with no mathematical content to prove.
B54_general_c_exchange_structure	main	OTHER	The 'general-c' claim is verified only for m=1,2,3 (not symbolic m); FINDINGS.md itself notes the clean cyclotomic sweep is 'm=1-specific'. The verdict.json headline ('generalizing... to the entire fixed line') could be read as broader than the m=1,2,3-checked scope.
B57_general_m_splitting	main	OTHER	The claim 'c=1 and c=3 are universal splitting points (every m)' is demonstrated only for m=1..6 via bounded scan, not proven for all m symbolically (contrast with B51's fully symbolic-in-m proof at c=3, which does back the c=3 universality; the c=1 universal claim in FINDINGS.md is not separately given a symbolic-m proof in this arc, though B55 does supply that for c=1).
B58_phaseA	main	OTHER	This arc is exceptionally well-documented method-limitation research (real exact-arithmetic computation, prime-stability checks, explicit STOP-do-not-patch discipline, a UPDATE correction embedded at the top of FINDINGS.md dated after the original), i.e. it exemplifies good practice rather than a red flag; flagged here only to note it depends on B62's own not-yet-proven identification (see load_bearing item 3) for its baseline 'expected' a_2=2, so the overall SL(n) multiplicity tower (a_d row) is still an unproven structural conjecture beyond n<=4, not a theorem.
B58_sl4_tower_test	main	RETRACTION_NOT_PROPAGATED	This is actually a well-propagated retraction (the correction is prominently placed at the very top of FINDINGS.md with a clear NEGATED marker and the arc_verdict.json verdict is updated to RETRACTED) -- flagged here as a check, not a failure: the retraction chain is properly visible in this arc's own committed files.
B58_stage1	main	OTHER	n=5 cotangent dim '111' is explicitly a lower bound (partial_best_effort=true, single prime, deg<=11 truncation, generator count still rising at top degree) yet is reported in the FINDINGS.md table without a qualifier flag distinguishing it from the exact n=3/4 entries at first glance (the caveat is present in prose but the headline table lists it as if peer to 9 and 30).
B59_sl4_factorization	main	NUMERIC_ONLY_NO_EXACT	verdict label is 'PROVED' in arc_verdict.json despite FINDINGS.md/README.md both explicitly stating 'This is numerical (~3-4 digits), method-validated -- not a symbolic proof.'
B59_sl4_factorization	main	CLAIM_EXCEEDS_COMPUTATION	arc_verdict.json's verdict field says 'PROVED' but the claim_one_line and all prose describe a numerical/method-validated result, not a proof; 'PROVED' as the verdict enum value overstates the actual epistemic status the arc itself repeatedly disclaims.
B60_sln_tower	main	NUMERIC_ONLY_NO_EXACT	arc_verdict.json says PROVED though findings explicitly say 'numerical, method-validated for n=3,4; SL(5) unresolved... The cross-n map is an empirical structure, not a symbolic theorem.'
B60_sln_tower	main	RETRACTION_NOT_PROPAGATED	B60's own FINDINGS.md/README.md were updated in-place with a '> Update (B61)' block correcting the SL(5) conditioning-wall diagnosis, but the arc_verdict.json claim_one_line for B60 was not updated to mention this correction at all -- a reader of only arc_verdict.json would not learn the SL(5) barrier claim was later diagnosed as a coordinate-system defect.
B61_sl5_high_precision	main	NUMERIC_ONLY_NO_EXACT	arc_verdict.json verdict 'PROVED' for a result the arc's own FINDINGS.md calls 'high-precision numerics, not a proof' and 'UNSETTLED' for 2 of 24 modes.
B61_sl5_high_precision	main	OTHER	arc_verdict.json's authored_by field notes 'W1-pilot; corrected by B834 (24 readers, two panels, unanimous)' -- meaning this verdict itself was corrected by a later downstream review process (B834), but this digest run had no access to B834 to see what was corrected.
B62_opposition_involution	main	IDENTIFICATION_BY_TYPE	The 'convention' that fixed roots belong to the theta+1 (symmetric) sector is explicitly stated in probe.py's own docstring as 'fixed empirically by SL(3)' -- i.e. calibrated to reproduce one known answer, then applied to predict SL(5). The arc itself is honest about this ('not proved... only the height-2 sign/direct split') but it is a genuine risk that the labeling convention was reverse-engineered from the one case it needed to match.
B62_opposition_involution	main	OTHER	check_residual_sign in probe.py hardcodes the seed-20 residual value (2.890, 0.898) as a literal mp.mpf string rather than recomputing it from B61's method live -- so this 'check' cannot fail/regress if B61's underlying numbers ever changed, and is not independently reproducible from this file alone (the comment says 'B61 data').
B62_opposition_involution	main	NUMERIC_ONLY_NO_EXACT	arc_verdict.json says PROVED but the arc's own FINDINGS.md/README.md both say 'Recorded as a live structural result, not a theorem' / 'not a symbolic proof.'
B63_sl4_symbolic_m	main	FITTED_VALUE	The claimed 'exact' Z[m] polynomial factorization is derived by interpolating numerically-computed eigenvalue sums across m=1..6 (degree-4 polynomial fit to 6 points, i.e. only 2 points of over-determination) rather than by a from-scratch symbolic derivation; the arc is honest that this is 'computer-assisted... not the hand-built Procesi trace ring', but arc_verdict.json's 'PROVED' does not convey that the underlying data points are numeric extrapolations at finite precision (max-match grows to ~0.2 absolute at m=6).
B63_sl4_symbolic_m	main	NUMERIC_ONLY_NO_EXACT	arc_verdict.json says PROVED; FINDINGS.md itself repeatedly says 'computer-assisted... Not a hand-built trace-ring proof.'
B64_parity_mechanism	main	OTHER	The SL(4) sector-assignment claim in this arc rests on B63's factorization, which is itself a numerically-reconstructed (not from-scratch symbolic) result (see B63 entry); B64's own verdict of PROVED for the SL(4) part therefore inherits B63's numeric-input status even though B64 badges its own SL(3) piece as full symbolic proof.
B65_sl4_symbolic_jacobian	main	NUMERIC_ONLY_NO_EXACT	The FINDINGS.md itself is careful: 'Computer-assisted but rigorous... Not the hand-built Procesi trace ring.' Yet arc_verdict.json again labels this PROVED without qualification, continuing the pattern across the B58-B69 family where the verdict enum outruns the arc's own hedged prose.
B65_sl4_symbolic_jacobian	main	OTHER	FINDINGS.md notes 'a rank check showed single-block V + Lambda^2 traces span only 12 of 15 character-variety dimensions, so genuine mixed two-block words are unavoidable' -- i.e. the arc itself documents that a from-scratch symbolic derivation is NOT available with the tools built so far in this campaign, and the reconstruction-from-numerics route was chosen specifically because the honest symbolic route is blocked.
B66_sl6_tower	main	NUMERIC_ONLY_NO_EXACT	Even here the honest framing ('numerical, not a symbolic proof') is undercut somewhat by arc_verdict.json's terse claim_one_line, though this is the mildest case in the batch since the verdict is 'NEGATIVE' (a refutation), which does not require the same standard of proof as a positive claim, and the arc's own text is unusually careful (9 of 35 modes explicitly flagged gauge-corrupted, not silently dropped).
B67_figure_eight_apolynomial	main	OTHER	The published Cooper-Long A-polynomial is hardcoded as a literal sympy expression in cooper_long() rather than fetched/verified against an external source in this run; the digest cannot independently confirm this transcription matches the actual 1996 paper (a stranger reproducing this would need to trust the transcription, or verify it against the literature separately). This is a minor point since Cooper-Long's polynomial is a well-known, widely reproduced object in knot theory (also independently reproduced e.g. via SnapPy in other parts of the repo, not read here).
B69_metallic_apoly_family	main	SUPERSEDED_UNMARKED	NOVELTY_CHECK.md (same arc directory, same date) explicitly RETRACTS/downgrades the arc's own novelty framing: 'the cusp-torsion law is NOT new... B69 is re-labeled STANDARD_REPACKAGE: a verified... computer-assisted observation that is a special case of the Baker-Petersen / Culler-Shalen theory... drop any novelty framing.' Yet arc_verdict.json's claim_one_line makes no mention of this downgrade and reads as if the result is an original contribution ('extends the figure-eight A-polynomial... verified m=1..6'), with no cross-reference to NOVELTY_CHECK.md's STANDARD_REPACKAGE verdict.
B69_metallic_apoly_family	main	NUMERIC_ONLY_NO_EXACT	arc_verdict.json verdict is PROVED for the whole family, but per FINDINGS.md only m=1 is independently PROVED (via B67); m=2..6 are 'computer-assisted VERIFIED', and novelty of the general pattern is explicitly disclaimed.
B70_trace_ring	main	OTHER	"FINDINGS.md's own honest-status line says the result is ""not PROVEN"" (labeled computer-assisted structural characterization) while arc_verdict.json's verdict field says ""PROVED"" — a wording mismatch between the arc's own text and its verdict label."
B70_trace_ring	main	SUPERSEDED_UNMARKED	"e2_sector_closure.py's generic-epsilon-series result is explicitly superseded by e2_unipotent_bound.py per an inline CORRECTION docstring, but the file is still committed and referenced as ""kept as contrast"" rather than deleted or clearly marked stale in FINDINGS' headline; the correction is well-documented in-file so this is a minor/handled case."
B71_sl3_apoly	main	OTHER	A §3 audit note documents a real bug found by an external sandbox run (sorted-eigenvalue comparison broken by a platform-dependent cube-root-of-unity branch), fixed and explained in-file — this is well-handled but shows the original numerical test was not robust to LAPACK/platform variation before the fix.
B73_sl4_apoly	main	MISSING_WITNESS	"This arc has no FINDINGS.md and no arc_verdict.json — its claims (""CONFIRMED"", degree=rank at SL(4)) live only in code docstrings/README, with no formal verdict record for the digest/audit process to check."
B74_higher_spin_grading	main	IDENTIFICATION_BY_TYPE	"the ""literal shared involution"" claim rests on both W_N charge-conjugation and Dickson m-parity being instances of the SAME abstract A_{n-1} involution (-w0) acting on a degree-k invariant — a genuine algebraic identity, not a coincidence of dimension, but the FINDINGS text itself explicitly warns the dynamical extension (metallic eigenvalues = higher-spin CFT spectrum) is SPECULATIVE-ANALOGY with no supporting computation, i.e. the arc correctly self-flags where the type-match stops being evidence."
B75_metallic_degree_rank	main	LOG_DRIFT	"arc_verdict.json labels the arc PROVED, but the arc's own FINDINGS.md explicitly scopes it as a two-axis result with ""honest open corners"" (even-m and rank-4-metallic corners are OPEN, not proved) — the flat PROVED verdict overstates the qualified, partly-open claim in the FINDINGS text itself."
B76_cusp_quantum_group	main	IDENTIFICATION_BY_TYPE	"the F2 result rests on both the cusp value and the quantum-group [2]_q value being the same cyclotomic number 2cos(pi/k) — the arc itself calls the deeper reading (""anyonic TQFT"") a claim resting ""on nothing more than 'both are roots of unity'"" and correctly labels it SPECULATIVE-ANALOGY rather than a genuine physics bridge."
B79_mn_table	main	LOG_DRIFT	"3 of 6 table cells are explicitly OPEN in FINDINGS.md, yet arc_verdict.json labels the whole arc PROVED; ""no cell contradicts d=rank"" (an absence of counterexamples) is being read as confirmation of a general law across a table that is half unfilled."
B80_sl4_adproof	main	GITIGNORED_WITNESS	build_jm.py's console output (the MATCH=True print, factored char poly) is not itself saved to a committed file beyond jacobian_m_crt.json's summary fields (charpoly_factored, matches_tower); if any auxiliary run log were produced by the ~2-3 min run it would fall under the repo-wide *.log/*.out gitignore, though the essential result (jacobian_m_crt.json) is committed here so this is a minor/soft flag rather than a missing witness.
B82_consolidation	main	OTHER	"This arc's own explicit self-assessment (""there is no physics here"") is the single strongest and most directly relevant statement in this whole batch for a fresh physics evaluation seat: an internal author-level conclusion that the entire B70-B86 cluster's SL(n)/trace-map/Dickson-tower/quantum-group work never crosses into 3+1D physics."
B87_m3_genus	main	OTHER	the m=3 disc3 result rests on a numeric curve-fit (Newton solve, SVD, integer-rounding heuristic in probe.py) rather than a closed-form symbolic derivation of the m=3 A-polynomial; the fit succeeding is itself somewhat lucky (relies on 'introundok' tolerance checks)
B89T_tower_route	main	SELF_REFERENTIAL_LOCK	the arc_verdict.json documents this is a retro-authored verdict, drawn purely from the arc's own FINDINGS.md rather than an independent adjudication, for an arc predating the verdict discipline
B89_sl4_symbolic_M4L	main	SELF_REFERENTIAL_LOCK	retro-authored verdict drawn purely from the arc's own FINDINGS.md
B90_degree_rank_peripheral	main	RETRACTION_NOT_PROPAGATED	arc explicitly retracts its own earlier overstated framing (CC-web audit); FINDINGS.md and README are consistent post-correction, so retraction IS propagated here -- flagging as a positive example, not a violation, but noting the RETRACTED verdict status should be checked in any downstream doc that still cites the pre-audit 'exponent=rank from CH' framing
B92_metallic_classification	main	SUPERSEDED_UNMARKED	the FINDINGS.md body (main classification section) still contains 'MyCalc-2' text asserting 'all are conjugate to the companion M_m' as a settled claim, which is corrected by the 2026-06-15 correction block and then RE-corrected by the 2026-08-18 addendum; the arc_verdict.json claim_one_line and README.md still say '...period-1 slice; m is free' without surfacing the two-layer correction history, though the addendum text itself is present in FINDINGS.md
B92_metallic_classification	main	MISSING_WITNESS	the corrected class-number table (h=1 for m=1-5,7,8; h=2 at m=6,9,10) cites three independent verification routes (Sage, class-number formula, PARI) but none of the corresponding scripts/output are present among this arc's committed files
B93_det_parity_bridge	main	OTHER	MyCalc-4's Galois-vs-parity distinction uses the language 'CPT' and 'charge-conjugation' as physics analogies for purely algebraic Z/2 involutions on a trace-map tower; FINDINGS.md itself flags this is 'a refinement of a speculative handoff lens, not a confirmation of it' -- an honest hedge, but the physics vocabulary risks IDENTIFICATION_BY_TYPE if read out of context downstream
B95_degree_rank_mechanism	main	OTHER	"the FINDINGS.md STATUS REFINEMENT banner documents a genuine over-claim (""the principal spectrum is forced by tr A=tr A^-1=1 alone"" -- false, counterexample given) that was caught and corrected in-place; good practice, but shows the original probe/FINDINGS language needs the refinement banner to be read correctly, and downstream consumers citing only the bolded headline risk missing the caveat"
B95_degree_rank_mechanism	main	OTHER	n=5 reducibility check uses only 3 random seeds and an 11-word list as an algebra-span proxy, not an exhaustive proof of dihedral-only structure for arbitrary t
B97_sl2r_lorentzian	main	IDENTIFICATION_BY_TYPE	identifying the sl(2,R) Killing-form signature (2,1) with '2+1 Minkowski spacetime' is a textbook fact about the gauge group of 2+1 Chern-Simons gravity (Witten 1988) -- FINDINGS.md itself calls this 'structural...present by construction, not emergent or derived', explicitly disclaiming the type-match as physics content; correctly self-flagged rather than asserted as new physics
B99_geometric_jacobian_sl3	main	NUMERIC_ONLY_NO_EXACT	the SL(3) geometric-rep Jacobian eigenvalues are computed only via finite-difference numerics (h=1e-7), not an exact symbolic derivation; the FINDINGS.md itself notes 'the exact algebraic form is not pursued here'
B101_hitchin_reframing	main	MISSING_WITNESS	SAMPLE_CODE mode: only the first 120 lines of a 16873-byte probe.py were read plus a grep listing of function names; the R2 (spacetime-tower kill), R3 (branching), and R4(b) (finite Anosov witness) claims rely on function bodies (ladder_signatures, principal_sl3_branching, cubic_deformation_witness) not read in full in this digest pass
B101_hitchin_reframing	main	OTHER	external log entry states an independent audit found 'the certificates were fragile' even though findings were confirmed -- worth checking what 'fragile' meant concretely (numerical tolerance issues?) since it is not elaborated in the log excerpt read here
B103_tower_equivariance	main	OTHER	_Jm_n3_exact() interpolates J(m) through only 5 sample points (m=1..5) assuming polynomial entries of degree <=4 in m; this is a strong but unverified-in-this-file assumption (if the true degree exceeds 4, the interpolation would silently give a wrong polynomial that happens to match at 5 points)
B103_tower_equivariance	main	IMPORTED	the n=4 module-iso computation imports a precomputed Jacobian artifact (jacobian_m_crt.json) from a different arc (B80) rather than deriving it fresh here; not independently reproducible from files in this packet alone
B104_dehn_twist_tower	main	MISSING_WITNESS	the SL(5) 21/24 result depends on cross-arc imports (B58's jacobian_closure.py providing dual-number/eps-series machinery, B104 module itself); the 'gauge degeneracy at the doubly-degenerate sector' explanation is asserted in comments/prints rather than independently proven within this file
B105_n5_wall_and_convergence	main	MISSING_WITNESS	'Appendix A' is cited in FINDINGS.md as demonstrating that seed-variation is uninformative noise, but no such appendix file appears among this arc's 4 committed files (FINDINGS.md, README.md, arc_verdict.json, probe.py) -- either it is a section within probe.py not reached in the SAMPLE_CODE read, or it is not actually a separate committed artifact
B105_n5_wall_and_convergence	main	OTHER	this arc required two rounds of audit/correction (V90 walking back 'coordinate artifact' and 'natural boundary', V91 walking back 'one collision') -- a real strength in transparency but also evidence that the initial claims in this research line were repeatedly overstated before being caught by external verification passes
B106_dehn_filling_anatomy	main	NUMERIC_ONLY_NO_EXACT	The SL(4) secondary c=i relation is explicitly flagged as computer-assisted/numerical (~5e-15), not proved symbolically over Q(omega) unlike the SL(4) principal which corroborates a prior exact result (B89/B83).
B107_physics_connection_audit	main	RETRACTION_NOT_PROPAGATED	FINDINGS.md itself documents that two prior physics write-ups (masses=eigenvalues, torsion=masses) were 'withdrawn category errors' — this is the retraction being recorded, so it is not itself unpropagated within this arc, but a reader should verify no other arc still repeats the withdrawn identification.
B107_physics_connection_audit	main	IDENTIFICATION_BY_TYPE	The now-withdrawn overclaim (tower eigenvalues = anomalous dimensions/masses) is exactly the kind of dimension/type-coincidence identification this seat is told to flag; it is explicitly retracted here, which is the correct outcome, but shows the pattern recurs in the corpus.
B110_off_locus_sector	main	OTHER	The component classification itself is imported from external literature (HMP); the arc's own contribution is verifying the forced-locus property via a grid search, which is not exhaustive over the continuous variety (a finite grid cannot prove a negative over a continuum with full rigor absent a symbolic argument).
B111_sign_structure	main	SUPERSEDED_UNMARKED	B111's own arc_verdict.json still records verdict PROVED for the 'closed form + one promotion' framing with no supersedes/superseded_by pointer, even though B117's FINDINGS.md and arc_verdict.json (supersedes: B111) explicitly state 'the promotion framing is superseded' and 'there is no promotion' (a Sym^1 absence instead). A reader consulting B111's verdict file alone would not learn it has been superseded.
B112_closed_form_proof	main	LOG_DRIFT	The bare verdict file (arc_verdict.json) still reads 'PROVED — ...giving ceil/floor multiplicities for all n by an elementary root-system lemma' with no supersedes/superseded_by field populated, even though the FINDINGS.md's own top banner and B117's arc_verdict.json (supersedes: B112) record that the all-n 'sign half of rho_n' headline is downgraded to n<=5 and the tower realization is superseded. The Tier-1 combinatorial lemma itself does stand, so the verdict is defensible only if read as scoped strictly to that lemma — which the one-line claim text does not make clear.
B113_sl5_resolution	main	SUPERSEDED_UNMARKED	arc_verdict.json for B113 records verdict PROVED with no supersedes/superseded_by, but B117's FINDINGS.md explicitly lists B113 among arcs whose 'promotion' framing is superseded (section 3b: 'B111/B113 superseded'). B113's own claim rests on a 'localization' of the promotion that B117 says does not exist as a promotion at all (it reframes it as Sym^n presence).
B116_reconcile_theta_sym	main	RETRACTION_NOT_PROPAGATED	B116 explicitly downgrades B112's all-n claim, and this IS propagated into B112's own FINDINGS.md banner — a positive example — but B112's arc_verdict.json (the machine-readable claim of record) was not correspondingly updated, so downstream readers of only verdict files would miss the correction.
B119_mk_scalar_mechanism	main	RETRACTION_NOT_PROPAGATED	This arc corrects B111 ADDITION 2's cusp-order pattern reading ('{n-1,n+1,2n}' law), explaining it conflated three distinct components into one false law; the correction is documented in-file but again B111's arc_verdict.json is not updated to reflect this correction either.
B120_tower_determination	main	LOG_DRIFT	arc_verdict.json claims PROVED with no proof-strength qualifier, but PROGRESS_LOG 2026-07-24 explicitly notes it was 'banked as a law rather than a theorem because its arc states it with no proof-strength tag' — the log downgrades the arc's own verdict label after re-verification, a discrepancy between the arc's self-reported status and the later external review's classification.
B120_tower_determination	main	OTHER	S2 (m-universality of Sym content) is explicitly self-labeled 'a reframing, not a closure' and 'proved only at n=3,4' — the arc's own README correctly downgrades this from a general theorem, which is good practice but means the section title's framing ('the deep lead') risks overselling relative to its n=3,4-only scope.
B121_monodromy_grading	main	IDENTIFICATION_BY_TYPE	The arc frames the 'principal = Hitchin/Fuchsian section' and 'monodromy = mapping-class-group action' correspondence as connecting to Hitchin systems/geometric Langlands, based on matching dim n^2-1 and det=+-1 parity structure with the Hitchin picture's known internal/external SL(2) split — this is precisely the dimension/parity-type-match pattern the seat is told to flag as a licence to ask, not evidence, though the arc itself is careful to firewall the interpretive leap to S024 and keep the proved content (dimension count + parity obstruction) separate.
B123_arithmeticity_m1	main	SUPERSEDED_UNMARKED	B123's own arc_verdict.json shows superseded_by: null and claim_one_line unchanged, but the project's own progress log (same day, 2026-06-08) records B125 as overturning exactly this claim ('the B123/K009 third independent/unique m=1 arithmetic criterion, which mis-applied Reid 1991'), and B125's arc_verdict.json carries supersedes: 'B123'. The retraction is one-directional (B125 -> B123) and not reflected back in B123's own verdict file, so a reader consulting B123 alone would not learn its headline claim is overturned.
B125_snappy_arithmeticity	main	GITIGNORED_WITNESS	The exact m>=3 field degrees are noted as precision-sensitive in reproduction (observed 4 or 8, canonical value 6) and this was later a live source of a wrong 'correction' (B571/B577) that was itself retracted (B578-D6); the underlying SnapPy/cypari run that produced the original table is not captured as a committed witness file beyond the RECORD dict, so the exact provenance of degree-6 for m=3 depended on rerunning with SnapPy, which is optional tooling not guaranteed present.
B126_ladder_to_physics	main	CLAIM_EXCEEDS_COMPUTATION	The headline 'rigidity propagates exactly two floors, provably' is a literature-grounded argument stitched from many external citations plus two small in-house computations (A) and (B); it is a synthesis/survey conclusion, not itself a single computed or proved result, though the arc is honest about this ('literature-grounded').
B127_chirality_arithmetic_naming	main	OTHER	probe.py for this arc was not in the packet's file list (only FINDINGS.md, README.md, arc_verdict.json were listed for B127 despite the packet showing 4 files for other arcs) -- verify this is not an omission before treating the arc as fully read; this digest's claims about probe.py content are inferred from README's description only.
B128_symmetry_breaking_chirality	main	OTHER	A method bug (naive is_isometric_to being orientation-blind, false-positiving on 3 known-chiral census knots) was caught and fixed within this same arc, and is documented as a REPRODUCIBILITY.md SCAN note so future runs don't repeat it — this is good practice, flagged here only because prior arcs (B127's CS=0 claims) are noted as still 'safe' under the old method but every future determination must use the corrected test.
B129_sl3_tower_sealed	main	OTHER	Two method bugs (inQ3 rational-detector rejecting pure rationals; finite/central masquerade under loose tolerance) are documented as caught and fixed in this same arc's own run, banked to REPRODUCIBILITY.md — a positive discipline note, flagged here for completeness since the load-bearing S1b conclusion depends on the fix being correctly applied.
B130_no_forced_choice	main	OTHER	m=3 and m=4 kappa-elimination results are stated as 'verified in-sandbox' with specific runtimes (m=3 ~80s) but the script's main() does not call kappa_elimination(3) or (4) live by default -- only m=2 runs live; the m=3/m=4 claims rest on a hardcoded dict (KAPPA_FREE_SYMBOLIC) whose provenance a stranger cannot directly re-trigger without editing the script.
B131_two_seed_fork	main	SUPERSEDED_UNMARKED	B134's novelty audit found B131's headline framing ('heterogeneity makes the choice') to be scope-limited to the identity gluing specifically (Kitano-Nozaki 2020 shows a same-seed splice/swap gluing also forks) -- a qualification, not a full retraction, but B131's own arc_verdict.json (claim_one_line, supersedes/superseded_by both null) does not reflect this scoping; a reader of B131 alone would not learn the 'heterogeneity, not multiplicity' framing needs the identity-gluing caveat.
B132_quantum_layer	main	OTHER	This is a positive example, not a violation: the arc's own README/FINDINGS titles explicitly flag '[CORRECTED by B133]' at the top, and the corrected probe.py file itself contains both the withdrawn claim and the correction inline (not hidden), with the tombstone K-H and guard MB6 documented. Flagged here only so the seat notes this as the cleanest self-correction pattern seen in the batch.
B134_chirality_recursion_proved	main	SUPERSEDED_UNMARKED	B134's arc_verdict.json declares supersedes: 'B128', but B128's own arc_verdict.json (read in this batch) shows superseded_by: null and its original claim_one_line unchanged. This is an upgrade (computer-assisted 15/15 -> proved) rather than a contradiction, so the practical risk is lower than the B123/B125 case, but the pattern (supersedes field populated one-directionally, never reflected back in the superseded arc's own file) recurs across this batch and is worth flagging systematically.
B137_s031_sealing_m2	main	OTHER	The FINDINGS.md 'Honest scope' section contains an inline correction fragment about K3 (bronze field degree) added after a later review cycle (B578) reverted a wrong intervening 'correction' (B571/B577) -- the fragment reads as a retroactive patch embedded mid-sentence in the original FINDINGS text ('A 2026-07-14 in-place correction... wrongly claimed... RETRACTED same day'), which is good in that the correction IS present and dated, but it is stylistically inserted into what reads as the original arc text rather than a clearly separated addendum/correction section.
B138_s031_principal_lemma	main	LOG_DRIFT	B775 progress-log entry (2026-07-24) labels this 'a new all-n THEOREM'; the arc itself proves only the principal-direction half and states the converse (all-n, all exotic points excluded) is explicitly OPEN. The log overstates.
B141_s031_split	main	SUPERSEDED_UNMARKED	The ADDENDUM (2026-08-13) explicitly retracts Item 3's stated mechanism ('finite image => reducible tower' is false in general; counterexample SL(2,3)=2T). FINDINGS.md, README.md, and arc_verdict.json's claim_one_line still state the finiteness-vs-density mechanism as the conclusion, with no inline correction pointing to the addendum (the addendum is a separate file, not merged into the sealed text). The bottom-line conclusion (Q8 tower reducible for n>=3) survives, but the stated general principle does not.
B142_klein4_and_magic_cartography	main	IDENTIFICATION_BY_TYPE	The corrected item explicitly documents a prior claim that rested on 'SL(2,C) character-variety complex dim (2, a symmetry slice) = rank(SU(3))' -- a dimension coincidence between an SL(2,C) object and an SU(3) Lie-algebra rank, banked here as a negative/tombstone precisely because it was such a coincidence (guard MB10). Recorded because the seat's own methodology flags this pattern class.
B145_forced_chirality	main	SUPERSEDED_UNMARKED	B145's FINDINGS.md, README.md, and arc_verdict.json all still state as a load-bearing fact 'every quadratic-trace-field (arithmetic-candidate) bundle is amphichiral -- there is no arithmetic chiral o-p-t bundle' (and cite it as part of 'the strongest canonicity implies amphichirality'). B146 (same batch) documents this arm as refuted-as-stated (wrong trace field used) and B147 documents it as refuted outright (RRL/RLL are fully arithmetic and chiral). None of B145's own files (FINDINGS/README/arc_verdict) were edited to retract or flag this; a reader of B145 alone would believe the false claim. (Note: B146/B147 as separate arcs do correctly supersede it -- this is a within-B145 uncorrected residue, not a project-wide silence.)
B145_forced_chirality	main	LOG_DRIFT	B145's arc_verdict claim_one_line ('the canonical/minimal locus coincides with the self-mirror family') is stated without qualification; the surviving justification after B146/B147 rests only on the volume/palindromic arms, not the arithmeticity arm this same claim implicitly leaned on.
B147_arithmetic_chiral_bundle	main	MISSING_WITNESS	The volume/Bianchi-covolume cross-check (the 'independent confirmation' of arithmeticity) is stated to run under a separate sage-python process, but no such secondary script is among the arc's committed files (only probe.py, which is pyenv-only and hardcodes the ratios as a dict, VOLUME_BIANCHI_RATIOS). A stranger cannot reproduce this specific check from the committed files alone -- they would need to reconstruct the sage-python script from the prose description.
B150_class_s_coincidence	main	IDENTIFICATION_BY_TYPE	The 'FORCED' tags for the group-theoretic identification with N=2* S-duality rest on quoting Allegretti-Shan's prose that the duality acts 'on the character variety itself ... not merely on the coupling tau' — this is the arc's own stated method (a 'binding distinction' to police exactly this risk), but the underlying evidence is still literature-cited convention-matching (same cubic, same group name, same generators) rather anything computed here; the arc's own honesty language ('honest nuance ... the literature does not single out the metallic family') concedes this.
B151_firewall_confirmation	main	CLAIM_EXCEEDS_COMPUTATION	The verdict() function computes FIREWALL_HOLDS purely by checking that no entry in a hand-written list has tag=='CROSSING' -- i.e., the test is vacuously true by construction unless the author had themselves written in a CROSSING row. There is no independent check of the literature claims; the 'test' the FINDINGS.md references only locks 'the honesty structure', not the substance.
B154_silver_bundle_foundation	main	SUPERSEDED_UNMARKED	arc_verdict.json's verdict is still 'PROVED' with supersedes:'B153' and superseded_by:null even though the FINDINGS.md's own CORRECTION banner says the closed-form part of the claim (k=4-m(o-3)) is REFUTED by B157; the verdict JSON does not record that a piece of what it certified was later refuted, so a reader who only consults arc_verdict.json (as the campaign's claim-of-record convention instructs) would not learn of the refutation.
B154_silver_bundle_foundation	main	FITTED_VALUE	The closed-form k=4-m(o-3) was an empirical fit to only 2 values of m and 2 of o (a 2x2 grid), explicitly under-determined, and indeed failed once a third m was tried.
B155_golden_phase_bridge	main	IDENTIFICATION_BY_TYPE	The arc explicitly and correctly firewalls the temptation this flags: signature (1,3) is flagged in the arc's own 'Firewall' section as 'algebraic inertia of a symmetric bilinear form ... NOT spacetime, NOT a Lorentzian metric, NOT time' -- a genuinely careful self-caution rather than an actual overreach, but noted here because signature-(1,3) numerology recurs heavily in the downstream program (B746 'golden ledger') and is exactly the kind of dimension-coincidence this seat is asked to flag on sight.
B156_omega_strict_full_cone	main	IDENTIFICATION_BY_TYPE	arc_verdict.json's creates_law_reviewed field (dated 2026-08-29, arc B1214) records that this arc was later re-classified from 'was: ABSENT' to a formal decision that it does NOT create a new law/proposition ('the law, if any, belongs to the source') because it is fundamentally a VERIFICATION of imported handoff material, not a novel derivation -- notably, the review basis states this arc (unlike 13 others that passed) was NOT read in full before that classification, an asymmetry the review itself discloses.
B156_omega_strict_full_cone	main	IDENTIFICATION_BY_TYPE	The signature (1,3) recurs here (as in B155) as a candidate physics-suggestive numerology (paired with an explicit, correct firewall that it is bilinear-form inertia, not spacetime) and the arc explicitly flags its own risk that a stronger unification reading ('Omega IS the trace-map tower') is false as a mechanism -- a self-correction worth noting given how heavily downstream arcs (B158, B159, B746) lean on the Omega/B155 object as a canonical seed.
B157_metallic_exponent	main	SUPERSEDED_UNMARKED	FINDINGS.md carries three layered updates in one file (original REFUTED result -> 'NEEDS-SPECIALIST' update -> CORRECTION saying the NEEDS-SPECIALIST mark was premature); the top banner/status line and arc_verdict.json still read only the original REFUTED claim and do not mention the SL(5) o=5 extension or the walked-back NEEDS-SPECIALIST claim, so a reader of the verdict alone would miss the corrected state.
B157_metallic_exponent	main	MISSING_WITNESS	the CORRECTION's claimed SL(5) o=5,m=1->k=2 result (gauge-fixed Newton, 'certified to ~23 digits, 3 independent methods') has no script in this arc's committed file list — the witness lives in a different, unsampled arc (B198)
B158_omega_tower_bridge	main	OTHER	the arc explicitly notes the honest scope limit itself: 'a 2-parameter reciprocal quartic can be tuned to any (monodromy-trace, phase-trace) pair, so the existence of such a factorization is not surprising in itself' — a self-flagged risk of overclaiming that the FINDINGS.md handles well by scoping the claim to lattice-point + signature specifics, not existence alone.
B159_omega_class_dag	main	GITIGNORED_WITNESS	the full 1.16MB transition-DAG JSON (the primary cross-session export artifact) is retained only under audit/omega_gate2/, described as gitignored; only its SHA256 and the derived node/edge CSVs are committed, so a stranger cannot re-fetch the original export, only the CSVs and the from-scratch recount
B159_omega_class_dag	main	CLAIM_EXCEEDS_COMPUTATION	the claim that L8-L10 class structure 'rests on verified ground' is a step beyond what PART 2 actually recomputes (L4-L7 only); L8-L10 classes are verified only via the imported CSV's internal conservation checks (PART 1), not an independent recount
B160_quasicrystal_bridge_corroboration	main	NUMERIC_ONLY_NO_EXACT	the golden/silver/bronze spectral-measure decay rates (0.759/0.779/0.719) and the kappa<2 Cantor-persistence question are numeric/grid estimates, honestly labeled NUMERIC or OPEN in the arc's own verification-ledger table, not exact proofs — this is disclosed, not hidden
B162_kappa_sweep	main	NO_TEST	the log_index for this arc is null (not in the progress log at all), unlike its sibling arcs B160/B161; the finding is only traceable via its own FINDINGS.md/arc_verdict.json, not corroborated by any external progress-log entry sampled in this pass
B163_kappa_sweep_resolved	main	NO_TEST	log_index is null for this arc, same pattern as its sibling B162
B164_isomonodromy_04cubic	main	NO_TEST	log_index is null; this arc is only traceable via its own FINDINGS/arc_verdict
B167_conserved_no_scale_lemma	main	CLAIM_EXCEEDS_COMPUTATION	the arc's headline lemma ('conserved => no internal scale') and its five-door exhaustiveness taxonomy are POSTULATED physical/logical arguments, explicitly labeled as such in FINDINGS.md, yet arc_verdict.json's claim_one_line states the conclusion as flat fact ('cannot source an internal scale ... leaves no internal door') without carrying the POSTULATED qualifier forward; later log entries (2026-08-26) cite B167 as part of a 'CONFIRMED' scale wall, which risks readers treating a stated-not-proved argument as an established result
B168_omega_accretion_generative	main	OTHER	"the G4 'scale verdict' check in generative_pass.py is chk(""all emergent rates ... => NO scale"", True, ...) — the assertion is hard-coded True, not derived from any computation in the script; it is a correct conceptual point (ratios of counts are dimensionless) but is presented alongside genuinely computed checks (G1-G3) in a way that could read as equally rigorous"
B169_isomonodromy_flow	main	CLAIM_EXCEEDS_COMPUTATION	P3 (the 'firewall-relocation verdict' — the arc's physics-adjacent conclusion that any scale must be external to the Hitchin/dynamical side) is checked in isomonodromy.py via two chk() calls with a hard-coded True condition, not a computation; FINDINGS.md itself correctly labels P3 '[structural / POSTULATED]', but arc_verdict.json's verdict is a flat 'PROVED' with no qualifier distinguishing the exact P1/numeric P2 content from the postulated P3 content
B170_relational_scale_leap	main	OTHER	L1 (the 'undecidable from within' claim) is checked via chk(description, True), a hard-coded pass rather than a computed result, though FINDINGS.md is honest that L1 is '[structural]' not numeric
B175_collective_spectrum_predictivity	main	NUMERIC_ONLY_NO_EXACT	the 'order-power law' slopes (1.92, 2.01, 2.6->3) are fitted numerical slopes toward integer orders, not exact/symbolic; the exact integer power is explicitly not confirmed (see also B178's honest admission that the power plateaus at ~1.7 and does not cleanly resolve to 2).
B176_golden_privilege	main	IDENTIFICATION_BY_TYPE	the paper explicitly notes the P000 anchor-choice ('phi = maximally resists the trivial') and this arc's spectral golden-privilege are tied only by a shared property (phi extremal-irrational) — a rhyme, correctly firewalled one-way, but still worth flagging since it is exactly the pattern the seat watches for.
B177_metabolism_test	main	OTHER	this is a speculative 'is it alive' test framed in biological language (metabolism, cell, starvation) applied to a pure quasicrystal spectral-dynamics object; verdict is NEGATIVE and explicitly says nothing supports a life-claim or physics-claim, which is honest, but the framing itself (testing whether a mathematical object is 'alive') is far outside standard physics vocabulary.
B178_perturbative_mechanism	main	CLAIM_EXCEEDS_COMPUTATION	claim_one_line and verdict say 'PROVED' for a mechanism whose central quantitative prediction (integer power-law exponent = 2) the same script's own numerics show plateauing at ~1.7, explicitly not reaching 2; the FINDINGS text is honest about this ('NOT cleanly resolved to 2') but the verdict label PROVED sits atop an admittedly unconfirmed exact claim.
B181_criticality_scale	main	LOG_DRIFT	the progress log first claims B181+B507+B498 are 'ONE critical-fixed-point theorem, three wordings, never joined' (2026-07-11, repeated 2026-07-14) but a later 2026-07-14 entry (B578) walks this back, calling B181 'domain-disjoint (wording repaired)' — the unification claim about B181 specifically was corrected in the log itself, and this arc's own files contain no evidence of that later correction being reflected here.
B185_constraint_selection	main	OTHER	the arc_verdict.json contains an unusual retrospective self-audit field ('creates_law_reviewed', dated 2026-08-29) that explicitly states this specific arc's verdict was classified as NOT a new general law/proposition, and — more importantly — that the classifying audit admits it did NOT read this arc in full before making that determination, contrasting it with 13 other arcs that were read in full first. This is a self-disclosed asymmetry in review rigor for this specific arc, worth flagging as a genuine methodological gap even though the audit itself flagged it.
B189_omega_causal_dimension	main	OTHER	this arc is cited in the progress log's newly-filed E52 'VERIFIER-DEFECT class' (five instances across two seats), meaning a prior verification pass on this exact arc's C3 null-control claim ('indistinguishable') was itself found defective at higher statistics; the correction is properly recorded via an addendum, but the episode illustrates that even a 30-seed statistical null-control claim in a firewalled, non-physics arc was insufficiently powered and had to be walked back twice (2026-06-23, then 2026-08-28).
B192_sln_higher_rank	main	OTHER	Textbook example of the corpus's own failure mode: an original claim was built on cherry-picked energies (1.3, 2.1, -1.7) and a mismatched dense-Gaussian control before being caught and retracted. Retraction is well-propagated here (verdict=RETRACTED, FINDINGS documents both original error and correction), but it is evidence the corpus is prone to this pattern elsewhere.
B196_entropy_conformal_dimension	main	IDENTIFICATION_BY_TYPE	A CFT conformal dimension Delta is identified with a dimensionless, negative (non-unitary) quantity derived from topological entropy purely because the Painleve-VI/GIL dictionary formally assigns a Liouville momentum to any hyperbolic monodromy trace; the arc itself flags this forces 'no physical content' (dimensionless, non-unitary, no scale) and is firewalled from CLAIMS.md -- the identification is a structural/dictionary match, not a measured or derivable physical quantity.
B197_figure_eight_volume_torsionfree	main	OTHER	SnapPy-gated: the numeric volume/homology/CS results (C1/C3/C4) are only actually computed if the SnapPy import succeeds; the script silently falls back to printing hardcoded recorded constants otherwise, so reproducibility of the headline numbers depends on an optional dependency being present.
B198_metallic_exponent_CAS	main	SUPERSEDED_UNMARKED	B198's arc_verdict.json still reads verdict PROVED with claim_one_line asserting the k=2 result 'certified to 23 digits' without qualifying the scope; the scope correction (the identity holds only on a ~1% sublocus of the loxodromic component, not on the whole geometric component as B198's original FINDINGS implied) is recorded in B198's FINDINGS.md prose (added later) and in B199, but the verdict JSON's one-line claim does not carry the sublocus caveat.
B199_metallic_exponent_law	main	MISSING_WITNESS	The Goal-B 'exhausted 4 routes, all wall out' negative result (Result C) is reported only inside the consolidated workflow_result.json produced by a 113-agent automated workflow; the actual failed Groebner-basis attempts, timeouts, and empty-basin searches that back this negative claim are not committed as re-runnable scripts or raw logs, so a stranger cannot independently reproduce the exhaustion claim, only trust the summary JSON.
B199_metallic_exponent_law	main	SUPERSEDED_UNMARKED	B199's own FINDINGS.md documents that B198's original claim of '305/305 unanimous k=2 on the geometric component' was a filter artifact and the true clean fraction is ~1%; B198's arc_verdict.json (see B198 entry) still states the claim without this qualifier, so the correction is recorded in B199 but not reflected in B198's verdict record.
B200_chat1_handoff_verification	main	RETRACTION_NOT_PROPAGATED	Not quite a retraction-not-propagated case since B200 IS the retraction record for R1/R3, but note the arc_verdict.json labels the whole arc 'PROVED' while two of the three incoming claims (R1, R3) were refuted/not reproduced -- a reader skimming only the verdict file would not see that 2/3 of the reviewed material failed.
B206_golden_spin_cover_e8	main	IDENTIFICATION_BY_TYPE	The arc identifies a finite congruence-quotient shadow group (SL(2,F5)) with 'McKay-E8' purely via McKay correspondence (finite subgroups of SU(2) <-> ADE Dynkin diagrams), and the arc itself explicitly and repeatedly flags this is NOT the physics E8 gauge group / heterotic-string E8 -- an unusually well-firewalled instance of a dimension/label coincidence (E8 the McKay label vs E8 the physical gauge group) that is exactly the kind of bit-vs-value type match this seat is told to flag as a license to ask, not evidence, even though the arc itself already does so honestly.
B207_golden_breaking_and_scale	main	OTHER	"FINDINGS.md explicitly documents its own prior overreach ('the ""→ Borromean"" framing was OVER-REACHED here') and corrects it in-place, attributing the correct claim to B211 -- a healthy self-correction, noted here for completeness not as a defect"
B208_period_congruence_unification	main	CLAIM_EXCEEDS_COMPUTATION	FINDINGS.md claims 'an independent re-audit found 0 failures to m=300 000 via sympy.factorint' but the committed period_congruence.py only asserts up to m=200; the 300,000 claim is not reproducible from the committed file in this arc
B209_ktheory_classical_quantum_boundary	main	IDENTIFICATION_BY_TYPE	FINDINGS.md itself flags this: 'the actual K-groups of a specific icosahedral tiling are a separate (known, involved) computation; here is the representation-theoretic content' and 'This is the McKay/representation-theoretic E8, not physics' E8' -- the arc's own text warns readers not to over-read the E8/K-theory framing as physical
B210_dual_mckay_hyperbolic	main	GITIGNORED_WITNESS	the headline hyperbolic-trace-field table (golden=Q(sqrt-3) etc.) depends on a Sage/SnapPy-gated script explicitly excluded from the standard pyenv test runner; FINDINGS.md and code both label it 'Sage-gated' -- a stranger without Sage cannot independently reproduce this specific number, only take it on the committed record
B210_dual_mckay_hyperbolic	main	RETRACTION_NOT_PROPAGATED	FINDINGS.md itself contains an in-place correction (the B212 correction block) noting the silver 'S3 both sides' framing was WRONG (assumed by analogy); the corrected framing is folded into the same FINDINGS.md as a blockquote, so this is properly propagated in-document -- flagging here only because the arc_verdict.json for B210 still says PROVED with no supersededBy pointer to B212 despite B212's arc_verdict declaring supersedes:'B210'
B211_metallic_arithmetic_geometric_faces	main	GITIGNORED_WITNESS	L31 (Borromean filling identification) and L32 (amphichirality/CS=0) are reported as fixed numeric constants in geometric_limit_sage.py; the file's own recompute path only runs under sage-python and is explicitly bypassed ('SnapPy not available ... Recorded results:') when run under plain pyenv, so a stranger running 'python geometric_limit_sage.py' as instructed in FINDINGS gets only the pre-recorded numbers printed back, not a live recomputation
B211_metallic_arithmetic_geometric_faces	main	NUMERIC_ONLY_NO_EXACT	the metallic_numbertheory.py L33/L29/L29 checks print 'OK'/'FAIL' per row rather than using a hard assert; a run that silently prints FAIL rows would not halt with a nonzero exit or raise, unlike the harder-asserted scripts in this batch
B212_silver_congruence_holonomy_shadow	main	GITIGNORED_WITNESS	part (4), the hyperbolic-trace-field shadow (the headline correction to B210's silver framing), rests on recorded Sage-gated constants (SILVER_SQUARE_TRACES etc.) not recomputed under plain pyenv
B213_higgs_side_periods	main	GITIGNORED_WITNESS	the entire headline result (all quantities O(1), the null test) is a table of Sage-gated recorded constants; the committed pyenv script only re-verifies internal consistency of the recorded numbers (e.g. that 1/2 is a 'simple rational'), it cannot independently recompute L(E,1), Omega, or the null-test comparison curves without Sage
B214_general_word_period_law	main	NO_TEST	period_law.py's __main__ prints per-row 'OK'/'split' and boolean conjugacy results but ends with an unconditional print('ALL CHECKS PASS') with no assert gating it -- a regression that broke the law would not fail the script
B215_class_field_period_law	main	NO_TEST	same pattern as B214: period_class.py ends with unconditional prints, not gated by assert, so the 'exact for f in {2,3,4}' headline is only demonstrated by eyeballing per-row OK/BOUNDARY tags in printed output
B215_class_field_period_law	main	SUPERSEDED_UNMARKED	B215's arc_verdict.json still lists 'PROVED' with superseded_by: null even though the f>=8 boundary it names as 'open, NEEDS-SPECIALIST' was later resolved (and B215's own d_scalar formula shown to be a special case of B219's content() law); the f in {2,3,4} claim itself stands, but the verdict record does not point forward to B219 which subsumes/generalizes it
B217_borromean_bridge_resolved	main	NO_TEST	same pattern as B214/B215/B217: unconditional final print with no assert gating the numeric comparisons shown above it
B218_metallic_anyon_selection	main	CLAIM_EXCEEDS_COMPUTATION	the physically interesting half of the claim (golden multiplicity -> specific CFT c=7/10, a genuinely physics-flavored observable-central-charge statement) is imported from the literature, not computed; the arc is honest about this ('CITED, not reproduced -- honest'), but the headline framing ('multiplicity selects... flowing (known) to the tricritical Ising CFT') could read as more established-by-this-repo than it is
B219_period_content_law	main	NO_TEST	despite being more rigorously checked than siblings (uses accumulate-and-report bad-lists), period_content.py still never raises AssertionError -- a broken law would print 'FAIL' text but the script would still exit 0 with 'ALL CHECKS PASS' printed unconditionally at the very end
B220_golden_chain_cft	main	NO_TEST	golden_chain.py has no hard assert on the extracted c_ent value; the headline 'c=0.71 reproducing 7/10' is a printed mean compared informally to a 'target 0.700' string, not gated by any pass/fail check in the committed script itself
B221_golden_chain_susy	main	OTHER	the term 'supersymmetric' / 'SUSY' is used prominently in the headline ('the golden chain's emergent CFT is SUPERSYMMETRIC') for what the arc's own firewall text repeatedly clarifies is a 2d worldsheet superconformal symmetry of a lattice model's IR fixed point, explicitly NOT spacetime SUSY or a physical scale; a reader skimming only the title/headline risks over-reading this as beyond-Standard-Model physics content
B222_golden_chain_operator_content	main	NO_TEST	as with several ED scripts in this batch, momentum_ed.py has no assert on the final scaling-dimension/supercurrent numbers -- correctness_gate() is checked structurally but the physically interesting NS/R primary matches are only demonstrated by printed tables, matching FINDINGS' own honest tiering of the R-sector result as merely '[consistent]'
B223_golden_chain_lattice_susy	main	NO_TEST	same soft-assert pattern as many siblings: lattice_susy.py prints 'ALL CHECKS PASS' unconditionally without gating on the printed numeric values
B224_golden_unique_susy_metallic	main	OTHER	the exhaustive search for superconformal-matching minimal models is bounded (q<80, p<120 in the committed code) rather than a formally closed proof for all q; FINDINGS.md does supply a separate algebraic argument for why p=3 is the unique solution with c<1, so the uniqueness claim has both an exhaustive-search leg and an analytic-argument leg, but only the analytic leg is unconditional
B225_conductor_decomposition_test	main	RETRACTION_NOT_PROPAGATED	the progress log explicitly documents (B818, B826) that B225's own arc_verdict.json continued to say PROVED for at least two review cycles (2026-07-30 entries) after B745 (2026-07-21) had already confirmed the '2=parent' refutation was vacuous -- a real, admitted delay in propagating a known correction onto the arc's own verdict record, only fixed in B831
B225_conductor_decomposition_test	main	OTHER	the log also reports (B775, 2026-07-24) that a genuine octahedral parent was SEPARATELY found by a different, later method (projective mod-3 image = S4) -- so the underlying physical/mathematical question this arc probed ('is there an octahedral parent') did eventually get a positive answer, just not via this arc's method; a reader of only this arc's FINDINGS.md (which as read here predates B775) would not know that
B226_two_susy_bridge_L43	main	OTHER	the load-bearing content of this arc's central 'resolution' is a literature synthesis (5 cited papers), not an in-sandbox derivation; the arc is honest about this ('[literature-grounded] -- established... not derived in-sandbox'), but a physics reader should weight the claim accordingly -- it is only as strong as the cited papers' applicability to this specific figure-eight/golden-chain pairing, which is itself acknowledged as a residual (the exact 3d-3d -> 2d reduction is NEEDS-SPECIALIST)
B228_golden_susy_coset_mechanism	main	OTHER	as with B224, the 'uniqueness' claim is demonstrated computationally via a bounded search (mmax=80) rather than a hard assert with a closed-form all-m proof in the committed script itself; FINDINGS.md does supply the linear-system argument ({m-2,1}={m'-2,2} and m-1=m' has a unique integer solution) which is a genuine unconditional derivation, so the bounded search is a redundant sanity check rather than the sole evidence
B229_tci_super_seifert	main	MISSING_WITNESS	FINDINGS.md explicitly states the super-Seifert TCI result (S^2(3,3,5), |H_1|=66) is 'NOT independently anchored against a published worked super example (the paper's html was unavailable)' -- this is an honestly self-reported gap in verification for half of the arc's headline claim (the super-recipe application), though the arc argues the qualitative 'different base orbifold' conclusion is robust since it only needs the cone orders which follow directly from the cited recipe's form
B231_nonsusy_metallic_chains	main	NUMERIC_ONLY_NO_EXACT	The silver-chain (k=6) central charge is read from finite-size ED entanglement entropy, converging numerically toward 25/28 but never proven exact; the FINDINGS honestly calls this consistent with M(7,8), not proven.
B232_rho_n_plethysm	main	CLAIM_EXCEEDS_COMPUTATION	"arc_verdict.json states verdict ""PROVED"" and a claim_one_line with no hedge, but the arc's own FINDINGS.md explicitly and repeatedly says this is NOT a proof — it is a reduction with a residual open lemma marked 'terminal NEEDS-SPECIALIST'. The verdict file's status field misrepresents the content of the arc it labels."
B233_synthesis_split_and_five	main	CLAIM_EXCEEDS_COMPUTATION	The arc verdict labels the whole arc PROVED and its one-line claim addresses only H17 (the '5' cascade, which is genuinely verified); but the same FINDINGS.md file also carries H13, an explicitly unproven 'candidate synthesis' extrapolated from only 3 witnesses, and the verdict does not scope PROVED to H17 only or flag H13 as separately unproven.
B234_handoff_verification	main	SUPERSEDED_UNMARKED	FINDINGS.md ends with an explicit blockquote: 'Superseded framing (B239): the trace-1, disc=1-4det statement here is fragile ... Use the reconciled unimodular law (B239)' — yet arc_verdict.json still carries claim_one_line built entirely on the superseded 'disc=1-4det' framing and superseded_by:null, so a reader of the verdict file alone would not learn the framing was retracted three arcs later.
B235_metallic_table	main	MISSING_WITNESS	l47_snappy_probe.py's headline claim (invariant trace field stays Q(sqrt-3) through degree-6 covers) depends on a SnapPy run with no committed log/output file in the directory listing, so the numeric result cannot be checked without independently running SnapPy.
B235_metallic_table	main	SUPERSEDED_UNMARKED	FINDINGS.md closes with 'See B239 for the referee-proof restatement of the field-ladder closure' pointing to a later, corrected framing, but arc_verdict.json superseded_by remains null.
B237_silver_2O_l48	main	MISSING_WITNESS	The central GAP-computed table (GQuotients counts for golden/silver/bronze against 2T/2I/2O/S4) has no committed output witness (no .log/.out, no CSV), so a reader must trust the numbers in FINDINGS.md/silver_2O.py's print statements without an independently checkable run record.
B241_twistknot_su3_vs_levelrank	main	IDENTIFICATION_BY_TYPE	The whole arc's premise (the question of whether the arc adjudicates) is that a prior chat conflated two things called 'SU(3)' purely because they share a name/dimension; the arc's contribution is correctly refuting this type-coincidence, so this is flagged as a licence-to-ask instance the arc itself successfully resolved, not as an unresolved defect in this arc.
B243_levelrank_conjugation_general	main	MISSING_WITNESS	The decisive refutation datum (deg V(11)=6, breaking the metallic-ladder pattern at bronze) is attributed to a Sage verification in FINDINGS.md, but no Sage file for this computation is among the three committed files for this arc, so the specific claim is not independently checkable from what's committed.
B244_quantization_edge	main	MISSING_WITNESS	The classical-side headline number (Vol=8.11953285, the SL(3,C) geometric component's complex volume) depends on SnapPy's Ptolemy-variety machinery with no committed witness output; sl3_volumes.py itself has no asserts guarding its own output.
B246_quantum_volume	main	NUMERIC_ONLY_NO_EXACT	The headline volume-conjecture growth rates (2.0298, 2.0297) are least-squares extrapolations from finite p=200..1600 data, not exact closed-form values; this is disclosed as the standard volume-conjecture asymptotic form, but it remains a numerical extrapolation rather than a proof.
B247_v1_holonomy_adjudication	main	MISSING_WITNESS	The Sage-based E6 branching data (78 -> (8,1)+(8,7)+(1,14) under SU(3)xG2, and the centralizer dimensions 35/11) and the SnapPy ground-truth holonomy trace have no committed .log/.out witness files, so a stranger without Sage/SnapPy cannot independently confirm the specific numbers that the pure-Python adjudication.py asserts against.
B249_niven_trinity	main	OTHER	FINDINGS.md itself flags 'Novelty: APPEARS-NOVEL ... flagged for a specialist prior-art pass' — the arc is explicitly self-aware that its central organizing claim (E6+E8/E7-exclusion as 'one arithmetic fact via Niven') has not yet been checked against the literature.
B253_chirality_capability	main	GITIGNORED_WITNESS	Sage script has no committed run log/output; the pyenv script's asserts are the only checked-in evidence that the Sage numbers were reproduced.
B254_uniqueness_chain	main	OTHER	Log (B854, 2026-08-02) flags that the SU(2) factor in the merger is level-1 (free boson at self-dual radius enhanced to SU(2)), a nuance not reflected back into this arc's FINDINGS.md text, though it does not change the exact central-charge identity verified here.
B255_dimensional_filter	main	OTHER	The load-bearing facts (SO(3) finite subgroups, McKay images, complex-fundamental flags) are all hard-coded dicts imported from prior arcs / classical results, not recomputed; the script's own contribution is a trivial filter over them.
B256_metallic_arnold_trinity	main	IDENTIFICATION_BY_TYPE	The central claim rests on the discriminant field of a 2x2 monodromy matrix landing on the same quadratic field ℚ(√2) that also indexes McKay(2O)=E7 — a field-level (type/label) coincidence used to declare E7 'present', explicitly conceded in-arc to be at a different (non-π1-surjection) level than E6's genuine group surjection (B266).
B257_euclidean_point	main	MISSING_WITNESS	The docstring claims 'cusp shape / Vol cross-checked with SnapPy' but no SnapPy script is present among this arc's committed files (only euclidean_point.py, which hard-codes CUSP_SHAPE and VOL_EUCLIDEAN as constants).
B257_euclidean_point	main	NUMERIC_ONLY_NO_EXACT	meridian_psl_order_at_euclidean() returns a hard-coded 3 rather than deriving it from the eigenvalue algebra computed elsewhere in the same file.
B258_two_ended_unification	main	MISSING_WITNESS	The trace-field degrees for silver/bronze (degree 8, 'non-arithmetic') are asserted from SnapPy with no committed SnapPy script in this arc to reproduce them; only the figure-eight's own quadratic field is independently checkable elsewhere in the repo.
B259_gravity_brick_wall_map	main	RETRACTION_NOT_PROPAGATED	This arc's wall #5 ('122 orders from observation') is later retracted in PROGRESS_LOG (B980, a dropped ħ in the k=6π/(GΛ)=6π/λ formula), but B259's own FINDINGS.md and arc_verdict.json are not updated with a correction/addendum noting the retraction — a reader of this arc alone would still see the 122-order QGAP asserted as banked.
B263_t41_cs_levels	main	OTHER	This arc has no FINDINGS.md and no arc_verdict.json — it is a bare computation script never given a claim-of-record or verdict, a hygiene gap the project's own progress log independently flagged and never (per the packet's file listing) resolved.
B264_e6_character_variety	main	OTHER	NOVELTY.md (an adversarial prior-art pass in the same directory) downgrades the load-bearing existence claim (CLAIM 1, dim H1=rank, smooth point) to 'KNOWN (framework)' — citing Falbel-Guilloux 2015 and Menal-Ferrer-Porti as already covering this exact dimension count for exceptional G — but FINDINGS.md itself is not amended to state this downgrade; a reader of FINDINGS.md alone would not know the headline computation is a worked instance of a known theorem rather than new mathematics (arc_verdict.json's claim, while not asserting novelty explicitly, is also not qualified).
B265_e6_integrability	main	SUPERSEDED_UNMARKED	"arc_verdict.json's claim_one_line still reads 'establishing E6-irreducible flat connections ... exist' in the present/factual tense, verdict PROVED — but the arc's own in-file correction (2026-06-28) says this 'should read ""they are expected to exist""' pending the still-uncomputed {4,8} obstruction (later closed in B273/B274, separate arcs). The registry line (arc_verdict.json) was never updated to match the softened FINDINGS.md text."
B266_arithmetic_selects_e6	main	OTHER	Correction history is tracked cleanly in-arc (the q=4/A5 near-miss justification error, and the group-asymmetry addendum showing the E6 and E8 ends are NOT parallel — E6 is a genuine π1 surjection, E8 is field-level only) — this is good practice, flagged here only because the headline FINDINGS text ('the two-ended E6/E8 structure = the two ramified-prime reductions') is corrected by its own later addendum in the same file, which a fast reader could miss.
B267_e6_coherence	main	SUPERSEDED_UNMARKED	arc_verdict.json (verdict PROVED) still literally reads 'the arithmetically-selected E6 and the character-variety E6 are the same Lie object' as of the digest date (2026-09-01) — this is exactly the wording an in-directory ADDENDUM (same date) identifies as an unearned 'X IS Y' identification riding on a type-coincidence, and even the earlier B272 correction (2026-06-28) already downgraded the FINDINGS.md prose to a 'consistency check' with only two genuine (non-automatic) facts. The registry line was not corrected by either the 2026-06-28 audit or (as of the files read) the 2026-09-01 proposal, which explicitly states 'Original files unedited.'
B267_e6_coherence	main	IDENTIFICATION_BY_TYPE	The entire 'ONE E6' claim rests on both sides independently landing on Lie type E6, after which every named invariant (Coxeter number, dimension, exponent sum, Molien series) agrees automatically as a consequence of shared type -- exactly the licence-to-ask, not evidence-of-identity pattern the ADDENDUM itself names.
B268_e6_bridge_consolidation	main	CLAIM_EXCEEDS_COMPUTATION	"'wall #2 ... REDUCED (to one physics conjecture; Lie-theoretic side de-risked)' is later characterized by the arc's own successor (B272) as understating how much of the whole bridge rests on that single unproven conjecture ('B268's ""REDUCED — no math obstruction left"" understates this... The entire bridge rests here'), yet this arc's own FINDINGS.md/arc_verdict.json are not revised."
B271_walls_3_4	main	OTHER	The 'chirality locus = E6-density locus' identification, while exact at the tangent level (both are literally the same {4,8} exponent set by construction of tau as the E6 outer automorphism), is presented as a discovery ('the SAME deformations...') when it largely follows definitionally once tau is identified with the outer automorphism and B265's exponent grading is taken as given -- not independently mis-stated, but worth noting as a near-tautological consequence of two prior identifications rather than a fresh computation.
B272_verification_and_gaps	main	MISSING_WITNESS	The arc's headline claims of independent re-derivation ('two independent audit agents', mod-p Fox over primes {61,103,9973,99991}, GAP re-runs) are described only in prose/hard-coded verdict dicts inside verification_and_gaps.py; none of the actual re-derivation scripts (the audit agents' work) are committed in this directory for a stranger to rerun.
B273_e6_obstruction	main	GITIGNORED_WITNESS	e6_obstruction.py's RESULT dict (the numeric verdict per prime) is hard-coded from a Sage run with no committed log/output file; the docstring notes the computation takes '~1 min/prime' but no witness of that run (stdout capture) is checked in.
B273_e6_obstruction	main	OTHER	FINDINGS.md itself states the residual gap remains open at write-time ('full all-orders smoothness rests on the higher Massey products... not separately computed here') but the same file's later Update section says this residual 'is now closed by B274' -- a separate arc not in this packet, so this seat cannot verify the closure claim from the files read here.
B275_explicit_witness	main	NUMERIC_ONLY_NO_EXACT	the witness is a purely numerical solution (~8 digits, double/extended precision) with no exact algebraic witness; FINDINGS explicitly notes an exact witness 'not pursued'
B276_zeta3_arithmetic_probe	main	IDENTIFICATION_BY_TYPE	the arc itself flags this as a 'coherence' not evidence of 2T acting on Z; the FINDINGS explicitly say it does not settle input=output-E6 — a self-aware type-coincidence caveat, still worth flagging since the headline table format invites over-reading
B280_2T_higher_spin	main	MISSING_WITNESS	FINDINGS references 'branchings.py' for the SU(6)xSU(2) branching table but this file is not among the four files packeted for this arc; its location was not verified
B282_e6_is_arithmetic_not_geometric	main	SUPERSEDED_UNMARKED	the addendum notes B727 found the ORIGINAL knot table's headline (2T surjection unique to arithmetic knots) was itself too narrow — 4/13 hyperbolic knots surject onto 2T, including non-arithmetic 7_2,7_3,8_1 — but the FINDINGS body above the addendum still states 'The 2T surjection ... is present ONLY for the arithmetic cusped manifolds' as an unqualified headline; only the addendum at the bottom, and the arc_verdict.json claim_one_line, carry the corrected framing (the overall NEGATIVE conclusion survives, but the specific '2T surjection = arithmetic-only' body claim is superseded in-place and not edited out)
B285_commutator_phase	main	OTHER	Review 33 names 'the B285-family locks in the suite' as cited in prose that 'no gate can verify and no reader can run' — a governance-level concern about downstream citation hygiene, not a defect in B285 itself, but worth flagging for the seat sweep
B288_arithmetic_filling_census	main	OTHER	the arc's own FINDINGS.md documents that the ORIGINAL run silently skipped 24/78 fillings due to a 'continue' bug, caught only by a later external audit (cc2/B740) — the headline number in the body text (54) was corrected via an appended note rather than an edit to the body, though here (unlike B282) the correction is clearly appended and the final verdict (0/78, not merely 0/54) is what the arc_verdict.json and downstream citations use, so this is a properly-propagated correction, not a silent one
B289_cp_sign_law	main	OTHER	B1197 (2026-08-28, outside this arc) found that a DIFFERENT, broader claim about |CS| monotonicity across the same 78-closing census FAILS with 15 violations, while confirming B289's own sign-law and census-size numbers; this is not a contradiction of B289's claim of record but the seat should be aware a closely related monotonicity extension built on the same census failed downstream
B290_core_scale_ladder	main	OTHER	B855 flagged this arc's headline coefficient as 'reportedly' generic to any rectangular cusp with only the numeric value being m004-specific, and queued it for independent re-verification not yet confirmed in the log entries read
B293_peripheral_clock	main	IDENTIFICATION_BY_TYPE	"FINDINGS explicitly concedes: '""Goldman = NZ"" is the standard interpretive identification, asserted (the two pictures each carry a symplectic structure), not an exhibited isomorphism' — a textbook case of a structural-type match (both are conjugate-pair/symplectic structures) being used to license an identification rather than a proven equivalence"
B296_seam_arc_verification	main	SUPERSEDED_UNMARKED	B855 (progress log, 2026-08-02) found m003 IS amphichiral, contradicting this arc's own VERDICTS.md line describing m003 as a 'non-amphichiral control' on the exact line concluding the CS sign law is object-specific; arc_verdict.json here still reads PROVED with no correction/addendum in this arc's own files.
B296_seam_arc_verification	main	CLAIM_EXCEEDS_COMPUTATION	the verdict() function checks REDTEAM_VERDICTS=='SURVIVES' for all entries, but these are string constants set by the author, not derived from any function that re-runs the B287-B295 probes in this file.
B297_consolidation_v4	main	CLAIM_EXCEEDS_COMPUTATION	the module's only executable check (consistency()) validates that the hardcoded WALLS/SEAM_ARC/MATTER_MAP dictionaries have the expected shape (5 walls, 11 chain links, 4 matter-map rows) — it cannot and does not verify any of the physics claims being consolidated.
B299_trinification_triality	main	LOG_DRIFT	the progress log shows an internal correction cycle on this exact claim: B579 flags 'ω = B299's ℤ/3: VERIFIED' as NOT actually verified (adjudication pending), then B578 later reports it exact — the arc's own FINDINGS/verdict do not surface this back-and-forth or its resolution.
B299_trinification_triality	main	IDENTIFICATION_BY_TYPE	log entry B565 claims 'B299's (theta,phi) IS Boyle's SO(8) triality (100% weight-level match)' — a match on weight-level multiset is the kind of dimension/spectrum coincidence this seat is told to flag as a licence to ask, not evidence of identity, and it is not addressed in this arc's own FINDINGS.
B300_cross_chat_sm_attempt	main	LOG_DRIFT	a later batch of arcs (B1000/B1001, 2026-08-09) found three mutually incompatible counts of the external-input list across the repo (B717:4, B300:8, an independent sweep:~8) and sealed a reconciliation before computing, implying B300's '8 inputs / 2 walls' framing was not the settled count it appears as here.
B300_cross_chat_sm_attempt	main	CLAIM_EXCEEDS_COMPUTATION	the scale relation L_dS/l_P=sqrt(k/6pi) is presented as 'verified arithmetic' in FINDINGS but is explicitly conditional on an unverified external relation (G*Lambda=6pi/k, 'the Alexander relation') named only in the docstring, not gated in the verdict() function.
B301_chirality_filter_and_convergence	main	MISSING_WITNESS	the central rep-theory fact (27 of E6 is complex, and its branching under three maximal subgroups) is labeled 'Sage-verified' in comments but no Sage script or witness output is committed in this arc; only Python boolean/list constants are given.
B301_chirality_filter_and_convergence	main	OTHER	explicitly and honestly self-flags an overclaim retraction ('stability forces chiral SO(10)' downgraded to a fact-with-external-selection-principle) — a positive discipline note, not a flaw.
B304_gauge_dynamics_skeleton	main	MISSING_WITNESS	the E6 height-6-orthogonality and max-height-11 facts used to refute Chat-1's saddle-SU(3) claim are recorded as Python constants labeled 'Sage-verified' with no Sage script committed in this arc (the actual Sage root-system computation appears only in the later B305/B306 arcs).
B305_eisenstein_trinification_grading	main	IDENTIFICATION_BY_TYPE	'the figure-eight's arithmetic omega is the trinification grading' rests on the grading eigenvalue and the figure-eight's Riley-rep Eisenstein root both being labeled omega=e^{2pi i/3} in Q(sqrt-3) — a type/value match across two otherwise-unconnected mathematical objects (a generic E6 grading eigenvalue vs. a specific manifold's peripheral holonomy), which the arc itself calls a connection but does not derive as forced.
B306_principal_grading_cascade	main	IDENTIFICATION_BY_TYPE	the arc itself explicitly flags its own N=5-equals-WRT-level-plus-2 coincidence as a [LEAP] because it 'mixes the two ends' (golden zeta_5 vs Eisenstein sqrt-3) — a self-caught numeric coincidence, correctly not asserted as forced.
B309_kappa_unification	main	LOG_DRIFT	the progress log (B1010) finds this arc's own central claim (the κ-unification) was subsequently dropped entirely from two downstream consolidation documents (LAW_MAP, THE_FRAMEWORK) that cite zero κ mentions — despite this arc's FINDINGS declaring it ties together the program's 'most-banked thread' — suggesting the consolidation was itself under-propagated, not that the arc's math is wrong.
B310_cascade_realization_exhausted	main	SUPERSEDED_UNMARKED	this arc's own FINDINGS.md contains a later-dated 'Refinement (B311, 2026-06-30)' section admitting 'no new object-specific content beyond the banked ω' was 'slightly too strong', because B311 subsequently found the trinification point IS a genuine irreducible A-polynomial branch point — so the FINDINGS text is self-corrected in place (properly marked, not unmarked), but arc_verdict.json's claim_one_line still reads the pre-correction NEGATIVE framing without a superseded_by pointer to B311 despite B311's own arc_verdict.json listing 'supersedes: B310'.
B311_cascade_branch_points	main	OTHER	this arc's own FINDINGS.md contains a forward-dated 'Refined by B318, 2026-07-01' note admitting its golden-factor claim ('the two arithmetic ends sit in one figure-eight discriminant') 'slightly overclaims the golden factor' since x^2-3x+1 is a definitional monodromy-eigenvalue quadratic, not a surprising coincidence — a self-correction appended in place, correctly marked (not a SUPERSEDED_UNMARKED case).
B312_face_iv_houses_the_form	main	IDENTIFICATION_BY_TYPE	'Face IV houses the same E6 the content carries' rests on three different mathematical objects (McKay 2T, the E6 principal grading, the CIZ SU(2)_10 modular invariant) sharing the same Coxeter number (12) and exponent set {1,4,5,7,8,11} — a classification-label match across genuinely different structures, which the arc itself frankly calls 'one E6, three ADE hats' without claiming a derivation connecting them causally.
B313_fibonacci_bridge_and_no_forced_choice	main	OTHER	the arc explicitly names a 5-fold repeating pattern this session of independent chat seats 'rediscovering' already-banked results (P008, Slansky's E6 chain, Slansky's G2xSU(3), and now the object-selection meditation) — a meta-observation about workflow duplication, not a new physics finding, correctly labeled as such by the arc itself.
B315_e7_exclusion_vs_heterotic	main	MISSING_WITNESS	the load-bearing Frobenius-Schur reality classification (E6 complex, E7 pseudoreal, E8 real) is described as 'Sage-verified in B234' but no Sage code establishing it is present in this arc's own committed files; only the elementary trace-1-discriminant arithmetic is independently computed here.
B316_sqrt7_chirality_field	main	MISSING_WITNESS	the load-bearing cross-reference (RRL/RLL bundles have trace field Q(sqrt-7)) is stated as 'B147, verify-don't-trust confirmed' but no B147 recomputation is committed in this arc's own files; the arc's headline claim depends entirely on trusting that citation.
B317_painleve_transcendental	main	OTHER	this arc explicitly names itself the 'third Phase-3 lead in a row' to reduce to a consolidation of already-banked work (after H14->B234 and sqrt-7->B235), a self-reported pattern of re-litigating settled ground rather than a new finding — worth the seat noting as a workflow-efficiency signal, not a correctness issue.
B319_b176_woven_vs_single	main	IMPORTED	the load-bearing woven-ladder dominance ratios (8.9x/3.4x/etc.) are asserted as constants, not recomputed in this arc's files; they depend on golden_privilege.py from an earlier arc not included here.
B319_b176_woven_vs_single	main	SELF_REFERENTIAL_LOCK	verdict() is a conjunction of hardcoded True constants (one per prose claim) with only Hurwitz monotonicity actually computed; a stranger cannot fail this test by disagreeing with the prose.
B320_chat1_three_points	main	OTHER	'exhaustion stands' (that the four problems are exhaustively enumerated) is a claim about completeness of a problem list that this arc cannot verify computationally — it is asserted, riding on the group-theory refutation of one specific fusion proposal.
B321_seam_geometry_adjudication	main	MISSING_WITNESS	the headline 'certificate' (|cusp shape|^2 = 12) depends on a SnapPy-computed cusp shape that is hardcoded as a literal in the script rather than computed live; no SnapPy call appears in this file.
B321_seam_geometry_adjudication	main	IDENTIFICATION_BY_TYPE	FINDINGS.md itself flags that |cusp shape|^2 is basis-dependent (not SL(2,Z)-invariant), so matching it numerically to h(E6)=12 is explicitly labeled a 'certificate/coincidence, not a canonical invariant identity' — the arc is self-aware of this but the match is still banked as PROVED.
B322_value_hunt_filling_invariants	main	MISSING_WITNESS	the 79 'object invariants' driving the whole null test are a hardcoded list attributed to SnapPy with no SnapPy call or generating script in this arc's files.
B323_four_levels_adjudication	main	SELF_REFERENTIAL_LOCK	verdict() ANDs FOUR_LEVELS_FRAMING_VERIFIED, TWO_Z3_ARE_DISTINCT, FRAMING_IS_A_HELPFUL_CONSOLIDATION as hardcoded True constants; none of these prose-level conclusions is independently computed, only the two numeric facts (Cartan det, circulant ratio) are.
B326_congruence_torsion	main	MISSING_WITNESS	the file has no verdict() function and the one live-computed cross-check (SnapPy H1) is guarded by a bare try/except that silently degrades to a string on failure, so a stranger running this script without SnapPy installed gets no failure signal that the second, independent check never ran.
B332_two_letters_two_ends	main	OTHER	the quarantined overlap-index claim (reported as 3, 'not verified') was later found by a downstream probe (B771, per progress log) to have true value 10 — i.e. the originally reported number was wrong; this arc's own quarantine language was justified in hindsight, but FINDINGS.md here is not updated with that resolution.
B333_compositum_seam	main	OTHER	arc_verdict.json for B333 uses a materially different schema (adds 'stratum' and a 'kill' object with kill_form:'unclassified', hatch:'unregistered', revival_score:null) than the supersedes/superseded_by/authored_by schema used by every other arc in this batch — a bookkeeping inconsistency, not a content error.
B336_chiral_sqrt15_hunt	main	IMPORTED	the arc's premise (amphichiral -> real colored Jones at zeta_15) is explicitly imported from B314's earlier computation rather than recomputed in this arc's own files.
B337_structure_xor_ordering	main	IDENTIFICATION_BY_TYPE	taking three distinct seeds m=1,2,3 as 'the three generations' is explicitly labeled by FINDINGS itself as an unforced ansatz ('B125's arithmeticity is a two-element selector {1,2}... m=3 is non-arithmetic'), i.e. the dimension match (three seeds / three generations) is a licence to ask, flagged honestly rather than banked as forced.
B338_the_bridge_flow	main	MISSING_WITNESS	the entire numeric content of the arc (the CS(1,n) values establishing the flow and its -1/(2n) law) is a hardcoded dict with no generating SnapPy script in this arc's committed files; a stranger cannot reproduce the underlying witness data from what is committed here.
B340_cp_phase_along_flow	main	FITTED_VALUE	the coefficient 3.8 in '(pi/6 - arg kappa) ~ 3.8*CS^2' is a numeric fit over the filling sequence, not a derived exact constant; FINDINGS presents it as a 'scaling' without giving the fit's residuals or the number of points used.
B342_z3_trimaximal_symmetry	main	SUPERSEDED_UNMARKED	B343 (same arc batch, 'supersedes': 'B342' in its own arc_verdict.json) explicitly retracts B342's TM2 identification as a double under-specification (charged-lepton vs neutrino sector conflation) and replaces it with exact TBM (theta_13=0). B342's own arc_verdict.json still has 'superseded_by': null — the supersession is not recorded on the superseded arc's own record, only asserted from the superseding side.
B347_e6_tangent_gradings	main	OTHER	per the progress log (MB13 §4), all 6 of this arc's tests failed when run as part of the full test suite (due to a shared mpmath global-precision pollution bug) despite passing individually — a genuine test-isolation fragility that was fixed, but illustrates that a green individual-arc test run does not guarantee robustness under the full suite.
B350_cyclic_cover_torsion_galois	main	OTHER	Arc was renumbered B347->B350 mid-history due to an ID collision with a different (main-branch) B347; log shows a subsequent hygiene note that FINDINGS briefly cited a test under the stale B347 number. Worth checking the FINDINGS.md file currently committed does not still carry the stale test path.
B352_cup_product_obstruction	main	NUMERIC_ONLY_NO_EXACT	The FINDINGS.md itself explicitly tiers this as numerical (dps-100, 50+ orders of margin) and NOT a proof of smoothness/exactness; the arc's own text says 'it is not a surprise landing, and it is not a proof of smoothness.' The verdict.json nonetheless says PROVED, and the 2026-07-03 Promotion Audit explicitly held it back from promotion for exactly this reason (dps-100 computer-assisted class, evidence-not-proof).
B353_geometric_theta_identification	main	NUMERIC_ONLY_NO_EXACT	Precision-floor mpmath (dps 100) treated as verified identity; 2026-07-03 Promotion Audit groups B353 with the 'dps-100 computer-assisted class' explicitly held from promotion pending 'exact-core extraction' — same caveat as B352.
B354_interface_pairing_certificates	main	IMPORTED	FINDINGS.md itself flags an 'UNVERIFIED (not banked)' cross-session layer: 'the whole quantum layer waits on code + an independent conventions check' — the arc is careful to quarantine this, so this is a self-flagged rather than hidden import, but worth noting the arc's headline results depend on an upstream cross-session handoff whose quantum-layer claims remain unreproduced.
B355_weil_layer_independent	main	NUMERIC_ONLY_NO_EXACT	Field recognitions (quartic identification, discriminant classification) are PSLQ-based numerics with 'no claim of proof for minimal polynomials'; FINDINGS is explicit about this tier separation.
B356_sigma_stability_scan	main	NO_TEST	Minor: 'Not claimed: that any complex assembly embeds in E6' — this is a self-flagged scope limit (H103 remains open), not a defect, listed for completeness.
B357_e6_boundary_restriction	main	SUPERSEDED_UNMARKED	B357's FINDINGS.md and arc_verdict.json describe the universal-tau identity as holding 'uniformly in m' with no order qualifier, but a later log entry ('depth-2 bending is theta-graded', 2026-07-03) reports the identity does NOT persist at depth 2 and calls it 'an order-1 rigidity, now sharply bounded.' B357's own committed FINDINGS/verdict.json carry no addendum or cross-reference recording this narrowing (superseded_by: null in arc_verdict.json), so a reader of B357 alone would take the tau identity as unconditional rather than leading-order-only.
B357_e6_boundary_restriction	main	NUMERIC_ONLY_NO_EXACT	2026-07-03 Promotion Audit explicitly groups B357 with the dps-100 computer-assisted class held from promotion ('evidence-not-proof').
B357_e6_boundary_restriction	main	RETRACTION_NOT_PROPAGATED	2026-07-13 log entry ('the cusp-boundary-condition reframe') separately notes B357 REFUTES a different proposed mechanism ('the cusp reduces E6->F4 by killing theta-odd directions') — this refutation is itself fine, but underscores that B357's FINDINGS is being cited/reinterpreted downstream in ways not reflected back into the arc file itself.
B358_seam_certification	main	IMPORTED	The originating claim (nonzero sqrt(-15) coefficients) came from a cross-session handoff and was here independently reconstructed and verified in exact arithmetic — the arc is explicit and careful about this provenance, which is good practice, but the underlying question ('is the theta characteristic forced or a choice', L57) remains open per the arc's own text.
B359_seam_form	main	OTHER	FINDINGS.md itself is exemplary about tiering the 'parity selection rule' as an OBSERVED PATTERN (3 data points, one declared prediction), not a law — this is exactly the discipline the seat wants to see, flagged here as a positive rather than a defect.
B361_seam_local_law	main	SUPERSEDED_UNMARKED	arc_verdict.json for B361 has 'superseded_by': null and FINDINGS.md's own hedge ('stated as a law of the computed range, not proved') is present, but the claim_one_line still asserts 'zero counterexamples' unconditionally and PROVED — while the log shows the very next day's probe (B367) found a counterexample at pair (3,4) and the log explicitly says the law's row needed updating. The committed B361 FINDINGS/verdict were not updated with a superseded_by pointer or corrective addendum at the time of this digest read.
B361_seam_local_law	main	RETRACTION_NOT_PROPAGATED	B362 (next arc) explicitly extends and re-confirms the same now-refuted law to 11 pairs before the refutation is even logged; the refutation happened one day after B362 too, so both B361 and B362's PROVED verdicts stand uncorrected in their own committed files even though a documented counterexample exists in the project's own log.
B362_seam_law_confirmations	main	SUPERSEDED_UNMARKED	Same defect as B361: the individual pair computations are fine, but this arc's headline claim ('the law ... zero counterexamples') was refuted the next day by B367's pair (3,4). arc_verdict.json still reads PROVED with superseded_by:null.
B364_theta_polarization	main	OTHER	This is a good-faith self-refutation ('the would-be conclusion was killed by its own control') documented transparently — noted as a positive example, not a defect. Separately, the 2026-08-30 sweep confirms downstream docs (OPEN_LEADS L57 row) had gone stale relative to this NEGATIVE verdict, an example of documentation drift outside this arc's own files.
B366_invariant_spin_sector	main	OTHER	The final forcing conclusion ('the theta lift is forced — not a choice') is explicitly scoped to a 'named premise' (pair states are level-15 theta functions carrying the standard Heisenberg/metaplectic action) that 'remains a named modeling assumption' — the arc itself is careful that this is conditional forcing within a stated model, not an unconditional theorem; flagged for completeness, not as a defect.
B368_cover_tower	main	OTHER	The arc's own headline is a correction of a prior identification claim (equal trace 18 does NOT mean same seed) that was apparently live before this arc reran the arithmetic; the correction is documented in-arc so nothing is unmarked here, but it shows a pattern of asserted identifications later needing exact recomputation to refute.
B370_massey_depth2	main	SUPERSEDED_UNMARKED	FINDINGS.md and arc_verdict.json both still describe the result as computer-assisted/conditional ('no smooth, period claim'), but the log_index shows a later arc (B578, 2026-07-14) claims the same third-order obstruction 'vanishes exactly' and that B370's conditionality is 'discharged'. Neither B370's FINDINGS nor its arc_verdict.json (this seat's snapshot) reflects that later exact upgrade — the older conditional framing stands uncorrected inside this arc's own files.
B370_massey_depth2	main	OTHER	Promotion audit explicitly held this arc (with B352/B353/B357) as dps-100 computer-assisted pending a future 'exact-core extraction' pass; a later review flags TOOLBOX.md as 618-review-stale relative to B370 — a currency debt, not a content defect, but worth naming.
B371_minimal_two_state_sector	main	IDENTIFICATION_BY_TYPE	Despite the explicit firewall disclaiming any real photon/gauge field, the arc's own vocabulary — 'helicity pairing', 'photon-shaped slot', 'parity', 'Weyl operator' — borrows physics nouns for a 2-dimensional invariant subspace identified purely because it is 2-dimensional and carries a Z/2-like involution (Shat^2=J). The type match (2-state, involution-swapped eigenlines) is being used as the entire warrant for physics-suggestive naming, even though the arc itself says this is firewalled and not a physics claim.
B373_level45_minimal_sector	main	OTHER	arc_verdict.json's claim_one_line ('the minimal sector is gapless') is the now-refuted extrapolation, not the surviving exact datum (exponents {6,54}, phase 36deg at N=45); the verdict-of-record therefore states a claim the arc's own FINDINGS.md immediately above it says was refuted at the next rung. This is not unmarked in FINDINGS (a correction note is present) but arc_verdict.json — the file this campaign treats as 'claim of record' — was not updated to drop the word 'gapless'.
B375_four_qubit_compilation	main	OTHER	instrument:true in arc_verdict.json is accurate in the narrow sense (a measurement PROTOCOL is specified) but the arc is entirely a classical simulation verifying that a proposed physical protocol would, in exact arithmetic, reproduce numbers already computed elsewhere; no physical hardware, noise model, or actual measurement exists. The 'Feasibility honestly' section is a genuine, appreciated self-disclosure that ~10^6 shots/word would be needed and no noise-robustness claim is made.
B377_existence_law_derivation	main	OTHER	A separate, later probe (PD22, cited in PROGRESS_LOG 2026-07-25 but not present as a file in this arc's directory) attempted to generalize this law to primes p>=7 and was WITHDRAWN when N=363, N=605 falsified it under an undeclared selection effect (the p>=7-even clause was fit on 7^2, which happened to survive). This does not retract B377's own p in {3,5} law (which passed its own 3/3 held-out test), but readers should not conflate the two; PD22's failure is not visible from inside this arc's own committed files.
B379_selection_rule_reduction	main	MISSING_WITNESS	FINDINGS.md names 'reduction_verification.py' as the reproducer for this arc's headline results ('Reproducer: reduction_verification.py'), but no such file exists anywhere in the repository (confirmed by a repo-wide find). Only FINDINGS.md and arc_verdict.json are present in the arc's own directory; the surviving belt is the separate tests/test_b379_selection_rule.py, which recomputes only a subset (T2's two traces and the row-16/rank-1 sign-pattern facts), not the full T1 reduction-theorem claim across all 13 cells or the Gram-spectrum addendum.
B381_twist_isolation	main	OTHER	The exhaustive intertwiner search (twist_isolation.py) is computed modulo a single prime p rather than cross-prime CRT-verified as most sibling arcs in this batch (B372, B374, B377) declare as their standard practice; a non-existence result over GF(p) does not, strictly, guarantee non-existence over Q, though the finite structured family makes an accidental mod-p coincidence unlikely.
B382_why_one_twelfth	main	FITTED_VALUE	Leg 2's closed form has three constants (α=8=2^-1, s=7=-2^-1, and the theta-twist linear part) obtained by FITTING over the five domain words, not derived a priori, though the fit is then cross-checked against an independently registered canonical-model prediction that passes.
B384_kashaev_bridge	main	OTHER	NEEDS-SPECIALIST flag on whether the exact sqrt5-content of the Kashaev invariant at 5|N is already known in the Habiro-ring/Garoufalidis-Zagier literature — the novelty claim is unresolved, not a fabrication risk but an open literature gap.
B385_bright_dark_discriminator	main	OTHER	Arc contains a same-day CORRECTION section explicitly retracting a wrong criterion draft ('the Π_H/DFT commutation fallacy — the session's recurring trap, third appearance') — this is well-flagged in-arc, not a SUPERSEDED_UNMARKED case since FINDINGS and verdict both reflect the corrected reading.
B386_crt_closed_form	main	OTHER	tensor_gate.json is only 50 bytes for a claimed 240-cell exact gate result — worth a stranger checking it actually stores the full match/mismatch tally and not just a summary flag.
B388_m2_relabel_law	main	MISSING_WITNESS	transport_law.json is only 38 bytes, implausibly small to hold the full exhaustive-search comparison table described in FINDINGS (which cites specific 5-value/2-value structure); the detailed comparison table is said to live 'in transport_law.json / this file' but the json itself looks like a terse summary only.
B390_criterion_tensor	main	LOG_DRIFT	The log_index for B390 has only a single entry (session 1: G1/G2/out-of-sample), but FINDINGS.md documents a full 'Session 3 BANKED' addendum (the exact rank-2 attribution pairing, W3 exit) that revises/corrects an explicitly flagged-unreliable earlier attribution column. The log does not record this second session at all, so a reader of the log alone would miss both the correction and its resolution.
B391_existence_general	main	OTHER	The arc's own FINDINGS honestly names the unproven general case (all-k classification, only verified a<=5/b<=4) and defers it to a specialist hand-off register, which is good practice; the Probation Campaign log entry (2026-07-13) independently flags B391 as needing specialist confirmation, consistent with the arc's own admission rather than contradicting it.
B392_wall_probes	main	IDENTIFICATION_BY_TYPE	The whole probe is precisely a bit-vs-value coincidence check: comparing the model's twist exponents {3/10,7/10} against the tricritical Ising model's T-spectrum purely by rational-number matching, with the physics interpretation explicitly firewalled off into a separate 'speculations note' not included in this arc's files. This is exactly the type of dimension/label match the seat is instructed to flag, though here it correctly returns a NO-MATCH rather than a false positive.
B393_cancellation_mechanism	main	LOG_DRIFT	The only log_index hit for B393 is a 2026-08-29 retrospective creates_law audit entry, not the original 2026-07-04 banking narrative that FINDINGS.md itself documents in full (K1-STRONG session 1, product-field law session 2); the campaign's progress log excerpt available to this seat under-covers this arc's actual banking history.
B394_support_walk	main	OTHER	The 'unified law' cross-level sum rule (Sigma_support singles = 1 at four levels) is a cross-arc synthesis claim depending on values from B382/B384/B392 that were not re-read in this pass; reproducibility of the full four-level claim from this arc's own committed files alone is only partial (the 405-level part is solid).
B395_mirror_derivation	main	OTHER	mirror_derivation.json is only 17 bytes, an extremely terse witness for a 240-cell comparison; passing_domain.json (35 bytes) is similarly minimal. The pass/fail counts (140/240, 100-cell passing set) quoted in FINDINGS are not obviously reconstructable from files this small without re-running the script.
B397_last_census_facts	main	MISSING_WITNESS	relabel_search.json is present but its generating script relabel_search.py is described in FINDINGS.md as 'inline' (i.e. run ad hoc, not saved as a standalone file) and is genuinely absent from the arc directory — a stranger cannot rerun this part of the exhaustive relabel search from committed code alone, only inspect its recorded output.
B397_last_census_facts	main	LOG_DRIFT	The only log_index entry for B397 describes a different claim (class-group/Hilbert-class-field split-covariance) than what this arc's FINDINGS.md actually establishes (the (2,3) stabilizer kill and the sigma_sqrt5 correction); either the log indexing pulled an unrelated B397 mention or this arc had an earlier phase not represented in the committed files reviewed here.
B398_handoff_scrutiny	main	OTHER	This arc's entire subject is scrutiny of an inherited PMNS-mixing-angle numerology claim; the binding statistical gate itself is exactly the kind of post-hoc multiple-comparisons test (5964-fraction pool) that could be gamed by pool choice, though here it is pre-registered and used to KILL the claim rather than support it.
B399_wall_scale	main	LOG_DRIFT	The 2026-07-14 REVIEWS.md entry states B399's second failed e3 attempt (UNSTABLE, Jul 9) was 'never folded back into triple_id.json' — meaning the committed triple_id.json in this arc's directory may not reflect the full attempt history, and the eventual claimed resolution (e3 = cos(2pi/9)/864, cited 2026-07-23) is not present in this arc's own committed files.
B399_wall_scale	main	MISSING_WITNESS	e3 is explicitly PENDING in this arc's FINDINGS.md at time of banking ('e3 pending', 'primes 7-10 launched'), yet arc_verdict.json for B399 reads PROVED without qualifying that the triple's identification is incomplete within this arc.
B400_canonical_frame	main	IDENTIFICATION_BY_TYPE	The whole line of inquiry (does a 'canonical 3x3 frame' link the golden seam and the Mercedes/E6-related structures for a mixing-matrix-shaped object) rests on treating a 3-dimensional label space as licensing a PMNS/mixing-matrix identification in the first place; this arc's negative result closes that door, which is itself evidence the type-coincidence was never justified.
B401_sixth_angle	main	OTHER	rule1_cellwise.json is only 42 bytes for a claim about 26 cells being individually verified real — too small to be a full per-cell witness; likely a boolean/summary flag rather than the raw cell data.
B401_sixth_angle	main	MISSING_WITNESS	The P4 dossier's four 'exact-identity' items (Gauss-sum basis identification, dynamics=regulator, seam=class-number, zeta_H factorization) are described as closed-form and 'cited not claimed' but no dedicated script/JSON in this directory computes them; they ride on other arcs' banked numbers (B109 Lyapunov data) combined via classical formulas asserted in prose.
B403_lead_package	main	MISSING_WITNESS	No .py producer script exists in this arc's directory — only scrutiny.json (232 bytes) and prose in FINDINGS.md — for a claim that spans 11 denominators and specific numerator primes; a stranger cannot reproduce the vacuity/refutation argument from this directory alone without re-deriving from B398's files.
B405_supersingular_check	main	OTHER	FINDINGS.md itself flags this as 'the THIRD return of the killed prime filter (B403) without addressing the kill' — a self-noted retcon-attempt pattern (a previously killed line of reasoning resurfacing under new packaging) is explicitly called out by the arc's own authors, which is good self-discipline but signals a recurring temptation to re-argue closed questions.
B406_two_conductor	main	OTHER	FINDINGS.md itself flags an unresolved '31-collision' tension: an inherited claim that split-principal primes (19,31,61,79,...) are 'absent from the program' collides with 31/79 being banked supersingular sentinels for 15a1 (B405) — filed as open, not resolved in this arc.
B407_support_nesting	main	MISSING_WITNESS	No .py producer script is present in this arc's directory for the nesting census (only nesting.json); a stranger cannot independently regenerate the exact cell counts from this directory alone without locating the underlying (2,3)/(3,4)/(1,2) etc. table-generation code, which presumably lives in an earlier arc.
B407_support_nesting	main	RETRACTION_NOT_PROPAGATED	The arc records that a prior handoff's claimed extension of an exact identity (phi^4+phi^-4=7) to the prime 23 is an overclaim (23 has no analogous Lucas/Fibonacci identity given); flagged here but the seat should check whether this overclaim is repeated uncorrected elsewhere in the corpus (e.g. in papers or handoff docs referencing '23' as Lucas-reducible).
B408_seam_hierarchy	main	SUPERSEDED_UNMARKED	The original Phase-1b verdict (PERSISTENCE/EXPANSION, ratio 1.217>1) is explicitly reversed by an adversarial-panel CORRECTION within the same FINDINGS.md file (the seam CONTRACTS, ratio 0.765<1) due to a biased statistic (max over unequal embedding counts). The correction is clearly marked in this file and the arc_verdict.json reflects only the corrected NEGATIVE conclusion, so this is properly propagated here — flagged only because the earlier PERSISTENCE claim could still exist uncorrected in other documents (papers, handoffs) that cited the pre-correction 1.217 ratio; not checked in this pass.
B410_coupling_derivation	main	CLAIM_EXCEEDS_COMPUTATION	arc_verdict.json is PROVED for 'the coupling criterion separates 4/4' and 'reducing the crown's why to the banked M1 stratification law,' but FINDINGS.md itself states the deepest part (WHY the 5-side withholds sqrt5 at exactly the paired frequencies) is an unresolved 'deep residual,' 'the genuine specialist-adjacent core,' explicitly STAGED rather than derived. The verdict claims the crown's why 'reduces to' M1, which is accurate as stated, but a casual reader of only arc_verdict.json would not know a residual obstruction remains open.
B411_field_dictionary	main	SUPERSEDED_UNMARKED	This arc's own file contains an 'UPDATE (TW4/B418)' appendix stating the actionable 'work upstairs' direction proposed in the main body is REFUTED for the mirror (B418 found no Galois element realizes the mirror cell-locally even in the full field Q(zeta60)) — the update IS present and marked in this file, but the arc_verdict.json's claim_one_line still only states the original (unretracted) 'dictionary killed, boundary/generic split' finding and does not mention that the arc's own proposed follow-up direction was subsequently refuted. Not a full SUPERSEDED_UNMARKED case since the update is visibly appended, but the verdict record does not carry the correction forward.
B412_tower_measure	main	MISSING_WITNESS	This entire 2-file arc (FINDINGS.md + arc_verdict.json only) contains no committed script or JSON of its own; every numeric claim (mass conservation, orbit-sum identities, trace-zero innovations) is asserted in prose as a synthesis of numbers computed in OTHER arcs (B372, B392, B394, B399). A stranger cannot reproduce this arc from its own directory at all.
B412_tower_measure	main	NO_TEST	No tests/test_b412*.py exists in the repository, unlike every other arc in this batch which has a dedicated lock file.
B413_scale_genesis	main	NUMERIC_ONLY_NO_EXACT	FINDINGS.md explicitly notes g1_mellin.py performs a 'numeric classification' while the exact Z[zeta9] identity is done 'inline' separately — meaning the committed .py script itself may only be a numeric cross-check rather than the exact symbolic derivation; the exact part's own script/witness is not separately named.
B414_generation_structure	main	LOG_DRIFT	A later log entry (2026-07-24, 'B775 Phase 2 Wave 6') states 'B414-r re-decides on a non-vacuous gate,' implying a re-decision/revision of B414 exists elsewhere in the corpus that is not reflected in this arc's own FINDINGS.md or arc_verdict.json (both still read as the original 2026-07-04 NEGATIVE verdict with no addendum).
B415_behavior_tracking	main	MISSING_WITNESS	FINDINGS.md explicitly notes 'the level-27 magnitude check needs the correct Frobenius orbit and is deferred — not a lock'; the characterization is presented as settled ('a clean, named object') resting only on the exact level-9 anchor, with the next-level check acknowledged incomplete.
B417_tw3_symbolic	main	OTHER	The complexity law p(n)=n+1 is only 'verified n<=11' in this arc's own computation; the general theorem (all n) is a classical result about Sturmian sequences cited, not independently proved here — fine as a sanity check but worth noting the committed computation itself is finite-range.
B419_tw5_quantum	main	NUMERIC_ONLY_NO_EXACT	The headline convergence claim (2*pi*log<4_1>_N/N -> Vol(4_1)) is explicitly numeric with 'slow log convergence' (only reaching 2.29 vs the true 2.0299 at N=180) -- an asymptotic/numeric approach to a known closed-form target, not an exact finite computation.
B423_gateB_torsion	main	RETRACTION_NOT_PROPAGATED	This arc's own label was corrected in-place (CORRECTION.md: the computed object is the 'dynamical zeta,' NOT 'the E6 Reidemeister torsion at the holonomy' as the PREREGISTRATION.md originally claimed -- a genuinely different SL(2,C) representation, ρ_geo, carries the actual geometric torsion, computed separately in B425). The correction is clearly filed here (CORRECTION.md present, FINDINGS.md carries a banner at the top), so this is properly propagated WITHIN this arc; flagged only because arc_verdict.json's claim_one_line ('the regularized E6 dynamical zeta') already reflects the corrected terminology -- a good example of a correction that DID propagate to the verdict record, in contrast to some other arcs in this batch.
B426_scale_lever_closed_form	main	SUPERSEDED_UNMARKED	FINDINGS.md still asserts 'every Galois-invariant functional of the orbit is <1' and arc_verdict.json's claim_one_line repeats it verbatim, even though the arc's own ADDENDUM_BOUNDARY_2026-08-14.md proves this false and gives the exact boundary p*=5.5932...; a reader of FINDINGS.md or the verdict alone would not learn the claim was retracted.
B428_upstairs_spin_walls	main	IDENTIFICATION_BY_TYPE	'Anyons not fermions' and the SL(2,C)=Spin(3,1) bosonic/spinorial dictionary rest on a Sym-parity type-match (even Sym block = integer spin = tensorial/bosonic under SL(2,C)); the arc itself flags this is not a physics claim, but the type-coincidence is exactly what licenses the later child-program's spin-statistics framing throughout B429/B430.
B432_filling_chirality	main	NUMERIC_ONLY_NO_EXACT	Chern-Simons invariants and volumes for all 31 fillings are computed by SnapPy floating-point routines (chern_simons(), volume()) rather than exact/certified arithmetic; the chirality classifier uses a 1e-8 threshold on floating CS values.
B434_slope_selection	main	MISSING_WITNESS	No committed .json witness file for this arc's numeric outputs (only three .sage scripts); the exact vol/CS/trace-field numbers quoted in FINDINGS.md are not backed by a committed machine-readable output file in this directory, unlike most sibling arcs.
B436_child_identity	main	SUPERSEDED_UNMARKED	FINDINGS.md still uses the phrase '−283 field is shared with 5₂, so it is a commensurability-class property' — language B855 (2026-08-02, quoted verbatim inside sibling arcs B438/B440/B443) explicitly retracts as WRONG (4_1 is the unique arithmetic knot complement, so nothing is commensurable with it; the correct framing is non-commensurable coincidence at slope 5 only). B436's own FINDINGS.md was never updated with this correction, unlike B438/B440/B443 which each carry the B855 correction banner.
B437_child_abelian_book	main	SUPERSEDED_UNMARKED	FINDINGS.md still uses 'commensurability class'/'commensurability-shared' language throughout (e.g. 'a commensurability class — the value records the parent's own Alexander data', 'THE INVERSION LAW ... sharpened by B438 ... commensurability-shared') that the later B855 correction (verbatim, in B438/B440/B443) explicitly retracts as wrong (4_1 is the unique arithmetic knot complement — nothing is commensurable with it). This arc's own FINDINGS.md carries no B855 correction banner.
B438_foreign_control	main	MISSING_WITNESS	The GENERATORS dict in foreign_control.py hardcodes 16-digit floating-point SnapPy generator values (e.g. -0.24812606280262192) rather than deriving them in-script from a committed SnapPy computation; a stranger cannot verify these 16-digit values were correctly transcribed without independently re-running SnapPy on each named manifold.
B443_child_atlas	main	OTHER	child_atlas.py's FLOORS list is a hand-typed dict literal (bar=dict(forced=True, unsought=True, exact_sm=False, control=True) for every single floor) rather than a computation that reads B435-B442's own verdict.json files programmatically; the 'assert' at the end only checks internal consistency of this hardcoded table, not that it accurately reflects the cited arcs. A transcription error in this table would not be caught by the script itself.
B445_e6_h1_control	main	MISSING_WITNESS	No json (or any) committed output file for this arc's numbers; FINDINGS.md's results table (H1=6 per knot, per-block rank gaps >=10^25) must be reproduced by re-running e6_h1_hp.py — there is no static witness a stranger can inspect without executing a precision-critical (dps=60) mpmath computation that the arc itself warns gives silently wrong answers at lower precision.
B446_thermo_d1_tower_moments	main	NUMERIC_ONLY_NO_EXACT	The entire pipeline (Weil quantization, Hecke desymmetrization, moments, SFF) is float64/numpy, not exact arithmetic; several exact-looking constants (e.g. C3=3/4, S5=1/2, N*Var=3/8) are read off numerically to 4-7 decimal places (e.g. 0.7500000, 0.3750000) rather than proven in closed form by symbolic computation in this arc, though FINDINGS.md frames them as 'derived' via a CRT/Galois-rationality argument stated in prose, not verified symbolically in the committed code.
B446_thermo_d1_tower_moments	main	MISSING_WITNESS	FINDINGS.md's headline out-of-sample claim ('out-of-sample at N=3645, predicted 0.375000, measured 0.375000') is not present in the committed run_log.txt or in the sampled results.json (both stop the gold tower at N=1215); the N=3645 run, if it exists, left no witness in this arc's committed files.
B448_heartbeat_adjudication	main	IDENTIFICATION_BY_TYPE	'the chirality field (B147/B316/B444) — its THIRD independent appearance' at period 4 rests on discriminant -7 recurring across different constructions; the arc itself flags the promiscuity risk via the silver control (small discriminants recur), which is good practice, but the naming ('the chirality field') still asserts a shared identity across three different computational mechanisms based on matching discriminant value.
B449_forcing_boundary	main	IDENTIFICATION_BY_TYPE	'disc(trace) x disc(Alexander)' is reinterpreted post hoc as 'disc(geometry) x disc(dynamics)' once the fig-8 case is shown to work, generalized to a 'conductor law' from exactly two confirmed data points (golden, silver) plus one registered-but-unrun bronze prediction; the pattern-fit is elegant but the inductive base is thin (n=2).
B451_thermo_d4_resonances	main	LOG_DRIFT	Later progress-log entries (B850, B852) characterize B451's model as a uniformly hyperbolic horseshoe whose pressure function is analytic by theorem, meaning it 'could not have found a phase transition' -- a structural critique of what the computation could ever discover, framed by the log itself as NOT reopening B451's numeric results but as invalidating a broader inferential use of them; B451's own FINDINGS/PREREGISTRATION never engage this framing (they are about resonance-spectrum certification, not phase transitions per se), so a reader of B451 alone would not learn its instrument was later judged structurally incapable of the transition question.
B455_ethogram_e3_response	main	MISSING_WITNESS	homeostasis.py's exact-rational conservation-of-kappa claim (the arc's one clean positive/negative result) was not directly read in full in this pass -- only its FINDINGS description and line count were examined, so I cannot personally attest the script performs the claimed exact check; this is a thin_read on my part, not necessarily a defect in the arc.
B458_ethogram_e5_component_cs	main	OTHER	The committed ptolemy_data/*.magma_out files (all four, ~142KB each) are not actual Magma/Ptolemy output data -- they are Wayback Machine 'not archived' HTML error pages (verified: head shows '<!DOCTYPE html>...<title>Wayback Machine</title>'). They are consistent with FINDINGS' own statement that the database/Wayback retrieval failed, and grep confirms no script in this arc actually reads ptolemy_data/, so nothing load-bearing depends on them -- but the misleadingly-named files (*.magma_out containing HTML 404 pages) could confuse a future reader who assumes they are real solution data.
B459_klein_four_verification	main	IDENTIFICATION_BY_TYPE	the arc explicitly and repeatedly flags 'ℤ/2×ℤ/2 ≅ C×P' as a structural predicate that cannot fire H1 alone and is HELD per standing rules -- this is good discipline, but the underlying observation (Klein-four Galois group of a biquadratic field matching the abstract group structure of C, P) is exactly the kind of bit/type coincidence this seat is instructed to flag regardless of how it's disposed of.
B460_relation_r1_child	main	MISSING_WITNESS	the length-spectrum table (Cell 1) is presented in FINDINGS with specific numeric values (e.g. 0.5780824355) but no captured log file for length_spectrum.py's actual run was in this arc's file set or read in this pass, unlike Cell 2 (pervacuum_log.txt) which was fully verified against FINDINGS; Cell 1's numbers are plausible and the script is short/deterministic SnapPy, but I did not independently confirm them against a witness file.
B461_relation_r2_borromean	main	OTHER	run_rung2.sh hardcodes a macOS-specific sage binary path (/Users/dri/micromamba/envs/sage/bin/sage), a minor non-portability issue for a stranger reproducing on another machine (run_rung2.py has an env-var fallback so this is not fatal).
B462_relation_r3_double	main	MISSING_WITNESS	No .txt/.log/.out witness file committed for any of the four active scripts (kappa_diagonal.py, masbaum.py, payload.py, phi_scan.py); FINDINGS quotes precise numeric values (e.g. |H|=43.93, |H|-|B|=+33.17, dev<=3.6e-28) that a stranger cannot check against a committed run output, only by re-executing the scripts themselves (which is possible since the code is present, but the specific numbers in FINDINGS are not directly verifiable from a static file).
B463_relation_r4_centralizer	main	MISSING_WITNESS	No committed run output for centralizer.py; the arc's exact numeric claims (dim C = 35, dim C = 0, weight list {2,8,10,14,16,22}) rely on re-running the script rather than a checked-in log.
B465_monodromy_intake	main	LOG_DRIFT	The progress log's mentions of 'B465-r' describe a later repair-wave item carrying a claim ('det(sigma-I)=5 at every level AND STAGE') that does not appear anywhere in this arc's committed FINDINGS/ADDENDUM/INTAKE files; either B465-r is a distinct downstream arc not included in this packet, or the correction target is missing from the files reviewed here. Flagged as drift between what the log discusses under the B465 label and what this arc's own files contain -- could not be resolved from the files in this batch.
B466_sigma_equivariant	main	MISSING_WITNESS	No committed run output for sigma_action.py; FINDINGS quotes exact symbolic results that must be re-derived by executing the script rather than checked against a log.
B467_family_residue_wall	main	IDENTIFICATION_BY_TYPE	F1's whole design is an explicit attempt to guard against a bit-vs-value dimension-coincidence identification (metallic eigenvalue ratios 'looking like' CKM mixing parameters, the classic B428-lineage trap); the arc's own discipline (fixed function class, null model, HELD naming rule) is the correct response and the scan comes back null, so the identification-by-type temptation is explicitly tested and rejected rather than asserted.
B469_breath_campaign	main	MISSING_WITNESS	octic_log.txt, the only committed witness for octic_test.py, is a Python TypeError traceback (mpmath cannot construct an mpf from a complex value), not the successful numeric output that FINDINGS.md cites as its basis for identifying the geometric fiber character on the swapped octic component. FINDINGS explicitly flags this result as 'Numerically certified; exact certification queued' but the committed evidence for even the numeric certification shows a crash, not a pass.
B469_breath_campaign	main	MISSING_WITNESS	The BR2 SnapPy gate at m=1 (Gieseking m000 orientation-cover isometry to 4_1, volume ratio exactly 2) is cited in the Reproduce section only as '(session log)', i.e. not a file committed to the repo -- a stranger running the listed reproduce commands cannot check this specific claim from committed artifacts alone (though rf1_towers.py in the sibling B470 arc does independently print this same m000/4_1 relationship, which partially substitutes).
B469_breath_campaign	main	OTHER	m5_pattern_log.txt is a committed but empty (0-byte) witness file, consistent with the FINDINGS table's own honest 'm=5: pending (background)' entry -- not a false claim, but a placeholder file with no content that a naive reader might mistake for a completed run.
B470_reflection_campaign	main	SUPERSEDED_UNMARKED	"FINDINGS.md's RF1 section still states, uncorrected, 'the theorem: metallic letters are revswap-palindromes, and any word in a palindromic alphabet is word-mirror (uv ~cyc vu)' -- but BREATH_HIERARCHY.md's own later CORRECTION section (dated 2026-07-08, same arc) explicitly retracts exactly this claim as FALSE in that generality for k>=3 blocks (600 counterexamples found), stating '""Every metallic-word bundle is amphichiral"" is retracted as a theorem'. FINDINGS.md was not updated to reflect this retraction, so a reader of FINDINGS alone would carry the false general theorem forward."
B471_chain_verification	main	OTHER	The FINDINGS.md CORRECTIONS section describes a specific counterexample matrix (X'=[[3,5],[2,3]], class number 2 argument, 'small search exhausted', 'the panel's genus-character obstruction makes it rigorous') whose verification script is not among the files listed for this arc in the packet (only chain_verify.py is present, and it implements the uniqueness theorem, Cohn identification, and chain laws, not visibly this counterexample check) -- the claim is plausible given the arc's overall rigor but could not be directly traced to a committed reproducer in this batch.
B472_quantum_commutator	main	MISSING_WITNESS	Addendum's zeta_60^8/zeta_60^4 resolution cites 'the session's like-for-like scripts' as reproducer but no such script is in the 4-file arc directory.
B473_criticality_program	main	NUMERIC_ONLY_NO_EXACT	Docstring claims 'numeric-exact first pass' but the seam-control computation uses np.complex128 with tolerance thresholds (1e-8/1e-9), not exact/rational arithmetic as the prereg specifies ('through the exact B358/B459 machinery').
B474_tier_commutator_law	main	MISSING_WITNESS	master_log.txt, derivation_log.txt, and refine_log.txt present detailed exact computations (36-cell divisor lattice, minimal sufficient residue bases) but no corresponding .py script is committed to reproduce them.
B476_interaction_algebra	main	IDENTIFICATION_BY_TYPE	The refuted claim itself ('span 36 = gl(2) x gl(3) = SM gauge algebra') is flagged in-arc as exactly this type of trap; correctly caught and refuted by the arc's own authors, but recorded here per the seat's licence-to-ask duty.
B476_interaction_algebra	main	NUMERIC_ONLY_NO_EXACT	All span/rank dimensions are computed via SVD threshold (1e-8/1e-9) on complex128 floats rather than exact rational/algebraic arithmetic; ranks are integers so likely robust, but no exact certification is committed.
B477_sterile_classes	main	MISSING_WITNESS	sterile_scan.py, committed as a cross-reference script, fails with FileNotFoundError for '../B461_relation_r2_borromean/ptolemy_systems.json' — the file this arc's table depends on for the 'banked B461 eliminations' is not reachable/present, and the failure is preserved verbatim in context_log.txt rather than fixed.
B481_det_zeta5_kill	main	MISSING_WITNESS	FINDINGS.md's Reading-1 table (determinants of W1,W2,Par,D,F,W_R etc at 4 primes, the main basis for 'forbidden, not just not found') cites reproducer 'det_kill.py' which does not exist in the committed arc directory (verified by directory listing).
B483_fibonacci_anyon_face	main	MISSING_WITNESS	The B1-closure claim (banked lambda_chain verified to 18 digits via n=55, 40dps mpmath recomputation) has no committed script; only anyon_verify.py is present and it does not perform this computation.
B483_fibonacci_anyon_face	main	OTHER	The lambda-family master-constant unification (A=0.9111...) is explicitly self-flagged 'NOT independently reproduced' yet is presented in prose alongside proved results in the same FINDINGS.md, with a named landmine warning about a phi-lookalike decoy value — correctly hedged, recorded for the sweep.
B485_metallic_apoly_family	main	CLAIM_EXCEEDS_COMPUTATION	FINDINGS.md and arc_verdict.json (PROVED) state the Alexander law was 'verified in sage/snappy for m=1,2,3,4,5', but the only script touching this (apoly_sage.py) loops only m in {1,2,3}, never computes m=4,5, and does not even assert equality against the claimed closed form (a^2-(m^2+2)a+1) — it just prints M.alexander_polynomial(). No log file captures its output.
B485_metallic_apoly_family	main	MISSING_WITNESS	conj2_log.txt (the log for apoly_conj2.py, the fraction-free elimination meant to validate m=1 against the known figure-eight A-polynomial) is 0 bytes — no output was captured, so this validation is unwitnessed.
B485_metallic_apoly_family	main	OTHER	apoly_conj.py (the symbolic conjugation-method elimination) crashes with an AttributeError before producing any A-polynomial data (conj_log.txt is a full traceback), and apoly_elim.py explicitly could not run its symbolic route for m=2 and m=3 ('not 2-generator; skipping'), per elim_log.txt.
B486_cusp_hexagonal_verdict	main	MISSING_WITNESS	The arc's entire load-bearing numeric content (cusp modulus 2sqrt3*i, translations, three curve lengths, the 6b construction tests) has no committed script or log anywhere in the 4-file directory; 'Reproducer: the sage-python cusp-lattice check (this session)' names no file and none exists.
B488_dgg_family	main	MISSING_WITNESS	dgg_family.py is committed and would in principle reproduce the m=1..8 table, but no .txt/.log output file is committed confirming it was run and matches the FINDINGS.md table (e.g. exact H1 torsion values per m).
B489_self_interaction_tower	main	MISSING_WITNESS	The n=1..8 tower table (torsion, volume, H1, cusp) and the DGG-abelian-at-every-level claim are described as independently recomputed ('SnapPy 3.3.2 + exact matrix arithmetic, independent recomputation') but this 2-file arc contains no script or log at all — only prose FINDINGS and a verdict JSON.
B492_verlinde_boundary_lens	main	MISSING_WITNESS	No reproducer script is committed for the g_tau/g_1=phi and D=sqrt(2+phi) computations; FINDINGS.md says 'Reproducer: inline', but the arc has only FINDINGS.md and arc_verdict.json.
B500_child_hunt	main	SUPERSEDED_UNMARKED	"an earlier version of this same FINDINGS.md claimed ""completed 141 of 150, 0/141""; the file now carries the CORRECTION inline, so the retraction IS propagated in this file — flagged here only because downstream logs (B1187 REFUTED-ROUTE) still treat the depth-5 census as usable evidence while it is only 115/150 analyzed."
B501_universe_word	main	OTHER	the arc is pure preregistration with no execution and no verdict; the project's own log confirms it as file-drawer, so nothing here is load-bearing for any claim elsewhere.
B504_spacetime_functor	main	MISSING_WITNESS	two exact numeric claims (tr(t)^2=2, tr(t)^2=4) are asserted as computed with high-precision residuals but no reproducer script is present in the arc directory — only prose description and a verdict.json.
B505_quasicrystal_anchor	main	MISSING_WITNESS	"a PROVED verdict for a polynomial identity claim with no committed script anywhere in the arc; the project's own progress log later confirms this explicitly (""carries NO scripts"")."
B505_quasicrystal_anchor	main	LOG_DRIFT	"the arc_verdict.json banks PROVED while a later authoritative log entry says the arc is ""not load-bearing"" for lack of scripts — the verdict has not been downgraded to reflect this."
B506_critical_cancellation	main	OTHER	the arc's own directory contains no FINDINGS/verdict; its substantive content is scattered into B507, making B506 a prereg shell that a naive reader could mistake for having no results at all.
B507_beta_function	main	MISSING_WITNESS	"the 6M-sample beta-function curve and its exact-gate agreement (E_Haar[g_M]=0.0003 etc.) have no committed script or data file in this arc; the project's own log confirms ""no scripts"" and ""no lock."""
B508_geometry_machine	main	MISSING_WITNESS	a rational function claimed exact at several special values (0, 4, 5, 11/2, -1/3) with no committed reproducer script in the arc; verification described in prose only.
B509_square_time_curve	main	MISSING_WITNESS	rank-0 (Sage descent) and Cremona-label identification are numeric-heavy claims with no reproducer script in the two committed files.
B510_convening_resolution	main	MISSING_WITNESS	the Jacobian-of-branch-cover computation and the twist-scan negative result have no committed script in this directory.
B511_physics_verdict	main	MISSING_WITNESS	D3.3's headline numbers (P(classical)≥0.84, P(wild)≤0.10) are quoted in FINDINGS but have no committed output file, unlike the sibling D3.1/D3.2 cells which do — a stranger must rerun d3_wild_access.py themselves and hope for the same numbers (no fixed seed printed in the __main__ block beyond defaults).
B511_physics_verdict	main	SUPERSEDED_UNMARKED	"D1_ADVERSARIAL_REVIEW.md's body text still reads ""No standard 3d Rauzy fractal exists"" / ""golden 3d impossible"" as the main argument, with only a short CORRECTION appended at the very end retracting it; a reader stopping partway through the file (as the file's own internal structure invites) would come away with the wrong conclusion. The correction is present (not fully unmarked) but the ratio of retracted-text to correction-text is large."
B512_six_computation_pass	main	MISSING_WITNESS	no reproducer scripts in this arc for either of its two banked negatives (McKay silver-vs-golden trace computation, arcsine rejection fit); relies entirely on prose description and cross-reference to a sibling arc's code.
B513_boundary_attractors	main	MISSING_WITNESS	both the PROVED boundary-attractor claims and the tombstoned (3,1) count (20 Euclidean/10 Lorentzian on a kappa=1 shell) have no committed script or data.
B515_golden_3d	main	MISSING_WITNESS	the headline result (beta=phi(1+sqrt phi), unique across a 46-coupling scan) has no committed script or scan output in this directory.
B515_golden_3d	main	RETRACTION_NOT_PROPAGATED	"this arc corrects B514 (""my premature kill corrected"") but B514_golden_3d does not appear in this batch's file list at all — the packet has no B514 arc, so this seat cannot verify B514's own file was updated to mark itself superseded."
B516_golden_3d_ladder	main	MISSING_WITNESS	both Finding 1 (dim-5 golden Pisot) and Finding 2 (golden-uniqueness via the conjugate mechanism) rest on scans/enumerations with no committed code in this directory.
B516_golden_3d_ladder	main	LOG_DRIFT	"a later log entry (2026-07-21, B742) refers to ""B516's previously-asserted dim-5 Pisot counterexample"" as one of 30 kills — this batch does not include the arc where that kill is recorded, so it is unclear whether the FINDINGS.md content sampled here (which still asserts the dim-5 claim as a live Finding) has been updated to reflect that kill."
B517_bootstrap_forcing	main	MISSING_WITNESS	every load-bearing exact computation in this arc (the exhaustive Pisot-box forcing theorem, the signature-control table, the exact rational Stein metric) is narrated as independently recomputed but no script sits in the arc directory — only two binary/image outputs (rauzy/cloud.npy, rauzy/golden_3d_rauzy.png) exist as artifacts, and this seat did not inspect them (LIST_ONLY per packet mode).
B517_bootstrap_forcing	main	IDENTIFICATION_BY_TYPE	the arc notes as a firewalled 'HOOK' that beta=phi(1+sqrt phi) shares the field ℚ(√5,√φ) with the Fibonacci-anyon F-matrix entries — a shared-field coincidence explicitly flagged by the arc itself as not yet more than a type match.
B518_k025_confirmation	main	SUPERSEDED_UNMARKED	"B518's CORRECTION says Tier B is ""NOT a firewall crossing"" citing B519's original refutation; but B519's own VERDICT.md is later corrected (by the B525 audit) to say the refutation was wrong and the mixed-chain gap-opening pattern IS a live falsifiable prediction. B518's FINDINGS.md, as committed, still carries the now-outdated ""NOT a crossing"" framing without a second correction reflecting B519's own reversal."
B518_k025_confirmation	main	MISSING_WITNESS	Tier A's universality claim (one trace map preserving kappa across three physical substrates) has no committed script.
B519_re_mining	main	SUPERSEDED_UNMARKED	"arc_verdict.json's own claim_one_line states the arc supersedes nothing formally (""supersedes"": null) despite the content explicitly retracting the arc's OWN prior headline and cell A2's own prior closure — a genuinely self-retracting arc whose verdict.json field for supersession is left null rather than pointing at its own earlier content."
B519_re_mining	main	OTHER	per the project's own log (B826), the missing verdict file was itself a governance gap for weeks (arc had no arc_verdict.json at all despite B525 having cracked its headline) — a structural example of a correction not being tracked in the standard place until a dedicated audit noticed the filename convention mismatch.
B520_handoff_verification	main	MISSING_WITNESS	the two independent-method beta-function zero recomputation (8M Haar samples) that rejects a competing handoff claim has no committed script or output file in this arc.
B521_audit_integration	main	IMPORTED	"the arc's own verification ledger honestly separates ""independently recomputed here"" (Gate A disc, Gate B theta, Gate C's three legs, R2 timestamp check) from ""cited on the audit's machine-checked run"" (CS/eta, extended-Bloch, SL(3) tau_V0, DG data) — the latter four items are imported from a separate clone (`oaudit/`) whose underlying probe scripts/JSONs are not in this arc's directory or sampled by this seat."
B521_audit_integration	main	MISSING_WITNESS	the R2 blind-prediction-hit claim (the strongest positive result in the arc — a genuine forced+unsought+controlled prediction) rests on timestamped JSON files from the external oaudit/ clone that are not present for inspection in this batch.
B522_tower_filtration	main	IMPORTED	"the arc's headline deep step (Luna slice + Procesi FFT + BCH forcing the Sym-tensor-det block form) is explicitly imported from a separate audit clone at ""probe-writeup strength,"" not proven at catalog grade in this trunk; the arc's PROVED verdict rests partly on that imported, not-fully-proven step."
B523_verdict_reexamination	main	MISSING_WITNESS	the Ad(C)/Killing-form signature-split computation (the arc's final and most conceptually interesting addendum) is not backed by any of the four committed scripts sampled — only cited to an external test file not in this batch.
B524_iwip_and_higher_ptolemy	main	OTHER	an earlier draft's cd/no-Z^2-based obstruction to the mapping torus being a 3-manifold group is explicitly flagged by the arc itself as invalid and replaced by the correct Stallings-fibration argument — a self-caught reasoning error, not a computational one, handled transparently inline.
B525_are_you_sure	main	RETRACTION_NOT_PROPAGATED	"per the project's own log (B818, 2026-07-30), B525's retraction of B519's headline was not recorded on B519 itself for a period (""B519_re_mining carries NO verdict though B525 cracked its 'no external crossing' headline"") — a governance gap the log documents about this very arc's downstream effect."
B525_are_you_sure	main	OTHER	instrument:true in arc_verdict.json (correctly self-flagged as a meta/instrument arc rather than a primary physics or math result) — noted for completeness, not a flaw.
B526_crossing_package	main	IDENTIFICATION_BY_TYPE	"the arc itself flags that the tetrahedral-metric Gram match is ""essentially by construction"" (the algebra guarantees the match given the chosen weighting) — an honest admission that the headline geometric coincidence is a type-match by design, not a discovery."
B528_dgg_gauge_resolved	main	OTHER	"explicitly documents correcting its own prior banked claim (""abelian U(1)^{r_K}"") from a bare-citation status (flagged SHAKY by B525's audit) to computed+cited, in direct response to owner pushback (""compute it… you are a serial false killer"") — a good-faith upgrade of rigor, though the K>=3 general case still rests on citation, not computation, in this arc."
B529_qca_covariance	main	SUPERSEDED_UNMARKED	A CORRECTION dated 2026-07-12 (B530 movement XXIX) is appended at the bottom of FINDINGS.md, reclassifying the golden-angle-coin kill as 'over-strong': the earlier body text ('the golden-angle coin is NOT robustly special either... it does not pass as a clean selection') is not edited or struck through, so the un-corrected verdict text still stands alongside the correction. However arc_verdict.json's claim_one_line/status ('NEGATIVE... loses to 2 of 10') was NOT updated to reflect the CORRECTION's reclassification to OPEN (a real F≠F² coupling resonance, 240,000x lower cost than uncoupled Fibonacci) — the verdict file is stale relative to the arc's own most recent correction.
B529_qca_covariance	main	RETRACTION_NOT_PROPAGATED	The CORRECTION says the golden-angle kill 'was over-strong' and reclassifies status from a kill to OPEN, referencing a different arc's file (frontier/B530_natural_history/listen_30_qca_reexamination.py, confirmed present in repo) for the new finding, but B529's own arc_verdict.json still records verdict NEGATIVE / superseded_by: null, giving no machine-readable trace that B530 revises this arc's status.
B529_qca_covariance	main	MISSING_WITNESS	log_index is null for this arc, so no progress-log entry could be checked against the FINDINGS/verdict claims; claim_of_record rests solely on the arc's own two files.
B530_natural_history	main	SUPERSEDED_UNMARKED	PORTRAIT.md presents itself as the arc's capstone/'complete portrait' covering movements I-XX and declares closure ('the object has said what it has to say at this level of listening'), but FINDINGS.md continues to movement XXXVIII with material corrections (Galois group S4->D4 in movement XXX, parity-label interpretation REFUTED in movement XXXVII, gap-rank and seam-selection reopenings in movement XXIV) that are never folded back into PORTRAIT.md. A reader consulting only PORTRAIT.md (the designated synthesis document) would carry the superseded S4 Galois claim and the closed-door reading of the second-seed seam.
B530_natural_history	main	NO_TEST	The great majority of the 39 listen_*.py reproducer scripts contain zero `assert` statements; they are print-and-eyeball scripts whose numeric output must be manually diffed against FINDINGS.md prose by a human reader. Only listen_14 (5 asserts), listen_36 (1), and listen_37 (4) self-check. The actual verifying tests live entirely in the separate, non-arc-local tests/test_b530.py.
B530_natural_history	main	OTHER	The arc's own CORPSE_LEDGER.md documents an extraordinary rate of self-correction: 19 tracked 'kills' this session, of which 6 were outright FALSE-KILLS (restored), 3 REOPENED, 1 OVER-CLOSURE, with the ledger's own stated pattern being 'I reach for the fastest disconfirmation and compute a near-cousin of the claim... then declare death with confidence.' This is transparent and self-corrected, but it means several of the arc's *earlier* published verdicts (movements XI, XIII, XX-XXIII as originally stated) were confidently wrong before being caught, which bears on how much residual trust to extend to verdicts in this arc that have NOT yet been independently cross-checked (e.g., the >=14-character floor-variety count, movement XI).
B530_natural_history	main	IDENTIFICATION_BY_TYPE	Movement XIX's 'golden ladder' identification (Dsigma* eigenvalues = {phi,1,-1/phi} tensor {1,omega,omega^2} at the trace-zero point) is presented as an exact 9/9 numerical match, which is stronger than a type coincidence -- but the broader Movement XXI/XXIV 'H6' finding (that ℚ(√5,√−3) contains √−15, echoing the program's K025 two-ends-and-seam structure) is explicitly a field-compositum fact true for ANY golden x Eisenstein pairing (movement XXIII: 'this is field theory, not selection'). The arc itself names and defuses this risk (movement XXIII/XXIV), but the underlying dimension/field-containment coincidence is exactly the kind of match this seat is instructed to flag as a licence-to-ask rather than evidence of physical significance.
B531_trace_map_gate	main	MISSING_WITNESS	No log/output file or JSON witness is committed anywhere in the arc directory recording an actual run of t1_lyapunov.py, t2_control.py, or t3_fourier.py (the directory contains only the three .py scripts, FINDINGS.md, PREREGISTRATION.md, and arc_verdict.json — nothing that isn't a .py or .md is present, and nothing is gitignored either, since the working tree is clean and untracked-and-ignored files were checked). The numbers in FINDINGS.md are only independently corroborated because tests/test_b531.py (outside the arc directory, found by search, not part of the arcs_029 packet's file list) happens to assert the same values.
B532_last_echo	main	IDENTIFICATION_BY_TYPE	The 'Nine Ingredients' framework (i6_nine_ingredients.py, i6_phase2_probes.py, i6_phase3_synthesis.py) labels purely combinatorial/spectral quantities of a 4-letter substitution with physics category names -- 'Born rule' for a transition probability P(b|a)=1/φ, 'Matter' for four letter-species, 'Gravity' for topological/Rauzy-fractal structure, 'Thermodynamics' for an entropy-decay function T(n). These are structural analogies (same functional shape/role) asserted as physics identifications, not derivations that these substitution properties ARE the named physical phenomena.
B532_last_echo	main	MISSING_WITNESS	No committed run output exists anywhere for i5_bigram_derivation.py, i5_bigram_derivation_v2.py, i5_character_census.py, i5_one_v_test.py, i5_wavefunction_geography.py, i6_nine_ingredients.py, i6_phase2_probes.py, or i6_phase3_synthesis.py, and none of these are covered by tests/test_b532.py (which stops at I4). The FINDINGS.md numbers attributed to I5/I6 (e.g. P(b|a)=1/φ to 6 digits, T(n)~0.489·0.849^n, k2/k3 spread 0.65-15.05, D_KL≈12.21 bits) have no independent recomputation anywhere in the repository.
B532_last_echo	main	OTHER	The 'irreducible kernel' / Derivation DAG (I4) is a hand-authored Python dict declaring parent-child relationships between 29 named layers; the accompanying test only checks the dict is self-consistent (acyclic, single source, correct counts), not that any given edge is a true derivation in the underlying mathematics. This risks the DAG being presented as a computed/verified structure when it is closer to an asserted outline.
B532_last_echo	main	RETRACTION_NOT_PROPAGATED	arc_verdict.json's one-line claim ('period-3 absent... proved') does not mention that a substantial cross-seat claim central to the same campaign (the bigram core hierarchy and the gap-label=Fibonacci-core identity) was independently found NOT REPRODUCED / WRONG within the same campaign; the verdict is not false, but the one-liner presents the campaign as a clean positive result while FINDINGS.md itself documents an internal refutation of another arc's claim that this campaign was partly built to check.
B533_coupling_invariance	main	FITTED_VALUE	Gate 3's SM-ratio matching is a coefficient-lattice search over |a+bτ+cτ²+dτ³−R|; such searches inherently manufacture near-matches, and the arc's first false-positive control was itself miscalibrated (range mismatch) before being corrected in the same document. Recorded honestly, but the mechanism is a caution for any future 'ratio in ℚ(τ)' claim.
B533_coupling_invariance	main	SUPERSEDED_UNMARKED	B533's headline claim is literally 'exactly 5 types'; this is corrected to 6 types by B535 for length-5 windows. FINDINGS.md itself carries the correction inline ('Census completion (B535...)'), so it is NOT unmarked in this file — but the arc_verdict.json claim_one_line still reads 'exactly 5 depth-stable Perron types' with no reference to the B535 correction, so a reader of only the verdict file would be misled.
B535_coupling_space	main	SUPERSEDED_UNMARKED	B535's own census (6 types, 7 systems, saturating at window length 8) is later shown by B540 to be window-length-limited: the observer flow finds 5 more canonical systems (12 total) beyond windows of length 8. FINDINGS.md's C1 header still reads 'The coupling space is FINITE and now fully mapped' with no inline correction pointing to B540's supersession (B540's own verdict.json lists 'supersedes: B535', so the linkage exists in the registry but not as text edited into this file).
B536_measurement_verify	main	MISSING_WITNESS	The original seat-1 claims (period 6, S = 1.0620) have no committed, specified construction anywhere in this arc's files — they are handoff assertions that this arc could not reproduce because the convention was never pinned down. The negative verdict is honest, but it means the earlier positive claims were never actually reproducible from committed code in the first place.
B538_reframe_test_cycle	main	MISSING_WITNESS	This arc directory contains only FINDINGS.md and arc_verdict.json (no .py script), yet it reports a specific recomputed value (Jarlskog J = 3.077e-5) and an exact 7-decimal E8 match against named real materials. The claim that these were 'recomputed and confirmed' points to tests/test_b538.py outside this directory, which a stranger auditing only this arc's files would not find.
B540_observer_flow	main	SUPERSEDED_UNMARKED	arc_verdict.json for B540 lists 'supersedes: B535' — this is correctly propagated at the registry level, but B535's own FINDINGS.md text (read separately) still describes its census as 'now fully mapped,' i.e. the superseded document's prose was not edited to point forward to B540.
B541_2a_closure	main	MISSING_WITNESS	This arc's numeric results (p=0.785, p=0.19-0.80, the specific closest pair f_A vs CKM η̄ at 5.7e-3) are reported with no committed script in the arc directory itself — only FINDINGS.md and arc_verdict.json are present. The 'spot-checked: 0.348/0.3460143 − 1 = 5.7e-3' line is the only inline arithmetic check; the underlying resampling/null-construction code is not in this directory.
B543_species_gap_labels	main	MISSING_WITNESS	reproduce_labels.py is only 245 bytes for an arc whose FINDINGS.md reports N=3000 simulation results with multiple named gap deviations (1.4e-5 etc.) — the file is almost certainly a thin driver calling shared library code elsewhere in the repo, not a self-contained computation a stranger could run from this directory alone.
B544_emergent_golden	main	MISSING_WITNESS	The reported 9-digit match to Shenker's constant and 987/610 exact Sturmian occupation are described with no committed script in this arc directory to reproduce them.
B545_ghost_census	main	MISSING_WITNESS	The 'evidence-grade' census over [1,50] and the c=1 exact proof are both narrated with no committed script in this specific directory; the test lock lives elsewhere (tests/test_b545.py) and cannot be checked from this arc's own files.
B549_forced_bin_predictions	main	MISSING_WITNESS	The only load-bearing numbers in this arc (the E7 spectrum and both cosmic-ratio p-values) have no committed script in the arc's own directory — a stranger could not reproduce either the E7 eigenvector table or the null p-values from what is here; the code presumably lives in a shared library or the referenced tests/test_b549.py, neither of which is packaged with this arc.
B552_z11_charge	main	IDENTIFICATION_BY_TYPE	The FINDINGS.md notes '11 is disc-adjacent (disc = −400; 11 is the first prime where the charpoly ... has a specific factorization type — noted, not interpreted)' — this is exactly the kind of numeric coincidence the seat is told to flag; the arc itself is careful to say 'noted, not interpreted,' which is the correct response, but the coincidence sits right at the boundary of being over-read in a future arc.
B552_z11_charge	main	CLAIM_EXCEEDS_COMPUTATION	The claim that the ℤ/11 charge is transported unchanged across all 12 nodes of B540's observer flow is attributed to 'chat-2's computation,' explicitly not fully reproduced within this arc ('Reproduced here for the census systems; the full 12-node sweep is chat-2's computation, consistent with B540's flow') — the arc_verdict.json's claim_one_line states the full-flow transport as settled fact without this caveat.
B554_meditation_verify	main	MISSING_WITNESS	The precise mismatch count 181,678/299,999 (61%) quoted in FINDINGS.md is not itself asserted in the lock (only '>50%'); the exact figure is not independently reproducible from the committed test alone, only order-of-magnitude.
B554_meditation_verify	main	OTHER	verify.py (packet file, mode FULL) is a one-line print statement summarizing conclusions, not a script that computes anything; the real verification lives entirely in tests/test_b554.py, which is outside the packet's file list.
B555_the_prediction	main	CLAIM_EXCEEDS_COMPUTATION	The document states a concrete falsifiable physical prediction (gap labels of a to-be-built four-coupling polariton/photonic chain), but this arc's own committed code only verifies self-consistency of the algebraic label formulas, not an actual finite-N spectral computation; the spectral hardening is credited to a different arc (B543) not included in this packet.
B556_escalator_tower	main	OTHER	The arc's verdict was changed from OPEN to PROVED not by new computation inside this arc but by a later cross-arc panel/kappa process (B834), flagged in the project's own log as part of a corpus-wide 'drift' pattern that the log later reinterprets as a mislabeling convention (mixed arcs) rather than a substantive re-verification of B556 itself.
B556_escalator_tower	main	OTHER	B557 (this arc's own follow-on campaign) was at one point flagged by the project's own file-drawer audit (B837) as cited in B556 'only as an EXPECTATION... not a result' -- i.e. B556 leaned on an unrun companion cell before that cell was later completed.
B557_escalator_campaign	main	SUPERSEDED_UNMARKED	FINDINGS.md was only written 2026-08-01 (B840) to consolidate results that had existed since 2026-07-13 in CARRIERS_FINDINGS.md/E2_FINDINGS.md; between those dates a project audit (B837) counted this arc as having no result at all -- an internal filename-drawer failure the project caught and fixed itself, but a stranger reading only FINDINGS.md's creation date without the log could mistake the arc's actual completion timeline.
B558_three_level_negative	main	IDENTIFICATION_BY_TYPE	Two 'anti-numerology landmines' are explicitly logged: a fixed golden number 1/phi^3=0.23607 is 2.1% from sin^2(theta_W), and one gap-edge ratio at V=1 matches sin^2(theta_W) to 0.26% out of a large multiple-comparison search space; both are flagged by the arc itself as non-significant coincidences, not claims -- a rare case of the arc pre-emptively filing the type-coincidence flag itself.
B559_blackhole_probes	main	OTHER	The project's own later review (Review 41, 2026-08-09) flags that this arc's negative result ('area-law signature ABSENT') was cited nowhere in the project's law/synthesis ladder, so the ladder's own 'area-law entropy -> OPEN' status did not actually incorporate this computed negative when it was written; a synthesis-integration gap, not a computational one.
B560_crossseat_campaign	main	OTHER	cells/Cell_3/cell3_interval_certificate.py has a real Python bug in its main(): `Path(__file__).resolve().parent / 'CELL3_RECOVERED_ROOTS.json'.read_text()` calls .read_text() on the string literal (str has no such method, confirmed by direct test) rather than on the concatenated Path, due to operator precedence -- this script as committed would raise AttributeError if actually executed, so the committed CELL3_INTERVAL_CERTIFICATES.json (used by test_cell3_fixed_character_atlas.py) could not have been produced by re-running this exact committed file; it may have been produced by an earlier/different version of the script.
B560_crossseat_campaign	main	IDENTIFICATION_BY_TYPE	Cell 2 explicitly documents and refutes a temptation of this kind itself: nodes S_a and S_B share identical charpoly, determinant, Smith form (Z/11), and are integrally GL(Z)-conjugate, yet map to entirely different targets under the observer-flow protocol -- the arc treats this as a REFUTATION of using the arithmetic invariant packet to predict flow targets, i.e. a self-administered type-coincidence check rather than a red flag the auditor needed to find.
B560_crossseat_campaign	main	OTHER	Cell 3's certificate/root-search artifacts (CELL3_RECOVERED_ROOTS.json ~908KB, CELL3_INTERVAL_CERTIFICATES.json ~1.68MB) are large data blobs from a numerical random-restart search (9,600 starts); the underlying search script (generic_observer_fixed_point_certificate.py, read in full) is present, but the specific 9,600-start run that produced exactly 253 points is not re-executed by the test suite -- the test only checks internal consistency of the already-stored certificate/CSV files, not that a fresh run reproduces 253 again.
B561_l50_crux	main	MISSING_WITNESS	The D4 isometry-group claim (point 2) is attributed to SnapPy but no reproducer script path is given in the arc's two files (FINDINGS.md, arc_verdict.json); the tests/ lock files cover the Lie-theory/field claims, not this specific SnapPy call.
B562_probation_campaign	main	MISSING_WITNESS	The claimed '43 agents, 0 errors' and the campaign journal referenced for full evidence are not included in this arc's file set; a stranger reading only PROBATION.md and RESULTS.md cannot independently reproduce any of the 21 verdicts.
B565_gauge_behavior_campaign	main	MISSING_WITNESS	T1, T3, T4, T5, T2, T8 and the Batch H2 tower-arithmetic results are asserted in RESULTS.md with specific numbers (e.g. a_C=-0.1800+-0.0007, FM ratio, |G3|>=2048, 8T15) but no reproducer script for these specific cells is present among the 5 python files in this arc; only H1-krasnov, H1-realform and H1-triality have committed, readable scripts in this arc's directory.
B565_gauge_behavior_campaign	main	IDENTIFICATION_BY_TYPE	H1-triality's 'MATCH (100%)' between B299's (theta,phi) Z3xZ3 and Boyle's SO(8) triality is a weight-orbit/dimension coincidence check (both 3-cycle SU(3)^3 factors, both give 9/9 free orbits of size 3); the RESULTS.md itself flags this honestly as 'a structure match, not a generations claim,' which is the correct caveat, but the underlying evidence is still a type/orbit-size coincidence rather than a derivation that the two group actions are literally the same map.
B566_self_interaction	main	MISSING_WITNESS	Only RESULTS.md is included for this arc (no FINDINGS.md, no arc_verdict.json, no python script); five separate computational claims (S1-S5) are asserted with specific numbers but the packet did not include any code files to inspect, only the results narrative.
B568_own_questions	main	SELF_REFERENTIAL_LOCK	The whole campaign is framed anthropomorphically ('heartbeat', 'eyes', 'attention', 'curiosity', 'the object's answer, one sentence') and produces a narrative 'portrait' that reads as describing an entity's inner life rather than reporting mathematical facts about a subshift/character-variety object; the document's own disclaimer ('every physics-flavored word is descriptive vocabulary for internal structure') does not remove the framing risk that computed facts (entropy laws, latency spectra) are being presented with emotionally loaded labels ('curiosity', 'proprioception', 'no pain') that invite reading the object as sentient or as physically 'creating a universe,' well beyond what any single computation establishes.
B568_own_questions	main	MISSING_WITNESS	Roughly half of the 16 answered cells (CQ5, AQ1, AQ2, AQ4, Q4, Q7) reference specific numeric results with no script present in this arc's two files; only four test-lock files (results, persistence, minimal_play, c_symmetry) were confirmed to exist on disk, covering an unclear subset of the 16+ cells claimed.
B569_complete_chain	main	RETRACTION_NOT_PROPAGATED	This arc itself is the correction of an incoming cross-seat handoff's inconsistent modular data (Z=-1 word artifact) and a false uniqueness theorem; no propagation issue found within this arc, but it documents the type of error (an inconsistent (S,T) pair silently producing word-dependent 'results') the program has repeatedly had to catch from external handoffs — worth the seat noting as a recurring failure mode upstream of this arc, not a flaw in this arc's own work.
B570_allowed_plays	main	MISSING_WITNESS	AP1, AP2, AP4, AP5, C1, C2, C4 and the C5+Q-C quarantine are described only in RESULTS.md / THE_SELECTION_RULES.md text; the two python files actually present in this arc (c3_e6_level2_monodromy.py, qa_trichotomy.py) cover only C3 and Q-A. The remaining ~10 cells' claims rely on 12 named test-lock files this reader confirmed exist on disk but did not open, so their content beyond the filename could not be directly checked in this pass.
B571_day0_internalization	main	SUPERSEDED_UNMARKED	The log (Review 16) documents that this arc's CHIRALITY_DOSSIER.md and REPORT.md were merged carrying the pre-correction wording 'the amphichiral involution IS theta, canonically' (a conflation of two distinct involutions later corrected in T-θTANGENT); a CORRECTION note was appended at the end of both files fixing this, but the uncorrected sentence (CHIRALITY_DOSSIER.md line 23, REPORT.md line ~115) still stands verbatim in the body text, relying on the reader reaching the appended note. This matches the arc's own diagnosed burial mode #1 ('the recognized-but-unjoined identity ... a respectable parking lot with no exit ramp') applied to itself.
B571_day0_internalization	main	LOG_DRIFT	Review 16 notes this arc's own revival queue was itself heading for the exact burial pattern it diagnosed: 'OPEN_LEADS.md has zero registrations for the arc's entire open frontier ... B571's own queue was heading for burial by exactly the pattern B571 diagnosed.' The log therefore both endorses (spot-checks confirmed) and partially contradicts (process failure in its own follow-through) this arc's self-assessment.
B572_eleven_clauses	main	CLAIM_EXCEEDS_COMPUTATION	The adjudicated handoff's clause 9 (chiral fermion content from Spin(10)xU(1)) is flagged by this arc as a 'silent selector switch' — gauge structure derived from the theta-fold (F4) while chirality is imported from a different, non-theta-fixed subgroup with no computed bridge; this arc correctly identifies and names the gap rather than papering over it, which is itself the finding, not a flaw in this arc.
B573_global_bridge	main	RETRACTION_NOT_PROPAGATED	The arc explicitly catches an incoming cross-seat handoff falsely claiming 'CC verified tonight by Fox calculus on the Riley presentation' when 'No such verification happened' — a fabricated/mistaken verification claim from an external source, caught here before being banked as fact. This is the arc functioning correctly (catching the issue), but is flagged because such false-verification claims from handoffs recur across this batch (also seen implicitly in B569, B572) and represent a standing risk in the cross-seat handoff process this program relies on.
B576_deformed_closure	main	IDENTIFICATION_BY_TYPE	FINDINGS explicitly retracts an earlier framing that identified the theta-odd escape sector with D5/A5 subalgebras purely because their exponent sets contain {1,4} -- a dimension coincidence corrected in-arc ('the closure landscape never contained them; they are not block-sums'). Good that it self-corrected, but shows the pattern the seat should watch for elsewhere.
B577_reconciliation	main	OTHER	This is a valuable, transparent self-audit (a non-recall / duplicate-discovery failure caught and process-guarded) rather than a defect in the mathematics; flagged here only because it documents that the campaign's own bookkeeping/discovery-tracking failed on a load-bearing result chain for weeks.
B578_debt_clearing	main	MISSING_WITNESS	None of D1/D2/D5/D6/D7/D8/D10's underlying reproducer scripts are among this packet's listed files (only the ledger/results prose and a hygiene D5 note); a stranger cannot rerun any of these ten cells from the files sampled here.
B578_debt_clearing	main	RETRACTION_NOT_PROPAGATED	D2's claimed-proof was retracted at synthesis (verifier overturn) yet the arc has no arc_verdict.json/FINDINGS.md of its own recording that overturn as the arc's headline -- it is buried inside LEDGER_RAW prose; a downstream reader skimming only a verdict file would miss it.
B578_debt_clearing	main	OTHER	Two of the ten 'debts' processed (D5, D9 in the ledger's own numbering) were literal placeholder text ('test') submitted by a sub-agent and rightly voided; this is a workflow-integrity issue (agents fabricating/placeholder-submitting work) worth the seat's attention even though it was caught.
B579_session_handoff	main	IDENTIFICATION_BY_TYPE	The routed HINT_LEDGER items (alpha_s(M_Z)=1/(2phi^3), sin^2(theta_13)=1/phi^8, Koide<->h(27)=2/3) are exactly the pattern the seat is told to watch for -- numerology matches with no derivation, explicitly acknowledged in-arc as failed/unearned and routed to a hint ledger rather than CLAIMS.md. Correctly handled here, but the underlying observable-sounding numbers exist in the repo's hint ledger regardless.
B580_chord_program	main	CLAIM_EXCEEDS_COMPUTATION	Q1's strongest sub-claim ('theta-odd = 0 exactly') is explicitly demoted in the transcript's own banking note to 'cited-pending-computation' -- the in-sandbox-proven fact is only unreachability, not vanishing -- yet earlier prose in the same transcript states the stronger claim before the demotion is applied.
B580_chord_program	main	GITIGNORED_WITNESS	No .txt/.json witness or reproducer script for Round 1's cells (Q1-Q4, G1, CTRL) is present in this packet; ROUND1_TRANSCRIPT is prose-only.
B581_six_torsions	main	OTHER	The sign law is banked as a finding despite the arc's own honesty note that its statistical weight is a single 1-in-64 pattern (~1.6%) and that it is 'likely provable' but not yet proved -- a reasonable but non-trivial epistemic leap from 6 data points to a stated 'law'.
B582_chiral_play	main	SUPERSEDED_UNMARKED	FINDINGS.md and arc_verdict.json for B582 make no mention that the closure step's supporting code was uncommitted at publication time and only certified the next day by a different arc (B598); a reader of B582's own files alone would not know the PROVED verdict briefly rested on formal argument rather than committed code.
B583_chiral_content	main	FITTED_VALUE	The original X2 cell fitted a 'torsion x transcendental phase' narrative onto a Vol/CS assembly with the physical roles of Vol and CS inverted (a dropped factor of i), producing a spurious oscillatory-phase headline later retracted; the corrected X2R keeps only the real, sign-lawful part.
B583_chiral_content	main	MISSING_WITNESS	arc_verdict.json bank X1 as part of a PROVED verdict even though READING_RAW.md's own text states X1's verification was still pending at time of writing and explicitly says the cell 'must not bank until it does'.
B587_weil_mechanism	main	NUMERIC_ONLY_NO_EXACT	The FINDINGS itself flags that the per-term Gauss-sum reciprocity is a 'numeric identity exact over 3 words x 17 kappa but... not yet a theorem at SU(3)' -- the mechanism is empirically verified over a finite sampled range, not proved in closed form.
B590_revival_remainders	main	MISSING_WITNESS	Before this arc's fix, the S031 m=3 'SEALED' verdict (from a prior arc, B571/B137 lineage) was printed with 0 escapes on both seeds purely because the underlying solver raised an exception on every input and the loop swallowed it before the field-membership test ever ran -- a textbook silently-vacuous computation (MB12 class) that persisted until this arc's audit.
B590_revival_remainders	main	OTHER	The degree-6-vs-degree-8 discrepancy for K3 (the bronze invariant trace field) is now flagged as unresolved in at least two places (B578-D6's own [NEW OPEN N4] and this arc's independent recomputation), i.e. a load-bearing number the repo currently states two different ways depending on which script computed it.
B592_mirror_listener	main	IDENTIFICATION_BY_TYPE	the braid word for 5_2 used in C4/C4-matrix is stated as 'standard' and cited rather than derived; the closure identity check via spherogram is optional and falls back silently to citation if the library is unavailable
B593_round4_hearing	main	LOG_DRIFT	PROGRESS_LOG.md 2026-07-15 explicitly demotes B593 (and B594) 'to controls pending the J-pairing re-proof' as part of the seat-4 audit gating the campaign, yet arc_verdict.json still reads verdict='PROVED' with superseded_by=null and FINDINGS.md/PREREGISTRATION.md carry no trace of this demotion or its resolution. Downstream arcs (B856, B860, B862, B871) continue to cite B593's coupling number as a load-bearing computed fact without addressing the demotion.
B593_round4_hearing	main	IDENTIFICATION_BY_TYPE	8_17 braid word is 'cited from tables' and gated only by a knot determinant (a single integer invariant), not a full identification; the reverse/flip equality argument (R4-B) leans on a cited-not-reproven anti-involution lemma, disclosed as a caveat in FINDINGS.md
B594_e6_hearing	main	LOG_DRIFT	Same seat-4-audit demotion as B593 ('B593/B594 demoted to controls pending the J-pairing re-proof') applies to B594; arc_verdict.json unchanged at PROVED with no cross-reference.
B594_e6_hearing	main	IMPORTED	H2's comparison target ('BANKED' sine-kernel amplitudes) is a hardcoded dict transcribed from B589 rather than loaded/recomputed from B589's own committed module in this script.
B596_cat_map	main	SUPERSEDED_UNMARKED	arc_verdict.json still reads verdict='NEGATIVE' / claim_one_line describing the failed naive law, with superseded_by=null, even though FINDINGS.md's own later ADDENDUM (2026-07-17) states the status upgraded 'DATA -> DERIVED' and the clock law was in fact found (as ord(A1 mod 3*kappa)). The verdict-of-record file was never updated to reflect the arc's own addendum.
B597_d1_dictionary	main	MISSING_WITNESS	the arc directory has zero .py files; T1/T2, the entire evidentiary basis for the 'outcome C excluded conditionally' verdict, are described only in prose as reads of other arcs' (B581/B584) banked numbers. A stranger cannot reproduce this arc from what is committed in frontier/B597_d1_dictionary/ alone.
B597_d1_dictionary	main	IDENTIFICATION_BY_TYPE	the whole conditional exclusion of outcome C rests on 'both planes carry canonical line-splittings' (non-degenerate labels on each side) — a dimension/label-non-degeneracy coincidence used to argue against a specific map existing, explicitly caveated by the arc itself as conditional on the map's existence and width-respect, i.e. not yet a constructed counterexample.
B598_l85_campaign	main	SUPERSEDED_UNMARKED	FINDINGS.md's P2 section header ('the arrow is quadratic') and the flow into 'P3 RESOLVED ... OUTCOME B' are written as if the quadratic-arrow framing stands, but PROGRESS_LOG.md records that framing (including 'B599 is the classical side of P3') as explicitly RETRACTED the same day. The retraction is recorded only in P1_ERRATUM.md's 'SECOND AMENDMENT' subsection, not propagated into FINDINGS.md's main text or arc_verdict.json.
B598_l85_campaign	main	IDENTIFICATION_BY_TYPE	The 1-loop constant identification picks the nearest of seven ad hoc constructed candidate closed forms (3^(-1/4), 2pi/3^(3/4), etc.) to the Richardson-extrapolated numeric constant; the match is decisive (8e-12 vs 24% for next-best) so the identification is well-supported, but the method itself (construct candidates, take nearest) is a fitting procedure worth flagging on principle.
B598_l85_campaign	main	OTHER	P3's V2 cell (level-independence at kappa=10) FAILED decisively (conjugate-pair criterion false; amplitudes -0.011+0.0036i vs +0.235+0.076i, not conjugates) and this is honestly reported as the 'recorded defect' driving OUTCOME B rather than OUTCOME A. This is a case of a real, disclosed negative result, not a red flag against the arc -- noted here because it materially limits the claim (the map is 'golden-special', not general).
B599_selection_rule	main	LOG_DRIFT	PROGRESS_LOG.md records, the same day B599-ALG was banked, that the framing 'B599 is the classical side of P3' was explicitly RETRACTED as part of the FRESHNESS ADDENDUM (D2). This arc's own FINDINGS.md and arc_verdict.json contain no trace of that retraction at all -- unlike B598 (which at least records it in P1_ERRATUM.md), B599's files as read here are entirely silent on the correction. A reader of this arc alone would not learn that its stated relationship to P3 was retracted.
B599_selection_rule	main	MISSING_WITNESS	The stage-face theorem's central empirical support (300 random Theta-homogeneous SU(3)_2 configurations, all odd-total pairings exactly zero) is stated in FINDINGS.md but no script or output file for that specific verification appears among this arc's committed files.
B599_selection_rule	main	NO_TEST	r4b_extraction.py, the script that produces the arc's headline exact witnesses, has zero asserts of its own (print-only); correctness enforcement lives entirely in a separately-committed test file, which is fine, but the delivered script itself is not failure-enforcing.
B600_level_ladder	main	GITIGNORED_WITNESS	packet/outputs/*.log files referenced repeatedly as the source of verbatim numbers (P4_TOWERS.log, P2_CERTIFY.log, P3_VERDICT.log, P3B_UNIDENTIFIED.log, P_PROOF_LOCK.log) are not in the packet's files list provided to this seat and are the *.log/*.out gitignored pattern; the digest could not verify their contents directly, only the summarized numbers in FINDINGS.md/README.
B601_pairing_law	main	NUMERIC_ONLY_NO_EXACT	The trace law is verified only to 1e-8 float precision across all 14 kappa points; no exact/symbolic (Fraction, sympy exact) certificate is given for the formula itself, despite the arc calling it 'THE TRACE LAW' and status PROVED.
B604_rosetta_blocks	main	IDENTIFICATION_BY_TYPE	The D5/16 labeling scheme and the 'gauge-matter mixing' physics reading are explicitly flagged in the arc's own text as chat-1's interpretation layered on top of pure subsystem/coset root-content math; the arc firewalls this but the labels (D5=gauge-like, 16=matter-like) still rest on a structural/type coincidence with Spin(10) GUT nomenclature, which is a licence to ask, not evidence of a physical identification.
B605_door2_involution	main	CLAIM_EXCEEDS_COMPUTATION	FINDINGS.md describes the phi(a)=A and phi(a)=B families as 'ORDER-4 elements, exactly matching D4's coset structure', but the committed script's own classify() function labels these same two cases 'OTHER' (unrecognized S matrix), never confirming an order-4 identification in its printed output.
B608_rosetta_gsm	main	IDENTIFICATION_BY_TYPE	The chain E6 ⊃ D5×U(1) ⊃ A4×U(1) ⊃ su(3)+su(2)+U(1)_Y is labeled using exactly the SM gauge-group names (su(3), su(2), U(1)_Y); this labeling is a licence to ask whether the object's structure matches the Standard Model, not evidence that it does, since the arc's own firewall statement concedes 'the gauge/matter reading stays firewalled as interpretation.'
B609_sealed_values	main	SUPERSEDED_UNMARKED	The B601 log_index entry for B611 states: 'B609's exploratory note conflated the listener's matrix element with the spectrum (superseded; sealed values untouched)' and REVIEW 19 confirms 'B609's exploratory unit-modulus note superseded by B611'. The files this seat read for B609 (FINDINGS.md, SEALED_VALUE_TABLE.md) still present the 'finite-order off golden ... law-candidate' exploratory claim without any visible correction/addendum pointing to B611 inside B609's own directory as sampled.
B610_m136_weld	main	SUPERSEDED_UNMARKED	FINDINGS.md still titles/labels the object 'm136' throughout the body text (with only a trailing naming-correction note appended) even though B621 established that census m136 is actually the RRLL bundle; the correction is present but the whole document is written under the superseded name.
B615_comparison	main	OTHER	Target measured values (PDG couplings/mixing angles/mass ratios) were typed in from the assistant's own knowledge rather than sourced from a committed/citable document; the arc discloses this itself but it is an IMPORTED-value gap that a stranger cannot independently check against a primary source inside the repo.
B619_a5_bridge	main	IDENTIFICATION_BY_TYPE	The arc itself is built to refute an identification-by-type claim (order 60 = |A5|) from a prior chat turn, and correctly does so by computing the actual group order (20) rather than accepting the numeric coincidence; flagged here because the underlying pattern (numeric coincidence -> group identity) recurs across the campaign and this arc is a good example of it being caught.
B621_kappa_gating	main	MISSING_WITNESS	FINDINGS.md quotes specific numeric bearing-sets for three bundle words and 'zero exceptions kappa=4..27' but no output.txt or equivalent committed run-log exists in the arc directory (only .py source files) -- unlike sibling arcs B610/B611/B612/B613/B615-B620 which all have a committed output.txt.
B622_silver_exterior	main	MISSING_WITNESS	No output.txt or run log is committed for the headline -16 computation, only the .py source; the tests/test_b622_silver_exterior.py lock file verifies only the algebraic identity (1-phi^6)(1-phi^-6)=-16 symbolically, not that compute_m136_torsion.py's pipeline (SnapPy identification, Fox calculus, holonomy solve) actually produces -16 when run.
B623_reciprocity_progress	main	MISSING_WITNESS	No output.txt for the claimed 96/96 and 12/12 exact-match counts; compounded by the fact that B625 (in the same directory tree, banked the same day) found and fixed a real bug in B623's own coset enumeration script, which spuriously failed valid terms -- raising the question of whether the 96/96 count reported here was computed with the same buggy code.
B623_reciprocity_progress	main	LOG_DRIFT	The PROGRESS_LOG entry for B623 does not mention that its own coset-enumeration code contained a bug later fixed by B625 the same day; the bug is disclosed in B625's FINDINGS but not retroactively flagged in B623's own FINDINGS.md (arc_verdict.json marks superseded_by: null even though B625's FINDINGS explicitly frames itself as correcting B623's mis-framing and fixing B623's bug).
B624_observable_bridge	main	MISSING_WITNESS	None of the 5 step_*.py scripts have a committed output.txt; the '0 exceptions at kappa=4..24' and '6/6' claims cannot be checked against a committed run record, only by re-executing the scripts.
B624_observable_bridge	main	LOG_DRIFT	PROGRESS_LOG describes B624 as CLOSED ('B618<->B621 reconciled') without repeating the FINDINGS' own caveat that the kappa=28..40 generality sweep was resource-killed and not claimed -- the log states the reconciliation more completely than the arc's own findings support.
B625_reciprocity_3k	main	MISSING_WITNESS	No committed run output for the 48/48 in / 0/96 out claim, only step4_diagnosis.py source.
B626_jacobian_reality	main	MISSING_WITNESS	Of 8 claimed J-values (RL=5, RRLL=18, RLRL=9/23, RRRLLL=-5, plus 3 complex chiral values), only RLRL has any committed output (out_RLRL.txt), and that file itself shows 2 of 8 branch-solves failing ('J=None'). The other 7 headline numbers quoted in FINDINGS.md have no committed run witness at all, only the multiple solver scripts.
B627_silver_heldout	main	GITIGNORED_WITNESS	cellF_full_result.md explicitly states the pipeline's actual run logs (m136_six_run.log, fig8 calibration logs) and driving scripts live only in a scratchpad path outside the repo, never committed; the arc directory as it stands has FINDINGS-style prose (SEALED_SILVER_TORSIONS.md, cellF_full_result.md) reporting exact numeric results for m=1,4,5,11 with no committed machine-readable witness for those four exponents (only m=7 and m=8 have committed .txt lines, and those are the UNIDENTIFIED complex values, not the clean integer ones a reader would most want to check).
B627_silver_heldout	main	MISSING_WITNESS	has_findings/has_verdict are both false for this arc (no FINDINGS.md, no arc_verdict.json) yet the campaign's progress log and sibling arc B628 treat B627's values as sealed and banked facts used in a downstream SM comparison — a genuinely load-bearing numeric input (the silver torsion family used by B628's XG3/XG4 grids) rests on markdown prose plus 2 partial .txt lines and 2 binary pickles, not on a reproducible committed script+log pair.
B628_exterior_comparison	main	OTHER	The comparison itself is well-run and honestly reported (null-compatible outcome accepted rather than searched-around), but it inherits B627's unwitnessed torsion values (TAU dict hardcoded, not recomputed) -- a downstream OBSERVABLE arc built on a load-bearing upstream number with no reproducible source.
B629_interaction_values	main	OTHER	The composite inventory (§3) and RGE targets (§4) are explicitly frozen as NOT-FOR-COMPARISON with no observable claimed here; this is disciplined but means this arc's SM-relevant content is entirely deferred/withheld pending future preregistrations that may never come.
B631_matrix_comparison	main	OTHER	The addendum discloses that the MB13 retro-sweep (a required guard checking for prior related comparisons) was SKIPPED at initial sealing and only run retroactively after the owner flagged it — the design (B630) was sealed without this check even though the house standard required it before any prereg.
B632_cubic_route	main	SUPERSEDED_UNMARKED	arc_verdict.json's claim_one_line still reads 'a graded three-slot cohomological generation structure ... plus a canonical invariant vev' — but REPAIR_ADJUDICATION.md (in the same arc, same day) explicitly retracted this exact language: v0 relabeled from 'forced vev' to 'invariant-section generator' ('nothing selects it dynamically'), and the three H1 summands relabeled from 'generation slots'/'generation structure' to 'three inequivalent local-system modes' ('three copies of one representation is exactly what this is NOT — the physics-type check is open, not implied'). The verdict file was never updated to match the correction.
B632_cubic_route	main	RETRACTION_NOT_PROPAGATED	FINDINGS.md's own cell-2 section header still says 'THE VEV COUPLES TO ALL THREE SLOTS' and 'the forced vev' language predates the CORRECTIONS section appended below it; a reader stopping at the cell-2 section (before the CORRECTIONS block) gets the superseded framing.
B632_cubic_route	main	OTHER	The first cell-2 run (FAILED_RUN_2.txt) silently overwrote a transcript that had recorded gate FAILUREs before repair — an audit-flagged hygiene defect (transcripts should never be overwritten); the corrected code's hash was also appended post-hoc rather than before the corrected run, violating the arc's own hash-before-rerun standard.
B633_b615r_integration	main	OTHER	The remaining near-miss (sin^2 theta_12 vs 1/(2phi), 0.03 sigma) is explicitly and honestly priced as not evidential because the same +/-1 sigma window also contains four other candidate fractions from the program's own inventory (4/13, 8/25, 3/10, 225/692) — a good example of the arc correctly discounting a coincidence rather than banking it.
B634_conductor_chord	main	SUPERSEDED_UNMARKED	The prereg's central claim ('THE MIRROR IS THE SECOND AXIOM ... the mirror-twist's torsion conductor selects the stage: kappa=5 forced') is corrected by ERRATUM_1 in the same arc directory to a weaker claim (5 divides kappa is a gate; kappa=5 is a choice, not a forced equality) — but because there is no FINDINGS.md/arc_verdict.json for this arc, the uncorrected framing is what appears in the progress-log entry that opened the arc (PROGRESS_LOG.md 2026-07-15), and a reader of the log alone would carry the stronger, since-retracted claim.
B634_conductor_chord	main	CLAIM_EXCEEDS_COMPUTATION	G4's premise ('the closed manifold restores permutation symmetry [for the Yukawa]') was asserted in the prereg as an expected outcome but is mathematically false by graded commutativity (Koszul sign rule) on any closed oriented 3-manifold — caught before any G2-G5 computation ran, per ERRATUM_1 point 3.
B635_audit_integration	main	MISSING_WITNESS	This arc's directory (frontier/B635_audit_integration/) contains only FINDINGS.md and arc_verdict.json — no script, no output file, no test — for an arc whose central claim is 'every load-bearing claim was verified in-sandbox before banking.' The verification witnesses that do exist (verify_cell2_exhaustive.py) live under B632, not here, and no test file (tests/test_b635*.py) exists at all.
B635_audit_integration	main	NO_TEST	No committed test file references B635 (searched tests/ for b635; none found), unlike sibling arcs in this batch (B629, B631, B632, B633 all have dedicated or shared test files).
B637_corrected_cell3	main	SUPERSEDED_UNMARKED	FINDINGS.md's 'Cross-adjudication' section (dated 2026-07-15) still presents cc2's h1=3 D_conjtheta claim as a confirmed 'fifth manifold' without any in-file correction note, even though the progress log for 2026-07-16 records cc2 explicitly WITHDRAWING that h1=3 value (assumed lambda-sign, superseded by B637 part2a). A reader of FINDINGS.md alone would not learn the value was withdrawn; the withdrawal is recorded only in the log and in B639's FINDINGS ('cc2's withdrawal of their h¹ = 3 ... stands').
B637_corrected_cell3	main	OTHER	Individual 3-form component magnitudes are stated to depend on basis-representative normalization (declared caveat); only the zero pattern, cross-bend identities, and nonvanishing are claimed invariant — appropriately caveated, not a flaw, but worth flagging as a limit on what the raw numbers mean.
B638_swap_decomposition	main	RETRACTION_NOT_PROPAGATED	closure_output.txt (a committed witness file) prints 'THE LAW OF THE CHORD'S CORE: PROVED from the swap data' directly above the correctly-computed 'direction 2 (the law forces the pair): False' line — i.e. the script's own final summary print contradicts its own gate result and was never fixed even though FINDINGS.md flags this exact sentence as overstated.
B640_hearing_group	main	NUMERIC_ONLY_NO_EXACT	The core group-theoretic and trace claims (order 360, SL(2,5) class equation, tr rho(RL)=-1/phi) are established via 60-80 digit floating-point (mpmath) agreement with residuals quoted around 1e-60/1e-61, not exact symbolic/rational arithmetic as in B637/B638 -- strong numerical evidence but not an exact proof witness.
B640_hearing_group	main	LOG_DRIFT	FINDINGS.md itself documents that the handoff being verified (chat-2's original tone-law claim of '16 tones / 90 silences') was wrong (232/360 failures against the strict law), so the arc corrects an upstream claim in-place -- flagged here as a note, not against this arc, but worth tracking since chat-2's original number appears elsewhere in the log trail as if banked.
B641_twistframe_law	main	NUMERIC_ONLY_NO_EXACT	The headline tone-law and census claims rest on 60-digit floating-point agreement (max deviation 2.14e-60) rather than exact symbolic proof, though the Plancherel piece is exact via class-equation arithmetic.
B642_galois_ear	main	NO_TEST	b642_galois.py itself contains zero assert statements (grep -c returned 0); correctness relies entirely on eyeballing printed pass/fail lines in b642_output.txt rather than the script enforcing its own gates.
B643_flip_symmetry	main	OTHER	ARTIFACT_HASHES.txt labels 5 of 6 script hashes as recorded POST-HOC rather than sealed before running (only PREREGISTRATION.md itself was hash-sealed first) -- transparently disclosed per the arc's own house rule, not concealed, but means the code witnesses are not pre-committed against tampering.
B644_mckay_comparison	main	OTHER	The arc discloses and corrects a self-caught sealing error: the prereg's own two reference character tables were internally inconsistent (violated chi(-g)=-chi(g)), meaning the sealed M3 falsifier as originally written could never have passed for any genuine irrep -- a vacuity-class bug (MB12) caught post-run rather than pre-run, though transparently reported.
B645_dial_law	main	OTHER	Arc is explicitly exploratory with no preregistration (self-disclosed), yet the arc_verdict.json status is 'PROVED'. The disclosure is honest and the underlying identities are exact/reproducible, but 'PROVED' for an exploratory, non-preregistered arc is worth the reader's attention rather than being purely a non-issue.
B645_dial_law	main	OTHER	The mechanism behind the 13-divisibility ('the 13-dial mechanism') is explicitly still unresolved per the project's own review log, well after this arc closed ('STUCK LONGEST ... the 13-dial mechanism (since B645)', REVIEW 21). The exact numeric law is computed and locked, but its explanation is open — the arc itself flags this ('mechanism open') so this is consistent disclosure, not concealment.
B645_dial_law	main	OTHER	HINT rows in FINDINGS.md ('the 3^8 in inv2's normal form (8 = the Sym^8 block's highest weight?); 13 = (27-1)/2; the deviation units {1, zeta3, sqrt(-3)} are associates-shaped') are explicitly labeled 'recorded, not judged' — i.e. unverified numerological pattern-spotting flagged honestly by the arc's own authors as speculative.
B646_wave2_integration	main	GITIGNORED_WITNESS	q3_lemmas.py (the Q3 L2/L3 lemma verification: sector-sum decomposition and the 300/300 uniform jump law), q2_mechanism.py (the Q2 SU(3)_2/E6-k=2 character-blindness mechanism), and n2_su3_13_measure.py (the flagship SU(3)_13 prediction-first hit, clock=12) all print their results to stdout only, with no JSON/data dump. Their execution transcripts (q3_lemmas.log, q2_mechanism.log, n2_su3_13.log) are hashed in ORIGINALS_MANIFEST.txt as received but match the repo-wide *.log gitignore rule and are confirmed absent from the checked-out arc directory (`find ... -name '*.log' -o -name '*.out'` returns nothing). The claimed numeric outputs of these three scripts are therefore not independently checkable against any committed artifact -- only against the prose recap in FINDINGS_CC2.md/ADDENDUM_N2.md/PROOF_SKETCH.md.
B646_wave2_integration	main	FITTED_VALUE	N2's amended (stage-split) clock law was constructed after observing which 7 of 19 rungs the verbatim H-R2 rule missed (12/19), i.e. the k=1/k=2 anomaly clauses are a post-hoc pattern extraction from the failure set, then declared to score 15/15 on the remainder. This is disclosed candidly ('CORRECTION LOGGED', the addendum is explicitly sealed before the one true test) rather than hidden, and the one genuine out-of-sample test (SU(3)_13) hit prediction-first -- but the law-fitting-to-failures structure itself is a standard overfitting risk that a single confirmed rung does not fully retire.
B646_wave2_integration	main	SELF_REFERENTIAL_LOCK	Nearly every number-theoretic 'law' in this arc (clock law, splitting law, generic-rung law, jump law) is validated only against the same closed object (the E6 Z-ladder / A_n level algebras built from a single golden matrix A1) via the object's own committed engine scripts. There is no external dataset or independent physical system against which these laws are checked; internal cross-pipeline agreement (e.g. Jeffrey vs B600 engine) is the closest thing to independence achieved, and this is disclosed as such ('the heavy enumerations rest on the sending seat's sealed two-pipeline identity').
B646_wave2_integration	main	OTHER	level7_run.py's own docstring is a stale copy-paste header ('Level-5 (kappa=17) run') from an earlier level's template script, though the code correctly builds Level(7) matching PREREG_L7.md's kappa=19 and the committed readouts. Not a computational error, but a documentation-hygiene defect that could mislead a future reader auditing this exact file.
B646_wave2_integration	main	CLAIM_EXCEEDS_COMPUTATION	The arc's absence-sweep on B480 and B544 shows those two ARCS' original headline claims (level-ratio <r>=0.16 at N=181,301; Sturmian 610/610; itinerary 99.95%) rest on no committed reproducer anywhere in the repo, and this arc's own from-scratch reimplementations either fail a basic consistency check (B480's quantization is not a faithful SL(2,Z/N) representation) or land 4-5 orders of magnitude off the claimed constant (B544's Omega* differs from the quoted figure from the 6th significant digit). This is a finding ABOUT other arcs (B480, B544), surfaced honestly here rather than about B646 itself, but it means those two original claims stand un-reproduced as of this integration.
B647_core_mechanism	main	CLAIM_EXCEEDS_COMPUTATION	arc_verdict.json's claim_one_line asserts the core ratio Y[023]=24*zeta6*Y[123] IS forced by Y-compose-sigma*=conj(Y); FINDINGS.md's cell 1 (the same computation) states plainly 'the core ratio is NOT forced — its residual is ONE R-linear condition among the six frees', and the arc's own final resolution (cell 3) declares the ratio a GAUGE artifact with no mechanism needed. The verdict.json was apparently never updated after cell 2/cell 3 superseded cell 1's framing, and its literal wording contradicts the arc's own primary source file.
B647_core_mechanism	main	SUPERSEDED_UNMARKED	the verdict record (arc_verdict.json) still carries the cell-1-only framing ('the ratio is forced') even though the arc's own FINDINGS.md later (cell 3) dissolves that framing entirely (the ratio is gauge, not forced or an object law); the verdict json's 'superseded_by: null' gives no indication it is stale relative to the arc's later cells.
B648_calibration_campaign	main	OTHER	the arc has no FINDINGS.md or arc_verdict.json, so 'claim_of_record' cannot be checked against a computed result inside this arc's own directory; the actual outcome (N=1, C' branch, Outcome A at LOW weight) lives entirely in a different, un-sampled arc (B653) referenced only by the progress log — a reader confined to this arc's files cannot verify whether the campaign's later stages actually honored this prereg's many blocking gates (arity condition, grammar-independence gate, sector-coverage gate, silver-control package).
B649_silver_holonomy	main	NUMERIC_ONLY_NO_EXACT	stage 1's trace-field identification (S1-G2) is only a 'PARTIAL-EXACT PASS' at ~64-digit numerical precision with stated residual thresholds (later found understated per ERRATA #2, corrected 4.69e-62); the fully exact/symbolic identification only lands in stage 2a. This is disclosed and resolved within the same arc, not left hanging, but the initial claim (S1-G4) was honestly DEFERRED rather than asserted exact.
B650_typed_functor	main	IDENTIFICATION_BY_TYPE	the wave-2 'positive identification' (the functor exists 'one level up' as group-functorial, composed with B644's congruence-shadow theorem) is asserted by analogy/reasoning after the negative linear result, not itself computed as a functor-verification in this arc's files; it imports B644's theorem wholesale as the answer without an independent check inside B650.
B651_wave3_integration	main	GITIGNORED_WITNESS	Every run.log referenced by name and sha256 in ORIGINALS_MANIFEST.txt and SEALS.txt (d2_run.log, d3i_run.log, d3ii_run.log, d4_run.log, d5_run.log, p0_run.log, p1_run.log, p4_run.log, f1_run.log, f2_run.log, f3_run.log, f4_run.log, stage2_run.log, stage2b_run.log, stage3_numeric_run.log, stage3_solo_exact_run.log, stage3a_verbatim_rerun.log, stage3b_verbatim_rerun.log) is ABSENT from the committed tree entirely (find . -name '*.log' inside the arc directory returns zero files) -- confirmed *.log is gitignored repo-wide. The narrative/gate-by-gate evidence for every cell exists only as claimed hashes in manifests, not as reproducible committed text; a stranger cannot check the manifest's own sha256 claims against anything.
B651_wave3_integration	main	NUMERIC_ONLY_NO_EXACT	D2's melody-theorem FINDINGS claims deviations 'EXACTLY 0.0 (not approximate)' for the 6 sealed periodicity pairs, but the committed d2_results.json shows the actual paired differences are on the order of 1e-15 to 5e-15 (complex float arithmetic, not literal zero or exact rational/symbolic equality) -- an overclaim of exactness for what is a very-high-precision numeric coincidence check, not a proof.
B651_wave3_integration	main	RETRACTION_NOT_PROPAGATED	P0's own verification of B649 stage 1 discovers that B649's SEALED output.txt contains a literally false witness identity ('the ratio of the two exact traces gives i' — actually equals 1+i) and a stale/false method claim ('mpmath.pslq minimal polynomials at two precisions' when no pslq call exists in the script). The correction is filed here (in B651) rather than in the original sealed B649 artifact, and F4 documents a SECOND, structurally identical recurrence in B649 stage 2a ('det(g) is a nontrivial element... PROJECTIVE-EXACT' contradicted by its own printed det=1 output) -- a repeating pattern of stale/false prose surviving inside sealed, hash-locked artifacts across at least two stages of the same source arc (B649), with no house-practice fix adopted per this arc's own text ('not fixed as house practice').
B651_wave3_integration	main	MISSING_WITNESS	F2's PSL-factoring theorem (central-element form) is stated in PSL_THEOREM.md with a specific tally ('19 factor-rows, 7 realized, zero violations') but no code, results JSON, or committed log for f2 exists anywhere in the sampled files or the arc tree -- only the prose theorem statement and its hash in SEALS.txt. The claim is not independently reproducible from what is committed in this batch.
B651_wave3_integration	main	IDENTIFICATION_BY_TYPE	P3's PSL-factoring statement rests partly on 'the banked eigenvalue fingerprint {1, i, -i} (trace +1 on the PSL(2,7) order-4 class)' as the basis for identifying a local constituent with a specific PSL(2,7) irrep -- an identification made by matching an eigenvalue/trace signature (a type/spectrum coincidence) rather than an explicit isomorphism, for the one 'mechanized' instance the rest of the theorem generalizes from.
B651_wave3_integration	main	OTHER	D5/F3's exact linear-algebra pattern-solve depends on rehydrating stage1_classes.pkl (a pickle file external to this arc, produced by B575 machinery executed via exec() of another file's source with a string-index cut) -- this arc's own committed scripts do not include or re-derive that pickle's contents; its correctness is inherited, not re-verified here.
B651_wave3_integration	main	OTHER	f4_receipt's stage3_numeric_results.json shows enormous 'residuals' for two relator checks (2.3e22 and 3.0e11, and elsewhere 5.1e54/9.3e52) inside a JSON explicitly framed as part of the VERIFIED verdict roll-up; FINDINGS labels this cross-check 'stage3_numeric_crosscheck_partial' but does not explain in the sampled text why these residuals are enormous (versus the exact-route's clean match) or whether they represent an unnormalized/raw quantity — the discrepancy between 'ALL VERIFIED' and multi-order-of-magnitude 'residual' numbers sitting in the same JSON was not reconciled in the material read.
B652_gate_b	main	MISSING_WITNESS	The arc has no arc_verdict.json and no FINDINGS.md (per packet metadata has_findings=false, has_verdict=false), unusual among its siblings in this batch; the verdict lives only in GATE_B_VERDICT.md prose, and every claim depends on upstream arcs not included in this read.
B653_phase_c_probe	main	RETRACTION_NOT_PROPAGATED	ADJUDICATION.md's headline verdict block ('OUTCOME A — CONSISTENCY', 'the tone survives its first contact') stands unedited in the same file as the later addendum that reclassifies the comparison as VOID-AS-HELD-OUT-CONFIRMATION; the two documents coexist rather than the primary being amended, so a reader who stops at ADJUDICATION.md's checklist would miss the addendum's correction unless they also read ADJUDICATION_ADDENDUM.md.
B653_phase_c_probe	main	CLAIM_EXCEEDS_COMPUTATION	The design's own printed false-positive rate (5-6%) for the 'confirmation' was computed against a projected precision (sigma=0.0015) that never materialized; the actual achieved precision (sigma=0.0087) yields ~32% FP, an order-of-magnitude weaker evidential claim than what was pre-registered as the headline number, and the ORIGINAL prereg's 5-6% figure is what the campaign's closing 'OUTCOME A' language rode on before the honesty-discount paragraph appeared.
B653_phase_c_probe	main	MISSING_WITNESS	PREDICTION.md refers to 'this packet, derivation/derive.py' and 'derivation/derive.py, derive_run.log, derive_out.json' as an independent computational anchor, but no derivation/ subdirectory appears among this arc's committed files per the packet manifest read here.
B654_listening_synthesis	main	MISSING_WITNESS	Three of the four sealed questions (Q-FIELD, Q-PERIOD, and the whole resonance battery) present only output .txt files in this arc with no corresponding generating script committed here, unlike Q-AREA which has both script and output; a stranger cannot independently rerun Q-FIELD/Q-PERIOD/resonance-battery from this arc's committed files alone.
B654_listening_synthesis	main	NUMERIC_ONLY_NO_EXACT	The Q-FIELD silver-shape values are printed to 30-38 decimal digits (e.g. '0.5000000000000000000000000000') alongside an 'exact' claim (1/2+i/2 etc.); this is high-precision numerical agreement standing in for an exact symbolic derivation in the same output block, though the exact forms are also stated.
B655_beta_adjudication	main	IDENTIFICATION_BY_TYPE	The adjudicated claim itself is a textbook case of numerology-by-type-coincidence (matching small SM beta-function integers to framework integers by size alone); this arc correctly diagnoses and kills it, which is itself worth noting as a positive discipline example rather than a flaw of this arc.
B656_digest_integration	main	MISSING_WITNESS	g1_sign.py and g3_mirror.py (the original cc2 packet scripts) contain hardcoded external path references ('<seat-workdir>/next_queue/n1_counting', '<seat-workdir>/digest_queue/g3_mirror', '<seat-workdir>/promotion_queue/p4_sectors/p4_results.json') that are not resolvable from this repo's committed tree as-is; a stranger cannot run these scripts without first locating dependencies and manually rewriting the paths.
B656_digest_integration	main	GITIGNORED_WITNESS	ORIGINALS_MANIFEST.txt notes the run logs were 'renamed *.log -> *_log.txt (the repo ignores *.log)', confirming that .log witnesses are excluded from git tracking by default and had to be renamed to survive commit — consistent with the seat's gitignore rule for *.log/*.out.
B656_digest_integration	main	OTHER	Three of five digest cells (G2, G3, G5) are banked as 'ACCEPTED'/'ACCEPTED AS REDUCTION' on an imported packet's say-so without an independent main-seat recompute in this arc, in contrast to G1 and G4 which received one; the FINDINGS.md text does not flag this asymmetry explicitly, presenting all five with similarly confident verb choices (CONFIRMED, ACCEPTED, BANKED).
B657_invariant_line	main	IDENTIFICATION_BY_TYPE	The refuted claim itself (an external/incoming seat's identification of the h0 invariant line with 'the Spin(10) gauge singlet = a dark matter candidate') is a textbook type-coincidence (same dimension, same 27-representation) that this arc correctly kills by exact computation (v0's coefficient at the singlet weight is exactly zero); worth flagging as the pattern this seat exists to catch, and it succeeds.
B657_invariant_line	main	MISSING_WITNESS	W1's full pipeline (v0 construction through cohomology extraction to the portal matrix) cannot be rerun from this repo's committed files because it depends on a seat-local pickle cache (stage1_classes.pkl) that is not committed; only the already-sealed matrix's downstream linear algebra is independently checked.
B657_invariant_line	main	OTHER	The silver control's fine block structure (upper-triangular vs golden's block-diagonal) is flagged as an open FORM-MISMATCH with an honest caveat that it 'may be basis choice rather than geometry' — appropriately not banked as a law, and correctly excluded from the arc_verdict's claim_one_line, which only claims the isomorphism property (verified on 2 objects) not the sector-respecting property (only verified on 1).
B658_order4_flips	main	OTHER	The observation that all four broken symmetry families retreat to the same invariant line v0 (the object of B657's portal law) is explicitly flagged by the arc itself as 'registered as a HINT, not banked as a law' — appropriately conservative, not overclaimed.
B659_novelty_dossier	main	MISSING_WITNESS	12 search agents + 6 adjudicators, 338 tool uses, produced only prose summaries; no committed transcript, query log, or fetch record exists for a stranger to check what was actually searched and when.
B659_novelty_dossier	main	OTHER	C12 (the 1/(2phi) solar-angle lit-gate) is explicitly labeled 'NOT a promotion candidate — a language gate' yet its 'gate appears OPEN' framing functions rhetorically like a novelty claim for a numerology-adjacent match to JUNO data; the dossier itself flags this tension but downstream arcs (B660 S1) cite it as corroborating evidence.
B660_structure_campaign	main	SUPERSEDED_UNMARKED	The progress log (B662, same day 2026-07-17) records that S4's 'solo block exactly zero' finding was BASIS-LOCAL, not an invariant statement -- yet B660's own FINDINGS.md and arc_verdict.json (this arc's claim of record) still state 'the ENTIRE solo-triple {2,3,4} block is the ZERO MATRIX' as an unqualified banked fact with no correction note in the arc's own files.
B660_structure_campaign	main	IDENTIFICATION_BY_TYPE	The correspondence table treats 'phi appearing in the S-transform of R=-I irreps' in both the framework and the Gamma5' literature as 'SAME LOCUS' evidence for the correspondence, when both are independently well-known appearances of phi in A5/SL(2,5) representation theory (a common source, not evidence of a novel match) -- a dimension/value coincidence used to license the correspondence claim.
B660_structure_campaign	main	MISSING_WITNESS	S3's 'THEOREM-BY-ASSEMBLY' status rests entirely on citing four external banked rows (R5/TYPES.md, GATE B, B652, B650) with no code, no computation, and no artifact in this arc; the arc itself is silent as to whether those external claims were re-checked here.
B660_structure_campaign	main	GITIGNORED_WITNESS	Not applicable as filed -- run logs were deliberately renamed *.log -> *_log.txt per ORIGINALS_MANIFEST.txt's disclosed patches specifically so they would not be gitignored; flagging the near-miss since the raw *.log names ARE gitignored repo-wide and the packet took explicit action to avoid that trap.
B661_wave1_adjudication	main	MISSING_WITNESS	The arc's central numeric claims (moduli 0.303531/0.491123 to 6 digits, R^2L eigenvalue 2+sqrt(3), the four-word comparison) are stated only in prose across FINDINGS.md and WAVE1_ADJUDICATION_CC2.md; no script, JSON output, or run log is present in this arc's own directory or packet for a stranger to rerun.
B661_wave1_adjudication	main	IDENTIFICATION_BY_TYPE	chat1's original 'portal ratio is phi' claim (DARK_SECTOR_WAVE1_HANDOFF.md, read in the sibling B660 packet) was itself flagged by chat1 as possibly representation-forced rather than knot-specific; this arc confirms it IS representation-forced (a generic SU(3)_2 S-matrix property, not a discovery about the specific knot) -- a caution against over-reading a numeric coincidence (ratio = phi) as physically significant when it is a standard CFT quantum-dimension identity.
B662_successor_campaign	main	MISSING_WITNESS	Cell C's cross-check against the B660/S4 evaluator cannot be re-run from committed files -- it depends on a seat-local pickle (cell3_double/stage1_classes.pkl) not in the repo; the FINDINGS text is honest about this, but a stranger cannot independently rerun that half of the comparison.
B662_successor_campaign	main	IDENTIFICATION_BY_TYPE	Cell I's headline identification (the ear's hearing representation IS the Gamma5'-doublet 2-hat') rests on exact character-table equality on the same abstract group SL(2,F5) that both sides happen to reduce to -- a strong invariant, but the deeper physical claim (that this identifies a real flavor-symmetry functor) is explicitly NOT yet established (the modular-form assignment leg, L108); the arc itself correctly downgrades the upgrade to 'candidate functor' rather than 'functor', so this is a self-flagged rather than silent instance, but it is still fundamentally a match-of-representation-labels on a common finite group, not a derivation of a physical mechanism connecting the two domains.
B662_successor_campaign	main	OTHER	Cell I's literature inputs (Yao-Liu-Ding Table 10/11, Eqs 2,4,5,12-14) are transcribed from an external paper and cannot be checked against a committed source file; the arc cross-checks its own transcription against a second literature table (self-consistency) but this does not rule out a shared transcription error, and the weight-1/5 span theorem underlying Task 2 is cited SECOND-HAND (via YLD's own citation of Ibukiyama, not independently accessed) -- an IMPORTED fact one link removed from the primary source.
B662_successor_campaign	main	OTHER	Cell F's strong interpretive claim that 'the delta_PMNS chain terminates -- no prediction exists' is a summary conclusion about the framework's broader physics program, not itself a computed quantity; the arc's own residual note ('any forced CP-like fact must live where the acting group is smaller') shows the negative claim covers only the bare 3-form level, so the flat 'terminates' phrasing in the synthesis document slightly overstates the narrower computed result (single-GL(5,K)-orbit / explicit descent datum for Y).
B663_bifocal_anatomy	main	OTHER	FINDINGS.md's claim that 'D^2 is NOT a square in Q(sqrt5)' was 'verified symbolically here' but no script/log realizing that specific symbolic check is committed in this arc — an assertion dressed as a computation.
B663_bifocal_anatomy	main	OTHER	The delta_PMNS physics chain (the arc's one nominally 'genuine opening' toward an observable) is explicitly gated behind an owner decision and a not-yet-run K-rationality decider (L104) — it is a possibility, not a result, though the FINDINGS text frames it with some rhetorical weight ('THE ONE GENUINE OPENING').
B664_metallic_landscape	main	SELF_REFERENTIAL_LOCK	chat1's original handoff (archived verbatim in this arc) frames the golden-word/golden-stage relationship as a self-selecting fixed point ('the object selects the stage that selects it... this is not circular... a fixed point that proves itself by being consistent'). FINDINGS.md explicitly disciplines this as 'FIREWALLED (a reading, not a theorem)' and does not adopt it, but the rhetorical structure is preserved verbatim in the committed handoff file and could be mistaken for an established result by a later reader who skips FINDINGS' correction.
B665_landscape_reconciliation	main	IDENTIFICATION_BY_TYPE	The general shadow-class law's derivation is credited to 'B644's shadow functor + B654's identification, explicit' but this arc itself contains no computation of the general functor claim — only specific witness spot-checks of consequences of it. The law is asserted as an identity (tone == hearing modulus/2) built by composing two other arcs' results; whether that composition is watertight was not independently checked in this pass.
B666_leads_campaign	main	OTHER	No FINDINGS.md or arc_verdict.json exists at the arc's top level (packet flags has_findings=false, has_verdict=false); the closest artifacts are three per-wave FINDINGS files plus a CAMPAIGN_SYNTHESIS.md, none of which carry a single canonical 'claim_one_line + status' the way other arcs' verdict files do. This makes 'claim of record' for the whole campaign a synthesis of multiple documents rather than one citable verdict.
B666_leads_campaign	main	IDENTIFICATION_BY_TYPE	The metallic-McKay descent narrative (golden/2I/E8, silver/2O quotient/E7, bronze/2T/E6) turns on matching each word's numeric conductor (5, 8, 3) to a specific finite subgroup via 'SL(2)-realizability' -- a structural criterion, but one whose selection (why THESE three exceptional groups, why these three conductors count as 'the' metallic family) was not independently re-derived by me; I could not verify from the files I opened whether the correspondence is forced by the arithmetic or curve-fit to the three cases in hand.
B666_leads_campaign	main	OTHER	Terminology collision flagged by a LATER arc, not by B666 itself: 'conductor' is used for two different quantities (the cusp order's conductor, values 4/2 in B675, vs the shadow modulus, values 5/8 in B666) across B666/B675/B997 with 'none of the three citing the other[s]' per the log. B666's own files (not reopened here) apparently never disambiguate this within the campaign.
B666_leads_campaign	main	NO_TEST	The wave ledger deltas mention dedicated lock files (tests/test_b666_wave1.py, tests/test_b666_wave2.py) but I did not verify these exist or pass in this pass -- flagged as an open question rather than a confirmed absence.
B667_computation_campaign_adjudication	main	OTHER	Arc has neither FINDINGS.md nor arc_verdict.json; the adjudication's claims (a scoreboard judging ~25 items) are load-bearing for the campaign's subsequent addenda (B666 wave 2/3) but rest entirely on unaudited cross-references to prior arcs rather than anything computed or verified within this arc.
B668_triage_reconciliation	main	MISSING_WITNESS	"The load-bearing negative result (no S₂ extractable) depends on a periodicity constant (P=175560) and ""melody theorem"" from B662/cellG which are not present as files in this arc — only cited by name."
B669_track_h_adjudication	main	OTHER	SnapPy-derived amphichirality result (|Isom(m136)|=8) shows a macOS/pyenv path in the committed output (/Users/dri/.pyenv/versions/3.12.1/...), suggesting the witness was generated on a developer's local machine rather than in a reproducible repo-native environment; SnapPy itself is an external, non-vendored dependency.
B670_anatomy_full	main	SUPERSEDED_UNMARKED	FRONTIER.md, STATUS.md, ATLAS.md and VERDICT_LEDGER.md (the 'living memory' files) all still narrate C1's original synthesis-2 language ('the fifth level speaks'; 'THE ZERO LAW BREAKS UPSTAIRS') without repeating D1's correction (slot-wise, not global, blindness) inline — the correction lives only in c1_vecmassey/FINDINGS_CC2.md's appended note and d1_pairing/FINDINGS_CC2.md. A reader of ATLAS.md alone (ORGAN 8) would not learn the overstatement was retracted.
B670_anatomy_full	main	NUMERIC_ONLY_NO_EXACT	B4's full 16x12 cross-landscape matrix (b4_matrix.json) is computed in mpmath at dps=40, not exact symbolic arithmetic (unlike every other cell in this arc, which is Fraction-pair exact over Q(sqrt(-3)) or Q(sqrt(-1),s)). Only a handful of gated entries are checked to exact algebraic targets; most of the 192 cells are reported as bare floats/near-integer values.
B670_anatomy_full	main	IDENTIFICATION_BY_TYPE	The 'metallic-universal frame' claim (golden and silver holonomies fix the SAME sharp-fixed invertible v0) rests on exactly two data points, both built from the same shared rational Cartan-cubic tensor apparatus (as FINDINGS_CC2.md itself notes) — the identity of values (not just form) across golden/silver is honestly flagged by the authors as traceable to shared machinery, but the 'universal' framing in ATLAS.md/downstream still reads as though it were an independent structural coincidence across two unrelated objects.
B670_anatomy_full	main	OTHER	The arc's own SEALS.txt records only 17/22 hash matches on receipt; the manifest discloses three (FRONTIER.md's living-document status, c3's corrected-file swap, c1's in-place correction) but explicitly leaves two prereg-file mismatches (loop2/PREREG_L2.md, loop4/PREREG_L4.md) UNRESOLVED and 'flagged back to cc2' rather than explained in this packet — the rule that sealed preregs should never change post-seal is stated as violated, with no resolution recorded in the committed files read here.
B671_eigenvalue_extraction	main	CLAIM_EXCEEDS_COMPUTATION	FINDINGS.md states the exact numeric coefficient of the generation sum rule '(7983360/13)*omega' as a headline result of this arc, but this arc's own committed extract_output.txt never prints that number (only d1's key list and an 800-char-truncated dump); the actual value traces to an external, not-committed-here d1_results.json read via an env-var-overridable path.
B672_grading_hunt	main	IDENTIFICATION_BY_TYPE	The H-CUSP principle (that hearing must quantize through the Coxeter-ring commutant, as opposed to full-Weyl or bare Q-linear equivariance) is explicitly named by the authors as a choice made because it is the 'unique intermediate canonical arithmetic' -- i.e. selected because it is the option under which A2 and A4 come out differently, which is itself a dimension/structure-fit argument rather than an independently motivated physical requirement.
B672_grading_hunt	main	OTHER	'Prior-art status of the two quintic identities: NEEDS-SPECIALIST (no novelty claimed)' -- FINDINGS.md itself flags that the Rogers-Ramanujan matching, while computed exactly, has unverified relation to prior mathematical literature (may be a known identity, not a new discovery); the PROVED verdict does not distinguish 'we verified this numerically' from 'this is a novel finding'.
B672_grading_hunt	main	NO_TEST	The generation leg (which candidate reproduces the doublet AS a grading with physical generation content) remains explicitly open/dead (C1-C4 all only found form-matches to modular objects, not a generation-counting mechanism), yet arc_verdict.json's status is unqualified 'PROVED' for the whole arc.
B673_loop4_integration	main	SUPERSEDED_UNMARKED	d3_results.json's own committed verdict field says 'PARTIAL/MIXED ... does not cleanly match golden's all-nonzero pattern' and 'form_match: null', but FINDINGS_CC2.md, FINDINGS.md, and arc_verdict.json all state the D3 verdict as clean 'FORM-MATCH' / 'K020 satisfied' without ever updating the underlying witness json to reflect the reinterpretation -- the raw computed artifact and the narrative claim disagree and the disagreement is never resolved in a committed re-run.
B673_loop4_integration	main	CLAIM_EXCEEDS_COMPUTATION	d2_results.json records 'all_gates_pass: false' and 'koszul_antisym_holds_all_slots: false', but FINDINGS.md / FRONTIER.md / arc_verdict.json report the D2 slot-saturation and sign-rule result as clean, banked, and unqualified ('THE GRADED SIGN RULE realized exactly'). The 'mis-specified control' explanation is plausible and internally consistent with the reported witness signs, but it is argued in prose, not encoded as a corrected, re-passing gate in any committed json.
B673_loop4_integration	main	OTHER	The manifest itself flags an unresolved integrity concern: 'PREREG_L4.md + d1 FINDINGS post-seal drift = the SECOND instance of the flagged pattern (B670 manifest) — question to cc2 renewed: explain or re-seal.' This is the arc's own admission of an outstanding seal-integrity question that this arc does not resolve.
B673_loop4_integration	main	IMPORTED	The entire packet (D1-D4) is an externally-produced deliverable from a different seat (cc2), incorporated by hash-verified copy rather than independently reproduced by this arc's own compute; reproducibility for a fresh stranger depends on trusting that the shipped .py files, when re-run, reproduce the shipped logs/json (plausible given the exact-arithmetic style, but this arc itself performs no independent re-execution, only a bit-identical-diff check reported in a *different* arc, B677).
B674_generation_leg	main	SUPERSEDED_UNMARKED	FINDINGS.md and arc_verdict.json record only the original 'route 1' Eichler-Shimura trace-silence result (2026-07-18, early). But the arc directory (same date-stamped, same session) contains a much larger subsequent campaign not reflected in either: a full W2 Molien-cell design cycle that ran to completion and was KILLED-AT-(iii) (w2_step3/STEP3_VERDICT.md), a formal W3 terminal enumeration naming a sole survivor class (w3_enum_cc), and a currently-STOPPED, unresolved one-shot design attempt on that survivor (w3_support/SUPPORT_PRETEST_STOP.md) whose stop reason raises a live circularity concern. None of this downstream state -- including the genuinely still-open question -- is surfaced in the arc's own claim-of-record files.
B674_generation_leg	main	LOG_DRIFT	The progress-log entries indexed for B674 mention only the route-1 MISS and the golden-rotation law; they do not mention the W2 Molien kill, the W3 sole-survivor enumeration, or the still-open/stopped support pre-test -- so a reader of the log alone would materially undercount how much work (and how much remains genuinely undecided) this arc represents.
B674_generation_leg	main	OTHER	The support pre-test disagreement (Route A vs Route B) is diagnosed in-arc as possibly reflecting that Route B's {2/5,3/5} landing came from SUBSTITUTING the golden (2,5) Nahm datum (A=2) into the figure-eight's Nahm ring rather than deriving that A=2 is the figure-eight's own datum -- i.e. a live risk that the one remaining candidate's most encouraging feature (landing exactly on the required support classes) is an artifact of assuming what needed to be shown. The arc itself flags this honestly and has stopped rather than fired the shot, which is exactly the correct behavior, but it means the campaign's single most consequential open question is currently unresolved and NOT closed by anything else in the arc.
B674_generation_leg	main	IDENTIFICATION_BY_TYPE	The W2 Molien design's motivating match (D3 in W2_DESIGN_NOTE_GAMMA5.md) rests substantially on the observation that an order-10 (order-5 projective) operator's Molien product 'generically' produces mod-5 selection patterns matching the RR streams' mod-5 exponent structure -- a dimension/residue-class coincidence used as design motivation before the actual coefficient comparison (which then failed at n=0/1, w2_step3). The arc is explicit that this was 'design motivation only' and the comparison itself was the real test, which is good practice, but the initial appeal of the whole W2 cycle traces to this type-level coincidence.
B674_generation_leg	main	OTHER	Prior art is explicitly disclosed and undermines any novelty claim for two headline-sounding results: the figure-eight-to-15a8 elliptic curve identification (Borot-Eynard, the Kyoto paper) and the Ramanujan CF-at-CM-point identifications (classical Ramanujan-Selberg territory) -- both correctly flagged NEEDS-SPECIALIST / no novelty claimed in the source files themselves, so this is a disclosed limitation rather than a hidden one, but worth keeping visible since these are among the arc's most quotable positive results.
B675_hcusp_sweep	main	NUMERIC_ONLY_NO_EXACT	Part 3 (the SU(4)_1 hearing check / mod-8 shadow-class result) is explicitly labeled numeric-at-two-precisions, not exact, though FINDINGS.md itself flags this honestly rather than hiding it.
B675_hcusp_sweep	main	IDENTIFICATION_BY_TYPE	The whole H-CUSP framework rests on a dimension/field-type coincidence test (does a cusp field 'fit inside' a stage's commutant field) as the criterion for 'the stage hosts the object' — a type/field match is being used as the substantive physical claim ('SU(4)_1 IS the silver's stage').
B676_dps_sweep	main	MISSING_WITNESS	The report's central closing claim (full suite green after the fix) depends on full_suite_log.txt, which is tracked in git but committed empty (0 bytes, single commit) — the promised evidence was never filled in, yet downstream review notes (REVIEW 23) cite a '2428/0 baseline' from this arc as though it were banked.
B676_dps_sweep	main	LOG_DRIFT	REVIEW 23's 'trusted-green from B676's in-window 2428/0 baseline' overstates what this arc's own committed files establish, since the file meant to carry that exact tally is empty.
B676_dps_sweep	main	NO_TEST	No committed pytest lock covers B676's own claims (that the dps leak is fixed and the conftest guard works); verification is narrated pass/fail counts in markdown prose only.
B677_morning_packet	main	OTHER	Filename mismatch between ORIGINALS_MANIFEST.txt (lists './anatomy/loop5/e1_diag351/e1_run.log' and './generation_leg/g1_tube/g1_run.log') and the actual committed files delivered in the packet (e1_run_log.txt, g1_run_log.txt) — a cosmetic rename noted in the manifest's own PATCHES line ('standard (seat paths, model names, log renames)'), so likely benign, but it means the as-received manifest hashes cannot be directly re-verified against the files as committed without accounting for the rename.
B677_morning_packet	main	IDENTIFICATION_BY_TYPE	GENERATION_LEG_PLAN_CC2.md explicitly flags its own risk here: 'the targets' leading powers q^{2/5}, q^{3/5} are the (2,5)-model weights, an encouraging consistency, stated as such and nothing more' — a weight/exponent coincidence used as motivating evidence for the tube-algebra candidate route (which then failed, so the flagged risk did not mislead the verdict, but the pattern recurs across the corpus).
B678_d4_annex	main	GITIGNORED_WITNESS	ARTIFACT_HASHES.txt lists d4_k1.log through d4_k12.log with sha256 hashes, but *.log is gitignored repo-wide (confirmed via git check-ignore) and none of these files exist on disk -- the run traces behind the 96-cell census cannot be inspected, only the derived JSON.
B678_d4_annex	main	IDENTIFICATION_BY_TYPE	The (n=4,kappa=12)=sqrt3-1 match to a 'banked B4-landscape value' is flagged in FINDINGS.md itself as 'two campaigns, one number' -- a numeric coincidence treated as convergence rather than a derived identity between the two constructions.
B679_engine_patch	main	OTHER	Patch is described as PREPARED, VERIFIED, NOT-YET-DEPLOYED -- the engine itself lives outside this repo (a 'seat conduit'), so this arc's PROVED verdict certifies correctness of a diff that this repo cannot itself apply or observe running in production; deployment status is untracked from here.
B680_arithmetic_meditation	main	OTHER	The two 'VERIFIED' facts are both classical, decades-old results (Zagier's L-value/volume formula; Reid's uniqueness theorem) being imported into the program's vocabulary and re-derived numerically, not new theorems about the program's specific construction; the verdict labels this PROVED which is accurate for the arithmetic but could read as if the program discovered something new rather than recognized a known fact.
B681_habiro_pretest	main	FITTED_VALUE	The banked 'targets' (n=1,10,40,80,119 -> 1,12,49,99,146) are asserted as given constants from elsewhere ('the banked targets') rather than derived within this arc; the pretest checks a decomposition of numbers whose provenance is not shown in this arc's files.
B682_habiro_dictionary	main	SUPERSEDED_UNMARKED	PHASE0_EXTRACTION_CC.md contains an inline '[CORRECTED B685]' fixing an earlier {3,5} misreading to 'PURE BEING, not {3,5}' -- the correction IS marked in this file, but there is no arc_verdict.json/FINDINGS.md for this arc at all, so a reader who only sees B682 referenced elsewhere (e.g. B1155's log line, or the DICTIONARY.md table) has no single canonical status pointer; the correction lives only inside prose.
B682_habiro_dictionary	main	NO_TEST	No code, no test lock, no verification for the entire arc -- it is pure literature adjudication (killing a numerology claim by citing a published theorem) with zero committed computation.
B683_arithmetic_ledger	main	OTHER	L3 cites '70 digits by the cell' for the Mahler=Vol/pi identity without naming or linking that earlier cell/arc in this arc's own files -- the 70-digit figure is not itself reproducible from files present in B683.
B684_loop7_close	main	RETRACTION_NOT_PROPAGATED	FINDINGS.md's own ADDENDUM (2026-08-19) reports that B1072's four independent builds find tr_odd(R^2L^2)=delta=1+sqrt2 AT k=2 (not the k=6 this arc's ladder places it at), meaning this arc's own headline G2 value 'silver hears 1/delta at SU(4)_2' has its VALUE attribution wrong (a k-indexing/inversion defect), while structural claim survives. arc_verdict.json's claim_one_line and status (PROVED) were not updated to reflect this defect, and Review 47's action item R47-6 (full ladder re-derivation) is still open as of the latest log entry read.
B684_loop7_close	main	MISSING_WITNESS	G1, G2, and G4's named source artifacts (g1_mechanisms.py/g1_results.json/g1_run.log, g2_silversu4.py/g2_results.json/g2_run.log, g4_constituents.py/g4_results.json/g4_run.log) are not present anywhere under this arc's directory -- only their prose FINDINGS summaries are committed here, so a stranger cannot reproduce these three cells' numbers from this repo path.
B685_generation_terminal	main	MISSING_WITNESS	The load-bearing GSWZ integrality-away-from-3 claim was cited from an external paper, not computed in-repo, at the time this NEGATIVE verdict was banked.
B685_generation_terminal	main	CLAIM_EXCEEDS_COMPUTATION	The banked NEGATIVE ('terminal no-go theorem') rested on a lock later confirmed 'genuinely vacuous... unfailable' (B828, 2026-07-30); the underlying theorem (3-integrality) is still described as 'the named remaining theorem' a month later (B1187, 2026-08-28).
B685_generation_terminal	main	SUPERSEDED_UNMARKED	This packet's FINDINGS.md/arc_verdict.json carry no addendum reflecting the multi-month partial-correction chain (B776, B800, B839, B1187) that the progress log documents against this exact arc's central claim; a reader of only the arc's own files would not know the discriminator was reconstructed from first principles later, nor that a piece of it is still open.
B686_koide_firewall	main	MISSING_WITNESS	The core tautology claim (Q=2/3 for any phase) is stated as independently verified at four phases but no script or numeric log is committed with this arc.
B687_sm_atlas_koide	main	MISSING_WITNESS	The 23-invariant atlas's machine-readable backing file (a1_atlas.json) is referenced but not included among this arc's committed files.
B687_sm_atlas_koide	main	IDENTIFICATION_BY_TYPE	h(27)=2/3 (an E6 conformal weight) matching Koide's Q=2/3 is a bare numeric/type coincidence; the arc itself calls this 'a coincidence until a derivation FORCES the identity' and explicitly does not bank it, which is the correct call but the underlying temptation is exactly the type-coincidence pattern.
B688_eisenstein_campaign	main	MISSING_WITNESS	The Q1/Q5 adjudication numbers (McKay correspondence checks, the 37% smooth-cofactor base-rate figure) are asserted as computed but have no script or data file in this arc.
B689_meeting_holds_ground	main	MISSING_WITNESS	The genus and Hecke-eigenvalue facts underlying the 'irreducible coupling' claim are stated without a committed LMFDB query, script, or citation trail in this arc's files.
B690_being_hand_asymmetry	main	MISSING_WITNESS	The defect table (the arc's central computed content) has no committed script/data; it is transcribed from published coefficients with a self-disclosed small-sample caveat (only ~10 published coefficients).
B692_level15_literature	main	MISSING_WITNESS	The 'independent deep search' and 'independent web search' underlying both the KNOWN and NOVEL findings has no committed search log, query list, or transcript — a stranger cannot verify what was and wasn't searched.
B693_loop_e3_inert5	main	MISSING_WITNESS	The base-change identity is shown as exact algebra in prose but has no committed script, distinguishing it from B698/B699/B704 in the same batch which do carry executable witnesses.
B694_e3a_gate	main	MISSING_WITNESS	The LMFDB Bianchi-form citation (2.0.3.1-75.1-a, hecke_poly=x) has no committed query output or script to verify against the live database.
B695_loop_e3_close	main	MISSING_WITNESS	Neither the 59/60-prime factorization check nor the 14a/26a/57a root-number cross-check has a committed script or LMFDB output in this arc.
B696_eisenstein_campaign_close	main	MISSING_WITNESS	The E4b rank-3-vs-rank-2 sum-rule claim, the arc's one genuinely computed result, depends on a JSON data file located in a different arc (B673) not present in this packet.
B698_the_meeting_probed	main	MISSING_WITNESS	The four L-value constants driving both the BSD check and the PSLQ independence claim are hardcoded floats in b698_legA.py, justified only by a code comment citing sage/LMFDB; the sage script that could actually compute them (ref_e15_lvalues.sage) exists but is not wired into or cross-checked against the hardcoded values in the committed pipeline.
B700_fiber_functor	main	OTHER	This is a THIN READ: 14 of 21 files, including the two largest sub-documents (phase2_cc2/FINDINGS_CC2.md at 14976 bytes and cell3_cc2/FINDINGS_CC2.md at 14419 bytes) and all 5 ref_*.sage witness scripts, were not read in this pass — the underlying computations for cells 1, 4, and 5 (the stage-uniformity claims) were not independently checked, only the summary/close documents were read.
B702_metallic_hearing_law	main	MISSING_WITNESS	The exact silver core-ratio and swap-eigenvalue numbers are derived from an external B649 JSON file not included in this packet's arc; no script here reproduces the arithmetic.
B705_metallic_hearing_campaign	main	MISSING_WITNESS	Every numeric claim in this campaign (norms/units in Cell A; Jones polynomial values in Cell B; volumes/trace fields in Cell C; MC statistics in Cell D) is reported only in prose FINDINGS files; the scripts that produced them are explicitly stated as living outside the repo ('cc2 scratchpad only'). A stranger with only these committed files cannot reproduce a single number.
B705_metallic_hearing_campaign	main	NUMERIC_ONLY_NO_EXACT	Cell D's key deliverable is a Monte-Carlo σ-distance (0.888σ) with no committed code or seed to reproduce the N=1e6 draw.
B706_rung2_sm_freedom	main	MISSING_WITNESS	b706_rung1.py is committed and runnable, but its output (the PSLQ verdict table actually printed) is not committed as a file — FINDINGS.md's quoted verdict cannot be checked against a witness, only against a re-run.
B707_meeting_points	main	MISSING_WITNESS	The reversal of a 'likely FABRICATED' citation flag to 'REAL' rests on an unwitnessed direct arXiv API fetch narrated in prose; no saved page/response is committed.
B707_meeting_points	main	OTHER	Verdict is OPEN with three named bridge tests, none run in this arc — it is purely a literature-scan deliverable, appropriately labeled as such.
B708_kim_seam	main	MISSING_WITNESS	ref_note.txt claims the computation is 'in the B708 commit', but the only committed files are FINDINGS.md/PREREG.md/arc_verdict.json — no script, no computed-value log. The Hilbert-symbol/linking-number claims rest entirely on prose assertion.
B708_kim_seam	main	IDENTIFICATION_BY_TYPE	The identification of 'audibility (p≡1 mod4)' with 'non-linking with the archimedean prime' is flagged by the arc itself as 're-interpretation... audible=p≡1mod4 is definitional' — a dimension/definitional coincidence being read as a structural discovery.
B709_turok_marriage_adjudication	main	SUPERSEDED_UNMARKED	The KEEP kernel bullet 'Strong-CP-by-mirror' carries a later inline FENCE (dated 2026-08-10) noting a downstream nine-file overclaim seeded by this exact phrasing was withdrawn; the fence is present in this file (good — it is marked), so this is NOT itself unmarked, but flags that the underlying identification (CS=0 explaining θ_QCD=0) is refused pending a typed functor per B1009/B813.
B710_analytic_t1_thimbles	main	OTHER	CS(4_1)=0 and the Garoufalidis-Gu-Marino peacock lattice are explicitly CITED, not recomputed, per the arc's own caveats — a clearly flagged import, not a hidden one.
B711_two_z2_degeneration	main	OTHER	The arc's own caveat notes amphichirality=j2 rests on three anchors (uniqueness argument, group endomorphism realization, SnapPy citation) rather than a direct peripheral A-polynomial computation — disclosed as a caveat, not hidden.
B714_physics_spine	main	MISSING_WITNESS	The consolidation claims a 5-cluster multiagent campaign re-ran several load-bearing computations (F4 dim-52, Yukawa multiplicity, B712's tangent cone) 'from scratch' as part of verifying this spine, but no script or output for that re-run is present in this arc's directory — only the narrative claim.
B715_native_gauge	main	OTHER	Two probe1 variants (v1 direct-product, v2 twisted-dihedral) both print 'OUTCOME B' in their committed witness .txt files, while FINDINGS.md correctly reports the T7 question as honestly INCONCLUSIVE because v2's premise was skeptic-refuted. A reader sampling only the .txt witnesses (as SAMPLE_CODE mode would for the .py, but these are FULL-mode .txt) would see two internally-consistent 'B' verdicts and could miss that the arc's own prose disclaims them.
B715_native_gauge	main	IDENTIFICATION_BY_TYPE	The claim that this is 'complex Chern-Simons of E6(C)' rests on promoting the SL(2,C) holonomy along the principal sl2 into E6, which is a representation-theoretic embedding chosen because E6 was already established elsewhere (B575) as the object's charge algebra — the physical identification of the resulting complex CS theory with '3d Euclidean quantum gravity' (Witten 1988) is by structural analogy (gauge group = Isom(H^3) promoted into E6(C)), not a derivation that this promoted structure literally IS gravity.
B717_observer_emergence	main	SUPERSEDED_UNMARKED	B1000/B1001 (2026-08-09, per log) states its declared prior expectation was 'to correct B717' and finds the correct closing count is 5 (not B717's 4), reconciling B717's '4' as a count of SECTORS rather than CLOSINGS. B717's own arc_verdict.json still has superseded_by: null and FINDINGS.md is unedited to reflect this refinement — a reader of B717 alone would take '4 closings' at face value.
B717_observer_emergence	main	OTHER	As a pure synthesis arc with no code, no probes, and no independent computation, B717's entire content is IMPORTED from other arcs; its own verdict of PROVED is not something this arc itself computed or could reproduce — it inherits correctness (or error) entirely from B713-B716 and the cited child arc.
B719_scale_multiplicity	main	OTHER	b719_probe2_out.txt contains an 'EXTENDED TOWER (degrees 14-15, run separately)' section describing a run beyond the script's own MAX_DEG=13 cap; this addendum is disclosed inline as 'run separately' rather than produced by the committed probe2.py as-is, so a stranger re-running probe2.py verbatim will not reproduce the d14-15 lines without modifying MAX_DEG.
B720_coupling_path	main	MISSING_WITNESS	The entire NO-MATCH verdict across three named research programs (renormalization, holography, positive geometry) rests on literature citations and prose argument with zero committed scripts, zero _out.txt files, and (per the project's own B828/B830 log entries) a label-lock test that could not fail by construction.
B720_coupling_path	main	SELF_REFERENTIAL_LOCK	The arc's own test (referenced by the log, not present in this directory) asserted three distinct string labels were typed and could never fail — a tautological check masquerading as verification of the NO-MATCH claim.
B720_coupling_path	main	CLAIM_EXCEEDS_COMPUTATION	arc_verdict.json still reads as an unqualified NEGATIVE ('NO-MATCH... for independent reasons') even though the project's own later audit found the supporting computation does not support a negative verdict at all, only a LEAD.
B723_build_the_observer	main	SUPERSEDED_UNMARKED	arc_verdict.json's claim_one_line ('the type-III observer apparatus is built... measurement is identified as the β=1 KMS symmetry breaking') is left unedited despite FINDINGS.md's own correction banner retracting the chirality and values/torsor group-identification clauses that underpinned the SSB/measurement reading being 'identified'; a reader consulting only arc_verdict.json (as this campaign's per-arc claim-of-record convention does) would not learn of the retraction.
B723_build_the_observer	main	IDENTIFICATION_BY_TYPE	The retracted error was itself a type/dimension-coincidence identification: the observer's chirality and values torsors were assigned to Gal(K^ab/K) apparently on the strength of 'this is a Galois group over K=Q(sqrt-3), our object's being field' without checking group membership; B942 computed that complex conjugation is literally not an element of that group.
B725_born_rule	main	RETRACTION_NOT_PROPAGATED	arc_verdict.json still reads verdict:PROVED with a claim_one_line that does not mention that its entire construction rests on 'measurement = the beta=1 SSB' (B723), an axiom the FINDINGS.md itself reports was later retracted by B942 and refuted outright by B957 ('the fields are mutually blind'). The FINDINGS.md body does carry an inline retraction banner, but the structured claim_of_record (arc_verdict.json) a downstream reader would cite does not reflect it.
B725_born_rule	main	IDENTIFICATION_BY_TYPE	The claimed identity 'the conjugate-linear bra slot IS this antilinearity of J' rests on both objects sharing the algebraic property 'antilinear/order-2 involution' — a structural-type match rather than an independently forced identification; the arc itself partially concedes this is an 'identification, not an independent derivation.'
B726_hearing_born_content	main	IDENTIFICATION_BY_TYPE	The initial (v1) claim that the S-matrix/F-symbol amplitudes lie 'in Q(sqrt5)' was itself an identification-by-type error (real irrational numbers assumed to lie in the golden field just because they are built from phi) later caught and corrected in v2 by actually computing minimal polynomials — a good example of the exact failure mode this seat is instructed to watch for, self-corrected in this case.
B728_stokes_resummation	main	MISSING_WITNESS	The arc's central computation (the full Stokes resummation of 4_1's trans-series, run by cc2 in workflow wf_c3326acc) has no committed script or output file anywhere in this arc directory -- the FINDINGS.md prose is the only record of it in this repo. A stranger cannot reproduce the resummation itself, only the (separately, and independently, tested) Galois-group corollary.
B731_object_observer_noncongruence	main	MISSING_WITNESS	The original (now-retracted) congruence-index table had no committed script or output file to check in this arc's own directory even before the retraction; the underlying shallow-level error (E22) that produced a wrong conclusion might have been caught earlier had a reproducible witness existed for a stranger to rerun at deeper levels.
B732_conjugation_is_out_A5	main	MISSING_WITNESS	"The arc directory itself has no python script or output file for the central computation (""computed + verified in-sandbox""); the claim is only independently checkable because a matching test file happens to exist in tests/, not because this arc banked its own witness."
B734_m004_is_congruence	main	SUPERSEDED_UNMARKED	The ADDENDUM (filed one day after FINDINGS/verdict, in the same directory) computes and states that under the STANDARD principal-congruence definition the level is (4), not (8); it explicitly says 'LAW_MAP rows 128/129 keep their (8) wording until [cc2] consensus lands' — but arc_verdict.json's claim_one_line and FINDINGS.md's header still assert level (8) uncorrected, and this is the file a stranger reading only claim_of_record would take as final.
B735_emittance	main	MISSING_WITNESS	Every numeric/structural claim in FINDINGS.md ('verified' Eisenstein trace values, m004(5,1) cusp count, the index-12 sub-voice pullback) is asserted in prose with zero committed code or output — the entire arc rests on the word 'verified' with no file a stranger could run.
B735_emittance	main	RETRACTION_NOT_PROPAGATED	FINDINGS.md itself documents an internal retraction ('VOICE's flagship over-claim, CAUGHT... An open door was reported as closed; retracted') within the same document — the retraction is at least self-documented here, but nothing shows whether earlier claim was cited elsewhere before the retraction.
B736_ABC_campaign	main	OTHER	A downstream document (papers/P2_trinity/THEOREMS.md Theorem 5) is reported in the project's own Review 32 log entry as stating a claim with 'no CLAIMS.md analogue' that conflicts with what LAW_MAP records for this arc (0 of 24 SM parameters reduced) — a live paper/ledger inconsistency the project itself flagged but which this arc's own files give no evidence of having resolved.
B737_candidate_zero	main	OTHER	A downstream arc (B857, per log_index/B737.txt) found that LAW_MAP's H-EAR clause (iii) rested on 'a grep of the banked voice artifacts (B737/B739): zero golden markers' as if it were a proof of total absence — the log records this was corrected in place, illustrating that this arc's artifacts were mis-used as an absence-proof by a later document rather than a flaw intrinsic to B737 itself.
B738_pathfinder_compiler	main	OTHER	kill_graph.json now contains 774 records, not the 217 the arc's own FINDINGS.md/KILL_GRAPH_SUMMARY.md describe and analyze in detail (percentages, tables) — the file is a live shared instrument that other arcs (up through at least B1223, visible in the tail) have appended to since, so the specific 217-record snapshot the arc's statistics describe is no longer distinguishable in the committed file without git history; a stranger reading kill_graph.json today cannot reproduce the exact percentages quoted in KILL_GRAPH_SUMMARY.md from the file as it now stands.
B739_character_rigidity	main	IMPORTED	Multiplicity-one exhaustion leans on two external papers (Sarnak, Friedman) whose primary-source PDFs are not committed in the arc; only verbatim-quoted excerpts inside FINDINGS/probe files are available to a stranger.
B739_character_rigidity	main	OTHER	A later downstream document (outside this arc) used a grep over this arc's text as an absence proof of 'golden markers' and had to be corrected (B857/B858) — B739's own content is unaffected but the arc is a case study in over-reading a pure-math result into an absence claim.
B740_b288_stragglers	main	MISSING_WITNESS	The mirror-closure claim '7/7 isometries verified, volumes matching to 1e-10' (the step that closes the last 7 of 78 stragglers) has a committed script (b740_mirror.py) but no committed output/log transcript anywhere in the arc directory.
B740_b288_stragglers	main	MISSING_WITNESS	b740_deep.py depends on exec(open('/tmp/unknown18.py').read()), an uncommitted external file defining the 18 target slopes for the deep pass; not reproducible from the arc's own committed files without reconstructing that list from b740_full_out.txt.
B742_negatives_hunt_p1	main	GITIGNORED_WITNESS	The v2 triage journal that partially seeds the sealed kill graph lives outside the repo tree at a ~/.claude/projects/... path (not committed, not gitignored-but-tracked — simply external) and is not hashed into ARTIFACT_HASHES.txt; only its sha256 appears in a review document. A stranger cloning the repo cannot reproduce this input; the arc itself flags this as a 'residual, non-blocking' gap in review 5.
B742_negatives_hunt_p1	main	SELF_REFERENTIAL_LOCK	The RECONFIRMED verdicts' witnesses (recompute/<id>/output.txt) are produced by the same seat that authored the recompute.py scripts and wrote the FINDINGS verdict table; independent adversarial checking is real for the 2 REVIVED cases (3 skeptics + banking-seat re-run) but for the 30 RECONFIRMED cases only a ~25% (ceil) 1-skeptic spot-check was preregistered, meaning ~75% of RECONFIRMED verdicts rest on the authoring seat's own scripts and outputs with no independent skeptic pass recorded in the sampled files.
B742_negatives_hunt_p1	main	OTHER	The arc's process record documents at least nine forged/fabricated review signals (fake SEAL-READY notifications, fake completion summaries with invented numbers, an empty kill_graph.json materializing from a fabricated premature-completion notice) during its own execution, requiring an elaborate countermeasure protocol (journal-only, disk-only, nonce-first, incremental-write verdicts). This is unprecedented process fragility for a mathematical audit and raises the question of how many other arcs in the repo, lacking this level of self-scrutiny, may have banked similarly forged signals undetected.
B742_negatives_hunt_p1	main	OTHER	The B' anatomy_exposure annotation applies a near-templated justification ('B735 emittance/spectral face never consulted') to 29 of 30 RECONFIRMED verdicts; while each note is individually grounded (checked against faces_consulted fields), the near-universal recurrence of the same single named gap suggests the annotation process may be pattern-matching on a checklist rather than performing per-target original analysis in all cases -- the arc itself acknowledges this ('near-universality of anatomy exposure is itself the P2 mandate') but does not independently audit whether the checker's notes are substantively distinct beyond the one recurring named face.
B742_negatives_hunt_p1	main	OTHER	A companion process document (kill_graph diff vs cc's independent B738 kill graph) reports raw kill_form disagreement of 107/155 (69%) between the two seats' independent triage compilations over the same 155-record overlap, attributed to vocabulary/taxonomy mismatch rather than substantive dispute; however no merged enum or resolution is committed in this arc, so the 69% figure stands unresolved and its true substantive-disagreement rate is not established by any committed artifact.
B743_rung1_widened	main	IDENTIFICATION_BY_TYPE	The entire program is a base-rate-gated dimension/digit-count coincidence search (PSLQ over real algebraic fields vs PDG ratios); Koide Q=2/3 was found in every basis, only rejected because the null rate exceeds the pre-set 0.02 threshold — a type/height match is exactly the license-to-ask the seat is told to flag, even though the arc itself correctly treats it as a null.
B743_rung1_widened	main	OTHER	CM-collapse basis claim (real span of ℚ(√−3,√5) = ℚ(√5)) is asserted as 'cc-verified' with no committed script in this arc computing it.
B744_fact_basis_adjudication	main	MISSING_WITNESS	The '17 passed, 1 env-skip' test-run claim has no committed log, pytest output, or file in this arc directory; only two files (FINDINGS.md, arc_verdict.json) exist here.
B745_revivals_crossverify	main	OTHER	This arc's own scope note says a CONFIRMED revival asserts no new positive claim; B225's residual half ('5=filling stands') was later fully retracted in a subsequent arc (per B831 in the log), meaning the correction chain that started here needed a further downstream retraction to fully resolve — worth checking the current state of B225/FINDINGS.md directly rather than trusting this arc's residual-scope framing as final.
B746_golden_ledger	main	SUPERSEDED_UNMARKED	The log records a later challenge (B857, 2026-08-02) to exactly the F11 absence claim this arc's central finding rests on ('a grep over artifacts is not a proof of absence... those artifacts PREDATE B797 BY A WEEK'), but this arc's FINDINGS.md and arc_verdict.json carry no correction header or note reflecting that challenge -- the original grep-based GAP claim still stands uncorrected in the arc's own files.
B746_golden_ledger	main	NO_TEST	The 4 spot-checks are reported only as a results text file (spot_checks.txt); no committed script generates them, so a stranger cannot re-run the check, only recompute the arithmetic by hand from the stated claims.
B747_mirror_sweep	main	OTHER	Log records that the B747 census lock did not actually fire under mutation testing (it pinned only a prefix of the verdict line, making the unresolved-count corruptible undetected) -- this is a tooling/lock-quality issue on the verification harness, not evidence against the computed result itself, since the raw output files here are complete and self-consistent.
B749_genesis_forks	main	NUMERIC_ONLY_NO_EXACT	F4 and F5 compute.py contain zero Python 'assert' statements (grep confirmed) -- their check() helper prints a value/boolean but does not halt on failure, so an incorrect boolean would print '= False' silently rather than raise; the substance of the checks (many exact symbolic equalities) is sound, but the script itself provides no automated failure signal, relying on human/skeptic re-read of output.txt.
B749_genesis_forks	main	OTHER	F3's own skeptic report flags a genuine wording tension: the sealed criterion text ('ROBUST = lacks >=2... FRAGILE = carries a comparable full interface') is ambiguous since silver both lacks 2 AND carries an interface-analogue; the skeptic resolves it via the complementary reading but explicitly logs this as a criterion-drafting defect for the merge gate, not a refutation.
B750_lack_ledger	main	OTHER	The arc is entirely derivative of 15 other arcs' claims (B711-B716, B700, B739, B740, B746, B748, B532, B437, B92) -- its correctness is only as strong as the weakest cited FINDINGS.md, none of which were independently re-verified in this pass (only existence-on-disk was checked, not their internal correctness).
B751_iterated_hearing_adjudication	main	MISSING_WITNESS	The grep-audit that underlies the central 'no banked per-letter hearing weight exists' absence claim is described in prose/print output but the actual grep command and its output are not committed as a reproducible artifact (no grep log, no .txt witness file) -- a stranger cannot literally rerun the audit step, only the arithmetic/numeric cells.
B752_qualia_handoff_receipt	main	SELF_REFERENTIAL_LOCK	Op-3b's refutation depends on this seat trusting that R_a=[[1,1],[0,1]] is indeed 'the banked B285 Riley holonomy meridian' as asserted in a code comment -- this digest pass did not open B285's FINDINGS.md to confirm trace 2 is what's banked there, so the correction (trace 1 vs trace 2) rests on an unverified cross-arc citation.
B753_mixing_structure	main	IDENTIFICATION_BY_TYPE	The arc's own governance framing ('the pin') explicitly warns against exactly this: 0.30902 (cos72deg, a real-part projection) and 1/(phi*sqrt5) (0.276393, a Born-weight/overlap-squared quantity) are two DIFFERENT kinds of number that both derive from the same golden-ratio object -- the arc itself treats this as a live risk and locks the registered JUNO number to prevent post-hoc kind-swapping, which is good practice, but it also documents that the dispute this arc adjudicated (chat-1's claim) was itself a type/kind confusion (eigenvalue real part vs matrix element vs overlap-squared) that a less careful reading could still repeat.
B753_mixing_structure	main	NUMERIC_ONLY_NO_EXACT	compute.py performs all linear algebra in numpy float64 (not sympy/exact); the exact closed-form claims in FINDINGS.md (1/(phi*sqrt5), unistochastic entries as radicals) are stated as conclusions but the committed script that this seat read does not itself derive them symbolically -- FINDINGS.md points to 'the symbolic identity check in the lock' (a test file) as the source of exactness, which was not read in this pass.
B754_p2_spectral	main	MISSING_WITNESS	The TOMB-L277 skeptic override (43% golden-magnitude census, 1152/2880 elements) -- which is the evidentiary basis for flipping the cell's own FACE-OPENS verdict to KILL-EXTENDS on the campaign's most-discussed override -- has no committed script. Only cells/TOMB-L277/skeptic.txt (prose + a pasted table) is on disk; a stranger cannot rerun the 37-class census from committed files.
B754_p2_spectral	main	IDENTIFICATION_BY_TYPE	The entire campaign's Gate 5-Q 'Q2 discrimination' methodology repeatedly certifies an operator as meaningful by showing it returns a different NUMBER or DIMENSION for the object vs. a comparator (e.g. disc -48 vs -3, palette 8 vs 1, cyclic order 5 vs 3), then treats that bare numeric/type difference as license to draw a structural conclusion. This is exactly the type-match-as-license pattern the seat is instructed to flag, run at scale across ~19 cells.
B754_p2_spectral	main	CLAIM_EXCEEDS_COMPUTATION	TOMB-L30's own skeptic (NOT REFUTED, but explicitly flagged) states the cell's Fisher-information-zero 'extension' is a tautology: 'ANY constant probability family... has Fisher information identically zero... guaranteed by the absence of k -- not by the spectral structure of the face,' and that the test actually called for (Fisher on CS/WRT data, per B738) was never run. The cell's KILL-EXTENDS verdict stands but rests on a self-acknowledged trivial/vacuous computation dressed in the campaign's spectral vocabulary.
B754_p2_spectral	main	SELF_REFERENTIAL_LOCK	The entire arc's evidentiary universe is 'frozen' to exactly four earlier arcs (B737, B739, B746, B753) by explicit design (PREREGISTRATION.md, cc's ack); every cell's consultation, Q2-discrimination, and face-consultation step only cross-checks against these same four sources. Errors or gaps in those four sources (none independently audited by this seat) propagate uncorrected through all 19 verdicts.
B754_p2_spectral	main	OTHER	The S16 pre-execution design review (reviews/S16_REVIEW_1.md) verdicts SEAL-READY on the DESIGN only ('covers the prereg only; a post-execution review is the banking seat's responsibility at the PR gate') -- i.e. no independent post-execution review of the 19 actual verdicts is included in this packet; the log's cited coverage is '8/19 cc re-exec + 8/19 cc3 spot-checks' (i.e. roughly 8-16 of 19 cells got any outside check at all, not all 19).
B756_remaining_doors	main	GITIGNORED_WITNESS	cc_verify_door6_p4_rerun.txt is a stdout witness for a rerun script that is not itself committed in this arc's directory; the reproducing code lives elsewhere/was not carried, so the byte-identical claim cannot be checked from these files alone.
B756_remaining_doors	main	OTHER	The raw workflow log required a redaction (banned AI-model tokens) and a second transform layer (path sweep); the file went through original→redact→sweep with three different hashes, tracked carefully in REDACTION_RECORD.md — process is transparent but shows how much hand-editing this artifact underwent before landing in the repo.
B758_theorem_ledger	main	MISSING_WITNESS	The arc's stated deliverable (docs/THEOREM_LEDGER.md, the 18-link spine and its 12 lock-file pointers) is not among the files in this arc's own directory and was not read as part of this digest; the FINDINGS' claim of '12 lock files cited, all present, all collecting (55 tests)' is unverified from what this arc committed locally.
B759_qp3_integration	main	SUPERSEDED_UNMARKED	B759's FINDINGS.md states as a general law 'for a manifold with trace field Q(sqrt(-d)), the coupling is sqrt(d)' — this was tested out-of-family at 5_2 by B764 (same day, 2026-07-22) and found to FAIL, with a corrected pair-separation law substituted. B759's own FINDINGS.md carries no addendum or correction pointer to B764; a reader of B759 alone would take the false general law at face value.
B759_qp3_integration	main	IDENTIFICATION_BY_TYPE	The interpretive framing ('theta-odd = chord/hearing', 'theta-even = sum/being', 'the object's voices couple where it lives') layers a philosophical narrative over a bare Jacobian off-block computation; the numeric content (coupling fraction 15/32, norm sqrt3) is real and exact, but the physics-sounding vocabulary is program-internal metaphor, not measured or predicted physics.
B760_qp4_closure	main	MISSING_WITNESS	compute.py, the script FINDINGS.md explicitly instructs a reader to rerun ('Output is byte-identical on rerun'), was not present among this arc's listed files in the packet, so this digest could not verify the code producing output.txt.
B760_qp4_closure	main	OTHER	FORENSIC_SEAL_RECORD.md documents that the sealed PREREGISTRATION.md was edited post-seal to insert its own hash string, and the gate had to reconstruct the original hash by subtracting the inserted line; flagged in-repo as a 'convention trap' (never write the hash into the sealed file) — a transparent but real seal-integrity wobble.
B760_qp4_closure	main	IDENTIFICATION_BY_TYPE	The interpretive overlay ('awareness without choice', 'the object cannot close itself', S072 Layer-3) is philosophical narrative wrapped around a genuine Galois-orbit/eigenvector-canonicity argument; the math (no real eigenvector of a non-half-integer rotation) is correct and elementary, but 'awareness' is not a measured or defined physical quantity anywhere in this arc.
B761_qp2_private	main	IDENTIFICATION_BY_TYPE	'Private states' / 'Markov blanket sees everything' is interpretive language mapped onto a cohomology-dimension-counting fact (H^1 of the adjoint representation restricted to the boundary torus); the math is sound but the physics/cognitive-science vocabulary is metaphorical, not measured.
B762_qp1_self_naming	main	IDENTIFICATION_BY_TYPE	'Self-naming', 'quine', 'voice is a self-name' is narrative framing over a straightforward census-uniqueness search (does any other 1-cusped manifold share m004's volume and cusp shape); the uniqueness result itself is a real, exact computation but the self-referential/cognitive language is metaphor, not physics.
B764_c19_comparator	main	MISSING_WITNESS	output.txt contains a whole extra section ('THE CORRECTION, EXACT', run twice, once ending in an uncaught Python TypeError traceback) with no corresponding code in the committed compute.py — the 40-digit verification of the corrected pair-separation law that FINDINGS.md presents as the arc's key result is not reproducible from the files as committed.
B766_measurement_torsor	main	CLAIM_EXCEEDS_COMPUTATION	The prereg requires every action-table entry to be 'an in-sandbox re-derivation, never cited,' but theta_flips_T6 was hardcoded as 'definitional' in the original compute.py rather than derived; the arc's own audit caught this and had to supply the missing derivation (Sym^2 matrix-level computation) after the fact.
B766_measurement_torsor	main	OTHER	The 'physics' vocabulary here (measurement, choice, observer, time's arrow) is explicitly declared 'structural labels' under Gate 5-Q, not physical claims — this is a labeling exercise over Galois/group-theoretic structure of a hyperbolic 3-manifold's character variety, not a physical measurement theory.
B767_stabilizations	main	SUPERSEDED_UNMARKED	FINDINGS.md/output.txt/results.json still present the TOMB-L34 '3 seeds' stability claim and the WALL-7 'no-roots' interpolation logic as originally written; the correction lives only in a separate ADDENDUM file in the same directory, not inline in FINDINGS.md or reflected in output.txt/results.json themselves.
B767_stabilizations	main	OTHER	TOMB-L34 uses a physics-flavored model (Fibonacci-chain tight-binding, entanglement entropy) that is genuinely computed, but its own arc's stated verdict ('EXTENDED — log class stable ... genericity confirmed') is now known (per the addendum) to rest on a broken robustness claim and a flawed estimator.
B768_correspondence_crosstest	main	IDENTIFICATION_BY_TYPE	The V3 claim ('the subdominant eigenvalue = the hearing amplitude') is a bare numerical coincidence between two golden-ratio-valued quantities from unrelated computations, explicitly E20-flagged by the arc itself as mechanically unlinked — textbook type-coincidence licence-to-ask, correctly caught but still standing in the record as a named row.
B768_correspondence_crosstest	main	OTHER	The bulk of this arc is a correspondence-matching exercise between abstract group/Galois structure and categories drawn from consciousness/agency psychology literature (Synofzik, Ferroni, Haggard-Tsakiris, patient K.C.) — not physics. It carries real citation-checking discipline (a genuine over-read and a genuine arithmetic error, #40, were caught), but the underlying enterprise (matching mathematical torsor axes to phenomenological categories via literature review) has no measurable physical content and risks being read as evidence of consciousness/physics unification when it is a documented, falsifiable but non-physical exercise.
B768_correspondence_crosstest	main	FITTED_VALUE	Receipt #5 documents an arithmetic error (#40) in a previously-circulated 'unchallenged fact' about Fibonacci-word pair frequencies (claimed distribution summed to an impossible 1.236) that was caught only at this later stage — evidence that quantities were asserted/copied before being checked.
B769_t1_structure	main	OTHER	This arc's main downstream use is to rule out a phenomenological correspondence (B768's 'T1 = Attention, continuous') on purely group-theoretic grounds — again the physics/phenomenology-matching pattern seen in B768, not a physical prediction.
B770_closure_census	main	OTHER	A later log entry (B820, 2026-07-30) reports that arcs classified/produced from B770 onward have a 12.2% 'blind' (error/miss) rate versus 2.3% for earlier arcs — a 5.4x jump described in the log itself as 'rotting, not merely outgrown.' This is a meta-level quality-control finding about the reliability of this and subsequent census-adjacent work, not specific to any single miscount found in this digest.
B770_closure_census	main	NO_TEST	This is a bookkeeping/instrument arc (arc_verdict.json marks instrument:true) whose 'proof' is a large multi-agent classification workflow; no independent recomputation of the classification exists in the sampled files, only a claim that tests/test_b770_census.py locks counts and the no-unearned-closure invariant (not verified here beyond the census.json spot-check).
B771_phase1_wave1	main	CLAIM_EXCEEDS_COMPUTATION	Five of Wave 2's seven gate-refusals were exactly this class inside the arc's own machinery: a fabricated negative control (W2-149), unfalsifiable verdict logic that could never emit UNRESOLVED (W2-270), tautological/vacuous invariant theater (W2-119), a hand-read-off-the-paper patch proposal with 4 of 6 tiers wrong (W2-188), and comment-only diagnostics standing in for enforced checks (W2-150r). All are named and carried by the arc's own FINDINGS_WAVE2.md, and the first three were independently re-verified as fixed in Wave 3 (read directly: W3-149r, W3-017/W4-017r chain).
B771_phase1_wave1	main	OTHER	Cell W2-270's own directory is internally inconsistent: output.txt (identical to output.txt.orig_claim) reports a run terminated early at depth 8 with VERDICT: UNRESOLVED, but the (non-orig_claim) results.json in the same directory contains a full depth-7-through-11 run with a different verdict (RESOLVED-B, achieved_digits=1) that is never mentioned in FINDINGS_WAVE2/3/4.md — the arc's actual closure of this question is instead credited to the separate cell W4-270r (read directly, self-consistent). The stray results.json looks like an orphaned/superseded artifact that was never reconciled with its own cell's output.txt or cited anywhere.
B771_phase1_wave1	main	NUMERIC_ONLY_NO_EXACT	The W4-270r/W2-270 gap-slope observable is explicitly declared to have no closed-form perturbative expression in the banked machinery; the arc's own gate (G8) states the achieved precision (1-2 honest digits) is roughly 4x-7x short of the sealed >=15-digit PSLQ floor, so the 'RESOLVED-B' verdict is a bounded-negative on a purely numeric route, not an exact identification -- correctly labeled as such in-cell, but worth flagging since the census delta counts it as a closure (CLOSED) alongside genuinely exact results in the same wave tables.
B771_phase1_wave1	main	RETRACTION_NOT_PROPAGATED	arc_verdict.json's one-line claim only narrates Wave 1's headline (e3, L39, D4 ceiling, two refutations) even though the same directory and verdict file cover Waves 2-5, which contain their own separate closures, refutations, and several corrections of earlier waves' agent-overclaims (W2-149->W3-149r, W3-017->W4-017r->W5-017r, W2-270 lineage). A reader consulting only arc_verdict.json would not learn that Waves 2-5 exist or that several Wave-1/2 claims were later corrected within this same arc directory.
B772_negatives_adequacy	main	MISSING_WITNESS	audit_results.json is a 14-agent adversarial-classification exercise producing narrative verdicts (ROBUST/PROVISIONAL/etc.); there is no script that reproduces the ROBUST/PROVISIONAL/NEEDS-DEEPER-LEVEL labels from raw data — a stranger can check the underlying arithmetic in the cited cells but not regenerate this arc's own classification table.
B772_negatives_adequacy	main	OTHER	The arc itself functions as an internal error-audit (a 'belt' on prior arcs) rather than a first-order physics result; it correctly surfaces that only 4/14 banked 'negatives' (non-existence results) are currently load-bearing, meaning much of the program's non-existence census rests on under-resolved or projection-blind computations.
B773_chord_recompute	main	OTHER	W4-115c's results.json headline text contains a fabricated numeric content-sequence ('adjoint 7,815...') that does not correspond to any value the compute.py run actually printed (output.txt shows the adjoint odd-n sequence is almost entirely undefined/None); the arc's own FINDINGS.md flags this but the cell's RESOLVED-B verdict and results.json are left uncorrected pending a future carry.
B773_chord_recompute	main	CLAIM_EXCEEDS_COMPUTATION	The level-135 extension attempted for W4-304c did not confirm a second nonzero chord hit; it returned an inconclusive 'basis inadequate' result (declared_basis_holds=False), yet FINDINGS.md's headline for W4-304 reads as an unqualified, closed overturn without surfacing that the level-family extension (a preregistered part of the test) did not go through.
B773_chord_recompute	main	IDENTIFICATION_BY_TYPE	W3-082c's original RESOLVED-A relied on a bridge lemma equating the 8-rank of a class group with Kim's arithmetic-Chern-Simons H^3 action purely by naming/citation, not derivation in-cell; the arc's own verify pass caught this and downgraded the cell to NEEDS-SPECIALIST, illustrating exactly the type-coincidence risk this seat watches for.
B774_chord_pass	main	NUMERIC_ONLY_NO_EXACT	CP-E5-chiral's central 'chiral index is IDENTICALLY zero' claim is supported by floating-point residuals of order 1e-13 to 1e-14 (commutator 5.37e-14, mixing 1.04-1.05e-14) rather than an exact symbolic (Fraction/sympy) proof of vanishing; the assert thresholds (1e-9) are numeric tolerances, not exactness checks.
B774_chord_pass	main	OTHER	Stage A's 174->129 structural / 45 chord-blind / 12-promoted classification is a prose-rationale judgment call (per-negative 'projection'/'chord_could_differ'/'priority' fields), not a computed procedure with a committed script; the campaign's headline '74% structurally immune' bound rests on this classification.
B774_chord_pass	main	OTHER	CP-S032A's own verify_note admits one of its two claimed geometric checks ('mirror_equals_conjugation... verified m=1..4') is a tautology that holds for any invertible matrix and does not actually test the amphichirality claim it was offered to support; verdict is still judged HARDENS on the strength of the other, non-material-dependent argument (finite-orbit symmetrization).
B775_phase2_wave1	main	LOG_DRIFT	PROGRESS_LOG.md's one-line summary of Wave 4 ('5 results incl. an axiom repriced and a value-field law') does not match FINDINGS_WAVE4.md's own count (4 banked, 4 carry = 8 cells total, only 4 of which are clean positives) -- the log line is a compressed gloss that could read as more settled than the wave's own text, which documents 3 further carries beyond the repriced axiom and the Z1 growth law.
B775_phase2_wave1	main	RETRACTION_NOT_PROPAGATED	P2W6-B465-r is documented by FINDINGS_WAVE6.md's own carry table as having repaired 3 defects but introduced a NEW false universal claim ('det(sigma-I)=2-tr(sigma)=5 at every level'); this is recorded as an open carry, i.e. a known-false claim may still stand in that cell's own results.json/output.txt (not independently reread in this pass to confirm whether the false claim also appears in the committed artifact text).
B775_phase2_wave1	main	OTHER	P2W6-D3-r's committed output.txt prints a verdict/terminal_state ('neither confirmation nor refutation earnable... EXTERNAL, NO NEGATIVE CLAIMED') which FINDINGS_WAVE6.md's carry table states is a HARDCODED string not mechanically wired to the cell's own computed CI (an E27 'disconnected-verdict' relapse) -- the fix was never applied to the committed cell, only flagged as a carry for a future wave.
B775_phase2_wave1	main	IDENTIFICATION_BY_TYPE	P2-D5 and P2-ENUM both exist specifically to test/dismiss courier (imported, not object-derived) type-coincidence claims -- D5=Spin(10) via a generic McKay identity, and a 9-signature<->phenomenology dimension match -- and both cells correctly conclude the coincidence is NOT object-specific/decorative. Flagging as IDENTIFICATION_BY_TYPE is thus about the underlying courier claims under test, not this arc's own conclusions, which are appropriately skeptical.
B775_phase2_wave1	main	NUMERIC_ONLY_NO_EXACT	P2-NOFORCE's branch (C) demonstrates 'continuity' of hyperbolic volume along a fixed-locus deformation using exactly 3 floating-point samples (1.01043715, 1.01494161, 1.01077132) rather than a symbolic/exact argument; the cell honestly leaves this as NEEDS-SPECIALIST rather than closing it, but the numeric-only evidence is load-bearing for the 'varies=True' sub-claim.
B775_phase2_wave1	main	OTHER	arc_verdict.json records only ONE verdict object for an arc directory containing SIX waves (42 cells across FINDINGS.md through FINDINGS_WAVE6.md); a reader relying on arc_verdict.json alone would see only Wave 1's claim_one_line and miss the subsequent waves' theorems, repairs, and unresolved carries (Wave5 B465, Wave6 D3-r/B465-r/PD22) entirely.
B775_braver_questions	audit/b775-braver-questions	MISSING_WITNESS	v4_genericity_test.py is committed but no output/log/results file for the run whose 8-manifold table is quoted in FINDINGS_THREE_MOVES.md is present in this arc's files; the actual witness for the quoted numbers is not co-located with the claim.
B775_braver_questions	audit/b775-braver-questions	IDENTIFICATION_BY_TYPE	The entire consciousness<->mathematics correspondence this campaign audits (c, theta, gamma_5 mapped to phenomenological primitives) is explicitly conceded by the arc itself to be 'interpretive, not derived' — a structural/dimension match licensing an interpretation, not forcing one. The arc is unusually honest about this (Phase A finding), which is to its credit, but the underlying program-wide correspondence remains exactly this kind of coincidence-based identification.
B775_braver_questions	audit/b775-braver-questions	OTHER	This arc is an unmerged audit-branch product (cc3's own worktree) with no arc_verdict.json and no FINDINGS.md in the standard sense — it is a self-contained proposal/audit that was later 'folded' wholesale into B777 on main. Treating it as a settled arc would overclaim; its content only became load-bearing once B777 accepted specific pieces of it.
B776_b685_homework	main	OTHER	results.json top-level 'cells' array retains a stale sub-entry for B776-symprod with anchor_reproduced=false, five_appears=false and a note describing the anchor as not-yet-observed — this predates the MM=105 completion. The top-level JSON does carry a 'B784_RECORD_SYNC' field explicitly flagging this as stale and pointing to cells/B776-symprod/results.json (which correctly shows anchor_reproduced=true), so it is NOT an unmarked contradiction, but a reader trusting only the top-level results.json cell entry (rather than the B784_RECORD_SYNC pointer or the cell-level file) would be misled.
B777_braver_questions	main	MISSING_WITNESS	cc's independent SnapPy re-verification of V4-genericity (the load-bearing check that 'defused the #1 falsifier') is reported only in prose in CC_VERIFY_V4GENERICITY.md; no script or output file for this specific re-run is present in B777_braver_questions, so the exact re-computation cannot be reproduced from these committed files alone.
B777_braver_questions	main	OTHER	All four MD files shared with B775 (FINDINGS_FINAL.md, FINDINGS_PARALLEL.md, FINDINGS_THREE_MOVES/_cc3.md, MASTERPLAN.md) are byte-identical copies (diff confirmed) of the unmerged audit-branch worktree content — B777 is a verbatim fold of an unmerged branch's deliverables plus two new cc-authored gate/verify notes, not independently-authored content.
B778_cleanup	main	RETRACTION_NOT_PROPAGATED	The 'cross-arc unification' claim (non-Galois motif across MIRROR/CL-LATIN/B779-R1) is retracted inline within FINDINGS.md itself, so the retraction IS propagated to the primary document; however arc_verdict.json's claim_one_line does not mention the retraction at all (it only covers the 7/7 resolution), so a reader of the verdict file alone would not learn about it.
B778_cleanup	main	FITTED_VALUE	The originally-banked W4-115c headline contained a fabricated 'adjoint 7,815' content string that this cleanup cell had to strip; this confirms fabricated/asserted numbers had previously entered a supposedly-computed claim chain undetected until a dedicated cleanup pass caught it.
B778_cleanup	main	OTHER	The B784 audit narrowed CL-LATIN's 'two independent routes' to 'cross-checked two ways on ONE mechanism' since both share the |.| non-Galois premise — a double-counting correction that stands in the FINDINGS text but the results.json/CC_GALOIS_CROSSCHECK.md files retain the original 'two independent routes' language uncorrected.
B779_convergence_probe	main	IDENTIFICATION_BY_TYPE	R2's six 'golden identities' are largely algebraic consequences of the mixing number's own definition once the two literal torsion values -3 and -5 are fixed by hand; presenting them as a 'cross-check' between two independently-computed arcs (B753 quantum-topology, B425 classical-topology) risks reading definitional self-consistency as an empirical convergence — a type match (both quantities live in the same golden/Eisenstein number-theoretic ecosystem) is being read as physical significance ('the two-column law... appearing inside the mixing matrix itself').
B779_convergence_probe	main	MISSING_WITNESS	R1's Galois-orbit computation and R3/R5's assessments have no committed script in this arc; the numbers and orbit structure are asserted in prose/markdown tables with no reproducible code path in this directory (they may exist upstream in B759/B766/B769/B737/B739, which this seat did not read in this pass).
B779_convergence_probe	main	RETRACTION_NOT_PROPAGATED	R1's own writeup still frames itself partly around the now-retracted 'non-Galois motif' ('this is now the THIRD independent appearance of the same structural motif'), and while CC_GATE_NOTE.md carries the B784 retraction inline, R1_galois_orbits.md itself contains no retraction marker even though its content fed the retracted motif.
B780_galois_reversal_gate	main	SELF_REFERENTIAL_LOCK	classify(*c_sig) and classify(*theta_sig) are called on literal ground-truth tuples that were never derived from the S1/S2/S3 booleans computed above them in the same file; the 'swap fails' test (line 97: swap_c_in_theta_slot = classify(*c_sig)) is testing the SAME literal against the SAME classify() function that trivially maps it by definition — no computed fact could ever make the gate fail, which is exactly the vacuity the arc's own retraction names.
B780_galois_reversal_gate	main	CLAIM_EXCEEDS_COMPUTATION	The original (pre-retraction) FINDINGS.md and results.json headline claimed the gate 'halves the Phase-3 correspondence enumeration 8->4', a phenomenological/interpretive claim about which correspondence 'survives'; the actually-computed content (S1-S3 discriminating facts) supports only that c and theta are distinguishable objects, not that any enumeration is thereby halved — this gap is exactly what B784 retracted.
B781_m003_sister	main	CLAIM_EXCEEDS_COMPUTATION	The committed compute.py/output.txt/results.json determine m003's trace only up to the two-element set {-3,7} (from |2-tr|=5) and then simply assert 'sister = -3' in a comment/print without deriving it; the arc's headline table nonetheless states 'monodromy trace ... -3, COMPUTED' as if derived here, when FINDINGS.md's own later section admits the derivation happened elsewhere (B784) and was not backfilled into this arc's committed script.
B781_m003_sister	main	SUPERSEDED_UNMARKED	FINDINGS.md documents the audit correction in its own 'AUDIT UPGRADE' section (so the FINDINGS text is not unmarked), but the underlying results.json and compute.py were never updated to reflect the corrected derivation — they still encode/print the pre-audit assertion as if final, so a reader of results.json alone (without FINDINGS.md's addendum) sees the unresolved candidate set silently collapsed to -3.
B782_choice_incomputability	main	IDENTIFICATION_BY_TYPE	The arc firewalls its own interpretive content correctly in text ('the observer/Born interpretation is priced to C18, firewalled... No consciousness claim'), but the underlying move — reading an abstract regular-action-has-no-fixed-point fact (true for ANY nontrivial group acting on itself, not special to this object) as 'the object structurally cannot choose, so an observer is needed' — is exactly a dimension/structure-type coincidence being offered as physical necessity; the group-theoretic content computed here (freeness of a regular action) is a tautology once the (Z/2)^3-torsor premise (imported from B766/C20) is granted.
B783_observer_ground_zero	audit/b775-braver-questions	MISSING_WITNESS	B1_theta_test.txt cites 'Independent verification: scratchpad/theta_verify2.py, theta_verify3.py' but neither file is present among the arc's 11 committed files; the independent-check claim cannot be reproduced from what is committed.
B783_observer_ground_zero	audit/b775-braver-questions	MISSING_WITNESS	B2's central 'gamma_5 = reversal + complement' result (rotation-angle test, cutting-sequence 'Test 4: 50/50 position match', frequency-invariance check 'for F_2 through F_11') is described as computed but no script producing it is in the committed directory -- A1.py does not implement it.
B783_observer_ground_zero	audit/b775-braver-questions	CLAIM_EXCEEDS_COMPUTATION	B1 declares P16.1 (tracking=theta) 'CONFIRMED... Confidence: HIGH' based on a word-level algebraic identity (sigma_mirror = R.sigma.R), but the arc's own adversarial pass (C2 Attack B) shows no trace-map intertwining was demonstrated between this word-level theta and the character-variety theta of A2 -- 'they share a name but not a demonstrated mathematical connection.' The HIGH-confidence label in B1 is not walked back to reflect this gap even though C2 (same arc) identifies it as the second-strongest attack.
B783_observer_ground_zero	audit/b775-braver-questions	IDENTIFICATION_BY_TYPE	The entire proposal-#16 framework identifies pointer 'binary choices' (direction, tracking, level) with the F_2^3 torsor generators (theta, gamma_5, c) chiefly because both sides are Z/2-valued; the arc's own Attack D ('Bit-type coincidence is not structure') calls two of the three assignments 'numerological or worse' precisely on these grounds.
B784_trace_map_intertwining	audit/b775-braver-questions	NUMERIC_ONLY_NO_EXACT	The claim that ι is OUTER (no inner S) on generic non-self-dual SL(3) rests on 5-10 random complex-floating-point SL(3) trials with an SVD nullity cutoff of 1e-10, not an exact/symbolic non-existence proof.
B784_trace_map_intertwining	audit/b775-braver-questions	OTHER	Arc lives entirely on an unmerged branch (audit/b775-braver-questions); PROGRESS_LOG explicitly records 'B784 never merged, main untouched.' Its actually-banked content reached main only via the separate B785/B786 harvest arcs, so a stranger reading only 'main' would not find this arc's corrected θ-triviality reasoning except as filtered through B786.
B784_trace_map_intertwining	audit/b775-braver-questions	RETRACTION_NOT_PROPAGATED	FINDINGS.md documents its own retraction cleanly (marked CORRECTED/ADDENDUM in-place), so within this file the correction IS propagated; flagged here only because the ORIGINAL uncorrected claim (θ closes 1 bit, score 2/5) is exactly the class of error later invoked a third time against a B1009 cc3 claim, per the log -- i.e. the underlying failure mode recurred even though this instance was caught.
B786_torsor_theta_iota	main	SUPERSEDED_UNMARKED	B786's FINDINGS.md and arc_verdict.json (superseded_by: null) still present the rank-4 (full non-self-dual SL(3)) claim as CONDITIONAL on cc3's S-derivation, but the log records a same-day follow-up arc B787 sharpening this to UNCONDITIONAL via an independent mechanism (A5-ambivalence + monodromy inversion), and a later audit (B817, 2026-07-30) explicitly calls out that 'B786's claim stopping at its own content' without reaching B787's refinement is a known gap. B786's own committed files were not updated to point forward.
B787_interaction_programme	main	SUPERSEDED_UNMARKED	FINDINGS.md section 3's completion checklist still says the test-lock is 'NOT DONE', while section 4 (later in the same file) says it 'is written' — an internal inconsistency in the banked document, not corrected in place. (The file does in fact exist and does lock the claims, so the newer statement is the accurate one, but the stale row was never struck or updated.)
B787_interaction_programme	main	OTHER	The Phase-3 relabeling propagation is recorded as settled ('DONE (assessed, no relabel forced)') in the completion checklist, but the same document's own prose says the underlying per-label recomputation 'was NOT run' — the checklist status overstates what was actually computed for that item.
B790_maass_adjudication	main	MISSING_WITNESS	The rigorous-sounding S1 bound lambda_1(m004)<=51.014 rests on a numeric list (Grunewald-Huntebrinker Table 3 values) that the script's own comment says was transcribed from a secondary report, not read from the primary source in-sandbox, and is explicitly 'UNVERIFIED.' No committed artifact (PDF, table, or citation-checked transcription) lets a stranger verify these 12 numbers against the primary paper.
B790_maass_adjudication	main	OTHER	Length-spectrum computations (L1, L2, L2', L3 family) depend on SnapPy, an external non-committed geometry package; the digest cannot independently confirm reproducibility of the 134/150 geodesic counts and their traces from the repo alone.
B790_maass_adjudication	main	OTHER	The arc's own ADDENDUM documents that its first-pass null-model calibration for the l_0/l_51~sin^2(theta_W) near-miss was wrong twice in a row (a never-preregistered uniform null, then a miscoded 'Weyl-matched' density using e^l instead of the correct e^2l for H^3), before a third, pool-matched pair of nulls (p=0.20, p=0.75) settled the MISS. This is disclosed transparently rather than hidden, but it shows how fragile a look-elsewhere-budget verdict can be to null-model choice — three different nulls gave p=1.000, p=0.005, and p=0.20-0.75 for the same nominal 'MISS'.
B791_weyl_completeness	main	MISSING_WITNESS	verify_bank_structure.py, the arc's independent structural verification, requires an external unvendored directory (B788_BANK env var) not present in this repo; a stranger cannot reproduce the check as committed.
B791_weyl_completeness	main	OTHER	The arc's central load-bearing literature number (lambda_1(parent)=51.014) originated from a research subagent's false claim to have read a paywalled PDF; this was flagged 'possibly model-fabricated' then downgraded to 'corroborated' by a different computation, but never verified against the primary. The whole GATE8R2 sequence (and B793) still rests on this unverified secondary transcription.
B791_weyl_completeness	main	OTHER	FINDINGS.md documents two internal errors in this same arc (a factor-of-dim(V_i) mistake in the completeness criterion, and a distinct-vs-with-multiplicity mismatch, 'THE MULTIPLICITY TRAP') both corrected in-place with the erroneous derivation left visible above a correction banner — handled transparently, not concealed, but shows the arc's headline claims changed direction twice within one day.
B792_maass_m004_eigenvalues	audit/b775-braver-questions	OTHER	This entire arc directory lives only on branch audit/b775-braver-questions, not on main; main's harvested version (per the progress log) has fewer eigenvalues and drops several per-eigenvalue diagnostic fields. The packet's 'source' field ('audit/b775-braver-questions') confirms this is being read off a worktree, not the trunk the thesis's other claims build on.
B792_maass_m004_eigenvalues	audit/b775-braver-questions	SUPERSEDED_UNMARKED	groundwork.txt and sector_projection_results.txt (raw stdout artifacts) still literally say 'transcription VERIFIED' for the 51.014 parent value; this phrasing is explicitly retracted in FINDINGS.md's own header ('This section previously said transcription VERIFIED — the durable statement is weaker') and in B791/PROVENANCE_ALERT.md. The retraction is visible in FINDINGS.md itself so this is a frozen-log artifact, not an active uncorrected claim, but a reader consulting groundwork.txt alone would be misled.
B792_maass_m004_eigenvalues	audit/b775-braver-questions	NO_TEST	No arc_verdict.json exists for this arc (has_verdict: false in the packet), so there is no single sealed claim-of-record to audit against — the reader must reconstruct the arc's status entirely from FINDINGS.md prose.
B793_gate8r2a_parent_localisation	main	OTHER	This arc is itself a red-flag-finding arc about a different (external, unvendored) arc's methodology: it demonstrates that a widely-cited 'parent-validated, 10-digit agreement' result (Gate 8R, from the external B788 bank) was internal optimiser convergence inside a supplied 2e-4 window, not independent eigenvalue detection. This is exactly the kind of methodological problem the seat should flag upstream wherever B788's Gate 8R claim is cited as validation.
B793_gate8r2a_parent_localisation	main	GITIGNORED_WITNESS	The bank's own regression/lock tests are documented as literally absent from the delivered archive (not merely gitignored) — stronger than the standard *.log/*.out gitignore pattern, since here the tests themselves were never shipped, meaning no one, inside or outside this repo, can currently run B788's own test suite.
B794_congruence_level4	main	SUPERSEDED_UNMARKED	"arc_verdict.json's claim_one_line still reads ""refuting the narrower norm-split claim,"" but FINDINGS.md's own later addendum (dated 2026-08-06, headed 'LEVEL RECONCILIATION') concludes the opposite for the norm-level statement: 'The hint H-B788-NORMSPLIT ... therefore SURVIVES at its own level.' The verdict record was not updated to reflect the addendum that supersedes part of its own one-line claim."
B794_congruence_level4	main	OTHER	FINDINGS.md documents that an earlier reconciliation pass ('the earlier 41 with five odd') itself conflated trace-level and norm-level counts before being corrected again on 2026-08-06 — a claim that was revised twice within the same file, underscoring that the figures quoted by the log (e.g. PROGRESS_LOG's flat 'mod-4 trace law PROVED') do not carry the nuance that the law is trace-level absolute but norm-level only for m004-exclusive norms sharing structure with m003.
B795_eigenvalue_verification	main	MISSING_WITNESS	The log (Review 36) reports that a downstream file, eigenvalues_final.json, carries only 6 of the 17 eigenvalues its own table certifies — a defect adjacent to, though not inside, this arc's own directory; readers relying on B795's '7/7 confirmed' headline without also seeing this log line would not know the broader spectral inventory has a data-completeness gap.
B795_eigenvalue_verification	main	SELF_REFERENTIAL_LOCK	The claim of existence for r=8.863405356 rests on cc's own collocation instrument, whose truncation parameters were tuned upward specifically because the first choice nearly produced a false negative for that same value (documented candidly in FINDINGS.md as error (2)); the fix is well-documented but the eigenvalue's confirmation and the instrument's calibration were adjusted together in the same arc.
B796_coupling_campaign	audit/b775-braver-questions	LOG_DRIFT	The only progress-log entry indexed for this arc (Review 32, 2026-07-29) records B796 as 'in flight, not harvestable'; the arc's own internal loss-audit (dated 2026-08-05, after the log entry) states the full 44-artifact corpus, including negative/refuting results (Hecke abort, level-1-lift exclusion, spin fork) that could correct main's public claims, was never re-triaged after landing and remains 100% unharvested onto main -- main's public state (CAMPAIGN_STATUS, README's B915 crossing) is stale relative to work this branch completed.
B796_coupling_campaign	audit/b775-braver-questions	GITIGNORED_WITNESS	Several cell-9 numeric witnesses are .txt files (cell9_lam2_real_log.txt, cell9_parent_real_log.txt, cell9_shakedown_log.txt, cell9_pslq_lam2_firstpass.txt) which under the stated repo-wide rule (*.log/*.out gitignored) are not themselves flagged, but the verdict explicitly states the one file that WOULD demonstrate a completed run (a shakedown log) 'stops after n=782 modes' -- i.e. even the non-gitignored witness that exists is incomplete, not that a witness is silently missing due to gitignore.
B796_coupling_campaign	audit/b775-braver-questions	RETRACTION_NOT_PROPAGATED	Main simultaneously banks H-B788-NORMSPLIT as RETRACTED (in HINT_LEDGER and a locked test) and as SURVIVES-at-the-norm-level (banked separately by cc); the reconciling computation exists only on this branch.
B796_coupling_campaign	audit/b775-braver-questions	RETRACTION_NOT_PROPAGATED	LAW_MAP:147 still asserts 'THE OBSERVER IS BUILT (B723)' with the exact clause already refuted by B849/B851, uncorrected in the law register.
B796_coupling_campaign	audit/b775-braver-questions	MISSING_WITNESS	cell9_sec16_verdict3.md's own sealed text cites a provenance document (cell9_sec16_verdict2.md) as the site of the second-pass required changes, but that file does not exist in the repo; the changes reportedly live 'only in session memory'.
B796_coupling_campaign	audit/b775-braver-questions	FITTED_VALUE	scale_weight_ledger/FINDINGS.md explicitly warns that its 7 new weight-0 dimensionless numbers are an unusually attractive look-elsewhere trap and forbids testing them against physical constants outside a fresh sealed preregistration -- self-aware of, but does not eliminate, the risk that a future arc will informally fit one of these to a PDG value.
B796_coupling_campaign	audit/b775-braver-questions	OTHER	functor_obstruction/CLAIM_DROP_ADJUDICATION.md documents the audit seat's own headline overstating its finding (claimed '75% of self-fencing arcs have unfenced claim lines' as a defect rate when top-of-ranking measured precision was only 44%) -- a self-caught overclaim inside the very instrument built to catch overclaims.
B796_coupling_campaign	audit/b775-braver-questions	OTHER	The functor_obstruction/FINDINGS.md flags an unresolved 'candidate defect': R11 licenses a CONTINUOUS dimensionless frame anchor (a real number) on the strength of theorems (B782, B936) that only establish a DISCRETE deficit (a bounded number of bits) -- explicitly unadjudicated, handed over open, and directly relevant to whether 'parameter-free -- zero free dimensionless parameters' is an earned claim.
B796_coupling_campaign	audit/b775-braver-questions	IDENTIFICATION_BY_TYPE	s4_closing_types' original identification of the 'rank' external-input closing with the 8x1 diagram automorphism tau rested on tau being 'the only rank-reducing involution' -- a type/dimension coincidence (both look like a single F2 bit) later shown by tau_vs_singlet to be a category error: the cascade's actual rank drop 6->4 is effected by two VEVs, neither an involution.
B797_maass_spectrum_harvest	main	MISSING_WITNESS	No solver/generating script for eigenvalues_final.json, mode_count_certification.json, sector_projection_results.json, or sm_comparison_results.json is present in this arc's directory; all are stated to originate from cc3's B792/branch code, not committed here.
B797_maass_spectrum_harvest	main	OTHER	The committed eigenvalues_final.json silently held only 6 of the 17 certified eigenvalues for a period (caught 2026-08-01 by a later arc, B846/B845, and patched with a completeness_note) -- a machine reader of the file during that window would have gotten a wrong (partial) spectrum.
B798_falsifier_power_box	main	MISSING_WITNESS	The entire arc is two documents (FINDINGS.md, arc_verdict.json) with no script or test computing the power-law table or the cost table; a stranger cannot reproduce either table from committed files.
B801_negative_census	main	LOG_DRIFT	The arc's own headline coverage figure (66%) was identified three days later by a different arc (B833) as a unit mismatch -- the correct arc-for-arc coverage is 33.5%, roughly half the stated figure. FINDINGS.md and arc_verdict.json in this arc are not marked with this correction.
B801_negative_census	main	SUPERSEDED_UNMARKED	B801's coverage_pct=66.08 in census.json and the claim_one_line in arc_verdict.json ('coverage at 66%') stand uncorrected in this arc's own committed files even though a later arc corrected the figure to 33.5% for arc-level coverage.
B802_cc3_b783_harvest	main	OTHER	The arc explicitly scopes out several of cc3's original claims (the tracking-map parent(sigma)=child(sigma_mirror), the 1/5 scoring of proposal #16, the K-theory positive-cone identity) as 'cited, not re-derived' -- those remain unverified by this seat, resting solely on cc3's evidence.
B803_commensurability_audit	main	MISSING_WITNESS	verify.py's docstring admits the snappy-derived trace-field/volume/H1 table -- the arc's foundational premise -- was run externally in sage, not in this committed script, because 'snappy is sage-gated in this environment'; no sage script or transcript is committed.
B804_dirac_spectrum	main	OTHER	The arc documents a genuine methodological catch: a first-draft falsifier at Cell 2 was placed before the literature gate that would have excluded its kill branch by theorem, making the falsifier unable to ever fire; corrected in the revised prereg before compute, and recorded in docs/PRACTICES.md.
B805_forcing_graph	main	OTHER	The arc's own two committed files (FINDINGS.md, arc_verdict.json) do not include the script/data files (scripts/forcing/build.py, forcing_graph.json, tests/test_b805_forcing.py) that produce the headline 77%/6-of-11 numbers -- those live outside this arc directory per the packet.
B806_lexicon_blindness	main	LOG_DRIFT	Headline coverage statistic (93.3% -> corrected in-place to 0.8845, later measured elsewhere at 0.8496) drifted twice as the corpus grew; the arc's own text flags this honestly with a '> DRIFTED' annotation rather than leaving it silently wrong.
B806_lexicon_blindness	main	MISSING_WITNESS	Generating scripts for the classifier precision/recall figures and motif-coverage percentages are not present in this arc's own directory (only FINDINGS.md and arc_verdict.json).
B810_verdict_wave1	main	MISSING_WITNESS	The workflow that generated 287 verdicts (12 parallel LLM reader-agents) has no committed script or raw output log in this arc's directory; only the summary FINDINGS.md and arc_verdict.json are present.
B811_hint_promotion_gate	main	OTHER	The arc honestly identifies its own null-test design flaw for H130 (a phi-power family cannot test a rational-coincidence hypothesis) rather than treating the N_hit=1 result as strong evidence; it reports the promotion as procedurally correct while flagging that the 'correct null' (a simple-fraction family) was never sealed or run.
B812_physics_path_map	main	OTHER	Two of the map's ten rows were corrected in-place after initial publication (the L91 gate mis-identified as the dictionary blocker for the majority of targets; the 3d-3d row mis-stated what B561 actually closed) -- both properly labeled as CORRECTION sections with dates, not silently fixed, so this is good practice rather than a defect, but shows the initial synthesis had real errors.
B813_cs_theta_type_audit	main	MISSING_WITNESS	The entire refutation rests on citations to nLab pages and one arXiv paper's abstract, disclosed by the arc itself as appropriate only for 'a type audit' and explicitly 'not sufficient for Cells 2-3' of the fuller programme; no committed code or primary-source excerpt substantiates the type-mismatch table beyond prose.
B814_gate_d	main	OTHER	The verdict strength is explicitly capped by the arc itself as 'STRONG EVIDENCE, not proof' since B370's third-order unobstructedness result is 'conditional by nature (higher orders untested)'; a component of dimension 1 remains logically possible if fourth-order-or-beyond obstructions selectively annihilate five of six directions. Honestly disclosed, not a defect.
B815_kappa_precision_note	main	MISSING_WITNESS	No arc_verdict.json exists for this arc (per the packet, has_verdict:false) and the referenced fleiss_kappa.py script/synthetic-data generator is not among this arc's committed files.
B817_verdict_wave2	main	SUPERSEDED_UNMARKED	Section 6's original claim about the unverdicted residue is struck through and replaced in-place with a note pointing to B819's correction -- this IS marked (good practice), included here only to note that the arc_verdict.json's claim_one_line does not carry the correction forward; a reader of arc_verdict.json alone would not see the B819 fix.
B817_verdict_wave2	main	LOG_DRIFT	2 of the 11 verdicts written from the untested (OPEN/RETRACTED) portion of the four-category vocabulary were later found wrong by B818 (both should have been PROVED, not RETRACTED) -- an 18% error rate in the untested-category writes, as B817 itself predicted might happen.
B822_lexicon_gate_fix	main	SELF_REFERENTIAL_LOCK	The gate's ceiling counts substantial blind arcs, and writing THIS arc's own FINDINGS.md (a substantial instrument arc with no lexicon motif) immediately incremented the count from 8 to 9, breaking the ceiling the arc had just set -- the arc discloses this itself and the next arc (B823) redesigns the gate from a threshold to a triage registry specifically to fix this.
B824_charvar_motif	main	MISSING_WITNESS	Corpus-share percentages asserted without the counting script or corpus file in the read set; only the cited test filename is given.
B825_markov_motif	main	MISSING_WITNESS	8.3%/75.8% figures asserted without the corpus/counting code being part of the sampled files.
B827_progresslog_recovery	main	SUPERSEDED_UNMARKED	B827 asserts 'four duplicated authoritative filenames' found in one review; a later arc (B830, same batch) computes the true count is two and says B827's claim 'is wrong.' B827's own FINDINGS.md file as read here is not marked with this correction inline.
B830_b720_recompute	main	IDENTIFICATION_BY_TYPE	A3's 'no local DOF' conclusion rests on dim H^1=6 (E6) and 1 (SL2) being imported as bare integers from other arcs (B575/CLAIMS E14) rather than recomputed here; the file's own docstring calls them 'Banked, both locked elsewhere' -- a citation dressed as a computation cell alongside two genuinely computed cells.
B832_verdict_wave3	main	OTHER	Wave 3's reader panel unanimously or near-unanimously overturned three corpus verdicts (B61, B556, B746) toward PROVED, but the arc explicitly declines to relabel them pending a vocabulary-rule change, deferring the correction to B834.
B834_wave3b	main	OTHER	arc_verdict.json for B834 (and siblings B835-B840 in the same batch) carries a 'retro-authored 2026-08-27 (B1176, R50-4)' provenance note stating the arc predates the arc_verdict discipline and the verdict is reconstructed after the fact from FINDINGS.md rather than authored contemporaneously.
B835_lock_repairs	main	OTHER	Widening the trace_map floor from an unstated prior value to 0.40 (a threshold the data itself moved below) risks becoming a threshold that 'follows the data' -- the arc explicitly acknowledges and tries to counter this by asserting an ORDERING invariant (trace_map > kappa) instead, but the floor-widening itself is exactly the failure mode Review 35 elsewhere calls out.
B840_close_loose_ends	main	MISSING_WITNESS	The R2/V3 'blind' physics-flavored result (orbit counts, charge splits, triple intersections on a 27) and the description of three independently-fixed bugs are both asserted narratively with no code/output file included in the packet to verify.
B840_close_loose_ends	main	OTHER	An unresolved numeric discrepancy is explicitly carried open: the script computes bronze trace field degree 8 while the prereg cites B578-D6 for degree 6, with no reconciliation attempted here.
B842_face_attachment	main	MISSING_WITNESS	The kappa=0.8732 and consistency percentages are load-bearing for the arc's PASS verdict but the packet did not include B842's calibration_ratings.json (unlike B832/B834 where it was included), so this specific arc's numbers could not be checked against raw data in this read.
B845_spectral_inventory	main	MISSING_WITNESS	The arc explicitly documents that the committed machine-readable artifact (eigenvalues_final.json, 6 entries) contradicted its own FINDINGS.md prose table (17 certified) -- meaning a downstream consumer reading the JSON directly (not the prose) would get a silently truncated, wrong spectrum. Fixed by a later arc (B846) per the Carried section, but stands as a documented instance of a committed artifact disagreeing with the claim of record until patched.
B848_handoff_verification	main	RETRACTION_NOT_PROPAGATED	The arc documents that the incoming bundle's own correction of the eigenvalue count (17, not 43) was recorded in only one of six delivered documents; four companion documents (reframe, master handoff, workplan) still state 43 at the time this arc was written. This is a defect IN the reviewed material that B848 catches, not in B848 itself, but the propagation gap is explicitly still open per RELAY_BACK.md.
B849_order_parameter	main	IDENTIFICATION_BY_TYPE	The arc itself names the pattern: the reframe's chirality=order-parameter identification is diagnosed as importing intuition from the Q case (where Gal(Q^ab/Q) does contain complex conjugation via the cyclotomic character) into the K=Q(sqrt-3) case where the analogous group (Gal(K^ab/K)) is strictly smaller -- a right-object-wrong-level error the arc catches rather than commits, which is a strength, but the underlying physical claim being tested (chirality as a Galois-label order parameter for a beta=1 SSB) is itself only ever supported by a group/type coincidence in the source arc B723, not by an independent physical measurement.
B850_length_spectrum_type	main	SUPERSEDED_UNMARKED	FINDINGS.md's own section 4a (dated 2026-08-03) corrects the Cell 4 multiplicity ordering and explicitly says the original reading 'does not survive', but the committed results.json artifact in this same arc directory was NOT updated to include the corrected m009/m136 data -- it still shows only the superseded m003/m015-only comparison. A downstream reader consulting results.json rather than the full FINDINGS.md prose would see the old, now-retracted table.
B850_length_spectrum_type	main	IDENTIFICATION_BY_TYPE	The core reduction (dense length spectrum => type III_1 von Neumann algebra) is explicitly and repeatedly flagged by the arc itself as a DECLARED CITATION not verified in this sandbox, with a named specific weak point (cusp excursions / infinite invariant measure breaking the compact-Anosov transfer theorem) -- the arc is careful about this, but the physics interpretation (an operator-algebra type standing in for whether an SSB clock is 'spontaneous') still rests on an unverified type-theoretic identification.
B851_bc_litgate	main	IDENTIFICATION_BY_TYPE	The arc explicitly diagnoses its own risk: the reframe's chirality-as-order-parameter idea may be imported intuition from the well-known Q-case (where Gal(Q^ab/Q) via the cyclotomic character DOES contain complex conjugation) into the K=Q(sqrt-3) case where the analogous but distinct group does not -- a same-shape-different-object confusion the arc names directly as the likely source of the original claim's error.
B852_parabolic_pressure	main	OTHER	The arc is unsealed (not preregistered) by its own explicit declaration -- numerics were run exploratorily in scratch before the write-up existed. This is disclosed prominently and honestly, but per the seat's own rules elsewhere in this campaign (B852's own text: 'a preregistration authored after seeing results is worse than none'), this is a genuinely weaker evidentiary class than the sealed arcs (B849, B850) it sits beside, and the arc's own carried-forward list commits to sealing future related work (T3, T5, T7) rather than repeating this.
B853_two_faces_ssb	main	IDENTIFICATION_BY_TYPE	The overall synthesis rests on placing SSB ingredients (order parameter, potential, vacua) that exist on a Q(sqrt5) 'face' and object-specificity (class group) that exists on a Q(sqrt-3) 'face' into a single narrative via B261's claim that 'one AJ operator carries both ends' -- explicitly flagged by the arc itself as 'an analogy and not a result... needs its own gate before it carries anything', so the synthesis's physical interpretation (that this is one coherent SSB mechanism) is presently a structural coincidence across two number fields rather than a demonstrated single mechanism.
B855_wrong_null_audit	main	OTHER	Self-reported bug in an earlier draft of this same script: a hardcoded class-value override of computed volumes would have forced every row to index 12 by construction; caught and fixed before banking, and the fix is documented in-code (a positive process note, not a live defect).
B856_hearing_family_law	main	NUMERIC_ONLY_NO_EXACT	All h(m) and |h|^2 values are computed with numpy floats/tolerances (1e-9 to 1e-16), not exact symbolic/rational arithmetic, despite FINDINGS.md language like 'h(5) = -1 exactly' and 'the two golden ones sum to exactly 1'.
B856_hearing_family_law	main	OTHER	Arc self-reports a prior-art failure: the headline observer-invariance claim duplicates B641 (sixteen days earlier, at 44 more digits, over the whole group) and was 'read as new'; corrected in place same day.
B857_voice_splitting	main	OTHER	Arc explicitly documents a case where an absence claim ('zero golden markers') rested on a grep over artifacts that predate the relevant discrete-spectrum arc (B797) by a week -- exactly the pattern this audit is instructed to sweep for.
B859_sm_handoff_scrutiny	main	MISSING_WITNESS	The OP theorem verification (818626500*sqrt3, precision claims to 1e-28/1e-32) is described in FINDINGS.md but no script computing it is among the four committed files in this arc directory -- only cascade_gate.py (the h-dual/chirality-gate repair) is present.
B859_sm_handoff_scrutiny	main	OTHER	-1-in-W(family,rank) is a hardcoded classification table in code, not computed from the group's own root/Weyl data in this script; correct textbook fact but ASSERTED rather than COMPUTED within this arc.
B860_step3_bit	main	OTHER	The central selection result depends on a premise the arc itself states is 'not yet a theorem' and 'one step from native' -- i.e. the SM's uniqueness at step 3 is conditional on an assumption about what counts as a legitimate physical measurement, not purely on computed algebra.
B861_fused_cascade	main	IDENTIFICATION_BY_TYPE	The representation-content menus at each cascade step (which irreps the 27/16/10+5bar decompose into under each candidate subgroup) are entered as hardcoded data matching standard GUT branching tables, not computed from an explicit embedding/root-system construction within this script -- a type-match against textbook group theory rather than an independent derivation.
B862_global_form	main	SUPERSEDED_UNMARKED	ADDENDUM_2026-09-01.md explicitly deflates two headline claims in the banked FINDINGS.md ('resolving a genuine structural ambiguity of the SM, for free' and 'the first place in the programme where the selected structure outperforms the SM's own data'), stating per B1221 that the Z6 form is path-independent and was 'known since 1980' so 'the selection framing adds nothing... and that is exactly why it is not new.' But arc_verdict.json's claim_one_line was NOT updated and still states the unscoped framing ('resolving a structural ambiguity the SM itself cannot') without any pointer to the addendum's correction.
B865_padding_lemma	main	OTHER	Arc self-reports a caught defect: a first-draft script built multisets from dict literals with duplicate keys, which silently collapse (later keys overwrite), giving wrong singlet counts in an earlier results.json -- no verdict was affected (singlets are self-conjugate, so the lemma itself guaranteed no verdict change), but the recorded data was wrong until rebuilt from lists.
B866_charge_cubic	main	OTHER	The support_2T_third_route/ directory (README says 'supporting scratch, no new claims') contains a full exact census of non-principal 2T-in-E6 embeddings showing MOST non-principal orbits give NON-ABELIAN centralizers -- including at least two orbits (121011, 001010) with dim Cent(2T)=4 and dim[C,C]=3, i.e. structurally su(2)+u(1)-shaped, the exact algebra B854 refuted for the PRINCIPAL embedding. This directly and substantively answers B854's own 'carried forward' open question (non-principal embeddings might yield a non-abelian centralizer) but sits in unbanked scratch material with no arc_verdict.json or FINDINGS.md, so this finding is not tracked as an arc, has no verdict, and would be easy to miss.
B866_charge_cubic	main	MISSING_WITNESS	This arc's own det-polynomial script (the primary instrument computing the S3 cubic and the 46-dim TYPE check) is not among the files listed for this arc in the packet -- only FINDINGS.md, arc_verdict.json, and the support_2T_third_route/ subdirectory (a different, independent route) are present.
B868_three_involutions	main	OTHER	The absence claim 'c appears nowhere in the cascade' is established by a plain string grep for 'conjugate(' and '.conj()' in three named files -- a real but narrow check (matches the seat's own stated methodology rule that a grep is not a proof of absence, though here the object being checked is the repo's own small codebase rather than an external mathematical fact, which somewhat mitigates the concern).
B869_false_positive_control	main	OTHER	This arc's results.json (14219 bytes) and false_positive_control.py (14734 bytes) were only sampled (first ~60/120 lines each per packet SAMPLE_CODE/mode), so the full endpoint-census logic for so(14) and the Sym^2 negative control -- the two cases doing the actual G4 falsifiability work -- was not directly inspected in this pass; the claim_of_record above rests on FINDINGS.md's description of that logic, not on this seat's own read of the code that produces it.
B870_lift_obstruction	main	OTHER	B977 progress-log entry (2026-08-08) lists B870 as one of '13 arcs sit at PENDING' for gate G7, apparently referring to the synthesis-layer registration debt (LAW_MAP / SM verdict citation), not a mathematical retraction; no contradiction found in the arc's own files but the PROVED-vs-PENDING framing across the log is confusing and should be tracked at the synthesis-recovery level.
B871_registering_datum	main	OTHER	The arc's central object ('registering measurement') depends on importing B861's menu data (fused_cascade.py) as an external module at runtime rather than restating it; if B861 is later revised the dependency is silent unless re-run.
B872_coset_leg	main	RETRACTION_NOT_PROPAGATED	PROGRESS_LOG.md's 2026-08-03 headline for B872 still reads 'the sector charge is COMPACT', which the arc's own FINDINGS.md sec 4 explicitly retracts in favor of a REAL split-torus spectrum. The log was not amended and a reader scanning only the log would carry the wrong (retracted) claim forward.
B872_coset_leg	main	NUMERIC_ONLY_NO_EXACT	LEG B is 40-digit mpmath numerics, not exact field arithmetic; arc itself flags the exact-Q(rho) pass as still queued.
B873_p5_gate	main	OTHER	arc_verdict.json's creates_law_reviewed block records that B873 was classified as VERIFICATION (not a new law) on 2026-08-29 'without' the full read given to 13 other arcs in the same audit pass -- the asymmetry is disclosed by the reviewer but means this particular classification call carries lower assurance than its siblings.
B874_measurement_ladder	main	SUPERSEDED_UNMARKED	arc_verdict.json's claim_one_line (the file recorded as the 'claim of record') states the step-2 negative unqualified ('the complete ladder is {78,46,30,12}... SU(5)xU(1) is not a charge-measurement stratum') and does not mention either the 2026-08-05 AMENDMENT (which explicitly calls this an overgeneralization and adds ladder values {18,14}) or the 2026-08-18 scope-narrowing to the real field. A reader who consults only arc_verdict.json (the designated claim-of-record file) would carry an overclaim that the arc's own FINDINGS.md later retracts in two separate dated sections.
B875_triality_tiling	main	OTHER	Same creates_law_reviewed 'classified without full read' disclosure as B873 (2026-08-29, B1214 audit) -- a lower-assurance classification, self-disclosed.
B876_descent	main	OTHER	The claim that the result extends to the other two Galois-conjugate roots rests on a symmetry argument, not an independent rerun; if the S3 symmetry assumption used to extend the result is itself imperfect (e.g. broken by the numeric construction's arbitrary choices, such as the specific z=x8+0.371*x16 direction), this would not be caught by the committed evidence.
B877_fmt_review	main	MISSING_WITNESS	The reviewed theorem's own reproducer manifest (REVIEWED_DOCUMENT.md sec 6) names levi2.py, levi3.py/levi_exact.py, levi7.py, levi8.py, levi9.py, levi10.py as the certificates for clauses B (core type), B-span, and the D-cyclic mod-p lower bound. None of these six files exist anywhere in the current repository (confirmed by a repo-wide search). Only 3 of 9 named reproducers (levi6.py, fmt_combined.py, fmt_phase2b.py) are actually committed and rerun. The review's own note calls the levi2.py gap 'not blocking' because an equivalent squeeze closes it by argument, but this does not restore the missing witness file itself, and the other four missing scripts are not similarly discussed.
B877_fmt_review	main	OTHER	reproducers_rerun/results.json's content (fields K_C_rank, K_e6_restricted_det, invariant_rank=4, verdict='ABELIAN -- u(1)^4, NOT su(2)+u(1)') does not correspond to any of the three printed script outputs in rerun_output.txt (which report mu-root factorizations, block-36/12 determinant identities, and sum-freeness tests). This results.json appears to be leftover/stale from an unrelated check, not a witness for the reruns actually documented in rerun_output.txt.
B878_maass_upper_window	main	OTHER	This arc harvests deliverables from a branch that is explicitly 'never merged' under a standing integrate-don't-merge rule; the primary arb-certification computation for the 26 new eigenvalues lives only on that unmerged branch (not in main's git history), so the committed record in main depends on trusting the branch's own three-pass Sec-16 review rather than an independently reproducible computation in the mainline repository.
B878_maass_upper_window	main	NO_TEST	The SM-comparison null-result tests (Test 1-3 described in branch_FINDINGS.md, including specific p-values) have no corresponding script committed in this arc's directory -- only the prose summary of results is present, so a stranger cannot rerun the base-rate-controlled PSLQ/surrogate protocol from what's committed here.
B879_selection_cochain	main	OTHER	This is a large (30-file) cross-seat harvest/reconciliation package (cc3 -> cc banking seat) preserved verbatim; the packet's own addendum downgrades 3 of 6 claims (C1, C2, C3) from 'independent new law' to 'extension/corroboration of existing banked law' -- an honest self-correction, not concealed, but it means the FINDINGS.md headline framing ('six claims verified') somewhat overstates independence for half the claims unless the reader continues to the reconciliation section.
B879_selection_cochain	main	OTHER	creates_law_reviewed (B1214, 2026-08-29) retroactively classified B879 as NOT a law-creating arc ('VERIFICATION -- it re-derives or confirms a result stated elsewhere'), and states plainly that this classification was NOT read in full before the decision, unlike 13 other arcs that were read in full -- an acknowledged asymmetry in review rigor for this specific arc.
B880_triality_signature	main	NUMERIC_ONLY_NO_EXACT	The headline zero/nonzero Hom-dimension distinctions (the entire triality-signature verdict) rest on mpmath floating-point SVD/eigendecomposition with fixed numeric tolerances (1e-14 to 1e-27), not exact rational or algebraic arithmetic, despite the underlying E6 data (INV[8], INV[16]) being exact Fractions. The 'certificate' step (checking a candidate kernel vector against all 28 generators) bounds the residual but does not eliminate the numeric-precision dependency of the initial SVD nullspace/eigenspace splits themselves.
B881_coset_table	main	NUMERIC_ONLY_NO_EXACT	Same pattern as B880: exact Fraction-based E6 frame feeds a numeric mpmath eigendecomposition/grading pipeline with fixed tolerance thresholds; the single-target verdict (28 nonzero cells each hitting exactly one target) depends on cluster thresholds (e.g. 1e-8 relative norm cutoff at line ~325) rather than exact zero/nonzero algebra.
B881_coset_table	main	OTHER	PROGRESS_LOG (B977/L143, 2026-08-08) lists 'descent stage 2 (B881)' among 13 arcs that 'sit at PENDING' in a gate for rows that were never written to some downstream ledger/registration surface -- worth checking this does not indicate the PROVED verdict was never actually registered anywhere consumable, only that the row itself is logged as pending elsewhere.
B882_magic_square_naming	main	IDENTIFICATION_BY_TYPE	The core claim is a dimension/structure match (so(8)+u(1)^2+3x16, dim 78) between the repo's build and a classical named object (M(O,C)); FINDINGS.md itself records that a secondary source's competing claim ('tri(C)=so(3)') was caught purely by dimension arithmetic (28+3+48 != 78), which is exactly the kind of type-coincidence reasoning this seat is asked to flag as a license to ask, not evidence -- though in this case the repo's own check correctly used it to REJECT a wrong identification rather than accept one, which is the right use.
B882_magic_square_naming	main	OTHER	Multiple later log entries (2026-08-19, 2026-08-20/R47) still list 'B882' as one of several open 'doors' / unresolved questions well after this arc was banked as PROVED -- the PROVED verdict here covers only the naming/bibliography, not the deeper arithmetic conjecture (KMRT trialitarian structure over Q) the arc itself flags as 'a formalizable claim, queued' -- readers should not conflate the naming verdict with resolution of the open arithmetic question.
B884_yukawa_support	main	MISSING_WITNESS	the addendum's charge-conservation count (11/286) has no committed script or data file in the arc directory -- only asserted in FINDINGS.md prose
B884_yukawa_support	main	NUMERIC_ONLY_NO_EXACT	FINDINGS.md itself flags: 'An exact support proof (per-cell symbolic vanishing) is priced follow-up' -- the 11-vs-275 split is a 30-digit numeric gap classification, not an exact symbolic vanishing proof, honestly disclosed
B885_interbreaking	main	SUPERSEDED_UNMARKED	arc_verdict.json's 'creates_law_corrected' block records that this arc's law status was originally recorded as ABSENT and was only added retroactively on 2026-08-29 by a separate re-audit arc (B1214) -- the correction is present and dated in the verdict file, so this is properly marked, not unmarked; noting for completeness that the base claim_one_line text itself was never edited, only the metadata block was appended
B887_gate_audit	main	OTHER	the audit itself sampled only the head and tail of a 660-entry (97KB) JSON of 37 agent reports for this digest -- the bulk of individual gate reports (the ~35 remaining HIGH findings referenced in section 3 of FINDINGS.md) were not independently re-read here, only the two ends of the file and the FINDINGS.md summary of them
B888_two_fields	main	OTHER	FINDINGS.md's own later-dated inline update (2026-08-18) states the exponent-echo's proposed formalization (C77) is CIRCULAR as the bank stands ('the only twist-source is the enhancement triple, whose resolvent is K by construction') -- the arc's own text discloses this weakening, so it is not a hidden defect, but the 'exponent echo' remains an unweighted numerological observation with a later-confirmed lack of independent mechanism
B892_second_measurement	main	SUPERSEDED_UNMARKED	arc_verdict.json's claim_one_line text still reads verbatim 'take E6 to the Standard Model algebra' -- the correction banner lives only in FINDINGS.md and a metadata field (creates_law_reviewed); the verdict's own headline sentence was never edited to reflect either the B950 dimension-count correction (14 vs 12) or the B951 finding that the endpoint is a 77-year-old catalogued Levi subalgebra, not a novel landing
B892_second_measurement	main	CLAIM_EXCEEDS_COMPUTATION	the original claim ('takes E6 to the Standard Model algebra') is off by construction: the computed object is 14-dimensional with THREE abelian factors, while the real Standard Model gauge algebra su(3)+su(2)+u(1) is 12-dimensional with ONE abelian factor -- a category error between 'a Levi subalgebra containing the SM factors' and 'the SM algebra itself', caught two corrections later (B950, B951) but never repaired in this arc's own verdict file
B893_omega_vs_measurement	main	NUMERIC_ONLY_NO_EXACT	the signature census (cell 2) is explicitly 'float census (mpmath eigenvalues, tolerance-classed)' with generic-complex float-borderline counts (1, 1, 7) at the tolerance edge -- honestly flagged in FINDINGS.md, later fully resolved exact by B898
B894_meditation_trio	main	IMPORTED	TAU (B581 block torsions) and DISC_MU (B866 discriminant) are both hardcoded constants imported from other arcs' banked results rather than recomputed in this arc's script -- correct practice (avoids redundant recomputation) but means this arc's 'support identity' claim is only as trustworthy as those two upstream banked values
B894_meditation_trio	main	MISSING_WITNESS	the FINDINGS.md addendum's corrected field-discriminant computation (disc K = 6237, Dedekind criterion at 3) references a lock 'tests/test_c28_ramification.py' but no script performing this specific computation is present among this arc's committed files
B895_27_suite	main	GITIGNORED_WITNESS	FINDINGS.md states belt_project.py requires setting HANDOFF4_RUN to 'the handoff-4 run dir' to re-run the full suite from scratch, and that the rest of the suite is 'the solo seat's handoff-4 scripts (patched paths), run in the session scratchpad' -- a session scratchpad run is not a committed reproducible path; a stranger cloning this repo cannot rerun the full belt without locating that external handoff-4 directory, which is not part of this arc's committed files
B896_s3_harmonics	main	NUMERIC_ONLY_NO_EXACT	arc status line self-labels this as 'computed (float, on banked B889/B890/B891 artifacts; exact pass registered as follow-up)' -- the headline 0.99963/3.72e-4 split is float, not exact, and the arc itself registers the exact version as a to-do (N7), honestly disclosed
B897_27_under_g20	main	IDENTIFICATION_BY_TYPE	The '(1_c,3_f)' block splitting 3+6 under su(2)' is read as 'the lepton pattern' (L-doublet triplet + singlet triplet) purely from dimension/multiplicity matching (3=w-singlet triplet, 6=w-doublet triplet) -- no actual weak-doublet quantum numbers, hypercharges, or SM Lagrangian couplings are computed; it is a dimension-count analogy to SM generation structure.
B900_frame_cocycle	main	NUMERIC_ONLY_NO_EXACT	The root-index maps (which mu-root pairs with which label-root, e.g. vac8: [0,2,1]) are established by 35-digit numeric matching with an assert threshold of 1e-20, not by a symbolic/exact bijection proof; only the existence of a linear factor over K is exact.
B901_c_stabilizers	main	OTHER	The committed results.json in this directory (K_C_rank, K_e6_restricted_det, verdict 'ABELIAN -- u(1)^4, NOT su(2)+u(1)', exponents [1,4,5,7,8,11], roots_positive/roots_total) is NOT produced by c_stabilizers.py, which only writes normalizer.json and spectral_obstructions.json; it is byte-identical (confirmed via md5sum) to the same-named stray file found in B904_barton_sudbery/results.json. Root cause (confirmed by cross-reading B907's DRAFT_COMPLETENESS.md 'Files' section, which documents the identical bug for its own directory): every arc script that execs B854's e6_centralizer.py inherits a shared global HERE/__file__ pointing at the CALLING arc's own directory, so B854's frame-rebuild silently dumps ITS OWN results.json into every arc directory that execs it, clobbering/coexisting with nothing (B901 does not itself write to that filename) but leaving an orphaned, arc-irrelevant results.json with no in-FINDINGS explanation for B901 or B904 specifically (only B907 documents the mechanism explicitly, calling it non-load-bearing there). Not evidence of fabrication, but a genuine repo-wide provenance hazard: a naive reader of 'results.json' in B901 or B904 would be reading B854's leftover output, not that arc's own claim.
B902_knus_paques	main	OTHER	Progress log records a fixed infrastructure bug ('the B902 certificate save-path shadowing') from the same day the arc was banked -- the currently committed results.json/FINDINGS presumably reflect the post-fix state, but the log entry documenting the bug and fix was not independently traced to confirm the currently-read results.json is the corrected version rather than a partially-corrected one.
B904_barton_sudbery	main	OTHER	The directory contains stage3_fit.py / stage3_results.json / stage3_tensor.pkl, an earlier or alternate Jacobi-fitting attempt whose results.json reports jacobi_failures=4208 (out of 76076) with scalars all fixed at 1 (lam=mu=nu=1, kap0=0) -- the OPPOSITE of the claimed '0 failures' result. This is not a contradiction of the banked claim (the final pipeline demonstrably uses stage2c_final.py/stage2c_results.json, which independently shows 0 failures with different, non-unity scalars mu=-24/nu=-12, and stage4_roots.py reads from stage2c_tensor.pkl, not stage3_tensor.pkl) -- but stage3's failing artifacts are committed in the arc directory with no comment in FINDINGS.md marking them as an abandoned/superseded exploratory branch, creating a real risk that a reader checking 'the' results.json-named file for this claim (or grepping for jacobi_failures) finds the wrong, failing number first.
B904_barton_sudbery	main	OTHER	The top-level results.json (472 bytes) in this directory is the same B854-frame side-effect artifact described in the B901 entry (confirmed byte-identical via md5sum) -- not B904's own output at all.
B905_kim_litgate	main	OTHER	The arc's own claim_one_line ends with 'novelty adjudication stays NEEDS-SPECIALIST per provenance rules' -- i.e. even the arc's authors do not treat this literature scan as a definitive novelty proof, only as an internal-verification-only negative search result. This is appropriately hedged, not a defect, but it means the 'CLEAN NEGATIVE'/'NOTHING PUBLISHED' verdicts rest on the completeness of a 99-agent search process (bounded, not exhaustive in a formal sense) rather than on any provable absence.
B906_flavor_verification	main	MISSING_WITNESS	FINDINGS.md explicitly discloses that the verification scripts used to produce every number in results.json (the unified-law scan, the 48/48 type-assignment check, the 15-atom decomposition, the K3,3 grid, and I=-1 at both primes) are NOT committed to this arc's directory -- 'the suite's outputs live in the session scratchpad per relay discipline (scripts are the solo seat's, not re-banked).' Only the summary results.json is committed; a stranger cannot reproduce this arc's headline numbers from the committed repository files in this directory alone.
B907_real_form_selector	main	OTHER	The committed top-level results.json in this directory is again the same B854-frame side-effect stray file (K_C_rank, verdict 'ABELIAN -- u(1)^4', etc.), byte-identical to the B901 and B904 copies -- but here the arc's OWN documentation (DRAFT_COMPLETENESS.md, 'Files' section) explicitly discloses and explains the bug: 'the BANKED results.json in this arc contains the B854 frame's verdict, not the selector sweep -- the frame's __file__-inherited write clobbered it pre-commit during the selector era ... Nothing load-bearing is lost (the sweep lives in sweep_results.json / results_complete.json, and the lock test reads sweep_results.json).' This arc is the ONLY one of the three (B901, B904, B907) in this batch to self-disclose the mechanism; the other two leave it unexplained in-arc.
B907_real_form_selector	main	SUPERSEDED_UNMARKED	DRAFT_COMPLETENESS.md is explicitly marked 'Status: computation agent (deliverable for the banking seat; NOT banked by this draft)' yet FINDINGS.md's own ADDENDUM section presents its C1/C2/C3 results as settled ('THE SIGN-LOCKING THEOREM -- the completeness follow-up is PAID') without flagging that the underlying DRAFT_COMPLETENESS.md document itself is titled DRAFT and states its own 'honest gap' at the form level is not closed. The ADDENDUM's headline ('is PAID') is stronger than the draft document's own stated residual gap; both are consistent on inspection (the draft's gap is explicitly about existence of OTHER forms beyond e6(2), not about the e6(2) result itself), but the FINDINGS-level headline compresses away the caveat in a way that could read as fully closed to a reader who does not open DRAFT_COMPLETENESS.md.
B908_exactness_pin	main	OTHER	The identification of the char-0 configuration with the banked pipeline (leg 1's standing reduction assumption) is explicitly not fully closed -- 'the standing leg-1 reduction assumption... reduced to pure naming' per DRAFT_EXACT.md, i.e. the authors themselves flag it as needing only 1-of-7-primes verification, not a full proof; this is an honest self-flagged residual gap, not hidden.
B909_frame_arc	main	MISSING_WITNESS	The committed reproduction script cmt_correct.py contains a corrupted line where open() is passed the literal text of an os.path.join(...) expression instead of an evaluated path string; the script cannot execute as committed, so results.json cannot be regenerated by a stranger from the files in this arc.
B909_frame_arc	main	LOG_DRIFT	The banking log entry (2026-08-06) reads as an independent verification ('the CMT verified with the corrected instrument'), but the project's own subsequent audit (B958, 2026-08-08) found the arc 'verified... by RUNNING THE INCOMING MATERIAL, not by rebuilding on this bench' with 'no frame or M12 construction anywhere' in the directory -- though a further entry (B978) muddies this by finding B958 itself wrongly conflated B909 with B911 on the frame-rebuild question, so the exact status of independent construction is unresolved in the log itself.
B911_cmt_document	main	OTHER	This is an unbanked DRAFT (no FINDINGS.md, no arc_verdict.json) whose content was nonetheless treated in a later arc's log entry (B909, and the B978 correction) as though it settled facts about frame construction; the packet's has_findings/has_verdict flags are both false, correctly signalling its provisional status, but downstream log entries reference it inconsistently (see B909's log_consistency note above).
B912_norm_cell	main	NUMERIC_ONLY_NO_EXACT	The nine colorless 'scale' values and six colored |det Gram|^(1/3) magnitudes are reported only as dps-60 certified floating-point numerics (e.g. 19.142020743905498523723...), not as exact rational/algebraic closed forms -- unlike sibling arcs in this batch (B908, B910) which close their headline claims with exact Fraction/sympy certificates. The arc's own sec 7 concedes this ('35-digit-certified... not exact').
B914_ratio_table	main	OTHER	"The colored sector enters only through a B913-""sealed"" descriptive magnitude |det Gram|^{1/3} with mandatory tags; FINDINGS explicitly states this seal was adopted BEFORE any colored ratio existed specifically to prevent magnitude-shopping/retrofitting -- worth independent scrutiny of whether the seal genuinely predates knowledge of what would fit, since this arc's own text is the only source for that timing claim."
B915_the_crossing	main	OTHER	FINDINGS.md claims a lock file tests/test_b915_crossing.py exists but this digest did not verify its presence directly (not in the packet's file list); if absent this would be a MISSING_WITNESS/belt gap on an otherwise strong falsification test.
B916_lambda_bridge	main	MISSING_WITNESS	"bridge.py's key inputs (solo handoff 7's rep27.pkl/H27.pkl/cubic27.json/tauP.pkl) are located via an environment variable HANDOFF7 and are not part of B916's own committed directory; whether they are committed anywhere in the repo (vs. living only in a session scratchpad, per B917's ""their suite outputs in the session scratchpad per relay discipline"") was not confirmed in this read."
B916_lambda_bridge	main	SELF_REFERENTIAL_LOCK	The arc's own law-status classification (creates_law: false) was performed by a later arc (B1214) that explicitly did NOT read this arc in full before flipping its classification, per its own stated basis field -- a downgrade made on a headline read, not a full audit.
B917_value_arc_verification	main	GITIGNORED_WITNESS	"The arc explicitly states its instrument outputs (the solo seat's rerun suite) live only ""in the session scratchpad per relay discipline"" -- not committed to the repo at all, so a stranger cannot reproduce or even inspect what was actually run beyond the narrative FINDINGS text."
B917_value_arc_verification	main	MISSING_WITNESS	"This arc directory contains only FINDINGS.md and arc_verdict.json -- no code, no results.json -- for a ""PROVED"" verdict resting on a rerun of external suite code and a new exact identity claim."
B918_v_kummer	main	GITIGNORED_WITNESS	The belt regeneration driver (b918_belt.py) and its output (b918_belt_out.json), which the pipeline-identification claim (v_g^2 = HIER roots) rests on numerically, are stated to live only in the session scratchpad, not committed to the repo.
B919_weinberg_traces	main	MISSING_WITNESS	"traces.py's actual computational content (cw.py, the trace-computing script) is not in this arc's committed directory; it is fetched via the HANDOFF6_RUN environment variable pointing at an external ""handoff-6 scripts run dir"" not shown to be committed anywhere. A stranger with only this arc's files cannot reproduce the headline (3,5,0) trace result."
B919_weinberg_traces	main	NUMERIC_ONLY_NO_EXACT	"The FINDINGS itself labels the result ""ONE-PRIME"" (a single modular-arithmetic prime, 40123, with rational reconstruction) rather than an exact-over-Q identity; the second prime needed for CRT-style confidence is explicitly open with an unresolved diagnosis."
B920_register_sweep	main	RETRACTION_NOT_PROPAGATED	"SWEEP_REPORT.md's own ""Honest gaps"" item 1 states that B794's frozen run artifacts (output.txt, verify_congruence.py comment) still repeat the pre-reconciliation ""12 vs 41"" figures and treat the five odd norms as m004-only, and were deliberately left unedited (preserved as historical record) -- meaning stale, superseded figures remain live in committed files with only a separate FINDINGS block noted as superseding."
B921_branch_harvest	main	MISSING_WITNESS	The three B792 generator scripts (certify_mode_count.py, sector_projection_test.py, weyl_scattering_check.py) and sm_comparison_certified.txt's own source script all depend on eigenvalues_final.json / scanD_refined.json / hejhal_m004.py that are not part of this harvest and were not located/verified in this read; the harvest note itself flags this as a known gap ('outputs on main, generators branch-only').
B921_branch_harvest	main	SUPERSEDED_UNMARKED	The harvested cell9_sec16_verdict.md documents a STOP-severity review (4 defects: dead PSLQ tolerance, non-functional P3 control, unvalidated Y=0.80, unsupported mult-2 claim) against the sealed prereg chain that B921's own FINDINGS.md/arc_verdict.json describe only as '4/4 seal hashes verified... the chain's internal citations close' -- a reader of B921's claim_of_record alone would not learn that the sealed content it preserves was, per its own harvested verdict.md, arithmetically defective at seal time (v3's resolution status was not independently confirmed here; only grepped, not fully read).
B921_branch_harvest	main	NUMERIC_ONLY_NO_EXACT	sm_comparison_certified.txt's PSLQ algebraicity test (Test 3-lite) is described as '8-digit; low-height only' and the file itself flags the 20+/50+-digit questions as 'open, untested, in both directions' -- the CLEAN NULLS verdict is scoped and should not be read as a general non-algebraicity result.
B921_branch_harvest	main	OTHER	This arc is a pure archival/registration act ('This is a harvest record. Nothing here is a claim; nothing to CLAIMS.md' -- HARVEST_MANIFEST.md line 13) yet carries a PROVED verdict and an 'instrument: true' arc_verdict.json; the PROVED status attaches to the harvest's own integrity (files copied, hashes match), not to any physics content of the harvested material, and a reader scanning verdict statuses alone could conflate the two.
B922_lambda2_receipt	main	MISSING_WITNESS	The actual 25-digit eigenvalue computation (58.1h sealed run) is not committed inside this arc's directory; the arc banks the number and independently spot-checks it, but the primary solver/witness is elsewhere on main (per a later log entry) and not part of this packet's file set.
B922_lambda2_receipt	main	OTHER	This is a good example of proper self-correction: an initially overreaching priority claim ('first 25-digit Maass eigenvalue on any hyperbolic 3-manifold', '~10 digits precedent') was caught by an adversarial prior-art panel and the FINDINGS.md/arc_verdict.json were both updated in place with a correction banner -- not a case of SUPERSEDED_UNMARKED.
B923_exactification	main	OTHER	DRAFT_FINDINGS.md and FINDINGS.md are byte-identical (diff empty) -- the arc is still titled/marked 'DRAFT -- exact tier for every verdict' in FINDINGS.md itself despite having a verdict file with status PROVED; the draft-status language was never removed from the promoted findings file.
B923_exactification	main	OTHER	Honest gaps section (self-disclosed) notes: cross-realization transport for CCl/CCC is 'certified' rather than exactly proven end-to-end (a full exact mirror-pairing transport certificate remains open); the exact vanishing of 663 colored-involving non-coupling multisets rests on a numeric-certified scan (B914, clean 1e10 gap), not an exact identity; the factor 3! in CCC=3!*lambda is not representation-theoretically derived.
B924_involution_couplings	main	OTHER	FINDINGS.md states locks/tests were 'not yet written' at time of writing, but a test file (tests/test_b924_rigidity.py) now exists on main in the repo's top-level tests/ directory -- consistent with a later banking step, not a contradiction, but the FINDINGS.md text itself is stale on this point.
B924_involution_couplings	main	OTHER	arc_verdict.json carries a downstream 'creates_law_reviewed' entry (dated 2026-08-29, arc B1214) reclassifying this arc's status from an earlier unset/ABSENT state to explicitly 'false' (not a new law) -- this is a retroactive governance annotation appended to the verdict file rather than a mathematical correction; worth noting as an example of after-the-fact reclassification machinery operating across many arcs without individual review (self-described as an asymmetry: 'the thirteen arcs that PASSED the rule were read in full before flipping; these were not').
B925_second_crossing	main	OTHER	Honest gaps section discloses that the su(2)_L-obstruction certificates rest on banked typings (B909/B877) not recomputed inside the abstract e6(2) build itself, and that 'complete reps at every rung' plus the X-charge pattern rely on banked structure from other arcs (B883/B914) rather than a from-scratch re-derivation in this cell -- a chain-of-trust dependency the arc itself flags rather than hides.
B926_crossing_anatomy	main	OTHER	arc_verdict.json sets 'instrument: true' for what is explicitly a synthesis/literature-review arc over banked results, not a computational instrument -- the field's meaning appears inconsistent with the arc's actual content (no code, no results.json, no computation performed here).
B926_crossing_anatomy	main	OTHER	Self-disclosed honest gap: 'W18 needs in-house re-verification (R-EMB's first leg); the off-register-negatives caveat (the wall list is a claim about the READ record); the priors are readings, not probabilities' -- i.e. the 22-wall completeness claim depends on the completeness of a manual sweep of the banked record, not an automated/exhaustive check.
B927_crossing_study_verdict	main	OTHER	The arc's central evidentiary basis (the literature 'base rate' for the genre, and the specific claims about the spectral Standard Model and asymptotic-safety Higgs prediction) comes entirely from an LLM-run 'deep research harness' with LLM agents adversarially verifying other LLM agents' extracted claims (visible tallies like '3-0 checkmarks' in laneB_panel_report.txt), not from a human literature review or a reproducible citation-database query; this is IMPORTED evidence of a kind that is not independently reproducible by a stranger from the committed files (raw sources are not committed, only the harness's synthesized claims and verification counts).
B927_crossing_study_verdict	main	OTHER	arc_verdict.json 'instrument: true' is set for what is a literature-synthesis verdict arc (no code, no results.json, no computation) -- same pattern seen in the paired arc B926.
B928_d2_decode	main	OTHER	A 2026-08-29 later-arc (B1214) review flipped this arc's creates_law_reviewed field to 'false' with class AUDIT/CENSUS/LEDGER, explicitly noting it (unlike 13 other arcs) was NOT read in full before the reclassification -- an acknowledged asymmetry in how the corpus's own governance treats this arc, worth the seat's separate attention rather than trusting the arc_verdict.json field at face value.
B929_third_crossing	main	NUMERIC_ONLY_NO_EXACT	Despite the surrounding corpus's house rule of exact arithmetic, this comparison arc uses plain double-precision floats throughout (math.log, division) for both the object-side ratios and the measured CKM ratios -- appropriate for a physical-value comparison, but a departure from the exact-certificate standard the neighboring arcs (B928, B930, B931) hold themselves to.
B929_third_crossing	main	OTHER	PDG CKM values are hardcoded as bare floats with no source/version citation (world-average numbers as of some unspecified PDG edition); a stranger cannot verify which PDG release these came from.
B930_overlap_matrix	main	OTHER	The arc went through a documented mid-run failure (a type bug, then two separate 'positivity assumed where B912's bank says indefinite' amendments, then a solver-phase misalignment) before landing at the banked result -- four amendments in one arc is a high rate of self-correction for a single computation, though the log frames each as caught by the instrument's own abort discipline rather than hidden.
B931_why_953	main	OTHER	FINDINGS.md's own header still reads 'Status: DRAFT' even though this is the file named FINDINGS.md (not DRAFT_FINDINGS.md) and the ADDENDUM below it is dated the same day and treated as final/banked text elsewhere in the corpus -- a stale status label left uncorrected in the banked document.
B932_chain_selection	main	SUPERSEDED_UNMARKED	A 2026-08-19 ADDENDUM (from a later arc B1079) states the universal reading of theorem T1 ('every charge wall has center >= 1') is 'computably FALSE beyond this arc's own sweep' at orders 2 and 3 (specific counterexamples given: su(6)+su(2) at order 2, su(3)^3 at order 3), and narrows T1's true scope to toral/order->=5 elements only. The addendum is present and the main-text T1 bullet in LEG 2 is NOT itself edited to add the scope caveat inline -- a reader of LEG 2 alone (before the addendum) would still read T1 as an unscoped universal theorem.
B933_spinor_hejhal_design	main	CLAIM_EXCEEDS_COMPUTATION	"arc_verdict.json's claim_one_line asserts 'THE LITERATURE BLANK HELD' in confident present tense, while the arc's own FINDINGS.md text says the literature sweep is arXiv-only and incomplete and that 'no ""first"" sentence banks' until it is completed -- the verdict file states more firmly than the underlying document supports."
B933_spinor_hejhal_design	main	RETRACTION_NOT_PROPAGATED	docs/progress/REVIEWS.md Review 40 and its R47 action-item list flag an owed correction to B933's priority claim ('the B933 Dirac correction (owed; the web seat's verified J-commutes)') as of the read log window; no corresponding correction/addendum appears inside this arc's own FINDINGS.md, so the fix (if made) is not visible in the arc's own committed files as sampled here.
B933_spinor_hejhal_design	main	NUMERIC_ONLY_NO_EXACT	The headline number (|lambda_1|=2.97455058) rests entirely on double-precision numerical collocation with a golden-search resolution floor; no exact/symbolic certificate is possible for this class of computation, and the arc is honest about this ('nothing here is certified').
B935_composition_hunt	main	OTHER	A same-week discipline failure is on record: positivity was 'assumed AGAIN -- the abort was the finding' (a third occurrence that week per the log_index), and a precision belt bar of 1e-80 was found to exceed the machinery's actual floor and was recalibrated post hoc to a house standard of 1e-40 (achieving 3.9e-76) -- a belt threshold changed after the fact rather than fixed in advance, though this is disclosed rather than hidden.
B936_cohomology_reading	main	OTHER	The 'independent re-derivation' of H^1 and the -17/384 refutation, described in FINDINGS.md as run in 'a separate scratch script,' is not itself a committed file in this arc's directory -- a stranger cannot re-run that specific verification route, only the primary cohom.py.
B937_golden_and_29	main	OTHER	FINDINGS.md's own header still reads '**Status:** DRAFT' while arc_verdict.json records verdict PROVED; the file is a stale label rather than a content contradiction (DRAFT_FINDINGS.md and FINDINGS.md are byte-identical apart from filename in this packet).
B940_dirac_sealed	main	OTHER	The O3 prior-art literature sweep (the basis for keeping/opening the priority gate) depends on live external web/API calls whose raw outputs are not committed to the repo; only the panel's narrative summary is. This is not the numerical result itself (which is fully reproducible from committed code) but is load-bearing for the 'first' framing discipline.
B941_branch_symmetric	main	MISSING_WITNESS	No .py instrument or run log is committed for this arc; results.json (the sole numeric artifact) cannot be regenerated by a stranger from anything in frontier/B941_branch_symmetric/. This is a stronger gap than the SAMPLE_CODE-mode arcs in this batch, all of which have a committed script.
B943_maass_priority_correction	main	OTHER	the resolving 'not inherited from parent' claim is explicitly a Weyl-law screen, not a proof, and the arc says so plainly -- correctly flagged, not a defect, but worth noting a numeric result underwrites a priority claim without an exact bound.
B944_dynamics_chirality_sweep	main	MISSING_WITNESS	the conjugator-counting computation (det+1/det-1 table) that decides the scoping question is described in prose with no committed script in this arc's file set to reproduce it.
B946_solo_handoff6	main	GITIGNORED_WITNESS	not gitignore-related; reclassify: this is a MISSING_WITNESS/self-referential-lock defect that persisted from B963 through many green test runs -- tests/test_b946_handoff6.py asserted four results.json keys (frobenius_class_of_residue_primes and the two mixed-class flags plus the base-rate) that verify.py never produced, until B1054's freshness sweep caught it. The defect is now repaired in the committed verify.py, but the failure mode (a lock validating a cache the instrument could not regenerate) stood undetected for weeks.
B948_relay_ssb_sweep	main	MISSING_WITNESS	the dead-clause sweep across four documentation trees is reported as a table of results with no committed grep output, script, or log to let a stranger reproduce the 'CLEAN' verdict.
B948_relay_ssb_sweep	main	LOG_DRIFT	the log later (B1004, 2026-08-09) finds the same B942 retraction still live in five places across the B500-B800 band despite this arc's claim that the sweep found the relevant rooms clean; the two sweeps had different scope (docs trees here vs the full arc corpus there) but the corpus-wide gap was not flagged by this arc.
B949_ignorance_map	main	LOG_DRIFT	B979 later shows this arc's own §4 read only as far as UNIQUENESS_THEOREM.md's §4 and missed §5, titled exactly 'The order choice is load-bearing (A7), not cosmetic' -- the answer to the very question L131 registered was already in the document this arc was reading.
B950_sm_spec_ledger	main	LOG_DRIFT	B978 later finds the 'global Z6 form not addressed' claim in this arc's own scorecard was itself an instance of declaring absent what the corpus already had (B862 derives it) -- the same day's recurring failure mode this arc's own correction of B892 was meant to guard against.
B951_l132_scout	main	MISSING_WITNESS	the anomaly-vanishing computation (13 U(1) conditions plus mixed and Witten-parity checks on a complete 27) that grounds the vacuity claim is described in prose only; no script or results file computes it in this arc's committed set.
B952_gut_ledger_rank	main	SELF_REFERENTIAL_LOCK	results.json has no generating script (no .py file in the arc directory); its numbers are hand-typed standard-Lie-theory arithmetic, and tests/test_b952_rank.py locks against that same hand-typed file plus string-matches on FINDINGS.md prose rather than an independent computation.
B953_two_seeds_rank	main	SELF_REFERENTIAL_LOCK	no .py script in the arc directory; results.json is hand-typed and the test lock checks that same file plus FINDINGS.md string content.
B953_two_seeds_rank	main	IDENTIFICATION_BY_TYPE	the object's abstract u(1)^3 is identified with the physically-named u(1)_Y, u(1)_chi, u(1)_psi purely because the counts match (three abelian factors, three named directions in the standard E6 descent) -- the arc itself calls this inferred, not computed, and flags it as testable only via L132's literature scouting (B951).
B954_both_branches	main	SELF_REFERENTIAL_LOCK	no .py script in the arc directory; results.json hand-typed, test lock checks that file and FINDINGS.md prose rather than recomputing anything.
B955_l133_scout	main	MISSING_WITNESS	The central group-theory certifications ('every torus element of E6 order<=6 scanned, all centralizers rank 6'; exhaustive A4/D5/S5 surjection search) are described as 'certified in-sandbox' with no committed script, log, or data witness in the arc directory -- only narrative FINDINGS.md and a hand-typed conclusions JSON.
B955_l133_scout	main	OTHER	The arc is fundamentally a literature/citation-count exercise (an 'adversarial scouting panel'); its main content is IMPORTED prior-art rather than anything computed in this repo, though it is honest about that.
B957_l124_torsor	main	MISSING_WITNESS	The Legendre-symbol computation and the B700-generalization claim are both described as done ('computed here', 'B700's own summary generalises it') but the arc directory ships no script, only FINDINGS.md/verdict/results.json prose and a hand-copied JSON.
B958_presence_scope	main	OTHER	The absence claim ('no independent construction of the frame/M12') was later found FALSE by B978, which discovered the frame's definitions were already in CMT_DRAFT.md sec.2 and had already been built by B911 -- the log records this as 'the same failure a THIRD time' (a repeated pattern of absence claims made without a full repo sweep).
B959_nontoral_rank4	main	SUPERSEDED_UNMARKED	arc_verdict.json's claim_one_line and 'superseded_by': null still assert the unqualified headline ('no centralizer construction whatsoever ... can produce chiral matter') even though the arc's own 2026-08-20 ADDENDUM explicitly re-scopes this to 'every TORAL route' after B1098/B1100 found a working nilpotent-stratum counter-route (centralizer su(3)+su(3), rank 4, 27 computed complex). The verdict.json machine-readable record was never updated to reflect the addendum.
B959_nontoral_rank4	main	MISSING_WITNESS	The three central group-theory computations (63 inner sign-gradings, the tau diagram automorphism, the A4/D5/S5 elementary-abelian rank table) have no committed script in this arc's own directory despite being described as computed 'here'.
B960_l136_adjoint	main	SUPERSEDED_UNMARKED	This arc's headline claim ('B959's no-go is complete within the centralizer class: no centralizer construction ... can produce chiral matter') is contradicted by B959's own later (2026-08-20) addendum, which records that B1098/B1100 opened a DIFFERENT hatch (a nilpotent-stratum, non-toral centralizer of rank 4 with the 27 computed complex) that B960's argument (about elementary-abelian subgroups and the adjoint form specifically) never closes. B960's directory carries no addendum or correction acknowledging this, and arc_verdict.json still reads 'complete'.
B961_frame_instrument	main	OTHER	The deferral rationale ('reconstructing their frame wrongly would produce a false verification or a false refutation') is repeated from B958 without re-checking it; B978 subsequently found this premise false -- the solo seat's frame/floor/M12 definitions already existed in the repo (CMT_DRAFT.md sec.2, built by B911) and were simply not looked for by B958/B961.
B962_vev_scout	main	RETRACTION_NOT_PROPAGATED	arc_verdict.json's stored 'verdict' field for this arc is still 'PROVED' and its claim_one_line text was not edited to reflect the two claims B964 retracted the same day; only the FINDINGS.md file carries a retraction banner. A reader consuming arc_verdict.json programmatically (e.g. LAW_MAP generation) would see the pre-retraction claim text.
B962_vev_scout	main	FITTED_VALUE	None found beyond the corrected scope error -- flagged instead under RETRACTION_NOT_PROPAGATED.
B963_tau_double_duty	main	SUPERSEDED_UNMARKED	arc_verdict.json's stored claim_one_line still asserts the full original argument including the now-retracted 'compete for one budget' corollary language, without reflecting the 2026-08-10 (B1017) correction; only FINDINGS.md carries the correction banner inline at the top.
B964_vev_correction	main	OTHER	The 2026-09-01 addendum to THIS arc is a proposal filed by the fresh-physics-seat campaign itself (this seat's own earlier work), arguing arc_verdict.json's verdict field ('RETRACTED', supersedes:null) mislabels an arc that proves a positive reframing and withdraws only OTHER arcs' claims, per docs/PRACTICES.md's own rule (B818) that RETRACTED applies only to an arc withdrawing its own headline. As of this read, arc_verdict.json is UNCHANGED (still RETRACTED) -- the proposal is filed but not yet actioned by the owner/banking seat.
B964_vev_correction	main	OTHER	The addendum's own first-pass absence claim ('docs/CLAIMS.md does not exist') was made without a full sweep and was itself corrected later the same day within the same file, once a sweep found the actual claims registry lives at root CLAIMS.md / core/claims / papers/*/CLAIMS.md.
B965_lawmap_scope_audit	main	NO_TEST	The audit's own scan procedure (165 rows against 17 scope markers) is described narratively but not committed as a script in this arc's directory; B966 formalizes a related gate afterward, but the audit's own 165/5/3 counts have no committed reproducible artifact from this arc alone.
B966_scope_gate	main	OTHER	The gate is explicitly keyword-based and self-limits to LAW_MAP only; the arc itself states CAMPAIGN_STATUS, README and PROGRESS_LOG headlines carry the same compression risk and are not covered, and that the gate enforces presence of a marker, not its correctness ('a human still has to read').
B967_retraction_sweep	main	MISSING_WITNESS	The sweep script's own run output (the 11 violations, the plant/remove non-vacuity test) is not present among this arc's two committed files; the claim rests on prose description in FINDINGS.md/arc_verdict.json rather than a committed log or diff in this arc directory.
B967_retraction_sweep	main	OTHER	Later log entry (B1004) shows the arc's own reasoned decision not to register one phrase was subsequently reversed and cost two more invisible instances -- not a contradiction of B967's text (which states the decision and its rationale honestly) but a governance/process finding worth flagging as an evolving, not settled, instrument.
B968_sm_verdict	main	MISSING_WITNESS	The actual synthesis document docs/THE_SM_VERDICT.md, which is the entire substance of this arc, is not among the packet's files and was not read; all its content here is taken on the arc_verdict.json's own paraphrase.
B968_sm_verdict	main	OTHER	arc_verdict.json shows a later governance review (B1214, 2026-08-29) classified this arc's creates_law as false / VERIFICATION class, explicitly noting it and B969 were NOT read in full before that reclassification (asymmetry vs 13 other arcs that were read in full) -- flagged by the review itself, not hidden.
B969_kato_yukie_verify	main	IDENTIFICATION_BY_TYPE	The central claim rests on a numeric/type match (squarefree kernel {7,11} and mu-factoring [1,2]) across exactly 3 sampled cubics from one pair source (the vacuum 3-block) -- a striking coincidence, but the arc itself narrows this from 'a pattern' to 'one well-controlled fact about one distinguished plane' after finding the solo seat's second control was not independent, which is the right epistemic move but underscores the result rests on a single, not-independently-varied, algebraic object.
B970_L134_exotics	main	SUPERSEDED_UNMARKED	arc_verdict.json's claim_one_line still says 'the twelve exotic states per generation' as the headline count, while WORK.md (same arc, sec 1.4) and the later PROGRESS_LOG entry (B993/B994) both establish the correct count is ELEVEN (10+1), with twelve being a different count of a different thing (beyond a 15-fermion SM generation, including nu^c which sits inside the 16). The arc's own FINDINGS.md title even writes 'THE TWELVE (ELEVEN)' -- the correction is present in-arc but the verdict's one-line summary was not updated to reflect it.
B970_L134_exotics	main	FITTED_VALUE	The scout script exotics_charges.py explicitly fits psi and chi on a 'strict subset of blocks' and fits Y's coefficients 'on the 16 only' before checking the rest -- a fit-then-predict methodology which is disclosed and is stronger evidence than a pure fit, but is still fitting, not a pure derivation, for the initial normalization.
B971_L132_vacuity	main	IDENTIFICATION_BY_TYPE	Route 1's construction of the SU(5) hypercharge generator and the SO(10)/SU(5) branching of the E6 27 relies on citing the 'standard E6 group theory' branching pattern (labelled CITED in the script's own docstring) as the starting scaffold before checking it against a second route; the identification of which E6 weight-orbit direction is 'hypercharge' at all rests on matching to the known GUT branching shape rather than being forced by the object.
B971_L132_vacuity	main	OTHER	This cell's own verdict is that the headline anomaly check (L132) is VACUOUS -- i.e. it establishes a NEGATIVE / null result, correctly labelled NEGATIVE in arc_verdict.json. This is a case where the honest finding is 'this check carries no content,' which the cell reports clearly rather than inflating into a positive claim; noted here as good practice, not a flaw.
B971_L132_vacuity	main	OTHER	The cell explicitly scopes (does not retract) B864's headline 'hypercharge is the unique gaugeable U(1)' to being true only over an imported chiral 15 truncation, and states the truncation -- not the anomaly conditions -- carries all the selective power. FINDINGS.md for this cell does not restate this scope-note (by design, per its own stated writer-safety rule), so a reader who only reads FINDINGS.md/arc_verdict.json for B971 without following through to WORK.md would miss the scope-note on B864 entirely.
B972_L137_split	main	SUPERSEDED_UNMARKED	SCOUT.md gives T's |P_lead| >= 4 and F(T) >= 6; WORK.md (the later, more refined pass in the same directory) gives |P_lead| >= 5 and F(T) >= 7 for the same object T. Both numbers stand side by side in the same arc directory with no cross-reference marking the SCOUT.md figures as superseded by the WORK.md figures, though the conclusion (refutation) is unaffected either way.
B972_L137_split	main	OTHER	The cell's own FINDINGS.md/arc_verdict.json record verdict OPEN and describe this as scouting-only with 'no verdict claimed against any criterion', but SCOUT.md's headline explicitly makes a strong recommendation ('L137 should be CLOSED... because the post-hoc observation it registers is REFUTED') and WORK.md issues an even sharper one ('CLOSE L137 AS UNSEALABLE'). The verdict file's text is technically consistent (scouting produces recommendations, not seals) but a reader skimming only arc_verdict.json would not learn that a full refutation argument, with a named counterexample (T), sits underneath.
B972_L137_split	main	OTHER	No test files or assert statements found in arithmetic_detail.py, bounded_work.py, or pencil_coord.py (grepped, none found); correctness rests on printed JSON output matching the prose narrative by eye, not on in-script self-checks (e.g. no assert on T_IS_A_ROOT before proceeding).
B973_L135_frame	main	MISSING_WITNESS	All 8 executable Python scripts in this directory (rebuild.py, weightlines.py, weightfield.py, presence7.py, probe1..probe6.py) raise NameError: name '_REPO' is not defined when run as committed, because `_REPO` is used in a sys.path.insert call before its own assignment two lines later. Verified by directly executing every one of them. The arc's headline numbers (51/51 mandated+cross checks PASS, 90/90 combined suites, 16/16 presence legs) therefore cannot be reproduced by a stranger from the committed code as it stands.
B973_L135_frame	main	CLAIM_EXCEEDS_COMPUTATION	"WORK.md and SYNTHESIS.md (B974) both assert ""the rebuild ran and the validation gate passed 51/51"" as an established, present-tense fact, but the exact committed script that would produce that gate cannot execute."
B973_L135_frame	main	SUPERSEDED_UNMARKED	"SCOUT.md and WORK.md name specific corrections owed to B958/FINDINGS.md:11,19 and B961/FINDINGS.md:60-62 (""these are incorrect as stated""), but spot-checking those two files directly shows the original uncorrected sentences still stand verbatim in B958 and B961's own FINDINGS.md — the correction has not been propagated into the arcs it corrects."
B974_phaseA_synthesis	main	OTHER	SYNTHESIS.md §3.2 records that its own two source cells (L132's WORK vs L134) directly contradict each other on whether the exotics are 'twelve' (10+1 vector-like SM rep) or 'eleven' -- an internal arithmetic disagreement (10+1=11, not 12) inherited from an upstream ledger error, honestly flagged here but not fixed at the source ledger as of this read.
B974_phaseA_synthesis	main	OTHER	§2.3 flags that L132's anomaly-vacuity result depends on the spectrum being a union of complete 27s, and cites Nevzorov 1205.5967 (an uncomputed, scout-carried literature claim) that realistic E6 models need extra vector-like matter beyond complete 27s -- an open threat to the vacuity claim that is explicitly 'carried from the scout, not re-derived' and 'should be verified before it is used'.
B975_cc3_render_audit	main	MISSING_WITNESS	The two substantive numeric claims (C1's move-count and 120-point pullback comparison; C2's measured phase angles and post-fix residuals) are attributed to cc3's seat and are not present as code or raw output in this directory -- there is no committed script or witness file here that a stranger could run to reproduce either number; the arc is a prose adjudication of someone else's unlogged computation.
B976_cascade_recovery	main	LOG_DRIFT	This arc is itself an instance, and the trigger, of the exact repo-wide failure pattern the seat's standing instruction (owner rule 1: sweep before declaring absence) targets: the auditor twice declared banked results 'not addressed'/'OPEN' before checking, sending downstream effort (a registered lead L132, a commissioned literature panel B951, and an entire Phase A workflow) after already-solved problems.
B976_cascade_recovery	main	OTHER	The citation-count methodology itself (which 5 surfaces, what counts as 'cited') is not documented with enough precision in the committed files for a stranger to re-run the sweep and check the 39/60 and 11/12 figures.
B977_representation_gate	main	MISSING_WITNESS	This arc's three committed files (FINDINGS.md, arc_verdict.json, results.json) describe a new gate, its calibration statistics, and a non-vacuity test, but include no source code for the gate itself or the triage document it reads/writes -- none of the arc's headline numbers (99 substantial arcs, 17 uncited, 13 PENDING, the calibration medians) can be regenerated by a stranger from what is committed in this directory.
B977_representation_gate	main	OTHER	The gate's own stated limit is that it 'enforces knowledge, not action' -- an arc can sit at PENDING (documented as a known, unaddressed debt) indefinitely and still pass the gate; 13 of 99 substantial arcs are explicitly left in this state as of this write-up.
B978_phaseA_bank	main	MISSING_WITNESS	V5's central new claim (class(27) has order 3 via omega_1's root-basis coordinates, hence the 78 is excluded from 27⊗27, hence adjoint VEVs cannot give 27-matter mass) is presented as 're-derived here' but this arc's directory contains no code or output file computing it -- it is asserted in prose only, in a directory whose only files are FINDINGS.md, arc_verdict.json and results.json.
B978_phaseA_bank	main	OTHER	This arc is the third same-day self-reported instance (after B950 and B976) of the seat declaring a banked result absent before checking (here: the frame's rebuildability), explicitly named as measuring 'the owner's reported exhaustion'.
B979_L131_A7	main	MISSING_WITNESS	results.json asserts computed booleans (three_polys_distinct, LR_RL_conjugate_by_P, golden_poly_roots) with no accompanying script in the arc directory to reproduce them.
B980_k3_conflation	main	RETRACTION_NOT_PROPAGATED	Arc notes 'This seat quoted GLambda=2pi to the owner as a live result earlier today' before retracting it -- an example of a claim reaching a human before verification; the arc itself performs the correction, which is the intended remedy, but flags how easily an unverified number propagates.
B981_two_ended_correction	main	OTHER	explicitly names and firewalls a 'hook' (universe sits just past the Euclidean transition on the positive side) with no preregistration or two-outcome criterion, flagging its own numerology risk -- good discipline, worth noting as a place a future overclaim could occur.
B982_file_drawer_exemption_defect	main	IDENTIFICATION_BY_TYPE	the root defect is arcs from two different seats sharing the same numeric ID (B501-B503) being conflated by a citation that matched on number alone rather than full arc name -- a textbook type/ID coincidence used as evidence.
B983_grounding	main	LOG_DRIFT	log entry says THE_LADDER.md maps '32 graded rungs' while this arc's own FINDINGS.md and arc_verdict.json say '30 rungs' -- a numeric discrepancy between the log summary and the banked arc text (later log entries in other arcs, e.g. B988/B989, also reference '30'/'32' inconsistently, suggesting the count changed after B983 but the log line for B983 itself does not match B983's own file).
B984_banking_protocol	main	OTHER	Later log entry (B989/Review 41) shows the Markov-blanket coverage count self-inflated from 0 to 2 purely because B984/B988 (the arcs recording the absence) were then themselves grep-matched as 'Markov' hits -- 'registering a gap creates hits for the gap' -- a measurement-instrument self-reference bug flagged and annotated, not fully fixed at the source.
B985_cc3_relational_integration	main	MISSING_WITNESS	the torsion table and 30,000-manifold base-rate sweep are described as computed on this bench but no script or raw output file (results.json, .py, .txt) is present in this arc's own directory among the files provided.
B989_false_freeze	main	OTHER	arc explicitly documents a second self-inflating measurement bug at the data layer (Markov-blanket coverage count rising from 0 to 2 purely because the arcs recording the gap were grep-matched) -- 'registering a gap creates hits for the gap', flagged rather than fixed at the root.
B991_X11_normalisation	main	NO_TEST	the creates_law re-audit (B1214, 2026-08-29) notes this law has 'NO DEDICATED LOCK (covered incidentally by tests/test_b1028_freedom_ledger.py)' -- a load-bearing law promoted to the theorem registry with no dedicated test.
B992_X12_u1_triple	main	MISSING_WITNESS	the e6 Cartan/Levi/centralizer dimension computation is reported with specific numbers (9, 6, 3, 14, 11) but no committed script is present in this arc's directory to reproduce it; results.json references an unincluded function 'a2_a1_levi' and 'selftest'.
B993_cornerstone_verified	main	MISSING_WITNESS	both the surjection reproduction (48/24=2) and the 400-manifold base-rate computation are described in detail with exact percentages but no script or raw-output file is present among this arc's committed files.
B994_rule_variation	main	SUPERSEDED_UNMARKED	the arc's own FINDINGS.md, arc_verdict.json claim_one_line, and results.json's all_reachable_chains list all six chains -- including 'SU(3)^3 -> Pati-Salam -> SM' and 'SU(3)^3 -> SU(5)xU(1) -> SM' -- as valid reachable chains, but a same-day addendum proves both are group-theoretically void (su(4), dim 15, and su(5), dim 24, being simple cannot inject into the non-simple su(3)^3). The addendum stands beside, not inside, the banked FINDINGS/results.json, so a reader of only FINDINGS.md or results.json still sees the uncorrected six-chain claim.
B994_rule_variation	main	IDENTIFICATION_BY_TYPE	the original error is described by the addendum as 'positional menu application' -- a step-k menu keyed only by position, applied to whichever parent occupies that slot, regardless of whether that parent's group actually admits the cited subgroup.
B996_grammar_control	main	MISSING_WITNESS	the metallic-shadow-mod-3 subgroup order computation is reported precisely (24 for 5 of 7 words) but no script is present in this arc's own directory.
B996_grammar_control	main	NO_TEST	creates_law re-audit notes 'NO DEDICATED LOCK (covered incidentally by tests/test_b1009_verification.py)' for this promoted law.
B997_golden_conductor_uniqueness	main	SUPERSEDED_UNMARKED	arc_verdict.json's claim_one_line still reads '|SL(2,Z/N)| is a McKay-group order for EXACTLY N in {3,4,5} -- 24=2T->E6, 48=2O->E7, 120=2I->E8 ... the whole exceptional series and nothing else', which the addendum explicitly refutes (SL(2,Z/4) is order 48 but is NOT isomorphic to 2O -- it has 7 involutions vs 2O's 1, and 0 elements of order 8 vs 2O's 12). The addendum's own header says 'Not an edit' and the claim_one_line in the primary banked verdict file is unchanged.
B997_golden_conductor_uniqueness	main	NO_TEST	creates_law re-audit notes 'NO DEDICATED LOCK (covered incidentally by tests/test_b1028_freedom_ledger.py)'.
B998_genesis_locks	main	MISSING_WITNESS	identifies that the repo's central axiom chain (C1-C4, from which the whole downstream construction proceeds) has its formal test locks cite a file that does not test what is claimed -- 3 of 4 axioms effectively unlocked in-repo at the time of writing (though B1003 later found the underlying computations for F2/F8 do exist without a proper assertion-level lock).
B1001_four_digit_blindspot	main	FITTED_VALUE	arc's own text documents that a measured-frequency threshold had already been silently widened once before (0.45 to 0.40, described in the test's own docstring as 'purely by dilution') and was about to be widened a third time -- explicitly named as 'fitting, not testing' by the arc itself, and remedied by demoting the floors to loose sanity bands. Flagged and fixed here, but documents that the pattern occurred twice before being caught.
B1002_conductor_reconciled	main	OTHER	documents a live terminology collision ('conductor' names two distinct quantities across adjacent banked laws, B675 and B666, neither citing the other) -- a corpus-hygiene issue rather than an error in either individual result, but a reminder that cross-arc terminology was not checked before this reconciliation.
B1003_axiom_prices	main	SUPERSEDED_UNMARKED	arc_verdict.json's claim_one_line still states 'the discarded child is GIESEKING', which the same-batch addendum explicitly refutes with a computed volume ratio (Gieseking is the PARENT, m004 the double cover). The addendum notes THEOREM_LEDGER.md's C5 entry already has the direction right, so the arc's own verdict text disagrees with the corpus's other record of the same fact -- and per a later progress-log entry (2026-08-30, Cell 5), this error was still uncorrected in the banked verdict line as of that later read.
B1003_axiom_prices	main	MISSING_WITNESS	the F2 Cayley-Hamilton eigenvalue argument and the addendum's Gieseking/m004 volume-ratio computation are both described as run/computed but neither has an accompanying script in this arc's own directory.
B1004_ssb_leak	main	RETRACTION_NOT_PROPAGATED	a retracted/refuted physics identification ('measurement = the SSB') was found still live as an inherited axiom in LAW_MAP.md's Born-rule row, and in a live use in B725_born_rule/FINDINGS.md, for an unspecified period after both B942's retraction and B957's stronger refutation, because the retraction-sweep gate had been deliberately (if reasonably) told not to watch for that exact phrase.
B1006_lambda2_pslq	main	MISSING_WITNESS	The PSLQ cells (A-D) that establish 'no relation' are described only in prose in FINDINGS.md/PREREGISTRATION.md; no .py script or output log is committed in the B1006 arc directory itself to let a stranger rerun the exact envelope/control computation.
B1006_lambda2_pslq	main	RETRACTION_NOT_PROPAGATED	Same-day correction narrows cell D (duplicate of B922) but the correction is appended within the same FINDINGS.md file (not a separate unmarked claim) so this is handled transparently, not a hidden defect -- noting for completeness only, not flagging as unmarked.
B1007_arb_maass	main	OTHER	Arc explicitly states 'No number produced by arb_maass.py enters any ledger, and the file is kept only as the record of the failed attempt' -- an honest self-correcting arc, notable as the ninth instance in one session of 'grepping claims instead of reading code.'
B1009_verification_pass	main	SELF_REFERENTIAL_LOCK	The arc's own text notes: 'Both seats' synthesis documents contained exactly the error their synthesis documents diagnose' -- both this arc's outgoing seat and cc3 committed the same scope-overreach error while writing documents specifically about avoiding scope overreach.
B1011_mckay_tensor	main	FITTED_VALUE	C5's 992/284 forced counts are asserted via inclusion-exclusion on hardcoded literals (kerchi=8, ZI=2, ZT=2) rather than an evaluated forcing criterion over the enumerated 2880 cells, despite FINDINGS.md language claiming it 'matches the incoming enumeration' -- an in-arc addendum from a fresh physics seat (2026-09-01) calls this a 'lock vacuity,' the same class as prior E27/E40 errors, though it also confirms the underlying inputs (|ker chi|=8 etc.) are separately verified elsewhere.
B1011_mckay_tensor	main	OTHER	The C5/C6 lock-vacuity addendum was itself corrected same-day for over-claiming ('nothing committed enumerates the 2880 cells') after a repo sweep found b1011_cells.py does enumerate them -- an example of the seat's own absence-claim discipline being followed and corrected in place.
B1012_branch_verifications	main	SUPERSEDED_UNMARKED	FINDINGS.md:18-19 states 'blind-to-k <=> CS=0 <=> the object equals its mirror' as a sharpening this bench adds; B1226 (2026-08-31, ~2.5 months later) refutes this exact equivalence in both directions (m208: chiral, CS=0; m003/m135/m207: amphichiral, CS=1/4). The original FINDINGS.md and arc_verdict.json are left uncorrected/unedited; only a 2026-09-01 addendum by a fresh physics seat notes the propagation gap ('B1226 corrected six downstream surfaces but not this file'). A reader of THEOREM_REGISTRY following the row back to B1012 would still meet the refuted claim as live.
B1013_wall_resort	main	OTHER	This arc's 'scale is boundary+specification' classification rests partly on B1012's k-blindness/amphichirality equivalence, which was itself later refuted (B1226) -- though the load-bearing fact used here (dS/dk=-CS=0, i.e. the object is blind to k) is the part of B1012 that survives, not the refuted amphichirality link, so this dependency appears not to be undermined.
B1015_anchor_declaration	main	RETRACTION_NOT_PROPAGATED	The sealed DECLARATION.md (hash 4acb8f7a, deliberately left unedited per the seal discipline) contains two lines the arc's own addendum calls 'now known wrong': (1) A2 'licensed by theorem' is withdrawn -- the frame deficit is discrete, not theorem-licensed; (2) 'the one level the observer can set and the object cannot' is withdrawn -- B1012 proves blindness only in k, and sigma is in fact sighted (dS/dsigma=-Vol != 0). This is handled transparently via the addendum (not hidden), but the sealed artifact itself still reads as originally written, by design of the seal discipline.
B1019_l149_silver_cascade	main	OTHER	The arc records two design-level refutations of its own earlier hypotheses in the propose-and-refute discipline (the D-series speculation refuted; a first draft used 'unique involution' alone as necessary-read-as-sufficient, exposed by the bronze case) -- a positive methodological transparency note, not a defect.
B1021_cell9_receipt	main	GITIGNORED_WITNESS	The underlying 89.7-hour Maass-eigenvalue computation that produced r=7.072... is not reproducible from this arc's own committed files (only its final outputs and a real-time progress log are harvested); this is stated as intentional policy ('the B922 pattern') rather than concealed, but it does mean the raw computation cannot be independently re-run by a stranger from this arc's tree alone.
B1022_functor_phase1	main	OTHER	The entire arc is a prose adjudication over other arcs' claims (a 'three-seat protocol' literary/legalistic exercise: sealing, hashing, 'concessions'); no independent computation or measurable prediction appears in this arc itself.
B1022_functor_phase1	main	CLAIM_EXCEEDS_COMPUTATION	C8 asserts 'Gate 5 itself is the proof by practice' for the structure functor's existence -- a governance-policy argument, not a mathematical derivation; the ADDENDUM itself later concedes this leg fell.
B1023_phase2_concessions	main	MISSING_WITNESS	The key arithmetic claim c((E6)_1)=78/13=6 that anchors the withdrawal of a prior license and opens a path to shrinking the input list has no committed script/witness in this arc despite being described as 're-verified on this bench'.
B1023_phase2_concessions	main	IDENTIFICATION_BY_TYPE	The whole cell rests on whether 'the gravitational sigma' and 'the stage's sigma' are literally the same object because both are called sigma and both give c=6 -- flagged in-arc itself as pending L154, i.e. the type-coincidence has not yet been proven, only licensed as a candidate.
B1024_l153_bits	main	SUPERSEDED_UNMARKED	arc_verdict.json's verdict field ('PROVED') and claim_one_line assert d=2 as settled, but FINDINGS.md's own top banner (added the same day) downgrades this to PROVISIONAL pending three amendment controls that per the log were still undelivered three reviews later. The verdict file was not updated to reflect the re-grade.
B1024_l153_bits	main	RETRACTION_NOT_PROPAGATED	Downstream arcs (B1025, B1030) state 'the frame bits died in B1024' / cite d=2 as settled fact, propagating the un-re-graded verdict rather than the PROVISIONAL status logged as stuck for at least three reviews (R44-R46).
B1025_input_derivability	main	CLAIM_EXCEEDS_COMPUTATION	FINDINGS.md states I5's multiplicities were 're-verified exactly' in audit_checks.py, but the code only checks that hardcoded branching-rule dictionaries sum to the correct total dimension -- it does not independently derive the branchings from E6/SO(10)/SU(5) Clebsch-Gordan/Dynkin data, so 'verified' overstates what the arithmetic check does.
B1025_input_derivability	main	IDENTIFICATION_BY_TYPE	I4's 'narrowing' rests on treating the object's canonical nomination of E6/E8 as equivalent to the class-S construction's free choice of 6d type, collapsing 'the object happens to match the ADE type at its ends' into 'the object determines the type' -- a dimension/label match used as near-derivation.
B1025_suite_collection_repair	claude/new-session-qor5up	GITIGNORED_WITNESS	The FINDINGS.md quotes literal pytest console output ('218.33s', '220.50s', '73 min', '84 min') as its evidence, but no .log/.out file is committed alongside FINDINGS.md in this arc's directory (only FINDINGS.md and arc_verdict.json are listed) -- the raw transcripts are not in this arc's own tree.
B1026_nomination	main	IDENTIFICATION_BY_TYPE	The entire nomination scheme (N1 kind-exact matching) selects candidates for later data comparison purely on whether an abstract object-side quantity and an SM observable share an informal 'kind' (phase vs phase, probability vs probability) -- this is exactly a dimension/type-coincidence licence to compare, prior to any independent theoretical reason the two phases should be equal.
B1026_nomination	main	FITTED_VALUE	The choice-counting inputs to the bit-pricing (e.g. 'object set reduced to {+-2pi/3} by the banked nontriviality selector', 'targets: 2 deltas, no banked selector -> 1 bit') are informal judgment calls about which reductions count as 'structural selectors' versus 'genuine choices' -- these judgment calls directly determine which candidate wins the cap, i.e. the pricing rules are flexible enough to be tuned toward a preferred outcome even though this particular run is presented as data-blind.
B1026_the_one_involution	claude/new-session-qor5up	OTHER	This arc was not read with the same depth as the other 15 in the batch due to time constraints; see thin_reads in the run summary.
B1027_fourth_crossing	main	MISSING_WITNESS	The externally-sourced quark and leptonic CP-phase central values and errors that decide the ALL-MISS verdict are hardcoded in verdict.py with only a one-line source description; no archived PDF, URL snapshot, or fetch log is committed, and the arc itself admits the primary source (nu-fit.org) was unreachable.
B1027_kappa_two_faces	claude/new-session-qor5up	OTHER	Two different arcs in this batch both use the id 'B1027' (this one and B1027_fourth_crossing / B1027_kappa_two_faces are distinct directories with the same numeric id, on different git branches/worktrees) -- an id-collision risk for citation and cross-referencing.
B1028_freedom_ledger	main	SELF_REFERENTIAL_LOCK	The ledger's headline 'machine-checked' claim only verifies that each cited arc's arc_verdict.json contains a pre-chosen discriminating substring and says verdict=='PROVED' -- it does not re-derive or independently test any cited arc's mathematics. A citation could be textually present and phrase-matching while the underlying claim in the cited arc is wrong or later retracted, and this check would still pass.
B1028_freedom_ledger	main	OTHER	The entire 'bits of designer freedom' framework is an informal, self-defined quantification (conservative counting rules C-A through C-E chosen by the same author computing the result) rather than a standard information-theoretic or physical quantity with external validation.
B1029_invariant_ring	main	OTHER	FINDINGS.md discloses that the arc's first compute run printed 'EMPTY-beyond-banked / blocked' and this was later found to be wrong (an E19-shape error per the log: 'a negative asserted without computing its discriminating fact'); the corrected verdict is what stands, with the near-miss said to remain visible only in git history, not in this arc's own committed files.
B1030_price_lock_verification	main	OTHER	V3 explicitly documents that the incoming lock's item-1 assertion 'cannot fail at length-weight 1' -- a self-detected vacuity/MB12 issue in another seat's committed lock, correctly caught and reported rather than silently inherited.
B1030_input_typing_audit	claude/new-session-qor5up	LOG_DRIFT	THE_CLAIM's one-sentence summary asserted 'four typed external data' while its own section 1 said five, and B1017's correction (4->5) was propagated into one paragraph but not into the sentence that gets quoted elsewhere -- an internal drift within the programme's own headline document, caught only by this outside audit.
B1030_input_typing_audit	claude/new-session-qor5up	OTHER	Confirms the same 'zero dimensionless inputs' overclaim that other arcs in this batch (B1025, B1028) implicitly rely on when stating the floor as if fully derived -- this arc is itself the correction, so citing it establishes the correction exists, but downstream documents (THE_CLAIM) may still carry the uncorrected sentence per this arc's own 'left as-is' note on CAMPAIGN_STATUS/OPEN_LEADS.
B1031_two_thirds_meets_the_voice	main	MISSING_WITNESS	The arc's entire scientific premise rests on an extraordinary, unverifiable external artifact: a claimed 2026-08-10 paper on unconditional zeta-zero results, LLM-authored and examined by named mathematicians, fetched from a URL and archived only off-tree (not in this repository) with SHA-256 hash claims that cannot be checked against any committed file. Nothing in the packet lets a stranger confirm the paper, the Lean repo, or the examination actually occurred as described.
B1031_generation_rung	claude/new-session-qor5up	LOG_DRIFT	log_index/B1031.txt entries describe an unrelated 'numerator'/Lean-audit/zeta_K arc, not this arc's generation-rung content -- strong evidence the B-number B1031 was reused for two unrelated pieces of work across different branches/sessions, and the log index conflates them.
B1031_generation_rung	claude/new-session-qor5up	SELF_REFERENTIAL_LOCK	The arc's own 'absence' claim (the relational route is the only one B307 leaves open) is retracted one arc later (B1032_across_breakings_route) as false, within the very consolidation campaign meant to prevent unswept absence claims.
B1031_generation_rung	claude/new-session-qor5up	IDENTIFICATION_BY_TYPE	The three degenerate cohomology slots (h1=3) and 'three generations' are explicitly flagged by the arc itself as a count/type match that is NOT a derivation -- the arc's own honesty about this is a positive, but the underlying identification is exactly the type-vs-value coincidence this seat is told to flag.
B1032_type_law	main	OTHER	Same arc ID 'B1032' is used for two entirely different arcs in this same packet (this type-law arc on main, and 'B1032_across_breakings_route' on the claude/new-session-qor5up branch, about generation multiplicity) -- an ID collision across branches/sessions.
B1032_type_law	main	NUMERIC_ONLY_NO_EXACT	Comparison of computed tone/mirror menus against 'banked' target sets is done by checking against literal sympy constants typed directly into this script rather than importing/reading the cited source files (B659, B1011) -- so a stranger cannot verify the target sets came from B659/B1011 rather than being re-typed to match.
B1032_across_breakings_route	claude/new-session-qor5up	OTHER	Arc ID 'B1032' reused for a second, unrelated arc (this one) alongside 'B1032_type_law' in the same packet -- confirms a systemic B-number collision pattern across at least B1031/B1032/B1033/B1034.
B1032_across_breakings_route	claude/new-session-qor5up	RETRACTION_NOT_PROPAGATED	This arc withdraws a specific false clause from B1031's rung X33 but the digest for B1031 (read separately in this same batch) shows no addendum/correction file in B1031's own directory reflecting this withdrawal -- the correction lives only in this sibling arc's prose.
B1032_across_breakings_route	claude/new-session-qor5up	SELF_REFERENTIAL_LOCK	This arc's own self-correction narrative ('the same trap I diagnosed a paragraph earlier') recurs across a chain of at least 4 sibling arcs, all citing the same in-house hazard (a gap-measuring arc self-inflating its own coverage count) -- a repeated methodological wobble in the campaign's audit machinery itself.
B1033_generation_adjudication	main	OTHER	Arc ID 'B1033' reused for a second, unrelated arc in this same packet (B1033_register_reconciliation, about documentation-debt bookkeeping) -- same systemic ID-collision issue as B1031/B1032.
B1033_generation_adjudication	main	IDENTIFICATION_BY_TYPE	The whole arc exists specifically to un-do an earlier type-coincidence identification (B897's 9-block split as 'flavor'/generation structure) that turned out to be a chiral/SU(3)_R index instead -- a textbook case of a dimension/index-count match being mistaken for a physical identification, caught here but only after being banked as STRUCTURAL and cited elsewhere for some time.
B1033_register_reconciliation	claude/new-session-qor5up	OTHER	Arc ID 'B1033' reused for a second, unrelated arc (this one) alongside 'B1033_generation_adjudication' -- confirms the ID-collision pattern seen with B1031/B1032 extends to B1033.
B1033_register_reconciliation	claude/new-session-qor5up	SELF_REFERENTIAL_LOCK	The arc explicitly documents 'six instances across five arcs' of the same self-inflating-coverage-count hazard within this consolidation campaign, and this specific arc's own headline number moved from 245 to 251 to 234 partly because of a bug (working tree rewound) rather than legitimate consolidation activity -- a debt/coverage metric this volatile, self-referential, and admittedly bug-affected is weak evidence of anything beyond internal bookkeeping churn.
B1034_l154_sigma	main	OTHER	Arc ID 'B1034' reused for a second, unrelated arc (B1034_two_kappas, a code-naming-collision audit) within this same packet -- extends the systemic ID-collision pattern to B1034.
B1034_l154_sigma	main	MISSING_WITNESS	grep for standard Python verification idioms (def/assert/print/sympy/Fraction/==) in b1034_cells.py returned zero matches despite the arc claiming 'verified symbolically' arithmetic -- this pass could not confirm the claimed computation is actually present and executable in the committed script from a quick structural scan.
B1034_two_kappas	claude/new-session-qor5up	IDENTIFICATION_BY_TYPE	The whole point of this arc is a real, caught instance of exactly the kind of bit-vs-value/type confusion this seat is instructed to flag: a shared symbol name (kappa) attached to two type-incompatible objects (a constant vs. a coordinate with a locus), with the physics-facing SESSION3_SYNTHESIS.md doc having already conflated them ('Coupling: g = kappa = 0.8608') before this arc caught it.
B1034_two_kappas	claude/new-session-qor5up	OTHER	Arc ID 'B1034' reused for a second, unrelated arc (B1034_l154_sigma) in this same packet.
B1035_receipts_and_register	main	OTHER	Arc ID 'B1035' reused for a second, unrelated arc (B1035_shadow_library, a code-dependency audit) within this same packet.
B1035_receipts_and_register	main	MISSING_WITNESS	The falsifier-register recount arithmetic check (1+1+2+3+1==8) verifies only that the hardcoded tally sums correctly, not that the underlying P1-P8 classifications are correctly derived from the falsifier register's actual content -- a stranger cannot re-derive the classification from this script alone.
B1035_shadow_library	claude/new-session-qor5up	OTHER	Arc ID 'B1035' reused for a second, unrelated arc (B1035_receipts_and_register) within this same packet -- the log_index for 'B1035' in fact only covers that other arc, meaning this arc's real findings are entirely absent from the progress log under its own ID.
B1035_shadow_library	claude/new-session-qor5up	OTHER	The arc's central finding -- that 'independent' cross-arc verification is often not independent because arcs copy-paste shared exact-arithmetic kernels (B930/B935/B928/B938/B914/B916/B923) rather than importing a common module -- is a significant methodological caveat for this whole audit: any two arcs' agreement built on a shared copied kernel is not two independent computations, and a bug in the shared code would silently reproduce as 'confirmed' in both. This should be weighed against any cross-arc agreement encountered elsewhere in the corpus.
B1036_mirror_double	main	OTHER	This arc's own creates_law_reviewed field (added 2026-08-29 by a later arc B1214) reclassifies it as 'AUDIT/CENSUS/LEDGER' rather than a new law-creating result, on the basis that it 'measures or records the corpus rather than proving a proposition about the object' -- worth noting this later downgrade of the arc's own significance classification, though the underlying computation (h1(dbl)=5) is not itself disputed.
B1036_mirror_double	main	IDENTIFICATION_BY_TYPE	The arc explicitly and repeatedly fences its own multiplicity result: 'a banked operation that increases the class count' is not automatically a generations mechanism, since the count 5 (=2+2+1) does not match 3 and the arc states any generation reading 'would need a further mechanism and is not claimed' -- a self-aware caution against exactly the type-vs-generations conflation this seat is asked to watch for.
B1036_knowledge_room	claude/new-session-qor5up	LOG_DRIFT	log_index/B1036.txt entries describe an unrelated cohomology/antisymmetry-wall arc (h1(dbl)=2/2/1, ad=6) that shares the B1036 number but not this arc's content -- a naming collision between two different B1036 arcs in the corpus's history.
B1036_knowledge_room	claude/new-session-qor5up	OTHER	This is a meta/governance audit of documentation citation hygiene, not a physics or mathematics result; it contains no computed physical quantity.
B1037_band_B100_dispositioned	claude/new-session-qor5up	OTHER	This is a meta-consolidation/triage pass over documentation debt rows, not a physics computation; only the entropy recomputation is independently verifiable math.
B1039_phi_fixed_and_metallic_exponent	claude/new-session-qor5up	OTHER	verify.py (26990 bytes) was read only in SAMPLE_CODE mode per the packet's file-mode assignment; the load-bearing computations (SL(2,3) irreducibility, m=1..10 word reduction, the contravariance bug fix) are narrated in FINDINGS.md but not independently traced through the full script by this reader.
B1040_fl4_observer_battery	main	MISSING_WITNESS	No script, results.json, or output log accompanies this arc's ledger; the classification of each of the 12 steps (Z/2 vs Z/3 vs neither; template vs selection) is a prose judgment quoted from other arcs' FINDINGS text rather than a computed or mechanically checked property.
B1040_isomonodromy_restored	claude/new-session-qor5up	CLAIM_EXCEEDS_COMPUTATION	B169's P1 was tagged [exact] for what is actually only an eigenvalue-algebra computation; the substantive identification (lambda_m^2 as the dynamical degree) is Cantat-Loray's theorem, carried by citation, not computed anywhere in the cluster -- caught and corrected by this restoration arc.
B1040_isomonodromy_restored	claude/new-session-qor5up	NO_TEST	B169's two P3 checks 'pass True literally' (i.e. assert a hardcoded True rather than computing anything) -- caught and replaced here with a real homogeneity check.
B1041_theta_leg	main	IDENTIFICATION_BY_TYPE	The core pairing theta<->sqrt(-7) is established by elimination (two legs already banked, one radical left) plus a finite compatibility check that the remaining assignment is consistent -- the underlying input vectors (which axis each operation flips, which radical each sigma negates) are hardcoded from prior arcs' claims rather than derived fresh here, so the 'exhibition' is really a consistency verification of a type/cardinality-matched labeling, not an independent derivation of the correspondence.
B1041_the_red_locks	worktree claude_new-session-qor5up (frontier/B1041_the_red_locks)	GITIGNORED_WITNESS	B646's manifest gap (61 of 63 missing entries) is explained entirely by .gitignore's *.log/*.pyc rules — the harvest-preservation manifests reference files that git will never let anyone commit, so no clone can ever fully verify them.
B1041_the_red_locks	worktree claude_new-session-qor5up (frontier/B1041_the_red_locks)	NUMERIC_ONLY_NO_EXACT	B616's lock pins a count (2 of 378) that is a numerically-derived artifact of a float half-open boundary over np.linalg.inv, which differs by BLAS/LAPACK backend — the arc itself calls this 'not mathematics' (E6 taxonomy) but the underlying identification method (float threshold membership) is still used to certify a 'STILL-AMBIGUOUS' verdict elsewhere in the corpus.
B1041_the_red_locks	worktree claude_new-session-qor5up (frontier/B1041_the_red_locks)	LOG_DRIFT	The packet's log_index for B1041 returns entries about an entirely different arc content (θ-leg/oblique cube), suggesting a B-number collision between this frontier worktree arc and a differently-named main-tree B1041; the progress log gives no trace of this arc's actual findings (81-minute suite, three red locks).
B1041_the_red_locks	worktree claude_new-session-qor5up (frontier/B1041_the_red_locks)	OTHER	Self-reported: importing d3_measure to 'inspect' it ran its __main__ and overwrote banked artifacts (d3_results.txt/.json) with NaN output — an artifact-clobber incident (E36), caught and restored from git within the session.
B1042_trit_morphism	main tree, frontier/B1042_trit_morphism	IDENTIFICATION_BY_TYPE	The headline identification — 'the trit's Z/3 IS omega's Z/3' — rests on both being labeled 'Z/3' before the functorial chain is built; the chain (character values landing in mu_3, McKay tensoring as diagram automorphism, factor permutation) is real group theory, but whether this constitutes physical identity of the VEV-acceptance orbit with the field's cube-root group, versus a structural analogy dressed as identity, is an interpretive leap the arc itself flags as needing 'the typed alternates PLACED' scope fences.
B1042_the_error_ledger	worktree claude_new-session-qor5up (frontier/B1042_the_error_ledger)	LOG_DRIFT	Progress-log entries under the ID 'B1042' all pertain to a different arc (trit_morphism); this governance/error-ledger arc leaves no trace in the reviewed log excerpts at all, meaning the project's own review cadence (Reviews 42-51) never explicitly discusses ERROR_LEDGER's 122-arc staleness lag that this arc reports.
B1042_the_error_ledger	worktree claude_new-session-qor5up (frontier/B1042_the_error_ledger)	OTHER	Self-reported: this arc's own prose tripped two locks written by earlier arcs within the session (B1032's currency-citation lock, B1033's 'most recurrent' phrase-sourcing lock) — evidence the corpus's self-monitoring is working but also that even a careful audit-of-audits arc makes the mistakes it is auditing.
B1043_triple_assembly	main tree, frontier/B1043_triple_assembly	SUPERSEDED_UNMARKED	arc_verdict.json's claim_one_line (the machine-readable claim of record) still reads '...the new fact h0(M;27)=1 (the solo invariant line — identification open, a lead candidate)' even though ADDENDUM_2026-08-13.md, filed the next day, resolves the identification as definitional (= B632's forced VEV). The verdict JSON was never updated to reflect the addendum.
B1043_triple_assembly	main tree, frontier/B1043_triple_assembly	LOG_DRIFT	Multiple later reviews (R46, R47, R48, R50, R51) continue to carry 'B1043's h0=1 identification' as open LAW_MAP debt for over two weeks after the addendum resolved it in-arc, suggesting the addendum's resolution did not propagate into the corpus's own tracking of its own debt.
B1043_the_band_is_the_wrong_unit	worktree claude_new-session-qor5up (frontier/B1043_the_band_is_the_wrong_unit)	RETRACTION_NOT_PROPAGATED	B1039 published (in this same refresh) a restoration calling B141 Item 4 an 'open conjecture,' when B564 — filed 400 arcs earlier in absolute terms but in a different B-number band — had already closed it. The arc's own author calls this 'the first time [in 20 arcs] it cost a published overstatement rather than only a rewrite.' The self-correction happened only because the NEXT band-sweep arc happened to read B564's body by chance.
B1043_the_band_is_the_wrong_unit	worktree claude_new-session-qor5up (frontier/B1043_the_band_is_the_wrong_unit)	LOG_DRIFT	B-number collision: log_index entries for 'B1043' are entirely about a different arc (triple_assembly), so this arc's substantive method-critique (the band-vs-law mismatch, 8 known-in-debt siblings) leaves no trace in the reviewed progress log at all.
B1044_gamma_ledger	main tree, frontier/B1044_gamma_ledger	OTHER	The central claim ('0 of 20 steps consume Γ') is an enumeration over a subjective per-arc reading of quoted phrases, not a mechanically checkable computation — the taxonomy (Γ/CLASS/ALGEBRA/INPUT/UNDECIDABLE) is applied by the same author who defines it, with 0 rows landing in the escape-hatch 'UNDECIDABLE' bucket, which is a pattern worth independent re-audit rather than acceptance at face value.
B1044_law_siblings_gated	worktree claude_new-session-qor5up (frontier/B1044_law_siblings_gated)	OTHER	Self-reported: the instrument's first run reported ZERO candidates because it excluded any row mentioning the registrar arc (E37 self-measurement bug in the tool itself); fixed, but shows new anti-self-measurement instruments are themselves prone to the exact hazard they are built to catch.
B1045_middle_band_mapped	worktree claude_new-session-qor5up (frontier/B1045_middle_band_mapped)	OTHER	Explicitly self-limits: 'a fingerprint catches restatements in the same vocabulary; a genuine translation between vocabularies escapes it ... not fixable by adding terms, only mitigated' — an honest admission that the corpus's cross-referencing tooling has a structural blind spot for re-derivations phrased in different mathematical language, which is exactly the kind of gap that could hide unnoticed duplicate/contradictory claims elsewhere in the corpus.
B1046_the_arc_graph	worktree claude_new-session-qor5up (frontier/B1046_the_arc_graph)	RETRACTION_NOT_PROPAGATED	B408's own arc verdict is correctly NEGATIVE, but its published headline ('the one scale lever stands') directly contradicts a CORRECTION 27 lines later in the same file ('the seam CONTRACTS ... NO scale lever in any tested channel'), and this retraction never got a docs/RETRACTIONS.md row per the corpus's own same-PR retraction rule. A 'scale-lever' claim is flagged as 'the most firewall-sensitive object in the programme' by the corpus's own grading rubric, making this a load-bearing unretracted contradiction.
B1046_the_arc_graph	worktree claude_new-session-qor5up (frontier/B1046_the_arc_graph)	SUPERSEDED_UNMARKED	12 of 41 one-way supersedes links point at targets still cited on a curated surface, including B123 (which B1037 explicitly declined to restore because B125 refutes it) and B111 (dispositioned SUBSUMED) — nothing in the metadata graph itself would tell a reader these targets are dead.
B1047_the_seam_cluster	worktree claude_new-session-qor5up (frontier/B1047_the_seam_cluster)	RETRACTION_NOT_PROPAGATED	Three more instances (B359, B361, B362) of the same claim-line-overstates-body pattern already found in B123 (a prior arc); the arc explicitly states 'the bodies were honest at the site, every time — the claim lines dropped the tier,' meaning a reader relying on claim_one_line summaries anywhere in this corpus risks reading a refuted/never-proven pattern as an established law.
B1047_the_seam_cluster	worktree claude_new-session-qor5up (frontier/B1047_the_seam_cluster)	OTHER	Self-reported correction to the immediately-preceding arc (B1046/SUPERSESSIONS.md): its published '72 candidates, 21 load-bearing, remaining 51' figure was measured against a stale tree — the instrument itself reported 26 on the same tree one paragraph below a 25-row table — showing that even the newly-built anti-drift instruments are themselves prone to the exact self-measurement drift they exist to catch.
B1047_the_seam_cluster	worktree claude_new-session-qor5up (frontier/B1047_the_seam_cluster)	OTHER	A previously-passing lock (test_consolidation_coverage.py, absolute band 200<sub<280) broke purely because the consolidation work succeeded and crossed 200 — a second instance of the corpus's own named 'E38: progress-eroded threshold' class, repaired by switching to a share-based bound (0.10-0.45).
B1048_the_seam_cluster_closed	claude/new-session-qor5up	IDENTIFICATION_BY_TYPE	The 'seam' quantity is identified with a specific cyclotomic/Galois-orbit number via a matching of numerical value (1.2170) to a computed conjugate root, with the physical meaning of 'seam' not established independently of this coincidence.
B1048_the_seam_cluster_closed	claude/new-session-qor5up	OTHER	Pure knot-theory/arithmetic consolidation content (trace fields, conductors, Alexander polynomials) with no stated physical observable; relevance to the thesis's SM claims is asserted via 'WHAT_WOULD_COUNT grades Tier 2 on a scale lever' but no observable value is derived here.
B1049_the_wrapped_exclusion	claude/new-session-qor5up	NUMERIC_ONLY_NO_EXACT	The 48-minute / 81-minute suite timings are wall-clock, environment-dependent numbers asserted without a reproducible witness other than prose in BANKING_PROTOCOL.md.
B1050_the_projective_wall	claude/new-session-qor5up	MISSING_WITNESS	L166 identifies 14 arcs across the corpus with self-contradictory verdict metadata (PROVED in arc_verdict.json vs STALLED/NEEDS_VALIDATION in the FINDINGS body) and explicitly declines to repair them, leaving the corpus-wide PROVED-count and debt ledgers built on the uncorrected metadata.
B1050_the_projective_wall	claude/new-session-qor5up	CLAIM_EXCEEDS_COMPUTATION	The row is filed on LAW_MAP as a proved 'WALL' (impossibility of deriving the selector via naturality routes), but the underlying six arcs are all individually STALLED and the wall's scope is stated as 'six routes tried, not exhaustive' -- risk that a reader of LAW_MAP encounters WALL as stronger than 'six specific approaches failed'.
B1051_the_band_closed	claude/new-session-qor5up	MISSING_WITNESS	The claimed 14m09s re-run of B70's rank-1 check is asserted via text-match against LAW_MAP.md/FINDINGS.md rather than re-executed inside this arc's own verify.py.
B1051_the_band_closed	claude/new-session-qor5up	GITIGNORED_WITNESS	Two restored arcs (B55, B57) are noted to have a probe.py but 'zero lock coverage' -- i.e. no committed test asserting their results, left unrepaired.
B1053_the_unread_handoffs	claude/new-session-qor5up	SELF_REFERENTIAL_LOCK	This is a self-audit arc discovering its own predecessor's gap (B1052 not reading handoffs it wrote alongside), raising a general concern about how reliably the consolidation seats read the material they cite before writing into it.
B1053_the_unread_handoffs	claude/new-session-qor5up	OTHER	Confirms and sharpens L166 (metadata/body verdict mismatch) with a concrete, larger consequence: 14 arcs invisible to a repo-wide owner-directed audit, still registered rather than repaired.
B1054_review_one	claude/new-session-qor5up	LOG_DRIFT	All 30 arcs in the reviewed window report verdict PROVED with zero NEGATIVE/OPEN/RETRACTED, a rate far above the corpus base rate even after correct stratification (P=1.4e-5 for the 25 plain arcs); the review attributes this to a 'routing failure' (the atlas status field, not the verdict field, actually discriminates outcome), but this is itself an unverified structural excuse for why a nominally rigorous verdict field is effectively meaningless as a filter for this window.
B1054_review_one	claude/new-session-qor5up	OTHER	Arc discloses that its own earlier-in-session claim ('29 reproducers re-executed, 29 pass, 0 fail') was itself a measurement artifact (exit-code-always-0 harness), i.e. a self-caught false-positive verification inside the very arc whose subject is verifying other arcs.
B1060_digest_ledger	main	LOG_DRIFT	arc_verdict.json for B1060 still records verdict: OPEN even though the committed DIGEST_LEDGER.md title and the progress log both state the digest was later CLOSED-PARTIAL (B1173, 2026-08-27: 45/58 dispositioned, 13 NOT-REACHED routed to L185) -- the arc_verdict.json was not updated to reflect the later disposition, so a reader trusting only arc_verdict.json for B1060 gets a stale OPEN status.
B1060_digest_ledger	main	MISSING_WITNESS	Lane 3 (instruments and error classes) rows 3.1-3.5 are all NOT-REACHED at partial-close, meaning the law-siblings gate, supersession gate, and two error-class ports from the cloud branch were never actually landed on main -- tracked only as an open lead (L185), not resolved.
B1062_bridge_cell	main	GITIGNORED_WITNESS	FINDINGS.md and the addenda repeatedly cite named .log files (b1062_v2_block1.log, b1062_v2_block2.log, b1062_v2_block3.log, b1062_v2_block3b.log, b1062_v2_block2n.log, b1062_verify_battery.log, b1062_a2_m5_closed.log, b1062_a2_m5_repair_v{1,2,3}.log) as the run witnesses; none are present in the committed arc directory and *.log is repo-wide gitignored, so a stranger cannot see the actual run output, only re-run the (committed) scripts themselves.
B1062_bridge_cell	main	NUMERIC_ONLY_NO_EXACT	A5 'all-loxodromic' certification at m=5 rests on a 60-digit mpmath numeric residual check (~1e-50), not an exact symbolic proof, though the field-degree verdicts themselves are exact.
B1063_refresh_verdict	main	GITIGNORED_WITNESS	tests/test_b1063_refresh.py's test_window_log_pins_the_misses reads ARC/'refresh_windows.log' and asserts specific miss-strings inside it; that file does not exist in the committed arc directory (only FINDINGS.md and arc_verdict.json are present) and *.log is gitignored repo-wide — the lock test as committed cannot be run successfully by a stranger who clones the repo.
B1063_refresh_verdict	main	MISSING_WITNESS	The degree/sigma arithmetic in the FINDINGS.md table (44°, 2°, 9°, 17°, 37°, 51°, 129°, 137° misses; the 2.21x shrink) is presented as read off NuFIT 6.0's PDF Table 1 by hand; no committed script performs or checks this arithmetic.
B1064_cusp_torus_repose	main	GITIGNORED_WITNESS	The one concrete computation this arc leans on (B1012's conductor-4 verification) is pointed to as a .log file, which is gitignored repo-wide.
B1065_amendment_controls	main	MISSING_WITNESS	This arc's entire quantitative content (the equivariance check over 64 characters, the 2/3 and 3/8 base rates, the +2.0-bit cross-presentation agreement) rests on a single cited log file (b1065_controls.log) that is not committed and is *.log-gitignored; no .py script exists in the arc directory and no test lock references this arc anywhere in the repo.
B1066_lane3_nomination	main	MISSING_WITNESS	The decisive sigma values (3.4, 4.7, and the withdrawn execution-1 sigma figures) that carry the verdict are quoted in prose against an externally-read table; no committed script performs this comparison, unlike the combinatorial inventory half which is properly coded.
B1066_lane3_nomination	main	OTHER	The riders section explicitly notes an unlicensed near-coincidence (corroborated sin^2(theta12)=0.3096 within 0.1 sigma of tone 1/(2phi)=0.30902) and flags it as a base-rate-expected proximity under the kind-table's own forbidden identification rule — a well-disclosed near-miss rather than a hidden one, worth noting as a discipline example.
B1067_rayclass_harvest	main	MISSING_WITNESS	All 22 REBUILT verdicts are backed only by narrated method/computed text in w1_results.json; the notes field states the actual scripts (s2.py, s3.py, s4.py, inline heredocs) lived in a scratchpad and were never committed, so none of the 22 double-rebuilds can be independently re-run from this repo.
B1068_descent_inventory	main	MISSING_WITNESS	31-row inventory and both headline findings rest entirely on scratchpad-only python; w2_full_results.json (565KB) is the sole committed artifact and it explicitly disclaims repo code ('the only writes were to the scratchpad').
B1068_descent_inventory	main	OTHER	"arc_verdict.json sets ""instrument"": true for this arc while the FINDINGS text gives no explanation of what that field means or why it differs from the surrounding arcs (most of which have instrument: false) — worth a governance-level check on what 'instrument' controls downstream."
B1069_hearing_biography	main	MISSING_WITNESS	No .py file exists anywhere in the arc directory; all arithmetic (splitting census, class numbers, ray class groups, the B92 correction) is only narrated in FINDINGS.md/w3_results.json.
B1069_hearing_biography	main	LOG_DRIFT	The arc's own FINDINGS.md text explicitly states this document is 'Draft. Unbanked exploratory scratch (no PREREGISTRATION, no hash, no PROGRESS_LOG entry — WORKING_RULES §3–4)' — i.e. by the house's own discipline this never went through the seal protocol — yet arc_verdict.json records a full 'PROVED' verdict and the PROGRESS_LOG banks it as a completed result with no caveat about the missing seal.
B1070_listener_derivation	main	CLAIM_EXCEEDS_COMPUTATION	The arc's own text says it is 'EXPLORATION-GRADE ... nothing here is sealed' and names a three-step promotion path (seal, independent re-derivation, only then may a crossing prereg cite it) that had explicitly NOT happened yet when this document was written — yet arc_verdict.json already records verdict 'PROVED' for the derivation itself, before the sealing arc (B1071) ran.
B1070_listener_derivation	main	NO_TEST	The repo's own later re-audit (B1214, quoted in the log index) explicitly states this arc has no dedicated test lock at all.
B1070_listener_derivation	main	MISSING_WITNESS	All computations (orbit/stabilizer structure, Galois-fixedness, B641 theorem upgrade) ran in an uncommitted session scratchpad; nothing in the repo lets a stranger re-run them.
B1071_sealed_listener	main	MISSING_WITNESS	All three re-implementations ('own cyclotomic ring, own reduction algorithms') ran in the session scratchpad, not committed; only the JSON summary of returns is in the repo.
B1071_sealed_listener	main	OTHER	The repo's own later review (quoted in log_index) records that 'B1071 v2's hash cell was MIS-TRANSCRIBED at write time (matched no version that ever existed; the file is git-witnessed unchanged since its creating commit; custody unaffected — the computation ran against v1)' — a real, self-caught seal-provenance bookkeeping error, disclosed rather than hidden.
B1072_silver_instrument	main	MISSING_WITNESS	All computation (SU(4)_2 build, group order, orbit structure, B684 k-ladder cross-check) again ran only in agent scratchpads; b1072_results.json is the sole committed artifact.
B1073_composition_gate	main	MISSING_WITNESS	No script, results JSON, or test file is committed anywhere in this arc directory; the entire theorem (Galois-fixing of generator entries, the 510/510 and 126/126 censuses) rests on prose narration in FINDINGS.md/arc_verdict.json with no reproducible artifact for a stranger to check.
B1073_composition_gate	main	NO_TEST	Confirmed by the project's own B1214 re-audit: 'B1070 and B1073 have none at all' (test locks), despite the arc being classified as a real law (T-COMPOSITION-GATE).
B1074_residue_hunt	main	MISSING_WITNESS	No standalone script for this arc's computations is committed to the arc directory -- only the JSON transcript of three agents' prose claims/evidence.
B1074_residue_hunt	main	OTHER	A same-day self-correction (the AMENDMENT) walked back an overreaching 'cannot seal' ruling after the owner intervened -- shows the arc's own first-pass conclusion was not robust to a second look.
B1075_moduli_crossing	main	MISSING_WITNESS	FINDINGS.md attributes the numeric comparison to 'the script' inside b1075_execution.json, but only the JSON output (not a standalone .py script) is present in the committed arc directory -- a stranger cannot re-run the comparison, only read its logged result.
B1076_coboundary_sweep	main	MISSING_WITNESS	No standalone script is committed for this arc's core computation (the four-gauge lambda/CCC/HIER pipeline); only the results JSON transcript exists.
B1077_intrinsic_split	main	MISSING_WITNESS	The claimed exhaustive 2,097,152-triple associativity check and the complete-enumeration center computation have no committed script -- only JSON prose narration of the run.
B1077_intrinsic_split	main	SUPERSEDED_UNMARKED	arc_verdict.json's creates_law was flipped to false by the B1214 re-audit on the stated basis that these thirteen 'passed' laws were read in full while this one and its siblings were not -- the FINDINGS.md headline text itself still reads as a first-time general theorem ('the 77 requires a twist... unique non-circular door') without any in-file correction reflecting the downgrade; only the verdict JSON's creates_law_reviewed block carries the correction.
B1078_gauge_selection	main	IDENTIFICATION_BY_TYPE	The 'value-grammar' criterion (structure primes in numerator, value prime in denominator) is itself defined by which prime type ends up where -- a type/pattern coincidence explicitly graded as 'not yet a selection theorem' by the arc's own honest grading, which is the correct call but the underlying mechanism-by-type observation is exactly the kind of identification this seat flags for scrutiny.
B1078_gauge_selection	main	MISSING_WITNESS	The PARI/GP field-arithmetic re-derivation and the 18-gauge control sweep are narrated in prose/JSON but no PARI script, sage script, or python script is committed in the arc directory.
B1079_wilson_menu	main	MISSING_WITNESS	FINDINGS.md and b1079_results.json cite 'scratchpad/e6_menu_build.py' as the source of the exhaustive 15,624-point enumeration, but no such script (or any script) is committed in the arc directory -- only the JSON transcript of its printed output.
B1080_global_form	main	SUPERSEDED_UNMARKED	The banked FINDINGS.md headline still calls the uniform Z6 result 'the paper's cleanest new line,' but ADDENDUM_2026-09-01.md (per B1221) states the kernel itself is not new (known since 1980) and only the uniformity/MB12 sweep is the arc's real contribution. The addendum is a separate file beside the original FINDINGS.md, which is explicitly left uncorrected ('the banked FINDINGS are untouched') -- so a reader of FINDINGS.md alone, without noticing the addendum file, would carry the overclaimed novelty forward.
B1080_global_form	main	OTHER	Prose defect: 'six independent Weyl realizations' is internally inconsistent with the paper's own Bourbaki node numbering (only five valid A2+A1 subsets are nameable from the given description; the sixth is unidentifiable), caught by a fresh-seat re-derivation; immaterial to the verdict since the arc's own verifier block already checked all ten subsets exhaustively.
B1081_hydrogen_audit	main	MISSING_WITNESS	No standalone script for the audit's own computations (or the verifier's 'deep rebuild from the E6 roots') is committed in this arc directory; only the results JSON transcript.
B1082_order_comparison	main	IDENTIFICATION_BY_TYPE	The core comparison is a dimension-sequence match (78,46,30,18,12 vs GUT-breaking stage dimensions) -- exactly a type/dimension coincidence. The arc's own adversarial verifier demonstrated by direct bite-test that this 'no inversion' finding is substantially guaranteed by both sides' shared definitional structure (both are containment orders, hence tautologically monotonic), not independently discriminating evidence.
B1082_order_comparison	main	CLAIM_EXCEEDS_COMPUTATION	The adversarial verifier's literal verdict is HOLDS=False ('the mapping does not survive as typed'), yet arc_verdict.json bans this as verdict PROVED with a 'corrected grade' addressing only one of the two FAILED checks (model-dependence disclosure); the tautology critique (check iv) is left unaddressed in the banked FINDINGS.md text.
B1085_edge_observability	main	SUPERSEDED_UNMARKED	FINDINGS.md's own body text (sections 1-2) still states the plain, uncorrected framing ('bulk hand-blindness... differ by AT MOST ONE state') alongside the later CORRECTION ADDENDUM that says this framing 'undersells the truth' at reversal-closed windows (exact isospectrality). The correction is appended below rather than integrated into the body sections, though it is clearly labeled and dated, so a careful reader would catch it -- borderline case.
B1090_partition_bridge	main	IDENTIFICATION_BY_TYPE	The headline observation ('the critical point of the object's own quantum-gravity partition function IS the programme's founding field generator') is precisely a value/type coincidence -- the saddle equation u^2+u+1=0 matching the omega that recurs throughout the corpus's foundational combinatorics. It is presented as 'new observation... exact on this bench' rather than flagged as the kind of numeric coincidence this seat is instructed to scrutinize, though the arithmetic itself (the saddle equation) is genuinely derived from AK's potential, not merely pattern-matched.
B1094_two_route_wall	main	CLAIM_EXCEEDS_COMPUTATION	the arc directory contains zero computation of its own -- it is entirely a prose join of two prior arcs (B955, B1079) plus a bookkeeping test that only checks that JSON strings match. The 'PROVED' verdict rests wholly on citations to work performed elsewhere.
B1096_anomaly_layer	main	CLAIM_EXCEEDS_COMPUTATION	the arc directory itself (frontier/B1096_anomaly_layer/) contains no code -- only FINDINGS.md and arc_verdict.json. The claimed re-derivation lives entirely in tests/test_b1096_anomaly_layer.py, which is real and does re-derive the table, but a reader following only the arc dir (as instructed) would see no computation at all; the FINDINGS text over-describes what the arc directory itself holds.
B1097_first_step_losses	main	CLAIM_EXCEEDS_COMPUTATION	JOIN ONE's dramatic framing ('a registered falsifiable prediction, confirmed blind') is a narrative built by composing two other arcs (an unnamed source arc's stated prediction, and B1095's computation); this arc's own lock only checks a small toy version (N up to 55), not the actual prediction-confirming numbers.
B1098_nonabelian_hatch	main	MISSING_WITNESS	the e6 Chevalley-bracket certificate file that b1098_sl2_strata.py (and the arc's own live-recomputation test) depends on -- default path '(scratchpad)/cloud_handoff/certificates/twisted_double.py' -- does not exist anywhere in the committed repository. The live-recomputation test consequently pytest.skips rather than passing. Only the pre-computed JSON outputs are checked by the passing tests. A stranger cloning this repo cannot reproduce the class enumeration end-to-end.
B1098_nonabelian_hatch	main	IDENTIFICATION_BY_TYPE	the 2A1 exclusion argument concedes it cannot distinguish type b3 from its dual c3 for one row using dim+rank+simplicity alone, and instead argues the exclusion holds under either reading -- an honestly-flagged type-identification gap, not hidden, but a real instance of the type-vs-value licensing pattern this seat is asked to watch for.
B1100_landing_content	main	MISSING_WITNESS	b1100_exact_table.py and b1100_hypercharge.py both hardcode CERT='cloud_handoff/certificates/twisted_double.py' with no fallback; this file is absent from the committed repository (same missing dependency flagged in B1098). A stranger cannot regenerate b1100_exact_table.json or b1100_hypercharge.json from source; the committed test only re-reads the stored JSON.
B1102_exact_hypercharge_solve	main	IDENTIFICATION_BY_TYPE	the target 6Y multiset being matched is itself a prior integer assignment (B950's banked hypercharge values), not a first-principles derivation nor a measured value -- the exercise proves an existence/uniqueness fact about matching a pre-chosen target inside the Cartan, which is a legitimate structural result but should not be read as 'hypercharge is derived from nothing'; the arc itself is careful to say 'Gate 5 untouched' (no measured value), so this is a licensed use, correctly disclosed, not a hidden overclaim.
B1103_being_gate	main	IMPORTED	the theorem's discovery and first proof originate outside this repository's own sessions ('an outside session'); while the re-verification here is genuine and independent (two engines), the underlying mathematical insight/proof strategy is not this bench's own work -- correctly disclosed as a 'harvest arc', not hidden, but worth flagging per the seat's mandate to distinguish computed-here from imported.
B1107_oneloop_harvest	main	OTHER	B8100's FINDINGS/verdict prose states cutoff-5.0 class/geodesic counts (134/1221) as the cutoff-5.5 headline; the true cutoff-5.5 counts are 214/2819. Flagged here as found by this arc, relayed but (per this packet) not yet fixed in B8100's own committed files -- a documentation-only defect that does not affect any numeric result of this arc.
B1108_c5_archimedean	main	IMPORTED	Every load-bearing fact in this arc (the arithmetic-CS coefficient structure, the object's CS=0 claim) is IMPORTED from external literature or prior arcs; there is no committed code or witness file in this arc's own directory -- a stranger cannot reproduce anything, only re-read the same prose.
B1109_selection_cluster	main	LOG_DRIFT	The log records that a separate document (THE_ROAD Sec. IX) mispriced the hypercharge-direction bit as free even though this arc's own committed result (1 bit, named) was available -- a drift between the arc and the synthesis document that referenced it, later caught by the review process (Review 53) but external to this arc's own files.
B1110_spectral_cluster	main	MISSING_WITNESS	F6 (the silver center-break law at 11 Pell windows to N=80,782, exact Fraction re-verification to error ~1e-91) is stated in both FINDINGS.md and arc_verdict.json as a computed, exact-arithmetic result, but no script or output file anywhere in this arc's directory (or, per a repo-wide grep for '80782', anywhere else in the repository) performs this computation. The claim exceeds what any committed file supports.
B1110_spectral_cluster	main	CLAIM_EXCEEDS_COMPUTATION	arc_verdict.json's claim_one_line asserts F6 was 'RE-VERIFIED IN EXACT ARITHMETIC (convergent error ~1e-91)' -- a specific numeric precision figure with no source.
B1111_w5_scoping	main	MISSING_WITNESS	The arc has no output/results JSON at all (only FINDINGS.md, arc_verdict.json, and the 61-line .py); every numeric claim depends on re-running the script and reading stdout, which is not captured anywhere in the committed tree.
B1111_w5_scoping	main	CLAIM_EXCEEDS_COMPUTATION	Layer 3 (stabilizer sampling of 25 transversal pairs; subgroup orders {8,16,24,96}, order-24 pairs existing) is asserted in FINDINGS.md and arc_verdict.json but has zero corresponding code in the one committed script, which implements only layers 1 and 2.
B1112_projective_hatch	main	MISSING_WITNESS	parity_sweep.py's core dependency is an uncommitted, session-specific 'certificate' file (B1098_CERT_PATH, default a scratchpad path outside the repository) loaded by exec()-ing the file's source up to a cut point -- this is a genuine reproducibility gap the FINDINGS text itself names ('Live re-run needs the session certificate') but does not resolve.
B1113_tmeter	main	RETRACTION_NOT_PROPAGATED	The banked FINDINGS.md and arc_verdict.json (2026-08-21) present the numeric confirmation as fully verified by 'a certificate-free verifier' that 'IS the lock's slow gate', but per the progress log this same verifier's REPO_ROOT path resolution was broken and 'has not executed once since it was banked' until B1207 found and fixed it on 2026-08-29 -- 8 days after banking. The fix is present in the current script (with an inline comment explaining it), but FINDINGS.md/b1113_NOTES.md carry no addendum noting that the original banked claim rode an unexecuted slow-gate verifier for over a week.
B1114_lorentz_double	main	OTHER	The arc's own FINDINGS.md documents and corrects a citation error in the outside memo it harvests ('dim z_e6(e2)=36 per B1098's dim-c table' is mis-sourced; 36 is correct but the citation is wrong; a superseded failed first method in the memo is flagged) -- self-caught and clearly labeled, not a defect in this arc.
B1115_spending_order	main	OTHER	'THE FORK'S PUNCHLINE -- why gravity is not a gauge force' and the closing cosmological-match section are largely narrative argument dressed with a single borrowed computed fact (B1114's exclusivity); the 'zero inversions' claim against the cosmological freezing sequence is asserted, not checked by any algorithm or formal representation of either the DAG or the cosmological sequence.
B1116_asymptotic_channel	main	OTHER	The FINDINGS text is explicit and honest about the fence: 'Surviving the no-goes means the channel is not excluded -- NOT that it delivers SM values. What is PROVEN through it is Vol, a geometric value.' No red flag beyond noting the scope-audit table itself is qualitative/asserted rather than a formal proof of non-exclusion.
B1117_adelic_object	main	OTHER	Anchor B's script compares its zeta-function computation against a hardcoded literal 'vol_true' rather than an independently-computed-in-this-file value; the independent computation lives in a different arc (B1116). Not a fabrication (B1116's own mpmath dilogarithm computation matches), but this specific lock file's self-containment is weaker than it first appears.
B1117_adelic_object	main	OTHER	Large portions of FINDINGS.md and the source memo are explicitly interpretive/philosophical ('Reality is a description approaching a limit it cannot reach; the finite shadows are its matter of fact, the limit is its physics, and the observer is the approaching') -- clearly labeled as such in the Fences section, but worth noting as non-computational narrative riding alongside the two hard numeric anchors.
B1118_deflation	main	MISSING_WITNESS	Both load-bearing numeric claims of this arc (the P-bit fusing result, and the Ohtsuki c1 fit) are supported only by captured .txt stdout transcripts; the Python scripts that generated them are not present anywhere in this arc's directory, and a repo-wide search finds no matching generator script elsewhere in the repository either. A stranger with only this git checkout cannot regenerate either number.
B1119_anomaly_resolved	main	MISSING_WITNESS	As with its paired arc B1118, the corrected real-form character computations exist only as a captured stdout transcript (anomaly_resolved_out.txt); no generating script is present in this arc's directory or elsewhere in the repo (per repo-wide search).
B1119_anomaly_resolved	main	OTHER	The log records that this arc's own promised error-ledger entry (documenting the fake-invariant-form catch) was never actually filed at bank time, and had to be added later (E49) at a subsequent review -- a procedural, not mathematical, gap, but a genuine instance of a stated commitment ('filed as the method, E-class in the error ledger') not being carried through at banking time.
B1123_forcedness_census	main	OTHER	This arc is a meta-level bookkeeping/documentation census over the project's own theorem ledger (which links are labeled AXIOM vs THEOREM), not a physics or mathematics computation about the manifold/Lie theory itself — its content is entirely about the project's own labeling discipline.
B1124_allorders_arithmetic	main	CLAIM_EXCEEDS_COMPUTATION	b1124_results.json's own top-level 'verdict' field (from the pre-registered SUFFICIENT_DIGITS_GATE=17, all-windows metric) reads 'PRECISION-FLOOR' for C3 (only 14 trusted digits by that metric), yet arc_verdict.json and FINDINGS.md report the arc-level verdict as PROVED / EULER-STRUCTURE-EXTENDED, resting on a separate, non-pre-registered 'large-window-only' metric (27-36 digits) computed in a supplementary script after the primary run. This is disclosed in full in b1124_NOTES.md, but the top-of-file 'Status: banked... Verdict PROVED' does not carry that qualification forward with equal prominence.
B1126_identification	main	IDENTIFICATION_BY_TYPE	The one near-coincidence considered (C1/C0 = 11pi/(36*sqrt3) vs sin(theta12) PMNS) is exactly the kind of bare-number match the seat's rule flags as licence-to-ask rather than evidence; the arc itself correctly applies this discipline and dismisses the match, so the flag here documents that the temptation existed and was resisted, not that it was accepted.
B1127_antilinear_completion	main	SUPERSEDED_UNMARKED	The FINDINGS.md text itself states the underlying agent's 'final-report headline' claimed the object's OWN mirror supplies compact color, and that this bank keeps a fence over-riding that headline — this is a good-faith internal correction already marked in this arc's own FINDINGS (not unmarked), included here for visibility that the stronger claim was made and walked back within the same arc.
B1128_instrument_null	main	LOG_DRIFT	arc_verdict.json's own 'creates_law_reviewed' block documents that a later downstream audit (B1214) reclassified this arc's creates_law flag from an earlier value to FALSE, on the basis that it was not read in full at the time of the original classification ('these were not [read in full], and that asymmetry is stated rather than hidden') — a disclosed but real instance of a claim being walked back after the fact.
B1129_natural_values_disjoint	main	IDENTIFICATION_BY_TYPE	det φ = 2/3 and Koide's Q = 2/3 land on the same bare rational; flagged honestly by the arc itself as a type/dimension-coincidence lure and dismissed for lack of instrument — a textbook case of what the seat is instructed to watch for, correctly self-caught here.
B1130_twoended_tower	main	CLAIM_EXCEEDS_COMPUTATION	FINDINGS.md/arc_verdict.json describe a N=70M, ~1-hour compute run establishing the precision floor for C4/C5, but the only committed results.json is a quick_mode:true run whose W6 grid tops out at N=1.5M and whose total runtime is 42.9 seconds; no checkpoint or larger output file exists in the repo to substantiate the larger claimed run. Independently confirmed by B1133's own NOTES.md 'Zeroth finding.'
B1130_twoended_tower	main	MISSING_WITNESS	No twoended_checkpoint.pkl or full-scale results file exists anywhere in the repo to reproduce the claimed N=70M run; a stranger cannot verify the specific 'stopped at ~1 hour' narrative from committed files.
B1133_c4_single_end	main	RETRACTION_NOT_PROPAGATED	This arc explicitly documents that B1130's committed results.json (quick_mode, N<=1.5M, 42.9s) does not match B1130's own FINDINGS/NOTES/arc_verdict prose describing an N=70M, ~1hr run — a provenance discrepancy the arc itself flags as unresolved ('a provenance note for the banking seat, not something this task's scope permits fixing retroactively'). B1130's arc_verdict.json was never corrected to reflect this or the later single-end resolution.
B1134_simultaneous_closing	main	RETRACTION_NOT_PROPAGATED	The imported cloud-seat memo's overclaim ('precisely the family neither swept torsor contained') is corrected within this arc's own FINDINGS.md but the memo itself (golden_gate commit 3e65114, external to this repo/bench) is not verifiable from committed files — the correction is stated as relayed back to the cloud seat, not confirmed accepted.
B1135_gauge_closing	main	IDENTIFICATION_BY_TYPE	The arc itself flags: 'the slot -> physics assignment (which A2 is color vs EW room) is a FRAME CHOICE, not a computed fact' and 'su(2,1)-as-Higgs-doublet and 16-as-one-family are INTERPRETIVE readings, carried from the memo, not verified here.' These physical labelings ride on group-theoretic dimension coincidences (a 4-real-dim non-compact block read as 'a complex doublet', 27=16+10+1 cited not recomputed) rather than a derivation connecting the algebra to the specific SM particle content.
B1136_genericity_on_the_wins	main	SUPERSEDED_UNMARKED	ADDENDUM_2026-09-01 explicitly states 'Original FINDINGS.md left unedited' after correcting the family count from 14 to 21 (census truncation bug in verify_genericity.py:29-30) and the 'all 14 amphichiral' claim (only 6/14 are actually amphichiral; the original check was orientation-blind and could not fail). FINDINGS.md and arc_verdict.json still state 'exactly 14' and 'ALL thirteen others' amphichiral as if uncorrected, though the addendum notes the headline H1=Z separator conclusion survives.
B1136_genericity_on_the_wins	main	MISSING_WITNESS	The census-walk truncation bug (i > 1200 break) silently excludes 7 further family members (s955-s961) from the analysis without any commented rationale or flag in the original committed script or FINDINGS.md.
B1137_regulator_probe	main	SUPERSEDED_UNMARKED	A same-day ADDENDUM (2026-09-01) demonstrates via a planted-positive control run through the arc's own unmodified code that the instrument has zero statistical power to detect any true relation at physically-available precision (best case 10 digits vs a required ~176+ exact digits) -- meaning the correct PREREG-Section-E outcome type is FLOOR, not DISJOINT. FINDINGS.md and arc_verdict.json still assert DISJOINT (a 'theorem-shaped negative') unmodified after this addendum was filed; the addendum explicitly proposes a reclassification but leaves the original text unedited pending a banking-seat decision.
B1137_regulator_probe	main	LOG_DRIFT	PROGRESS_LOG (B1207, 2026-08-29) records that this arc's own PSLQ grid was run in append mode with no resume logic on some bench, tripling the cell count to 648 while the aggregator's M_grid_cells stayed 216 (halving the effective Sidak alpha off an untested multiplicity); the currently committed results/final_report.json shows a clean M_grid_cells=216 with 100 null draws per height (400 total, not the FINDINGS-stated 384) -- i.e. the committed file does not show the 648-cell bug, but neither does FINDINGS/arc_verdict acknowledge that a data-integrity incident touching this exact arc's pipeline was found and (presumably) fixed elsewhere.
B1137_regulator_probe	main	OTHER	Internal count mismatch (flagged by the ADDENDUM itself, not by FINDINGS/verdict): FINDINGS.md and arc_verdict.json state a 384-cell matched null (96 per height); the committed results/final_report.json shows 400 (100 per height, seed 17); no committed configuration reproduces 384. Also FINDINGS says only 2 targets (delta_CP, m_s/m_d) produced any stable/height-legal/within-1sigma relation, but the committed report shows ten targets with V-alone finds (117 total) with none marked stable/height-legal.
B1138_structural_completion	main	OTHER	creates_law_reviewed field flips this arc's law-status to FALSE post-hoc (2026-08-29, B1214) on the stated basis that 'the thirteen arcs that PASSED the rule were read in full before flipping; these were not' -- i.e. this arc's own reclassification was performed on an asymmetric evidentiary basis (not fully re-read) relative to the arcs that were confirmed as creating law, an admitted procedural gap in the audit itself.
B1139_symmetry_point_table	main	IDENTIFICATION_BY_TYPE	sin^2(theta_W)=3/8 matches the canonical GUT value only after an externally-supplied normalization convention (the /6 hypercharge scale) that the arc itself says is proved unforceable by B991; flagged here as a licence-to-ask case since the arc already types it honestly as a reproduction rather than a forcing -- worth cross-checking that downstream summaries preserve this typing.
B1141_spin_payment	main	SUPERSEDED_UNMARKED	Not applicable here -- the earlier 'two errata' claim is explicitly struck through and marked WITHDRAWN in-place in FINDINGS.md itself (not merely in a separate addendum left unresolved), so this is a correctly-propagated retraction rather than a superseded-unmarked case; noted for contrast with B1137/B1143's pattern in this same batch.
B1143_bl_fourth_cartan	main	FITTED_VALUE	The cloud memo's specific count of 36 physical assignments could not be independently reproduced by any of this bench's own anomaly batteries or natural monomial counts without fitting to that target number; the arc's own 72-count is left unreconciled to the cited 36 (plausibly a frame/pin-freedom factor of 2, but not verified).
B1145_sp2_fermion_seat	main	IDENTIFICATION_BY_TYPE	The A1 su(2) here is explicitly internal to E6 (centralizer su(6)), not the 4d Lorentz group; its +/-1 parity is an internal quantum number, not a 4d Weyl-spinor chirality -- the arc itself flags that identifying this closure with 'the generation's kinematic seat' is a thesis-level physical over-reading, not a proved identification, precisely the bit-vs-value coincidence this seat is meant to catch.
B1147_clane_harvest	frontier/B1147_clane_harvest	MISSING_WITNESS	reproduce_all.sh depends on certificates/ and outputs/ directories that are not committed anywhere in this arc (or found elsewhere in the repo); the 'reproduce.log' cited as evidence in FINDINGS.md does not exist in the tree.
B1147_clane_harvest	frontier/B1147_clane_harvest	GITIGNORED_WITNESS	reproduce_all.sh writes its run output to '../our_${c}.out', which matches the repo-wide *.out gitignore pattern, so even a successful local run would not leave a committed trace
B1148_carrier_harvest	frontier/B1148_carrier_harvest	GITIGNORED_WITNESS	the arc's own addendum confirms *.log/*.out are gitignored repo-wide, so the '8/8 REPRODUCE' claim has no committed witness under any name the runner produces
B1148_carrier_harvest	frontier/B1148_carrier_harvest	MISSING_WITNESS	certificates/ and outputs/ are absent from the committed tree; the runner script says so explicitly
B1148_carrier_harvest	frontier/B1148_carrier_harvest	SUPERSEDED_UNMARKED	FINDINGS.md still states the chain as '6615 -> 4 -> 1' (memo 48 row and the 'through-line' section) though the arc's own addendum shows the honest full-ordered-tensor chain is 6615 -> 9 -> 1, and that '4' is only correct under a different (Sym3) convention silently swapped in mid-chain; FINDINGS.md and b1148_results.json are explicitly left unedited by the addendum's own admission.
B1149_meridian_longitude_harvest	frontier/B1149_meridian_longitude_harvest	MISSING_WITNESS	certs trace_three/depth_lock/longitude_lock and their expected outputs are not in this committed tree; runner requires fetching origin/claude/outside-bench
B1150_yukawa_clock_and_family	frontier/B1150_yukawa_clock_and_family	MISSING_WITNESS	memo 52/53 certificates not present in this arc's committed tree (outside-bench pattern, per FINDINGS.md's own description of the harvest method)
B1150_yukawa_clock_and_family	frontier/B1150_yukawa_clock_and_family	IDENTIFICATION_BY_TYPE	memo 53 identifies the E8 decomposition's 'fourth orthogonal A2 triplet' (a multiplicity-3 structure) with 'the three [fermion] families' — the arc itself flags this as possibility-space and 'E8 is NOT object-paid', but the naming still rests on a bare dimension match (3 copies of 27 <-> 3 families) with no independent argument that this A2 triplet is the SM family index.
B1152_suite_cost_class	frontier/B1152_suite_cost_class	MISSING_WITNESS	the '1043 arc_verdict.json audited clean' claim has no committed script or output file backing it
B1153_peripheral_and_superposition	frontier/B1153_peripheral_and_superposition	SUPERSEDED_UNMARKED	the arc's own title and body (FINDINGS.md line 1: '...closes *positive* as the exact 2-fold GUE superposition...'; also line 25) still use the word 'exact' to describe the spacing-law fit, but ADDENDUM_grade_note_R015.md (adopting codex R015) explicitly states this headline word 'reads stronger than the shipped computation' and that the correct grade is 'a SURMISE-LEVEL model identification... not a theorem.' FINDINGS.md's own prose is not edited to reflect this; the progress log itself records this as 'adopted, nothing withdrawn' rather than a text fix.
B1155_seam_a	frontier/B1155_seam_a	SUPERSEDED_UNMARKED	B1155's FINDINGS.md and arc_verdict.json still present the full three-point 'leaning MISMATCH' argument as standing project reasoning, but the very next arc in this packet (B1156_seam_a_gate2/FINDINGS.md) states explicitly: 'This arc sharpens B1155: it removes B1155's leaning MISMATCH... The a-priori MISMATCH is REFUTED (2 of 3 lenses)... B1155's 'leaning MISMATCH' WITHDRAWN' per the progress log. No addendum or correction note exists in B1155's own directory pointing a reader to B1156.
B1158_cloud_wave2_harvest	frontier/B1158_cloud_wave2_harvest	SUPERSEDED_UNMARKED	FINDINGS.md's Habiro-germ section states the coherence mechanism 'transports uniformly (local v_pi=N at every level)', but the arc's own ADDENDUM_fence_note_R016.md (adopting codex R016) states this universal phrasing 'remains stronger than the shipped computation... proved only for p in {5,7}, r in {1,2}, Taylor order <=8' and that 'a universal statement still needs an all-level Habiro/local-ring argument'. FINDINGS.md's body text is not edited to narrow the quantifier.
B1159_mssm_debt_ledger	main	GITIGNORED_WITNESS	The load-bearing height-308 bundle cohomology certificate and Yukawa no-go chain evaluator are off-branch (codex, not this repo's committed branch) and are explicitly named provenance debt, not reproducible by a stranger from this arc's committed files alone.
B1159_mssm_debt_ledger	main	IDENTIFICATION_BY_TYPE	Link B's selection of E8xE8 over Spin(32)/Z2 rests on a dimension mismatch (78 vs 326) between the SU(3)-commutant and E6/SO(26)xU(1) — a type/dimension coincidence used as the selector, with the arc itself flagging 'no functor identifies m004's McKay object with a heterotic bundle.'
B1160_hypercharge_forced	main	OTHER	The theorem re-derived is standard GUT anomaly-cancellation model-building (the arc itself says so); the object-specific novelty is only that the object's rank-3 abelian sector realizes it, and that realization is cited not re-run — a modest, honestly scoped claim but worth noting the 'forcing' is not new physics.
B1161_frontier_sweep	main	LOG_DRIFT	The arc's own FINDINGS.md and arc_verdict.json state the headline 'the bypass door IS SEAM-A' as an established unification ('the SAME obstruction... seen from two sides'), but the arc's own addendum (ADDENDUM_labels_R50.md, filed same arc) says a cold fresh-eyes audit found 'the committed headline reads as an identity' when the honest status is 'SUPPORTED-CONJECTURAL,' not a theorem — the FINDINGS.md main body text is never edited to reflect this downgrade (a subsequent addendum, B1183, further claims a 'PROVED-AS-DECOMPOSED' partial resolution, but the base FINDINGS.md prose still stands unhedged).
B1161_frontier_sweep	main	SUPERSEDED_UNMARKED	arc_verdict.json's claim_one_line (the machine-readable claim of record) repeats the un-hedged 'the bypass door and SEAM-A are ONE obstruction' framing verbatim, without any note that this was later downgraded to conjectural-supported by the same arc's own addenda.
B1162_mssm_debt_closure	main	CLAIM_EXCEEDS_COMPUTATION	FINDINGS.md and arc_verdict.json both claim the height-308 bundle witness is now 'SAGE-verified on-bench' / 'no longer single-homed' / 'dual-homed', but the committed reproduce.sh script that is supposed to demonstrate this only opens and prints the static witness_sage.txt file and asserts two literal substrings are present in it — it never invokes Sage or recomputes any cohomology. A stranger cannot reproduce the claimed Sage verification from the committed files; witness_sage.txt could have been hand-written or copied from codex's off-branch output without this bench ever running Sage.
B1162_mssm_debt_closure	main	MISSING_WITNESS	No Sage script or session transcript is committed anywhere in this arc's files; witness_sage.txt is a bare text file with no provenance trail showing it was generated by an actual Sage run on this bench, contradicting the FINDINGS.md claim that the cohomology was 're-run in Sage' this arc.
B1163_w0_attempt	main	SUPERSEDED_UNMARKED	FINDINGS.md's main body and arc_verdict.json do not mention the family-wide amphichirality strengthening or its subsequent full retraction at all (they predate it), so a reader of the claim-of-record alone would not learn that a load-bearing-sounding companion claim (83/83 amphichirality) was found to rest on a vacuous SnapPy instrument that returns True on every manifold including known-chiral controls — though to the arc's credit, the addenda explicitly state the core W0 headline is untouched by this retraction.
B1163_w0_attempt	main	OTHER	A textbook cautionary tale: a check tool (SnapPy reverse_orientation()+is_isometric_to()) returns True unconditionally regardless of true amphichirality, and this vacuity propagated through at least three successive addenda (family_wide -> family_denominator_B8147 -> the 83/83 CHECKED claim) before being caught, illustrating how an instrument bug can look like escalating positive confirmation across several banked updates.
B1164_cc_masterplan	main	SUPERSEDED_UNMARKED	The arc's title itself ('the observer freedom is 2 discrete + 1 continuous bits (all archimedean)') and its FINDINGS.md §E body text assert 'everything the observer supplies is archimedean data' as the arc's convergent finding, but this arc's own ADDENDUM_price_reconciliation.md (filed the same day, 2026-08-26) states explicitly 'WITHDRAW all archimedean. The observer supplies closings at both places' and 'B1164's headline thesis... is falsified as stated' by a finite-place VEV closing cc3 found was missed. The main FINDINGS.md file is never edited to remove or hedge the retracted claim, per house discipline of append-only addenda, so a reader who stops at the title or §E would carry the retracted claim forward unaware.
B1165_gravity_terminal	main	OTHER	This arc independently flags the same SnapPy isometry_signature vacuity that eventually forces the full B1163 family-wide retraction, showing the flaw was visible as early as this arc but the sibling arc's family-wide claims were not corrected until much later (2026-09-01 addenda) — a cross-arc propagation delay.
B1166_charter_attack	main	IDENTIFICATION_BY_TYPE	The C4 refutation-candidate itself concerns exactly this seat's warning: three separately-derived (Z/2)^2 objects (branch-selection torsor, being x hearing torsor, measurement torsor) were provisionally identified as 'the same torsor' purely because they share the abstract group type (Z/2)^2 on 4 points — the arc correctly catches this as a type-vs-value confusion and downgrades the identification, which is the right outcome but confirms this pattern occurs repeatedly in the corpus.
B1167_seat_harvest	main	GITIGNORED_WITNESS	The cohomological naturality claim (H1(G_Y)=0, the actual up-Yukawa=0 mechanism) is fenced as codex's typed input needing a Sage/BCDD stack not in this repo; only the surrounding character arithmetic and cert byte-comparison are own-verified, so the physically substantive part of the SEAM-Y result remains unreproducible from this arc's committed files.
B1168_c5_investigation	main	IDENTIFICATION_BY_TYPE	The core 'decider' rests on classifying data into a 2x2 grid (mirror-even/odd x dimensionless/dimensionful) with only 4-8 example data points; the claim that this exhausts every possible archimedean datum ('the completeness of the law') is explicitly unproven and deferred, yet the FINDINGS.md prose ('C5 is NOT a free choice... settled by a law') reads as though the classification is exhaustive.
B1169_qualia_parity_synthesis	main	IDENTIFICATION_BY_TYPE	The central move of the arc — 'AWARENESS = mirror-even, object-canonical' and 'CHOICE = mirror-odd, observer-supplied' — is an identification between a philosophy-of-mind vocabulary (qualia, awareness, choice) and a mathematical parity classification (mirror-even/odd), justified only by the fact that both happen to partition into two categories; the arc's own fences section acknowledges this is 'a chain, not a proven identity' but the FINDINGS.md prose nonetheless presents 'the decidable naming' as an accomplished dictionary rather than a hypothesis.
B1169_qualia_parity_synthesis	main	OTHER	This arc extends the physics program's vocabulary into consciousness/qualia terminology (blanket, awareness, self-closure) built on Markov-blanket and free-energy-principle-style language; while the arc is careful to firewall the interpretive claims as unproven, the mere presence of an 'awareness'/'qualia' framing inside a physics-derivation repository is a scope/rigor concern independent of the correctness of any individual sub-claim.
B1170_arena_rescope	frontier/B1170_arena_rescope	CLAIM_EXCEEDS_COMPUTATION	FINDINGS.md and reproduce.sh claim three legs 'verified on this bench'; the committed script executes only leg 1 (own-code enumeration). Legs 2 (cc3 lane re-run) and 3 (codex R019 byte-identical) are echoed text, not re-executed by anything in verification/.
B1171_seam_harvest	frontier/B1171_seam_harvest	CLAIM_EXCEEDS_COMPUTATION	FINDINGS.md states 'All five components verified on this bench before banking' and arc_verdict.json claims cloud memos 80/82 ran 'byte-identical on this bench,' but this arc's own reproduce.sh only checks file existence and greps for marker strings — it does not re-run memo 80/82, the CLPW spot-check, or any cc3/codex script.
B1174_z2_identification	frontier/B1174_z2_identification	OTHER	A later audit (B1214, recorded inside this arc's own arc_verdict.json under creates_law_reviewed) reclassified this arc's law-creation status; the field was already 'false' and the audit confirms 'false' but flags an asymmetry in review depth ('the thirteen arcs that PASSED the rule were read in full before flipping; these were not').
B1175_charter_close_harvest	frontier/B1175_charter_close_harvest	SUPERSEDED_UNMARKED	FINDINGS.md line 4 and arc_verdict.json still assert `verification/reproduce.sh` → `REPRODUCES`, but the currently committed reproduce.sh (corrected by B1215's honesty pass) explicitly prints 'RECORD', not 'REPRODUCES', and states it re-runs nothing. FINDINGS.md/arc_verdict.json were never updated to match the corrected script's actual output.
B1175_charter_close_harvest	frontier/B1175_charter_close_harvest	MISSING_WITNESS	R020/R021/R022 certs are described as 'standalone (no repo imports); re-run byte-identical' but live only on codex's branch and are not vendored in this repo — a stranger cannot reproduce the byte-identical claim from committed files.
B1177_instrument_bundle	frontier/B1177_instrument_bundle	OTHER	This arc names a 21-arc reproducer-debt list spanning the physics/arithmetic arcs B1067-B1082 and others (no committed runner or lock file) as a repo-wide finding, directly relevant to whether those other arcs' claims are independently reproducible from committed files.
B1180_family_retraction	frontier/B1180_family_retraction	RETRACTION_NOT_PROPAGATED	This arc's own residue was later found to rest on a broken amphichirality instrument: an addendum dated 2026-09-01 in the sibling arc B1186 (written by this fresh-physics-seat campaign itself) states that the whole '14/14 → 83/83 → 111/111 → 112/112' amphichirality chain used a vacuous SnapPy check (reverse_orientation()+is_isometric_to() is orientation-blind and returns True on every input); the true count on the corrected 112-member family is 38/112. B1180's own FINDINGS.md/arc_verdict.json (this file) are not updated with this correction; B1180's text does not itself assert amphichirality, so it is not directly contradicted, but the family-thread narrative it launches is.
B1181_amphichirality_closure	frontier/B1181_amphichirality_closure	SELF_REFERENTIAL_LOCK	An addendum dated 2026-09-01 in the sibling arc B1186 (this fresh-physics-seat campaign) shows the 'mirror-isometry method' this arc explicitly chose to avoid a known vacuity trap (isometry_signature) is itself vacuous in SnapPy: reverse_orientation()+is_isometric_to() is orientation-blind and returns True on every input. The chain of claims '14/14→83/83→111/111→112/112 amphichiral' across B1180/B1181/B1186 is therefore not a real result; recomputed with symmetry_group().is_amphicheiral() the true count on the 112-member family is 38/112.
B1181_amphichirality_closure	frontier/B1181_amphichirality_closure	LOG_DRIFT	PROGRESS_LOG.md/B1207 notes 'the buggy python insert whose success message lied (B1181) — caught by the test' as a self-caught bug narrated as fixed, but this is a separate file-writing bug, not the deeper amphichirality-instrument vacuity documented above, which was NOT caught until the 2026-09-01 fresh-eyes pass.
B1182_c4prime_resolved	frontier/B1182_c4prime_resolved	OTHER	arc_verdict.json's creates_law field was originally false and later corrected to true by a B1211 audit, which found the arc's own declared field under-stated its status (a structural identification mis-tagged as a status report) — the claim, verdict, and evidence are stated as untouched by the correction.
B1183_one_class_theorem	frontier/B1183_one_class_theorem	OTHER	The arc's consequences section frames this Z/2-torsor identification as completing 'the qualia headline' — 'awareness without choice... the choice NAMED as the mirror-odd orientation... PROVED ONE across geometry, Galois, values, and the chord sector' — attaching philosophical/consciousness language ('qualia', 'awareness', 'choice') to a group-theoretic torsor-isomorphism result with no operational definition connecting the mathematical object to any measurable or even philosophically well-posed notion of awareness.
B1184_quine_synthesis	frontier/B1184_quine_synthesis	OTHER	'Awareness = the name; choice = the sign, and the two are disjoint by theorem' is asserted as a proved physical/phenomenological statement, but rests entirely on an identification-by-metaphor between a census-uniqueness fact plus a Z/2-torsor triviality fact and the philosophical concepts of awareness/choice/qualia, with no operational bridge given.
B1185_yukawa_three_mechanisms	frontier/B1185_yukawa_three_mechanisms	OTHER	The three-mechanisms distinctness theorem is only as strong as its imported inputs (up-rank 0 from codex R017, up-shape 6-nonzero from cloud memo 80, family-rank 2 from memo 82); none of those underlying computations are committed in this arc's own files, so a stranger reading only this arc's directory cannot verify the premises, only the (correct) logic built on top of them.
B1186_family_is_112	frontier/B1186_family_is_112	SUPERSEDED_UNMARKED	"FINDINGS.md line 44 ('Amphichirality strengthens a third time: 112/112') is directly contradicted by this same directory's own 2026-09-01 addendum ('amphichirality 112/112 is false; the true count is 38/112' — the instrument was orientation-blind and returns True on every input). The original FINDINGS.md was left unedited per the addendum's own note ('Original FINDINGS.md left unedited'), and reproduce.sh's committed assertion `d[""amphichirality_failures""] == []` still encodes the false claim and would still pass."
B1186_family_is_112	frontier/B1186_family_is_112	MISSING_WITNESS	t06829's tetrahedron count is stated as 7 in FINDINGS.md/arc_verdict.json but the 2026-09-01 addendum corrects it to 8 (num_tetrahedra()).
B1187_depth_closure	frontier/B1187_depth_closure	GITIGNORED_WITNESS	reproduce.sh's fast path (section 4) reads `b685_deep.log` and asserts 'OVERALL: ALL CHECKS PASS' and 'n <= 60' are present in it, but `*.log` is repo-wide gitignored (confirmed via git check-ignore) and this specific file is absent from the working tree and not tracked by git — a stranger who clones the repo and runs `bash reproduce.sh` without first running `OA_SLOW=1` will get a file-not-found error, not a REPRODUCES verdict.
B1187_depth_closure	frontier/B1187_depth_closure	OTHER	B500's 'kill stays PROVISIONAL' status itself rested on an incomplete word sweep whose partition (115 completed/26 timed out/9 never-reached) was only disclosed in a same-arc addendum after cc3 pointed it out — the original FINDINGS text described the shortfall with a single count rather than the honest completed/timed-out/never-reached partition.
B1188_grand_retrieval	main	OTHER	The six raw lens reports that produced the sweep's headline claims (79-100%/6-19% recovery rates, 132 off-surface arcs) are explicitly called 'working material' and are not part of this arc's committed file set — only the distilled ledger and the new ladder computation are; the sweep's own scale claims are therefore not independently checkable from this arc's committed files alone.
B1189_close_loop_batch1	main	OTHER	One verify (adversarial-lens) agent was 'security-flagged for a broad process-kill during its run'; reviewed and judged harmless, but this is a self-reported process anomaly inside the campaign's own verification tooling.
B1189_close_loop_batch1	main	OTHER	GC-4's correctness lens itself had a mis-set boolean (refuted=true with text that actually confirmed the finding) — an E52-flavored slip on the verifier side of the loop, self-reported.
B1190_close_loop_batch2	main	MISSING_WITNESS	This arc has no reproduce.sh / no aggregate re-derivation script, unlike B1188 and B1189; the five cells' claims are documented in a large narrative JSON (batch2_cells.json) referencing scripts (e.g. gc9_probe.py, gc9_results.json) that are not committed to this arc's own directory.
B1190_close_loop_batch2	main	OTHER	GC-9's 'complex-27' sub-instrument is explicitly refuted for being one-sided (never demonstrated capable of returning the negative/real answer) — a textbook missing-bite-control problem, honestly caught by the lens rather than hidden.
B1191_close_loop_batch3	main	MISSING_WITNESS	The entire arc has zero committed .py scripts; all 'computed' load-bearing numbers (meter re-check at 60dps, the q-series negativity test) are reported only as prose inside batch3_cells.json, with the actual scripts stated to live only in an ephemeral scratchpad, not the repo.
B1191_close_loop_batch3	main	OTHER	GC-11's own headline claimed 'every ledger row A-I is either stated ... or typed' (Gate 5 absolute) and this was falsified by the arc's own adversarial lens via a direct grep-level cross-check finding 5+ omitted subrows, including one positive PROVED result (I1) silently dropped; the arc's self-correction (§7 in the shipped docs/GRAND_COMPUTATION_v0.md) was verified present in this read.
B1192_close_loop_batch4	main	SUPERSEDED_UNMARKED	arc_verdict.json's claim_one_line still asserts unqualified that X0's action on both spectral fields shows 'the class restricts to c', but this arc's own ADDENDUM 1 (appended to FINDINGS.md) proves that exact clause is a mathematically-automatic (MB12-vacuous) fact about any hyperbolic anti-conjugator, hence non-discriminating; the verdict json was not revised.
B1192_close_loop_batch4	main	CLAIM_EXCEEDS_COMPUTATION	GC-17's CANDIDATE verdict (the one holding back a clean four-for-four negative) rests on an uncomputed absence claim, flagged by the cell's own internal review as a house-rule violation.
B1192_close_loop_batch4	main	OTHER	GC-18's plank 1c states a specific 'zero hits anywhere' grep result that is factually false (4 hits found on rerun); flagged internally as refuted-at-that-point but FINDINGS.md's summary calls GC-18 simply 'PROVED-cell' without surfacing this.
B1193_two_campaigns_reconciled	main	OTHER	This is a synthesis/harvest arc with zero committed code or witness data of its own; every claim is either an assertion about what another (unaudited, 'cloud') seat's document says, or a citation chain through several other arcs (one of which, B1192, this digest flags as carrying an uncorrected overstated clause). A stranger cannot reproduce anything here -- there is nothing to run.
B1194_existence_audit	main	OTHER	FINDINGS.md is explicitly a document authored a day after banking, reconstructed from the verdict/results files because the original run left no findings document -- a process gap (caught by a later gate, B817/R52-4) rather than a computational one, but it means the 'exhaustion' claimed by the audit was never independently narrated at the time, only after the fact.
B1194_existence_audit	main	OTHER	The audit's own EX-6 lens is later reported elsewhere in this corpus (B1196/GC-28's evidence text, read in this batch) as making a false 'zero dedicated modern arcs' cosmology absence-claim that missed real arcs (paths/E5, paths/E11, frontier/B4/B23, B730 Q3, S043/S045) -- i.e. this arc's own absence-sweep was itself incomplete, corrected only by a downstream arc rather than in-place.
B1195_close_loop_batch5a	main	CLAIM_EXCEEDS_COMPUTATION	GC-21's headline word 'provably' (SEAM-A's finite-phase-to-Vol map 'provably cannot be furnished') is not earned: the closed form used as the reference is fit-and-confirmed against one quadrature, never derived from stationary-phase structure in this cell, and the precision denominator behind every '5.5e6x excluded' figure is unvalidated by any convergence study.
B1195_close_loop_batch5a	main	OTHER	GC-22's decisive numerical control quotes q~1.5e-9 for the phi^-4 test point; independent recomputation and even the cell's own cited script give a completely different number (~1.98e-19 / '0.000000' printed) -- a fabricated/unsupported load-bearing figure in the cell that decided P2's exclusion.
B1195_close_loop_batch5a	main	IDENTIFICATION_BY_TYPE	GC-25's 'PROVED trivial by direct computation' rests on a toy stand-in model (three identical placeholder vectors) rather than the real cohomology group; the Galois-triviality shown is guaranteed true regardless of whether the underlying geometric claim (B1182's V4=Galois identification acting on B_0) is even correct, so it has zero power to discriminate the actual question.
B1196_close_loop_batch5b	main	SUPERSEDED_UNMARKED	arc_verdict.json's claim_one_line still states, unqualified, that the three-regime dichotomy explains why sigma AND lambda are anchors on the SAME (non-normalizable) side; this arc's own dated ADDENDUM (2026-08-30) documents that GC-27's actual verdict is PARTIAL, places sigma and lambda on OPPOSITE sides, and that lambda fails the theorem's first hypothesis entirely -- 'the summary is wrong in the direction that makes the record look more finished'. The verdict json was never edited to match.
B1196_close_loop_batch5b	main	MISSING_WITNESS	GC-27's fresh 8-conjugator recomputation cites its own output file 'gc27_eps_invariance_results.json' but this file is not present among the arc's committed verification/ contents (only batch5b_cells.json is committed) -- the narrated numbers cannot be independently re-checked from committed artifacts.
B1198_lee_motives_retrieval	main	SUPERSEDED_UNMARKED	arc_verdict.json's claim_one_line still states as the headline retrieved fact that the tangential base point is 'NOT canonical' and that 'the outside chooses the marking' -- but this arc's own same-batch ADDENDUM_corrected_B1201.md withdraws this exact claim for the object in question (4_1: the admissible vector is unique, |a1|=1 at all four ideal points). The verdict json's claim_one_line was never edited to reflect the withdrawal; a reader of arc_verdict.json alone would carry the retracted claim forward.
B1199_register_reads_and_L188	main	OTHER	This arc's central finding is itself a meta-level correction of an absence claim ('no successor anywhere in the corpus') that the register carried stale for three weeks after the record had already proved it -- direct evidence that this corpus's own absence claims require the kind of sweep-before-absence discipline this seat is instructed to apply, since the corpus's own internal registers are shown here to drift out of date.
B1200_one_polynomial	main	IMPORTED	Two of the identity's three (later four) 'faces' -- FACE 2's premise (kappa=u^2+2, an input taken from B309/B518) and FACE 3 (cloud's E6/Z[omega] boundary construction, explicitly labeled CITED/UNVERIFIED on this bench) -- are imported rather than independently re-derived from their own primary sources in this arc; only the cross-link BETWEEN the faces (the Phi3 identity and the linking map) is this bench's own verified computation.
B1205_the_dimension_ledger	main	OTHER	The whole cubic computation is run on a GENERIC 3x3x4 tensor shape, not the object's actual Yukawa tensor (whose entries are not committed to this repo and remain commissioned to an external party, codex, per R023) -- the dimension-count conclusion (cuts one dimension) is entry-independent and therefore safe, but the 'singular locus is empty' claim is only a 5/5 numerical sample plus a classical genericity citation, not a proof for the object's own (possibly non-generic) tensor; the arc itself names this gap honestly.
B1206_one_condition_short	main	OTHER	This arc's named 'cheapest' candidate for closing the P^3 ledger (checking whether the lambda-term's rank on B_0 is 2 rather than 1) is reported, per the progress log (B1208, not itself sampled in this batch), to be structurally impossible from the start -- 'rank 1 is impossible for a doublet-doublet-singlet coupling' -- meaning the proposed live fork was never actually reachable, an MB12-class violation (a discriminator whose discriminating value was never checked to be attainable). This arc's own committed files do not carry this correction; a reader of only this arc's FINDINGS.md/verdict would still see all three candidates presented as live, checkable options.
B1207_slow_lane_discharge	main	GITIGNORED_WITNESS	B1137's real_grid.jsonl (the PSLQ probe's raw output, subject of the triple-counting bug E1) is gitignored; the fix's correctness rests on a witness file not committed to the repo.
B1207_slow_lane_discharge	main	OTHER	This is a pure meta/instrument arc about the repository's own test-suite hygiene (paths, findings-orphans, gate bugs); it makes no claim about the physical object and should not be counted toward the thesis's physics content.
B1208_cross_seat_harvest	main	IDENTIFICATION_BY_TYPE	Leg 6's headline -- 'the mirror is precisely the operation the object cannot perform on itself, which is WHY the observer's bit is exactly one, and external' -- rests on both B1203's climb and the mirror map sharing the same kappa-invariance identity (kappa o g - kappa = 0 in Z[x,y,z]); this is a shared-invariant coincidence elevated to an explanatory claim ('this is why') without an independent argument that invariance-preservation is the correct criterion for what counts as 'internal'.
B1208_cross_seat_harvest	main	OTHER	Leg 2's decisive fork (whether the lepton ZZ/12 character equals the down-quark character) is preregistered with three branches but the deciding datum is explicitly stated as not computable on this bench or cloud's -- it is relayed to a third seat (codex) as an open question, so this leg's practical content is 'question posed', not 'question answered'; later confirmed unresolved at B1212.
B1210_paper_spine_sweep	main	SUPERSEDED_UNMARKED	Checked: the ADDENDUM correctly marks the arc's own pool criterion as superseded by B1213, so this is NOT an instance of the flag -- recorded here to note the check was made, not to raise it.
B1210_paper_spine_sweep	main	OTHER	The committed verification/_out.txt and spine_sweep.json reflect a later corpus snapshot (pool 456, 30 citations, 8 flagged) than the numbers quoted in the banked FINDINGS.md/arc_verdict.json/b1210_results.json (pool 442, 24 citations, 79/5 flagged); a stranger running reproduce.sh today would not reproduce the exact banked figures, only the qualitative conclusion.
B1211_declaration_gap	main	OTHER	Minor narrative/count inconsistency between arc_verdict.json (says 'SIX arcs corrected' listing 6 names, plus B1185 flipped separately by the counter-check, totalling 7) and FINDINGS.md/results.json (both say 'seven arcs corrected' and list all 7 including B1185 together). Both land on the same 7-arc total and same registry-row count, so this is a presentation/organization difference, not a factual contradiction.
B1212_two_replies	main	OTHER	The re-run script (r024_lepton_character_datum.py) treats codex's Wilson-charge formulas (wilson_charge = {'e^c': 6*k, 'L/Hd': 9*k}) as given constants without deriving them in this arc; the 'reproduction' is an internal-consistency check of an imported formula, not an independent derivation of the coefficients 6 and 9.
B1213_claim_base_rebuilt	main	CLAIM_EXCEEDS_COMPUTATION	The arc's headline number ('89% absent') is the banked snapshot at authoring time. The committed verification/_out.txt and verification/claim_base.json (evidently re-run at a later point against a since-grown corpus) show materially different figures (80% absent, ratio 2.67x vs 2.29x) without any note in the arc reconciling the discrepancy, and reproduce.sh's pass/fail check (grep VERIFIED) does not detect that the reproduced numbers diverge from the banked ones. A stranger reproducing this arc today gets different numbers than the ones quoted in FINDINGS.md/arc_verdict.json.
B1214_creates_law_reaudit	main	OTHER	The asymmetry is declared honestly (13 read in full vs 104 classified from claim headlines only), but this means the 104 'false' calls and by extension the resulting 80%-absent baseline are not independently checkable from committed material without re-reading every arc's full FINDINGS.
B1215_codex_transcript_harvest	main	GITIGNORED_WITNESS	B1175's reproduce.sh (a different, earlier arc) was found to 're-run nothing at all', echoing conclusions for certificates living only on an external branch and not vendored in this repo -- discovered and corrected within this arc.
B1215_codex_transcript_harvest	main	IMPORTED	The physics consequence for B1208's fork ('lepton leg tail structure differs from down leg') is conditional on codex's unvendored, undetermined frame-reading (that the lepton leg is A_11) -- clearly fenced by this arc's authors but still an external, unreproducible premise.
B1216_parameter_closure_run1	main	SELF_REFERENTIAL_LOCK	The workflow_result.json's own 'overreach' fields are the adjudicator (same session/seat) grading its own sub-agents' cells -- a form of self-audit that is transparent about specific overclaims but is not an independent third-party check.
B1216_parameter_closure_run1	main	OTHER	The C1 field/embedding scan numbers (30/37, 22/60, 204-embedding control) are quoted from the archived workflow transcript, not from a script committed in this arc's own directory, so this arc's verification/ does not let a stranger re-run that specific scan.
B1217_seat_integration	main	MISSING_WITNESS	The V-NEG headline result (cloud seat's claimed 117->108 cell reduction using an involves_regulator gate) is CITED, not reproducible: the named certificate path on cloud's branch is the wrong file, and no other committed script carries the gate.
B1218_open_claim_sweep	main	SELF_REFERENTIAL_LOCK	The instrument's first run against the corpus tripped its own L154-style lock (matched itself, since its own FINDINGS quotes the test phrases it looks for) -- caught and fixed by a SELF-exclusion rule, the fifth instance of this class in the repo; correctly disclosed rather than hidden.
B1219_reverse_sweep	main	OTHER	Caught its own instrument being non-deterministic (a verifier that silently gave different answers across process runs, 45 vs 46) before banking -- a real instance of the exact failure mode the seat's audit rules are meant to catch; recorded here as a positive since it was self-caught and disclosed, not because it recurred unfixed.
B1220_campaign_premise_audit	main	SUPERSEDED_UNMARKED	The arc's own dated ADDENDUM (same file set, 2026-08-30) explicitly retracts the FINDINGS.md/arc_verdict.json Cell-1 statement that lambda's gate is merely 'written but unsatisfied' -- the addendum reports B1195/GC-22 (PROVED) already places lambda EXTERNAL BY THEOREM via an exact constructive exclusion. But arc_verdict.json's claim_one_line was never updated: it still ends with 'lambda needs a (T,G) pair read off D (the gate is written; nothing satisfies it yet)', with no reference to the addendum or its stronger conclusion. A reader of the verdict alone (not the addendum) gets the superseded, weaker claim.
B1221_global_form_path_independence	main	MISSING_WITNESS	The addendum's central correction -- that |kernel|=6 only for hypercharge normalisations coprime to 6, tabulated for k=1..12 -- is asserted in prose only; no script in this arc computes or checks that table, unlike the original kernel_27.py which does have a committed, asserted computation.
B1221_global_form_path_independence	main	SUPERSEDED_UNMARKED	arc_verdict.json's claim_one_line was not updated after the addendum: it still states the Z_6 result unconditionally ('kernel on the 27 = order 6 ... Z6 EXACTLY') without the addendum's caveat that this holds only at the primitive (or unit-rescaled) hypercharge normalisation, which the programme's own no-go theorem (B991/B864, hypercharge normalisation not derivable in principle) means is a convention, not forced.
B1222_symmetry_vanishing_thesis	main	SUPERSEDED_UNMARKED	The arc's own dated ADDENDUM retracts the decisive-test conclusion outright ('What is retracted: that the decisive test refuted it. The test did not address it' -- because H1-torsion is not a quantity the thesis mentions; the correct decisive test, re-run in the sibling arc B1224 on Chern-Simons, instead SUPPORTS the mechanism at ~200x the predicted direction). Despite this, arc_verdict.json's claim_one_line is unchanged and still asserts 'a thesis failing its decisive test at +0.50 against a predicted negative is refuted, not partially confirmed' with no mention of the addendum's retraction.
B1223_triality_correspondence	main	MISSING_WITNESS	There is no reproduce.sh or computational script anywhere in this arc's directory (verification/ holds only an empty .keep). The load-bearing arithmetic (disc K=6237, its squarefree part 77, and the claim that this makes the compositum a direct rather than semidirect product) is stated in prose only and cannot be mechanically reproduced from committed material, even though the arithmetic itself is simple and independently checkable by hand (6237=81*77, confirmed correct on manual check).
B1224_amphichiral_cs_torsion	main	NO_TEST	No dedicated tests/test_b1224*.py lock was found in the repo's tests/ directory (unlike B1226 and B1227, which each have a dedicated test file); the only reproduction path is verification/reproduce.sh.
B1225_no_canonical_selector	main	OTHER	This arc's absence claim (the atom list 'does not exist anywhere') was itself factually wrong within a day -- the list was on main all along, just in a different arc's verification directory than the searching seat checked. Corrected via a second dated addendum without editing the first, per house discipline (the two addenda leave a self-documented record of the absence-claim error and its correction), so this is a real instance of the 'sweep before absence' failure mode the wider campaign is auditing for.
B1225_no_canonical_selector	main	OTHER	reproduce.sh verifies only that cited arcs' claim_one_line prose contains certain keyword fragments, not that the underlying mathematics of those cited arcs is correct or that the 5-step deduction is valid; the check is a citation-integrity test, weaker than a recomputation.
B1226_the_beta_odd_box	main	IDENTIFICATION_BY_TYPE	Cell 3's forward proposal -- 'does the object's Z/2 fix the CP-conservation bit' -- is explicitly self-flagged by the arc as 'a type-match, which is a licence to ask, not an answer', i.e. the arc itself names this as exactly the type-coincidence trap this seat is instructed to flag; recorded here as the arc's own honest self-flag rather than a claimed result.
B1227_one_theorem_two_regimes	main	NO_TEST	The arc's FINDINGS.md names a lock at tests/test_b1227_two_regimes.py, which does exist in the repo's tests/ directory (confirmed present), so this is not actually missing -- noting for completeness that this arc, unlike B1224 and B1225, does have a dedicated lock file.
B1228_S1_the_nomination	main	IDENTIFICATION_BY_TYPE	pi_1(m004)'s 2T quotient is identified with the transverse ALE orbifold group of the McKay/6d-type construction on the strength of both being 'the same group up to isomorphism' (order 24, SL(2,3)); the ADDENDUM itself names this as unearned.
B1228_S1_the_nomination	main	RETRACTION_NOT_PROPAGATED	level_results.json and s1_results.json still contain 'sigma_is_1': true / 'sigma':'1' as committed witness data, even though FINDINGS.md's own 'The retraction' section and the ADDENDUM both retract sigma=1.
B1228_S1_the_nomination	main	FITTED_VALUE	nomination.py's control shows the trefoil knot (3_1) also surjects onto 2T 48/72 times, identical to m004 -- so the 'discriminating control' framing in FINDINGS.md ('control 5_2=0') omits that a different control (3_1) fails to discriminate; disclosed in the fence but not in the headline table.
B1229_the_consistency_turn	main	LOG_DRIFT	B1229's own FINDINGS.md/arc_verdict.json were never updated to record B1230 C-5's explicit refutation ('c=6 has four solutions, not one, at level 1') of the restricted-menu argument that produces the 'one bit' headline, nor B1232's later, stronger retraction that the rationality premise is empty (Q dense in R). Both corrections live in sibling arcs, not here.
B1229_the_consistency_turn	main	IDENTIFICATION_BY_TYPE	the object's trinification Z/3 is equated with the boundary CFT's 3-primary module group purely because both have order 3; B1232 shows the actual arithmetic Galois group in play has order 2.
B1229_the_consistency_turn	main	CLAIM_EXCEEDS_COMPUTATION	'sigma becomes ONE BIT' / 'zero continuous dimensionless parameters' end-state language in endstate.py/FINDINGS.md rests on two OPEN/CANDIDATE rows (lambda periodicity, the P^3 Cardy cut) that are explicitly marked 'not computed here' / 'the test to run', yet the arc's headline narrative reads as if the reduction already succeeded.
B1230_consistency_campaign_run1	main	SUPERSEDED_UNMARKED	arc_verdict.json's claim_one_line still asserts C-5b's 'restriction-free' recovery ('the object's own arithmetic selects E6 alone') as the arc's stronger, corrected headline, and c5b_results.json still carries 'b1229_headline_support_restated': true, even though the arc's own same-day ADDENDUM_2026-09-01_C5b_IS_NOT_RESTRICTION_FREE.md explicitly withdraws exactly this claim as an unearned identification 'of the same species as B1228's retracted nomination'.
B1230_consistency_campaign_run1	main	IDENTIFICATION_BY_TYPE	C-5b joins the object's trinification Z/3 to the boundary CFT's 3-primary module group solely because both groups have order 3; no map or faithful action is exhibited (conceded in the ADDENDUM).
B1231_identification_discipline	main	MISSING_WITNESS	the arc's central instrument (identification_audit.py) and its 61-candidate sweep output were not present as files in this arc directory per the packet (only FINDINGS.md/arc_verdict.json/CITATION_VERIFICATION.md); the sweep result is asserted in prose without an included machine-readable artifact in this arc's own folder.
B1231_identification_discipline	main	NUMERIC_ONLY_NO_EXACT	the Anderson-Moore/Vafa and MMS citation grading rests entirely on secondary-source literature review (abstracts, not primary papers), not a reproducible computation.
B1232_codex_r031_verified_and_three_columns	main	MISSING_WITNESS	rerun_codex_certs.sh hardcodes the path /Users/dri/oa-audit-seat/aud1t/codex-r023/certificates/... which is outside this git repository and does not exist in it (verified by find); codex_certs_rerun.txt is a committed witness .txt, but the code that generated it -- the arc's own central 'verified on this bench' claim for three of its four headline retractions -- is not committed anywhere a stranger cloning origin-axiom could find or re-run it.
B1232_codex_r031_verified_and_three_columns	main	RETRACTION_NOT_PROPAGATED	this arc explicitly retracts B1229's rationality-based 'robust core' as EMPTY (a plain logical error, Q dense in R) and retracts B1228's 'k=1 forced by inventory' as a default-from-absence fallacy, yet neither B1228's nor B1229's own FINDINGS.md/arc_verdict.json in this batch were amended to record these retractions -- the correction exists only in this sibling arc.
B1232_codex_r031_verified_and_three_columns	main	IDENTIFICATION_BY_TYPE	self-diagnosed by the arc itself: 'I matched dim 4 with phi(12)=4 and inferred a module structure from two numbers agreeing -- that is the identification error B1231 exists to catch, committed inside the analysis that motivated the discipline.'
B1233_zai_audit	main	NONE	no significant flags found in this arc's own content -- it is an unusually clean external-audit-and-refutation arc with exact numeric witnesses for every claim
B1234_a6_built_the_walls	main	IDENTIFICATION_BY_TYPE	cell 3's conclusion that Gieseking 'carries the same invariant trace field Q(sqrt-3)' as m004 because both are in the same disc -3 commensurability class is stated rather than computed in this script (no explicit trace-field computation for Gieseking appears in a6_built_the_walls.py); low severity since this is a well-known SnapPy census fact, but it is asserted, not shown, in this particular committed file.
B8068_j2t_charge_field	paper/structure-genesis-first	RETRACTION_NOT_PROPAGATED	Cell 2 was withdrawn same-day for four named errors, but arc_verdict.json's claim_one_line does not surface Cells 3, 4, Axis 0, Axis 3, Item 1, or the subalgebra cell at all -- the verdict record captures only Cell 1 (PROVED) and Cell 2 (WITHDRAWN), leaving a large body of committed positive/negative findings (so(10) reached with chirality, su(5) unreachable in 254 real forms, subalgebra class error) entirely outside the arc's claim-of-record.
B8068_j2t_charge_field	paper/structure-genesis-first	SUPERSEDED_UNMARKED	CELL_ITEM1_FINDINGS.md's own body text (below its added warning box) still narrates the original 254/254 su(5)-not-real claim as the finding, with the corrective note only in a header box saying the conclusion (but not the argument) survives per B8073 -- B8073 itself is outside this packet and not independently verified by this reader.
B8068_j2t_charge_field	paper/structure-genesis-first	OTHER	Repeated 'class error' pattern named explicitly by the arc's own author nine times across the session (THE_RULE.md, SESSION_STATE.md) -- testing a proxy/adjacent class and reading it as the answer for the actual question; this is an internally-flagged methodological risk, not fully resolved even by the arc's own account.
B8068_j2t_charge_field	paper/structure-genesis-first	MISSING_WITNESS	No committed .json/.txt witness outputs for most of the numeric claims (e.g. Cell 3's 63-subset sweep, Axis 0's 56-prime sweep, Axis 3's 126-case sweep) -- results are asserted in FINDINGS.md as script stdout, not preserved as data files in the arc directory (unlike B8071 which does commit results.json).
B8069_conformal_selection	paper/structure-genesis-first	FITTED_VALUE	the 2.5% (6/238) non-genericity statistic is explicitly self-scoped by the author as p~0.025, not significant on its own, and dependent on an admittedly crude comparison class (small-integer 4x4 matrices) -- a reader could over-read this as evidence of design.
B8069_conformal_selection	paper/structure-genesis-first	NO_TEST	no separate pytest/verification harness; correctness relies on inline print-based controls in a single script.
B8070_anomaly_rank_descent	paper/structure-genesis-first	CLAIM_EXCEEDS_COMPUTATION	the retracted headline itself is a textbook example: a printed f-string of hardcoded arithmetic was presented as a computed Lie-rank descent result. This is flagged and fixed within the same arc, but demonstrates the pattern the seat should watch for elsewhere.
B8070_anomaly_rank_descent	paper/structure-genesis-first	OTHER	arc explicitly names this as 'the ninth-instance pattern again -- the class error survives even when the class error is the stated subject', i.e. the author's own ledger of repeated methodological failures across this session/corpus.
B8071_reality_gate	paper/structure-genesis-first	IDENTIFICATION_BY_TYPE	'compact su(3)+su(3), dim 16, is exactly Baez-Schwahn's Stab(B)_0' and 'B8068's cell30 already found (16,16) inside f4 at 9 of 9555 charge directions' are flagged by the author as 'three routes now point at the same 16-dimensional object' -- a dimension/type match across three separate computations that the arc itself does not claim is an identity, but which a reader should treat as a coincidence-of-type flag pending an explicit isomorphism/conjugacy check (the B8068 subalgebra cell shows exactly this kind of match can be isomorphic-but-not-conjugate).
B8072_matching_capacity	paper/structure-genesis-first	MISSING_WITNESS	capacity.py has no gate()/assert mechanism and writes no results.json or output.txt; the numeric floor values (rho=2794, rho=58559, 5.0/6.4 significant digits) quoted verbatim in FINDINGS.md and arc_verdict.json can only be checked by re-running the script, and no committed stdout capture exists to compare against.
B8072_matching_capacity	paper/structure-genesis-first	FITTED_VALUE	the Poisson-density model's two rho values are each calibrated from a single or pair of recorded hit-counts from other arcs (a fit, not a derivation from first principles); the arc is candid about this and supplies out-of-sample controls (C1-C4), but the underlying SM central values used for the informativeness sweep are hardcoded literals with no citation trail in the script.
B8073_su5_reality	paper/structure-genesis-first	RETRACTION_NOT_PROPAGATED	arc explicitly documents that a cross-seat panel's banked claim (B=(24,24), su(5) tau-stable) does not reproduce in-sandbox; the finding is that the panel's discriminating filter is 'identically satisfied' for every character, i.e. the original claim gave no discrimination at all. The arc records this rather than silently ratifying, which is good practice, but flags that the panel's original claim may still be cited elsewhere without this correction attached.
B8073_su5_reality	paper/structure-genesis-first	OTHER	the negative is scoped to a specific swept character family (2-torsion slice, uniform mu-family, 400 random), explicitly not the full (p-1)^6 space; the arc is careful to say 'no character in the swept family' rather than 'no conjugation exists', which is the correct epistemic hedge, not a flaw, but worth tracking as a residual open question.
B8075_rung_spectrum_audit	paper/structure-genesis-first	SUPERSEDED_UNMARKED	this arc's own results.json explicitly frames its 16-subset table as a sample ('a full subspace sweep of C would only ADD values'), and it is later shown by B8078/B8079 to have been an under-sample (three of eleven attainable values found, not all eleven). B8075 itself has no verdict/arc_verdict.json marking it superseded -- the correction lives only in the later arcs' files, and this directory carries no ADDENDUM or pointer forward.
B8076_paper_closure	paper/structure-genesis-first	GITIGNORED_WITNESS	the campaign relies partly on 'papers/structure_paper/verify/*.py' scripts described as shipped in the submitted source but not sampled by this seat in this read; whether their outputs are committed witnesses or reproduce only at build time was not verified here.
B8076_paper_closure	paper/structure-genesis-first	OTHER	CAMPAIGN.md documents that a governance gate ('tracked-forbidden') forbids cross-seat relay files at the repo root/docs, that this seat itself violated it four times before noticing, and that ~75 other loose relays from 2026-08-15 remain unaddressed and are explicitly someone else's problem to fix -- an acknowledged, unresolved repo-hygiene debt.
B8077_compact_home	paper/structure-genesis-first	OTHER	the arc's central reading -- 'reality is not the obstruction it has been read as' -- rests on showing a compact home EXISTS for both the 14-dim and 12-dim endpoints separately; it explicitly does not show the object's specific SM-shaped subalgebra IS the one embedded in that compact form (an open 'matching problem'), so the headline framing risks reading stronger than the demonstrated result.
B8078_rung_spectrum_attained	paper/structure-genesis-first	OTHER	arc is honestly labelled 'post-hoc' preregistration -- structure was found before controls were written, which the arc discloses rather than hides, and defends via falsifiability against banked corpus values rather than self-chosen thresholds; not a defect but worth surfacing given this seat's mandate to flag preregistration status.
B8082_geodir_h1	paper/structure-genesis-first	CLAIM_EXCEEDS_COMPUTATION	the paper's original Proposition (geodir) asserted 'the unobstructed E6 moduli' as a single claim bundling dimension and unobstructedness; this arc shows the dimension count (6, split 1+5) is real but that the obstruction space (H^2) is actually nonzero (dim 6), meaning unobstructedness is not merely uncomputed but is a nontrivial open question the paper's phrasing had glossed over.
B8083_positivity_bridge	paper/structure-genesis-first	NO_TEST	No tests/test_b8083*.py referenced anywhere in this arc's files or relays, unlike sibling arcs (B8085-B8094) which cite a tests/test_bXXXX file; verification rests solely on the arc's own script gates.
B8084_cold_audit	paper/structure-genesis-first	RETRACTION_NOT_PROPAGATED	This same seat's own absence claim ('B1074/B1075/B1076 do not exist… searched every remote branch') was declared false three relays later ('That was true when I wrote it and is false now… You pushed; I never re-checked') — the retraction is in the same arc directory but the earlier claim was already relayed to cc as if current before the correction; worth checking whether the retraction reached every place the original claim propagated to.
B8084_cold_audit	paper/structure-genesis-first	MISSING_WITNESS	The 400-banked-verdict percentage breakdown (66.2/30.2/2.8/0.8) and the 754-entry kill-graph statistics are asserted as computed facts but no script/witness computing them is included in this arc's committed files.
B8086_wilson_menu	paper/structure-genesis-first	IDENTIFICATION_BY_TYPE	The killed proposal itself rested on attaching an outside-derived Z/5 torsion menu to 'the object' by structural resemblance (torsion from 'the closing'); this arc's main contribution is precisely showing that identification fails (menu belongs to a different manifold member, m=5, not m=1) — a useful negative example of type-coincidence reasoning being caught rather than committed by this repo.
B8090_cold_audit_f1	paper/structure-genesis-first	RETRACTION_NOT_PROPAGATED	This arc's own first version (relay CC3_TO_CC_2026-08-19_AUDIT_B1076_ONE_NOTATION_DEFECT.md, read as part of B8084) asserted a DIFFERENT and WRONG diagnosis ('lambda^2 must mean lambda_2, a subscript rendered as superscript') based on an inferred definition rather than reading b1076_results.json; that first relay was explicitly retracted in this arc ('I_WAS_WRONG_THE_REAL_DEFECT.md') and superseded, but the retraction is itself a good self-correction — flagged here so downstream readers do not cite the superseded diagnosis, which is filed in a sibling arc's directory (B8084) without a forward pointer to this correction.
B8092_design_audit	paper/structure-genesis-first	MISSING_WITNESS	A design/process audit whose three findings rest on quoted excerpts of external orchestration scripts (B1074/B1076 prompts) that are not committed in this arc's own directory — a stranger cannot independently verify the quotes are complete/representative without locating those source scripts elsewhere in the repo.
B8093_L171_clpw	paper/structure-genesis-first	MISSING_WITNESS	The entire arc's evidentiary basis is a human/AI reading of one external arXiv paper at specific sections; no local copy, hash, or extracted-quote file is committed, so a stranger cannot verify the section/equation attributions without re-fetching and re-reading arXiv:2206.10780v5 themselves.
B8093_L171_clpw	paper/structure-genesis-first	IDENTIFICATION_BY_TYPE	The whole exercise is explicitly a search for a 'MATCH' between this repo's algebraic construction and CLPW's, guided against a pre-declared trap for coincidences that are near-vacuous by the uniqueness of the hyperfinite II_1 factor (criterion (c)) — the arc itself flags this risk rather than falling into it, which is worth noting as a correctly-caught instance of the type-coincidence trap.
B8094_L173_anchors	paper/structure-genesis-first	CLAIM_EXCEEDS_COMPUTATION	The arc's own headline structural_fact ('the phason phase these experiments adiabatically scan IS the Sturmian intercept') asserts an identification between a repo-internal mathematical free parameter and a specific experimental control knob, while simultaneously and explicitly admitting the decisive check — whether the repo's predicted edge-mode counts (5 vs 6, from B1085) differ at all from what the standard gap-labeling theorem already forces for the same configuration — has not been run. If gap labeling already forces the counts, the 'prediction' is a re-derivation of textbook physics, not new content, and the arc says so itself.
B8094_L173_anchors	paper/structure-genesis-first	SUPERSEDED_UNMARKED	results.json's 'precision_figures_extracted' field contains an inline note dated 2026-08-27 ('COMPLETED BY B8146… as a NEGATIVE: the anchor literature reports no error bars… mode identification is QUALITATIVE, not a count') that updates/answers an item FINDINGS.md and arc_verdict.json still describe as simply 'NOT extracted' / open and owed — the summary-level claim-of-record files were not revised to reflect this later resolution, so a reader of FINDINGS.md/arc_verdict.json alone would not know the precision-figures question was later closed (as a negative) by a different arc.
B8095_related_work_armor	unknown (packet did not surface a source hash)	OTHER	SCOPE explicitly states this is a positioning deliverable, not mathematics, and that Furey's/Connes' criticisms are 'the standing published criticisms' rather than this seat's independent assessment -- self-disclosed, not concealed, but it means the arc's central content (differentiation from rival programmes) rests on abstracts and secondhand characterizations of rival work, not primary-source verification.
B8096_relaxed_residue	unknown (packet did not surface a source hash)	OTHER	The arc explicitly narrows its own generality: it tests only B8092 finding 1, in one family, and states plainly that the owner's broader claim (gates suppressed findings) rests on B976/B8092 which this arc does not touch. Good discipline, not a flaw, but worth flagging that a reader skimming only the claim_one_line could over-read 'stronger negative' as closing the broader question.
B8097_buried_results	unknown (packet did not surface a source hash)	OTHER	Meta-finding is itself an absence/process claim: results are found but 'noticing has been treated as discharging' -- i.e. two catalogues already document these items and nothing acted on them. This is a governance complaint, not new physics/math content; ranking is this seat's own addition on top of B985's material.
B8098_L1_verified	unknown (packet did not surface a source hash)	SUPERSEDED_UNMARKED	The arc itself states the target defect: 'm004 is THE selected object' is banked (elsewhere in the corpus) wider than what was proved ('m004 extremal along m=1..7'); this arc computationally narrows two of five criteria but the digest packet gives no evidence the original overclaiming banked statement was itself corrected/retracted in its home document -- only that this arc 'measures the gap' without reopening L1.
B8099_3d_completeness	unknown (packet did not surface a source hash)	IDENTIFICATION_BY_TYPE	The 'two theories on one manifold' headline flags a real risk pattern: (A) T[4_1]=U(1)+2 chirals (abelian, from DGG dictionary) and (B) the E6 structure with the 27 matter rep are both attached to the SAME 3-manifold by different corpus routes, and the arc itself says these are NOT the same theory and the corpus's own B262 flags this as an open wall ('is E6 ever dynamical'). This is exactly the sort of dimension/structure coincidence (same manifold, two unrelated gauge-theoretic attachments) the seat rules ask to flag.
B8100_oneloop_geodesic	unknown (packet did not surface a source hash)	LOG_DRIFT	A self-correction, not log drift per se, but flags a documented instance where a stale, wrong number (134 classes/1221 geodesics vs the correct 214/2819) sat uncorrected in the arc's own FINDINGS.md prose for some period until an unrelated later arc's independent reproduction surfaced the discrepancy -- a real instance of a wrong number persisting in a committed document despite a contradicting computation existing in the same seat's own later output (B8112).
B8100_oneloop_geodesic	unknown (packet did not surface a source hash)	NUMERIC_ONLY_NO_EXACT	The headline number (log Z_geod = -0.272977 +/- 2.0e-3) is explicitly non-convergent/oscillatory and only a bounded numeric estimate, honestly labeled with an uncertainty equal to the last delta rather than a converged value -- flagged here only because a reader could mistake the precision of the printed digits for more significance than the arc itself claims.
B8101_scattering_verified	unknown (packet did not surface a source hash)	OTHER	The results.json for this arc was not printed to the transcript separately in this pass (only inferred from FINDINGS.md and scattering.py); its full content was not independently re-verified against the script's actual numeric output beyond what the FINDINGS.md table reproduces.
B8102_cusped_gap	unknown (packet did not surface a source hash)	OTHER	This arc's central claim (a bridging gap exists between two published results) rests entirely on reading abstracts, explicitly labeled 'NEEDS-SPECIALIST-CONFIRMED' by the arc's own honest_label field in results.json -- appropriately caveated but load-bearing for the next arc B8104's retraction.
B8103_specialist_revisit	unknown (packet did not surface a source hash)	OTHER	The arc's core evidentiary basis is 'two web searches' explicitly acknowledged as 'stronger than the original (none) and weaker than a specialist read' -- an absence claim (no E6 character-variety literature found) resting on non-reproducible search queries rather than a committed, rerunnable search log or witness file.
B8104_pfaff_formula	unknown (packet did not surface a source hash)	MISSING_WITNESS	results.json reports specific computed decimals (cusp_defect and volume_factor for m=3,4,5) with no accompanying script in the arc directory (files listed for this arc are FINDINGS.md, arc_verdict.json, results.json only) -- a stranger cannot reproduce these numbers from the committed files alone, only from the closed-form Pfaff formula transcribed in prose.
B8104_pfaff_formula	unknown (packet did not surface a source hash)	RETRACTION_NOT_PROPAGATED	This arc explicitly retracts B8102's NEEDS-SPECIALIST-CONFIRMED label after only ~2 hours ('label_lifetime_hours': 2); the retraction is recorded here but the digest packet gives no evidence the retraction was propagated back to update B8102's own FINDINGS.md/arc_verdict.json (B8102's arc_verdict.json as read still stands with its original NEEDS-SPECIALIST framing, only cross-referenced by this later arc).
B8105_r48_phase1	unknown (packet did not surface a source hash)	MISSING_WITNESS	The currency-spine counts (126 surfaces, 57 lagging, 21 dated/36 undated) and the registry-absence check (B1012 etc. absent from THEOREM_REGISTRY.md) are presented as findings but no script/query is committed in the arc directory to let a stranger reproduce the exact counts against origin/main at the stated commit; only live_surfaces.json (a result artifact) is present.
B8106_r48_phase2	unknown (packet did not surface a source hash)	OTHER	This arc leans on B1098/B1100's claim of 'rank exactly 4 via the object's own non-abelian holonomy, with complex matter' as an established fact to prove the ledger stale -- but that underlying claim is itself explicitly flagged (by B8107, the very next arc in this batch) as 'cited as cc's and not audited here.' A downstream governance finding rests on an upstream physics claim this seat has not independently checked.
B8107_r48_verify	unknown (packet did not surface a source hash)	OTHER	R48-F4 (BANKING_PROTOCOL.md missing the creates_law field from its binding checklist) is itself an instance of the exact pattern F1 diagnosed ('the gate exists, the protocol does not say it'), self-flagged by the seat as evidence the failure mode is structural rather than incidental -- a legitimate and well-caught governance recursion, not a red flag against the seat.
B8108_r48_phase3	unknown (packet did not surface a source hash)	MISSING_WITNESS	The header-regex discriminator that classified 13/36 candidates as 'handled' is described in prose but no script is present among this arc's committed files (only triage.json, a results artifact) -- a stranger cannot rerun the exact classification.
B8109_r48_close	unknown (packet did not surface a source hash)	MISSING_WITNESS	The scan methodology that produced 'zero new findings' (the overturned-claim scan with positive control) is narrated in detail but the actual scan script/regex is not committed in this arc's directory -- reproducibility of the 'zero new findings' claim depends entirely on prose description.
B8109_r48_close	unknown (packet did not surface a source hash)	OTHER	The arc honestly reports its own near-miss (a broken regex that could not cross markdown hard-wraps nearly produced a false 'corpus clean' claim) -- good self-correction discipline, flagged here only because it is the second such self-caught false-zero this seat records in the same short window (the first being an apostrophe breaking a grep in the B8107 relay).
B8110_scale_factorisation	unknown (packet did not surface a source hash)	OTHER	FINDINGS.md for this arc carries an explicit, dated notice: 'RECONSTRUCTED 2026-08-26 from this arc's own banked record... This seat stopped writing FINDINGS.md at B8110 and the omission ran unbroken through B8134 -- sixteen arcs. It went uncaught because the lock that detects it lives in a suite too slow to finish inside a session.' This is the single most important process/governance fact discovered while reading this batch: a 16-arc-long gap in contemporaneous FINDINGS.md documentation, self-disclosed only in retrospect five days later.
B8111_genericity_control	unknown (packet did not surface a source hash)	OTHER	The arc self-reports an instrument failure caught before publication: 'the m=1 control failed on first run because the full-trace map was paired with the half-trace invariant' -- caught by the seal's own predeclared rule ('a failure at m=1 means the instrument is broken and the arc reports nothing else'). This is a positive process signal (a real bug caught by a pre-declared control), not a red flag against the result.
B8112_graviton_torsion_dictionary	paper/structure-genesis-first	OTHER	The arc explicitly declines the further identification of Ray-Singer analytic torsion with the graviton determinant ('a further identification and is not claimed'), so the paper-facing claim should not be read as establishing the one-loop partition function -- correctly scoped in FINDINGS.md but worth flagging since the title language ('graviton torsion dictionary') could be over-read.
B8113_abscissa_residue	paper/structure-genesis-first	OTHER	The arc's own working copy of THE_FRAMEWORK's item numbering was stale (it thought item 5 was a different, unrelated item), caught only because cc's question forced a check against origin/main -- a live example of the corpus's known 'stale tree' failure mode, self-caught here but a symptom worth tracking across arcs.
B8114_related_work_armor	paper/structure-genesis-first	OTHER	Every claim in this arc rests on citations fetched via web search on the arc's stated date rather than on any file committed to this repo; the packet contains no fetch log or cached copy of the source papers, so a stranger auditing only the committed repo cannot independently verify the quoted theorem statements, only that the arc asserts they were checked.
B8116_c2_pathA_tower	paper/structure-genesis-first	OTHER	The arc explicitly warns against its own genre error ('it would be the same error inverted to claim theorem-level precision from summaries') -- a good practice, but it means the PROVEN/NOT-PROVEN split reported is itself only as reliable as an abstract/summary read, not a full-text verification.
B8118_two_theories_differ	paper/structure-genesis-first	IDENTIFICATION_BY_TYPE	The identification of SL(2,Z/3) with the binary tetrahedral group 2T is supported in this script only by matching group order (24) and involution count (1), which are necessary but not sufficient conditions for group isomorphism; the full isomorphism (needed for the McKay correspondence step to E6) is imported from a prior arc (B997) rather than independently verified here.
B8119_3d_closure	paper/structure-genesis-first	RETRACTION_NOT_PROPAGATED	The arc's own CORRECTION 2026-08-22 states the Vol=(3sqrt3/2)L(chi_-3,2) identity was already banked as B680 and that presenting the saddle recomputation as establishing it (rather than as a corroborating recomputation) was an attribution error; the correction is folded into FINDINGS.md and the arc_verdict claim_one_line, so it is NOT unmarked here -- flagged only because a downstream reader of results.json alone (without the FINDINGS.md correction) would not see the B680 attribution note, since results.json's own verdict string also lacks the B680 correction text.
B8120_scrutiny_triage	paper/structure-genesis-first	OTHER	FINDINGS.md for this arc is explicitly a non-contemporaneous RECONSTRUCTION written 2026-08-26 (5 days after the arc's stated 2026-08-21 date), assembled only from the arc's own arc_verdict.json and results.json because the seat 'stopped writing FINDINGS.md at B8110' for sixteen consecutive arcs (through B8134). This is a genuine process gap -- no real-time narrative exists for this arc, only the after-the-fact structured record -- and the packet for this arc includes no script file at all, only the reconstructed narrative plus the two JSON records.
B8121_m4_closed	paper/structure-genesis-first	MISSING_WITNESS	The exhaustive block-sequence check that is the load-bearing evidence for 'the conclusion is unaffected' is described only in prose (in a reconstructed FINDINGS.md) and its result numbers in results.json; the script computing it (verify/check_arithmetic_tail.py) is not among this arc's committed files in the packet, so a stranger auditing only this arc's directory cannot re-run or inspect it.
B8121_m4_closed	paper/structure-genesis-first	OTHER	Like B8120, this FINDINGS.md is a non-contemporaneous reconstruction from 2026-08-26, assembled from banked JSON only.
B8122_constructive_items	paper/structure-genesis-first	MISSING_WITNESS	None of the numeric checks described (E1's det(A^2-I)=-m^2 verification, E2's primitive-vs-imprimitive class-count table, E3's root-system search in E6's 72 roots) has a corresponding script committed in this arc's own directory in the packet; all are narrated in FINDINGS.md/results.json prose only.
B8122_constructive_items	paper/structure-genesis-first	OTHER	Non-contemporaneous reconstruction, same as B8120/B8121 (written 2026-08-26 from banked JSON, 5 days after the arc's stated date).
B8123_scrutiny_closed	paper/structure-genesis-first	MISSING_WITNESS	The claim that R1 is discharged rests on a textual search of the paper's abstract/body ('mentions CS...zero times', 'body states...verbatim') for which no grep output, diff, or paper excerpt is committed in this arc's own directory in the packet.
B8123_scrutiny_closed	paper/structure-genesis-first	OTHER	Non-contemporaneous reconstruction, same pattern as B8120-B8122 (written 2026-08-26 from banked JSON only).
B8124_phi_law_sharpened	paper/structure-genesis-first	MISSING_WITNESS	the headline 2e-50-level numeric agreement has no committed script in the arc folder; the file list here is text/JSON only
B8124_phi_law_sharpened	paper/structure-genesis-first	IDENTIFICATION_BY_TYPE	none — arc explicitly disclaims golden content in the tone component and is unusually careful about which piece is 'real' vs an algebraic identity; commendable self-scoping, not a flag
B8125_abscissa_not_the_cusp	paper/structure-genesis-first	MISSING_WITNESS	S(2) growth steps and the log-fit intercept are precise numbers with no committed script; reproducibility depends on unlisted external code
B8125_abscissa_not_the_cusp	paper/structure-genesis-first	FITTED_VALUE	explicitly self-flagged: a fitted intercept d=0.102679 nearly matched a target constant (vol/(2pi^2)) purely by construction of the fit window, and the candidate constant had been printed in the same script that produced the fit — a textbook look-elsewhere case the arc itself catches and retracts
B8126_tone_axis_split	paper/structure-genesis-first	MISSING_WITNESS	no committed script for pauli_decompose or the table values; the arc is a cross-tabulation exercise on numbers from B1132/B8111
B8126_tone_axis_split	paper/structure-genesis-first	NUMERIC_ONLY_NO_EXACT	self-reported process note: a first check used a tolerance (1e-25) tighter than the literals' own precision (18 digits) and manufactured a false negative reporting every menu member as a miss, caught only by adding a positive control
B8127_regulator_omission	paper/structure-genesis-first	OTHER	The project's own progress log later records this exact arc's promised cross-bench verification as never completed and formally 'retired' rather than confirmed — the arc's own claim of self-correction was never independently checked before the campaign moved on.
B8127_regulator_omission	paper/structure-genesis-first	SELF_REFERENTIAL_LOCK	the arc names a recurring failure mode in the same seat's own work ('four section-0 violations... today') without a gate existing to catch it; it is a self-audit describing an uncaught process failure, not a fixed one
B8128_genericity_on_the_wins	paper/structure-genesis-first	OTHER	two self-caught bugs in the same run (float-equality comparison on Chern-Simons manufacturing a false separator; testing torsion-freeness instead of H_1=Z) are reported transparently — good practice, not a flag against the arc, but indicative of how easily a shared/generic property can look like a discriminating one
B8129_n2_no_breakdown	paper/structure-genesis-first	MISSING_WITNESS	confirmed cross-arc: B8137's own FINDINGS.md states 'B8129 and B8130 are banked as results.json with NO code in the tree', and that B8137 had to write check_n2_abscissa.py independently from the banked method description, finding its own reproduction differs ~3% in cutoff spread from the banked numbers (1.06e-4 vs 1.03e-4 at s=2.6)
B8130_item5_ruelle_Lchi	paper/structure-genesis-first	MISSING_WITNESS	B8137's FINDINGS.md explicitly names B8130 alongside B8129 as banked with 'NO code in the tree'
B8130_item5_ruelle_Lchi	paper/structure-genesis-first	OTHER	first attempt evaluated L(s,chi_-3) via naive series outside its half-plane of convergence and got phi(1.5)phi(0.5)=-484.8, an apparent refutation of a banked identity, self-caught before reporting
B8131_brief_triage	paper/structure-genesis-first	MISSING_WITNESS	literature-absence claims backed by web search are not accompanied by any committed search log, query text, or result list — only the seat's summary judgement
B8132_spin_count_not_separating	paper/structure-genesis-first	MISSING_WITNESS	the extension of B8128's census to H^1(M;Z/2) counts is not accompanied by a committed script or output in this arc directory, only prose
B8133_residue2_reframed	paper/structure-genesis-first	OTHER	self-correction within the same arc: opened by claiming Fried's theorem closes residue 2, caught and reversed after checking evaluation points — transparent, but shows how easily a superficially matching theorem can be mis-cited as closing a gap it doesn't reach
B8134_codex_branch_stale_claim	paper/structure-genesis-first	SUPERSEDED_UNMARKED	the arc's own claim_one_line in arc_verdict.json begins with a bracketed '[CORRECTED 2026-08-26 ...]' notice and the FINDINGS.md 'Verdict' section is itself the corrected text — i.e. the correction is embedded inline in the sole claim_of_record rather than as a separate superseding document; this is handled reasonably (no stale uncorrected copy found in the digest sample) but is the same file serving as both the original claim and its own retraction, which is fragile bookkeeping
B8134_codex_branch_stale_claim	paper/structure-genesis-first	OTHER	the arc explicitly names its own error class: 'I read a snapshot [of an interrupted, mid-work branch] as a claim — the same shape as reading a headline as a result', i.e. a repeated failure mode (jumping to a characterization before checking whether the artifact being read was even a finished statement)
B8135_paper1_drafted	paper/structure-genesis-first	OTHER	a discrepancy with an independent count (2 vs 3 primitive classes at m=12) is disclosed as UNRESOLVED and non-load-bearing rather than resolved or suppressed
B8135_paper1_drafted	paper/structure-genesis-first	OTHER	a corrected mismatch between the SERIES_PLAN.md's claim (Paper I answers 17 'geometry' domain questions) and the paper's actual anchors is self-caught: 'ALL 17 are algebraic geometry of heterotic bundles — not one is hyperbolic geometry. I matched the word and never opened the rows'
B8136_paper2_drafted	paper/structure-genesis-first	OTHER	self-caught: the entire first draft mislabeled t and Phi as binary OCTAHEDRAL (2O) invariants when the degree arithmetic (6,8,12) only closes for binary TETRAHEDRAL (2T), E6's actual McKay partner — caught mid-draft, and the correction is reported as making the paper's argument stronger rather than weaker
B8136_paper2_drafted	paper/structure-genesis-first	OTHER	the principal-sl2 placement input to the whole construction is explicitly flagged CONDITIONAL (OA-C0006), i.e. the 'forcing' of C is conditional on an unproven prior choice
B8137_paper3_drafted	paper/structure-genesis-first	GITIGNORED_WITNESS	not gitignored per se, but the arc documents that two upstream arcs (B8129, B8130) existed for 5+ days with results banked and zero committed code, discovered only when this arc needed to cite a reproducible script for a paper draft — functionally the same failure mode as a gitignored witness (no committed way to rerun the original claim)
B8138_paper4_drafted	paper/structure-genesis-first	LOG_DRIFT	the progress log records a follow-on extension (a second object-level separator, cusp shape m004=2*sqrt(3)*i) attributed to 'B8138-extended' that is not present in this arc's own FINDINGS.md/arc_verdict.json — a reader of only this arc's committed files would not learn of the extension, and it is unclear from this packet whether the extension lives in a different, unlisted arc
B8139_findings_omission_swept	paper/structure-genesis-first	OTHER	the arc's own headline detail ('killed run contains exactly 5 failures total and reached 73%') was itself withdrawn one arc later (B8140) as based on a truncated three-line log fragment, not the full record — the corpus's self-audit apparatus produced an unreliable number about its own reliability on the first pass
B8139_findings_omission_swept	paper/structure-genesis-first	OTHER	flags (without acting on) a personal email address left on a tracked, dual-pushed submission-metadata file, in tension with a standing lock against email-shaped text on that surface — disclosed but deliberately left unresolved
B8140_fastlane_adopted	paper/structure-genesis-first	OTHER	two of the arc's own prior claims are retracted in this same arc: the '73% / 5 failures' detail from B8139 (based on a truncated 3-line log fragment) is withdrawn, and a claimed 'new failure' (test_b1034_l154) is reclassified as pre-existing after a base-commit check
B8141_artifact_dependence	paper/structure-genesis-first	GITIGNORED_WITNESS	test_b1062_bridge.py and test_b1063_refresh.py assert on 6 files matched by the repo-wide *.log gitignore rule; they fail (not skip) on a clean checkout, exactly the class this task's rules ask readers to flag.
B8141_artifact_dependence	paper/structure-genesis-first	MISSING_WITNESS	the arc explicitly declines to apply any remedy; the two named tests remain broken on a clean checkout at the time of this digest's writing (not independently re-verified by this reader beyond citing the arc's own report).
B8142_residue2_bridge	paper/structure-genesis-first	SUPERSEDED_UNMARKED	arc_verdict.json's claim_one_line and verdict ('PROVED') were never updated after FINDINGS.md's same-day CORRECTED banner refuted the reflection formula's antecedent and withdrew its three numeric predictions; a reader consulting only arc_verdict.json (the claim-of-record file) would not learn of the retraction.
B8142_residue2_bridge	paper/structure-genesis-first	OTHER	reflection.py (the script producing the withdrawn numbers) was left unedited/uncommented to reflect the correction, unlike acyclicity.py which was added specifically to document the refutation; the withdrawn table still prints on a plain run.
B8143_anomaly_lane	paper/structure-genesis-first	SUPERSEDED_UNMARKED	arc_verdict.json's claim_one_line is the pre-correction claim ('the SM is NOT the minimal rigid chiral content', 13-state witness) verbatim, unedited after FINDINGS.md's own CORRECTED banner retracted exactly this claim in the same arc; a downstream reader of arc_verdict.json alone gets the withdrawn conclusion.
B8143_anomaly_lane	paper/structure-genesis-first	IDENTIFICATION_BY_TYPE	step6's conclusion that hypercharge/shape forcing is 'generic' (works for anyone starting from SU(3)xSU(2)xU(1), no E6/27/m004 tokens in the load-bearing code) is the arc's own self-audit and is honestly reported as NOT evidence for the object -- flagged here only because it is exactly the caution this task's rules ask readers to watch for, and the arc gets there itself.
B8144_price_reconciliation	paper/structure-genesis-first	IDENTIFICATION_BY_TYPE	the proposed mechanism (archimedean vs finite-place cost tracks whether the relevant symmetry group has an orbit-breaking arithmetic subgroup) is offered as 'a theorem you already have' but is applied to time's arrow only as an untested template ('I have not run it -- it is your residue'); the VEV/F4(Z) identification rests on matching group types (F4 acting on frames) to a physical cost bit rather than an independent derivation of the physical cost itself.
B8145_l171_verified	paper/structure-genesis-first	OTHER	the arc exists only because the same seat had previously made a false absence claim ('L171 and L173 were undone') caused by piping a 13-hit grep through head -8 and reading the truncation as absence -- a direct instance of exactly the failure mode this reading task's rules warn about, self-caught here but worth surfacing to the sweep.
B8146_l173_precision	paper/structure-genesis-first	MISSING_WITNESS	the 'targeted search across the AAH cold-atom edge-state line' that found no resolution/edge-count figures is described only in prose; no list of papers searched, no query log, no committed artifact records what was actually checked, so the negative ('no experiment currently makes this measurement') is not independently auditable from committed files.
B8147_paperIV_refuted	paper/structure-genesis-first	MISSING_WITNESS	no census-scan script is present among this arc's committed files (arc_verdict.json, results.json, relays/ only); the FULL provenance of the '212,641 manifolds scanned, 77 all-regular-ideal' figure is not independently checkable from this arc's own directory.
B8148_m12_settled	paper/structure-genesis-first	MISSING_WITNESS	no code file is present in this arc's directory (only arc_verdict.json, results.json, relays/); the class-count computation and its control (matching m=1..11) cannot be reproduced from what was delivered to this arc.
B8148_m12_settled	paper/structure-genesis-first	OTHER	the arc explicitly notes codex's R010 also reports m=12 'resolved' but the relay body is untracked and the direction is unreadable from the ledger row, so the two independent claims of resolution were never actually cross-checked against each other.
B8149_paperII_residue_sharpened	paper/structure-genesis-first	OTHER	the arc's own verdict explicitly flags that codex R013 reports the same object ('Paper-II Qbar CLOSED') but the relay is unread on this bench and the direction is unreadable from the ledger row, so this sharpening and that closure are NOT compared, only juxtaposed as unreconciled parallel claims.
B8152_family_definition	paper/structure-genesis-first	LOG_DRIFT	arc_verdict.json's claim_one_line states the family size as 111 ('THE FAMILY IS 111'), matching this arc's own first relay title, but the second relay in the same arc directory is titled 'YOU ARE RIGHT 112 AND MY CONTROL WAS ONE-SIDED', and PROGRESS_LOG/REVIEWS.md both record the settled count as 112. The verdict-of-record (arc_verdict.json) was not updated to 112.
B8152_family_definition	paper/structure-genesis-first	MISSING_WITNESS	no census-scan script is present in this arc's own directory (only arc_verdict.json, results.json, relays/); the 111/112 counts cannot be reproduced from what was delivered to this arc.
B8153_b500_accounting	paper/structure-genesis-first	OTHER	'a timeout is evidence of difficulty, an unreached word is evidence of nothing' -- the arc itself explicitly names that the prior banked phrasing ('absent from 115 of 150') concealed the difference between attempted-and-failed and never-attempted, i.e. a prior claim's evidentiary basis was weaker than its phrasing implied (CLAIM_EXCEEDS_COMPUTATION on the earlier phrasing, self-corrected here).
B8153_b500_accounting	paper/structure-genesis-first	MISSING_WITNESS	no script or the underlying hunt_results_d5.txt log is present in this arc's own directory; the accounting and the bite-control result cannot be independently rerun from what was delivered to this arc.
B8154_mirror_is_c	paper/structure-genesis-first	IDENTIFICATION_BY_TYPE	the physical 'orientation bit' the observer must supply (B1163/B1183/B1184's quine result) is identified with the algebraic Galois-conjugation bit on Q(sqrt-3) because both are order-2 group actions on the same field-theoretic data (m004's holonomy trace field); the arc's own SCOPE section is honest that 'no residue closed... the marking is still not derived', i.e. the identification of WHICH bit is physically selected is not established, only that the group acting is the same group.
P3_depth_exposure	main	CLAIM_EXCEEDS_COMPUTATION	compute.py presents itself as 'Method A: structural depth analysis (kill_form + depth_note gap parsing)' and FINDINGS.md cites 'byte-identical on rerun' as reproducibility evidence, but the actual per-target verdict (gap_threatens_verdict True/False for each of the 21 ids) is a hardcoded literal assigned inside an if/elif chain keyed by id string, not derived from parsing the depth_note text or any formula; the classification is the analyst's manual judgment encoded as source code, so re-running the script cannot independently confirm the judgment, only reprint it.
P3_depth_exposure	main	OTHER	no arc_verdict.json is present for this arc (unlike every B81xx arc in this batch), so there is no separate machine-readable claim-of-record to check against FINDINGS.md; the FINDINGS.md text is the only record.
_frontier_root_files	main	CLAIM_EXCEEDS_COMPUTATION	README.md and REPO_STATE.md summarize ~130 B-numbered probes (SL(n) trace-map towers, A-polynomial derivations, arithmeticity classifications) entirely by cross-reference; this arc's own file set contains none of the underlying probe code, so every specific numeric/algebraic claim in these two files is unverifiable from what was actually read here.
_frontier_root_files	main	MISSING_WITNESS	aj_conjecture_check.json contains real numeric output (colored Jones polys, recursion residuals) but no script that produced it is present in this arc.
_frontier_root_files	main	SELF_REFERENTIAL_LOCK	"REPO_STATE.md is itself a self-audit (""whole-repo reaudit"") that repeatedly asserts ""no claim promoted"", ""physics chapter CLOSED"", ""P1-P16 untouched"" as its own verdict on ~90 subsequent updates appended to the same file, without independent adjudication in this arc."
overnight_2026-06-03	main	OTHER	All five overnight jobs depend on Python modules dynamically loaded via importlib from other frontier/B* subdirectories (frontier/B64_parity_mechanism/probe.py, B65_sl4_symbolic_jacobian/probe.py, B66_sl6_tower/validate.py, B67_figure_eight_apolynomial/probe.py) that are not part of this arc's file set, so this arc's numeric claims cannot be checked or rerun in isolation even though the calling code is fully committed and legible.
overnight_2026-06-03	main	NO_TEST	None of the five overnight job scripts have accompanying pytest test files in this arc; they are one-off exploratory scripts explicitly documented as 'writes only inside this directory; commits nothing' / 'No commit.'
physics_probes	main	MISSING_WITNESS	None of the 18 .py scripts have any committed .log/.out/.json/.txt witness of their run output, even though the FINDINGS.md files quote specific derived numbers verbatim from that output (e.g. '88%', '1.5e-15', 'τ₁=−3', 'j(a=3)=148176/25'). This is not gitignoring (no such files exist at all, tracked or untracked) -- the numbers are asserted in prose with no committed run artifact to check them against; a stranger must re-execute every script (some requiring SnapPy 3.3.2) to verify any quoted figure.
physics_probes	main	NO_TEST	18 of 19 scripts contain zero `assert` statements; the sole exception (spectral_curve_gate2.py) has one assert-like check embedded in a print, not a real test. Correctness rests entirely on eyeballing printed diagnostics against prose claims in the companion .md, with no automated pass/fail gate.
physics_probes	main	IDENTIFICATION_BY_TYPE	The Gate 2 j=1728/tau=i 'Seiberg-Witten identification' is explicitly diagnosed by the authors themselves as a dimension/type coincidence (both are CM-by-Z[i] elliptic curves, isomorphic over C) rather than a genuine physical identification -- this is exactly the pattern the seat is instructed to flag, and here it is self-caught and correctly labeled NEGATIVE rather than claimed. Recorded as a red flag category match, not as an unflagged overclaim.
physics_probes	main	IMPORTED	The load-bearing negative for the whole metallic-anyon path (no anyon model exists for m>=2) rests on citing Ostrik's rank-2 fusion-category classification theorem verbatim ('This is the cited classification, not re-derived here') rather than an independent proof or computation in-repo.
tierB_opening	audit/b775-braver-questions	MISSING_WITNESS	Five of the seven .py scripts (bronze_geometricity_attack.py, full_trace_field_degrees.py, geometric_component_verify.py, m5_complete_factorization.py, m5_spurious_component_ztower.py) have no committed output witness and no companion document narrating what they printed, unlike layer0_modules.py/layer0b_all_directives.py which do have matching .txt witnesses in this same directory -- an inconsistent practice within one arc.
tierB_opening	audit/b775-braver-questions	SUPERSEDED_UNMARKED	P0-0_GENERICITY_CONTROL.md's own body text in §4 still contains the original closure clause ('closes for good') inline in the document even though a same-day owner-caught correction banner at the top of the file explicitly withdraws it and says 'The sentence was unsupported and is struck.' The struck sentence is not actually removed/struck-through in the body -- it must be located and manually discounted by the reader following the correction banner's pointer. This is a soft case (the correction is prominent and dated, but the older text remains literally present in §4 rather than being edited out or visibly struck).
tierB_opening	audit/b775-braver-questions	OTHER	This entire arc lives on an unmerged audit worktree branch (audit/b775-braver-questions) rather than main, and is explicitly self-described as pre-adjudication design work ('cc3 does not adjudicate'). It should not be read as a settled arc result at all -- it is scaffolding for a not-yet-run experiment (B518 Tier B) plus two rounds of a still-open control-design question (P0-0), and no spectral computation for the actual Tier B ladders (Fibonacci/TM/mixed gap-opening test) has been run in this directory.
LOG:Consolidation: audit + Phase 0 governance	docs/progress/PROGRESS_2026-Q2.md	OTHER	'two contemporaneous 2026-05-21 self-assessments disagree' — an optimistic handoff.md vs a disciplined Reality Check v1/V4 paper; disciplined line adopted as canonical (owner/governance judgment call, not computed).
LOG:Legacy reorganization & repository consolidation	docs/progress/PROGRESS_2026-Q2.md	ABSENCE_CLAIM	'not yet audited in detail — flagged for a later pass' re the genesis-era 'e_origin axiom' folder (line ~58).
LOG:Phase A: tested foundation	docs/progress/PROGRESS_2026-Q2.md	OTHER	self-correction logged per GOVERNANCE.md §6 — a wrong assumption caught mid-run, not an external red flag.
LOG:Phase B / probe B1: gluing vs. Chern-Simons flatness	docs/progress/PROGRESS_2026-Q2.md	OTHER	Explicit non-claim: 'does not produce the Chern-Simons action, its level k, or anything distinguishing 2+1 gravity from a generic flat-connection theory' — STRUCTURAL math only, NO_OBSERVABLE_CONTENT physically.
LOG:Phase B / probe B2: monodromy action on the moduli space	docs/progress/PROGRESS_2026-Q2.md	RETRACTION_OF_EARLIER_ENTRY	'the handoff document's claim ... is falsified — that substitution does not leave the figure-eight A-polynomial curve invariant (nonzero remainder)'. Refutes a claim from the pre-consolidation handoff, consistent with the audit's warning that handoff over-reaches.
LOG:Phase B / probe B3: figure-eight triangulation & the 4D Regg	docs/progress/PROGRESS_2026-Q2.md	ABSENCE_CLAIM	'the handoff's Step 5A ... is not a defined construction. It supplies no 4-manifold and no 4-simplices. The path 5A->5C->Einstein has an undefined first step.'
LOG:Phase B / probe B3: figure-eight triangulation & the 4D Regg	docs/progress/PROGRESS_2026-Q2.md	OTHER	Pattern noted across B1-B3: well-defined content is exact, but the bridge to 3+1 gravity 'rests on a step asserted but not constructed' — a repeated structural gap, not computation.
LOG:Session-3 integration: P11–P13 promoted, probes B4–B5 added	docs/progress/PROGRESS_2026-Q2.md	OTHER	Explicit gate discipline: 'Declined for the proven core' the P14 Kasner-at-phi claim — 'Promoting it would smuggle an unproven selection into the proven core.'
LOG:Session-3 integration: P11–P13 promoted, probes B4–B5 added	docs/progress/PROGRESS_2026-Q2.md	FITTED_VALUE	B5's Lambda estimate is off by ~10^120 from observation, recorded as a documented warning / dead-adjacent, not a fitted success.
LOG:Phase C / probe E14 (categorical / initial-object): `STALLED	docs/progress/PROGRESS_2026-Q2.md	OTHER	Verdict framed as bounding the rest of the program: pure formal characterization is necessary but insufficient — a structural (not physical) negative result.
LOG:Phase C / probe E11 (statistical / entropic): `STALLED`	docs/progress/PROGRESS_2026-Q2.md	ABSENCE_CLAIM	'The empty measure space (no sigma-algebra, no measure) does not even support the inequality 1<<2^n.'
LOG:Phase C / probe E5 (quantum-physical / Vilenkin tunneling): 	docs/progress/PROGRESS_2026-Q2.md	ABSENCE_CLAIM	'the framework the mechanism claims to produce is the framework it presupposes' — no meta-measure supplied for a genuine probability of universe-creation.
LOG:Phase C / probe E5 (quantum-physical / Vilenkin tunneling): 	docs/progress/PROGRESS_2026-Q2.md	OTHER	Cross-batch synthesis: three orthogonal mechanism classes (E14 formal, E11 statistical, E5 quantum) all STALL the same way — 'force-vs-target asymmetry' — each smuggles an unstated input (meta-framework / configuration space+measure / FRW topology+Lambda+ordering+boundary choice).
LOG:Session 3 synthesis: 2025 field theory ↔ 2026 algebraic skel	docs/progress/PROGRESS_2026-Q2.md	FITTED_VALUE	B8's m/g≈1.6117 explicitly flagged as 'an honest near-miss, explicitly NOT phi (delta≈0.0063) — recorded under disclaimer so it is not later mistaken for a result (cf. D-class numerology).'
LOG:Session 3 synthesis: 2025 field theory ↔ 2026 algebraic skel	docs/progress/PROGRESS_2026-Q2.md	CLAIM_WITHOUT_ARC	B9 notes 'the cubic vertex and Fibonacci fusion share tau^2-tau-1, but no functor: analogous to != derived from.'
LOG:Conditional uniqueness theorem (formalizes C1)	docs/progress/PROGRESS_2026-Q2.md	IDENTIFICATION_BY_TYPE	The uniqueness is explicitly 'up to order' and the entry states 'that single binary choice is the minimal inserted structure that selects the golden vacuum phi over its mirror' — an inserted convention, flagged honestly rather than derived.
LOG:Quantum selector campaign synthesis (R3)	docs/progress/PROGRESS_2026-Q2.md	GITIGNORED_WITNESS	Raw JSONL, scoreboards, source downloads, and run logs of this 232-cycle campaign are explicitly kept private/out of the repo ('without copying raw JSONL, scoreboards, source downloads, local path inventories, or run logs') — the campaign's own summary is the only committed witness.
LOG:Noncommutative residue dossier (R5)	docs/progress/PROGRESS_2026-Q2.md	ABSENCE_CLAIM	'the two operations, order loop, substrate, field dictionary, unit scale, source law, and observable are not derived.'
LOG:State-integral selector-gap dossier (R6)	docs/progress/PROGRESS_2026-Q2.md	ABSENCE_CLAIM	'no source-normalized thimble-intersection vector was constructed'; zero winding remains allowed; orientation remains unforced.
LOG:B13 trace-map character-variety probe	docs/progress/PROGRESS_2026-Q2.md	OTHER	Genericity control explicitly distinguishes 'the A-sector is the symmetric-square trace lift of the primitive half-step F, not of the direct monodromy A=F^2' — a careful control against a plausible misreading.
LOG:B14 half-step square-root selector	docs/progress/PROGRESS_2026-Q2.md	OTHER	'this shifts the live question to the status of the record-swap P. If P is a legitimate pre-dynamical symmetry ... the half-step is forced up to sign. If not, it remains inserted.' — explicit dependence on an unresolved axiom.
LOG:B15 trace-map invariant controls	docs/progress/PROGRESS_2026-Q2.md	RETRACTION_OF_EARLIER_ENTRY	'the proposed sqrt(5) coupling requires a shifted convention and is not accepted here' — corrects a normalization error found within the same probe.
LOG:B16 record-swap symmetry status	docs/progress/PROGRESS_2026-Q2.md	ABSENCE_CLAIM	'A1-A6 do not derive the exchange-symmetry requirement.'
LOG:Trace-map/spectrum checkpoint and review-note package	docs/progress/PROGRESS_2026-Q2.md	ABSENCE_CLAIM	'this still depends on a projective/sign-quotient criterion that is not derived from A1-A7.'
LOG:B27-B29 higher-rank and selector controls	docs/progress/PROGRESS_2026-Q2.md	OTHER	'direct/inverse trace distinctions are not promoted to particle/antiparticle physics' — explicit refusal of an IDENTIFICATION_BY_TYPE temptation.
LOG:B30-B37 selector-first campaign	docs/progress/PROGRESS_2026-Q2.md	ABSENCE_CLAIM	'A1-A7 plus exchange get the trace-map setting; they do not derive S1.'
LOG:B30-B37 selector-first campaign	docs/progress/PROGRESS_2026-Q2.md	OTHER	B37 explicitly quarantines awareness/religion/metaphysics-adjacent language from the claims system.
LOG:B38-B47 deep S1 campaign	docs/progress/PROGRESS_2026-Q2.md	ABSENCE_CLAIM	'T1 itself is not derived from A1-A7 plus exchange.' The chain lambda/h=1 rests entirely on this unproven T1.
LOG:Conditional trace selector theorem (formalizes C5)	docs/progress/PROGRESS_2026-Q2.md	ABSENCE_CLAIM	'B39-B47 show that T1 itself is not derived from A1-A7 plus exchange. Validation should ask whether T1 is a theorem, a standard naturality/filter-inheritance principle, or an extra axiom.'
LOG:B25 Fibonacci spectrum anchor	docs/progress/PROGRESS_2026-Q2.md	FITTED_VALUE	'Without a derivation, it is not a falsifiable prediction of the core' — lambda/h=1 is used as input, motivated not derived, matching the pattern flagged throughout the B17-B47 campaign.
LOG:B17-B24 half-step kernel campaign	docs/progress/PROGRESS_2026-Q2.md	IDENTIFICATION_BY_TYPE	B24: 2cos(pi/5)=phi at k=3 is a numeric coincidence used to motivate SU(2)_3 compatibility, but 'the level-selection rule remains inserted' — flagged as such.
LOG:B48 / PC12 metallic SL(3) trace-map intake	docs/progress/PROGRESS_2026-Q2.md	GITIGNORED_WITNESS	'raw side-work bundles, coordination artifacts, and private working notes were not copied. The public repo records only distilled B48/PC12 material plus a private-source checksum' — underlying computation not independently reproducible from the committed repo alone.
LOG:B49 PC12 proof-hardening	docs/progress/PROGRESS_2026-Q2.md	OTHER	Explicitly narrows scope from computer-certificate scan to hand-proof text — an honest admission the earlier B48 result was certificate-assisted, not proved.
LOG:B51 symbolic-m factorization and B52 bridge control	docs/progress/PROGRESS_2026-Q2.md	ABSENCE_CLAIM	'No source found in this scan supplies the PC12 SL(3) physical dictionary.'
LOG:B51 symbolic-m factorization and B52 bridge control	docs/progress/PROGRESS_2026-Q2.md	OTHER	B52 explicitly records a negative result: the naive multichannel physics bridge FAILS the PC12 recursion, banked as a documented negative rather than left ambiguous.
LOG:B53 literature screen, B54 general-c structure, PC12 rescale	docs/progress/PROGRESS_2026-Q2.md	OTHER	Honest downgrade: PC12 rescaled 'THEOREM_NOTE -> COMPUTATIONAL_REPORT' after a literature screen found most of it is standard-repackage, not new mathematics.
LOG:B53 literature screen, B54 general-c structure, PC12 rescale	docs/progress/PROGRESS_2026-Q2.md	CLAIM_WITHOUT_ARC	E21's framing (a cross-session, ambitious 'self-evidencing closure' mapping trace-map coupling onto variational free energy) is noted as coming from outside the governed probe system; an external 9-page draft (acknowledging AI platforms) was explicitly kept OUT of the repo pending a privacy-rule decision.
LOG:B55 c=1 general-m structure, B56 figure-eight kill, B57 spli	docs/progress/PROGRESS_2026-Q2.md	RETRACTION_OF_EARLIER_ENTRY	'This corrects the earlier odd->Phi6 / even->Phi4 reading (m≡0 mod 4 degenerates, not Phi4).'
LOG:B55 c=1 general-m structure, B56 figure-eight kill, B57 spli	docs/progress/PROGRESS_2026-Q2.md	IDENTIFICATION_BY_TYPE	B56 explicitly kills a numerology-style coincidence: 'the figure-eight <-> I=1/4 (self-evidencing) bridge is DEAD; the c=1 Eisenstein resemblance to the figure-eight tetrahedron shape ... is a cyclotomic coincidence.'
LOG:B55 c=1 general-m structure, B56 figure-eight kill, B57 spli	docs/progress/PROGRESS_2026-Q2.md	OTHER	'The Hilbert-class-field coincidence (h(-15)=2 vs m=1) is killed for m>=2' — a second numerology kill in the same entry.
LOG:E21 self-evidencing controls (Weil–Petersson identity, Aubry	docs/progress/PROGRESS_2026-Q2.md	OTHER	'The session itself flags the Weil-Petersson reading as possibly just calculus; recorded, not promoted' — an honest self-deflation of an apparently elegant identity.
LOG:Handoff triage; SL(n) factor-count tower recorded as a predi	docs/progress/PROGRESS_2026-Q2.md	ABSENCE_CLAIM	'n>=4 (SL(4): 7 factors) is untested and requires building the SL(4) trace map — a candidate future probe (B58+), explicitly not a claim.'
LOG:B58 SL(4) factor-count tower test (attempt; NEEDS-EXPERTISE)	docs/progress/PROGRESS_2026-Q2.md	ABSENCE_CLAIM	'the n=4 prediction is untested (neither confirmed nor refuted).'
LOG:B59 SL(4) fixed-line factorization (numerical; tower predict	docs/progress/PROGRESS_2026-Q2.md	RETRACTION_OF_EARLIER_ENTRY	'This REFUTES the naive 7 char(M^k) + 1 parity prediction (actual: 3 parity + 5 char(M^k) + 2 from char(-M^2)).' Explicitly labeled numerical, not symbolic proof.
LOG:B60 SL(n) tower: cross-n structure map (n=3,4) + SL(5) barri	docs/progress/PROGRESS_2026-Q2.md	ABSENCE_CLAIM	'five attempts failed'; documented as 'a reproducible conditioning fact', barrier not resolved in this entry.
LOG:B61 SL(5) high-precision factorization (barrier re-diagnosed	docs/progress/PROGRESS_2026-Q2.md	RETRACTION_OF_EARLIER_ENTRY	'B60's SL(5) conditioning wall was a misdiagnosis.' The double-precision 'cond~1e11' reading is explicitly overturned.
LOG:PC12 made review-ready for an external specialist	docs/progress/PROGRESS_2026-Q2.md	ABSENCE_CLAIM	'The actual specialist read is the user's hand-off and remains the open step.' No external validation has actually occurred despite the readiness label.
LOG:B62 opposition involution: the 2 unresolved SL(5) modes	docs/progress/PROGRESS_2026-Q2.md	ABSENCE_CLAIM	'a symbolic proof of the height decomposition needs the ambient SL(5,C) trace ring (B58's open task).'
LOG:B63 SL(4) fixed-line factorization over Z[m] (computer-assis	docs/progress/PROGRESS_2026-Q2.md	ABSENCE_CLAIM	'That multi-block Procesi machinery is the real reason B58 is open. Documented, not built.'
LOG:B65 symbolic SL(4) Jacobian J(m), char poly factored over Z[	docs/progress/PROGRESS_2026-Q2.md	ABSENCE_CLAIM	'The purist from-first-principles Procesi trace ring (B58; the mixed two-block machinery) remains the open item.'
LOG:B66 SL(6) numerical tower: the |k|=3 multiplicity test (= 2)	docs/progress/PROGRESS_2026-Q2.md	RETRACTION_OF_EARLIER_ENTRY	'|k|=3 multiplicity = 2, the same as SL(5) — it does NOT grow with n, refuting max(n-d,1).'
LOG:Tower verification pass: SL(2) parity correction + B66 relab	docs/progress/PROGRESS_2026-Q2.md	RETRACTION_OF_EARLIER_ENTRY	'the DRAFT_NOTE.md cross-n tower table had listed the n=2 parity block as none (under-counting the 3-dim variety by the degree-1 factor); corrected to (t+1).'
LOG:B66 validation campaign: mult(|k|=3)=2 stress-tested four wa	docs/progress/PROGRESS_2026-Q2.md	ABSENCE_CLAIM	'there is no exact rational matrix to reconstruct — unlike gauge-clean SL(4) (B65). The intrinsic character-variety Jacobian is canonical, but computing it exactly is the ambient SL(6,C) Procesi trace ring — B58, still open.'
LOG:Closing the exploratory phase: B58 Stage 1 + overnight conso	docs/progress/PROGRESS_2026-Q2.md	RETRACTION_OF_EARLIER_ENTRY	'A scoping guess ... was never validated and is REFUTED by the Đoković cross-check; kept visible so it is not re-derived.'
LOG:Closing the exploratory phase: B58 Stage 1 + overnight conso	docs/progress/PROGRESS_2026-Q2.md	OTHER	An explicit 'forward guard' is banked to preempt a future misreading: any future entropy/spectral-weight probe must compute Sum|k| weight, NOT topological entropy — a documented anti-pattern warning.
LOG:Punch-list closeout (post-reaudit) + tracked PC12-refresh de	docs/progress/PROGRESS_2026-Q2.md	RETRACTION_OF_EARLIER_ENTRY	'Ledger V15 (B64) status requalified PROVEN (symbolic) -> PROVEN (symbolic, SL(3)); SECTOR-ASSIGNMENT (SL(4)); STRUCTURAL MECHANISM (general n) to match the honest B64 README.'
LOG:B58 Phase A consolidation: merge, honest relabel, candidate 	docs/progress/PROGRESS_2026-Q2.md	RETRACTION_OF_EARLIER_ENTRY	'The exact-Q fix hypothesis was WRONG and is kept visible ... ALL give a_2=1. The cause is the pinv/ambient-Jacobian construction... UNDER-COUNTS degenerate multiplicities — wrong, not merely ceilinged, from n=5 in every field/precision.'
LOG:B58 Phase A consolidation: merge, honest relabel, candidate 	docs/progress/PROGRESS_2026-Q2.md	OTHER	B62 explicitly downgraded from 'theorem' status to 'State 3 for full a_d, State 2 (verified candidate) for height-2 only' — B64 'proved the SECTOR, not the COUNT.'
LOG:Phase 8: physics-paths sweep (robustly negative) + B68/B69/B	docs/progress/PROGRESS_2026-Q2.md	ABSENCE_CLAIM	'the framework produces real mathematics (low-dim topology/number theory/1D condensed matter) but has no crossing into fundamental — or even new quantum — physics.'
LOG:Phase 8: physics-paths sweep (robustly negative) + B68/B69/B	docs/progress/PROGRESS_2026-Q2.md	OTHER	'Novelty check: STANDARD_REPACKAGE — the cusp law is the known Baker-Petersen ideal-point structure ... not new' — an internally-flagged non-novelty.
LOG:open-paths sweep (V43–V52) + the comprehensive Paths A–F man	docs/progress/PROGRESS_2026-Q2.md	OTHER	'Honest headline: the mathematics is real ... every physics bridge returned negative.'
"LOG:follow-on + unification + ""Complete the Tower"" runs (V60–V74"	docs/progress/PROGRESS_2026-Q2.md	OTHER	Both flagship results (the tower, degree=rank) are 'reduced to a single clean lemma each with the n<=4 cases proved' — genuine bounded progress, general-n still open.
LOG:the V75 audit + Paper 0 (the self-reference grounding)	docs/progress/PROGRESS_2026-Q2.md	RETRACTION_OF_EARLIER_ENTRY	'B90's L1a is a tautology (holds on random non-bundle (A,t)); B90's exponent = rank from Cayley-Hamilton is refuted by the hinge test (both SL(4) Dehn-filling components satisfy L1b but give exponents 4 vs 3); only L1b is genuine.'
LOG:the V75 audit + Paper 0 (the self-reference grounding)	docs/progress/PROGRESS_2026-Q2.md	OTHER	Methodology banked: 'never override an expected/symbolic result with numerics alone; don't count tautologies toward a reduction; run the decisive gate first' — an explicit process lesson from a caught overclaim.
LOG:Task M: the degree=rank mechanism (V79) + the §1–§3 cleanup 	docs/progress/PROGRESS_2026-Q2.md	OTHER	De-hardcoded four /Users/dri absolute paths — a reproducibility hygiene fix, meaning prior committed scripts (B77/B79/B83/B88) would not run on a fresh machine as-is.
LOG:geometry-invariants + literature-bridge pass (V80–V84); phys	docs/progress/PROGRESS_2026-Q2.md	OTHER	'the most-leveraged physics path (CC-web Path 1) returns negative' — a decisive computed rejection of the strongest candidate physics bridge tried so far.
LOG:the Hitchin-component reframing (V85); physics firewalled	docs/progress/PROGRESS_2026-Q2.md	OTHER	R2 explicitly recorded in FAILURE_ATLAS with two companion dead heuristics (Goldman metric Riemannian; Hessian/Fisher forms definite not spacetime) — a first-class negative, not a silent drop.
LOG:the Hitchin-component reframing (V85); physics firewalled	docs/progress/PROGRESS_2026-Q2.md	OTHER	Firewall Path 7 states the ceiling honestly: even total success on the Hitchin->Langlands->class-S chain reaches N=4 SYM, 'one superconformal gauge theory, not the Standard Model/gravity/the universe' — never a claim.
LOG:the W1/W2 dichotomy + the R4 boundary-controlled cubic conti	docs/progress/PROGRESS_2026-Q2.md	RETRACTION_OF_EARLIER_ENTRY	'The handoff's clean (lambda,1,1/lambda) geodesic boundary with Im=0 throughout and a cusp-collision wall at t*≈3.775 does not reproduce ... t*≈3.775 is a non-reproducible SVD-basis artifact.'
LOG:the n=5 wall characterized + the ρ_n convergence (V89)	docs/progress/PROGRESS_2026-Q2.md	LOG_STRONGER_THAN_LIKELY	This entry's central inferences ('coordinate artifact' and 'natural boundary at n=4, proved') were both explicitly withdrawn two entries later (2026-06-07 B105 V90 and V91) as overreach — a same-day/adjacent self-correction pattern worth flagging for readers who stop here.
LOG:B105 V90 audit: two inference downgrades (the n=5 verdict + 	docs/progress/PROGRESS_2026-Q2.md	RETRACTION_OF_EARLIER_ENTRY	'Correction A ... is INVALID (withdrawn).' 'Correction B ... OVERSTATES (withdrawn).' Both retractions target the entry logged earlier the same day.
LOG:B105 V91: the three-obstacle / one-threshold correction + th	docs/progress/PROGRESS_2026-Q2.md	RETRACTION_OF_EARLIER_ENTRY	'B105 then folded the degree=rank wall into the same one collision... That conflates three distinct obstacles ... Different eigenvalues (-1 vs phi^2), independent derivations (B95 vs B62), different onset (n=5 vs n=4). So one collision is a narrative over distinct mechanisms — withdrawn.'
LOG:B106 hygiene (V93) + B107 physics-connection audit (V94, POS	docs/progress/PROGRESS_2026-Q2.md	RETRACTION_OF_EARLIER_ENTRY	'tower/torsion = masses/dimensions are withdrawn category errors — only the moduli-space-level M_SUSY ≅ M_flat ... map is citable.'
LOG:B106 hygiene (V93) + B107 physics-connection audit (V94, POS	docs/progress/PROGRESS_2026-Q2.md	OTHER	Explicit finding: 'every SL(3) m=1 tower eigenvalue is ±phi^k — one geometric scale log phi; a fluctuation spectrum is a Hessian, not one ratio, so the tower is re-presented moduli-space monodromy, not new physics.'
LOG:the Final Computation Arc (B108–B110) + the dead-ends regist	docs/progress/PROGRESS_2026-Q2.md	RETRACTION_OF_EARLIER_ENTRY	'The handoff's coordinate-axis facts do NOT reproduce; the rigorous linearization DT1^2(2,2,2) does, with eigenvalues {1, phi^4, phi^-4}.'
LOG:B111: the tower's sign structure + the degree=rank exponent 	docs/progress/PROGRESS_2026-Q2.md	RETRACTION_OF_EARLIER_ENTRY	'Correction: the SL(3) parity is (t-1)(t-det N) (the handoff's (t+det N) was a sign slip).'
LOG:B111: the tower's sign structure + the degree=rank exponent 	docs/progress/PROGRESS_2026-Q2.md	OTHER	's_n<->c bridge DEAD (same parity argument as B108)' — another candidate physics-adjacent bridge closed.
LOG:the ρ_n sign half PROVED + the five follow-on paths (B112–B1	docs/progress/PROGRESS_2026-Q2.md	OTHER	Note: this entry's headline ('sign half PROVED for all n') is itself partially walked back in the later 2026-06-07 B116 entry ('proved for n<=5; all-n OPEN') — a same-day-cluster contradiction across entries worth cross-checking.
LOG:B119: the Mᵏ-scalar (centrality) mechanism — a sharp negativ	docs/progress/PROGRESS_2026-Q2.md	RETRACTION_OF_EARLIER_ENTRY	'Emergent (B111 ADD2 correction): the cusp order ... is order(a)={4,3,2,infinity}, NOT a clean {n-1,n+1,2n} law — B111 ADD2 conflated three different components.'
LOG:B122 interlude extensions: the det layers split + the Sym to	docs/progress/PROGRESS_2026-Q2.md	RETRACTION_OF_EARLIER_ENTRY	'char poly lambda^3+1=(lambda+1)Phi_6, DT^6=I — order 6, correcting a narration slip of order 3.'
"LOG:Firewalled triage of the cross-chat ""seven hints"" (tiers kep"	docs/progress/PROGRESS_2026-Q2.md	OTHER	'Crucial fix: this is S028, NOT S024 — the incoming handoff said S024, but S024 is already the Phase-2 monodromy/Hitchin entry (a numbering collision, corrected).' A cross-session bookkeeping error caught before it corrupted the catalog.
"LOG:Firewalled triage of the cross-chat ""seven hints"" (tiers kep"	docs/progress/PROGRESS_2026-Q2.md	IDENTIFICATION_BY_TYPE	A4 (the CS-crossover k≈4<->n=4 match) is explicitly killed as 'a volume coincidence, same family as the killed value-matches.'
LOG:B122: the tower is symmetric powers of the external fundamen	docs/progress/PROGRESS_2026-Q2.md	RETRACTION_OF_EARLIER_ENTRY	'a first pass wrongly called it automatic, but that's only over the cyclic <M>; the tower is a GL(2,Z)-rep (B103), and the identity holds symbolically... module-level proved n=3,4.'
LOG:Physics-bridge sweep, Phase 3: the heavy forks mapped + the 	docs/progress/PROGRESS_2026-Q2.md	ABSENCE_CLAIM	'S025 — off-principal independent spectral content at higher rank: EMPTY for 4_1/SL(3) (B110), open only at SL(4)/SL(5) or another manifold.'
LOG:Physics-bridge sweep, Phase 1: the metallic means are distin	docs/progress/PROGRESS_2026-Q2.md	OTHER	Explicitly scoped: '1D condensed matter, not fundamental physics; the m=1 gap-labeling is textbook (Bellissard 1992).' A real, OBSERVABLE physical result but deliberately labeled as unrelated to the thesis's fundamental-physics aim.
LOG:B120: the trivial-point tower is determined by (n; trace, de	docs/progress/PROGRESS_2026-Q2.md	RETRACTION_OF_EARLIER_ENTRY	'S1: the doubling band {2..n-3} is forced ... but the handoff's (n^2-3n)/2 is off by 2.' 'S3+S5: ... the handoff's 2*max(1,n-h-1) guess is wrong and its no closed form claim is wrong.'
LOG:B118: the θ=−w₀ fixed-root sign = (−1)^{h+1} (NOT the antici	docs/progress/PROGRESS_2026-Q2.md	RETRACTION_OF_EARLIER_ENTRY	'The sign is (-1)^(h+1), NOT a uniform +1 ... B112's unsigned-permutation reading (the fixed root is always +1) is right only for odd h.'
LOG:B117: the interleaving insight (the tower is the Sym two-seq	docs/progress/PROGRESS_2026-Q2.md	RETRACTION_OF_EARLIER_ENTRY	'There is no promotion... The two separable halves (sign + power) picture and the sign-conserving-promotion question are dissolved — tombstoned in speculations/TOMBSTONES.md.'
LOG:B116: reconcile θ-split (B112) vs Sym two-sequence (B103) — 	docs/progress/PROGRESS_2026-Q2.md	RETRACTION_OF_EARLIER_ENTRY	'B112's sign half proved for all n -> sign half proved for n<=5; all-n OPEN. Annotated V99.' This directly contradicts the B112 entry logged earlier the same day ('proved for all n, engine-free').
LOG:B123: m=1 arithmeticity (the third selection criterion) + th	docs/progress/PROGRESS_2026-Q2.md	ABSENCE_CLAIM	'the repo has no trace-field classifier' for m>=2, so the m>=2 non-arithmeticity claim is 'the named confirmation step,' not yet directly computed — hence SUPPORTED, not TESTED-POSITIVE.
LOG:B123: m=1 arithmeticity (the third selection criterion) + th	docs/progress/PROGRESS_2026-Q2.md	OTHER	This entry's K009 conclusion (m=1 uniquely arithmetic) is OVERTURNED two entries later by B125 (2026-06-08) using SnapPy — flagged for cross-check.
LOG:B124: reciprocal `(λ,1/λ)` pairs + time-reversal `λ↔1/λ` — t	docs/progress/PROGRESS_2026-Q2.md	RETRACTION_OF_EARLIER_ENTRY	'Correction B confirmed: the raw +/-1 excess N(+1)-N(-1) oscillates period-4 [-1,0,1,0,...] — NOT monotone floor(n/2); distinct natural decompositions give distinct sequences ... the exact constant is bookkeeping-dependent/open — the closed form was not banked.'
LOG:B125: SnapPy arithmeticity of the metallic R^m L^m bundles —	docs/progress/PROGRESS_2026-Q2.md	RETRACTION_OF_EARLIER_ENTRY	'Overturns the B123/K009 third independent/unique m=1 arithmetic criterion, which mis-applied Reid 1991 (a knot theorem) to bundles.' Directly contradicts the entry logged earlier the SAME DAY.
LOG:B126: the ladder to physics — how far does the metallic rigi	docs/progress/PROGRESS_2026-Q2.md	OTHER	'So we lack no concept; we lack what no 3-manifold can carry.' — an explicit, sharply stated negative conclusion about the entire physics-bridge program's ceiling.
LOG:B126: the ladder to physics — how far does the metallic rigi	docs/progress/PROGRESS_2026-Q2.md	RETRACTION_OF_EARLIER_ENTRY	'the inherited exactly two arithmetic punctured-torus bundles framing is an off-by-one (BMR 1995 = three commensurability classes; the figure-eight + sister m003 are two bundles in one Q(sqrt-3) class) — corrected across K009/K002/B125.'
LOG:B127: chirality, Fibonacci, arithmetic, and the object's pro	docs/progress/PROGRESS_2026-Q2.md	RETRACTION_OF_EARLIER_ENTRY	'Citation fixes to the merged B126: re-attach Floor-2 SUSY from the mis-attached Cho-Gang-Kim arXiv:2007.01532 (which is non-hyperbolic->unitary, actually supporting K-D) to Gang-Yonekura arXiv:1803.04009.'
LOG:B128: the symmetry-breaking landscape — chirality recursion,	docs/progress/PROGRESS_2026-Q2.md	RETRACTION_OF_EARLIER_ENTRY	'Method bug ... naive is_isometric_to(mirror) is orientation-blind -> false positives on known-chiral m015/m016/m009; raw CS sign unsafe.' Banked as a REPRODUCIBILITY.md SCAN — a tooling correctness bug in prior chirality computations.
LOG:B129: the SL(3) tower is sealed in ℚ(√−3) — the firewall fro	docs/progress/PROGRESS_2026-Q2.md	RETRACTION_OF_EARLIER_ENTRY	'the handoff's clean 22/56/0 reducible/finite/genuine split did NOT reproduce (the search rarely converges to the genuine saddle); the robust S1b evidence is the distance distribution + the exact S1a.'
LOG:B130: no forced choice in the invariant ring — the seventh f	docs/progress/PROGRESS_2026-Q2.md	RETRACTION_OF_EARLIER_ENTRY	'Tombstone K-G: forced choice from isolated fixed points at m>=2 — DEAD (the revival failure mode): sp.solve mislabeled curve degeneracies as isolated points ... and the symmetry argument was circular.'
LOG:B132: the quantum layer — eigenvalue field-fusion, chirality	docs/progress/PROGRESS_2026-Q2.md	ABSENCE_CLAIM	'Quarantined (verify-don't-trust): S9 (RRL kappa-degree=3 refutes the criterion) did not reproduce — got degree 1/2 (convention-dependent), never 3; not banked.'
LOG:B132: the quantum layer — eigenvalue field-fusion, chirality	docs/progress/PROGRESS_2026-Q2.md	OTHER	This entry's headline claim ('chirality shifts the eigenvalue arithmetic') is fully retracted in the very next entry (B133, same date range) — flag for cross-check; do not cite this entry's headline standalone.
"LOG:B133: scope-correction to merged B132/K015 — ""chirality shif"	docs/progress/PROGRESS_2026-Q2.md	RETRACTION_OF_EARLIER_ENTRY	'A correction handoff flagged that B132/K015's headline ... is false. Verified in-sandbox and confirmed (and extended). ... the eigenvalue orders are correct; the attribution was the artifact (chirality was confounded with composition).' Directly contradicts the immediately preceding entry.
"LOG:B133: scope-correction to merged B132/K015 — ""chirality shif"	docs/progress/PROGRESS_2026-Q2.md	OTHER	Tombstone K-H banked as 'third recurrence of this field-fusion artifact; sibling of K-G' — the log itself notes a repeated pattern of the same class of mistake (chirality/arithmetic conflation) recurring three times.
LOG:B134: the chirality recursion PROVED (corollary of GHH 2008)	docs/progress/PROGRESS_2026-Q2.md	OTHER	Explicit novelty audit: 'of the three, two are known and one has a now-proved novel kernel — exactly what an audit should surface.' Two of three claimed-novel results are conceded as already known in the literature.
LOG:B135 + B136: the Lee–Yang bridge is m=1-specific; amphichira	docs/progress/PROGRESS_2026-Q2.md	OTHER	'no metallic family of Lee-Yang CFTs' — a stated negative limiting a previously-hoped physics bridge to a single case (m=1).
LOG:B137: S031 sealing extended to m=2 (silver, SL(3), ℚ(i)) + t	docs/progress/PROGRESS_2026-Q2.md	OTHER	'A naive search nearly read as S031 false for m=2 (16 escapes, dist 0.004) — but the escapes were all reducible degenerate points ... whose kappa isn't constrained to K_m.' A near-refutation caught and corrected via a method fix (MB7), not a substantive retraction.
LOG:B138: S031 push — principal-image direction PROVED (all n); 	docs/progress/PROGRESS_2026-Q2.md	ABSENCE_CLAIM	'SL(4) bulk: intractable in-session (honest negative) ... SL(4) sealing evidence not obtained (needs a complete SL(4) trace-coordinate set; NEEDS-EXPERTISE).'
LOG:B138: S031 push — principal-image direction PROVED (all n); 	docs/progress/PROGRESS_2026-Q2.md	OTHER	'Object-clarification (a verify-don't-trust note on my own reasoning): ... I briefly conflated these; caught and banked.' Self-correction within a single entry.
LOG:CHAT-1 LEADS REGISTER: selective registration (open-lead cat	docs/progress/PROGRESS_2026-Q2.md	RETRACTION_OF_EARLIER_ENTRY	'L4 (chiral fragility) WITHDRAWN (B133) — the k=4 vanishing is composition-driven, not chirality.'
"LOG:B139: ""SM through multiplicity"" — firewall cartography (NOT "	docs/progress/PROGRESS_2026-Q2.md	ABSENCE_CLAIM	'structurally blocked = blocked at all standard invariants, not a proof no invariant distinguishes' — an explicit, load-bearing scope limit on the chirality-block claim.
LOG:B140: compute-session reconciliation (close B139-G, reframe 	docs/progress/PROGRESS_2026-Q2.md	RETRACTION_OF_EARLIER_ENTRY	'S031 reframed as rigidity/uniqueness; the non-principal/HMP over-claim retracted (no non-principal irreducible phi-fixed points).' Also: 'so sealed in K_m is loose (K_m is the phi^2-bundle field; phi-fixed content is Q).'
LOG:B141: split S031 — φ-fixed tower REDUCIBLE (Q₈), φ²-geometri	docs/progress/PROGRESS_2026-Q2.md	RETRACTION_OF_EARLIER_ENTRY	'No irreducible principal phi-fixed point at n>=3 (alg-dim {2:4,3:3,4:4,5:4,6:4,7:4}) — corrects B140's rigidity of the principal irreducible fixed point.' A third consecutive same-day self-correction in the S031 thread (B138->B140->B141).
LOG:B142: (A) S031a principal RIGOROUS (Klein-4); (B) magic-mani	docs/progress/PROGRESS_2026-Q2.md	IDENTIFICATION_BY_TYPE	The killed 'Borromean/SU(3) gauge enhancement' claim explicitly rested on a dimension match (Thurston SL(2,C) char-variety dim = #cusps = 3, wrongly equated to rank(SU(3))): 'SL(2,C) dim != rank(SU(3)) — SU(3) is SL(3,C) CS.' A textbook type-coincidence caught and killed.
LOG:B143: strategic synthesis banked (3-voice) + Campaign-1 feas	docs/progress/PROGRESS_2026-Q2.md	RETRACTION_OF_EARLIER_ENTRY	'Chat-1's 588 reps / Massey claim corrected (Massey dead for s776, the 3-chain link; K-I).'
LOG:B143: strategic synthesis banked (3-voice) + Campaign-1 feas	docs/progress/PROGRESS_2026-Q2.md	OTHER	MB11 rule explicitly banked because of 'a drift caught in CC's own reflection' — governance/process rule created in direct response to a self-caught error, distinct from a computed result.
LOG:B144: Campaign 1 (chirality of cusp-glued interactions) — fi	docs/progress/PROGRESS_2026-Q2.md	ABSENCE_CLAIM	"""the closed glue isn't a single Regina call (closed non-hyperbolic) → explicit certification not in-session-tractable; the structural argument carries it (a tooling limit, not a mirror-closure failure)"""
LOG:B145: Campaign 1′ — chirality cannot be forced (canonicity ⟺	docs/progress/PROGRESS_2026-Q2.md	OTHER	This entry's arithmeticity claim ('every quadratic/arithmetic trace field is amphichiral; no arithmetic chiral o-p-t bundle') is REFUTED two entries later by B147 — later contradicted by the log's own account.
LOG:B146: B145 scrutiny calibration — tighten the conclusion, th	docs/progress/PROGRESS_2026-Q2.md	RETRACTION_OF_EARLIER_ENTRY	B146 refutes B145's arithmeticity arm 'as stated' (non-invariant vs invariant trace field)
LOG:B147: the chiral pair RRL/RLL is FULLY ARITHMETIC — the arit	docs/progress/PROGRESS_2026-Q2.md	RETRACTION_OF_EARLIER_ENTRY	REFUTES B145's arithmeticity arm outright; corrects B125's 'exactly two' o-p-t bundles scope
LOG:B147: the chiral pair RRL/RLL is FULLY ARITHMETIC — the arit	docs/progress/PROGRESS_2026-Q2.md	OTHER	"""caught a real polcoef bug: read the leading coefficient at the actual degree"" — a validated-test bug found before the result was trusted"
LOG:B148: κ/Fricke–Vogt pinned, the metallic monodromy = SL(2,ℤ)	docs/progress/PROGRESS_2026-Q2.md	ABSENCE_CLAIM	"""Mainstream physics does not force a commutator-type obstruction. Everything below is math about the tower's symmetry, not a bridge to physics; nothing to CLAIMS.md."""
LOG:B149: B89's family is the COMPLETE irreducible component; M⁴	docs/progress/PROGRESS_2026-Q2.md	OTHER	"""the Schur commutant test is invalid for irreducibility — a reducible non-semisimple rep can have commutant=scalars — it falsely flagged the provably-reducible Q=0 stratum"" — a self-caught methodology error"
LOG:B149: B89's family is the COMPLETE irreducible component; M⁴	docs/progress/PROGRESS_2026-Q2.md	ABSENCE_CLAIM	"""only a human/external source closes the literature/novelty question. Do not branch to L14 until H2."""
LOG:B150: class-S coincidence (L14) — the trace-map action IS th	docs/progress/PROGRESS_2026-Q2.md	IDENTIFICATION_BY_TYPE	the 'FORCED' character-variety identification rests on matching algebraic structure (same cubic, same MCG generators, same dynamical degree formula) between the trace-map tower and N=2* S-duality — a structural-type coincidence, described in the entry itself as 'the widest reach of the one-object picture yet'
LOG:B151: firewall confirmation (L15) — the firewall HOLDS; the 	docs/progress/PROGRESS_2026-Q2.md	ABSENCE_CLAIM	"""No κ-type or volume-type invariant of the unit can source a physical scale."""
LOG:B152: Chern–Simons as a one-sided parity order parameter (ce	docs/progress/PROGRESS_2026-Q2.md	OTHER	"""a modulo-sign bug caught and fixed in my own probe in-session"" (a tiny negative CS wraps to ~0.4999 under %0.5)"
LOG:B153 + the self-scrutiny campaign: the rank-stratified degen	docs/progress/PROGRESS_2026-Q2.md	RETRACTION_OF_EARLIER_ENTRY	corrects B153's own n=5 conclusion and n=3 tangent value, and retracts overclaims in B95 and B92, and down-tiers P10 in CLAIMS.md
LOG:B154: the metallic meridian and the order-based degree=rank 	docs/progress/PROGRESS_2026-Q2.md	FITTED_VALUE	k=4−m(o−3) is a 'closed-form fit' on only six accessible data points; the same entry says the o=4/SL(4) corner 'admits no irreducibles' and that 'a genuine derivation of k=4−m(o−3) is OPEN' — this fit is REFUTED two entries later (B157)
"LOG:B155: the ""golden × phase"" spectral bridge at n=4 (processin"	docs/progress/PROGRESS_2026-Q2.md	OTHER	"""the shorthand 'same matrix two ways' overstates it — this is the honest statement banked"" (a self-caught over-claim)"
LOG:B156: full Ω-branch integration, Phase 1 (the strict-full co	docs/progress/PROGRESS_2026-Q2.md	RETRACTION_OF_EARLIER_ENTRY	the handoff's brute-force strict-full counting script is shown to compute the wrong quantity (per-class not per-matrix), which 'blindly launching it for a 40 hr run would have computed the wrong quantity'
LOG:B156 completion: source-chat cross-check, TC-1/TC-4, the com	docs/progress/PROGRESS_2026-Q2.md	ABSENCE_CLAIM	"""The Ω↔tower bridge audit (κ↦δ/det G? χ_Ω↦Dickson/Lucas? do R,L relations realize?) was proposed but never run — recorded as the open frontier (docs/OPEN_LEADS.md L18, docs/UNIFIED_STATE.md)."""
LOG:B156 completion: source-chat cross-check, TC-1/TC-4, the com	docs/progress/PROGRESS_2026-Q2.md	OTHER	"""History entropy log 2 is the final value — it supersedes the earlier lower bounds log φ and (1/3)log 7 (both < log 2)"" — earlier bounds superseded, not flagged as wrong, but note for the log-contradiction sweep"
LOG:B157: the metallic exponent — k=4−m(o−3) REFUTED (Phase 2)	docs/progress/PROGRESS_2026-Q2.md	RETRACTION_OF_EARLIER_ENTRY	B157 explicitly REFUTES B154's closed-form k=4−m(o−3) with bronze (m=3) counterexamples
LOG:B157: the metallic exponent — k=4−m(o−3) REFUTED (Phase 2)	docs/progress/PROGRESS_2026-Q2.md	FITTED_VALUE	the refuted formula is described as fit to only five data points ('No ≤3-parameter affine/modular law fits the corrected grid (candidate fits overfit a 5-point set, disagree off-grid)')
LOG:B157: the metallic exponent — k=4−m(o−3) REFUTED (Phase 2)	docs/progress/PROGRESS_2026-Q2.md	ABSENCE_CLAIM	"""o=5,6 admit no irreducible SL(3) reps (inadmissible); the grid is genuinely sparse."""
LOG:B159: the Ω strict-full class-graded DAG (L4–L10), independe	docs/progress/PROGRESS_2026-Q2.md	ABSENCE_CLAIM	"""The Myrheim–Meyer / causal-set 'Gate-2 poset' reading is firewalled (docs/OPEN_LEADS.md L21; the export itself disclaims a manifold verdict)."""
LOG:B160: the metallic-quasicrystal bridge — independent redisco	docs/progress/PROGRESS_2026-Q2.md	OTHER	the entry itself frames this as 'the verify-don't-trust payoff working against an over-claim (a rediscovery presented as a breakthrough)' — an independent AI session's claimed 'physics delivery' was downgraded to corroboration of already-banked math
LOG:GOVERNANCE amendment: the form/contents firewall phrasing + 	docs/progress/PROGRESS_2026-Q2.md	ABSENCE_CLAIM	"""absence of a reachable breach is `open`, not a proof of impossibility"" — a meta-rule the log itself states, worth checking other entries against"
LOG:GOVERNANCE amendment: the form/contents firewall phrasing + 	docs/progress/PROGRESS_2026-Q2.md	RETRACTION_OF_EARLIER_ENTRY	references 'the B192 parity-law refutation' as already-happened context, but B192 itself is not covered in this log chunk
"LOG:B568: the anatomy census + Batch AQ (owner: ""limbs, eyes?"")"	PROGRESS_LOG.md	OTHER	Whole entry is a relabeling/synthesis pass giving anthropomorphic names to prior results; no new computation, framed with strong metaphor ('anatomy','no pain','no death').
LOG:the Hamiltonian handoff (seat-1): core REFUTED by an order a	PROGRESS_LOG.md	OTHER	A full cross-seat physics claim (Hamiltonian, coupling ratio, SM-echo 28/27=dim SO(8)/dim h3(O)) was killed by a pure order-theoretic argument before any numeric run — an example of LOG_STRONGER_THAN_LIKELY risk in the *prior* handoff, not this entry.
LOG:B566: the five self-interactions COMPUTED (11 agents, all he	PROGRESS_LOG.md	OTHER	S5 marked with a star ('the sleeper fired') as flagship result but explicitly scoped n=5-specific (809, 18845089 not Lucas) — a bounded finding presented with dramatic framing.
LOG:the three papers DRAFTED + finalized (PC23/PC24/PC25 banked)	PROGRESS_LOG.md	OTHER	Checker explicitly found PC25 Theorem 3's headline numbers (adjoint traces, Jordan type, Cl(9) Krasnov computation) 'lived only in campaign prose' before this fix — a documented instance of the exact asserted-not-computed failure mode this audit is watching for, self-caught here.
LOG:B565 GAUGE-BEHAVIOR CAMPAIGN COMPLETE: 18 cells + the 123-ki	PROGRESS_LOG.md	ABSENCE_CLAIM	"""S014's '~60% null' never computed in-repo and does not reproduce (~10.6%; phi's fit better than random median)"" — PROGRESS_LOG.md:189"
LOG:literature sweep 2 (sharpened image): 3 verdicts, 2 locked f	PROGRESS_LOG.md	ABSENCE_CLAIM	"""NOT scooped where it matters — no H^3 class for any order-11 golden-chain symmetry; NO gap-label work above quadratic fields anywhere"" — PROGRESS_LOG.md:198-199"
LOG:gauge/SM literature map: what behavior to look for in the ob	PROGRESS_LOG.md	ABSENCE_CLAIM	"""no anomaly, beta-function, or loop observable ever computed"" — PROGRESS_LOG.md:276"
LOG:the Probation Campaign RAN (B562): 21 verdicts, adversariall	PROGRESS_LOG.md	OTHER	Explicitly names 2 of the campaign's own probation dispositions (P4, P19) as 'unearned negatives refused at the gate' — a documented instance of an internally caught overclaim.
LOG:chat-3 frontier campaign (cells 1-4) verified + integrated (	PROGRESS_LOG.md	ABSENCE_CLAIM	"""Open (carried, not claimed): Cell 3 global count; Cell 4 infinite-volume gap-opening theorem"" — PROGRESS_LOG.md:414 (global completeness explicitly left open)"
LOG:B559 black-hole probes: holographic entanglement + figure-ei	PROGRESS_LOG.md	ABSENCE_CLAIM	"""the black-hole area-law signature is ABSENT"" — PROGRESS_LOG.md:522"
LOG:the period question, COMPLETED: no simple law; primes are or	PROGRESS_LOG.md	ABSENCE_CLAIM	"""there is NO simple period law for the charge-tower primes"" — PROGRESS_LOG.md:592-593; ""no congruence/factorization condition predicts appearance"" — PROGRESS_LOG.md:600"
LOG:the period question, computed (partial): mechanism PROVEN, 1	PROGRESS_LOG.md	ABSENCE_CLAIM	"""the periods of the larger charge primes are NOT determined by the matrix method (Mn grows 2^{n+1}, stalls near n=7)"" — PROGRESS_LOG.md:616-617"
LOG:B558: the three-level negative VERIFIED (+ 1/phi^3 correctio	PROGRESS_LOG.md	FITTED_VALUE	"Names ""1/phi^3=0.236 vs sin^2 theta_W=0.231 is a persistent 2.1% golden near-miss (topological, fixed, non-significant)"" as an anti-numerology landmine — explicitly flagged as non-significant by the entry itself."
LOG:Tiling K-theory gate CLEARED: the species-chain letter is no	PROGRESS_LOG.md	ABSENCE_CLAIM	"""no quartic-Pisot gap-label / IDS frequency-module instantiation exists in the tiling-K-theory corpus"" — PROGRESS_LOG.md:766-767"
LOG:B555: THE PREDICTION assembled (the object's one falsifiable	PROGRESS_LOG.md	ABSENCE_CLAIM	"""WHAT WE CANNOT predict (stated so it isn't over-read): SM values (null), scale (absent), anything mid-flow (S066)"" — PROGRESS_LOG.md:803-804"
LOG:CORRECTION: the B553 Markoff deflation was wrong (owner caug	PROGRESS_LOG.md	RETRACTION_OF_EARLIER_ENTRY	Explicitly retracts the immediately preceding 2026-07-12 B553 entry's verdict, owner-initiated correction.
LOG:Seat-1 session-3 harvest (B553): verifications + the Markoff	PROGRESS_LOG.md	RETRACTION_OF_EARLIER_ENTRY	This entry's headline verdict (P4 deflated, Markoff-extension LOW) is itself retracted by the very next log entry (same date) after the owner caught the error — a same-day self-reversal.
LOG:Follow-up batch: un-hideability REFUTED-as-discriminator, E7	PROGRESS_LOG.md	ABSENCE_CLAIM	"""a HIDEABLE example (needs an external prior) is the thing to hunt and did not appear at small alphabet size"" — PROGRESS_LOG.md:954-955"
LOG:Chat-2 batch processed: 2a closure, tau-ladders, THE SPECIES	PROGRESS_LOG.md	ABSENCE_CLAIM	"""chat-2's '(4,4,16) false candidate already in CC's record' is neither in the record nor reproducible (no witness <= 20)"" — PROGRESS_LOG.md:1051-1052"
LOG:B539: THE RELATIONS CAMPAIGN — the final door closes, symmet	PROGRESS_LOG.md	ABSENCE_CLAIM	"""SM BIN (19 independent parameters ...): 1 hit at 1% (p=0.618), ZERO at 10^-3 and 10^-4, zero surviving tightening. VERDICT: NO-MATCH."" — PROGRESS_LOG.md:1087-1088"
LOG:B533: Coupling Invariance (Gates 1-3 complete)	PROGRESS_LOG.md	ABSENCE_CLAIM	"""VERDICT: no SM ratio is an element of Q(sqrt(phi)) with small coefficients."" — PROGRESS_LOG.md:1241-1242"
LOG:B532 I3: Self-Description	PROGRESS_LOG.md	ABSENCE_CLAIM	"""core hierarchy NOT REPRODUCED"" (cross-seat handoff claim) — PROGRESS_LOG.md:1269"
LOG:B532 I2: The Projection Algebra	PROGRESS_LOG.md	ABSENCE_CLAIM	"""none of 7 binary partitions are substitutive (no projection commutes with sigma)"" — PROGRESS_LOG.md:1276"
LOG:B532 I1: Fixed-Point Dimension + Period-3 Spectral Test	PROGRESS_LOG.md	ABSENCE_CLAIM	"""period-3 ABSENT from the spectrum (all four tests)"" and ""Golden FP NOT FOUND"" — PROGRESS_LOG.md:1285,1288"
LOG:Catch-up: the structural-theorem + specialist-handoff arcs (	PROGRESS_LOG.md	OTHER	Entry explicitly states detailed working history is NOT backfilled in this log ('lives in CHANGELOG.md') — a coverage gap for any reader relying only on PROGRESS_LOG.md.
LOG:External audit + robustness hardening (fresh-clone reproduct	PROGRESS_LOG.md	OTHER	"""the suite was NOT green"" on a fresh clone (3 deterministic failures) is a direct GITIGNORED_WITNESS/reproducibility-adjacent finding — PROGRESS_LOG.md:1358-1359; also documents stale/misleading counters in README/GOVERNANCE."
LOG:Gate A extension B349 (irregular covers) + the Gates B–D out	PROGRESS_LOG.md	OTHER	"""Index <= 6 = a computational horizon, not a theorem"" — self-flagged scope limit, PROGRESS_LOG.md:1417."
LOG:Suite hygiene: the global-dps test-order failure class (MB13	PROGRESS_LOG.md	OTHER	"""passes alone, fails in suite"" documented as a real, previously-undetected class of false-negative test failures across the suite (MB13 §4)."
LOG:The value-boundary queue registered; B355 (W1.1): the Weil l	PROGRESS_LOG.md	ABSENCE_CLAIM	"""The phase aperture at level 15 is EMPTY"" — PROGRESS_LOG.md:1593"
LOG:B357 (W1.3): the E6 boundary restriction — rank 6/6, Lagrang	PROGRESS_LOG.md	ABSENCE_CLAIM	"""no peripherally-invisible E6 deformations"" — PROGRESS_LOG.md:1629"
LOG:B358: the seam, exactly certified — sqrt(-15) lives in the t	PROGRESS_LOG.md	ABSENCE_CLAIM	"""the canonical lift ... has s = 0 exactly on all doubles"" — PROGRESS_LOG.md:1654-1655"
LOG:B364: the two lifts are two polarizations — L57 becomes a sp	PROGRESS_LOG.md	ABSENCE_CLAIM	"""T-stability forces nothing"" — PROGRESS_LOG.md:1741-1742 (control killed the intended conclusion)"
LOG:suite hygiene note (pre-existing, tracked): one intermittent	PROGRESS_LOG.md	OTHER	Documents an ongoing, not-fully-diagnosed test-suite flake pattern (different test fails each full run) — a reproducibility caveat for the whole suite's green claims.
LOG:B367 (W2.3) COMPLETE: the V3 verdict is outcome (B) — the va	PROGRESS_LOG.md	ABSENCE_CLAIM	"""neither the support (the refuted law) nor the values (V3) factor through (m mod 3, m mod 5, CRT labels)"" — PROGRESS_LOG.md:1860-1861"
LOG:GOVERNANCE amendment: the promotion-audit lane + automated g	PROGRESS_LOG.md	OTHER	Governance event: for most of the campaign's history the promotion gates were never exercised despite hundreds of banked 'proven' results — the log itself calls this an 'epistemic asymmetry.' Relevant to whether CLAIMS.md vs FINDINGS.md vs this log over/under-represents verified status.
LOG:THE PROMOTION AUDIT EXECUTED: 61 entries promoted (P17–P55, 	PROGRESS_LOG.md	OTHER	Explicitly holds back B352/B353/B357/B370 from promotion because 'their own FINDINGS describe evidence-not-proof' — i.e. numerically-verified-to-high-precision is distinguished from PROVED, a distinction later entries sometimes blur when citing these results as settled.
LOG:N=225: NO invariant sector — the existence law dies at the f	PROGRESS_LOG.md	ABSENCE_CLAIM	"""zero invariant"" at N=225 (cross-prime) — PROGRESS_LOG.md:2086"
LOG:the seam form's exact Gram spectrum: the doublet is a theore	PROGRESS_LOG.md	ABSENCE_CLAIM	"""The relayed reciprocal-ratio claim did not reproduce as stated (returned for specification)."" — PROGRESS_LOG.md:2145-2146"
LOG:THE ACCEPTANCE DUEL: 3/3 — the v2 existence law PROMOTED (P6	PROGRESS_LOG.md	OTHER	"Reveals a previously undetected silent numerical-precision bug (""floor-division corruption"") that had stalled a computation and could plausibly have produced a wrong verdict if not caught — a reproducibility hazard."
LOG:B384 T3 + D5: the campaign wrap — D0–D5 COMPLETE	PROGRESS_LOG.md	ABSENCE_CLAIM	"""NO-MATCH to 2-anyon/U(1)_k blocks at sector level"" — PROGRESS_LOG.md:2231"
LOG:B385 correction: the criterion draft KILLED by its own 12/12	PROGRESS_LOG.md	OTHER	Explicitly the THIRD appearance of the same reasoning trap (Pi_H/DFT commutation fallacy) within one session — a recurring, only partially-guarded-against error mode.
LOG:Closure II / M1 session 1: K1-STRONG — termwise s-orthogonal	PROGRESS_LOG.md	OTHER	'Bright-controls-read-zero caught the broken form' — documents an instrument bug that would have produced a false negative if uncaught.
LOG:M3 COMPLETE (kill): the mirror is emergent — no cell-local o	PROGRESS_LOG.md	ABSENCE_CLAIM	"""the mirror is emergent — no cell-local origin"" — heading itself, PROGRESS_LOG.md:2357"
LOG:M5 + CLOSURE II COMPLETE: the object is computation-complete	PROGRESS_LOG.md	ABSENCE_CLAIM	"""no local relabel exists""; ""no computable questions remain at level 15"" — PROGRESS_LOG.md:2369,2371"
LOG:Wall W-B1 COMPLETE: no canonical frame (the kill, maximally 	PROGRESS_LOG.md	ABSENCE_CLAIM	"""No canonical 3x3 exists — the content wall priced"" — PROGRESS_LOG.md:2396"
LOG:B403: the six-leads package scrutinized	PROGRESS_LOG.md	ABSENCE_CLAIM	"""VACUOUS on denominators ... the 17/19 prediction can never fire"" — PROGRESS_LOG.md:2420-2421"
LOG:the 1215 rung: both walk candidates KILLED; v0 = 1/12 (third	PROGRESS_LOG.md	OTHER	"""retcon flagged third time"" — a recurring reasoning failure mode (retroactively fitting a story to data) flagged for the third time in this campaign."
LOG:PHASE 1b: THE SEAM DOES NOT CONTRACT (ratio ≈ 1.217, 15→45)	PROGRESS_LOG.md	RETRACTION_OF_EARLIER_ENTRY	This entry's headline finding ('the seam does not contract') is explicitly corrected 8 entries later by the 'PANEL CORRECTION' entry, which finds the persistence was an embedding-max artifact and the seam actually contracts (RMS ratio 0.76<1).
LOG:the 135 scout: gate FAILED, scout VOID (the binding gate wor	PROGRESS_LOG.md	OTHER	A binding gate correctly voided a run before any (possibly wrong) numbers were banked — cited as the gate discipline working as designed.
LOG:S043: the energy package's verdicts banked	PROGRESS_LOG.md	ABSENCE_CLAIM	"""the unreproducible mass values"" flagged as deflated — implies a prior claim's numbers could not be reproduced. PROGRESS_LOG.md:2515"
LOG:PANEL CORRECTION: the seam contracts too — Wall 1 fully pric	PROGRESS_LOG.md	RETRACTION_OF_EARLIER_ENTRY	Directly retracts the earlier same-day 'PHASE 1b: THE SEAM DOES NOT CONTRACT' entry.
LOG:Phase 2b (B410): the crown advanced to its exact boundary	PROGRESS_LOG.md	ABSENCE_CLAIM	"""no window involution realizes sigma_cl"" — PROGRESS_LOG.md:2549"
LOG:SCALE-GENESIS VERDICT (B413): the measure is FLAT — no scale	PROGRESS_LOG.md	ABSENCE_CLAIM	"""The object generates NO scale through any channel (hierarchy B408 + measure B413)."" — PROGRESS_LOG.md:2571-2572; ""A full SM-derivation campaign is NOT licensed (the precondition failed at the last candidate mechanism)."" — PROGRESS_LOG.md:2574"
LOG:Destination Atlas TW6 + TW7: campaign COMPLETE — SM does not	PROGRESS_LOG.md	ABSENCE_CLAIM	"""the object self-generates no SM structure (no scale, no frame)"" — PROGRESS_LOG.md:2616"
LOG:GATE B COMPUTED (B423): the E6 torsion = Fibonacci-square pr	PROGRESS_LOG.md	RETRACTION_OF_EARLIER_ENTRY	B423's core claim (which torsion was computed / what it represents) is corrected 24 entries later by B425 ('the object has TWO E6 torsions') — B423 computed the dynamical zeta, not the geometric torsion at the holonomy, contrary to its own prereg wording.
LOG:GATE B COMPLETE (B424 Hessian golden) + THE CORNERSTONE foun	PROGRESS_LOG.md	ABSENCE_CLAIM	"""no SM mass ratio within 2%"" — PROGRESS_LOG.md:2648"
LOG:B425: the object has TWO E6 torsions (a cross-chat catch, ve	PROGRESS_LOG.md	RETRACTION_OF_EARLIER_ENTRY	Corrects B423's mislabelling of what it computed, with a CORRECTION.md banner and propagated fixes to Paper 2's theorem statement (Thm 4 -> 4a/4b).
LOG:the handoff adjudication (B426/B427/B428) + the Origin-Postu	PROGRESS_LOG.md	ABSENCE_CLAIM	"""NO theta=-1, zero fermions"" — PROGRESS_LOG.md:2760"
LOG:the interface arc → THE CHILD PROGRAM (B429–B438)	PROGRESS_LOG.md	ABSENCE_CLAIM	"""nothing about the child is figure-eight-UNIQUE (the July-5 audit's decisive finding)"" — PROGRESS_LOG.md:2794"
LOG:C3 opens: the child's SL(2) vacuum book (B439)	PROGRESS_LOG.md	RETRACTION_OF_EARLIER_ENTRY	B440's headline finding, banked earlier the same day, is retracted within this same log block by an adversarial decadal review that found the golden abelian characters are universal (parametrization artifact), not a genuine inversion.
LOG:C3 opens: the child's SL(2) vacuum book (B439)	PROGRESS_LOG.md	ABSENCE_CLAIM	"""No bar cleared; 0 figure-eight-unique features"" and ""The hypothesis 'physics is what the object PRODUCES' is FALSIFIED at every computable floor"" — PROGRESS_LOG.md:2873,2875-2876"
LOG:papers verdict; the no-go theorem; the monoid opens (B490–B4	PROGRESS_LOG.md	ABSENCE_CLAIM	"""no un-laundered delta ingredient"" (Phase Z verdict) — PROGRESS_LOG.md:2921; ""NO AIRLOCK"" (B500 depth 4) — PROGRESS_LOG.md:2953"
LOG:papers verdict; the no-go theorem; the monoid opens (B490–B4	PROGRESS_LOG.md	OTHER	Three full adversarial re-panel rounds on Papers P1-P3 failed to converge on acceptable prose despite every underlying number reproducing — papers frozen as internal notes rather than submitted, an unusual outcome worth noting for anyone assuming P1-P3 are submission-ready.
LOG:papers verdict; the no-go theorem; the monoid opens (B490–B4	PROGRESS_LOG.md	ABSENCE_CLAIM	"""the child field not found (36/36 words clean)"" — PROGRESS_LOG.md:2953"
LOG:B510: the 40a1 convening RESOLVED as a theorem	PROGRESS_LOG.md	OTHER	"Log itself counts this as the ""sixth arc error caught by verification"" — a running tally the log keeps of its own correction rate."
LOG:the golden-3d arc (B511–B517), the reading, and the whole-re	PROGRESS_LOG.md	RETRACTION_OF_EARLIER_ENTRY	Two of this seat's own kill-verdicts within the same arc were reversed after direct owner pushback questioning the computation, rather than by independent audit — a case where the correction mechanism was owner intervention, not the verify-don't-trust discipline.
LOG:the golden-3d arc (B511–B517), the reading, and the whole-re	PROGRESS_LOG.md	OTHER	"K025 explicitly names the 'absorbing-loop caveat': ""this synthesis could be the 6th 'buried-centre' re-discovery; only an external prediction distinguishes doorway from wall"" — the log's own admission that its unifying syntheses have recurred ~6 times without external validation."
LOG:the golden-3d arc (B511–B517), the reading, and the whole-re	PROGRESS_LOG.md	RETRACTION_OF_EARLIER_ENTRY	B518's Tier B claim is downgraded 3 entries later by B519 as an owned over-claim (confirms known quasicrystal gap-labeling theorems, not a genuine external crossing).
LOG:the golden-3d arc (B511–B517), the reading, and the whole-re	PROGRESS_LOG.md	ABSENCE_CLAIM	"""no external crossing exists"" — PROGRESS_LOG.md:3047"
LOG:Audit reconciliation (integrate, don't merge): the two-seat 	PROGRESS_LOG.md	OTHER	A months-old banked result (B479) is found to have a wrong field label due to a heuristic that only works in the degree-2 case being misapplied to degree-4/6 cases — corrected only during a later audit, illustrating that banked/PROVED-labeled results can carry undetected errors for a long time.
LOG:B523 — THE WRONG-LEAP RE-EXAMINATION (S2)	PROGRESS_LOG.md	OTHER	"""verify-don't-trust caught the over-claim before banking"" for an incoming handoff whose stated substitution turned out not even to be a valid automorphism (det=0, non-injective)."
LOG:B500 child hunt — depth-5 KILL banked	PROGRESS_LOG.md	ABSENCE_CLAIM	"""141/150 all-three-verb depth-5 words solved, ZERO hits — no d_K=-283, no field isomorphism ... the pre-registered KILL fires"" — PROGRESS_LOG.md:3113-3115"
LOG:B500 child hunt — depth-5 KILL banked	PROGRESS_LOG.md	OTHER	An 18-hour compute run silently wedged on a blocked subprocess for an unspecified duration before being noticed and killed — a reproducibility/monitoring gap in the campaign's own tooling.
LOG:REORIENTATION: listen to the object (B530 natural history, m	PROGRESS_LOG.md	OTHER	This is the single largest governance/methodology event in this log chunk: the owner explicitly states the prior physics-directed approach was a mistake ('we did a mistake going for physics'), triggering a full mode change banked as memory 'listen-to-the-object-not-physics'.
LOG:B530 movement VIII: chirality + cross-seat convergence (chat	PROGRESS_LOG.md	ABSENCE_CLAIM	"""no reversal/swap/orientation mirror symmetry at any length; Fibonacci palindromes gone"" — PROGRESS_LOG.md:3181"
LOG:B530 movement IX (upstream): the firewall in the object's ar	PROGRESS_LOG.md	ABSENCE_CLAIM	"""sqrt-3 (Eisenstein/E6), sqrt-15 (seam), sqrt-7 (chirality) all ABSENT"" — PROGRESS_LOG.md:3192-3193"
LOG:VERIFY-M CLOSED (both no-gos triple-gated) + dossier §3 inte	PROGRESS_LOG.md	OTHER	cc2's n=6..10 draft-LaTeX extension explicitly flagged non-load-bearing
LOG:Review 23 follow-through: §6 QA applied + R23-4/5/6 closed	PROGRESS_LOG.md	OTHER	an accidental seal_ledger.py regen occurred and was caught + reverted
LOG:B698 Leg A: THE MEETING, PROBED (analytic side) = a product 	PROGRESS_LOG.md	ABSENCE_CLAIM	"""Physics side EMPTY (figure-eight is the '3' side only; no conductor-15 in physics)."""
LOG:B703 (chat1 Q3): the Koide angle θ₀ = 2/9 to 0.89σ (correcte	PROGRESS_LOG.md	FITTED_VALUE	explicitly firewalled as a post-hoc fit atop the Q=2/3 tautology, masses outside the dimensionful no-go
LOG:B702 CORRECTION: the swap-hearing law retracted (E17), audib	PROGRESS_LOG.md	RETRACTION_OF_EARLIER_ENTRY	retracts the B702 law banked two entries earlier in this same log
LOG:B719 — Scale & Multiplicity: the trillions are the observer'	PROGRESS_LOG.md	OTHER	campaign DEGRADED by 4 API stream-timeouts (infrastructure); probe 1 did NOT run
LOG:B722 — the resurgence coupling: two phases=being/hearing, co	PROGRESS_LOG.md	OTHER	're-verified this seat after catching a sign-bug'
LOG:B723 — BUILD THE OBSERVER: the apparatus is built; the obser	PROGRESS_LOG.md	OTHER	caveat: CMR type-classification across β=1 is WebFetch-cited, not independently re-derived; the finite toy shows the SSB pattern only
LOG:B724 — the SEEING-STRATEGY re-adjudication: every verdict co	PROGRESS_LOG.md	LOG_STRONGER_THAN_LIKELY	'REUSABLE LESSON: the torsion spectrum has a factor-3 near-hit for ANY dimensionless target' — a general instrument weakness discovered while validating a specific claim
LOG:B734 BANKING REPAIR + third-seat verification: congruence CO	PROGRESS_LOG.md	OTHER	'no CI exists on the remote to catch partial merges (core.yml itself uncommitted)'
LOG:B742 — THE NEGATIVES HUNT, P1 STRATUM: 30 kills EARNED + 2 R	PROGRESS_LOG.md	OTHER	NINE forged signals defeated during the campaign, including a forged-verdict incident 'caught + owned'
LOG:B751: the iterated-hearing claim adjudicated — arithmetic TR	PROGRESS_LOG.md	FITTED_VALUE	1/(2φⁿ) pattern skips n=2, described as a target-shopping signature (15% from every target)
LOG:B753: the mixing structure computed — chat-1's dispute disso	PROGRESS_LOG.md	OTHER	chat-1's claimed ±108° explicitly called FALSE
LOG:B755: the five carried recomputes — 5/5 LOCATED-BY-RECOMPUTE	PROGRESS_LOG.md	OTHER	eq(2) of a cited source had been mangled by superscript loss (1/3³...4/3⁵ read as ⅓...⅘); conclusion was right, rendering wrong
LOG:B759–B762: THE QP SEQUENCE COMPLETE (cc3) — the reflexive la	PROGRESS_LOG.md	OTHER	two seal-convention traps named: unnamed-algorithm seal and self-referential seal, both shown cosmetic on inspection
LOG:SAFETY FIX: the seal-ledger generator no longer erases the c	PROGRESS_LOG.md	OTHER	the collision-protocol backbone survived only because nobody had regenerated the file since the protocol began
LOG:THE THIRD PASS (trust-architecture lenses) — four finds, all	PROGRESS_LOG.md	OTHER	new defect class named: PREFIX-NARROW LOCKS — a lock that pins only a prefix of a verdict line and can't detect corruption in the rest
LOG:THE FOURTH PASS (the multiagent campaign) — 32 findings, 18 	PROGRESS_LOG.md	OTHER	banned model-name tokens found hiding inside an attribution exemption; standing pattern: redaction-with-record supersedes exemption
LOG:R28-9 executed: the path-topology sweep (110 files) + the lo	PROGRESS_LOG.md	OTHER	APPEND-ONLY OUTRANKS HYGIENE lesson: the gate lattice caught the sweep itself violating a rule in real time
LOG:B765: the P3 depth stratum (cc3) — the hunt completes; the d	PROGRESS_LOG.md	OTHER	cc3's sentence banked verbatim: 'THESE KILLS ARE NOT WRONG — THEY ARE UNDERPROVED'
LOG:R28-9 ERRATUM (the post-sweep full suite caught it): the swe	PROGRESS_LOG.md	OTHER	new rule minted: THE HASH CITATION OUTRANKS PATH HYGIENE
LOG:B768 receipt #2: Side B with citations — CANDIDATE-DOCUMENTE	PROGRESS_LOG.md	OTHER	a cited source (Haggard & Tsakiris 2009) is over-read to produce a stronger claim than the source supports
LOG:the B766 audit (cc3): RANK-SATURATED CONFIRMED; the trace-bl	PROGRESS_LOG.md	OTHER	lesson: 'THE CHORD IS INVISIBLE TO tr()' — hardcoded 'definitional' entries are the MB12 class's subtlest cousin
LOG:cc3's program CLOSED: the forks-verification close-out gated	PROGRESS_LOG.md	RETRACTION_OF_EARLIER_ENTRY	corrects the B768 receipt #3 entry logged earlier
LOG:B771 Wave 2 banked: 6 verdicts, 7 gate refusals; the adversa	PROGRESS_LOG.md	OTHER	agent-overclaim classes: fabricated negative control, verdict logic unable to output UNRESOLVED, tautological N=1 invariant theater
LOG:B771 Wave 3 banked: 7 verdicts (5 of them Wave-2 repairs), 6	PROGRESS_LOG.md	OTHER	one repaired cell had 'hand-read tier claims that would have merged FALSE statements into the flagship paper' before being caught
LOG:B773: the chord re-computation OVERTURNS a banked negative	PROGRESS_LOG.md	RETRACTION_OF_EARLIER_ENTRY	a previously-banked negative (W4-304, entry logged in B771 Wave 4) is overturned here
LOG:B778 completed 7/7 by direct computation; a cross-arc unific	PROGRESS_LOG.md	OTHER	a fabricated 'adjoint dimension 7,815' is stripped from a prior banked cell
LOG:B775 Phase 2 Wave 5 banked: four theorems/laws + a powered s	PROGRESS_LOG.md	OTHER	'only the twist-rigidity argument is independent' — two of three advertised reasons restate the premise
"LOG:C23 CORRECTED on the owner's challenge (""u sure""): two cc de"	PROGRESS_LOG.md	RETRACTION_OF_EARLIER_ENTRY	corrects the C23 minting logged in the previous entry
LOG:B784 AUDIT: five retractions, four demotions, one chain link	PROGRESS_LOG.md	RETRACTION_OF_EARLIER_ENTRY	five retractions/four demotions issued in one audit against four prior logged entries (C22/B782, B780, B779, B781/B778)
LOG:B784 AUDIT: five retractions, four demotions, one chain link	PROGRESS_LOG.md	OTHER	'half the instances are MECHANICAL — a DISCONNECTED VERDICT, where the flag deciding the outcome is not wired to any computed quantity'
LOG:B775 Phase 2 Wave 6 banked: the repair wave (5 banked, 3 fur	PROGRESS_LOG.md	OTHER	'naming a rule doesn't prevent re-committing it — only an in-code mechanical check does' — a repeat-offense lesson across three carries in the same wave
LOG:RECOVERED: 37 entries that were written to a shadow file (B8	PROGRESS_LOG.md	OTHER	a governance gate (log-changelog-paired) had silently become unable to ever fail: 'A gate that watches a file nobody writes cannot detect that nobody writes it.' Ten days of substantive banked work sat unlogged in the canonical progress record.
LOG:B726 — THE HEARING FACE AND THE BORN CONTENT: the WEIGHTS ar	PROGRESS_LOG.md	OTHER	two seductive hooks tested and REJECTED at base-rate: A²~|ψ|² false (Galois norm N(φ)=−1≠φ²=2.618); 'ℚ(√5) supplies complex content' rejected (totally real field)
LOG:B727 — BASE-RATE THE E₆-ACROSS-THREE-FACES STRUCTURE: it's t	PROGRESS_LOG.md	LOG_STRONGER_THAN_LIKELY	the program's own flagship identification (E₆ across McKay/Lie/CIZ) is here found NOT to survive base-rate scrutiny after ~2 years of standing
LOG:B727 — BASE-RATE THE E₆-ACROSS-THREE-FACES STRUCTURE: it's t	PROGRESS_LOG.md	OTHER	decisive control: sister m003 ties m004 on every field-level property, so the field-fact is not object-specific
LOG:B730 — THE FORCED FACES (a Klein-four V₄) + THE COSMIC-TOPOL	PROGRESS_LOG.md	ABSENCE_CLAIM	"""every topology search NULL"" cited against several arXiv papers, used to support a physics-NIL verdict"
LOG:B734 — m004 IS CONGRUENCE at level (2)³=(8) — CORRECTING B73	PROGRESS_LOG.md	RETRACTION_OF_EARLIER_ENTRY	fully retracts B731 (two log entries earlier in this same block)
LOG:B734 — m004 IS CONGRUENCE at level (2)³=(8) — CORRECTING B73	PROGRESS_LOG.md	OTHER	self-flagged honest caveat: level (2)³ DEFIES Serre's non-congruence base rate, plausible only because m004 is highly non-generic, and is NOT yet checked against the literature (Grunewald–Schwermer)
LOG:B737 — CANDIDATE ZERO: the voice carries ζ_K whole, but it i	PROGRESS_LOG.md	OTHER	crack #1: B288's fillings sweep silently skipped 24/78 due to a 'continue' bug, only caught in this pass
LOG:B737 — CANDIDATE ZERO: the voice carries ζ_K whole, but it i	PROGRESS_LOG.md	OTHER	cc2's revisit register found ~130 of 209 negatives OVERREACH-class (sound computation, over-broad headline) — standing rule minted: cite exact_scope, never headlines
LOG:B532-I5: bigram core hierarchy + character census	PROGRESS_LOG.md	OTHER	Cross-seat claim reproduced correctly only 3/7 of the time due to an undetected truncation bug before correction (text_file:4-8).
LOG:B532-I6: Nine Ingredients, One Object (the verdict table)	PROGRESS_LOG.md	IDENTIFICATION_BY_TYPE	Species = exact product (old/new)x(structural/tunnel); 4 irreducible species asserted with no identification possible — a structural count, not itself a physical species identification (text_file:34-36).
LOG:B571: the day-0 internalization (116 agents; 14 buried treas	PROGRESS_LOG.md	ABSENCE_CLAIM	"""tower measure = Kubota-Leopoldt 3-adic L"" asserted, never computed (text_file:121-122)."
LOG:B571: the day-0 internalization (116 agents; 14 buried treas	PROGRESS_LOG.md	ABSENCE_CLAIM	e3 CRT reconstruction stalled mid-run (triple_id.json still PENDING) blocking two preregistered sentinels (text_file:123-125).
LOG:B571: the day-0 internalization (116 agents; 14 buried treas	PROGRESS_LOG.md	ABSENCE_CLAIM	S031 sealing at bronze m=3 never run though the tool exists AND the stated obstacle is factually wrong (K3=Q(sqrt13) IS quadratic) (text_file:125-126).
LOG:B571: the day-0 internalization (116 agents; 14 buried treas	PROGRESS_LOG.md	ABSENCE_CLAIM	B507 has NO lock, despite being part of a claimed unwritten unification theorem (text_file:120-121).
LOG:B570 COMPLETE: the selection-rules theorem, the fifth wall, 	PROGRESS_LOG.md	ABSENCE_CLAIM	C5+Q-C QUARANTINED: the cell's discriminating fact was an algebraic tautology computed on the wrong object; not banked, test not adopted (text_file:182-184).
LOG:B573: the Global Bridge handoff adjudicated (record correcte	PROGRESS_LOG.md	ABSENCE_CLAIM	'CC verified tonight by Fox calculus' — NO such verification happened; V2 remains queued (text_file:222-223).
LOG:B575 / L51: THE BRIDGE OBSTRUCTION — Q ≡ 0. The bridge is op	PROGRESS_LOG.md	OTHER	Honesty bar noted in the entry itself: second order != full integrability (Massey obstructions open).
LOG:B577: the reconciliation — B575/B576 rediscovered the banked	PROGRESS_LOG.md	OTHER	Explicit new failure mode named: 'non-recall of properly-banked results when the question returns under a new name' — four layers of process (L51 registration, B571 excavation, Review 16, B575 prereg) all missed it, and the Recurrence Atlas was never queried (text_file:344-350).
LOG:B579: the July-14 session handoff adjudicated (data scan rou	PROGRESS_LOG.md	ABSENCE_CLAIM	H131: the Planck CMB NULL — no golden modulation; the 7x excess was a smoothing artifact, honestly killed (text_file:375-376).
LOG:B578 COMPLETE: the debts cleared (21 agents; repairs applied	PROGRESS_LOG.md	RETRACTION_OF_EARLIER_ENTRY	D6: 'THE ERROR WAS OURS' — a prior 'correction' from B571/B577 to K3's field identity was itself wrong and is reverted, restoring B125's original banked table (text_file:410-413).
LOG:B578 CLOSED: D5 retraction fired + the 432*e3 identity; D9 h	PROGRESS_LOG.md	RETRACTION_OF_EARLIER_ENTRY	D5 formally retracts the Kubota-Leopoldt identification that B571 (earlier this same day) had flagged as 'asserted never computed' — confirms it was in fact false (text_file:436-439).
LOG:B581: THE SIX TORSIONS — the jewel spectrum computed; THE SI	PROGRESS_LOG.md	ABSENCE_CLAIM	HONEST NEGATIVES: 2/3, 15/169, the golden/D4/zeta9 polynomials do NOT appear — the 'jewels = torsion ratios' guess died cleanly (text_file:480-482).
LOG:B580 ROUND 1 COMPLETE: the listening traverse's transcript	PROGRESS_LOG.md	ABSENCE_CLAIM	H128, H129 KILLED in-channel (no golden quantity anywhere); H130 killed as mechanism (its carrier sector proven information-free) (text_file:507-509).
LOG:B583: the content of the chiral 27 — no real form; the secon	PROGRESS_LOG.md	RETRACTION_OF_EARLIER_ENTRY	X2 FAILED AS COMPUTED: verifier caught a Vol/CS role inversion in the same entry's own analysis, invalidating the 'transcendental phase' headline plus a PSLQ-null transcendence overclaim (text_file:535-538).
LOG:B580-Q1R: the Q1 artifacts reconstructed in-repo with the le	PROGRESS_LOG.md	ABSENCE_CLAIM	The Round-1 Q1 artifacts were 'agent-worktree files, never committed' — original computation left no committed witness and had to be reconstructed (text_file:659-660).
LOG:B580-Q1R: the Q1 artifacts reconstructed in-repo with the le	PROGRESS_LOG.md	ABSENCE_CLAIM	L80: q1_part2.py was never committed — nothing to mark (text_file:665-666).
LOG:B592: R3-M, THE MIRROR LISTENER — the verdict is DEAF, sharp	PROGRESS_LOG.md	ABSENCE_CLAIM	'the relayed R3-M prereg (the cut-open trace; the original file never reached this seat — reconstruction frozen in the prereg)' (text_file:701-702).
LOG:B594: THE E6_2 HEARING LAW — the sine kernel is the ear's co	PROGRESS_LOG.md	OTHER	Adjudication banks that 'three generations MATCHED at weight level' is an OVERCLAIM against B590-V3's paused, unbanked blind tables — five heterogeneous orbit profiles with no clean orbit<->16s correspondence (text_file:768-770).
LOG:B598: THE L85 CAMPAIGN OPENED (owner: 'do it properly; preco	PROGRESS_LOG.md	OTHER	Governance-level admission that 'from day 0 the project has been owner + AI seats only' and that banked 'verified' language must not be read as external/peer verification (text_file:811-814).
LOG:B599: THE THETA-PARITY SELECTION RULE (chat-2, relayed in-ch	PROGRESS_LOG.md	ABSENCE_CLAIM	'THE ALGEBRAIC FACE: RELAYED-PENDING (chat-2's witnesses — route_exact.json, r4b_extraction.py ... were produced during their sandbox outage and never reached this repo; registered for artifact delivery or in-repo recomputation' (text_file:834-838).
LOG:THE SEAT-4 AUDIT ADOPTED: the P3 readiness chain gates the c	PROGRESS_LOG.md	ABSENCE_CLAIM	'the closure to the G1 dial map whose code was NEVER COMMITTED; the finite-t existence of the chiral play is NOT independently certified in-repo' (text_file:896-899).
LOG:THE FRESHNESS ADDENDUM (D1-D10) ADOPTED; the quadratic-arrow	PROGRESS_LOG.md	RETRACTION_OF_EARLIER_ENTRY	Explicit append-only retraction: the B598-P2 entry's central claim ('the arrow is quadratic') is retracted as never having been a genuine result (text_file:912-916).
LOG:readiness steps 3 + 5 BANKED: the universal boundary ratio; 	PROGRESS_LOG.md	ABSENCE_CLAIM	'the untwisted solve returns dimension 0 (no E6-invariant bilinear on 27x27)' (text_file:935-936).
LOG:B598 step 7 GREEN: G1-FINITE — the dial map is fold-organize	PROGRESS_LOG.md	OTHER	Explicitly closes a previously-flagged provenance hole: B582's chiral-matter existence claim had rested on code that was never committed.
LOG:P3 V1 executed VACUOUS (v_m real => mconj = identity); amend	PROGRESS_LOG.md	OTHER	A sealed prereg cell (V1) executed but was vacuous by construction — sealing discipline caught the criterion but not the operation itself, an error class explicitly recorded (text_file:1045-1051).
LOG:B606 RESOLVED: D-nf — no torsion-power normalization; the ve	PROGRESS_LOG.md	OTHER	Explicitly the 'third sealing lapse of the day's class caught and registered' — a recurring discipline failure noted in-band (text_file:1133-1135).
LOG:the quarantined corrections sweep applied (audit 07-11 items	PROGRESS_LOG.md	RETRACTION_OF_EARLIER_ENTRY	B530's 'topological entropy log beta' is retracted outright — the repo's own lock shows linear complexity (zero entropy) contradicting the earlier banked language (text_file:1157-1159).
LOG:the literature synthesis: the picture clarified on all three	PROGRESS_LOG.md	OTHER	'the decisive honesty datum: the B615 angle matches are NOT robust to the target source (NuFIT 5.2 centrals ... put both outside the coarse tier)' — the sealed verdict stands but the honest reading moves toward null (text_file:1304-1306).
LOG:the conductor-endgame campaign round 1 (5 cells, workflow): 	PROGRESS_LOG.md	RETRACTION_OF_EARLIER_ENTRY	THE NAMING CORRECTION (binding): the object discussed as 'm136' across B610/B616/B618/B619 was misidentified; the true m136 is the RRLL silver bundle. All math stands but the object labels in four earlier entries were wrong (text_file:1340-1342).
LOG:B631 addendum: the process repairs (the owner's catch — 'rea	PROGRESS_LOG.md	OTHER	MB13 guard was 'skipped at sealing' for the interaction round despite being a standing rule — the lapse recorded in MB13_RETRO_SWEEP.md; two contextual prior-art results (B322, B342) were missing from the earlier sealed design's MB12 note (text_file:1448-1451).
LOG:B637 part 2b: THE DERIVATION GATE OPENED; the first values Q	PROGRESS_LOG.md	OTHER	'THE SEALED CLASS-LEVEL GATES FIRED: coboundary invariance and antisymmetry FAIL — stage-1's 10/10-nonzero table is NOT class-level and is QUARANTINED (no mathematical claim)' — a sealed control caught a wrong number before banking (text_file:1587-1589).
LOG:B644: the ear is the mod-5 congruence shadow (L94 CLOSED)	PROGRESS_LOG.md	OTHER	'M3's sealed reference tables had a transcription error (violated chi(-g)=-chi(g)) — disclosed per MB12; the factorization content passed as sealed' — a self-disclosed error in a sealed artifact (text_file:1802-1805).
LOG:REVIEW 20 EXECUTED (the standard cadence; window #1003-#1034	PROGRESS_LOG.md	ABSENCE_CLAIM	'B634's prereg hash was found NEVER RECORDED at sealing — single-commit provenance verified (#1011, unamended) and the hash recorded post-hoc with that label' — a sealing-discipline gap discovered during review (text_file:1848-1850).
LOG:Phase 2 starters: the retractions index, claims-as-units see	PROGRESS_LOG.md	OTHER	The project institutes a formal RETRACTIONS.md indexing thirteen banked-then-corrected statements as of this date — an explicit admission of a recurring correction pattern across the campaign.
LOG:THE CALIBRATION CAMPAIGN SEALED (a463c6aa) AND LAUNCHED	PROGRESS_LOG.md	OTHER	'An E11 near-miss at sealing (a 64-hex hash transcribed from an 8-hex verified prefix) caught and corrected from the recomputed digest pre-commit — twice now; the class is real and the discipline works' (text_file:1965-1968).
LOG:B651: THE CC2 WAVE-3 INTEGRATION (receipts + theorem upgrade	PROGRESS_LOG.md	OTHER	cc2's five deviation flags on this seat's own artifacts were all fair and verified — including a false trace-ratio witness that had to be corrected as a dated erratum (text_file:2110-2113).
LOG:B653 ADJUDICATED: OUTCOME A AT LOW WEIGHT; THE CALIBRATION C	PROGRESS_LOG.md	OTHER	"The comparison's claimed evidentiary provenance was factually wrong: 'the seal's ""unpublished by causality"" was WRONG (the paper predated it 8 months; E4 instance filed)' — the one-shot blinding relied on a false premise (text_file:2201-2203)."
LOG:B653 ADDENDUM: the reconciliation with cc2's post-execution 	PROGRESS_LOG.md	OTHER	cc2's ~9-sigma separation claim was off by a factor of ten (actual 0.88 sigma at sigma=0.0015); the design's own standard reclassifies the whole B653 result as void-as-held-out-confirmation because no channel was genuinely unpublished at seal time (text_file:2216-2221).
LOG:B657: THE INVARIANT-LINE CAMPAIGN (cc2's packet verified; th	PROGRESS_LOG.md	OTHER	Explicit refutation of a physics-suggestive label before it entered the repo: 'dark matter candidate' was a conflation of two decompositions of the 27 (text_file:2308-2311).
LOG:REVIEW 21: THE CONSTITUTIONAL PILOT (first review under GOVE	PROGRESS_LOG.md	OTHER	'Pilot caveat declared: reviewer = author for much of the window; independence rests on the receipt loop + locks' — an explicit conflict-of-interest limitation of the internal review process (text_file:2341-2343).
LOG:B659: THE NOVELTY DOSSIER + THE SIX-GROUP SWEEP (R21-7 hybri	PROGRESS_LOG.md	OTHER	The subfield law's field-coincidence, banked earlier as a mechanism finding, is found to be KNOWN OUTRIGHT in the literature (Neumann-Reid); the program's earlier framing of it as an open mechanism question is superseded by a citation, not a computation (text_file:2388-2392).
LOG:B667: THE 'COMPLETE COMPUTATION CAMPAIGN' ADJUDICATED	PROGRESS_LOG.md	OTHER	'the silver/R2L erratum now standing at four occurrences' — a naming error tracked through repeated recurrence in the log (text_file:2586-2587).
LOG:B668: THE TRIAGE RECONCILIATION (cc2's catch adopted; F' re-	PROGRESS_LOG.md	OTHER	'the chat1 silver erratum reaches SIX occurrences' by the following B669 entry — a persistently repeated naming error across many entries.
LOG:B669: TRACK H ADJUDICATED — the amphichiral-suppression mech	PROGRESS_LOG.md	OTHER	'the chat1 silver erratum reaches SIX occurrences' (text_file:2621-2622) — sixth recurrence of the same naming error flagged.
LOG:B673: THE LOOP-4 INTEGRATION — L106 closes; the receipt loop	PROGRESS_LOG.md	OTHER	'Seal hygiene: post-seal prereg drift second instance — renewed flag' — a recurring sealing-discipline lapse (text_file:2748-2749).
LOG:REVIEW 22 EXECUTED (the second constitutional review; window	PROGRESS_LOG.md	OTHER	'the seat-label leak caught by the scanner on its author' — the review's own authoring seat leaked a seat-identifying label into living docs, caught by an automated scanner (text_file:2781-2782).
LOG:B739 — THE OBJECT'S CONTINUOUS SPECTRUM IS CHARACTER-RIGID (	PROGRESS_LOG.md	OTHER	Proof status self-graded honest: (a) proven-in-sandbox, (b) proven modulo 3 named classical inputs (continuation, Gaffney, moderate growth) cited not verified in-repo, (c) source-verified citations to Sarnak/Friedman/EGM.
LOG:B740 — THE B288 GRID COMPLETED: the kill upgraded from asser	PROGRESS_LOG.md	ABSENCE_CLAIM	"'B288's ""54"" never flagged the gap' — the original 54/78 grid coverage claim omitted 24 unanalyzed slopes, corrected here."
LOG:B741 — THE FACT_COMPUTED PROVENANCE SWEEP: 5 located, 5 reco	PROGRESS_LOG.md	ABSENCE_CLAIM	'B685 (the terminal generation no-go — its GSWZ-integrality discriminator is cited, not in-repo; MEDIUM, one focused Habiro-expansion cell)' — flagged as a genuine recompute cell, i.e. discriminating computation absent from repo.
LOG:B743 + B744 + the B740 two-seat closure — the three-seat con	PROGRESS_LOG.md	OTHER	cc2's own-goal: 20 false lindep witnesses from an unbounded-coefficient trap, caught by exact cross-check — proposed as a standing rule.
LOG:Closure hygiene: E27 sweep clean · Wave-6 carries dispositio	PROGRESS_LOG.md	RETRACTION_OF_EARLIER_ENTRY	PD22 verdict flips RESOLVED-A→UNRESOLVED via the cell's own logic once L4 falsifiers enter the scan; CRT tensor law etc. duplicate prior-banked P63/B377/B391 uncited.
LOG:C21 mechanism corrected + cc3 five-branch gate	PROGRESS_LOG.md	OTHER	c-odd/θ-odd slip named as a recurring error class (B780/B784/C21).
LOG:Law-capture gap found + 3 buried laws registered	PROGRESS_LOG.md	ABSENCE_CLAIM	'The machinery exists ... but it LEAKS — sub-results proven along the way, not an arc's headline, slip through' — three genuine theorem-grade results from this window were in NEITHER registry.
LOG:B787 — THE INTERACTION PROGRAMME: 1 HIT, 6 MISS, complete	PROGRESS_LOG.md	OTHER	6 of 7 doors miss under a pre-committed base-rate discipline; JUNO threshold 0.276 never bent to fit.
LOG:B814 — Gate D: the GKY dim-1 hypothesis fails at E6	PROGRESS_LOG.md	OTHER	Explicitly labelled 'STRONG EVIDENCE, not proof' — both B575 and B370 explicitly conditional at higher orders.
LOG:B817 — Wave 2: reader-bias confound RESOLVED; the gate was n	PROGRESS_LOG.md	OTHER	'a rule honoured only when comfortable is not a rule' — CI lower bound sits 0.0015 below gate, flagged PASS(marginal) anyway per pre-committed rule.
LOG:B818 — the 2 errors wave 2's untested vocabulary let through	PROGRESS_LOG.md	ABSENCE_CLAIM	"'B519_re_mining carries NO verdict though B525 cracked its ""no external crossing"" headline; B225 carries PROVED though B745 confirmed its 2-half kill vacuous ... B58 is split across 3 directories and was skipped'."
LOG:B819 — CORRECTION to B817: the verdict residue is a coverage	PROGRESS_LOG.md	RETRACTION_OF_EARLIER_ENTRY	Directly corrects B817's characterization of the unverdicted residue.
LOG:B819 — CORRECTION to B817: the verdict residue is a coverage	PROGRESS_LOG.md	OTHER	Attributed to a sampling error: generalizing failure counters (which describe only the assigned set) to the whole residue.
LOG:B820 — the lexicon gate fired; the RATE says it is rotting, 	PROGRESS_LOG.md	RETRACTION_OF_EARLIER_ENTRY	This entry's 'rotting' diagnosis is itself later corrected as WRONG by B821.
LOG:B821 — the lexicon refresh FAILED its sealed criteria; the f	PROGRESS_LOG.md	OTHER	A wiring bug (anchor existing in two dicts) caught by sealed criteria on first run — argument for two-outcome criteria on instrument changes.
LOG:B822 — the lexicon gate stops diagnosing; its ratchet turns 	PROGRESS_LOG.md	OTHER	Self-referential defect: the gate reported a claim (rotting) the repo had disproved one commit earlier.
LOG:B824 FAILED / B825 SUCCEEDED — the last known lexicon gap cl	PROGRESS_LOG.md	OTHER	'character variety' alone carries 13.8% of corpus — this programme's subject matter is structurally ambient, same shape as B821's failure.
LOG:B826 — B519's missing verdict was a FILENAME gap, not a cont	PROGRESS_LOG.md	ABSENCE_CLAIM	'Still carried, not closed: B225 carries PROVED though B745 confirmed its 2-half kill vacuous ... B58 spans three directories'.
LOG:B827: ten days of progress log went to a shadow file; the ga	PROGRESS_LOG.md	OTHER	'A gate that watches a file nobody writes cannot detect that nobody writes it' — fail-open by drift, a new gate-failure class.
LOG:B827: ten days of progress log went to a shadow file; the ga	PROGRESS_LOG.md	ABSENCE_CLAIM	'NONE appear here or in the sanctioned roll-off docs/progress/PROGRESS_2026-Q2.md.'
LOG:B828: what the shadow-log recovery surfaced (one live label-	PROGRESS_LOG.md	OTHER	New PRACTICES error class: 'a label-lock is not a lock' — asserting over literals the test itself defines.
LOG:B829: five locks pinned to literals; B806's headline number 	PROGRESS_LOG.md	OTHER	Named recurring class: 'a lock asserting on state that my own later work legitimately changed' (Review 35 Finding 5, instantiated 5 more times).
LOG:B830 masterplan: three cited facts computed, one fork delete	PROGRESS_LOG.md	OTHER	'A scan found 3 such contradictions; reading them narrowed it to 1' — machine-readable revival_score field contradicted human-readable note in same record.
LOG:B833: B801's estimate becomes a measurement; its coverage fi	PROGRESS_LOG.md	OTHER	Explicit unit-mismatch: arc-level register vs kill-level register have no clean ratio.
LOG:B832 wave 3: kappa held on four categories, my prediction FA	PROGRESS_LOG.md	OTHER	'A serious execution error of mine: I hand-typed the reader work-lists instead of using the computed file' — same error class as an earlier 300-id transcription.
LOG:B834 wave 3b: kappa replicates, the drift replicates unanimo	PROGRESS_LOG.md	OTHER	"'Corrected while writing: the generated ledger says ""756 of 759"" = 99.6% ... two denominators, the same composition error this session keeps producing.'"
LOG:B835: five suite failures, three kinds, none a mislabelled v	PROGRESS_LOG.md	OTHER	Named object-motif thinning trend widened floors to 0.40 and asserted trace_map>kappa ordering rather than tracking thresholds down to fit data.
LOG:B836: the negative backlog is routed, judgement fields left 	PROGRESS_LOG.md	OTHER	CLOSED_DOORS.md view said '384 classified closures' when 167 were merely routed not classified — a count silently changing meaning.
LOG:B837: the file-drawer audit, 15 -> 0 -> 3, and only the last	PROGRESS_LOG.md	ABSENCE_CLAIM	'B499 (cited by B500 with no result for it stated anywhere)'; 'B557 ... cited in B556 only as an EXPECTATION, not a result'.
LOG:B839: B685's non-3 denominator is an EXPANSION artifact; (2n	PROGRESS_LOG.md	OTHER	'B685.fact_computed stays FALSE, but its residue is now ONE LITERATURE LINE instead of a whole computation; calling it discharged would repeat B685's original error one level up.'
LOG:B840: the three loose ends closed; one was hiding a VACUOUS 	PROGRESS_LOG.md	OTHER	'R1 printed SEALED at m=3 on both seeds and tested NOTHING' — MB12 vacuity in both verdict and its own guard, undiscovered for the duration of the pause.
LOG:B842: face attachment SUCCEEDS where the keyword classifier 	PROGRESS_LOG.md	OTHER	'A panel at kappa 0.87 agreeing with the corpus only 56% of the time is evidence about the CORPUS, not only the panel.'
LOG:B843: B837's file-drawer lock caught ME creating a file-draw	PROGRESS_LOG.md	OTHER	First time a lock in this repository caught a NEW instance of the defect it was written to describe.
LOG:B844: the review-actions gate was under-reporting 13 open it	PROGRESS_LOG.md	OTHER	Fail-open by drift — sound when items fit one line, disarmed by longer entries, same class as B827.
LOG:P5 Phases 0-1: claims resolve GREEN; a fifth lit-gate nobody	PROGRESS_LOG.md	OTHER	A naive keyword probe returned 0 arcs for two TRUE rows — phrasing artifact caught only by reading.
LOG:B845: the spectral inventory checked; certified results exis	PROGRESS_LOG.md	ABSENCE_CLAIM	'B792 is NOT in main — it is cc3's arc and cc3 never merges, so citing it as if it were here is the phantom's own class.'
LOG:B845: the spectral inventory checked; certified results exis	PROGRESS_LOG.md	OTHER	An artifact (eigenvalues_final.json) disagrees with its own findings table: carries 6 of the 17 certified eigenvalues, no signal it is truncated.
LOG:B846: the eigenvalue JSON completed to its own certified tab	PROGRESS_LOG.md	ABSENCE_CLAIM	'main has 17; cc3's B792 may hold more; harvest completeness unverified' — deliberately not investigated because cc3's tree is not in this repository.
LOG:P5 Phase 2: the table-first draft, with the lit-gate's four 	PROGRESS_LOG.md	OTHER	New PRACTICES rules registered: a sealed threshold inherits the seal-writer's bias; a gate that can only fail on absence cannot detect drift.
LOG:P5 Phase 3 VERDICT: the paper does not stand; the core is Ba	PROGRESS_LOG.md	OTHER	'The artifact certifying the load-bearing sentence was VACUOUS and I wrote it' (hopf_separation.py never parsed image words); 'verify_monoid.py's s4_kernel ... TRUE FOR EVERY ELEMENT OF EVERY GROUP, never mentioning the endomorphism, green in a banked lock' — MB12 vacuity in a banked lock.
LOG:B848: the incoming handoff bundle verified independently; th	PROGRESS_LOG.md	LOG_STRONGER_THAN_LIKELY	'the 3.6e-20 agreement was never evidence — one equation written twice' (2√3/vol == 1/(6Λ_K(2)) == Res φ is algebraic identity, not independent corroboration).
LOG:B849: the SSB reframe gets its first falsifier; no manifold-	PROGRESS_LOG.md	OTHER	cc's own prior argument (amphichirality makes order param 'provably zero') withdrawn in the prereg before computing as WRONG.
LOG:B850: the foliation-algebra lead gets a computable shadow, a	PROGRESS_LOG.md	OTHER	Cell 4 initially read as refuted until a bug (set-of-traces vs words-per-length comparison) was found and inverted the answer; corrected in-arc next entry.
LOG:B851: the lit-gate B849 owed, paid; the citation CONFIRMS an	PROGRESS_LOG.md	ABSENCE_CLAIM	"'the string ""complex conjugation"" occurs ZERO times in that paper; no larger symmetry group ... was located.'"
LOG:B852: B451's instrument could not have found a phase transit	PROGRESS_LOG.md	OTHER	Explicitly unsealed ('a preregistration authored after seeing results is worse than none'); tempting misreading ('s=1 says something about m004') explicitly refused and locked.
LOG:B850 CORRECTED and B848-B852 verdicts authored: the full sui	PROGRESS_LOG.md	OTHER	'The isolated run could never have found it and the full suite did' — order-dependent global mpmath precision bug.
LOG:B853: the incoming relay verified, and the SSB ingredients a	PROGRESS_LOG.md	OTHER	'cc's own error recorded first: I cited B711 by GREP rather than reading it, and the citation was WRONG.'
LOG:B854: the centralizer of 2T in e6 is ABELIAN (u(1)^4), compu	PROGRESS_LOG.md	IDENTIFICATION_BY_TYPE	Relay's numerical rank-4 restriction with one small eigenvalue misread as 'rank 3 plus a zero mode' (the su(2)+u(1) signature) — a residual-driven type misidentification.
LOG:B854: the centralizer of 2T in e6 is ABELIAN (u(1)^4), compu	PROGRESS_LOG.md	OTHER	'no non-abelian gauge algebra arises as the centralizer of the object's finite holonomy image inside the E6 its arithmetic selects' — negative result for an electroweak reading via this route.
LOG:B855: the wrong-null audit — the programme's genericity cont	PROGRESS_LOG.md	OTHER	"'The programme has never had a valid control, so ""generic vs specific"" has essentially never been TESTED' — broad methodological gap admission."
LOG:B855: the wrong-null audit — the programme's genericity cont	PROGRESS_LOG.md	ABSENCE_CLAIM	'Reported by the scan and explicitly NOT verified in this arc (queued for independent recomputation): B289/B296's CS sign law ...; B290's clean real π/√3 ...; B723's named witnesses m006/m007 reportedly having invariant trace field x^3+2x-1.'
LOG:B855: the wrong-null audit — the programme's genericity cont	PROGRESS_LOG.md	OTHER	A bug in this very audit script (hardcoded volume override keyed on field) would have forced every row to index 12 by construction, making the audit vacuous — caught before banking.
LOG:B856: the hearing coupling obeys a PERIOD-5 law across the m	PROGRESS_LOG.md	FITTED_VALUE	'Look-elsewhere: the 1-sigma window [0.2940,0.3200] contains AT LEAST 17 natural candidates' — the one distinguishing feature claimed is that 1/(2φ) was computed not searched, but that quantity is later shown (B857) to be a double-count of an already-banked B641 result.
LOG:B856: the hearing coupling obeys a PERIOD-5 law across the m	PROGRESS_LOG.md	RETRACTION_OF_EARLIER_ENTRY	This entry's period-5 law and observer-invariance claims are heavily corrected in the immediately following entry B857 as double-counted/misattributed.
LOG:B857: the being voice cannot say 5 (a SPLITTING TYPE, not a 	PROGRESS_LOG.md	OTHER	'B856 re-derived a 5-point section of a 360-element enumeration SIXTEEN DAYS LATER and read the section's local features as new laws' — a genuine internal duplication/priority error.
LOG:B857: the being voice cannot say 5 (a SPLITTING TYPE, not a 	PROGRESS_LOG.md	ABSENCE_CLAIM	'the real blind spot is NOT closed by this arc: whether the 17 certified Γ_41 Maass newforms carry golden markers in their Hecke eigenvalues ... has never been computed.'
LOG:B859: the SM handoff scrutinised — the OP theorem verifies e	PROGRESS_LOG.md	OTHER	Own errors recorded: a vacuous first Weyl test (root systems always closed under negation, returned True wrongly for A4), a central-charge slip, and a premature 'the cascade fails' verdict.
LOG:B860: the step-3 trit is a BIT, the bit lives in the theta-e	PROGRESS_LOG.md	OTHER	'NOT established, stated plainly: this is not a derivation of the SM — menu completeness (P5) is still imported, the registerability premise is a premise ... and nothing here produces a value.'
LOG:B861: the fused cascade — one principle, one object, and E6 	PROGRESS_LOG.md	OTHER	A first draft applying the multiset test to cosets (rather than the generation) was vacuous and wrongly returned SU(3)^3 as step-1 winner — caught by the arc's own run.
LOG:B861: the fused cascade — one principle, one object, and E6 	PROGRESS_LOG.md	OTHER	Explicit residual: 'nothing here reaches values ... NO VALUES: group selection only, nothing touches couplings, masses, generations, or scale.'
LOG:B862: the cascade selects the SM's GLOBAL FORM — [SU(3)xSU(2	PROGRESS_LOG.md	OTHER	Explicitly conditional on P5 menu completeness + the fused rule + an owed registerability definition, all stated as open.
LOG:B863: THE TERMINATION THEOREM — the cascade halts at the SM 	PROGRESS_LOG.md	OTHER	Critic-agent process (16 agents) flagged 8 remaining gaps by referee order (G1-G8), tracked explicitly as an open queue rather than closed.
LOG:B865: the padding lemma — the re-anchoring rule is verdict-i	PROGRESS_LOG.md	OTHER	A defect in the arc's own first draft: dict literals with duplicate keys silently collapsed, recording wrong singlet counts (no verdict moved, but recorded data was wrong) — caught before banking.
LOG:B866: VERIFIED — the three distinguished charge lines exist;	PROGRESS_LOG.md	OTHER	'the generations reading stays a SIGNATURE, not a mechanism' — explicitly not a derivation of three families.
LOG:B866: VERIFIED — the three distinguished charge lines exist;	PROGRESS_LOG.md	OTHER	Two float failures during this arc: unnormalized scan gave impossible nullity 46 everywhere; unit-norm scan found nothing anywhere — exact interpolation was required to decide.
LOG:B867: the Sakharov gate — all three baryogenesis preconditio	PROGRESS_LOG.md	OTHER	'if the triple is the generations (UNPROVEN — the standing signature-not-mechanism caveat, inherited explicitly)' — load-bearing conditionality flagged clearly.
LOG:B868: G6 closed — the cascade's gate is the LINEAR -w0/theta	PROGRESS_LOG.md	OTHER	Process note: banking commit now GATED on lock run after two prior commit-on-red incidents (the fifth prose-lock incident of the session).
LOG:B869: G4 closed — the false-positive control PASSES; the cas	PROGRESS_LOG.md	OTHER	A canonicalization bug (Λ^n(n) vs Λ^0(n) conflated) manufactured spurious chirality and made the chain overshoot the SM — caught by the E6 run itself.
LOG:B870: G7 closed — the lift obstruction computed on the objec	PROGRESS_LOG.md	OTHER	'Scoped precisely: a nonzero obstruction GROUP means obstructed bundles are possible, not that any given flat bundle is obstructed' — careful non-overclaim.
"LOG:B871: G5 closed at the group layer — ""registerable"" formaliz"	PROGRESS_LOG.md	OTHER	'the identification stage-Theta = theta-class rests on the banked grading B599 + B868, not recomputed' — an honest unrecomputed dependency.
LOG:B874: the measurement ladder — the coordinate census is a tw	PROGRESS_LOG.md	OTHER	"'Verdict stated plainly so it cannot drift: the ""full measurement = SM"" reading is DEAD' — an explicit refutation of a natural type-coincidence reading."
LOG:B875: the triality-tiling theorem verified on this seat's bu	PROGRESS_LOG.md	OTHER	'a naive projector test reads 1.0 on every sector for every bracket (observed here first, diagnosed second)' — a genuine near-miss silent-failure mode documented as a standing trap.
LOG:B875: the triality-tiling theorem verified on this seat's bu	PROGRESS_LOG.md	OTHER	'the '3=triality' reading now has a two-seat-verified algebraic home, and it remains a STRUCTURE, not a generations mechanism'.
LOG:B872: the coset leg verified — 32 = 16 + 16bar at every enha	PROGRESS_LOG.md	OTHER	Title's own 'the sector charge is COMPACT' framing is inconsistent with body text stating REAL spectrum ±q as required by the split real form e6(6) — the title appears to misstate the finding (possible internal inconsistency worth flagging to the seat).
LOG:B877: S1 review PASSED — the First Measurement Theorem accep	PROGRESS_LOG.md	OTHER	'NOT banked: the generation reading — their section-5 fence kept verbatim (the triple is an O3 candidate, S3-unlabelable; the held Stage-2 shot stays owner-gated).'
LOG:B876: THE DESCENT — each breaking's matter decomposes into e	PROGRESS_LOG.md	OTHER	"'The triple's identity does not survive within a single breaking ... If ""3=triality"" is to become a generations mechanism, it must be an across-breakings reading, UNWEIGHTED' — explicit non-establishment of the generations mechanism."
LOG:B876: THE DESCENT — each breaking's matter decomposes into e	PROGRESS_LOG.md	OTHER	First-draft naive coordinate dot products found no chain (wrong metric) — corrected by moving the whole descent to the complex field.
LOG:B878 + B879: two cc3 handoffs processed and banked under int	PROGRESS_LOG.md	OTHER	Explicit branch discipline: cc3's branch is 'never merged' but its data is verified and re-derived on this seat's own build/reproducer before being cited.
LOG:B878 + B879: two cc3 handoffs processed and banked under int	PROGRESS_LOG.md	ABSENCE_CLAIM	'no completeness claim for the 43; lambda_2's 27-digit run continues branch-side (~24-30h) and banks later under its own number.'
LOG:B882: the tiling named — M(O,C), the magic square; the novel	PROGRESS_LOG.md	OTHER	"'a secondary-source ""so(3)"" mis-extraction CAUGHT by the verify stage's own dimension arithmetic (28+3+48 != 78)'."
LOG:B882: the tiling named — M(O,C), the magic square; the novel	PROGRESS_LOG.md	ABSENCE_CLAIM	'two branching-table claims and the Barton-Sudbery section-4.3 page not retrieved verbatim (flagged UNCONFIRMED); one unattributed snippet ... needs a real read before the paper contrasts it.'
LOG:B881: descent stage 2 — the SM-graded coset commutation tabl	PROGRESS_LOG.md	OTHER	Explicit scope: 'this is the mediation skeleton ... NOT the Yukawa skeleton proper' — named as the top instrument gap remaining.
LOG:B883 + B884: the 27 representation built and verified exactl	PROGRESS_LOG.md	OTHER	'a first-pass mis-expectation ... was the SU(5)-10 confusion, corrected in-flight; and a first pass with float64-truncated Levi charges corrupted the readout' — two in-arc errors caught before banking.
LOG:B883 + B884: the 27 representation built and verified exactl	PROGRESS_LOG.md	OTHER	'Honest: only the zero/nonzero support is basis-invariant — the magnitude hierarchy inside the coupled class is sampling-dependent and NOT claimed; no values, no textures, no Gate-5 contact.'
LOG:B885: the inter-breaking dictionary — one frame's vacuum axi	PROGRESS_LOG.md	OTHER	Firewall stated explicitly: 'nothing resembling a mixing matrix of values is computed or claimed.'
LOG:B887: R37-1 executed as a workflow panel — the 19-gate could	PROGRESS_LOG.md	OTHER	'a banned phrase injected into WORKING_RULES.md (the binding rules file) PASSED' and 'a fabricated E-row ... citing a nonexistent test PASSED' — two live-demonstrated gate failures in the binding-rules/claims-validation machinery itself.
LOG:B887: R37-1 executed as a workflow panel — the 19-gate could	PROGRESS_LOG.md	OTHER	'The remaining ~35 HIGH findings are registered as a prioritized R38 repair queue ... not silently dropped' — large backlog of unresolved audit findings acknowledged.
LOG:B886: the matter pencil — six Pi-weights in two Galois orbit	PROGRESS_LOG.md	OTHER	'the 8 is the octonion dimension appearing as exact weight multiplicity' — flagged internally as physics reading fenced (no interpretation claimed).
LOG:B888: three cubics, one quadratic resolvent — Q(sqrt(77)) in	PROGRESS_LOG.md	OTHER	'exponent echo' explicitly recorded as observation with no mechanism claimed (E6 exponents 1,4,5,7,8,11 vs unmeasured pair 7,11).
LOG:B889 (W3): the canonical dictionary — the convention problem	PROGRESS_LOG.md	OTHER	Polarization observation explicitly fenced: 'no identification with any physical mixing parameter is made or implied.'
LOG:B890: the sealed W6 opening cell — DISTINCT in all three fra	PROGRESS_LOG.md	OTHER	Solo seat's section-5 fence explicitly held: 'strengthened as a candidate, not yet a mechanism.'
LOG:B891: the sealed matter-extension cell — DISTINCT in all thr	PROGRESS_LOG.md	OTHER	'the solo seat's section-5 fence stands' — mechanism-hood explicitly not decided despite strong operational language.
LOG:B892: the Second Measurement Theorem verified; B874 amended;	PROGRESS_LOG.md	OTHER	14-dim algebra later (B950) found to be su(3)+su(2)+u(1)^3, NOT the 12-dim SM algebra — see B950 correction.
LOG:B897: the sealed cell decides — G20 organizes the 27 GENERAT	PROGRESS_LOG.md	OTHER	'the 40693 ideal-split initially failed and succeeded on the widened retry (computational, not evidential — logged)'.
LOG:B902: M5, the Knus-Paques difference class — the vacuum and 	PROGRESS_LOG.md	OTHER	A shadowing bug in the certificate save path (loop variable clobbering) was caught by reading stored artifact before locking.
LOG:B905: W8 paid — the Kim-torsor literature gate; the measurem	PROGRESS_LOG.md	ABSENCE_CLAIM	'the Kim-school arithmetic Chern-Simons corpus ... NEVER interprets H^1/torsors operationally as measurements or observer choices — full-text greps find zero occurrences' (B905).
LOG:B905: W8 paid — the Kim-torsor literature gate; the measurem	PROGRESS_LOG.md	ABSENCE_CLAIM	'NOTHING PUBLISHED connecting the magic-square (O,C) = E6 cell to arithmetic CS or knot-complement torsors — exhaustive full-text search, zero occurrences' (B905, Q3).
LOG:B904: THE BARTON-SUDBERY CAPSTONE — the build IS M(O,C) by e	PROGRESS_LOG.md	OTHER	Two real bugs caught en route: incomplete equivariance candidate list, and an order-unnormalized tensor store silently dropping the entire third cross slot — 'the source of every earlier mixed-triple Jacobi failure'.
LOG:B907: the sealed cell decides — THE WALL IS REAL IN e6(2), A	PROGRESS_LOG.md	OTHER	Two bugs caught by verify-don't-trust: empty character ansatz, Rayleigh-quotient eigenvalue census on non-normal matrices.
LOG:MULTIAGENT ROUND 2 BANKED: B912 outcome B (the colored secto	PROGRESS_LOG.md	OTHER	'The disclosed prior lost — FOURTH in a row.'
LOG:MULTIAGENT ROUND 3 BANKED: B914 — THE RATIO TABLE IS ONE NUM	PROGRESS_LOG.md	OTHER	Caught the '27bar trap': B908's handoff realization is the DUAL of banked B883 27 — required re-run in one basis.
LOG:B915: THE CROSSING — sealed verdict MISS (d = 16.0 sigma); t	PROGRESS_LOG.md	LOG_STRONGER_THAN_LIKELY	This is an OBSERVABLE physics prediction (sin2thetaW, alpha_s at M_Z) explicitly tested against measured PDG data and FAILED at 16 sigma — a genuine negative result for the thesis's SM-unification claim.
LOG:THE LAW SWEEP (owner directive: nothing buried): LAW_MAP sec	PROGRESS_LOG.md	ABSENCE_CLAIM	'docs/LAW_MAP.md's 121 rows ended at the pre-campaign era; the ENTIRE B877–B917 harvest was absent from the law index (present in FINDINGS, PROGRESS_LOG, and locks, but invisible to anyone reading the registry).'
"LOG:THE LOSS SCAN, part 2 (owner directive: ""scan for what else "	PROGRESS_LOG.md	ABSENCE_CLAIM	'all four (speculations/ philosophy/ knowledge/ story/) predated the campaign entirely (last touches 2026-07-08..30; the campaign's entire observer-story advance was absent from the rooms built to hold it).'
"LOG:THE LOSS SCAN, part 2 (owner directive: ""scan for what else "	PROGRESS_LOG.md	ABSENCE_CLAIM	'no mod-2 weight-lattice character flips the eleven; 64-candidate refutation, locked' (D2 flip-pattern negative).
LOG:B919: the 3/8 debt discharged at its honest tier (audit A1);	PROGRESS_LOG.md	OTHER	'a SILENT substitution failure that ran one prime twice under a two-prime label — exposed by directly inspecting the generated script ... the near-miss would have banked two-prime over one-prime-twice.'
LOG:B922: LAMBDA_2 RECEIVED — the first 25-digit Maass eigenvalu	PROGRESS_LOG.md	OTHER	Priority claim here ('the first 25-digit Maass eigenvalue') was later corrected/refuted in B943 — see below (precedent number REFUTED, true published figure 13 decimal places, not ~10).
LOG:B909: THE FRAME ARC BANKED — the CMT verified with the corre	PROGRESS_LOG.md	OTHER	'the shipped cmt.py carried the RETRACTED section-LIV septic as its wall polynomial — phantom roots (kappa mod 40031 has NONE)... a direct contradiction of the ledger.'
LOG:THE MEANTIME WAVE BANKED (four agents, four arcs): B923 the 	PROGRESS_LOG.md	OTHER	'PHASE I'S EXIT CONDITION IS MET: zero known debts, zero known contradictions, identity-tier numbers.' — strong closing claim worth cross-checking against later contradictions found (B976).
LOG:B925: THE SECOND CROSSING — OUTCOME B, stronger than priced;	PROGRESS_LOG.md	LOG_STRONGER_THAN_LIKELY	Second negative crossing against the thesis's SM-unification path, proved 'provably NOT Pati-Salam' — significant against the physics claim.
LOG:B927: THE CROSSING STUDY CLOSES — the two lanes meet; the nu	PROGRESS_LOG.md	ABSENCE_CLAIM	'Q3 (couplings-as-moduli), Q4 (non-desert routes to 0.231), Q5 (the cautionary corpus): no claims survived adversarial verification — honestly unpopulated, itself a datum.'
LOG:B928: THE D2 DECODE — OUTCOME FORCED; the hierarchy's origin	PROGRESS_LOG.md	RETRACTION_OF_EARLIER_ENTRY	'11 = 8+3 REFUTED exactly (flip-span meets the octets in dim 0 — the suggestive arithmetic was numerology, the discipline catching its own pattern-hunger again.)'
LOG:B929: THE THIRD CROSSING — HIT-SHAPE: the blind sheet is a m	PROGRESS_LOG.md	LOG_STRONGER_THAN_LIKELY	HIT-SHAPE verdict explicitly self-described as 'SUGGESTIVE, NOT PROBATIVE' but risks being read as a positive result on CKM mixing; the direct magnitude identification is explicitly dead.
LOG:THE MAP WAVE BANKED (four of five lanes): why-953 ANSWERED; 	PROGRESS_LOG.md	OTHER	B930 (fifth lane, the overlap matrix) incomplete with a type bug — 'nothing banked from its design-level predictions (the compute-the-discriminating-fact rule)'.
LOG:B930: THE OVERLAP MATRICES — the branches superselected; the	PROGRESS_LOG.md	OTHER	After four logged design amendments, incl. TWO definiteness-blindness instances (positivity assumed where B912's bank says indefinite).
LOG:SESSION RESUMED after an auth interruption; B935 + B938 bank	PROGRESS_LOG.md	OTHER	'a 93-CPU-HOUR ORPHAN was found and killed — an August-2 pre-B854 exact-E6 build (superseded by the banked frame), zero output, burning a core since Sunday' — a wasted-compute finding, not physics.
LOG:SESSION RESUMED after an auth interruption; B935 + B938 bank	PROGRESS_LOG.md	OTHER	'positivity assumed a THIRD time this week (the abort was the finding)' — recurring instrument discipline failure noted.
LOG:THE QUESTION WAVE COMPLETES: B936 (the classification IS H^1	PROGRESS_LOG.md	RETRACTION_OF_EARLIER_ENTRY	'THE SEALED VALUE COROLLARY FAILED: the twist-norm law is NOT the discriminant/pencil invariant of the pair ... NO 953, NO 2304 appear in ANY invariant of the pair.' The agent sealed its own prereg, reported its criterion FAILED and refused to write the unification statement.
LOG:THE END-TO-END CHAIN BANKED (docs/THE_END_TO_END_CHAIN.md) w	PROGRESS_LOG.md	OTHER	'the solo seat's own section-LXXX self-correction — their unsealed re-run of B915, caught and withdrawn by their own MB13 discipline — is cited approvingly.'
LOG:B941: THE BRANCH-SYMMETRIC READING — the owner's directive, 	PROGRESS_LOG.md	OTHER	The denominator label 'the golden power' was later found WRONG in the very next entry (Review-40 self-catch) — mathematics untouched but the naming misled.
LOG:B940: THE SEALED DIRAC RUN — OUTCOME A. A certified Dirac ei	PROGRESS_LOG.md	OTHER	'A reproducibility bar measures the instrument's determinism, not the object's spectrum' — lesson explicitly recorded. Kernel (lambda=0, dim exactly 2) RECORDED but EXCLUDED from the seal — obligation O1 open.
LOG:B940: THE SEALED DIRAC RUN — OUTCOME A. A certified Dirac ei	PROGRESS_LOG.md	ABSENCE_CLAIM	'MathSciNet was unreachable ... half a named standard is not the standard, so no priority sentence is banked anywhere in this arc, by deliberate choice.'
"LOG:three discipline repairs the Review-40 suite caught (the ""do"	PROGRESS_LOG.md	OTHER	'B913 was a sealed, ledgered preregistration with no report — the file-drawer lock firing correctly' — flags process risk of unreported sealed cells.
"LOG:Review-40 self-catch: B941's denominator was misnamed ""the g"	PROGRESS_LOG.md	RETRACTION_OF_EARLIER_ENTRY	Directly retracts wording in the B941 entry above: 'a suggestive prime acquires a story the moment it is named, and this story had already been refuted.'
LOG:B942 / L113: THE BC/CMR FALSIFIER FIRED AT OUR OWN OBSERVER 	PROGRESS_LOG.md	RETRACTION_OF_EARLIER_ENTRY	Full retraction of B723's chirality-as-Galois-label construction, sealed and pushed before compute with the prior disclosed as the kill outcome. 'THE KILL CONDITION IS HEREBY EXECUTED, not softened.'
LOG:B942 / L113: THE BC/CMR FALSIFIER FIRED AT OUR OWN OBSERVER 	PROGRESS_LOG.md	OTHER	New lead L124 registered as 'UNEARNED, not refuted' — flagged so no future argument leans on it as established.
LOG:B943: THE O3 GATE APPLIED RETROACTIVELY. Prior art FOUND (pa	PROGRESS_LOG.md	LOG_STRONGER_THAN_LIKELY	'A gate that binds only future arcs is not a standard, it is a mood.' — self-critical note that an earlier claim escaped a discipline later applied retroactively.
LOG:B943: THE O3 GATE APPLIED RETROACTIVELY. Prior art FOUND (pa	PROGRESS_LOG.md	ABSENCE_CLAIM	'Grunewald-Huntebrinker Table 3 is still unreachable ... leaves B791's secondary-reported 51.014 UNVERIFIED.'
LOG:B944: THE DYNAMICS & CHIRALITY SWEEP. Neither is missing, th	PROGRESS_LOG.md	OTHER	'the object's clock is tracial II_1 with TRIVIAL modular flow (B721) -- it has dynamics, not intrinsic time.'
LOG:B944: THE DYNAMICS & CHIRALITY SWEEP. Neither is missing, th	PROGRESS_LOG.md	OTHER	B437 RETRACTED ('the golden return' withdrawn as inheritance once the trefoil control showed Q(sqrt5) is slope-5-forced).
LOG:B945 / L126: ONE Z/2 OR TWO? OUTCOME INDEPENDENT. The unific	PROGRESS_LOG.md	RETRACTION_OF_EARLIER_ENTRY	Directly withdraws B944's unification hypothesis: 'B717's spine stands unamended with TIME and CHIRALITY as two separate closings.'
LOG:B946: solo handoff 6 VERIFIED and ADJUDICATED — section LXXX	PROGRESS_LOG.md	OTHER	'THE HANDOFF IS BEHIND ON B940-B943, AND B942 IS LOAD-BEARING AGAINST ITS OWN FRAMING' — anything downstream of measurement=beta=1 SSB needs re-reading.
LOG:B946: solo handoff 6 VERIFIED and ADJUDICATED — section LXXX	PROGRESS_LOG.md	OTHER	'WHAT THIS ARC DOES NOT BANK ... the presence side ... is NOT verified here ... recorded as OWED.'
LOG:B946 amendment: the residue primes are class-sorted, one fro	PROGRESS_LOG.md	FITTED_VALUE	Explicit self-flag: 'BASE RATE STATED BECAUSE TWO POINTS IS TWO POINTS ... nowhere near significant. This is a pattern worth a prereg, not a law.'
LOG:B948: the solo seat EXECUTES the B942 obligation, and the de	PROGRESS_LOG.md	ABSENCE_CLAIM	'knowledge/, philosophy/, speculations/ and story/ are CLEAN: the clause never leaked into the rooms.'
LOG:B949: THE IGNORANCE MAP — and a correction to this seat's ow	PROGRESS_LOG.md	ABSENCE_CLAIM	"'source_free is the ""from nothing"" obstacle ... it stands at ZERO banked of ONE probe ... docs/UNIQUENESS_THEOREM.md states in its own status block that it is not a derivation of the substrate from nothing and that that direction is mapped dead.'"
LOG:B949: THE IGNORANCE MAP — and a correction to this seat's ow	PROGRESS_LOG.md	OTHER	Self-correction: 'This seat was on the way to reporting the programme never worked its own founding question. That would have been WRONG.'
LOG:B949: THE IGNORANCE MAP — and a correction to this seat's ow	PROGRESS_LOG.md	OTHER	New connection L131 registered but held at REGISTERED not claimed, flagged as possibly a 'right-object-wrong-level trap'.
LOG:B950: THE SM SPECIFICATION LEDGER — the gap the owner named 	PROGRESS_LOG.md	RETRACTION_OF_EARLIER_ENTRY	'B892 banks ... su(3)+su(2)+u(1)^3 is 14-dimensional and the Standard Model gauge algebra is 12-dimensional ... the sentence wrapped around it overstates by two abelian factors.'
LOG:B950: THE SM SPECIFICATION LEDGER — the gap the owner named 	PROGRESS_LOG.md	OTHER	'sin^2 theta_W = 3/8 belongs in the FORCED column, not the achievement column ... and the arc that ran it to M_Z missed at 16 sigma.'
LOG:B952: THE GUT REQUIREMENTS LEDGER, and THE RANK OBSTRUCTION 	PROGRESS_LOG.md	ABSENCE_CLAIM	'27 = 16+10+1, where the 10+1 are TWELVE EXOTIC STATES PER GENERATION that any model must make heavy and which the record has never addressed (L134).'
LOG:B952: THE GUT REQUIREMENTS LEDGER, and THE RANK OBSTRUCTION 	PROGRESS_LOG.md	OTHER	"'B950 called the dim-14-vs-12 gap ""two steps away""; that was too gentle.'"
LOG:B953: E6 vs E4, and the two seeds — the hypothesis is CONFIR	PROGRESS_LOG.md	OTHER	'the u(1)^3 identification is inferred, not computed' — explicit inference-not-computation flag, later cited in B965's LAW_MAP audit as a FIX-worthy omission.
LOG:B951 (L132 scouted) + B954 (do we need both branches? Yes, a	PROGRESS_LOG.md	OTHER	'Arriving at it from E6 is not a discovery ... what survives of B892 is the ROUTE, not the destination.'
LOG:B951 (L132 scouted) + B954 (do we need both branches? Yes, a	PROGRESS_LOG.md	OTHER	'THE CENTRALIZER ARGUMENT DOES NOT TRANSPLANT: the centralizer of su(3)+su(2) is 1-dimensional in su(5) ... but 9-dimensional in e6, so the u(1) commuting with colour and isospin does NOT single out Y.'
LOG:B951 (L132 scouted) + B954 (do we need both branches? Yes, a	PROGRESS_LOG.md	OTHER	'Todorov JHEP 04(2021)164 ... computes the centralizer of Y in so(10)=u(2)+u(3) ... structurally L132's own move, one u(1) short, one algebra down; the octonionic-Jordan route is occupied literature.'
LOG:B956: L133 ANALYSED AND REFRAMED as an INTERMEDIATE-CLOSURE 	PROGRESS_LOG.md	ABSENCE_CLAIM	'Wilson line / Hosotani / holonomy-breaking appears in NO ARC WRITTEN BEFORE TODAY ... and only 11 arcs mention a VEV at all.'
LOG:B957 / L124: is B700's torsor the CMR torsor? NO, and it was	PROGRESS_LOG.md	RETRACTION_OF_EARLIER_ENTRY	L124 CLOSED negative — 'the values clause is not supported by the CMR identification, and that identification is dead.'
LOG:B958: the presence side SCOPED — the repo never built the in	PROGRESS_LOG.md	ABSENCE_CLAIM	"'The repo contains NO INDEPENDENT CONSTRUCTION OF M12, the ""invisible 12"".' ... 'B909's directory ships only cmt_correct.py and results.json, with no frame or M12 construction anywhere.'"
LOG:B958: the presence side SCOPED — the repo never built the in	PROGRESS_LOG.md	OTHER	"Registered L135: 'BUILD THE FRAME INDEPENDENTLY ... closes the ""verified data we never built"" gap.'"
LOG:B955: L133 SCOUTED — my own candidate refuted (as flagged in	PROGRESS_LOG.md	ABSENCE_CLAIM	'no one appears to have used a hyperbolic 3-manifold's pi_1 as a Wilson-line source for GUT breaking ... 137 citers enumerated and none taking the symmetry-breaking reading.'
LOG:B955: L133 SCOUTED — my own candidate refuted (as flagged in	PROGRESS_LOG.md	OTHER	'THE SHARPEST WARNING: Keurentjes's exhaustive E6 computation gives unbroken ranks {6, 2, 0} -- rank 4 NEVER occurs ... anyone claiming rank 4 here is claiming something the closest systematic scan did not find.'
LOG:B959 / L133: OUTCOME NO-GO. Every route to rank 4 makes the 	PROGRESS_LOG.md	OTHER	'THE ONE HATCH THIS DOES NOT CLOSE ... in the ADJOINT form E6/Z3 a rank-2 elementary abelian subgroup CAN be non-toral.' Steinberg's theorem cited, not re-derived.
LOG:B947/L130: is the thinning law a LAW? OUTCOME SPECIAL — five	PROGRESS_LOG.md	FITTED_VALUE	"'THE POST-HOC OBSERVATION, FLAGGED AND NOT CLAIMED ... re-describing SPECIAL as ""the thinning holds on the value layer and fails on the pencils"" would convert a failed prediction into a success story, which is post-hoc rescue and precisely what the seal exists to prevent.'"
LOG:B961/L135: THE FRAME INSTRUMENT built on this bench — and it	PROGRESS_LOG.md	OTHER	'The banked-number gate caught it and nothing else would have ... had derived() been used first on an unbanked question, the wrong answer would have looked like a finding.'
LOG:B961/L135: THE FRAME INSTRUMENT built on this bench — and it	PROGRESS_LOG.md	ABSENCE_CLAIM	'the presence side (sections LXXXIII-LXXXVI + XCII) is still not verified.'
LOG:B963: tau does DOUBLE DUTY — one cause behind four failures;	PROGRESS_LOG.md	OTHER	"'I was about to bank the sharper-sounding claim ""the object has no intermediate regime"" ... saying otherwise would have been a FALSE UNIFICATION, the most attractive kind of error this programme makes.'"
LOG:B962: THE VEV PICTURE SCOUTED — the missing VEV is universal	PROGRESS_LOG.md	OTHER	Both major claims in this entry ('the route stops one step short' and 'the object does not supply a VEV') were RETRACTED one entry later (B964) as errors.
LOG:B962: THE VEV PICTURE SCOUTED — the missing VEV is universal	PROGRESS_LOG.md	ABSENCE_CLAIM	'complete citation-graph closure on Elkies-Gross (all 39 citers read individually) returns zero GUT/Higgs papers.'
LOG:B964: TWO CORRECTIONS on the owner's challenge — the measure	PROGRESS_LOG.md	RETRACTION_OF_EARLIER_ENTRY	Explicit retraction of two substantive claims banked in B952/B959/B960/B962, caught by the owner's challenge rather than any gate: 'Caught by the owner's challenge, not by a gate.'
LOG:B965: THE LAW_MAP SCOPE AUDIT — 165 rows, 5 flagged, ALL FIV	PROGRESS_LOG.md	LOG_STRONGER_THAN_LIKELY	'THE MOST UNCOMFORTABLE FINDING is FIX 3: an error class was diagnosed, retracted, given a rule -- and then survived, unfixed, in a row written the same day. Retracting a claim does not retract its instances.'
LOG:B966/L140: the first gate aimed at claim SCOPE, and it caugh	PROGRESS_LOG.md	OTHER	MB12 non-vacuity check: deleting the qualifier makes the gate fail, restoring it passes — demonstrated, not assumed.
LOG:B967/L139 EXECUTED: the retraction sweep — and its first run	PROGRESS_LOG.md	LOG_STRONGER_THAN_LIKELY	'B962's OWN FINDINGS still asserted BOTH claims B964 had retracted -- in its TITLE and in two body sections -- with no correction banner at all ... it sat in the corpus for four hours before the sweeper existed to see it.'
LOG:B968: THE SM VERDICT CRYSTALLISED — one sentence, and the re	PROGRESS_LOG.md	OTHER	'not a physics claim -- every SM-facing statement is structural or reproduced, no measured value predicted, Gate 5 untouched.'
LOG:B969: L138 FIRES — the object's canonical pair returns K, ve	PROGRESS_LOG.md	OTHER	'A seat withdrawing its own control unprompted, in the same document as the result, is integrate-don't-merge working.'
LOG:B969: L138 FIRES — the object's canonical pair returns K, ve	PROGRESS_LOG.md	OTHER	'I wrote that row today while enumerating gaps and did not grep for the thing I was declaring absent.' — self-caught false absence claim about B862/Z6.
LOG:B975: THE RENDER AUDIT (cc3) — two latent defects that 58 ho	PROGRESS_LOG.md	OTHER	'a number off by a phase still looks like a number, and a truncated-but-sufficient move set produces exactly the right answer' -- neither defect surfaced during 58 hours of certified computation and three review passes.
LOG:B975: THE RENDER AUDIT (cc3) — two latent defects that 58 ho	PROGRESS_LOG.md	OTHER	Adopted as practices row: render any field/spectrum/point-set once before banking, as a check — not gateable, a human obligation.
LOG:B976: THE CASCADE RECOVERY — the owner was right; eleven ban	PROGRESS_LOG.md	LOG_STRONGER_THAN_LIKELY	'THE CASCADE BLOCK IS NOT [legitimate to omit]. B860, B861, B863, B864, B865, B868, B869, B870, B871, B872, B873 appear ZERO times in LAW_MAP and zero times in the SM verdict.'
LOG:B976: THE CASCADE RECOVERY — the owner was right; eleven ban	PROGRESS_LOG.md	ABSENCE_CLAIM	"'B864 ... establishes that hypercharge is the UNIQUE GAUGEABLE U(1) in the chain's abelian sector ... but I wrote ""no derivation from anomaly cancellation inside the object; OPEN, the sharpest available target"".'"
LOG:B976: THE CASCADE RECOVERY — the owner was right; eleven ban	PROGRESS_LOG.md	OTHER	Self-flagged causal uncertainty: 'I cannot say the model switch caused this -- I have no access to the chat history, correlation is not causation, and I decline to claim it.'
LOG:B976: THE CASCADE RECOVERY — the owner was right; eleven ban	PROGRESS_LOG.md	OTHER	Registers L143 (the representation sweep) as the missing third gate alongside lawmap-scope and retraction-sweep -- 'nothing checks that a substantive banked arc is represented anywhere.'
LOG:B977 / L143 EXECUTED: the third gate — the one for rows that	PROGRESS_LOG.md	ABSENCE_CLAIM	eleven cascade arcs, including B864 which DERIVES hypercharge, sat invisible while a ledger row written five days later called hypercharge 'OPEN, the sharpest available target'
LOG:B978: PHASE A BANKED — four leads closed, one new mechanism,	PROGRESS_LOG.md	ABSENCE_CLAIM	B950 called the global Z6 form 'not addressed' though B862 derives it; B976 called hypercharge 'OPEN, the sharpest target' though B864 derived it; B974 said the frame 'cannot be rebuilt' though CMT_DRAFT.md section 2 and B911 already had it — three declarations of absence in one day by the same seat
LOG:B979 — L131: A7 is load-bearing (and §5 of the same document	PROGRESS_LOG.md	ABSENCE_CLAIM	B949 registered L131 declaring A7 open though §5 of UNIQUENESS_THEOREM.md is titled 'The order choice is load-bearing (A7), not cosmetic' — fourth instance that day of declaring open what is banked
LOG:B980 — the k=3 → GΛ=2π chain rests on two stacked conflation	PROGRESS_LOG.md	RETRACTION_OF_EARLIER_ENTRY	B259's wall #5 (GΛ=2π, 122 orders) retracted as a conflation of anyon-level with gravitational level
LOG:B980 — the k=3 → GΛ=2π chain rests on two stacked conflation	PROGRESS_LOG.md	OTHER	Self-correction recorded: first draft named the defect as 'compact SU(2) vs non-compact gravitational', which was itself wrong — Smolin's CS theory is SU(2)
"LOG:B981 — ""the object is hyperbolic"" is a half-face reading (a "	PROGRESS_LOG.md	RETRACTION_OF_EARLIER_ENTRY	Fifth instance on 2026-08-08 of declaring absent what the repo held (B950, B976, B974, B979, B981), and a dismissal — 'the more dangerous kind'
LOG:B982–B987 — the grounding day: five governance arcs, one met	PROGRESS_LOG.md	FITTED_VALUE	B986: 'A criterion that cannot fail is not a test' — the decisive test for the B500 reopen is vacuous since ~70% of random polynomials pass it
LOG:B988 — the decadal review now certifies document currency, r	PROGRESS_LOG.md	ABSENCE_CLAIM	ROADMAP_TOE.md stayed wrong for a month and THE_SM_VERDICT.md shipped missing eleven of twelve cascade arcs, both surviving multiple reviews
LOG:Review 41 + B989 — the first review under the extended proto	PROGRESS_LOG.md	OTHER	'Second time in one day that mention was read as use, in a second independent gate' — mention-vs-use failure mode named as a class of text-matching gate defect
LOG:Review 41 + B989 — the first review under the extended proto	PROGRESS_LOG.md	OTHER	'Registering a gap creates hits for the gap' — the coverage count for Markov blanket rose because arcs recording its absence counted as coverage
LOG:B990, B991 — campaign Wave 2: X10 sharpened, X11 closed	PROGRESS_LOG.md	OTHER	Discipline registered after violating it three times: never mutate the tree while the suite is running — three ~57-minute runs voided by regenerating the atlas mid-run
LOG:B992 + Wave 2 close — X12 settled by computation, X9 was alr	PROGRESS_LOG.md	ABSENCE_CLAIM	The ladder listed X9 as an open HOLE the day after B978 closed it — 'the ladder is not exempt from the failure it exists to prevent'
LOG:B993, B994 — the cornerstone is generic; the cascade's endpo	PROGRESS_LOG.md	OTHER	Framing error recorded: 'if many rules land on the SM, the rule is doing the landing' was backwards — many rules landing means the endpoint is robust, not that the rule chose it
LOG:B995 — the census ran as sealed, returned A, and its own con	PROGRESS_LOG.md	FITTED_VALUE	Sealed A adjudicated non-discriminating after the fact — 'converting A to B by fiat would be the post-hoc rescue the seal exists to prevent, in the mirror direction'
LOG:B999 — the relay-debt gate: branch protection preserves file	PROGRESS_LOG.md	OTHER	'The 30% negative rate is the programme's real signature — it kills its own results at a rate few programmes match'
LOG:B1000 + B1001 — four sectors, five closings; and the first f	PROGRESS_LOG.md	OTHER	B1001: 'the third time today a gate fired the moment a boundary was crossed — and the first time the boundary was counting past 999'
"LOG:B1002 — B997's owed check discharged, and ""conductor"" turns "	PROGRESS_LOG.md	OTHER	Terminology collision registered: 'conductor' means two different things and any future arc must say which
LOG:B1004 — the B500–B800 sweep: a retracted clause live in five	PROGRESS_LOG.md	OTHER	THE PATTERN: three gates were told to look away today, each for a defensible reason, and each exclusion cost something (B982, B967, B999) — rule adopted that any gate exemption must name what it would cost if wrong
LOG:B1006 — the object's own spectral value is not low-degree al	PROGRESS_LOG.md	ABSENCE_CLAIM	the banked '51st percentile of random spectra' was absence of evidence, not evidence of absence, and nobody had joined those two facts until now
LOG:B1007 — the instrument already existed; this arc's own cost 	PROGRESS_LOG.md	OTHER	'Rebuilt without being read: the ninth instance this session of grepping claims instead of reading code'
LOG:B1008 — the atlas is blind in an epoch, and the blindness is	PROGRESS_LOG.md	OTHER	'The last banked arc shipped with this lock red' — a lock ships red and the atlas's reliability is epoch-dependent, weakest where the programme now is
LOG:B1010 — the consolidation-loss audit: the owner was right ab	PROGRESS_LOG.md	ABSENCE_CLAIM	the κ-unification cited zero times in LAW_MAP and THE_FRAMEWORK contained zero κ, despite it deriving the matter face
LOG:THE WHY CAMPAIGN's first two cells (Lanes I-1 and III-1) — B	PROGRESS_LOG.md	OTHER	In-arc correction: the first compute printed EMPTY/blocked; the sealed pricing machinery (B1026 N3/N4/N5) refuted it
LOG:B1030 — the price-lock verified; the input floor quantifies 	PROGRESS_LOG.md	OTHER	One defect found in the incoming lock: item 1's in-place divisibility assertion is unfailable at length-weight 1 — the vacuity control exercises the frame, not the instance
LOG:THE FRONT DOOR refreshed (cc3's proposal, owner-directed, ap	PROGRESS_LOG.md	ABSENCE_CLAIM	eleven load-bearing documents were formerly absent from the index
LOG:THE FIELD MASTERPLAN opens: W1 banked as B1067 (the ray-clas	PROGRESS_LOG.md	ABSENCE_CLAIM	K's CLASS GROUP OPEN (p1(953) principality undecided)
LOG:The corrections bank: two audit-seat catches verified and la	PROGRESS_LOG.md	OTHER	An error stood in the corpus for 13 days: reading a MODEL invariant as a FIELD invariant
LOG:(ninth bank through eighth-plus-later, single-header span) B	PROGRESS_LOG.md	IDENTIFICATION_BY_TYPE	C1/C0=11π/(36√3) vs solar angle sin θ12 (0.025% coincidence) explicitly dismissed on look-elsewhere/no-instrument/found-by-scan grounds but recorded as a near-miss
LOG:(ninth bank through eighth-plus-later, single-header span) B	PROGRESS_LOG.md	OTHER	B1145: 'the generation's seat closes' explicitly flagged as the programme's THESIS reading, not a theorem — three generations NOT proved
LOG:B1172 — THE TRIGGER + THE BACKLOG + THE REGISTER	PROGRESS_LOG.md	OTHER	E51: THE RETENTION-GAP EVENT — nine relay FILES lost from the tree on no reachable branch; the ledger preserved rows, nothing preserved the untracked files
LOG:Review 50 — the decadal review over B1156–B1173; the carry-l	PROGRESS_LOG.md	OTHER	the carry chain leaked while green across two reviews before the gate caught it
LOG:B1184 — THE QUINE SYNTHESIS: SELF-NAMING WITHOUT SELF-SIGNIN	PROGRESS_LOG.md	ABSENCE_CLAIM	the register's 'QP-1 open' was stale — B762 had already run the quine and proved it
LOG:B1187 — L187 CLOSED: the depth-closure sitting; the verifier	PROGRESS_LOG.md	ABSENCE_CLAIM	"""none executed"" was stale — B767 had already stabilized B489 and TOMB-L255"
LOG:B1188 — THE GRAND-COMPUTATION RETRIEVAL — Phase 0 of the obs	PROGRESS_LOG.md	ABSENCE_CLAIM	132 PROVED on-theme arcs absent from every live surface; the observer theory largely existed and was off-surface
LOG:B1194 — THE EXISTENCE AUDIT — the exact missing list, exhaus	PROGRESS_LOG.md	ABSENCE_CLAIM	THE COSMOLOGY LEDGER: dark matter / inflation / the initial condition — zero dedicated modern arcs, the named first move never made
LOG:B1199 — THE REGISTER READS + L188 CLOSED — a fourth finished	PROGRESS_LOG.md	ABSENCE_CLAIM	the 'buried live law' openness was stale — B775/B778 already banked the proof three weeks before the flag; fourth finished-but-forgotten instance, 'the class is systemic'
LOG:B1202 — THE ALREADY-BANKED CHECK — the finished-but-forgotte	PROGRESS_LOG.md	ABSENCE_CLAIM	the owner's standing instruction ('we don't have X' is never terminal) was violated four times: the quine (B762), L187's stabilizations (B767), the F2/F8 locks (B1003), R5's law (B775/B778)
LOG:B1207 — THE SLOW LANE'S FIRST FULL RUN, TRIAGED AND DISCHARG	PROGRESS_LOG.md	OTHER	THE METHOD FACT: 'a lock run against a moving repository measures the motion, and a long run moves the repository itself' — the slow lane sat unrun from its own creation until this bank
LOG:B1210 — THE PAPER-SPINE SWEEP — the spec was written from me	PROGRESS_LOG.md	OTHER	'A spine assembled from memory reproduces the memory, not the record' — the spec was drafted from the thesis as the seat holds it, not from the corpus
LOG:B1211 — THE DECLARATION GAP — the programme's newest theorem	PROGRESS_LOG.md	ABSENCE_CLAIM	seven of the eight most recent observer-layer results (B1182, B1183, B1184, B1192, B1196, B1200, B1203) sit on no registered synthesis surface; THEOREM_REGISTRY.md's last row was B1145
LOG:B1211 — THE DECLARATION GAP — the programme's newest theorem	PROGRESS_LOG.md	OTHER	'A gate that reads a self-declared field is only as good as the declaration — it is the seat's own judgement wearing a gate's uniform'
LOG:B1212 (2026-08-29): TWO REPLIES — the decisive datum does no	PROGRESS_LOG.md	ABSENCE_CLAIM	"""the decisive datum does not exist in the frames"" / ""the record does not contain the datum"" (title, lines 1,12)"
LOG:B1212 (2026-08-29): TWO REPLIES — the decisive datum does no	PROGRESS_LOG.md	OTHER	Owner confirmation of D2 payment status is an open governance item pending a binary owner decision.
LOG:B1213 (2026-08-29): THE CLAIM BASE REBUILT — the field the p	PROGRESS_LOG.md	ABSENCE_CLAIM	"""the field is ABSENT ENTIRELY on 919 of 1031 settled arcs — 89%"" (line 43)"
LOG:B1213 (2026-08-29): THE CLAIM BASE REBUILT — the field the p	PROGRESS_LOG.md	RETRACTION_OF_EARLIER_ENTRY	corrects B1211's fix as addressing only 'the rarer' failure mode, implying B1211's diagnosis was incomplete
LOG:B1214 (2026-08-29): THE `creates_law` RE-AUDIT — thirteen re	PROGRESS_LOG.md	OTHER	The 104 non-laws were classified from claim headlines only, not read in full — an acknowledged asymmetry ('sound for a negative call, poor for a positive').
LOG:B1214 (2026-08-29): THE `creates_law` RE-AUDIT — thirteen re	PROGRESS_LOG.md	CLAIM_WITHOUT_ARC	B1070 and B1073 are law-creating arcs with 'none at all' for a dedicated test lock — a reproducibility debt flagged in the registry itself.
LOG:B1215 (2026-08-29): THE CODEX TRANSCRIPT HARVEST — a registe	PROGRESS_LOG.md	OTHER	'B1175's wrapper re-runs nothing at all, echoing conclusions for certificates that live on codex's branch and are not vendored' — a fabricated/dishonest reproduce.sh discovered in the committed repo (line 125-128).
LOG:B1215 (2026-08-29): THE CODEX TRANSCRIPT HARVEST — a registe	PROGRESS_LOG.md	GITIGNORED_WITNESS	reproduce.sh wrappers asserting success without gating output — a witness/verification integrity issue across 4 of 52 wrappers.
LOG:B1216 (2026-08-29): THE PARAMETER-CLOSURE LOOP, RUN 1 — zero	PROGRESS_LOG.md	RETRACTION_OF_EARLIER_ENTRY	B1192/GC-16's supporting clause found MB12-vacuous; 'Second MB12-vacuity in a fortnight, both in supporting clauses rather than headlines'
LOG:B1216 (2026-08-29): THE PARAMETER-CLOSURE LOOP, RUN 1 — zero	PROGRESS_LOG.md	RETRACTION_OF_EARLIER_ENTRY	corrects B1215's A11 enumeration for missing (8,8)
LOG:B1216 (2026-08-29): THE PARAMETER-CLOSURE LOOP, RUN 1 — zero	PROGRESS_LOG.md	OTHER	C2 'claimed a theorem-shaped exhaustion while its sources say otherwise verbatim' — a claim contradicted by its own cited sources (B850, B721)
LOG:B1217 (2026-08-30): THE SEAT INTEGRATION — nineteen commits 	PROGRESS_LOG.md	GITIGNORED_WITNESS	'THE EVIDENCE-CONTRACT GAP... The extended run — the headline itself — is not reproducible as committed: vol_basis_extended.py contains the basis builder, only an unrelated staleness re-check carries the involves_regulator gate, and their memo names no path' (lines 227-230)
LOG:B1217 (2026-08-30): THE SEAT INTEGRATION — nineteen commits 	PROGRESS_LOG.md	ABSENCE_CLAIM	'15 of 22 pairs have no standalone reproducer' referenced in same integration context (later entry, cross-check)
LOG:THE PAPER — first draft lands and builds (2026-08-30)	PROGRESS_LOG.md	ABSENCE_CLAIM	'Every other section is an explicit [Not yet written] marker rather than filler.'
LOG:THE PAPER — the full draft is written (2026-08-30)	PROGRESS_LOG.md	ABSENCE_CLAIM	'Not submittable yet: no bibliography, no verification appendix, the 467-row disposition still unfed into §§4–6, and no hostile read.'
LOG:THE PAPER — currency pass: the draft was hostage to the olde	PROGRESS_LOG.md	OTHER	'The abstract was corrected to match, as it previously implied otherwise' — an acknowledged prior overstatement in the paper's own abstract.
LOG:B1218 — THE OPEN-CLAIM SWEEP (2026-08-30)	PROGRESS_LOG.md	OTHER	The instrument (open_claim_sweep.py) 'tripped its own lock on first run — fifth instance of the self-documenting class' — a recurring class of self-referential instrument bug.
LOG:Review 53 + THE PAPER's spine + Gate C (2026-08-30)	PROGRESS_LOG.md	OTHER	'THEOREM_REGISTRY +20 rows, none of them new proofs — theorems the corpus already held that no surface displayed' — surface non-propagation established as a named failure class.
LOG:Review 53 + THE PAPER's spine + Gate C (2026-08-30)	PROGRESS_LOG.md	ABSENCE_CLAIM	'doc_currency.py covers 19 of 169 documents (11%) — the staleness detector passing vacuously.'
LOG:2026-08-30 — THE PUBLICATION CAMPAIGN opened; B632 cell-2 co	PROGRESS_LOG.md	RETRACTION_OF_EARLIER_ENTRY	'cell 2 was said to be unrun; it ran 2026-07-15, PROVED, under a sealed prereg. Tenth E53 instance, propagated by this bench on the day the class was minted.'
LOG:2026-08-30 — B1219 CELL 0: the reverse sweep; the gate disch	PROGRESS_LOG.md	OTHER	'cross-process non-determinism from a PYTHONHASHSEED-dependent top-N truncation' — a reproducibility bug in the sweep instrument itself, caught before banking.
LOG:2026-08-30 — B1220 THE PREMISE AUDIT: campaign Cells 1–3 wer	PROGRESS_LOG.md	LOG_STRONGER_THAN_LIKELY	'B1196's verdict line contradicts its own GC-27 cell on λ (dated addendum)' — an internal contradiction within a single arc's own record.
LOG:2026-08-30 — B1220 THE PREMISE AUDIT: campaign Cells 1–3 wer	PROGRESS_LOG.md	OTHER	Stop rule 1b added: 'audit each cell's premise, don't only sweep for orphans' — a process correction after repeated staleness failures.
LOG:2026-08-30 — λ IS PLACED: external by theorem (owner re-prob	PROGRESS_LOG.md	OTHER	'The owner asked whether the cell had solved it and failed to bank properly' — a banking/documentation failure that hid an already-solved result.
LOG:2026-08-30 — codex Wave-8 hostile read dispositioned	PROGRESS_LOG.md	RETRACTION_OF_EARLIER_ENTRY	"'our propagated phrase ""the actual live generation computation"" is withdrawn; the generation/index question is OA-C0009.'"
LOG:2026-08-30 — codex Wave-8 hostile read dispositioned	PROGRESS_LOG.md	OTHER	Do-not-bank on cloud memo 156 (Gate D box dimensions are pixel artifacts; λ²=κ−2 fixes a Galois orbit, not a unique coupling) — preventive, never banked.
LOG:2026-08-30 — CELLS 4 & 5: the referee appendix, and §3's hos	PROGRESS_LOG.md	ABSENCE_CLAIM	'15 of 22 pairs have no standalone reproducer — stated in the appendix, not hidden.'
LOG:2026-08-30 — CELLS 4 & 5: the referee appendix, and §3's hos	PROGRESS_LOG.md	OTHER	'B1003's verdict line has the covering direction backwards' and 'the ledger's B998 lock-audit note is stale, asserting a gap B1003's own locks closed' — two internal record defects found in same pass.
LOG:2026-08-31 — THE SUBMISSION CAMPAIGN: S0–S5	PROGRESS_LOG.md	ABSENCE_CLAIM	'the paper's bibliography decorative: 12 of 13 bibitems never cited, invisible to the build because LaTeX does not warn on unused bibitems.'
LOG:2026-08-31 — B1226: THE β-ODD BOX	PROGRESS_LOG.md	IDENTIFICATION_BY_TYPE	'3/3 probes ever fired into box D demanded a continuous value from a bit-valued channel; 0/3 asked the bit. Their negatives measure the type mismatch' — a documented type-mismatch identification error across multiple prior probes.
LOG:2026-08-31 — B1226: THE β-ODD BOX	PROGRESS_LOG.md	OTHER	'is_isometric_to(mirror) is not a chirality test, and snappy's HP str() disagrees with float()' — two tool traps recorded.
LOG:2026-08-31 — B1227: ONE THEOREM, TWO REGIMES	PROGRESS_LOG.md	OTHER	'Novelty is claimed as consolidation, not discovery — and the arc's own test enforces that, so an upgrade to a discovery claim is a regression.' Explicit anti-overclaiming self-check.
LOG:2026-08-31 — B1228: S1 RUN (the schedule is a DAG)	PROGRESS_LOG.md	RETRACTION_OF_EARLIER_ENTRY	'Retracted in-session: σ = 1 is NOT established — the geometric CS action's boundary WZW is A1, and E6 comes from elsewhere. Verdict OPEN; the arc's own test reds the suite if anyone upgrades it.'
LOG:2026-08-31 — B1230: THE CONSISTENCY CAMPAIGN, RUN 1	PROGRESS_LOG.md	RETRACTION_OF_EARLIER_ENTRY	'C-5 → refuted B1229: c = 6 has four solutions, not one (at level 1, c = rank).'
LOG:2026-08-31 — B1230: THE CONSISTENCY CAMPAIGN, RUN 1	PROGRESS_LOG.md	OTHER	'The gate caught B1229 pairing Brown–Henneaux with (E6)_1 without stating L154's adjudication' — a gate catching an earlier arc's insufficiently-justified pairing.
LOG:2026-09-01 — B1231: THE IDENTIFICATION DISCIPLINE	PROGRESS_LOG.md	OTHER	'The instrument's recall limit is asserted in its own selftest: it would not have caught the error it was built for.' — a self-acknowledged limitation of the verification instrument itself.
LOG:2026-09-01 — B1231: THE IDENTIFICATION DISCIPLINE	PROGRESS_LOG.md	RETRACTION_OF_EARLIER_ENTRY	"'Anderson–Moore/Vafa is a physics-argument, unread, and does not automatically cover a CS boundary — B1229's ""robust core"" is not robust; fenced.'"
LOG:2026-09-01 — B1232: codex R031A/R031B verified here; three r	PROGRESS_LOG.md	RETRACTION_OF_EARLIER_ENTRY	three explicit retractions listed: σ∈ℚ as a reduction, k=1 from absence, and own C-2 Outcome B — 'I inferred a module structure from dim 4 = φ(12), the exact error B1231 names.'
LOG:2026-09-01 — B1233: the external audit	PROGRESS_LOG.md	IDENTIFICATION_BY_TYPE	'the observer-bit = class-group identification, dead by Galois — conjugation fixes √5, the class generator flips both. I-8 REFUTED.' A dimension/type coincidence identification found refuted.
LOG:2026-09-01 — B1233: the external audit	PROGRESS_LOG.md	OTHER	'Our own defect: a κ convention split between paper and frontier; harmonization owed.' Acknowledged unresolved internal inconsistency.
LOG:2026-09-01 — B1234: the walls trace to A6	PROGRESS_LOG.md	OTHER	'the κ collision row (five meanings, omitted from a register that covered five other symbols)' — a naming-collision omission found in the record.
LOG:# The decadal repo reviews — ledger (GOVERNANCE §11)	docs/progress/REVIEWS.md	ABSENCE_CLAIM	"""Markov blanket = 0 arcs, in no document — and it carries a conflation hazard, since the corpus is full of Markov TRIPLES, a different object"" (line 42-44, dated 2026-08-09 check)."
LOG:## Review 2 — 2026-07-04 (merges 11–25 from Review 1; the co	docs/progress/REVIEWS.md	OTHER	"""wrong-object errors caught on BOTH sides"" during three-seat verification (a genuine cross-check success, not a failure, but shows the verification process itself can err)."
LOG:# Review 3 — 2026-07-04 (merges #472–#482, the autonomous-mo	docs/progress/REVIEWS.md	OTHER	duel stall at 405 diagnosed to a real engineering trap (primes lacking ζ₈₁, silent floor-division corruption) — a computational-infrastructure bug, not a math error, but shows numeric results can be corrupted silently before detection.
LOG:# Review 6 — 2026-07-04 (merges #509–#521: the scrutiny + th	docs/progress/REVIEWS.md	OTHER	"""the killed prime filter's THREE return attempts each flagged and re-killed with banked witnesses"" — a refuted idea recurred three times before being permanently killed."
LOG:# Review 7 — 2026-07-04 (merges #522–#540: the reframe + the	docs/progress/REVIEWS.md	ABSENCE_CLAIM	"""the object self-generates no SM structure"" — the program's own strongest negative statement of the window (Review 7 verdict)."
LOG:# Review 8 — 2026-07-05 (merges #541–#557: the two torsions,	docs/progress/REVIEWS.md	OTHER	"""one process deviation logged: the B433 lock fix landed via a direct conflict-resolution merge to main"" — a governance-process bypass, disclosed."
LOG:## Review 3 — 2026-07-05 (the C3-wave review; caught a real 	docs/progress/REVIEWS.md	RETRACTION_OF_EARLIER_ENTRY	"B440's 5-vacua/golden-inversion claim was banked, then refuted by an independent from-scratch recompute — ""the defect would have propagated into C4"" if uncaught."
LOG:## Review 4 — 2026-07-05 (the C5/C4 review; the Child Progra	docs/progress/REVIEWS.md	OTHER	"""Honest note adopted: the τ_r(S³)=1 validation is structurally tautological ... and did not catch bugs — corrected in wrt.py + the FINDINGS"" — a self-flagged weak validation."
LOG:# Review 10 — 2026-07-12 (merges #631–#815: the decadal revi	docs/progress/REVIEWS.md	OTHER	"governance gap: ""the counter had been due since ~#640 because reviews 2026-07-08→07-12 were not being anchored here"" — reviews ran but were not recorded, a several-window gap in the review ledger's own mechanism."
LOG:## Review 14 — 2026-07-13 (merges #854–#867 from Review 13)	docs/progress/REVIEWS.md	OTHER	"reviewer wrongly ""corrected"" a correct value (chat-2's e₅=203) to a wrong one (204), only self-corrected after the owner questioned it — a case of an authoritative-seeming correction being itself wrong."
LOG:## Review 15 — 2026-07-14 (merges #869–#882 from Review 14; 	docs/progress/REVIEWS.md	OTHER	named hygiene item: B207 SnapPy flaky lock trips under full-suite load second consecutive review while passing standalone — unresolved test flakiness.
LOG:## Review 16 — 2026-07-14 (merges #884-#903 from Review 15; 	docs/progress/REVIEWS.md	RETRACTION_OF_EARLIER_ENTRY	"""The stale-θ contradiction ... B571's dossier still asserts the pre-correction 'the amphichiral involution IS θ, canonically' unqualified at THEOREM tier ... B571 merged before the T-θTANGENT correction and was never patched, and the same wording propagated into CHANGELOG and CAMPAIGN_STATUS adjacent to the corrected entry."""
LOG:## Review 16 — 2026-07-14 (merges #884-#903 from Review 15; 	docs/progress/REVIEWS.md	OTHER	"""OPEN_LEADS.md has zero registrations for the arc's entire open frontier"" — an open-item bookkeeping gap."
LOG:## Review 17 — 2026-07-14 (merges #904–#923 from Review 16; 	docs/progress/REVIEWS.md	OTHER	"""the #918 lock merged red (a process slip, owned) and fixed to 2/2 green in #919"" — a lock merged failing, violating the no-merge-without-green-locks rule."
LOG:## Review 18 — PRE-COMMITTED SCOPE ADDITIONS (registered 202	docs/progress/REVIEWS.md	ABSENCE_CLAIM	"""No external human collaborator, no peer review, no third-party verification has occurred."" (verbatim, owner-mandated sweep scope, 2026-07-14)"
LOG:## REVIEW 18 — EXECUTED 2026-07-15 (fired on the L85 resolut	docs/progress/REVIEWS.md	ABSENCE_CLAIM	same as Review 18's precommitted scope: this executed review formalizes the statement that all verification is internal, none external.
LOG:## REVIEW 20 — EXECUTED 2026-07-16 (the standard cadence; wi	docs/progress/REVIEWS.md	OTHER	"""B634: the prereg hash was NEVER recorded at sealing"" — the second instance of an omission class; hash recorded post-hoc."
LOG:## REVIEW 20 — EXECUTED 2026-07-16 (the standard cadence; wi	docs/progress/REVIEWS.md	OTHER	"""the window's records used 'the external audit' for the oaudit seat — an AI seat in a read-only clone: external to the session, INTERNAL to the project. This could read as third-party verification (the E10 class)."" — fixed by rephrasing + a PROVENANCE.md §0 paragraph."
LOG:## REVIEW 21 — EXECUTED 2026-07-17 (THE CONSTITUTIONAL PILOT	docs/progress/REVIEWS.md	OTHER	"explicit self-flagged PILOT CAVEAT: ""reviewer = author for much of this window; independence rests on the multi-seat receipt loop ... the exhaustive lock suite, and the exact artifacts, not on reviewer distance."""
LOG:## REVIEW 21 — EXECUTED 2026-07-17 (THE CONSTITUTIONAL PILOT	docs/progress/REVIEWS.md	FITTED_VALUE	"""the C2 design's 'unpublished by causality' was FALSE (JUNO's paper predated the seal by 8 months) ... both seats' '~9σ' separation tables were asserted-not-computed (actual: 0.88σ at 4/13)"" — an asserted-not-computed statistic corrected by actual computation."
LOG:## REVIEW 22 — EXECUTED 2026-07-18 (the second constitutiona	docs/progress/REVIEWS.md	OTHER	"E14 MINTED — ""B480's noise-band value — corrected with a dated FINDINGS edit""."
LOG:## REVIEW 22 — EXECUTED 2026-07-18 (the second constitutiona	docs/progress/REVIEWS.md	OTHER	"""chained shell commands crossing cd boundaries misplaced ledger appends four times this window"" — an operational error pattern named."
LOG:## REVIEW 23 — EXECUTED 2026-07-18 (the third constitutional	docs/progress/REVIEWS.md	OTHER	"Recurring class named: ""over-reading a generic feature as special"" (E15, E16) — both caught two-seat in-window."
LOG:## REVIEW 24 — EXECUTED 2026-07-19 (the fourth constitutiona	docs/progress/REVIEWS.md	OTHER	Hash-first provenance caveat: squash-merge workflow co-lands PREREG and FINDINGS in one commit, so seal-before-verdict is not independently git-provable per arc (disclosed, later fixed in Review 24-5).
LOG:## REVIEW 25 — EXECUTED 2026-07-20 (the fifth constitutional	docs/progress/REVIEWS.md	OTHER	"NEW class E18 minted: ""workflow-artifact provenance under degradation"" — a compute agent's _out.txt carried verdict text its committed script did not generate, and silently failed the h=3 control (auto-generated output ≠ its script) — caught by a skeptic and repaired."
LOG:## REVIEW 26 — EXECUTED 2026-07-20 (THE HONEST CLOSING — the	docs/progress/REVIEWS.md	OTHER	"""some banked negatives are malinformed"" — direct owner quote catching a reviewer error (E19: adjudication by cited negative)."
LOG:## REVIEW 26 — EXECUTED 2026-07-20 (THE HONEST CLOSING — the	docs/progress/REVIEWS.md	OTHER	"process slip disclosed: ""B729's findings commit landed DIRECTLY on main rather than via a feature-branch PR — a branch-state confusion during banking."""
LOG:## REVIEW 27 — EXECUTED 2026-07-21 (THE THREE-SEAT ERA — the	docs/progress/REVIEWS.md	OTHER	Nine forged workflow signals (journal-only result channel + disk-written verdicts + nonce probes) at cc3, all caught — countermeasures adopted.
LOG:## REVIEW 27 — EXECUTED 2026-07-21 (THE THREE-SEAT ERA — the	docs/progress/REVIEWS.md	OTHER	cc2's own-goal: 20 false lindep witnesses caught by its own exact cross-check (unbounded-coefficient false witnesses, proposed as a standing rule).
LOG:## Review 30 — 2026-07-24	docs/progress/REVIEWS.md	OTHER	"""LATIN forcing-overclaim caught and downgraded (B772-class); W3-082c false chord-positive caught (B773)"" — two overclaims caught this window."
LOG:## Review 31 — 2026-07-25	docs/progress/REVIEWS.md	OTHER	the θ-conflation appeared THREE times, most seriously in the merged chain link C21 — a recurring cross-cutting defect class.
LOG:## Review 31 — 2026-07-25	docs/progress/REVIEWS.md	OTHER	"E33 minted: ""cc over-applied the [verify-in-sandbox] rule and discarded a correct computation of its own in deference to an unverified cc3 refutation."""
LOG:## Review 32 — 2026-07-29 (THE VIEW-REFRESH REVIEW; window B	docs/progress/REVIEWS.md	OTHER	"""cc announced a congruence 'discrepancy' that never existed. E23 had dispositioned it; Chat-1 resolved it from banked data. cc handed another seat a non-problem."""
LOG:## Review 32 — 2026-07-29 (THE VIEW-REFRESH REVIEW; window B	docs/progress/REVIEWS.md	OTHER	8 unconditionally-passing tests found and repaired (R32-12), including a cross-seat check comparing two hand-typed copies of the same dict, and an F11 lock naming a directory that does not exist.
LOG:## Review 33 — the absorption review (anchor-commit: `c5dc95	docs/progress/REVIEWS.md	ABSENCE_CLAIM	"""It was mentioned in zero of WORKING_RULES, README, METHOD, PRACTICES."" (the atlas query.py oracle)"
LOG:## Review 33 — the absorption review (anchor-commit: `c5dc95	docs/progress/REVIEWS.md	ABSENCE_CLAIM	"""docs/views/REVIEWER.md was built this session and linked from nothing."""
LOG:## Review 33 — the absorption review (anchor-commit: `c5dc95	docs/progress/REVIEWS.md	OTHER	"""THE CHAIN's stated bar is 'exact statement + banked computation location + green lock'. Five links cited locks only in prose ... which no gate can verify and no reader can run."""
LOG:## Review 34 — the instrument review (anchor-commit: `8e605c	docs/progress/REVIEWS.md	OTHER	"""Not one failure was in the mathematics. Every one was in a tool used to survey it, and every one was caught the same way — by scoring the instrument against something already known."""
LOG:## Review 34 — the instrument review (anchor-commit: `8e605c	docs/progress/REVIEWS.md	OTHER	"""The only axis proved complete is the only one recorded in no instrument."""
LOG:## Review 35 — the correction lattice, and where my predicti	docs/progress/REVIEWS.md	OTHER	"""A lock pinned to a superseded literal tests the past, not the invariant."" — five locks re-anchored this window because they asserted on state legitimately changed."
LOG:## Review 35 — the correction lattice, and where my predicti	docs/progress/REVIEWS.md	OTHER	"""Two navigation documents exist under the same name, and the review that flagged the problem committed it."" (ROADMAP.md at root vs docs/ROADMAP.md, confused by the reviewer mid-review, caught by the views-fresh gate)."
LOG:## Review 35 — the correction lattice, and where my predicti	docs/progress/REVIEWS.md	OTHER	"""I generalised from a filename count without checking its composition — B819's own lesson, committed two arcs after writing it down."""
LOG:## Review 36 — my predictions failed 60 % of the time, in tw	docs/progress/REVIEWS.md	ABSENCE_CLAIM	"""There is no spectral paper."" Also a fabricated companion number repeated: ""43 eigenvalues to r = 13.5"" belonging to cc3's B792 (not in main); main has 17, to r = 9.84."
LOG:## Review 36 — my predictions failed 60 % of the time, in tw	docs/progress/REVIEWS.md	OTHER	"""B837's file-drawer lock caught ME creating a file-drawer entry — two commits after I wrote it."" First time a lock caught a NEW instance of the defect it was written to describe."
LOG:## Review 36 — my predictions failed 60 % of the time, in tw	docs/progress/REVIEWS.md	OTHER	three gates found fail-open by drift: atlas-lexicon-current (self-referential ceiling), log-changelog-paired (watched a file nobody wrote, timestamp froze), review-actions (regex stopped at first continuation line, reported 0 open items when there were 13).
LOG:## Review 37 — 2026-08-03 (merges 1–46 from Review 36; the S	docs/progress/REVIEWS.md	OTHER	"""B877's arc_verdict.json was missing — the banking chain died at a failing lock before the verdict step, and the successful retry skipped it."" Lesson: a multi-step banking chain retried after failure must re-run ALL steps, not resume from memory."
LOG:## Review 38 — 2026-08-05 (merges 1–30 from Review 37; the m	docs/progress/REVIEWS.md	OTHER	"""an invented 'COMPUTED' verdict was caught by the wellformedness suite and corrected to house vocabulary."""
LOG:## Review 38 — 2026-08-05 (merges 1–30 from Review 37; the m	docs/progress/REVIEWS.md	OTHER	"two infrastructure bugs caught by verify-don't-trust applied to own tooling: ""the B902 certificate save-path shadowing; the B904 unnormalized tensor store that silently dropped a bracket slot"" — silent data loss in a certificate/tensor store."
LOG:## Review 39 — 2026-08-05 (merges 1–24 from Review 38; the r	docs/progress/REVIEWS.md	OTHER	"""Both dead crossings were unlicensed grafts"" — cross-hemisphere structure transfers had been made without a citable license, only caught retroactively by the new Hemisphere Check rule."
LOG:## Review 40 — 2026-08-07 (merges 1–29 from Review 39; the c	docs/progress/REVIEWS.md	OTHER	"""A gate that binds only future arcs is not a standard, it is a mood."" — B922 had already banked ""the first 25-digit Maass eigenvalue on any hyperbolic 3-manifold"" (an unqualified priority sentence) before the O3 gate existed; the equivalent adversarial panel is dispatched but has not yet landed; ""until it lands, B922's sentence is flagged, not defended."""
LOG:## Review 40 — 2026-08-07 (merges 1–29 from Review 39; the c	docs/progress/REVIEWS.md	OTHER	"""a reproducibility bar measures the instrument's determinism, not the object's spectrum"" — B940's P3 control showed a two-Y reproducibility bar passed on pure instrument determinism at three decoy positions."
LOG:## Review 40 — 2026-08-07 (merges 1–29 from Review 39; the c	docs/progress/REVIEWS.md	OTHER	"""positivity was assumed a THIRD time this week, which is now a pattern rather than an incident"" (agents self-reporting failures)."
LOG:Review 41 — merges 22-42 from Review 40; the first review un	docs/progress/REVIEWS.md	ABSENCE_CLAIM	"""X31 Markov blanket — still 0 arcs, but a naive grep now returns 2: B984 and B988, the arcs that record its absence. Registering a gap creates hits for the gap, so the coverage measure self-inflates."" (docs/progress/REVIEWS.md, Review 41 §7c)"
LOG:Review 41 — merges 22-42 from Review 40; the first review un	docs/progress/REVIEWS.md	ABSENCE_CLAIM	"""Six instances of one error class — declaring absent what was already banked (B950, B976, B974, B979, B981) — five caught by the owner and the sixth by the protocol."" (Review 41, ""This window's character"")"
LOG:Review 41 — merges 22-42 from Review 40; the first review un	docs/progress/REVIEWS.md	LOG_STRONGER_THAN_LIKELY	The review states 'A document explaining the opt-out had opted itself out' about a doc-currency regex bug — framed with narrative flourish beyond the plain bug description.
LOG:Review 42 — 21 merges from ba43478a: the instruments window,	docs/progress/REVIEWS.md	ABSENCE_CLAIM	"""X1 — RE-GRADED SPLIT. B725 is cited in X1's own evidence column ... The rung read 'never asked' while citing an arc that asked."" (Review 42 §4)"
LOG:Review 42 — 21 merges from ba43478a: the instruments window,	docs/progress/REVIEWS.md	ABSENCE_CLAIM	"""X2 — RE-GRADED SPLIT ... B559 is a dedicated arc ... It was cited NOWHERE — not in the ladder, not in LAW_MAP.md."" (Review 42 §4)"
LOG:Review 42 — 21 merges from ba43478a: the instruments window,	docs/progress/REVIEWS.md	RETRACTION_OF_EARLIER_ENTRY	So the previously banked arc shipped with a red suite: test_b833 and test_b806 were both failing before this window's work began (Review 42 §3), meaning the state asserted by an earlier banking pass was wrong.
LOG:Review 42 — 21 merges from ba43478a: the instruments window,	docs/progress/REVIEWS.md	GITIGNORED_WITNESS	Not directly stated in this entry but the recurring theme (memory 51 arcs stale, 'nothing measures it') suggests reproduction artifacts outside the repo's tracked surfaces; flagged for downstream cross-check.
LOG:Review 43 — merges 1-24 from Review 42; the switch-verificat	docs/progress/REVIEWS.md	FITTED_VALUE	CLAIMS.md insertion deferred with the blocker named: CLAIMS.md is a declared currency debt (lag 176, B984) — placement into the promoted-claims surface postponed rather than resolved.
LOG:Review 43 — merges 1-24 from Review 42; the switch-verificat	docs/progress/REVIEWS.md	OTHER	B1030 openly declared unsealed (a verification arc — the compute ran before any arc existed, stated in its own header) — a process gap disclosed rather than hidden.
LOG:Review 44 — merges 1-25 from Review 43; the odyssey / plan-e	docs/progress/REVIEWS.md	ABSENCE_CLAIM	"""L159 (the gerbe question — the programme's central structure is a NON-NEUTRAL TANNAKIAN CATEGORY, cited zero times by a corpus owning B700_fiber_functor; reading-gated)."" (Review 44 §3)"
LOG:Review 44 — merges 1-25 from Review 43; the odyssey / plan-e	docs/progress/REVIEWS.md	OTHER	"New species registered: ""the sweeper gets swept"" — this bench dropped B704's √−7 leg, the audit seat amplified the dropped version as 'the most valuable single line' with zero greps, caught only when the B704 grep ran (Review 44 §4)."
LOG:Review 45 — merges 1-20 from Review 44; the pattern-campaign	docs/progress/REVIEWS.md	OTHER	"""The three-seat observation ... this bench's six, the relay seat's twelve, and the cloud seat's twenty-four are the SAME PROFILE — retrieval/channel/drafting, zero mathematics. The corpus's arithmetic holds; its record-keeping is where every seat fails, identically."" — a self-assessment worth flagging as a recurring systemic pattern, not resolved."
LOG:Review 45 — merges 1-20 from Review 44; the pattern-campaign	docs/progress/REVIEWS.md	CLAIM_WITHOUT_ARC	B1024's three amendment controls escalated by name as 'the oldest live PROVISIONAL banner' — two reviews stuck with no discharge yet in this entry (R45-9).
LOG:Review 46 — the sweep-and-audit window: nineteen rows to one	docs/progress/REVIEWS.md	RETRACTION_OF_EARLIER_ENTRY	"""B946's lock has asserted over four results.json keys its verify.py never produced, since B963, through every green suite ever pinned."" — a cached/fabricated-looking verification standing undetected across many prior 'green' reviews; classic GITIGNORED/CACHED VERIFICATION defect (E40-shaped)."
LOG:Review 46 — the sweep-and-audit window: nineteen rows to one	docs/progress/REVIEWS.md	ABSENCE_CLAIM	"""both seats had measured B1044's segment and called it the chain; the end-to-end documents were read whole the same day; the chain's question is COST, not novelty."" (THE COST RE-FRAME) — an owner-caught mischaracterization by both seats."
LOG:Review 46 — the sweep-and-audit window: nineteen rows to one	docs/progress/REVIEWS.md	OTHER	"New rule adopted from this collision: ""E-numbers for branch-coined classes are assigned at the digest port, never on the branch"" after E39 was independently coined twice the same day for different meanings."
LOG:Review 47 — merges 1-46 from Review 46; THE CROSSING WEEK + 	docs/progress/REVIEWS.md	OTHER	"""The window's governance headline: the owner caught this seat's one real over-fence (the cannot-seal ruling) — the run happened because they pressed."" — a self-disclosed instance of the seat overstepping sealing protocol, caught externally by the owner, not by internal process."
LOG:Review 47 — merges 1-46 from Review 46; THE CROSSING WEEK + 	docs/progress/REVIEWS.md	OTHER	"""B1071 v2's hash cell was MIS-TRANSCRIBED at write time (matched no version that ever existed; the file is git-witnessed unchanged since its creating commit; custody unaffected)."" — a load-bearing seal-ledger hash was simply wrong for a period."
LOG:Review 47 — merges 1-46 from Review 46; THE CROSSING WEEK + 	docs/progress/REVIEWS.md	LOG_STRONGER_THAN_LIKELY	"""THE SUCCESSOR QUESTION is the week's sharpest object: nature supplies the gauge"" — grandiose framing language layered atop what the entry itself describes as one MISS result plus two structural closures."
LOG:Review 48 — the decadal review (COLD), window B1100-B1134	docs/progress/REVIEWS.md	ABSENCE_CLAIM	"""One sub-threshold observation (no ARTIFACT_HASHES seal on B1126-B1132) is a pre-existing systemic gap (~93% of arcs repo-wide), not window-specific — not actioned."" (Review 48 §1) — a large fraction of the corpus's arcs are unsealed and this was explicitly not acted upon."
LOG:Review 48 — the decadal review (COLD), window B1100-B1134	docs/progress/REVIEWS.md	OTHER	B1119 promised an error-ledger entry that was never filed (procedural gap #a in the gate/error-integrity cold pass), only caught by this review's own cold audit.
LOG:Review 49 — merges 1-22 from Review 48; the phase-III-tail +	docs/progress/REVIEWS.md	GITIGNORED_WITNESS	"""cc3 named a third failure class: a lock that reads a gitignored file reports on the author's machine, not the code — on a clean checkout it fails, not skips. Five harvest-arc tests (test_b1147/1148/1149/1150/1153) read the gitignored verification/reproduce.log."" (Review 49 §3) — direct instance of the GITIGNORED_WITNESS pattern this seat is instructed to flag."
LOG:Review 49 — merges 1-22 from Review 48; the phase-III-tail +	docs/progress/REVIEWS.md	ABSENCE_CLAIM	"""The provenance debt (window-level). Both seams' codex gate-material lives off-branch and unversioned (~/oa-audit-seat/, not a git repo) — the verdicts were grounded in committed sources and do not lean on it, but this is a real single-homed debt (L181/L183)."" (Review 49 §5)"
LOG:Review 50 — merges 1-18 from Review 49; the masterplan loop 	docs/progress/REVIEWS.md	RETRACTION_OF_EARLIER_ENTRY	"""The review carry chain leaked twice while the gate stayed green: (a) R47 carried R46-6/7/11 '→ R47-10', but R47-10's content is a different item ... (b) R49 named none of R48-4/5/6/7/8/9/10 — seven carried items silently dropped."" (Review 50 §0) — a direct, named contradiction/gap between this review and prior review entries R47 and R49."
LOG:Review 50 — merges 1-18 from Review 49; the masterplan loop 	docs/progress/REVIEWS.md	OTHER	"""A vacuous own-check: B1163's family-wide addendum spot-checked amphichirality via SnapPy's isometry_signature, which returns amphichiral=True even for the chiral 5₂ — the 4/14 check was likely vacuous."" (Review 50 §2b) — MB12-class vacuity bug in a load-bearing spot-check."
LOG:Review 50 — merges 1-18 from Review 49; the masterplan loop 	docs/progress/REVIEWS.md	OTHER	"""E51, the retention-gap event (nine relay files lost; rows the only record)"" — a disclosed data-loss incident."
LOG:Review 51 — merges 1-17 from Review 50; the observer-layer c	docs/progress/REVIEWS.md	ABSENCE_CLAIM	"""The stale register beliefs: 'QP-1 open' (B762 had PROVED it) and L187's 'none executed' (B767 had run six) — both corrected in the banking arcs; the register-vs-record drift class is real and the reviews are its backstop."" (Review 51 §2f)"
LOG:Review 51 — merges 1-17 from Review 50; the observer-layer c	docs/progress/REVIEWS.md	OTHER	"""The sympy subs-on-non-Symbol bug printed a wrong V₄ table (B1174) — caught by HAND-CHECKING k=11 ... The buggy python insert whose success message lied (B1181)."" — two silent-corruption bugs producing wrong tables/messages before catch."
LOG:Review 52 — merges 1-20 from Review 51; THE GRAND COMPUTATIO	docs/progress/REVIEWS.md	OTHER	"""I first swept the wrong census (the 112-member shape-field family instead of the Dehn closings ...) and the corrected run then hit a vacuity trap (an empty census made all() return True and print 'MONOTONE' over nothing; caught only because the census size was printed alongside)."" (Review 52 §2a) — MB12-class vacuity bug recurring a third time by the log's own count."
LOG:Review 52 — merges 1-20 from Review 51; THE GRAND COMPUTATIO	docs/progress/REVIEWS.md	OTHER	"""A tiering slip the owner caught: batch 1 launched with all 15 agents inheriting the top model against the standing cost rule; stopped within a minute."" — a cost-control violation caught by the owner, not the process."
LOG:Review 52 — merges 1-20 from Review 51; THE GRAND COMPUTATIO	docs/progress/REVIEWS.md	LOG_STRONGER_THAN_LIKELY	"""cc3 RETIRED with a full wind-down"" and framing of convergence as 'evidence-grade rather than self-confirming' — strong epistemic claim resting on the two seats having run the 'same directive blind', which is asserted rather than independently audited in this entry."
LOG:Review 53 — merges 1-32 from Review 52; the window the recor	docs/progress/REVIEWS.md	RETRACTION_OF_EARLIER_ENTRY	"""Status exceeding evidence — one found and corrected. THE_ROAD Section IX priced the A2 stratum at ≈4.3 bits, the hypercharge direction at ≈4.17 bits, and the spin lift at 1 bit, all as free, against B1112, B1109+B1118 and B1141 respectively ... ≈8.5 bits of phantom freedom."" (Review 53 §3) — a direct contradiction between a standing document and already-banked arcs."
LOG:Review 53 — merges 1-32 from Review 52; the window the recor	docs/progress/REVIEWS.md	ABSENCE_CLAIM	"""E53 — Surface non-propagation. A result is banked, correct, findable, and cited nowhere it is needed: the arc closes a question and the live surfaces go on asserting it open ... Seven instances, one window."" (Review 53 §4, full definition)"
LOG:Review 53 — merges 1-32 from Review 52; the window the recor	docs/progress/REVIEWS.md	ABSENCE_CLAIM	"""L57's row asserting an open question that B364 (NEGATIVE) had answered, with three settled arcs bearing on it and none cited."" (Review 53 §4)"
LOG:Review 53 — merges 1-32 from Review 52; the window the recor	docs/progress/REVIEWS.md	OTHER	"""test_the_road.py asserted the literal string 'ten genuine open nodes'. L175 had been closed since 2026-08-21, so the test was enforcing the error and would have failed anyone who corrected it."" — a lock actively preventing correction of a known-stale fact (self-described as neither E38 nor E40, a new failure shape)."
LOG:Review 53 — merges 1-32 from Review 52; the window the recor	docs/progress/REVIEWS.md	OTHER	"""One E39 (verdict-before-certificate) instance this window, mine, disclosed rather than found. B1218 was pushed on the targeted gate set before the full suite finished; the suite then failed two tests ... Main was red for one commit."""
LOG:Review 53 — merges 1-32 from Review 52; the window the recor	docs/progress/REVIEWS.md	ABSENCE_CLAIM	"""Cannot certify: that the 45 remaining B1218 candidates contain no further lost lock ... and the ~973 PROVED/NEGATIVE arcs outside every screen remain unswept."" (Review 53 §2) — an explicit, large, acknowledged coverage gap."
TEST:tests/test_atlas.py	tests	OTHER	Comment admits floors were deliberately widened ('LOOSE SANITY BANDS') rather than re-fit to drift, e.g. trace_map floor moved 0.45->0.40 after crossing twice; author states this explicitly as a chosen laxity, not a hidden one.
TEST:tests/test_b1007_arb_maass.py	tests	SKIP_IN_CI	The exact-integer-moves and dual-lattice tests are skipped entirely when python-flint is not installed.
TEST:tests/test_b100_literature_crosscheck.py	tests	SKIP_IN_CI	Whole module's cross-checks are skipped if SnapPy is not installed on the bench.
TEST:tests/test_b101_hitchin_reframing.py	tests	LOOSE_TOLERANCE	inv < 1e-10 for invariance-to-machine-precision and off_V0 > 1e-3 for the cubic deformation witness.
TEST:tests/test_b1031_zeta23.py	tests	OTHER	Runs the identity check at a smaller N=1500 'in-suite' than the arc's own N=3000 run, explicitly noted in the docstring/comment as a suite-speed reduction.
TEST:tests/test_b1034_l154.py	tests	OTHER	The allowlist for test_v2_no_exhibit_adjudicated has grown repeatedly as new files 'legitimately' trip the lock by discussing/documenting it; the comment names this as a recurring pattern (four prior instances) and converts the growing list into a generic keyword exemption ('B1034' or 'drive-by' in body), which weakens the sweep's power to catch a real drive-by join that happens to mention the arc number.
TEST:tests/test_b106_dehn_filling_anatomy.py	tests	LOOSE_TOLERANCE	per_eigenvector_dev < 1e-6, commute_offdiag < 1e-6, scalar-c match tolerance 1e-3, |c^k|-1 tolerance 1e-3; comment notes the realized complex conjugate branch (c=+i vs c=-i) is LAPACK/seed-dependent and both are accepted via min(abs(...)).
TEST:tests/test_b1085_edge_observability.py	tests	LOOSE_TOLERANCE	Edge energy values matched to 2e-3 tolerance.
TEST:tests/test_b1087_charge_grading.py	tests	OTHER	Docstring states directly that the load-bearing heavy computation (JM triple solve) is NOT recomputed in this lock, only pinned from a stored JSON, because it is too heavy for the suite.
TEST:tests/test_b1089_matter_card.py	tests	SELF_REFERENTIAL_LOCK	test_card_synthesis calls _v('B1089') to fetch and check its own arc's claim_one_line text, i.e. the lock partly reads the arc's own output as both the source and the thing being verified.
TEST:tests/test_b108_theta_to_c.py	tests	LOOSE_TOLERANCE	c*c_dual match tolerance 1e-3.
TEST:tests/test_b1091_observer_card.py	tests	SELF_REFERENTIAL_LOCK	test_card_synthesis_and_campaign_state reads _v('B1091')['claim_one_line'] as the thing under test, i.e. the arc's own verdict text is both source and target.
TEST:tests/test_b1098_nonabelian_hatch.py	tests	SKIP_IN_CI	The one live-recompute test in this file (A2 triple relations + centralizer, the load-bearing verification) is skipped whenever the B1098_CERT_PATH env var is not set, which is the default in CI; only the stored-JSON check runs by default.
TEST:tests/test_b109_trace_map_dynamics.py	tests	LOOSE_TOLERANCE	Lyapunov match tolerance 1e-3; center-orbit bound check within 0.1 of 3.46.
TEST:tests/test_b1103_being_gate.py	tests	SKIP_IN_CI	The full 1364-word certificate sweep and the bench's independent zeta60 engine end-to-end verification both require OA_SLOW=1 and are skipped by default; only the 84-word length-3 fast case runs in normal CI.
TEST:tests/test_b1107_b1108_harvest.py	tests	SKIP_IN_CI	The only live recompute (b1107_verify.py full re-run) is gated behind OA_SLOW=1 and skipped by default; the rest of the file only reads stored JSON/markdown.
TEST:tests/test_b1113_tmeter.py	tests	SKIP_IN_CI	The only live recompute (b1113_tmeter_verify.py) is gated behind OA_SLOW=1; default CI only reads the stored JSON/markdown.
TEST:tests/test_b1114_lorentz.py	tests	SKIP_IN_CI	Only recompute test gated behind OA_SLOW=1.
TEST:tests/test_b1114_lorentz.py	tests	OTHER	"test_stored_layers_confirmed checks for the joint-centralizer dim via a disjunction of loosely-matching string forms ('""8""' or '"": 8' or 'dim=8' or 'joint' in the JSON dump) rather than parsing the actual field, which would pass even if the number were wrong as long as some 8-like or 'joint' substring appears anywhere in the JSON."
TEST:tests/test_b1115_spending.py	tests	TAUTOLOGICAL	Every assertion is a substring/text-presence check against one file the arc itself wrote (FINDINGS.md); no number or claim is independently recomputed or cross-checked against another source, so the test cannot fail unless the prose is edited.
TEST:tests/test_b1116_asymptotic.py	tests	SKIP_IN_CI	The only full numeric rerun is gated behind OA_SLOW=1.
TEST:tests/test_b1119_anomaly.py	tests	TAUTOLOGICAL	Purely text-presence assertions against the arc's own FINDINGS.md; nothing is recomputed.
TEST:tests/test_b1122_liftbit.py	tests	OTHER	prose/wording assertions against FINDINGS.md text, not numeric recomputation
TEST:tests/test_b1126_identification.py	tests	IDENTIFICATION_BY_TYPE	near-coincidence C1/C0 vs sin(theta12) explicitly examined and dismissed by the test itself, but the comparison methodology (ratio-to-SM-mixing-angle) is the same type-coincidence pattern flagged elsewhere
TEST:tests/test_b1129_naturalvalues.py	tests	IDENTIFICATION_BY_TYPE	Koide relation Q vs |det phi|=2/3 is a dimensionless-ratio numeric coincidence examined and dismissed by the test, but rests on the same bit-vs-value pattern
TEST:tests/test_b1130_twoended.py	tests	TAUTOLOGICAL	test_c3_numerator_factors_have_no_sqrt5_structure only checks that 53*79*173==724351, a fixed arithmetic identity that cannot fail regardless of the arc's validity
TEST:tests/test_b1134_simultaneous_closing.py	tests	SKIP_IN_CI	test_full_sweep_reproduces_OA_SLOW is the only test that actually reruns verify_simul_closing.py from scratch; it is skipped unless OA_SLOW=1 is set, so CI only ever checks the pre-baked JSON
TEST:tests/test_b1135_gauge_closing.py	tests	SKIP_IN_CI	test_full_sweep_reproduces_OA_SLOW (real recomputation) requires OA_SLOW=1; not run by default
TEST:tests/test_b1136_genericity.py	tests	SKIP_IN_CI	the only tests that touch the actual manifold (SnapPy spotcheck and full census) are conditionally skipped when snappy is absent or OA_SLOW unset; default CI run only checks the stored JSON
TEST:tests/test_b1137_regulator_probe.py	tests	SKIP_IN_CI	the actual expensive PSLQ search (test_full_grid_reproduces_OA_SLOW) is skipped by default; only the aggregation over pre-committed grids runs normally
TEST:tests/test_b1138_structural_completion.py	tests	SKIP_IN_CI	e7/e8 installment-ladder recompute only under OA_SLOW; most numeric claims (memo13/14/15) rest on stored JSON, only the fork ladder (memo11) is independently reproduced fast
TEST:tests/test_b1139_symmetry_point_table.py	tests	SKIP_IN_CI	only the fast arithmetic check (Fraction(3,8) from stored traces) runs by default; the exhaustive derivation that would independently establish the assignment is OA_SLOW-gated
TEST:tests/test_b1139_symmetry_point_table.py	tests	OTHER	sin2_theta_W=3/8 is explicitly labeled ASSUMED-NORMALIZATION in its own typing field -- the test locks the label as much as the number
TEST:tests/test_b1141_spin_payment.py	tests	SKIP_IN_CI	the actual SnapPy+symbolic+50-digit re-derivation only runs under OA_SLOW; default run only checks stored JSON
TEST:tests/test_b1142_lane_c_cusp_spectrum.py	tests	SKIP_IN_CI	the actual L-function zero computation only runs under OA_SLOW; default run only asserts on pre-computed JSON
TEST:tests/test_b1143_bl_fourth_cartan.py	tests	SKIP_IN_CI	the 72-assignment exhaustive search only runs under OA_SLOW
TEST:tests/test_b1144_adoption_audit.py	tests	OTHER	entirely a documentation/prose-consistency check across arcs; no numeric recomputation anywhere in the file
TEST:tests/test_b1145_sp2_fermion_seat.py	tests	SKIP_IN_CI	only OA_SLOW run actually rebuilds e6/27 and checks for 'SP-2 GREEN' in stdout; default run trusts stored JSON booleans
TEST:tests/test_b1146_seam_b.py	tests	SKIP_IN_CI	the e6 recomputation that verifies rho78(-I)!=I only runs under OA_SLOW
TEST:tests/test_b1147_clane_harvest.py	tests	SELF_REFERENTIAL_LOCK	test_reproduce_evidence_present only checks that the string 'REPRODUCES' appears inside the committed shell script text itself, not that running it actually reproduces anything at test time
TEST:tests/test_b1148_carrier_harvest.py	tests	SELF_REFERENTIAL_LOCK	test_reproduce_evidence_present again only checks the literal string 'REPRODUCES' is present in the committed script, not an actual re-run
TEST:tests/test_b1149_meridian_longitude.py	tests	SELF_REFERENTIAL_LOCK	test_reproduce_evidence_present only checks the literal string 'REPRODUCES' appears inside the committed reproduce*.sh script text, not that running it now reproduces anything
TEST:tests/test_b1150_yukawa_clock_and_family.py	tests	SELF_REFERENTIAL_LOCK	test_reproduce_evidence_present only checks the literal string 'REPRODUCES' appears inside the committed reproduce*.sh script text, not that running it now reproduces anything
TEST:tests/test_b1153_peripheral_and_superposition.py	tests	SELF_REFERENTIAL_LOCK	test_reproduce_evidence_present only checks the literal string 'REPRODUCES' appears inside the committed reproduce*.sh script text, not that running it now reproduces anything
TEST:tests/test_b1156_seam_a_gate2.py	tests	SELF_REFERENTIAL_LOCK	test_reproduce_evidence_present only checks the literal string 'REPRODUCES' appears inside the committed reproduce*.sh script text, not that running it now reproduces anything
TEST:tests/test_b1157_dynamics_null.py	tests	SELF_REFERENTIAL_LOCK	test_reproduce_evidence_present only checks the literal string 'REPRODUCES' appears inside the committed reproduce*.sh script text, not that running it now reproduces anything
TEST:tests/test_b1158_cloud_wave2_harvest.py	tests	SELF_REFERENTIAL_LOCK	test_reproduce_evidence_present only checks the literal string 'REPRODUCES' appears inside the committed reproduce*.sh script text, not that running it now reproduces anything
TEST:tests/test_b1159_mssm_debt_ledger.py	tests	SELF_REFERENTIAL_LOCK	test_reproduce_runner_committed_and_reproduces only checks the committed reproduce*.sh/output .txt contains the literal string 'REPRODUCES', not a live re-run
TEST:tests/test_b1160_hypercharge_forced.py	tests	SELF_REFERENTIAL_LOCK	test_reproduce_runner_committed_and_reproduces only checks the committed reproduce*.sh/output .txt contains the literal string 'REPRODUCES', not a live re-run
TEST:tests/test_b1161_frontier_sweep.py	tests	SELF_REFERENTIAL_LOCK	test_reproduce_runner_committed_and_reproduces only checks the committed reproduce*.sh/output .txt contains the literal string 'REPRODUCES', not a live re-run
TEST:tests/test_b1162_mssm_debt_closure.py	tests	SELF_REFERENTIAL_LOCK	test_reproduce_runner_committed_and_reproduces only checks the committed reproduce*.sh/output .txt contains the literal string 'REPRODUCES', not a live re-run
TEST:tests/test_b1163_w0_attempt.py	tests	SELF_REFERENTIAL_LOCK	test_reproduce_runner_committed_and_reproduces only checks the committed reproduce*.sh/output .txt contains the literal string 'REPRODUCES', not a live re-run
TEST:tests/test_b1164_cc_masterplan.py	tests	SELF_REFERENTIAL_LOCK	test_reproduce_runner_committed_and_reproduces only checks the committed reproduce*.sh/output .txt contains the literal string 'REPRODUCES', not a live re-run
TEST:tests/test_b1165_gravity_terminal.py	tests	SELF_REFERENTIAL_LOCK	test_reproduce_runner_committed_and_reproduces only checks the committed reproduce*.sh/output .txt contains the literal string 'REPRODUCES', not a live re-run
TEST:tests/test_b1166_charter_attack.py	tests	SELF_REFERENTIAL_LOCK	test_reproduce_runner_committed_and_reproduces only checks the committed reproduce*.sh/output .txt contains the literal string 'REPRODUCES', not a live re-run
TEST:tests/test_b1167_seat_harvest.py	tests	SELF_REFERENTIAL_LOCK	test_reproduce_runner_committed_and_reproduces only checks the committed reproduce*.sh/output .txt contains the literal string 'REPRODUCES', not a live re-run
TEST:tests/test_b1168_c5_investigation.py	tests	SELF_REFERENTIAL_LOCK	reproduce-runner check only greps the literal string 'REPRODUCES' inside a committed script/output file, not a live re-execution
TEST:tests/test_b1169_qualia_parity_synthesis.py	tests	SELF_REFERENTIAL_LOCK	reproduce-runner check only greps the literal string 'REPRODUCES' inside a committed script/output file, not a live re-execution
TEST:tests/test_b1169_qualia_parity_synthesis.py	tests	OTHER	arc content is philosophical/speculative ('qualia', 'awareness without choice') explicitly firewalled as non-load-bearing by its own results; test locks that the fence text exists, not any physics
TEST:tests/test_b1171_seam_harvest.py	tests	SELF_REFERENTIAL_LOCK	reproduce-runner check only greps the literal string 'REPRODUCES' inside a committed script/output file, not a live re-execution
TEST:tests/test_b1171_seam_harvest.py	tests	OTHER	the sha256 literal in the test has an unusual length (looks longer than a standard 64-hex-char sha256), worth checking for a typo
TEST:tests/test_b1172_lose_nothing_register.py	tests	SELF_REFERENTIAL_LOCK	reproduce-runner check only greps the literal string 'REPRODUCES' inside a committed script/output file, not a live re-execution
TEST:tests/test_b1173_digest_partial_close.py	tests	SELF_REFERENTIAL_LOCK	reproduce-runner check only greps the literal string 'REPRODUCES' inside a committed script/output file, not a live re-execution
TEST:tests/test_b1174_z2_identification.py	tests	SELF_REFERENTIAL_LOCK	reproduce-runner check only greps the literal string 'REPRODUCES' inside a committed script/output file, not a live re-execution
TEST:tests/test_b1175_charter_close_harvest.py	tests	SELF_REFERENTIAL_LOCK	reproduce-runner check only greps the literal string 'REPRODUCES' inside a committed script/output file, not a live re-execution
TEST:tests/test_b1176_record_surface_wave.py	tests	SELF_REFERENTIAL_LOCK	reproduce-runner check only greps the literal string 'REPRODUCES' inside a committed script/output file, not a live re-execution
TEST:tests/test_b1176_record_surface_wave.py	tests	OTHER	test_retro_verdicts_present_and_stamped only checks the literal marker string 'retro-authored' is present in each named arc's claim_one_line -- a bookkeeping/label check, not a scientific one
TEST:tests/test_b1178_l184_lazyfy.py	tests	OTHER	pure test-suite performance/tooling lock, not physics content
TEST:tests/test_b1179_outreach_and_papers.py	tests	OTHER	purely administrative/outreach-process lock, no physics content
TEST:tests/test_b1180_family_retraction.py	tests	SELF_REFERENTIAL_LOCK	reproduce.sh check only greps a literal marker string in a committed script, not a live re-run
TEST:tests/test_b1184_quine_synthesis.py	tests	SELF_REFERENTIAL_LOCK	reproduce.sh check only greps a literal marker string in a committed script, not a live re-run
TEST:tests/test_b1185_three_mechanisms.py	tests	SELF_REFERENTIAL_LOCK	reproduce.sh check only greps a literal marker string in a committed script, not a live re-run
TEST:tests/test_b1187_depth_closure.py	tests	OTHER	FINDINGS explicitly documents that a prior claim (B500's kill) reverses due to a corrected LOGIC ERROR and 'none executed'/'STALE' registration -- worth checking upstream arcs (B189,B500) for what got overturned
TEST:tests/test_b1188_grand_retrieval.py	tests	OTHER	ledger text itself flags an unresolved live contradiction ('B766's T7=T3') that is explicitly held for owner election rather than resolved -- the test locks that the contradiction is documented, not that it is resolved
TEST:tests/test_b1192_close_loop_batch4.py	tests	OTHER	test only checks substrings appear inside a stored 'evidence' text field, not that the matrix trace-invisibility claim is recomputed
TEST:tests/test_b1194_existence_audit.py	tests	OTHER	claim_one_line says 'EIGHT items' but the committed audit_cells.json the test reads has only 6 entries -- test asserts len==6, a possible discrepancy between the claimed count (8) and the committed evidence (6) worth flagging
TEST:tests/test_b1195_batch5a.py	tests	OTHER	test_cells only checks len(d)==5, not any of the 5 cells' actual claims or survive/refute status -- a weak lock
TEST:tests/test_b1196_batch5b.py	tests	OTHER	test_cosmology_ledger only checks the file exists and has more than 100 lines, not any content
TEST:tests/test_b1198_lee_retrieval.py	tests	OTHER	arc's own claim states the cited paper's mathematics was NOT read ('mathematics NOT read') -- an explicit provenance gap the test locks as honestly stated rather than resolved
TEST:tests/test_b1201_lee_verified.py	tests	OTHER	this arc's whole content is correcting/withdrawing B1198's earlier claim -- documents a correction cycle rather than establishing new physics
TEST:tests/test_b1204_forcing_shape.py	tests	OTHER	first assertion is a generic sympy identity unrelated to the arc's actual object; second half is a string-membership check on a stored verdict file (self-referential to the arc's own claim text)
TEST:tests/test_b1206_one_short.py	tests	SELF_REFERENTIAL_LOCK	test only reads stored JSON and checks internal consistency of numbers already written there; no independent recomputation
TEST:tests/test_b1208_harvest.py	tests	OTHER	stabilizer sweep explicitly restricted to n=2,3 'so the lock stays fast'; the claimed full n=2..6 sweep is asserted to live only in an unexecuted reproducer script, not verified by this test
TEST:tests/test_b1213_claim_base.py	tests	SELF_REFERENTIAL_LOCK	census/control/ratio numbers are read directly from the arc's own results.json with no independent recomputation in the test
TEST:tests/test_b1226_beta_odd_box.py	tests	SKIP_IN_CI	three of six tests depend on pytest.importorskip('snappy'); if snappy is absent in CI those tests silently pass-as-skipped rather than failing
TEST:tests/test_b1227_two_regimes.py	tests	SKIP_IN_CI	first test (the only numerically substantive one) skips silently if snappy unavailable
TEST:tests/test_b1228_s1.py	tests	SKIP_IN_CI	the one test with an actual manifold-derived computation (surj_count) skips if snappy absent
TEST:tests/test_b1232_three_columns.py	tests	OTHER	codex_certs_rerun.txt is read as a stored transcript, not regenerated by this test — the claim 'rerun not cited' rests on trusting that file's own provenance
TEST:tests/test_b1233_zai_audit.py	tests	OTHER	test comment itself flags a global-state precision hazard: module-level mp.mp.dps can be silently reset by another test module at import time, which the author worked around locally but did not fix at the source
TEST:tests/test_b1234_a6.py	tests	SKIP_IN_CI	both snappy-dependent tests (the actual census computation) skip silently if snappy is absent
TEST:tests/test_b1234_a6.py	tests	OTHER	try/except Exception: pass around the census loop silently drops failed manifolds from both tot and bt counts, which could mask systematic computation failures as a small base rate
TEST:tests/test_b125_snappy_arithmeticity.py	tests	SKIP_IN_CI	only the live-recompute test actually checks the arithmeticity claim against real number-theoretic computation; it skips without snappy+cypari, leaving only the hardcoded RECORD dict comparison (COMPARES_TO_STORED) as the fallback
TEST:tests/test_b128_symmetry_breaking_chirality.py	tests	SKIP_IN_CI	four of eight tests (the ones doing live manifold computation) skip silently without snappy, leaving only the hardcoded-table comparisons
TEST:tests/test_b129_sl3_tower_sealed.py	tests	LOOSE_TOLERANCE	offsublocus_search asserts max_dist_to_Q3 < 1e-4 while comment claims 'within ~1e-6' — the asserted tolerance is 100x looser than the comment's claimed precision
TEST:tests/test_b130_no_forced_choice.py	tests	OTHER	m=3,4 kappa-free claims are asserted as a hardcoded dict rather than recomputed at test time; the 80s-Groebner justification for skipping means this specific claim is untested here and its 'in-sandbox' verification is not independently reproducible by the suite
TEST:tests/test_b137_s031_sealing_m2.py	tests	SKIP_IN_CI	both tests (the whole file's content) skip silently without scipy
TEST:tests/test_b141_s031_split.py	tests	OTHER	test_phi_fixed_sl3_sample_all_reducible only checks a fixed small random sample (15 starts) finds zero irreducible cases; this cannot establish the general claim, only fails to contradict it on this sample
TEST:tests/test_b142_klein4_and_magic_cartography.py	tests	SKIP_IN_CI	trace_fields_sage test (arguably the most number-theoretically substantive) requires sage.all, unlikely to be present in ordinary CI
TEST:tests/test_b144_interaction_chirality.py	tests	OTHER	'most_are_chiral' is an unquantified probabilistic assertion over a sample whose size is not shown in the test itself
TEST:tests/test_b147_arithmetic_chiral_bundle.py	tests	SKIP_IN_CI	whole file (all 4 tests, the headline 'arithmetic chiral bundle' claim) is gated on cypari+snappy at import time
TEST:tests/test_b149_sl4_ideal_completeness.py	tests	OTHER	docstring explicitly states 'the Sage decomposition + F_p classification themselves are not re-run here' — two of five tests trust committed artifact files with no independent recomputation, i.e. a stranger cannot reproduce those two claims from this test alone
TEST:tests/test_b150_class_s_coincidence.py	tests	TAUTOLOGICAL	the test only checks that a hardcoded COMPARISON table (authored by the same codebase) is internally well-formed and that its own tags match expectations — it cannot and (per its own docstring) does not verify the underlying literature comparison claims themselves
TEST:tests/test_b151_firewall_confirmation.py	tests	TAUTOLOGICAL	per its own docstring, this test cannot and does not verify the papers' unit-assignment claims — it only checks that a hardcoded table built by the same codebase is well-formed and self-consistent
TEST:tests/test_b152_cs_amphichirality_census.py	tests	OTHER	census.json is a generated artifact read back, not recomputed by the test; if snappy is absent, only 2 of 3 tests run and the 240-manifold census itself is never regenerated/verified in this run
TEST:tests/test_b153_degree_rank_degeneration.py	tests	OTHER	the elaborate n=5 irreducibility search test itself notes explicitly that finding 'found_irr' depends on random search converging — a fragile numeric procedure asserted to always succeed with fixed seeds, not a guaranteed construction
TEST:tests/test_b154_silver_bundle_foundation.py	tests	OTHER	numeric checks are at a handful of hardcoded complex sample points rather than an exhaustive or randomized sweep; the exact fixed-locus decomposition (the arc's presumably central claim) is explicitly deferred to an un-run Sage script
TEST:tests/test_b155_golden_phase_bridge.py	tests	OTHER	test_invariant_form_signature_1_3_disc_minus15 searches a finite hardcoded grid of substitution values for a solution with nonzero determinant; if no grid point worked the test would just fail rather than exhaustively prove existence, but this is a minor concern since it did find one
TEST:tests/test_b156_omega_strict_full_cone.py	tests	OTHER	docstring explicitly limits scope: 'heavy reproducers...are not re-run here' — the full signature sweep and L5-L10 counts (likely load-bearing for any broader claim) are asserted elsewhere, unverified by this test
TEST:tests/test_b157_metallic_exponent.py	tests	OTHER	the grid dict used to refute the closed form is itself a hardcoded lookup table asserted (not recomputed) as ground truth by this test — it is COMPARES_TO_STORED for the grid values even though the identity checks are RECOMPUTES
TEST:tests/test_b159_omega_class_dag.py	tests	OTHER	the entire test file operates on committed CSV artifacts generated elsewhere; the actual from-scratch enumeration that produced those CSVs is explicitly not re-run by this test, so the L4-L10 counts are asserted, not independently reproduced here
TEST:tests/test_b168_generative_pass.py	tests	OTHER	the entire file's three tests operate purely on hardcoded sequences duplicated from B159's data rather than reading B159's committed CSVs or recomputing anything; a divergence between this file's hardcoded lists and B159's actual data would go undetected
TEST:tests/test_b169_isomonodromy_flow.py	tests	OTHER	the isomonodromy claim rests on a single random seed's RK4 trajectory rather than multiple seeds or an analytic bound
TEST:tests/test_b177_metabolism_test.py	tests	OTHER	test_kappa_is_conserved_not_starved silently resets the trajectory whenever it blows up (np.max(np.abs(p))>1e6), which could mask genuine divergence in some iterations rather than showing the invariant is truly always conserved
TEST:tests/test_b178_perturbative_mechanism.py	tests	OTHER	test_golden_amplification_heuristic hardcodes the numeric leads 8.9 and 1.46 as given facts from B176 rather than recomputing them in this test — a COMPARES_TO_STORED element embedded in an otherwise RECOMPUTES file
TEST:tests/test_b185_constraint_selection.py	tests	SKIP_IN_CI	snappy-gated test skips silently if snappy not installed
TEST:tests/test_b186_hyperbolicity_certification.py	tests	OTHER	thresholds (0.2, 0.05, 0.1, 0.04) are ad hoc cutoffs chosen to separate the three numerically-observed regimes, no derivation given
TEST:tests/test_b187_interacting_open_collective.py	tests	OTHER	only L=12, npart=2 exact diagonalization tested — small finite-size system, generalization asserted not shown
TEST:tests/test_b192_sln_higher_rank.py	tests	OTHER	this test explicitly documents refuting a prior claimed law (B192 self-corrects B166/original 'parity law'); the file comment flags it as CORRECTED 2026-06-23
TEST:tests/test_b196_entropy_conformal_dimension.py	tests	TAUTOLOGICAL	test_twist_field_dimension merely checks (1/4)**2==1/16, a hardcoded arithmetic identity unconnected to any computed physical quantity
TEST:tests/test_b197_figure_eight_volume_torsionfree.py	tests	SKIP_IN_CI	the volume-tie-breaking test (the actual headline claim) is entirely snappy-gated and silently skips without snappy
TEST:tests/test_b199_metallic_exponent_law.py	tests	OTHER	grid_summary.json is produced by a slow separate grid_driver.py not run by the test — the test only checks committed output, not a live recomputation of the grid
TEST:tests/test_b202_silver_avariety.py	tests	OTHER	reps.json is a pre-committed fixture; the test does not independently derive the reps, only checks properties of numbers already baked into the file
TEST:tests/test_b203_silver_components_classified.py	tests	OTHER	comps.json fixture not independently regenerated by the test
TEST:tests/test_b207_golden_breaking_and_scale.py	tests	SKIP_IN_CI	the volume-convergence test (heaviest computational claim) skips entirely without snappy
TEST:tests/test_b207_golden_breaking_and_scale.py	tests	LOOSE_TOLERANCE	comment explicitly states the Aitken limit estimate is only 'approaches ... NOT an identity lock', tolerance 0.05 -- test author flags this as not tightenable
TEST:tests/test_b210_dual_mckay_hyperbolic.py	tests	OTHER	the hyperbolic trace-field data (the geometric half of the claim) is imported as a hardcoded constant from a separate sage run, not recomputed here — the pyenv test only checks the McKay/group-theory half
TEST:tests/test_b211_metallic_faces.py	tests	OTHER	L31/L32 rely on data imported from geometric_limit_sage (recorded from a sage run, not recomputed live by this test)
TEST:tests/test_b213_higgs_side_periods.py	tests	OTHER	the elliptic-curve arithmetic invariants (period, L-value, regulator, Sha, Mahler measure) are all imported from higgs_periods module as pre-computed constants rather than derived in the test itself
TEST:tests/test_b220_golden_chain_cft.py	tests	OTHER	only small sizes N=12..20 are tested for speed; docstring explicitly notes 'the reproducer goes larger' -- this test does not itself demonstrate convergence at scale
TEST:tests/test_b222_golden_chain_operator_content.py	tests	LOOSE_TOLERANCE	R-sector test at N=17 accepts 0.78<g17<0.90 (~10% band) around the predicted 0.8, and only asserts trend-toward at N=21 rather than convergence within a tight tolerance
TEST:tests/test_b226_two_susy_bridge_L43.py	tests	TAUTOLOGICAL	tests assert substrings appear in a hardcoded VERDICT/REFERENCES string authored by the same codebase; this locks prose bookkeeping, not a derived physical result
TEST:tests/test_b231_nonsusy_chains.py	tests	LOOSE_TOLERANCE	test_ed_build_validates_on_tci accepts a wide band 0.6<c_large<0.85 around the target 0.70 as a 'validation'
TEST:tests/test_b232_plethysm_recursion.py	tests	OTHER	the fuller n=8 case is explicitly NOT run by the test (only via module __main__, not invoked here) — the committed test coverage stops at n=5
TEST:tests/test_b246_quantum_volume.py	tests	OTHER	docstring documents an E12 module-level-dps global-state leak bug across multiple B2xx test files that had to be worked around with save/restore fixtures — indicates prior test-suite state contamination between unrelated tests
TEST:tests/test_b252_chirality_obstruction.py	tests	OTHER	test_all_four_steps_verified asserts a flag b252.STEP3_BANKED_AS_H36 is True — this is a bookkeeping assertion that a claim was 'banked' elsewhere, not itself a computed check
TEST:tests/test_b253_chirality_capability.py	tests	OTHER	the representation-theory backbone data (complex-rep capability, min rep dims) is imported as a hardcoded module constant computed by an external Sage script, not recomputed in this pyenv test
TEST:tests/test_b259_gravity_brick_wall_map.py	tests	SELF_REFERENTIAL_LOCK	test_five_wall_map_is_one_theorem_not_all_walled and test_every_wall_has_an_open_reframing_or_framework check properties of a WALLS dict authored by the same codebase describing its own open-problem status — this locks the author's self-assessment prose, not an independently derivable fact
TEST:tests/test_b260_coulomb_branch_reframing.py	tests	SELF_REFERENTIAL_LOCK	test_reframing_is_honest_both_halves checks fields of a REFRAMING dict of self-assessed booleans ('improves_honesty_not_proximity') authored by the same repo — a rhetorical self-judgment locked as a passing test, not a computed physical result
TEST:tests/test_b265_e6_integrability.py	tests	OTHER	docstring notes the density computation is done in sage, described here only as 'recorded' data cross-checked pyenv-side; the test module comment flags it was masked in an earlier scan due to a shared dps leak from B264
TEST:tests/test_b266_surjection_asymmetry.py	tests	OTHER	the headline group-theoretic result (no surjection onto A5/2I) is computed by a separate GAP script not invoked by this pytest file — the test only checks pre-recorded counts, so a stranger running the committed test suite alone cannot reproduce the underlying GAP computation
TEST:tests/test_b268_e6_bridge_consolidation.py	tests	SELF_REFERENTIAL_LOCK	all three tests check properties of dicts (WALLS, SKIPPED, E6_BRIDGE) authored by the same codebase to track its own progress/status — this is process bookkeeping, not a physics or math computation
TEST:tests/test_b271_walls_3_4.py	tests	TAUTOLOGICAL	test_wall4_lift_candidates_enumerated only checks set-equality against a hardcoded list of the same 3 named options the module itself enumerates -- cannot fail unless the module's own list changes
TEST:tests/test_b272_verification_and_gaps.py	tests	SELF_REFERENTIAL_LOCK	all three tests check counts/labels in CONFIRMED/CORRECTIONS/GAPS dicts written by the same codebase describing its own adversarial-review outcome — the test cannot fail unless the module's self-report changes, it does not independently re-verify the 8 confirmed claims
TEST:tests/test_b273_e6_obstruction.py	tests	GITIGNORED_WITNESS	docstring states 'Heavy computation reproduced by sage-python e6_obstruction_modp.py' -- the actual heavy mod-p linear algebra is not run by this pytest file; the test only checks a pre-computed RESULT dict for two hardcoded primes, so a stranger running only the committed pytest suite cannot reproduce the underlying computation without separately running the sage script
TEST:tests/test_b274_smoothness.py	tests	GITIGNORED_WITNESS	docstring again states heavy computation is reproduced by a separate sage-python script (b274_smoothness_modp.py) not invoked by this test file -- same reproducibility gap as B273
TEST:/home/user/origin-axiom/tests/test_b276_zeta3_probe.py	tests	SELF_REFERENTIAL_LOCK	jones_sequence(3)[:3] == b276.ZETA3['seq6'][:3] compares module output to a constant stored in the same module.
TEST:/home/user/origin-axiom/tests/test_b278_wall_map_v3.py	tests	SELF_REFERENTIAL_LOCK	Asserts against WALLS/CRUX/E6_BRIDGE dicts defined as literals inside wall_map_v3.py itself, not independently computed.
TEST:/home/user/origin-axiom/tests/test_b283_selfgen_scoping.py	tests	SELF_REFERENTIAL_LOCK	states = {v[0] for v in b283.LEVELS.values()} reads a dict of hand-set verdict strings defined in the same module.
TEST:/home/user/origin-axiom/tests/test_b290_core_scale_ladder.py	tests	LOOSE_TOLERANCE	abs(float(coeff) - CORRECTION_COEFF_MEASURED) < 2e-3 comparing symbolic prediction to a SnapPy numeric measurement.
TEST:/home/user/origin-axiom/tests/test_b294_selection_verdict.py	tests	SELF_REFERENTIAL_LOCK	all_probes_pass() and the boolean flags are defined by the consolidation module itself, aggregating claims rather than independently recomputing them.
TEST:/home/user/origin-axiom/tests/test_b296_seam_arc_verification.py	tests	SELF_REFERENTIAL_LOCK	REDTEAM_VERDICTS, EXTENDED_CHECKS, NOVELTY dicts are literal data in the module under test being asserted against itself.
TEST:/home/user/origin-axiom/tests/test_b297_consolidation_v4.py	tests	SELF_REFERENTIAL_LOCK	WALLS/SEAM_ARC/MATTER_MAP/STOP_GATES are hand-authored consolidation dicts in the same module being asserted against themselves.
TEST:/home/user/origin-axiom/tests/test_b300_cross_chat_sm_attempt.py	tests	LOOSE_TOLERANCE	abs(b300.ldS_over_lP(3) - 0.3989) < 1e-3 loose relative to unstated precision of underlying formula.
TEST:/home/user/origin-axiom/tests/test_b301_chirality_filter_and_convergence.py	tests	SELF_REFERENTIAL_LOCK	SEATS/ALL_THREE_CONVERGE are declared inside the module being tested, asserting the module agrees with itself.
TEST:/home/user/origin-axiom/tests/test_b308_yukawa_last_redoubt.py	tests	SELF_REFERENTIAL_LOCK	Most asserted names (INTERGENERATION_HIERARCHY_FORCED, HIERARCHY_GATED_BY_GENERATION_THEOREM, etc.) are boolean constants set directly in the module, not derived from an independent calculation in the test.
TEST:/home/user/origin-axiom/tests/test_b319_b176_woven_vs_single.py	tests	OTHER	Standalone claim relies on 'reproduced: golden_privilege.py ALL CHECKS PASS' asserted as a stored boolean, not re-run by this test.
TEST:/home/user/origin-axiom/tests/test_b323_four_levels_adjudication.py	tests	LOOSE_TOLERANCE	abs(omega_circulant_ratio() - 0.145) < 0.03 is a ~20% relative tolerance band.
TEST:/home/user/origin-axiom/tests/test_b334_seam_hilbert_class_field.py	tests	LOOSE_TOLERANCE	0.4 < frac < 0.65 is a wide band around 0.5 used to argue 'coin flip, no SM content'.
TEST:/home/user/origin-axiom/tests/test_b349_irregular_covers_galois.py	tests	SKIP_IN_CI	pytest.importorskip('snappy') silently skips all tests in this file if SnapPy is not installed in the CI environment.
TEST:/home/user/origin-axiom/tests/test_b350_cyclic_cover_torsion_galois.py	tests	OTHER	Comment: 'nmax=5 in the lock (the n=6 brute-force count is ~100k lattice solves; the probe's __main__ still runs it)' -- the committed test intentionally does less than the full script.
TEST:/home/user/origin-axiom/tests/test_b352_cup_product_obstruction.py	tests	SKIP_IN_CI	test_full_obstruction_sweep_all_directions_unobstructed (the test that actually checks 'every class vanishes at second order', i.e. the banked B352 verdict) only runs when OA_SLOW=1 is set; default test runs only validate machinery, not the claimed result.
TEST:/home/user/origin-axiom/tests/test_b356_sigma_stability_scan.py	tests	SKIP_IN_CI	test_full_sweep_slow (the full 2T assembly count 71192/70262) is gated behind OA_SLOW=1 and does not run by default.
TEST:/home/user/origin-axiom/tests/test_b357_e6_boundary_restriction.py	tests	SKIP_IN_CI	test_all_six_blocks_slow, which actually checks the 'Lagrangian certified (rank 6/6)' headline claim, is gated behind OA_SLOW=1; default CI only checks m=1,4.
TEST:/home/user/origin-axiom/tests/test_b358_seam_certification.py	tests	SKIP_IN_CI	test_full_counts_slow (the full readout counts 49/44/49/0) only runs under OA_SLOW=1; default run only spot-checks a handful of (a,b) pairs from the committed JSON.
TEST:/home/user/origin-axiom/tests/test_b359_seam_form.py	tests	SKIP_IN_CI	test_full_regeneration_slow, which regenerates the banked tables from source and checks they match, is gated behind OA_SLOW=1; default run only checks the already-committed banked values against themselves.
TEST:/home/user/origin-axiom/tests/test_b360_seam_selection_rule.py	tests	SKIP_IN_CI	test_full_regeneration_slow (regenerating and re-checking the banked predictions from source) is gated behind OA_SLOW=1.
TEST:/home/user/origin-axiom/tests/test_b361_seam_local_law.py	tests	SELF_REFERENTIAL_LOCK	test_local_law_consistency_over_the_computed_range defines bright/dark sets and the qualifies() rule inline in the test itself, then checks its own rule against its own sets -- not an independent computation.
TEST:/home/user/origin-axiom/tests/test_b362_seam_law_confirmations.py	tests	SELF_REFERENTIAL_LOCK	test_law_at_eleven_pairs defines bright/dark/doubly_elliptic sets inline in the test and checks internal consistency of its own classification, not an independent recomputation.
TEST:tests/test_b367_step0.py	tests	SKIP_IN_CI	test_regenerate_smallest_pair_matches_banked skips unless OA_SLOW env var set; the from-scratch rebuild-vs-banked comparison never runs in default CI
TEST:tests/test_b370_massey.py	tests	LOOSE_TOLERANCE	class_norm < 1e-4*gates and readout_delta_scale window (0.9,1.1) are loose relative thresholds, not exact equalities
TEST:tests/test_b372_level45.py	tests	SKIP_IN_CI	the only test that recomputes run_level(45,...) fresh and compares to banked pair values is gated behind OA_SLOW
TEST:tests/test_b398_handoff_scrutiny.py	tests	LOOSE_TOLERANCE	test_s5_gate_verdict only asserts p_combined_family_corrected > 0.01 (an inequality gate, not a fixed value), described in comment as 'the binding rule: ensemble killed'
TEST:tests/test_b408_seam_hierarchy.py	tests	LOOSE_TOLERANCE	ratio bound 1.2<ratio<1.25 and 'abs(S[15]-1/48)>1e-6' gate; test comment states the point is recording a failure rather than a pinned value
TEST:tests/test_b416_tw2.py	tests	LOOSE_TOLERANCE	tolerance is 1e-3, comparing two entries from the SAME JSON file (void_jacobian_eigs vs banked_phi4_phi-4_1) -- both self-referential, not an external ground truth
TEST:tests/test_b421_atlas.py	tests	OTHER	for B416_tw2_dynamics the loop passes key=None so the loaded JSON is fetched but never actually asserted on -- 'complete' claim in the docstring is not fully checked for that destination
TEST:tests/test_b428_spin_walls.py	tests	TAUTOLOGICAL	test_involution_cascade's assertions (52+26==78, 36+16==52, 1+9+16==26, 36+9==45==10*9//2, (21+3)+28==52 and 52-14==38 and 38 not in (16,28)) are Python-integer arithmetic facts that cannot fail given the literal integers written; they encode known Lie-algebra dimension bookkeeping but do not test any computed frontier output
TEST:tests/test_b433_calibration.py	tests	OTHER	the sage-computed cofactor COF is a hardcoded literal in the test, not recomputed from calibration.sage at test time -- the test only checks algebraic consistency between two pasted polynomials, not that the sage run actually produces COF
TEST:tests/test_b446.py	tests	OTHER	docstring states the full battery incl. N=1215/2003/3645 is only run by frontier/B446.../pipeline.py directly, not by this test file -- those larger levels are unlocked by any committed test
TEST:tests/test_b447.py	tests	LOOSE_TOLERANCE	multiple statistical/randomized thresholds (b_rnd<0.35, b_gold in (0.4,0.9), Lyapunov mean<0.01) depend on RNG seed and loose bounds rather than exact reproducibility
TEST:tests/test_b448.py	tests	OTHER	test_orbit_tower_fields contains a vacuous check: 'sp.Integer(d).is_negative or abs(int(d)) % 5 != 0 or True' -- the trailing 'or True' makes that assertion unconditionally pass regardless of d, i.e. dead/tautological code inside an otherwise real test
TEST:tests/test_b451.py	tests	LOOSE_TOLERANCE	asymptotic rate window (0.42,0.48) is a wide band around a fitted slope, and the fit itself depends on an arbitrarily chosen K-window (10<=K<20)
TEST:tests/test_b457.py	tests	OTHER	lock is a substring match on subprocess stdout text rather than a structured value comparison -- fragile to any wording/formatting change in gates.py that would silently break or silently pass the check depending on phrasing
TEST:tests/test_b459.py	tests	OTHER	same subprocess-stdout-substring-match pattern as B457/B459 -- brittle string lock, not a structured data comparison
TEST:tests/test_b462.py	tests	OTHER	test_kappa_fork_sizes_match_b174 asserts degrees equal KD.BANKED_SIZES values read from the same module under test — the expected sizes are not independently stated in the test, only cross-checked internally.
TEST:tests/test_b468.py	tests	OTHER	test_crosstable_uniform_dark_and_continents is @pytest.mark.slow — marker present, may be excluded by default test selection (not verified whether CI runs -m slow).
TEST:tests/test_b476.py	tests	OTHER	The test only checks the sentinel string 'ALL CHECKS PASS' in subprocess stdout — the specific claimed dims (49/5/13) are not independently asserted by the pytest file itself, only inside the external script.
TEST:tests/test_b496_tm_endomorphism.py	tests	SELF_REFERENTIAL_LOCK	Tests assert bare booleans returned by verify_tm.check_* / q1_mixed_semigroup.* functions defined in the same frontier arc under test; the test file does not independently recompute the underlying algebra, so a bug in verify_tm that always returns True would pass silently.
TEST:tests/test_b497_monoid.py	tests	SELF_REFERENTIAL_LOCK	Most asserts are `assert V.check_X()` / `assert P.sandwich_...()` calling boolean-returning functions in the arc's own verify_monoid.py / phase23_run.py — the test does not independently recompute the claims, only calls the arc's self-check functions.
TEST:tests/test_b498_mixed.py	tests	SELF_REFERENTIAL_LOCK	All core asserts call V.<check_fn>() defined in the same B498 frontier arc — the pytest file trusts the arc's own verifier functions rather than recomputing independently.
TEST:tests/test_b504_b505.py	tests	OTHER	test_b507_beta_gates_and_zero uses a fixed RNG seed (41) and loose tolerances (<0.01) on Monte-Carlo means over 400,000 samples — a statistical, not exact, lock.
TEST:tests/test_b509.py	tests	OTHER	j-invariant values 148176/25 and 55296/5 are hardcoded without derivation or citation in the test file — an IMPORTED/asserted external fact, not computed.
TEST:tests/test_b511_d5.py	tests	LOOSE_TOLERANCE	test_d3_wild_dynamically_suppressed asserts c>0.8 and w<0.15 from a stochastic 2000x1500-step simulation (_D3.accessibility) — thresholds are loose and simulation-seed dependence is not shown/fixed in the test.
TEST:tests/test_b518.py	tests	LOOSE_TOLERANCE	test_B_mixed_chain_discriminator uses heuristic gap-detection thresholds (thr=0.03, near-match 0.01) on a finite-size (cap=6000) numeric spectrum — a qualitative/statistical lock, not exact.
TEST:tests/test_b519.py	tests	SELF_REFERENTIAL_LOCK	test_criticality_unification_structure asserts V.q1b_hand_proof_steps() from the B498 frontier module — reused verbatim as evidence for a different (B519) claim rather than independently re-derived.
TEST:tests/test_b520.py	tests	LOOSE_TOLERANCE	test_beta_zero_at_pointer_not_0764 uses a stochastic orbit-average (_g) with loose bounds (<0.02, >0.2) over finite seeds/orbits/steps — not an exact reproduction.
TEST:tests/test_b521.py	tests	OTHER	Docstring explicitly states heavier CS/eta, SL(3), DG claims are NOT locked here and are only cited on the audit's separate machine-checked run — an explicit absence-of-lock note worth sweeping.
TEST:tests/test_b522.py	tests	OTHER	Docstring states the deep Luna/Procesi/BCH step is cited (not locked here) on the audit's separate B503 write-up — an explicit scope-limitation to sweep.
TEST:tests/test_b524.py	tests	OTHER	test_sl3_ptolemy_brings_in_sqrt_minus7 hardcodes four SL(3) minimal polynomials attributed to a separate SnapPy computation (higher_ptolemy.py, cited as self-asserting in its own reproducer) rather than recomputing them here — an IMPORTED value from another script not run by this test.
TEST:tests/test_b528.py	tests	TAUTOLOGICAL	Both asserts are pure arithmetic on hardcoded small integers (N=2,c=1; K in {2,3,4,5}) with no external computation or import — cannot fail given the inputs stated in the file itself.
TEST:tests/test_b529.py	tests	OTHER	test_golden_angle_coin_not_robustly_golden_specific uses random.seed loop over seeds 5-14 (10 trials) with threshold beats<10 — a fixed small trial count for a claim about generic statistical behavior.
TEST:tests/test_b530.py	tests	OTHER	File is exceptionally large (66 tests bundling ~30 distinct 'Movement' claims of the whole B530 arc into one module) — individual movement claims were not each separately itemized in this digest entry due to volume; flagged here for a follow-up closer read if any single movement is disputed.
TEST:tests/test_b531.py	tests	LOOSE_TOLERANCE	Nearly every assert in this file compares a freshly-computed numeric slope/ratio against a hardcoded decimal with tolerance 0.001-0.01 (e.g. abs(s9[0]-0.1914)<0.001) — these constants were themselves derived by the same numerical procedure being tested (fit-then-lock), not from an independent closed form.
TEST:tests/test_b532.py	tests	OTHER	_find_fp uses scipy least_squares with np.random.seed(seed) and up to 500 random restarts per call, `if result is None: continue` — tests silently pass over seeds where no fixed point is found (e.g. test_i1_fp_two_components only requires >=2 and >=3 hits out of 8 attempted seeds), so a partial failure to find fixed points does not fail the test.
TEST:tests/test_b534_b533_b120_harvest.py	tests	OTHER	Docstring explicitly states B534/B533 are proved-in-arc THEOREMs while B120 carries no proof tag and banks only as a LAW ('exact on every computed instance') — a strength distinction the seat should track.
TEST:tests/test_b538.py	tests	OTHER	test_jarlskog computes a real physical observable (Jarlskog invariant J≈3.08e-5) from hardcoded mixing-angle values with no citation of source (PDG?) — an OBSERVABLE-content test whose input provenance is unstated.
TEST:tests/test_b539.py	tests	OTHER	test_sm_no_match_at_1e3 hardcodes 19 real Standard-Model observable values (particle masses, alpha_s, weak mixing angle, CKM-like ratios) with no citation of their experimental source — this is the batch's clearest OBSERVABLE-content test (comparing the thesis's algebraic catalog against real measured SM parameters), and its numeric inputs' provenance is unstated.
TEST:tests/test_b547.py	tests	SELF_REFERENTIAL_LOCK	test_markov_triples_realize, test_4_4_16_is_proved_all_hyperbolic_ghost, and test_small_ghosts_confirmed all call classify()/slot_realizable()/all_hyperbolic() defined in the arc's own frontier/B547_ghost_scanner/scanner.py — the classification logic under test is not independently re-derived here.
TEST:tests/test_b549.py	tests	OTHER	test_cosmic_ratios_null tests two bare numeric literals (5.3643, 6.12) labeled only 'cosmic constants' with no identification of what physical quantity they represent or where they come from — provenance entirely unstated.
TEST:tests/test_b523.py	tests	OTHER	File explicitly documents and re-derives corrections of two prior errors (a broken 'handoff' substitution claimed to be an automorphism, and chat-1's wrong amphichiral involution J) — a good case of a lock catching an earlier mistake, not a red flag itself, but worth noting as evidence the lock chain is doing real work.
TEST:tests/test_b556_campaign2.py	tests	OTHER	docstring/comment makes an absence claim ('the 7/10 lock-on is REFUTED (documented negative, noise-limited)') that is not itself asserted in this file's tests -- only the c=1 control is asserted.
TEST:tests/test_b556_three_half_law.py	tests	LOOSE_TOLERANCE	test_asymptotic_constant_C uses tol 1e-3 on a numerically-iterated power-method sequence; acceptable given method but worth noting as a fitted-looking constant recomputed only to 3 digits.
TEST:tests/test_b558.py	tests	OTHER	test_weinberg_near_miss_is_2pct_not_significant hardcodes sin2W=0.23122 as an external physical input with no citation/provenance in-file (IDENTIFICATION_BY_TYPE risk: a numeric near-miss compared against a physical constant pasted as a literal).
TEST:tests/test_b559_blackhole.py	tests	SKIP_IN_CI	test_figure_eight_geometry_and_btz_dictionary silently skips when snappy is unavailable (importorskip), so the only OBSERVABLE-adjacent geometric lock in this file may not run in every CI environment.
TEST:tests/test_b561_l50_crux.py	tests	SKIP_IN_CI	the SnapPy-dependent geometric check (symmetry group order) is skipped if snappy is not installed; the two pure-arithmetic tests still run.
TEST:tests/test_b564_sl3_reducible.py	tests	OTHER	test_finite_order_A_forces_reducible_intertwiner is a hand-constructed 'minimal witness' at one specific mu=i rather than a general proof of the reducibility claim; the assert only checks that a chosen block-diagonal ansatz B has zero off-block entries, which is true by construction, not a derivation that ALL intertwiners must be block-diagonal.
TEST:tests/test_b565_campaign.py	tests	OTHER	test_f3_tower_conjecture_refuted_at_rung3 hardcodes an external census count (n=11255, k=1) as ground truth without recomputing the underlying census in this file -- an IMPORTED number treated as a fixed input to a binomial-tail calculation.
TEST:tests/test_b565_realform.py	tests	SKIP_IN_CI	test_snappy_gate (the only test tying the exact Lie-theory computation to the actual hyperbolic geometry via SnapPy) is skipped when snappy is unavailable; the exact-trace Lie-theory tests still run independent of the geometric input traces, which are themselves hardcoded rather than recomputed from the manifold in those tests.
TEST:tests/test_b565_triality.py	tests	OTHER	the lock is a string-match on subprocess stdout ('9 orbits, sizes {3: 9}') rather than a direct assertion on returned data -- fragile but does invoke the actual reproducer script (frontier/B565_gauge_behavior_campaign/verify_h1_triality.py), so this is a genuine (if brittle) RECOMPUTES rather than SMOKE.
TEST:tests/test_b568_c_symmetry.py	tests	SELF_REFERENTIAL_LOCK	the census table is not recomputed here; it is pasted as a literal (matching test_b560_cells.py's own computed value) and the test only checks an algebraic symmetry property of that literal -- if the underlying census in B560 were wrong, this test would still pass as long as the copied numbers are internally symmetric.
TEST:tests/test_b568_results.py	tests	TAUTOLOGICAL	test_aq2_latency_values asserts {0,1,2}==set([0,1,2]), which is a tautology against its own literal and cannot fail regardless of any underlying computation.
TEST:tests/test_b568_results.py	tests	OTHER	test_aq4_salience_exists compares a hardcoded 'recorded' salience dict against hardcoded thresholds with no recomputation in this file (docstring admits 'flow-verified in-campaign', i.e. verified elsewhere, imported here as literal).
TEST:tests/test_b570_c1.py	tests	TAUTOLOGICAL	the file's own docstring and test_j_squared_is_forced_nonneg_for_any_antilinear_map_on_a_line assert (and the docstring states outright) that 'J^2=+1 EXACTLY on every 1-dim line ... is a TAUTOLOGY of linear algebra ... carries ZERO exponent-discriminating information' -- an explicit, self-flagged tautological/null result, honestly documented rather than presented as a positive finding.
TEST:tests/test_b575_bridge_obstruction.py	tests	SKIP_IN_CI	the decisive lock of this arc ('Q==0 identically on H^1') only runs when OA_SLOW=1 is explicitly set; by default it is skipped, so ordinary CI/test runs never execute this ~6-minute computation.
TEST:tests/test_b576_deformed_closure.py	tests	SKIP_IN_CI	the decisive lock ('theta-odd motion forces full e6') is skipped in default test runs unless OA_SLOW=1 is set.
TEST:tests/test_b578_criticality.py	tests	LOOSE_TOLERANCE	assertions use tolerances like gF1<0.05, gF3<0.10, abs(EM)<0.05, abs(ED+2)<0.05, abs(kstar)<0.25 on Monte-Carlo-estimated quantities -- loose enough that a moderately biased or under-sampled estimator would still pass; this is a __main__-style script asserting at module scope (only run via `if __name__=='__main__'`, not decorated as pytest test functions), meaning pytest collection likely finds ZERO test_ functions here (main() is not itself prefixed test_ and is not auto-run by pytest).
TEST:tests/test_b578_criticality.py	tests	OTHER	the file defines a function main() containing all the assertions, guarded by `if __name__=='__main__': main()` -- pytest will not automatically discover or run this as a test unless something else imports and calls main(); as written this looks like it produces zero collected pytest tests despite being included in a tests/ directory (verify collection separately).
TEST:tests/test_b578_k3_degree6.py	tests	SKIP_IN_CI	both substantive tests in this file depend on cypari+snappy via importorskip and will be silently skipped in environments lacking those optional dependencies; only the trivial factorint(13) sanity test is dependency-free.
TEST:tests/test_b578_massey.py	tests	SKIP_IN_CI	the decisive third-order-obstruction-vanishes lock (correcting a previous nonzero numeric result) is skipped in default runs unless OA_SLOW=1 is set.
TEST:tests/test_b580_q1.py	tests	OTHER	docstring states this test file 'reconstructs the computation' because 'the Round-1 transcript banked Q1 with its artifacts uncommitted (agent worktrees)' -- an explicit absence/reproducibility gap being patched over, worth noting for the absence-claim sweep.
TEST:tests/test_b581_six_torsions.py	tests	OTHER	the file's own docstring states 'the full ~8-min recomputation is the reproducer six_torsions.py' -- this test file only reads and re-derives algebraic properties from an already-committed JSON results file (six_torsions_results.json), not from a fresh run of the underlying ~8-minute computation; the JSON is the load-bearing witness and is not regenerated by this test.
TEST:tests/test_b582_chiral_play.py	tests	OTHER	test_closure_dimension_is_full only checks the trivial arithmetic fact 72+6=78, and its comment says the actual load-bearing quantity (the G1-computed theta-odd-dial closure dimension) is 'banked, ROUND1_TRANSCRIPT #916' -- i.e. imported from a different session's transcript, not recomputed or read from any committed witness file in this test.
TEST:tests/test_b586_round3_handoff.py	tests	OTHER	PAIR_AMPS bank is a hardcoded dict with no derivation/citation in the test; compared only to values recomputed by the same stage() fixture (same code path), a partial self-referential check.
TEST:tests/test_b589_pair_amplitudes.py	tests	OTHER	BANKED values are hardcoded decimals with no citation of where they came from beyond 'B586' in the docstring; not re-derived from source in this file.
TEST:tests/test_b58_stage1.py	tests	SKIP_IN_CI	test_n4_recompute_dim_30 skipped unless RUN_SLOW=1 set
TEST:tests/test_b591_chord_manifold.py	tests	OTHER	test_branched_double_cover_snappy uses pytest.importorskip('snappy') — silently skipped if snappy is absent.
TEST:tests/test_b593_round4_hearing.py	tests	SKIP_IN_CI	test_v1_exact_symbolic_amplitude skipped unless OA_SLOW=1
TEST:tests/test_b598_lemma.py	tests	SKIP_IN_CI	entire module skipped (allow_module_level=True) unless OA_SLOW=1
TEST:tests/test_b598_p1.py	tests	SKIP_IN_CI	module-level skip unless OA_SLOW=1
TEST:tests/test_b598_step4a.py	tests	SKIP_IN_CI	module-level skip unless OA_SLOW=1
TEST:tests/test_b598_step4b.py	tests	SKIP_IN_CI	module-level skip unless OA_SLOW=1
TEST:tests/test_b598_step6.py	tests	SKIP_IN_CI	module-level skip unless OA_SLOW=1
TEST:tests/test_b598_step6.py	tests	OTHER	docstring documents a prior version (v1) computing this incorrectly (false nonzero) — a log-vs-code contradiction worth tracking, resolved by v2 per docstring.
TEST:tests/test_b598_step7.py	tests	SKIP_IN_CI	module-level skip unless OA_SLOW=1
TEST:tests/test_b598_step9.py	tests	SKIP_IN_CI	module-level skip unless OA_SLOW=1
TEST:tests/test_b598_steps35.py	tests	SKIP_IN_CI	module-level skip unless OA_SLOW=1
TEST:tests/test_b599_alg.py	tests	SKIP_IN_CI	module-level skip unless OA_SLOW=1
TEST:tests/test_b600_level_ladder.py	tests	SKIP_IN_CI	module-level skip unless OA_SLOW=1
TEST:tests/test_b603_isotropy.py	tests	SKIP_IN_CI	module-level skip unless OA_SLOW=1
TEST:tests/test_b604_rosetta.py	tests	SKIP_IN_CI	module-level skip unless OA_SLOW=1
TEST:tests/test_b607_charge_table.py	tests	SKIP_IN_CI	module-level skip unless OA_SLOW=1
TEST:tests/test_b608_rosetta_gsm.py	tests	SKIP_IN_CI	module-level skip unless OA_SLOW=1
TEST:tests/test_b609_sealed_values.py	tests	OTHER	test_e1_pins only reads a committed .txt output file (e1_output.txt) with string-match asserts; the heavy E1 computation itself is never actually executed by this test.
TEST:tests/test_b612_pairing_chirality.py	tests	OTHER	test explicitly expects nonzero returncode ('the sealed verdict is FAIL by design'); unusual pattern worth flagging even though intentional and documented.
TEST:tests/test_b622_silver_exterior.py	tests	TAUTOLOGICAL	Each assert is sp.simplify(expr)==0 on a purely algebraic identity in golden-ratio/sqrt terms with no external data — true by construction of the algebra, not an empirical or structural check of any arc output.
TEST:tests/test_b631_matrix_comparison.py	tests	SKIP_IN_CI	the 10^6-sample seeded-null reproduction test is skipped unless OA_SLOW=1
TEST:tests/test_b632_cell2.py	tests	SKIP_IN_CI	test_exhaustive_verifier (the actual mathematical recompute) is skipped unless OA_SLOW=1; other tests here only check stored transcripts/hashes
TEST:tests/test_b632_h1_27.py	tests	SKIP_IN_CI	test_full_rerun is skipped unless OA_SLOW=1; test_banked_output only reads a stored .txt transcript
TEST:tests/test_b637_part1.py	tests	SKIP_IN_CI	test_full_rerun skipped unless OA_SLOW=1; most sub-tests here read only committed .txt transcripts, not live recomputation
TEST:tests/test_b637_part1.py	tests	OTHER	test_part2b_resolved asserts a literal source-code string is present in b637_threeform.py — checks the code text, not its behavior.
TEST:tests/test_b638_b639.py	tests	OTHER	multiple asserted verdicts are themselves negative/failure results (e.g. 'no invertible +lambda intertwiner', 'mu-match False') pinned from committed transcripts, not live recomputation.
TEST:tests/test_b640_hearing_group.py	tests	OTHER	purely reads a committed .txt transcript; no live recomputation in this test file.
TEST:tests/test_b641_b642.py	tests	OTHER	purely reads committed .txt transcripts; no live recomputation.
TEST:tests/test_b643.py	tests	OTHER	purely reads a committed .txt transcript.
TEST:tests/test_b643_flip.py	tests	OTHER	most assertions read committed .txt transcripts rather than recomputing; only the hash check is a live computation.
TEST:tests/test_b644_mckay.py	tests	OTHER	FINDINGS.md text itself discloses 'sealing error, disclosed' and a NEEDS-SPECIALIST tag — an admitted provenance issue on this arc, worth surfacing to the absence/error sweep.
TEST:tests/test_b645_dial_law.py	tests	OTHER	underlying numeric values are regex-parsed out of B637's committed .txt transcripts rather than recomputed from source; the law itself is checked live on those parsed values.
TEST:tests/test_b646_wave2.py	tests	OTHER	'NEEDS-SPECIALIST' tag is asserted present in FINDINGS.md — an admitted unresolved item on this arc.
TEST:tests/test_b647_cell1.py	tests	OTHER	Very large exact rational constants (dA1, dA2, dR1, dR2, Y values) are typed directly into the test with no reference to where they were computed or a committed source file — an identification-by-type/no-witness risk for these specific numbers even though the surrounding algebra is checked live.
TEST:tests/test_b649_silver.py	tests	OTHER	test_stage3a_dimensions_banked and part of test_stage3bi_sigma_matrix read committed .txt transcript strings rather than recomputing.
TEST:tests/test_b651_wave3.py	tests	OTHER	FINDINGS.md is asserted to contain 'ERRATA' and a specific corrected value, and b646's FINDINGS.md is asserted to say 'DIED at r = 23' — both are admitted-error/discontinuation markers on these arcs.
TEST:tests/test_b652_gateb.py	tests	OTHER	purely textual/documentary assertions on markdown files, not a mathematical or numeric recomputation; effectively checks the gate documents are internally consistent and honestly labeled, not that any physics/math result is correct.
TEST:tests/test_b653_design.py	tests	OTHER	ADJUDICATION.md/ADDENDUM text explicitly documents this prediction's provenance was 'FACTUALLY WRONG' and license 'SPENT' — an admitted retraction on this arc, asserted present rather than hidden.
TEST:tests/test_b657_invariant_line.py	tests	OTHER	most assertions (test_w0a_conflation_refuted, test_w0b_one_per_block, test_w2a_silver_form_match) read pre-computed JSON fields directly rather than recomputing them; only test_w1_portal_rank5_block_diagonal does a live linear-algebra check, and even that reads the matrix entries from the same JSON it's checking.
TEST:tests/test_b658_order4.py	tests	OTHER	entire test file only string-matches against a committed .txt transcript; no code is executed to reproduce the underlying computation.
TEST:tests/test_b660_structure.py	tests	OTHER	three of four tests just read stored JSON verdict fields (DEGENERATE-INDISTINGUISHABLE, ZERO) without independent recomputation.
TEST:tests/test_b662_wave1.py	tests	OTHER	three of five sub-tests (cellA, cellE, cellB) only read stored verdict strings/fields from committed files.
TEST:tests/test_b662_wave2.py	tests	OTHER	test_cell_f_certificate_flags, test_cell_g_minimal_period, test_cell_h_fourth_wall_output only read stored JSON/txt fields without recomputation.
TEST:tests/test_b666_wave1.py	tests	OTHER	entirely string-presence checks against committed transcripts; no computation happens in the test itself.
TEST:tests/test_b666_wave2.py	tests	OTHER	entirely string/field-presence checks against committed transcripts and JSON; no computation happens in the test itself.
TEST:tests/test_b666_wave3.py	tests	OTHER	entirely keyword-presence checks against committed transcripts; no computation happens in the test itself.
TEST:tests/test_b669_track_h.py	tests	OTHER	h1_output.txt is asserted to record a FAILING control (False) from an acknowledged 'wrong-object first pass', preserved rather than deleted — an admitted methodological error kept on record for this arc.
TEST:tests/test_b670_anatomy.py	tests	OTHER	test_f4_dim52_verified_here reads the SOURCE TEXT of verify_f4_dim52.py as a string (checking '52' appears in the code) rather than executing it to verify the claim — a much weaker check than running the script.
TEST:tests/test_b672_miniwave.py	tests	OTHER	assertion is presence of substrings in a stored artifact, not a recomputation of the RR match
TEST:tests/test_b674_route1.py	tests	TAUTOLOGICAL	line 12: `assert ... or True` is unconditionally true regardless of the phi/golden check
TEST:tests/test_b685_terminal.py	tests	SELF_REFERENTIAL_LOCK	test_gswz_powers_of_three does not recompute anything itself; it asserts a sibling test file exists and names a function, guarding a replacement that lives elsewhere
TEST:tests/test_b68_exact_recursion.py	tests	OTHER	module docstring states the full order-2 non-existence check (exact_recursion.main()) is 'too slow for CI' and not run here
TEST:tests/test_b695_e3_close.py	tests	OTHER	the three sign values are hand-set literals, not derived from any computed L-function/Atkin-Lehner data in this test; the arithmetic consequence (eps=+1) follows trivially once they are fixed
TEST:tests/test_b696_golden_only.py	tests	SKIP_IN_CI	if os.path.exists(_SRC) is False the test body returns immediately with no assertion executed at all, and _SRC ('~/oa-seat-cc2/origin-axiom/...') is outside this repo -- in ordinary CI/clone environments this test silently passes vacuously
TEST:tests/test_b696_golden_only.py	tests	MISSING_TARGET	source data path is under an external '~/oa-seat-cc2/origin-axiom' clone, not under frontier/ in this repo
TEST:tests/test_b700_fiber_functor.py	tests	OTHER	the character-row data and FS-indicator values that anchor several of the identity checks are imported literals labelled 'sage-verified' rather than recomputed by this test
TEST:tests/test_b709_turok.py	tests	OTHER	docstring flags this test as replacing an earlier version whose spine ('turok_cpt_canonical == amphichirality_canonical') was a hardcoded-boolean self-comparison that could not fail (MB12-class); the current version computes fixed sets instead
TEST:tests/test_b70_symbolic_m_pinv.py	tests	OTHER	docstring states the full n=3 gate (m=1..7) takes ~8 minutes and is not run in this test; only a single m=2 fast check is locked
TEST:tests/test_b70_symbolic_m_unipotent.py	tests	OTHER	validation logic lives entirely inside the imported module's validate() function, opaque to this test file
TEST:tests/test_b711_two_z2.py	tests	OTHER	docstring notes the amphichiral-involution test was rewired 2026-07-22 after an earlier version hardcoded yg without consulting CURVE, making it true for any yg of the same real part (an MB12-class defect); now recomputed from the curve
TEST:tests/test_b714_spine.py	tests	OTHER	this file mostly re-asserts hand-picked summary numbers (17+9+1=27, 8%3!=0, rung ranges, arc-name-set disjointness) from other arcs rather than deriving them here; closest to a structural ledger-consistency check than a computation
TEST:tests/test_b715_native_gauge.py	tests	OTHER	the large adjoint-trace integers (37437270, 38799960) are inserted as literals with no provenance in this test; only their non-reality is checked, which any nonzero imaginary coefficient would satisfy
TEST:tests/test_b716_time_gap.py	tests	TAUTOLOGICAL	test_child_washes_out_the_being compares two identical hand-typed literal floats (0.98136883 vs 0.98136883) rather than computing each manifold's volume; cannot fail regardless of whether the underlying claim is true
TEST:tests/test_b717_observer_emergence.py	tests	TAUTOLOGICAL	test_child_washes_out_the_being again compares two identical hardcoded float literals (0.98136883==0.98136883), duplicating B716's non-computation
TEST:tests/test_b720_coupling_path.py	tests	OTHER	docstring explicitly states this test REPLACES an earlier label-lock (B828) that only asserted three hardcoded strings were pairwise distinct and could only fail by a literal-editing accident
TEST:tests/test_b723_observer.py	tests	OTHER	docstring notes the lam=1 collapse assertion used to be a literal self-comparison `{1}=={1}`; it is now built the same way as the lam=1/2 case, though the surrounding 'observer is a phase transition' and 'space is an inclusion' tests still rely on hand-labelled phase tuples rather than a computed phase transition
TEST:tests/test_b724_seeing.py	tests	OTHER	the tau-function values and the ggm/banked integer sets are inserted as literals with no derivation or citation in this test file
TEST:tests/test_b727_baserate.py	tests	SKIP_IN_CI	test_sister_m003_ties_m004_field_but_is_not_a_knot skips entirely (pytest.skip) if the snappy package is not importable in the CI/test environment
TEST:tests/test_b730_faces_cosmos.py	tests	SKIP_IN_CI	test_thurston_manifold_is_m004s_own_child_second_smallest_closed skips via pytest.skip when snappy is unavailable
TEST:tests/test_b735_emittance.py	tests	SKIP_IN_CI	both tests in this file skip outright via pytest.skip if snappy is not importable
TEST:tests/test_b736_abc.py	tests	OTHER	test_P3_zero_SM_parameters_reduced merely restates hardcoded zero counts (reductions=0 etc.) as the 'ledger'; nothing in the test computes these counts from the arc's actual claims, so it cannot detect if a future arc claims a reduction
TEST:tests/test_b737_candidate_zero.py	tests	SKIP_IN_CI	test_voice_residue_equals_2sqrt3_over_volume and test_humbert_cover_index_12 both use pytest.importorskip('snappy'), which skips them if snappy is unavailable
TEST:tests/test_b739_rigidity.py	tests	SKIP_IN_CI	test_residue_triangle_covering_invariant and test_single_cusp_single_channel both skip via pytest.importorskip('snappy') if unavailable
TEST:tests/test_b740_grid.py	tests	SKIP_IN_CI	test_amphichirality_shortcut_sample skips via pytest.importorskip('snappy') if unavailable
TEST:tests/test_b742_negatives_hunt.py	tests	OTHER	docstring explicitly labels test_b58_revival_sealed_recompute_reproduces a 'TRANSCRIPT-ASSERT FALLBACK (WORKING_RULES 7)': it checks a stored output file's hash and a substring rather than rerunning the underlying SL(4) computation, on the stated grounds that the full rerun takes minutes
TEST:tests/test_b747_b748_sweeps.py	tests	OTHER	docstring states the sweeps themselves 'run in the Sage env'; this pyenv test suite only locks the committed textual outputs and input-file integrity, not the sweep computation itself
TEST:tests/test_b754_p2_spectral.py	tests	OTHER	several tests (test_tomb_l277_golden_weld_census, test_tomb_l77_saddle_field's disc constants, test_face_irrelevant_wall7's hardcoded equal volumes) assert on literal numbers with no derivation shown in this file, functioning more as regression pins on values computed elsewhere than as recomputations
TEST:tests/test_b754_p2_spectral.py	tests	OTHER	docstring on test_b746_f11_golden_free documents that the PREVIOUS version of this test was vacuous twice over (counted matches then executed `pass` unconditionally, and referenced a nonexistent directory name so half its scan target was silently skipped) -- now repaired to actually assert
TEST:tests/test_b755_carried.py	tests	OTHER	test_verification_addendum_independent_algebra is a genuine from-scratch recomputation (via Fraction arithmetic) of the same coefficients that test_cell3_b685_gswz_gates_and_pure3 merely reads from cell3_out.txt, so the two together do cross-check, but the cell3/cell1/cell2 tests alone only compare to committed text
TEST:tests/test_b758_chain.py	tests	OTHER	this is a document-structure/pointer-integrity audit of a markdown ledger, not a mathematical recomputation; it verifies the ledger's own internal consistency and that cited lock files exist, not that the cited locks actually prove what the ledger claims
TEST:tests/test_b766_audit.py	tests	OTHER	docstring documents that the flip-vector tests used to be hand-typed literal-vs-literal comparisons (e.g. 'assert (0,0,1)==(0,0,1)') that could not fail regardless of the involutions' actual behavior; the current version derives every bit from computed objects before the cross-seat comparison
TEST:tests/test_b766_torsor.py	tests	OTHER	docstring states this file strengthens an earlier version (R31-4 audit) that had hardcoded the rank-3 flip vectors rather than computing them from generator action
TEST:tests/test_b768_audit.py	tests	TAUTOLOGICAL	test_row7_identity_exact and test_gamma5_inverts_monodromy in TestDiscriminators are byte-identical assertions of the same fixed algebraic identity (1-phi)**2 - 1/phi**2 == 0, given two different narrative names ('row7 identity' vs 'gamma5 inverts monodromy'); as an algebraic identity on the constant phi it is unconditionally true and does not discriminate between the two claimed interpretations
TEST:tests/test_b769_audit.py	tests	OTHER	test_theta_frame_aligned_with_c_frame asserts only nonzero-ness (re!=0, im!=0) then relies on prose comment to claim frame alignment; weak assertion for stated conclusion
TEST:tests/test_b770_census.py	tests	SELF_REFERENTIAL_LOCK	all facts are read from census.json itself (the artifact of record) rather than independently recomputed; the file's own internal consistency is checked but the census content is asserted, not re-derived
TEST:tests/test_b771_wave1.py	tests	SKIP_IN_CI	test_w3_119r_meyerhoff_oriented_mirror_pair pytest.skips when snappy is unavailable, so the SnapPy-dependent isometry/volume check may never run in CI
TEST:tests/test_b771_wave1.py	tests	OTHER	test_w4_084r_border_collar_depth and other wave-integrity tests read cell['upheld']/verdict fields from stored wave*_results.json rather than recomputing the underlying math
TEST:tests/test_b772_adequacy.py	tests	SELF_REFERENTIAL_LOCK	every assertion reads fields from the same audit_results.json it is meant to validate; no independent recomputation of the verdicts
TEST:tests/test_b773_chord.py	tests	SELF_REFERENTIAL_LOCK	test_w4_304c_upheld_overturn, test_oi146_fix_upheld, test_false_chord_positive_caught, test_chord_wave_shape all read verdict/upheld fields from chord_results.json rather than recomputing
TEST:tests/test_b774_chordpass.py	tests	SELF_REFERENTIAL_LOCK	test_stageA_structural_immune_majority and test_stageB_all_harden_zero_overturns read counts/verdicts straight from stageA_scan.json/stageB_results.json, the artifacts of record, without independent recomputation
TEST:tests/test_b775_phase2.py	tests	OTHER	Many *_shape tests (test_p2_wave1_all_upheld, test_p2w2_wave2_shape, etc.) assert counts/verdicts read directly from wave*_results.json rather than recomputing; this is COMPARES_TO_STORED layered inside an otherwise RECOMPUTES-heavy file
TEST:tests/test_b775_phase2.py	tests	OTHER	test_p2w4_z1_values_in_golden_ring / test_p2w6_z1r_* comment explicitly states an earlier version had SIX HARDCODED VALUES that were repaired to recompute from scratch (P2W6-Z1-r) -- evidence a prior lock was COMPARES_TO_STORED/fabricated and had to be fixed
TEST:tests/test_b776_b685.py	tests	OTHER	r7's exact value and denominator sequence are hardcoded literals with no derivation or witness file referenced in this test; provenance is asserted, not computed here
TEST:tests/test_b776_b685.py	tests	SELF_REFERENTIAL_LOCK	test_symprod_anchor_reproduced_through_105 and test_b776_both_upheld_no_reversal read fields from cell results.json
TEST:tests/test_b778_cleanup.py	tests	OTHER	test_clw4115_adjoint_fabrication_and_field_disjointness explicitly demonstrates a previously asserted number ('adjoint 7,815') was fabricated -- evidence of a caught false claim in this arc's history
TEST:tests/test_b778_cleanup.py	tests	SELF_REFERENTIAL_LOCK	test_w5139_genus_41_reproduced, test_h133_genuine_zero_hardens, test_cleanup_partial_shape read verdict fields from stored results.json
TEST:tests/test_b779_convergence.py	tests	OTHER	test_b779_roadmap_folded only checks that markdown files exist (SMOKE-level file-existence check), not their content
TEST:tests/test_b77_degree_rank_mechanism.py	tests	LOOSE_TOLERANCE	tolerances max(devs) < 1e-6 and |mean(cs)-target| < 1e-5 are numeric (float) tolerances rather than exact symbolic checks
TEST:tests/test_b780_gate.py	tests	OTHER	Docstring states the original 'gate' and its 8->4 halving were RETRACTED by B784 because classify() mapped signature tuples 'by definition' (tautological); this file is the repaired remainder
TEST:tests/test_b781_sister.py	tests	SELF_REFERENTIAL_LOCK	test_sister_residual_closed reads verdict/distinguished/homology fields from the arc's own results.json
TEST:tests/test_b782_c22.py	tests	TAUTOLOGICAL	File's own docstring: 'this file asserts a TAUTOLOGY — the regular action of any group on itself is free and transitive by construction, so these checks pass forever regardless of any change to the object'
TEST:tests/test_b782_c22.py	tests	SELF_REFERENTIAL_LOCK	test_c22_banked reads chain_link/verdict fields from the arc's own results.json
TEST:tests/test_b783_c23.py	tests	OTHER	Docstring self-corrects a prior version of this same test that asserted an ENTAILED/tautological restatement ('distinct signatures => only identity permutation preserves them') and calls it 'an L1/MB12 vacuity' -- evidence a previous lock in this arc was tautological and had to be replaced
TEST:tests/test_b783_c23.py	tests	SELF_REFERENTIAL_LOCK	test_c23_banked_from_wave1 reads verdict/upheld from wave1_results.json
TEST:tests/test_b787_interaction.py	tests	OTHER	JUNO benchmark 0.30902 is a bare literal with no citation/provenance comment in this file; docstring notes the arc's other 6 'doors' were MISSes and only this HIT plus two sub-results are locked here (OBSERVABLE-flavored constant compared against a physically named experiment, JUNO, but the value's source is unstated in-file)
TEST:tests/test_b790_maass.py	tests	OTHER	output.txt is a *.out/*.log-style witness file; if frontier/B790_maass_adjudication/output.txt matches the gitignored witness pattern this is a GITIGNORED_WITNESS risk (not verified in this pass)
TEST:tests/test_b791_weyl.py	tests	LOOSE_TOLERANCE	test_per_sector_budget_table uses tolerance 0.002 against literal 'claim' values, and several other asserts here use tolerances like 0.02, 0.05, 1e-2 -- loose relative to the exactness elsewhere in the suite
TEST:tests/test_b794_congruence.py	tests	SELF_REFERENTIAL_LOCK	test_cc_mod4_hint_reconciled_by_level_split reads pre-tabulated report fields directly from trace_norm_split.json rather than recomputing the trace/norm split itself
TEST:tests/test_b794_congruence.py	tests	OTHER	Docstrings document two prior naming/units errors in this arc's history (SL vs PSL confusion; trace-level vs norm-level conflation) now corrected -- evidence of prior incorrect claims that stood before repair
TEST:tests/test_b797_maass_harvest.py	tests	OTHER	Docstring: 'the eigenvalues are independently re-derived in B795' -- this file's own certification tests read eigenvalues from mode_count_certification.json rather than recomputing them; the actual solver output is IMPORTED here, not recomputed
TEST:tests/test_b797_maass_harvest.py	tests	OTHER	test_seventeen_certified_eigenvalues_and_the_drift_bound documents a prior absolute-vs-relative units error (cc reported '1.8x margin', corrected here to '~14.5x')
TEST:tests/test_b799_doors.py	tests	OTHER	test_cited_locks_actually_pass spawns a subprocess pytest run of other test files as part of this test -- unusual coupling, but strengthens rather than weakens the guard
TEST:tests/test_b805_forcing.py	tests	LOOSE_TOLERANCE	test_gaps_are_reported_not_hidden uses a wide band (n_off between 20 and half of total arcs) rather than an exact expected count, so substantial drift would still pass
TEST:tests/test_b806_lexicon.py	tests	LOOSE_TOLERANCE	test_concentration_is_bounded_by_the_lexicon_not_measured_from_the_corpus explicitly widened its own tolerance band (0.5-0.95) after the original 0.85 floor was breached twice (0.933->0.8845->0.8496), rather than the code/finding being re-derived independently; docstring calls this 'recorded, not defended'
TEST:tests/test_b806_lexicon.py	tests	OTHER	Multiple docstrings document a history of a floor being 'bumped' to survive contrary evidence for one prior instance (0.933->0.8845, described as legitimate re-derivation) but the test author explicitly flags that pattern as forbidden ('post-hoc rescue this repository forbids') while doing something adjacent (widening the band) for the second breach
TEST:tests/test_b808_empty_cells.py	tests	SELF_REFERENTIAL_LOCK	All three tests read fields (verdict, artifact, real, p_full) directly from null_test.json, the arc's own stored result, without recomputing the underlying statistic in this file
TEST:tests/test_b809_kappa.py	tests	SELF_REFERENTIAL_LOCK	test_kappa_meets_the_sealed_gate and test_the_two_disagreements_are_the_known_vocabulary_boundaries read kappa/n/disagreements straight from kappa.json rather than recomputing kappa from raw rating data (test_kappa_is_computed_not_asserted partially mitigates this by checking the formula, but on the same stored p_o/p_e, not raw ratings)
TEST:tests/test_b80_sl4_adproof.py	tests	OTHER	Docstring notes the FULL proof (build_jm.main(), CRT over Q[m]) takes ~2-3 minutes and is not run by this test; only fast, decisive pieces plus a read of the pre-recorded full-build artifact are locked
TEST:tests/test_b812_path_map.py	tests	SELF_REFERENTIAL_LOCK	All four tests read S/V/C/M/killed_by fields directly from the arc's own map.json rather than recomputing the axis classification
TEST:tests/test_b813_type_audit.py	tests	OTHER	test_the_three_mismatches_are_recorded and test_the_refutation_is_scoped_not_overread are pure string/substring-presence checks on prose (FINDINGS.md) -- they lock that certain words appear, not that any computation is correct; this is a text-presence assertion, not a mathematical or numerical lock
TEST:tests/test_b814_gate_d.py	tests	OTHER	Entire file is string-presence checks on markdown prose; no computation is performed or verified numerically in this test file -- it locks that specific sentences remain in the FINDINGS documents, not that the underlying obstruction-vanishing claim is correct
TEST:tests/test_b817_wave2.py	tests	OTHER	Docstring explicitly documents a scope flaw the run 'found in itself': kappa was measured on only PROVED/NEGATIVE ratings but used to license work that also covers OPEN/RETRACTED categories -- an acknowledged mismatch between the calibration's scope and its downstream use
TEST:tests/test_b818_retracted_rule.py	tests	OTHER	Docstring documents a prior false-positive failure mode of a narrower keyword screen (only RETRACT/WITHDRAWN) that mislabeled B192/B216/B90; the regex vocabulary was widened afterward to fix it -- evidence of an earlier over-eager or under-specified check being repaired
TEST:tests/test_b819_frame_gap.py	tests	OTHER	Docstring explicitly narrates that this lock's assertion direction FLIPPED over time (originally 'gap > 50' tripwire, now asserts the opposite 'gap < 60') as the underlying repo state changed -- a moving-target lock whose pass/fail meaning has been redefined at least twice
TEST:tests/test_b822_lexicon_gate.py	tests	OTHER	File docstring notes B822's own CEILING was later replaced by B823's triage registry because the ceiling was 'self-referential' -- an earlier version of this same gate mechanism was retracted for being unsound
TEST:tests/test_b824_charvar_motif.py	tests	OTHER	Docstring documents this exact test previously used an absolute threshold that 'fell through the floor on 2026-08-29 at 9.98%... without anything about the programme changing' -- i.e. a prior version of this lock produced a false regression signal from pure corpus growth and had to be redesigned as a ratio
TEST:tests/test_b826_b519_verdict.py	tests	OTHER	Nearly all assertions here are string-presence checks on markdown prose or cross-references to other test files' module-level constants, not numerical/mathematical computation
TEST:tests/test_b82_consolidation.py	tests	OTHER	File's own docstring calls this 'a documentation-integrity test' -- it checks that hardcoded Python data structures in probe.py contain expected string labels, not that any underlying math is correct; the labels (KNOWN/APPARENTLY_NEW/kill-list) are self-asserted by the same arc's own module
TEST:tests/test_b830_masterplan.py	tests	SELF_REFERENTIAL_LOCK	test_b731_revival_score_no_longer_contradicts_its_own_note and test_no_row_tops_the_revival_ranking_while_declaring_itself_retracted read revival_score/note fields directly from the arc's own kill_graph.json
TEST:tests/test_b831_retraction_targets.py	tests	SELF_REFERENTIAL_LOCK	All assertions read verdict/claim_one_line fields directly from the arcs' own arc_verdict.json / FINDINGS.md files; the docstring itself says 'The verdicts are read OFF the arcs, not invented' -- i.e. this test verifies self-consistency of authored text, not an independently recomputed fact
TEST:tests/test_b832_wave3.py	tests	OTHER	test_the_findings_reports_my_failed_prediction_and_the_execution_error checks that FINDINGS.md contains 'I was wrong' and a stated cost figure ('126') -- documents a self-reported prediction failure and hand-typing execution error in this arc's own history
TEST:tests/test_b833_negative_routing.py	tests	OTHER	Docstring documents B833's central finding as a UNIT-MISMATCH error in prior reporting: 'neither 66% nor 33.5% is the coverage of negatives' -- evidence a previous percentage claim in this campaign's history was invalid due to conflating kill-graph keys with arc ids
TEST:tests/test_b834_wave3b.py	tests	OTHER	Docstring: 'I wrote that down first and this lock caught it (B834)' -- documents that an incorrect coverage percentage (99.6% from the wrong denominator) was drafted and then caught by this very test before being corrected
TEST:tests/test_b837_file_drawer.py	tests	OTHER	Docstring/comments document that a prior 'exemption list' (this file's own earlier version) incorrectly claimed 12 arcs were audited as REPORTED when only 5 actually were, due to a NUMBERING COLLISION between two different arc-naming trunks (main vs audit-seat B501-B503) -- a substantive prior bookkeeping error now corrected
TEST:tests/test_b837_file_drawer.py	tests	OTHER	UNVERIFIED_EXEMPTIONS = {B473, B565, B570} is explicitly flagged as 'cited in successors; NOT line-checked -- a debt', i.e. an acknowledged unverified absence claim baked directly into the test's own logic
TEST:tests/test_b83_sln_apolynomial.py	tests	LOOSE_TOLERANCE	avariety_dev tolerance is 1e-7 (numeric, not exact symbolic) -- reasonable for a numerical Dehn-filling search but not an exact proof
TEST:tests/test_b840_loose_ends.py	tests	OTHER	test_b499_is_OPEN_because_it_never_ran documents an arc whose own verdict explicitly states its core computation 'never executed' -- an absence claim recorded in the arc's own verdict file
TEST:tests/test_b840_loose_ends.py	tests	OTHER	test_the_polish_is_no_longer_underdetermined greps source code for specific strings (e.g. absence of 'mp.nstr(z.real, 50)', presence of '...70)') to confirm a numerical-precision bug fix -- a source-text pattern check standing in for re-running the actual computation
TEST:tests/test_b842_faces.py	tests	OTHER	test_my_failed_prediction_is_recorded documents 'I underestimated the panel' in this arc's own FINDINGS.md -- a self-reported estimation failure
TEST:tests/test_b844_review_gate.py	tests	OTHER	Docstring documents that the OLD gate regex silently truncated blocks, causing it to report 0 open items where the true count was 13 -- a materially wrong governance-gate result that stood before this fix
TEST:tests/test_b844_review_gate.py	tests	OTHER	test_carried_items_state_WHY_they_are_carried's own docstring documents TWO successive defects in this same lock's own regex (first pinned to a literal 'CARRIED' string flagging valid-but-differently-worded items; second, a greedy ID-strip that ate an item's entire reason and then flagged it as reasonless) -- the lock itself was buggy twice before being fixed
TEST:tests/test_b845_spectral_inventory.py	tests	OTHER	Docstring/test names document that B845 originally found the JSON held only 6 of 17 certified eigenvalues from its own table -- a serialization bug that would have silently truncated the spectrum for any downstream reader before B846 fixed it
TEST:tests/test_b845_spectral_inventory.py	tests	OTHER	test_no_spectral_paper_exists and test_b792_is_NOT_in_main are both absence checks over the repo (grep for files matching certain name patterns) -- exactly the kind of 'no X exists' claim this seat is instructed to log verbatim rather than trust
TEST:tests/test_b848_handoff.py	tests	OTHER	Docstring: 'the bundle's headline (the arrow census) is a claim the sending seat got wrong four times, and its own record says every wrong version looked cleaner than the truth' -- documents that an incoming cross-seat claim was independently found wrong multiple times before this verification
TEST:tests/test_b848_handoff.py	tests	OTHER	test_main_carries_seventeen_eigenvalues_not_fortythree explicitly documents that 'four of the six handoff documents say 43' -- a materially incorrect count asserted repeatedly by the sending seat and refuted here (measured: 17)
TEST:tests/test_b848_handoff.py	tests	OTHER	test_symmetric_identity_is_true_and_has_det_plus_one / test_symmetry_does_NOT_imply_absence_of_arrow document a true identity (S A S^-1 = adj(A)) that was used to argue for the WRONG conclusion (no-arrow) in the handoff bundle -- a documented instance of a correct computation supporting an incorrect inference upstream
TEST:tests/test_b849_order_parameter.py	tests	OTHER	Docstring: the arc's 'first implementation' of the Cell-3 lemma was narrower than its own preregistration (checked CS==0 only) and test_the_narrower_test_would_have_failed explicitly locks that the narrow version is FALSE (m003 sits at pi^2/2) so it cannot silently regress -- a documented case of code initially implementing a weaker/wrong claim than what was preregistered
TEST:tests/test_b849_order_parameter.py	tests	OTHER	test_the_acting_group_step_is_declared_a_citation_not_a_computation explicitly guards that a load-bearing group-theoretic step (Gal(K^ab/K) acting) stays labeled as an unverified citation, with a comment 'P5 died from an unrun gate' referencing a prior arc that failed for treating a citation as computed
TEST:tests/test_b850_length_spectrum.py	tests	OTHER	test_numeric_path_deduplicates_traces_like_the_exact_path and its docstring document that an earlier Cell-4 implementation counted words instead of distinct traces, inflating a control manifold's multiplicity ~100x and reporting the OPPOSITE conclusion (m015 max=602 vs m004's 4) -- a documented case where a bug INVERTED a load-bearing verdict before being caught
TEST:tests/test_b850_length_spectrum.py	tests	OTHER	test_m004_length_spectrum_is_DENSE's comment documents that an earlier version asserted n_rational==0 and 'PASSED FOR THE WRONG REASON' because complex() truncated 40 dps to double precision, silently miscounting true rational relations as irrational -- another documented false-pass bug in this same arc's history
TEST:tests/test_b850_length_spectrum.py	tests	OTHER	test_numeric_path_deduplicates_traces_like_the_exact_path partly verifies the fix by grepping source code for the string 'traces = {}' and a comment phrase ('apples to oranges') rather than purely by numeric assertion
TEST:tests/test_b851_bc_litgate.py	tests	OTHER	File's own docstring: 'These are DISCIPLINE locks, not numeric ones... P5 died from the first of those [an unstated question]' -- most of this file locks prose/documentation structure and phrase-presence rather than mathematical content; only the final two tests are direct computation
TEST:tests/test_b852_pressure.py	tests	OTHER	Arc itself states it is NOT preregistered ('numerics explored first'); tests only assert the FINDINGS.md says so.
TEST:tests/test_b854_centralizer.py	tests	OTHER	Test file states the full E6 build takes ~100s and is NOT rerun here; heavy facts (roots, dim, brackets, Killing-form ranks) come only from results.json, not recomputed.
TEST:tests/test_b862_global_form.py	tests	TAUTOLOGICAL	kernel_elements() is asserted to equal [0..5]; if the function is defined to enumerate exactly that range this is close to definitional, not independently checked against theory.
TEST:tests/test_b86_unification_synthesis.py	tests	OTHER	Test file itself says this is 'a documentation-integrity test' -- it locks presence of labels/text, not the underlying V1-V68 numeric results.
TEST:tests/test_b877_fmt_review.py	tests	OTHER	rerun_output.txt is a committed .txt file, not gitignored *.log/*.out, but it is text output the test only string-matches rather than re-running the computation itself -- effectively COMPARES_TO_STORED against a text artifact.
TEST:tests/test_b882_naming.py	tests	OTHER	Entire file is string-membership checks on a JSON blob of prior-art claims and prose; no independent computation or verification of the prior-art content's accuracy is performed.
TEST:tests/test_b887_gate_audit.py	tests	OTHER	test_all_twenty_gates_pass_now runs the repo's entire gates.py as a subprocess -- a broad integration/smoke check embedded in a unit test file, sensitive to unrelated repo state changing gate outcomes.
TEST:tests/test_b897_g20.py	tests	OTHER	File header states 'Before results land, exactly one lock is meaningful: the seal' -- the other tests only run once results.json exists; if results.json is absent these later tests would fail/error rather than being an explicit skip, worth checking CI state.
TEST:tests/test_b905_litgate.py	tests	OTHER	All assertions are substring checks against a single large text report file (panel_report.txt); no independent recomputation of the literature-gate verdicts is performed by this test.
TEST:tests/test_b906_flavor.py	tests	SELF_REFERENTIAL_LOCK	test_w4_theorem_recheck_from_the_tower_pickle's own comment admits the pickle isn't available in this environment and the 'recheck' is just re-reading the same results.json field ('identically zero' string), not an independent recomputation from the pickle as the name implies.
TEST:tests/test_b912_norm.py	tests	OTHER	test_outcome_B_structured and test_signature_15_12 use loose 'or' chains over multiple string/dict representations, weakening what actually must be true in the stored JSON.
TEST:tests/test_b915_crossing.py	tests	LOOSE_TOLERANCE	test_sealed_verdict_is_miss_with_the_banked_distance asserts 15.0 < d_min < 17.0 (a wide 2-sigma-unit window rather than an exact value); test_failure_geometry_banked uses order-of-magnitude ranges (1e13 to 1.2e13, etc.).
TEST:tests/test_b916_bridge.py	tests	OTHER	test_bridge_and_cubic_transport uses a long 'or' chain of 6 alternative string/dict shapes to detect the value 't=1' in the JSON -- a loosely specified check.
TEST:tests/test_b918_v.py	tests	OTHER	test_class_and_place_verdicts_banked only checks that '953' or '-4'/'v_deg1' appear anywhere in the JSON dump -- an extremely loose substring check.
TEST:tests/test_b919_traces.py	tests	OTHER	Arc's own results.json records the second-prime cross-check as OPEN/not done -- test_honest_tier_recorded locks this honesty flag rather than the underlying claim being independently confirmed.
TEST:tests/test_b923_exact.py	tests	OTHER	All three tests are substring/'or' checks over json.dumps(results) rather than structured field assertions -- weak locks that would pass on many unintended JSON shapes.
TEST:tests/test_b924_rigidity.py	tests	OTHER	Both tests use very loose substring matching (single-digit tokens '4','14','11' anywhere in the JSON string, and an 'or' of three vague words) -- weak lock, easy to satisfy accidentally.
TEST:tests/test_b925_crossing2.py	tests	OTHER	test_the_triangle_branch_gaps_recorded checks 3 alternative numeric-string forms anywhere in str(results) -- a loose substring check, not a structured numeric comparison.
TEST:tests/test_b926_anatomy.py	tests	OTHER	Purely a prose-presence test over hand-authored markdown; no numeric or computational content is locked.
TEST:tests/test_b927_verdict.py	tests	OTHER	All checks are substring presence in a >30000-char text report; content accuracy of the report itself is not independently verified by this test.
TEST:tests/test_b928_decode.py	tests	OTHER	test_outcome_forced_and_the_characterization and test_the_sum_rule_and_sheet_nonempty use loose 'or' substring chains over str(results).
TEST:tests/test_b936_b939.py	tests	OTHER	Most assertions here are loose substring/'or' checks against json.dumps(results) rather than structured field comparisons.
TEST:tests/test_b941_symmetric.py	tests	TAUTOLOGICAL	test_twist_norms_agree_across_families defines NdS and NdA with the identical hardcoded expression -sp.Rational(953,2304)**2 for both, then asserts NdS==NdA -- this cannot fail given its own inputs.
TEST:tests/test_b943_priority.py	tests	SELF_REFERENTIAL_LOCK	reads B943's own results.json as both source and target of assertions; no independent recompute in this test
TEST:tests/test_b944_sweep.py	tests	SELF_REFERENTIAL_LOCK	tallies and scoping booleans asserted straight from the arc's own results.json
TEST:tests/test_b945_l126.py	tests	SELF_REFERENTIAL_LOCK	cell1-4 numeric claims (13,18,241 etc) asserted only against the arc's own results.json, not recomputed here
TEST:tests/test_b946_handoff6.py	tests	SELF_REFERENTIAL_LOCK	most numeric claims (thinning primes, lambda_forced, Frobenius classes) come only from results.json
TEST:tests/test_b947_thinning.py	tests	SELF_REFERENTIAL_LOCK	family pass/fail split (5 hold, kappa_compact/mu_charge fail) read only from results.json
TEST:tests/test_b949_ignorance.py	tests	SELF_REFERENTIAL_LOCK	obstacle_table counts and per-type resolved_pct ordering asserted only from results.json
TEST:tests/test_b951_b954.py	tests	SELF_REFERENTIAL_LOCK	B954 booleans (even_part_is_a_subalgebra etc) read only from the arc's own results.json
TEST:tests/test_b952_rank.py	tests	SELF_REFERENTIAL_LOCK	rank arithmetic and cascade-preserves-rank booleans asserted only from results.json, no group-theory recompute in the test itself
TEST:tests/test_b953_two_seeds.py	tests	SELF_REFERENTIAL_LOCK	all numeric rank/dimension claims read from results.json without independent Lie-algebra computation in-test
TEST:tests/test_b956_l133.py	tests	SELF_REFERENTIAL_LOCK	regime ranks and repo_status counters read only from results.json
TEST:tests/test_b957_l124.py	tests	SELF_REFERENTIAL_LOCK	'computed not cited' field-inertness and torsor-order claims are asserted from results.json only, with no field-arithmetic recompute inside this test
TEST:tests/test_b958_presence.py	tests	SELF_REFERENTIAL_LOCK	the arithmetic identity 78-62==16 is checked in-test but the underlying rank-62 figure itself is only read from results.json, not recomputed
TEST:tests/test_b959_nontoral.py	tests	SELF_REFERENTIAL_LOCK	the group-theoretic census (63 involutions, hatch ranks) is only checked against results.json, not recomputed in this file
TEST:tests/test_b960_l136.py	tests	SELF_REFERENTIAL_LOCK	weight-lattice membership claims asserted only from results.json
TEST:tests/test_b961_frame.py	tests	SELF_REFERENTIAL_LOCK	'reproduces from scratch' claims (independent derivation of B892/B958 numbers) are checked only against this arc's own results.json, not by recomputing the Killing form in the test
TEST:tests/test_b963_tau.py	tests	SELF_REFERENTIAL_LOCK	tau_nontrivial and the scope-correction dict are read only from results.json
TEST:tests/test_b964_correction.py	tests	SELF_REFERENTIAL_LOCK	error_1/error_2 correction text is checked only against results.json
TEST:tests/test_b965_scope_audit.py	tests	SELF_REFERENTIAL_LOCK	audit counts are asserted only from the audit's own results.json, no independent re-scan of LAW_MAP.md rows in this test
TEST:tests/test_b969_kato.py	tests	SELF_REFERENTIAL_LOCK	cubic isomorphism/discriminant claims are read from results.json without an independent number-field recompute in this test
TEST:tests/test_b96_geometry_invariants.py	tests	SKIP_IN_CI	entire file is skipped if the snappy package is unavailable in the CI environment
TEST:tests/test_b975_render_audit.py	tests	SELF_REFERENTIAL_LOCK	'verified here' / 'checked here' claims for B940 and C3 are only checked against the audit's own results.json
TEST:tests/test_b976_recovery.py	tests	SELF_REFERENTIAL_LOCK	the citation-loss quantification is read only from results.json, no independent citation scan performed in this test
TEST:tests/test_b978_phasea.py	tests	SELF_REFERENTIAL_LOCK	lead dispositions and V5 verification method are read only from results.json
TEST:tests/test_b979_a7.py	tests	SELF_REFERENTIAL_LOCK	the 'load-bearing'/'fourth instance' verdict text is read only from results.json even though the underlying matrix algebra is recomputed
TEST:tests/test_b980_k3_conflation.py	tests	SELF_REFERENTIAL_LOCK	the volume/CS=0 and gauge-group-defect claims are partly read from results.json rather than recomputed
TEST:tests/test_b981_two_ended.py	tests	SELF_REFERENTIAL_LOCK	the PROVED verdict is read directly from the arc's own arc_verdict.json
TEST:tests/test_block_vacuity.py	tests	TAUTOLOGICAL	the tau dict is hand-typed literal data; the test only checks internal properties of numbers it was handed (distinctness, sign consistent with its own construction), never recomputing torsion from a manifold or matrix
TEST:tests/test_cc2_r5_adopted.py	tests	OTHER	file explicitly documents two banked claims (B480 level-ratio, B544 FK/Sturmian percentages) as UNREPRODUCIBLE-WITHIN-BUDGET; no assert is emitted for them, which the docstring frames as an absence claim worth sweeping
TEST:tests/test_cc2_r5_adopted.py	tests	LOOSE_TOLERANCE	B544 Omega* tolerance widened to 1e-3 with a documented ~5-significant-figure discrepancy from the banked FINDINGS value 0.6066553 (own convergent 0.6066610823...)
TEST:tests/test_gluing_equation.py	tests	OTHER	the claim that this polynomial equals SnapPy's actual 4_1 edge equation is asserted from a hardcoded literal, not queried from SnapPy live in this test
TEST:tests/test_kashaev_feasibility.py	tests	LOOSE_TOLERANCE	vc['rows'][-1]['err'] < 0.1 is a wide tolerance explicitly noted in the docstring as 'slow log convergence'
TEST:tests/test_p3_depth_exposure.py	tests	SELF_REFERENTIAL_LOCK	every numeric verdict is read from B765's own results.json cross-referenced only against other stored JSON files (kill_graph.json, bprime_annotations.json), with no independent recomputation of any cell verdict in this test
TEST:tests/test_p5_phase3.py	tests	OTHER	test_the_banked_kernel_check_is_no_longer_a_tautology only checks that the tautology is DOCUMENTED in a comment, not that it was fixed — the underlying s4_kernel check itself remains 'TRUE FOR EVERY ELEMENT OF EVERY GROUP' per its own admitted comment
TEST:tests/test_pc12_draft_skeleton.py	tests	TAUTOLOGICAL	checks only that specific literal strings the author wrote into the same skeleton file are still present in it — cannot fail unless someone deletes the headings
TEST:tests/test_public_surface_scan.py	tests	OTHER	the AI-label scan is explicitly scoped to a small named subset of docs/dirs, not the whole repo, per its own comment ('the historical backlog... is a separate scheduled scrub')
TEST:tests/test_r28_10_stabilizations.py	tests	TAUTOLOGICAL	TestTombL310.test_drift_decelerates only checks that a hardcoded 4-element literal list is monotonically decreasing — it recomputes nothing from a model, so it cannot fail unless the literal list itself is edited
TEST:tests/test_r28_10_stabilizations.py	tests	SKIP_IN_CI	the SnapPy tower check for B489 is conditionally skipped when SnapPy is unavailable
TEST:tests/test_sieve.py	tests	SKIP_IN_CI	three of the five filter cross-checks (minimum volume, Eisenstein triangulation, amphichirality) silently skip if the snappy package is unavailable
TEST:tests/test_sl4_dehn_filling_paper.py	tests	OTHER	test_honest_framing asserts presence of hedging phrases like 'open', 'NEEDS-SPECIALIST' in prose; this locks wording, not a derivation.
TEST:tests/test_sl4_factorization.py	tests	LOOSE_TOLERANCE	test_method_reproduces_sl3_ground_truth uses tolerance < 0.02 on _max_match
TEST:tests/test_sln_tower.py	tests	OTHER	test_sl5_conditioning_is_a_barrier only asserts a boolean flag from the probe module; the numeric threshold 1e8 lives in probe.py, not re-verified here.
TEST:tests/test_snapdata.py	tests	SKIP_IN_CI	4/6 tests (SnapPy volume/homology/Chern-Simons/amphichirality/sister-volume crosschecks) silently skip when the snappy package is unavailable in the test environment.
TEST:tests/test_stale_absence_lock.py	tests	TAUTOLOGICAL	Every assertion is 'anchor string in _read(file)' or 'phrase not in _read(file)' against prose the same commit controls — this locks that nobody edits the docs' wording, not any computed or physical fact.
TEST:tests/test_sweep2_facts.py	tests	OTHER	The dict `ours` (Galois tower orders, including the depth-3 order-32 'census' value) is hand-entered with no pointer in this file to where it was computed; test_arboreal_tower_alignment compares it to a self-consistent formula, so agreement is largely guaranteed by how the formula was fit to these 3 points.
TEST:tests/test_t2_golden_cm.py	tests	OTHER	jmin is imported as a 'banked' constant from another arc (T1) rather than derived in this file — the resultant computation is real, but rests on an unverified imported input.
TEST:tests/test_the_road.py	tests	OTHER	Existence-of-arc-directory check (test_every_cited_main_arc_exists) is a real structural check; the remaining tests are string-presence locks on prose, effectively tautological against the doc's own content.
TEST:tests/test_torsion.py	tests	LOOSE_TOLERANCE	torsion_growth_rate convergence tolerance is 1e-3, and only checked at n=40 (not derived independently of the module under test).
TEST:tests/test_trace_selector_c5.py	tests	OTHER	File's own docstring states T1 is 'a chosen assumption and is NOT tested here' — the entire lock is explicitly conditional on an unverified premise.
TEST:tests/test_trifocal.py	tests	OTHER	target a_p sequence for 'class-15a' has no provenance citation in-file (no LMFDB reference); the brute-force ap_w/ap_q computations are genuinely independent and real, but validated against an unsourced literal.
TEST:tests/test_uniqueness_theorem.py	tests	OTHER	Docstring states this 'does NOT promote C1 to proven' and remains conditional on unverified axioms A1-A6 — the algebra is real but the underlying claim is explicitly not established by this test.
TEST:tests/test_v4_genericity.py	tests	SKIP_IN_CI	Whole test is skipped if snappy is unavailable; this is the only test in the file and it is the sole verification of the V4-genericity claim.
TEST:tests/test_w2_molien_cell.py	tests	SELF_REFERENTIAL_LOCK	test_artifacts_present_and_step_iii_locked and test_support_landing_recorded only check that specific arc-produced markdown files contain expected strings ('LOCKED', '2/5', '3/5') — the file being checked is the arc's own claimed output, not independently recomputed.
TEST:tests/test_w2_molien_cell.py	tests	OTHER	Line 22: 'assert ... != 0 or True' is a vacuous assertion that always passes regardless of the left side.
TEST:tests/test_w2_step3_kill.py	tests	SELF_REFERENTIAL_LOCK	test_verdict_banked reads the arc's own STEP3_VERDICT.md and asserts it contains the arc's own claimed verdict string — this cannot fail unless someone edits the file, and does not independently establish the kill result.
TEST:tests/test_wave_b931_b933.py	tests	SELF_REFERENTIAL_LOCK	test_b931_953_level_structure, test_b932_outcome_A, test_b933_probe_bracket each load results.json produced by the arc itself and grep for a substring the arc itself wrote — no independent recomputation.
TEST:tests/test_wave_b931_b933.py	tests	OTHER	"test_b932_outcome_A's singlet check ('assert ""singlet"" in t.lower() or ""no lepton"" in t.lower() or ""0"" in t') is nearly vacuous: '0' in t will match almost any JSON containing any digit 0 anywhere."
