i	packet	arc	kind	premise	classification	note	quoted	files_read
6	E001	B9_fusion_scattering	IDENTIFICATION_BY_TYPE	HOLDS	SELF_CAUGHT	The arc explicitly names the shared-polynomial temptation and rejects promoting it to a derived equivalence; verdict is NEGATIVE and claim_one_line states the non-identification, matching the flag's description exactly.	"FINDINGS.md:23: ""**NOT derived:** a map between the Fibonacci fusion category and a scattering amplitude."" / FINDINGS.md:25-26: ""There is no functor here, only a shared characteristic polynomial."" / arc_verdict.json: ""verdict"": ""NEGATIVE"", ""claim_one_line"": ""Fibonacci fusion and the cubic vertex only share the polynomial tau^2-tau-1; no fusion-to-scattering map exists."""	frontier/B9_fusion_scattering/FINDINGS.md;frontier/B9_fusion_scattering/arc_verdict.json
9	E001	B15_trace_map_invariant_controls	IDENTIFICATION_BY_TYPE	HOLDS	SELF_CAUGHT	The arc itself labels the I-value-to-semantics dictionary as interpretive names, not derived semantics, and states the route is not accepted as a result — a self-caught rejection of the type-match, as the flag describes.	"FINDINGS.md:65-71: ""I=-1 -> nothing\nI=0 -> awareness\nI=1/4 -> existence\n... are interpretive names for invariant surfaces, not derived semantics."" / FINDINGS.md:60: ""This route is not accepted as a result."" / arc_verdict.json: ""verdict"": ""NEGATIVE"", ""claim_one_line"": ""...the naive continuum proxy violates the invariant."""	frontier/B15_trace_map_invariant_controls/FINDINGS.md;frontier/B15_trace_map_invariant_controls/arc_verdict.json
12	E001	B20_operational_awareness_test	SELF_REFERENTIAL_LOCK	HOLDS	UNCAUGHT	The arc defines memory/feedback/self-model itself and tests its own trace-map construction against those self-authored definitions; the negative outcome is honestly reported (verdict STALLED, README says 'Logged observations only'), but nowhere does the arc name or fence the circularity of testing a system against criteria it authored for that system -- the claim_one_line asserts 'failing the operational self-model criterion' as a result without that fence.	"README.md:11-18: ""## Operational Definitions\n```text\nmemory = an invariant preserved by dynamics\nfeedback = state-dependent update\nself-model = update rule explicitly reads its invariant/classifier\n..."" / arc_verdict.json: ""claim_one_line"": ""The trace map has invariant-memory and feedback but never reads its invariant, failing the operational self-model criterion."""	frontier/B20_operational_awareness_test/FINDINGS.md;frontier/B20_operational_awareness_test/README.md;frontier/B20_operational_awareness_test/probe.py;frontier/B20_operational_awareness_test/arc_verdict.json
14	E001	B22_spectrum_genericity_controls	IDENTIFICATION_BY_TYPE	HOLDS	SELF_CAUGHT	The arc computes that det(M)=-1 is generic across orientation-reversing lifts and explicitly uses that genericity to reject a special particle/gauge reading of the -1 eigenvalue -- a self-caught rejection of the type-match, matching the flag.	"FINDINGS.md:12: ""So the parity eigenvalue cannot by itself carry special matter or gauge content."" / FINDINGS.md:28-29: ""The generic `-1` mode kills the special parity-particle reading."" / arc_verdict.json: ""verdict"": ""NEGATIVE"", ""claim_one_line"": ""The -1 parity eigenvalue is generic for all orientation-reversing symmetric-square lifts, killing any special parity-particle reading."""	frontier/B22_spectrum_genericity_controls/FINDINGS.md;frontier/B22_spectrum_genericity_controls/arc_verdict.json
15	E002	B24_anyon_quantum_bridge	IDENTIFICATION_BY_TYPE	HOLDS	SELF_CAUGHT	The arc explicitly refuses the numeric coincidence as a derivation and its own verdict (STALLED) and arc_verdict.json claim_one_line both state the shift is underived and k=3 is not selected by the framework.	FINDINGS.md:16-24: The half-step kernel produces discriminant/index `5`, and `k+2=5` for `SU(2)_3`, but the shift from `5` to `k+2` is not derived. Therefore the level is not selected by the framework in this probe. ## Verdict **`STALLED`** ... `k=3` remains an extra input.	frontier/B24_anyon_quantum_bridge/FINDINGS.md;frontier/B24_anyon_quantum_bridge/arc_verdict.json;frontier/B24_anyon_quantum_bridge/probe.py
36	E015	B59_sl4_factorization	CLAIM_EXCEEDS_COMPUTATION	HOLDS	UNCAUGHT	FINDINGS.md's own prose repeatedly disclaims a symbolic proof ('not a symbolic proof', 'numerical'), but the arc_verdict.json result field itself -- the machine-readable asserted outcome -- still reads 'PROVED' with no corresponding fence in that field or elsewhere retracting it; not found in docs/RETRACTIONS.md or docs/RETRACTED_PHRASES.md.	"arc_verdict.json: ""verdict"": ""PROVED""; FINDINGS.md:8: ""RESOLVED (numerical): the SL(4) tower prediction is REFUTED in specifics""; FINDINGS.md:52: ""This is numerical (~3-4 digits), method-validated -- not a symbolic proof."""	frontier/B59_sl4_factorization/arc_verdict.json;frontier/B59_sl4_factorization/FINDINGS.md;docs/RETRACTIONS.md;docs/RETRACTED_PHRASES.md
41	E002	B62_opposition_involution	IDENTIFICATION_BY_TYPE	HOLDS	SELF_CAUGHT	probe.py's own docstring/comment names the fixed-root sign convention as empirically fixed by matching SL(3), and FINDINGS.md's Honest status section explicitly limits the claim to the height-2 split and calls it a 'live structural result, not a theorem' -- the risk the flag names is stated by the arc itself, not hidden.	probe.py:81-83: (The convention -- fixed roots in the +1/symmetric sector -- is fixed empirically by SL(3), where h=2 is purely char(M^2).) ... FINDINGS.md:73: only the height-2 sign/direct split, which suffices for the user's prediction.	frontier/B62_opposition_involution/FINDINGS.md;frontier/B62_opposition_involution/arc_verdict.json;frontier/B62_opposition_involution/probe.py
44	E016	B63_sl4_symbolic_m	FITTED_VALUE	HOLDS	SELF_CAUGHT	arc_verdict.json's bare 'PROVED'/claim_one_line does not itself say 'computer-assisted', but the arc's FINDINGS.md (the same document the verdict cites) repeatedly and prominently fences the result as numeric interpolation over 6 samples with growing absolute error, explicitly distinguishing it from a from-scratch symbolic derivation -- the caveat is present in the arc, just not repeated in the terse verdict string.	FINDINGS.md:3-4: 'Computer-assisted symbolic (high-precision multi-m numerics + exact polynomial interpolation); validated against B59 at m=1. Not a hand-built trace-ring proof.' ...:58 'the absolute max-match grows to ~0.2 at m=6'	frontier/B63_sl4_symbolic_m/FINDINGS.md;frontier/B63_sl4_symbolic_m/arc_verdict.json
57	E002	B74_higher_spin_grading	IDENTIFICATION_BY_TYPE	HOLDS	SELF_CAUGHT	FINDINGS.md splits the claim explicitly into a STRUCTURAL literal-involution part (verified for both objects independently) and a SPECULATIVE-ANALOGY dynamical extension it flags as having no supporting computation -- exactly the fence the detail describes.	"FINDINGS.md:29-31: DYNAMICAL reading    : SPECULATIVE-ANALOGY.  ""metallic eigenvalues L_k = higher-spin mode growth rates"" has NO supporting computation -- the L_k are not shown to be any W_N CFT spectrum."	frontier/B74_higher_spin_grading/FINDINGS.md;frontier/B74_higher_spin_grading/arc_verdict.json
59	E002	B76_cusp_quantum_group	IDENTIFICATION_BY_TYPE	HOLDS	SELF_CAUGHT	FINDINGS.md itself labels the deeper anyonic-TQFT reading SPECULATIVE-ANALOGY and states it rests on nothing more than the roots-of-unity coincidence, matching the flag's detail verbatim; only the literal cyclotomic-number identification is claimed as STRUCTURAL/exact.	"FINDINGS.md:43-46: NO categorical lift (SPECULATIVE-ANALOGY). ... The deeper ""anyonic TQFT"" reading rests on nothing more than ""both are roots of unity"" (cyclotomic) -- the thin geometry↔TQFT boundary B69/V28 already flagged."	frontier/B76_cusp_quantum_group/FINDINGS.md;frontier/B76_cusp_quantum_group/arc_verdict.json
64	E003	B89T_tower_route	SELF_REFERENTIAL_LOCK	HOLDS	SELF_CAUGHT	The verdict itself discloses, in-line, that it was retro-authored purely from the arc's own FINDINGS.md rather than an independent adjudication -- the limitation is named by the verdict, not hidden.	"arc_verdict.json:4: ""[Verdict retro-authored 2026-08-27 (B1176, R50-4): the arc predates the arc_verdict discipline; the claim is drawn from its own FINDINGS.md, which remains the primary record.]"""	frontier/B89T_tower_route/arc_verdict.json
65	E051	B89_sl4_symbolic_M4L	SELF_REFERENTIAL_LOCK	HOLDS	SELF_CAUGHT	The verdict itself explicitly discloses that it is a retro-authored verdict drawn purely from the arc's own FINDINGS.md, naming the mechanism the flag describes rather than hiding it; the underlying FINDINGS.md content is a genuine symbolic-exact proof (probe.py, exact polynomial identity) so this is process disclosure, not a concealed circularity.	"arc_verdict.json: ""claim_one_line"": ""...[Verdict retro-authored 2026-08-27 (B1176, R50-4): the arc predates the arc_verdict discipline; the claim is drawn from its own FINDINGS.md, which remains the primary record.]"""	frontier/B89_sl4_symbolic_M4L/FINDINGS.md;frontier/B89_sl4_symbolic_M4L/arc_verdict.json
72	E030	B97_sl2r_lorentzian	IDENTIFICATION_BY_TYPE	HOLDS	SELF_CAUGHT	FINDINGS.md explicitly labels the (2,1)-signature/Minkowski identification as structural and present by construction rather than derived or emergent physics, and quarantines any 2+1-gravity physics reading, matching the flag's description of a correctly self-flagged textbook type-match.	"frontier/B97_sl2r_lorentzian/FINDINGS.md: ""Lorentzian structure is present -- but it is the so(2,1)=sl(2,R) gauge-algebra (Killing-form) signature ... It is structural (the gauge group of 2+1 gravity is the Lorentz group), present by construction, not emergent or derived."" and header: ""no physics claim -- the 2+1-gravity reading is quarantined in speculations/archive/PHYSICS_RESONANCES.md."""	
83	E003	B107_physics_connection_audit	IDENTIFICATION_BY_TYPE	HOLDS	SELF_CAUGHT	The arc names the eigenvalue=anomalous-dimension identification as a category error and explicitly withdraws it under section header 'C -- CORRECTED OVERCLAIM'; the verdict's claim_one_line also states the tower is re-presented monodromy, 'not a spectrum of new physics,' consistent with the retraction.	"FINDINGS.md:49-52: ""Two physics write-ups made the same category error: tower eigenvalues = operator anomalous-dimensions / masses, and torsion = masses. These are NOT the 3d-3d dictionary. ... Withdrawn; off the table for promotion; do not re-chase."""	frontier/B107_physics_connection_audit/FINDINGS.md;frontier/B107_physics_connection_audit/arc_verdict.json
92	E003	B121_monodromy_grading	IDENTIFICATION_BY_TYPE	HOLDS	SELF_CAUGHT	The dimension/parity-match to the Hitchin picture is explicitly firewalled off from the proved content (dimension count n^2-1 and the det=-1 parity obstruction); arc_verdict.json's claim_one_line only asserts the inequivalence/parity result, with no Hitchin/Langlands identification in it.	"FINDINGS.md:6: ""Standalone rep theory; the Hitchin/Langlands reading is firewalled in ../../speculations/S024_monodromy_hitchin.md. No physics here;"" and FINDINGS.md:51-54: ""This connects the trace-map tower to the Hitchin picture without crossing the firewall ... The geometric-Langlands / class-S reading is in S024 (firewalled)."""	frontier/B121_monodromy_grading/FINDINGS.md;frontier/B121_monodromy_grading/arc_verdict.json
95	E003	B126_ladder_to_physics	CLAIM_EXCEEDS_COMPUTATION	HOLDS	SELF_CAUGHT	The FINDINGS.md itself section-headers the 'two floors' conclusion as 'literature-grounded' (a citation synthesis), distinct from the two small in-house-computed items (A) homology torsion and (B) A-polynomial degree, which are separately labeled '## Computed in-house (verify-don't-trust)'; the arc_verdict.json's one-line claim carries the 'provably' language without repeating the literature-grounded qualifier, but the source document fences the distinction.	"FINDINGS.md:33: ""## The ladder map (literature-grounded -- the answer to the foundational question)"" and FINDINGS.md:6-8: ""run with a five-agent literature fleet + direct computation ... MATH / number-theory tier; the physics readings are firewalled"""	frontier/B126_ladder_to_physics/FINDINGS.md;frontier/B126_ladder_to_physics/arc_verdict.json
106	E044	B142_klein4_and_magic_cartography	IDENTIFICATION_BY_TYPE	HOLDS	SELF_CAUGHT	Arc explicitly names the SL(2,C) dim = rank(SU(3)) coincidence, rejects it, and banks the rejection as a permanent negative tombstone/guard (MB10) rather than as a claimed result.	frontier/B142_klein4_and_magic_cartography/FINDINGS.md:36-37: 'And SL(2,ℂ) dim ≠ rank(SU(3)): SU(3) gauge content is SL(3,ℂ) Chern–Simons (T₃[M]), not an SL(2,ℂ) dim/rank coincidence.' :45: 'Banked as tombstone K-I + guard MB10 (structure ≠ gauge, dimensional form: SL(2,ℂ) dimension does not [match rank]...)'	
110	E003	B150_class_s_coincidence	IDENTIFICATION_BY_TYPE	HOLDS	SELF_CAUGHT	The arc's own text concedes the FORCED tags rest on same-cubic/same-group/same-generator convention-matching from cited papers rather than an in-house computed distinguishing result, and separately caveats (lines 68-73) that the physics content (coupling, chirality, N=4/N=2* non-chirality) is not established -- only the character-variety/MCG identification is claimed as FORCED.	"FINDINGS.md:61-63: ""Honest nuance on the lambda_m^2/fixed-slope FORCED tags: the literature does not single out the metallic family; its invariants are reproduced because it is the same group acting the same way -- FORCED at the framework level, automatic for the specific elements."""	frontier/B150_class_s_coincidence/FINDINGS.md;frontier/B150_class_s_coincidence/arc_verdict.json
111	E003	B151_firewall_confirmation	CLAIM_EXCEEDS_COMPUTATION	HOLDS	SELF_CAUGHT	The verdict() function is vacuously true unless the author had hand-entered a CROSSING row, exactly as flagged; the FINDINGS.md explicitly states the test locks only the 'honesty structure' of the hand-authored reading, not an independent check of the papers' claims -- the arc names and scopes this limitation itself.	"probe.py verdict(): ""crossings = [r for r in FIREWALL_READING if r[\""tag\""] == \""CROSSING\""]"" over a hand-written FIREWALL_READING list; and FINDINGS.md:66-69: ""the test locks the anchor and the reading's honesty structure (every row tagged + cited; no CROSSING without exhibited primary text; verdict FIREWALL_HOLDS). The test does not unit-test the papers' unit-assignment claims themselves -- cited prose is the honest boundary of a reading task."""	frontier/B151_firewall_confirmation/probe.py;frontier/B151_firewall_confirmation/FINDINGS.md;frontier/B151_firewall_confirmation/arc_verdict.json
113	E004	B154_silver_bundle_foundation	FITTED_VALUE	HOLDS	SELF_CAUGHT	The arc's own FINDINGS.md labels the formula an empirical fit up front and carries a correction banner recording that a third m-value (bronze) refuted it; arc_verdict.json's claim_one_line does not rely on the fitted formula, only on the order-determined conclusion that survives.	FINDINGS.md: '[Honest tier: ... the closed form k=4−m(o−3) is an **empirical fit on o∈{3,4}, m∈{1,2}** (the constants 4,3 are not yet derived)...]' and '> **CORRECTION (2026-06-17, B157/V151).** The closed form **`k = 4 − m(o−3)` is REFUTED.** Extending to **bronze (m=3)** gives genuine non-degenerate counterexamples'	frontier/B154_silver_bundle_foundation/FINDINGS.md;frontier/B154_silver_bundle_foundation/arc_verdict.json
114	E004	B155_golden_phase_bridge	IDENTIFICATION_BY_TYPE	HOLDS	SELF_CAUGHT	arc_verdict.json's claim_one_line ('signature (1,3), discriminant -15... all exact') also stays purely algebraic and does not assert a physics identification, consistent with the Firewall section.	"FINDINGS.md:64-68: '## Firewall\n\n- **signature (1,3) = algebraic inertia** of a symmetric bilinear form. It is the sign pattern of\n  eigenvalues, basis-dependent up to the inertia class. It is **NOT** spacetime, a metric, or time.\n- No physical claim. The connection to the Ω ""non-cancellation"" motivation is firewalled motivation,\n  not derivation.'"	frontier/B155_golden_phase_bridge/FINDINGS.md;frontier/B155_golden_phase_bridge/arc_verdict.json
115	E004	B156_omega_strict_full_cone	IDENTIFICATION_BY_TYPE	PARTLY	FLAG_WRONG	The detail accurately transcribes the creates_law_reviewed metadata, but that content is a governance/verification-classification note, not an instance of identifying a mathematical object with a physical one by matching type/numbers — the IDENTIFICATION_BY_TYPE kind does not fit what is actually being described here.	arc_verdict.json 'creates_law_reviewed': {'date': '2026-08-29', 'arc': 'B1214', 'was': 'ABSENT', 'decision': 'false', 'class': 'VERIFICATION — it re-derives or confirms a result stated elsewhere...', 'basis': '...The thirteen arcs that PASSED the rule were read in full before flipping; these were not, and that asymmetry is stated rather than hidden.'}	frontier/B156_omega_strict_full_cone/arc_verdict.json
116	E004	B156_omega_strict_full_cone	IDENTIFICATION_BY_TYPE	HOLDS	SELF_CAUGHT	Arc explicitly names and rejects both the (1,3)-as-physics reading and the stronger 'Ω IS the tower' unification reading, in dedicated Firewall/Scope sections.	"FINDINGS.md:99-103,163: '## Scope: Ω is the abelianized shadow of the trace-map tower, NOT its mechanism ... the stronger reading — ""Ω *is* the figure-eight/metallic trace-map tower"" — is **false as a mechanism**' and 'Firewall (restated): signature (1,3) = **algebraic inertia** of a bilinear form, NOT spacetime/metric/time'"	frontier/B156_omega_strict_full_cone/FINDINGS.md
121	E004	B159_omega_class_dag	CLAIM_EXCEEDS_COMPUTATION	HOLDS	UNCAUGHT	B156 independently re-derived only the total history/matrix counts through L10, not the per-class breakdown (49/115/283 classes) at L8-L10; PART 2's independent class-by-class recount covers only L4-L7. Neither FINDINGS.md's 'rests on verified ground' nor arc_verdict.json's flat 'independently verified' for L4-L10 carries this scope caveat.	FINDINGS.md:56-61: 'PART 2 — from-scratch re-enumeration, L4–L7 (exact) ... Since the class decomposition is thus a faithful charpoly-partition of the survivor set whose totals (through L10) were already independently re-derived in B156, the L8–L10 class structure rests on verified ground.' arc_verdict.json claim_one_line: 'The class-graded Omega strict-full DAG (L4-L10) is independently verified: all 474 classes reciprocal, whole cone rooted at the single golden-times-phase seed.'	frontier/B159_omega_class_dag/FINDINGS.md;frontier/B159_omega_class_dag/arc_verdict.json
126	E004	B167_conserved_no_scale_lemma	CLAIM_EXCEEDS_COMPUTATION	HOLDS	UNCAUGHT	FINDINGS.md repeatedly labels the argument POSTULATED, but arc_verdict.json's claim_one_line drops the qualifier and states the conclusion as flat fact, and the downstream COSMOLOGY_LEDGER.md treats B167 as one of three settled 'closures' of an 'IMPOSSIBLE-BY-THEOREM' wall without carrying the POSTULATED caveat forward.	"FINDINGS.md:3-8: 'sharpens the **POSTULATED** prose ... an (argued-complete; POSTULATED) door-map case analysis ... **POSTULATED → ""stated argument""** (the intended ceiling, owner-explicit)'; arc_verdict.json claim_one_line: 'A conserved dimensionless first integral cannot source an internal scale; the five-door case analysis leaves no internal door, only external or ratio lanes.'; docs/COSMOLOGY_LEDGER.md:168-174: 'IMPOSSIBLE-BY-THEOREM (any dimensionful rate) — three independent doors, three closures, one wall (B167, B168's own G4, B170/V164) ... the third independent confirmation (after B107/B151's single-invariant door and B167) that the scale wall holds'"	frontier/B167_conserved_no_scale_lemma/FINDINGS.md;frontier/B167_conserved_no_scale_lemma/arc_verdict.json;docs/COSMOLOGY_LEDGER.md
128	E005	B169_isomonodromy_flow	CLAIM_EXCEEDS_COMPUTATION	HOLDS	SELF_CAUGHT	P3's two chk() calls do carry hard-coded True conditions (not a computed result) exactly as flagged, and FINDINGS.md itself labels P3 '[structural / POSTULATED]' rather than proved -- the arc's own text fences the P3 content. But arc_verdict.json's verdict field is a flat 'PROVED' with claim_one_line describing only the P1/P2 (exact/num) content, not asserting P3 as proved; the flat label still glosses the P1/P2 vs P3 distinction the FINDINGS text draws, so classify SELF_CAUGHT (FINDINGS fences it) though the verdict.json labeling is imprecise as the flag notes.	"isomonodromy.py:96-101: chk(""the Painleve 'time' s is the dimensionless cross-ratio modulus (coupling space, not physical time)"", True, ...); chk(""the Schlesinger flow is scale-free (no dimensionful parameter) => any scale is EXTERNAL (Higgs field)"", True, ...) | FINDINGS.md:22-25: ""P3 [structural / POSTULATED] — the firewall-relocation verdict. ... exactly as ../philosophy/P010 / ../docs/STRATEGIC_SYNTHESIS.md §8c predicted."""	
131	E005	B176_golden_privilege	IDENTIFICATION_BY_TYPE	HOLDS	SELF_CAUGHT	The arc explicitly names the P000 tie a one-way RHYME, not a derivation, and reiterates in the Firewall section 'the P000 tie is one-way [RHYME]'; the identification-by-type is self-flagged and fenced, matching the flag detail exactly.	"FINDINGS.md, 'Honest scope' section: ""The tie to the project's P000 anchor choice ('phi = maximally resists the trivial') is a `[RHYME]` with a real kernel — the same property (phi extremal-irrational) surfacing in a robustness context — not a derivation, and it is firewalled (one-way)."""	
133	E005	B178_perturbative_mechanism	CLAIM_EXCEEDS_COMPUTATION	HOLDS	UNCAUGHT	FINDINGS.md is honest in prose that the exact exponent=2 is unresolved (plateaus at ~1.7), but the top-level verdict.json label is a flat 'PROVED' and claim_one_line asserts the per-frequency structure as confirmed without qualifying that the central integer-exponent prediction is unconfirmed -- the verdict field itself does not carry the fence that the body text does, so the top-level result label overclaims relative to the computation.	"arc_verdict.json: ""verdict"": ""PROVED"" | FINDINGS.md C2: ""the *exact integer* (power-2 = 2) is textbook; numerically it plateaus at ~1.7 (saturation + finite-N) and is not cleanly resolved to 2 in-sandbox"""	
138	E005	B196_entropy_conformal_dimension	IDENTIFICATION_BY_TYPE	HOLDS	SELF_CAUGHT	The arc's own C4 section and 'Why it matters' section explicitly flag Delta as dimensionless/non-unitary/no-scale and state this does not breach the firewall ('It does not breach the firewall: Delta is dimensionless and non-unitary'); nothing in CLAIMS.md and the identification is presented as a structural/dictionary HOOK, not a physical result -- fully fenced, matching the flag.	"FINDINGS.md C4: ""The GIL dictionary applied to the metallic data forces **no physical content**: `c=1` is trivially fixed; `Δ` is dimensionless entropy, negative/non-unitary; no scale, no mass."""	
144	E044	B206_golden_spin_cover_e8	IDENTIFICATION_BY_TYPE	HOLDS	SELF_CAUGHT	Arc's own hard firewall repeatedly and explicitly rejects the physics-E8 identification; claim_one_line ('SL(2,F5)=2I=McKay-E8...') matches only the fenced McKay-label sense, not physical E8.	frontier/B206_golden_spin_cover_e8/FINDINGS.md:57-59: 'Firewall (hard): this E₈ is the McKay/representation-theoretic E₈ (the Dynkin/character graph of 2I). It is not a claim that physics' E₈ gauge group / heterotic string emerges — that bridge stays firewalled (the exact oversell the McKay handoff was deflated for).'	
146	E005	B208_period_congruence_unification	CLAIM_EXCEEDS_COMPUTATION	HOLDS	UNCAUGHT	The committed period_congruence.py only asserts divisibility up to m=200 (table(200)); no other file in the arc directory contains '300000' or '300,000'. The 300,000 claim is not reproducible from the committed code and is stated flatly in FINDINGS.md and echoed unqualified in the theorem-proof narrative, with no fence noting the discrepancy between the claimed re-audit bound and the committed script's actual bound.	"FINDINGS.md:16-17: ""an independent re-audit found **0 failures to m=300 000** via `sympy.factorint`)"" | period_congruence.py:53: ""assert all(r[\""divides\""] for r in table(200))    # the field radicand always divides the period"""	
147	E005	B209_ktheory_classical_quantum_boundary	IDENTIFICATION_BY_TYPE	HOLDS	SELF_CAUGHT	The arc itself explicitly warns that its E8/K-theory framing (arc name notwithstanding) is representation-theoretic McKay E8, not physics' E8, and that the actual K-groups computation is a separate unstated task -- a direct, named fence matching the flag's description verbatim.	"FINDINGS.md, Firewall section: ""The 'K-theory of the tiling' framing is a one-way hook — the actual K-groups of a specific icosahedral tiling are a separate (known, involved) computation; here is the representation-theoretic content. This is the McKay/representation-theoretic `E₈`, **not** physics' `E₈`."""	
158	E006	B218_metallic_anyon_selection	CLAIM_EXCEEDS_COMPUTATION	HOLDS	SELF_CAUGHT	The arc's own section header and prose explicitly fence the CFT identification as literature-cited and its own numerics as inconclusive, immediately after the headline phrasing the flag quotes. The verdict.json claim_one_line itself only asserts the exact Jones-index selection ([exact] tier), not the CFT claim, so the overclaim risk is confined to prose the arc itself flags as cited.	FINDINGS.md:26 '## The chain-level CFT (CITED, not reproduced — honest)'; FINDINGS.md:33-34 'my own in-sandbox ED did **not** reproduce `c=7/10`... So `c=7/10` is **cited**, not banked from my computation'	frontier/B218_metallic_anyon_selection/FINDINGS.md;frontier/B218_metallic_anyon_selection/arc_verdict.json
171	E006	B232_rho_n_plethysm	CLAIM_EXCEEDS_COMPUTATION	HOLDS	UNCAUGHT	The verdict.json status field asserts PROVED with no hedge, while FINDINGS.md repeatedly and explicitly states this is a reduction, not a proof, with a terminal open lemma. The verdict field itself contains no fence — the overclaim sits unrejected in the machine-readable status that downstream tooling reads.	"arc_verdict.json:3 '""verdict"": ""PROVED"",'; FINDINGS.md:3-4 'The central *unproved* theorem of the program; this is an honest **reduction** (outcome (b) of the plan), **not** a proof.'; FINDINGS.md:54 'stabilization lemma is now **terminal NEEDS-SPECIALIST**'"	frontier/B232_rho_n_plethysm/FINDINGS.md;frontier/B232_rho_n_plethysm/arc_verdict.json
172	E006	B233_synthesis_split_and_five	CLAIM_EXCEEDS_COMPUTATION	HOLDS	UNCAUGHT	The single verdict field labels the whole arc PROVED and the claim_one_line covers only H17; it carries no scope note excluding H13, even though FINDINGS.md's own H13 section explicitly calls itself an unproven extrapolation from 3 witnesses. The verdict record itself does not fence this — the fencing exists only in the body text, not in the field the flag targets.	"arc_verdict.json:3-4 '""verdict"": ""PROVED"", ""claim_one_line"": ""The ubiquity of '5' is one causal cascade...not eight miracles.""'; FINDINGS.md:22 'The candidate theorem (stated, scoped to a pattern — not proven ""for every axis"")'; FINDINGS.md:30 '""every axis"" is an extrapolation from 3 data points, not a theorem.'"	frontier/B233_synthesis_split_and_five/FINDINGS.md;frontier/B233_synthesis_split_and_five/arc_verdict.json
177	E045	B241_twistknot_su3_vs_levelrank	IDENTIFICATION_BY_TYPE	HOLDS	SELF_CAUGHT	The arc's entire content is the correct refutation of the SU(3)-by-name-only conflation; verdict is NEGATIVE (distinct objects), matching the flag's own characterization as a resolved licence-to-ask, not an unresolved defect.	FINDINGS.md: '## Verdict: distinct — different *type* and different *specificity*' ... 'A self-check of the negative (this session's lesson): could (A) secretly be (B)? No ... The conflation is exactly the kind of same-letter glue the program guards against.'	frontier/B241_twistknot_su3_vs_levelrank/FINDINGS.md;frontier/B241_twistknot_su3_vs_levelrank/arc_verdict.json
186	E006	B256_metallic_arnold_trinity	IDENTIFICATION_BY_TYPE	HOLDS	SELF_CAUGHT	The arc explicitly names the field-level (discriminant) identification and distinguishes it in-text from a genuine π1-group-surjection (confirmed as the real mechanism behind E6 in B266, 'the figure-eight group ↠ SL(2,F3)=2T'), and the verdict's claim_one_line itself hedges with 'arithmetically...no geometric realization' — the type-identification is named and fenced by the arc rather than asserted as equivalent to E6's surjection.	FINDINGS.md:30-32 'golden's **E₈ is the discriminant/homological McKay, not a π₁-quotient.** So silver's E₇ sits at *exactly the same level* as golden's E₈. Neither E₇ nor E₈ is ever a π₁-quotient; both are discriminant-field McKay.'; B266_arithmetic_selects_e6/FINDINGS.md:9 'the figure-eight group itself surjects onto the relevant McKay group.'	frontier/B256_metallic_arnold_trinity/FINDINGS.md;frontier/B256_metallic_arnold_trinity/arc_verdict.json;frontier/B266_arithmetic_selects_e6/FINDINGS.md
196	E045	B267_e6_coherence	IDENTIFICATION_BY_TYPE	HOLDS	SELF_CAUGHT	The FINDINGS.md file itself contains a later 'Correction' section (from B272's adversarial audit) that names and rejects exactly the 'five independent invariants prove identity' overclaim as licence-to-ask/type-coincidence, though arc_verdict.json's verdict/claim_one_line ('PROVED', 'the same Lie object') were left unrevised to reflect it.	"FINDINGS.md:47-51: '## Correction (2026-06-28 adversarial audit / B272)\n""Five independent invariants coincide ⟹ one E6"" overstates the evidential weight. The geometric side is E6 by construction ... so once the arithmetic side is also E6 (B266), agreement of Coxeter number, exponent sum, dimension, and Molien series is automatic — these are invariants of the single Lie algebra E6, not five independent confirmations.'"	frontier/B267_e6_coherence/FINDINGS.md;frontier/B267_e6_coherence/arc_verdict.json
197	E045	B268_e6_bridge_consolidation	CLAIM_EXCEEDS_COMPUTATION	HOLDS	RETRACTED_LATER	B268's own FINDINGS.md/arc_verdict.json (verdict PROVED, claim_one_line repeating 'reduced to a single physics conjecture') are never edited; B272 in the same worktree (frontier/B272_verification_and_gaps/FINDINGS.md) explicitly names and characterizes B268's phrasing as an understatement, i.e. a retraction/correction lodged in a successor arc rather than in B268 itself.	"B268 FINDINGS.md: '#2 E6 selection: OPEN → REDUCED ... Remaining gap = one physics conjecture ... with no math obstruction left.' vs B272 FINDINGS.md:50: 'force the 3d-3d input to match it. B268's ""REDUCED — no math obstruction left"" understates this.'"	frontier/B268_e6_bridge_consolidation/FINDINGS.md;frontier/B268_e6_bridge_consolidation/arc_verdict.json;frontier/B268_e6_bridge_consolidation/wall_map_v2.py;frontier/B272_verification_and_gaps/FINDINGS.md
203	E045	B276_zeta3_arithmetic_probe	IDENTIFICATION_BY_TYPE	HOLDS	SELF_CAUGHT	The arc's own module-level docstring explicitly fences the result as a coherence, not evidence that 2T acts on Z, matching the flag's own description; flag is retained only as a caution about the headline table's readability, not as an unresolved defect.	b276_zeta3_probe.py docstring: 'HONEST SCOPE (PARTIAL by design): this is a COHERENCE ... It does NOT exhibit SL(2,F_3) = 2T *acting on* any structure inside Z, so it does NOT settle the input-E6 = output-E6 conjecture (wall #2); it SHARPENS it.'	frontier/B276_zeta3_arithmetic_probe/FINDINGS.md;frontier/B276_zeta3_arithmetic_probe/b276_zeta3_probe.py;frontier/B276_zeta3_arithmetic_probe/arc_verdict.json
210	E007	B293_peripheral_clock	IDENTIFICATION_BY_TYPE	HOLDS	SELF_CAUGHT	FINDINGS.md itself names and rejects the type-match-as-identification move verbatim, in a dedicated 'Honest caveats' section (line 25 onward); the arc explicitly fences it as asserted, not proven, before the flag was raised.	"frontier/B293_peripheral_clock/FINDINGS.md:31-33: '""Goldman = NZ"" is the standard interpretive identification, asserted (the two pictures each carry a symplectic structure), not an exhibited isomorphism.'"	frontier/B293_peripheral_clock/FINDINGS.md;frontier/B293_peripheral_clock/verdict.py;frontier/B293_peripheral_clock/arc_verdict.json
212	E007	B296_seam_arc_verification	CLAIM_EXCEEDS_COMPUTATION	HOLDS	UNCAUGHT	arc_verdict.json's claim_one_line asserts 'Adversarial re-run of every seam-arc probe yields zero refutations and zero firewall leaks' as an achieved computational result; verdict.py's own verdict() function only string-compares hand-set constants, and neither FINDINGS.md nor VERDICTS.md notes that the red-team pass happened outside this file/test and is not re-executed here -- the claim is stated flatly, not fenced as an external, non-reproduced report.	"frontier/B296_seam_arc_verification/verdict.py:18-21: REDTEAM_VERDICTS = {""B287"": ""SURVIVES"", ... ""SEAM-THESIS"": ""SURVIVES""} ... verdict.py:39-41: redteam_ok = (all(v == ""SURVIVES"" for v in REDTEAM_VERDICTS.values()) and N_REFUTED == 0 ...) -- string constants checked against themselves, no call re-running B287-B295 probes in this file."	frontier/B296_seam_arc_verification/FINDINGS.md;frontier/B296_seam_arc_verification/VERDICTS.md;frontier/B296_seam_arc_verification/verdict.py;frontier/B296_seam_arc_verification/arc_verdict.json
213	E046	B297_consolidation_v4	CLAIM_EXCEEDS_COMPUTATION	HOLDS	SELF_CAUGHT	consistency() literally only checks dict shapes/counts as the flag says; but verdict/claim_one_line explicitly say it settles nothing, and FINDINGS.md/docstring say 'FIREWALLED ... Nothing to CLAIMS.md' -- the overclaim the flag warns of is not made.	"wall_map_v4.py:86-90: def consistency(): statuses = {WALLS[i][""status""] for i in WALLS}; return (len(WALLS) == 5 and len(SEAM_ARC) == 11 and len(MATTER_MAP) == 4 and statuses == {...} and CRUX[""name""] == ""input-E6 = output-E6"" ... and len(STOP_GATES) == 5) | arc_verdict.json:4: ""claim_one_line"": ""Folds the seam arc B286-B296 into the five-wall map v4 and relocates the structural theorem to the seam, without settling any wall or the CRUX."""	frontier/B297_consolidation_v4 (worktree copy)/wall_map_v4.py;FINDINGS.md;arc_verdict.json
215	E008	B299_trinification_triality	IDENTIFICATION_BY_TYPE	HOLDS	SELF_CAUGHT	The IS-identification is real (weight-level multiset match between B299's (θ,φ) orbit structure and Boyle's SO(8) triality) but it is B565's claim, not B299's own FINDINGS (B299's FINDINGS.md never mentions Boyle). Wherever the identification is actually asserted (PROGRESS_LOG, RESULTS.md, HINT_LEDGER H120), it carries its own parenthetical fence ('firewalled', 'a structure match, not a generations claim') immediately attached, so the overclaim is caught in the same breath it is made.	"PROGRESS_LOG.md:177-178: ""Triality: B299's (theta,phi) IS Boyle's SO(8) triality (100% weight-level match) — the one live structural generations thread (H120, firewalled)."" / RESULTS.md:21: ""...the cyclic-triality signature exact. **The first live structural generations connection** (firewalled: a structure match, not a generations claim)"""	frontier/B299_trinification_triality/FINDINGS.md;frontier/B299_trinification_triality/arc_verdict.json;PROGRESS_LOG.md;frontier/B565_gauge_behavior_campaign/RESULTS.md;docs/HINT_LEDGER.md
217	E008	B300_cross_chat_sm_attempt	CLAIM_EXCEEDS_COMPUTATION	HOLDS	SELF_CAUGHT	The relation is filed under a 'Verified arithmetic' heading yet is only the internal consistency of a formula assuming an unverified external relation; the FINDINGS.md prose does fence it in the same bullet ('Conditional on...'), and the same caveat is duplicated as a code comment, but verdict() treats the numeric output as a pass/fail gate with no term testing whether the Alexander relation itself holds — so the fence is prose-only, not code-enforced. Classified self-caught because the arc's own FINDINGS text names and scopes the conditionality immediately adjacent to the claim (the flag's own detail confirms the caveat exists, objecting only to it not being code-gated).	"FINDINGS.md:23,27-29: ""## Verified arithmetic carried here"" ... ""**Scale = one rod `ℓ_P`:** `L_dS/ℓ_P = √(k/6π)`; ... Matches the banked S044 scale-definition. *(Conditional on `G·Λ=6π/k`, the Alexander relation.)*"" / cross_chat_sm_attempt.py:25-26: ""scale = one rod l_P: L_dS/l_P = sqrt(k/6pi); ... [conditional on G*Lambda=6pi/k = the Alexander relation; matches banked S044]"" / verdict() at cross_chat_sm_attempt.py:68-70 checks only the numeric identity `ldS_over_lP(3)==0.3989` etc., never a flag for the Alexander relation."	frontier/B300_cross_chat_sm_attempt/FINDINGS.md;frontier/B300_cross_chat_sm_attempt/arc_verdict.json;frontier/B300_cross_chat_sm_attempt/cross_chat_sm_attempt.py
221	E008	B305_eisenstein_trinification_grading	IDENTIFICATION_BY_TYPE	HOLDS	UNCAUGHT	The 'Not forced / firewalled [LEAP]' section of the same FINDINGS.md fences only the color-choice and the RG-reading claims, not the ω-identification itself; the identification is restated flatly in the 'Where it lands' section ('One arithmetic atom, now four faces') and echoed in arc_verdict.json's claim_one_line ('tying the object's sqrt(-3) arithmetic to the breaking') with no hedge that this rests on a shared eigenvalue label (ω=e^{2πi/3}) across two unconnected objects rather than a derivation.	"FINDINGS.md:13: ""that gives `2T` (B266) and `±π/6` (B285). So **the figure-eight's arithmetic `ω` is the trinification grading**, and the orbifold `(θ,φ)` (B299) is the **triality permuting the three SU(3)'s** — the gauge breaking and the `(θ,φ)` structure are the *same object*."""	frontier/B305_eisenstein_trinification_grading/FINDINGS.md;frontier/B305_eisenstein_trinification_grading/arc_verdict.json
222	E008	B306_principal_grading_cascade	IDENTIFICATION_BY_TYPE	HOLDS	SELF_CAUGHT	Matches the flag's own detail exactly: the arc explicitly names the numeric coincidence (N=5 = k+2) and rejects it in the same sentence as mixing two unrelated arithmetic ends, tagging it [LEAP] rather than asserting it as forced.	"FINDINGS.md:37-38: ""**N=5 (the left-right, SM-containing point) is `k+2`** — the figure-eight's WRT level (`k=3`). Striking, but `ζ₅` is the **golden / E₈ end** (B261), not the `ℚ(√−3)` end, so connecting the N=5 grading to the figure-eight's level *mixes the two ends* — flagged as a `[LEAP]`, not a forced connection."""	frontier/B306_principal_grading_cascade/FINDINGS.md;frontier/B306_principal_grading_cascade/arc_verdict.json
226	E009	B312_face_iv_houses_the_form	IDENTIFICATION_BY_TYPE	HOLDS	UNCAUGHT	Three genuinely distinct mathematical objects (a finite subgroup via McKay, a Lie-algebra principal grading, a CIZ modular-invariant classification) are declared 'the same E6 (same Dynkin data)' solely because they share Coxeter number 12 and exponent set {1,4,5,7,8,11}. The arc's 'fence' section firewalls only the physics/SM-values reading (the level being 'generic'), not the type-identification itself, which is banked as a proved structural fact in both FINDINGS and the verdict's claim_one_line -- no line rejects or scopes the identification-by-shared-invariant move itself.	FINDINGS.md: '## One E6, three ADE hats\nThe shared invariants are Coxeter number 12 and exponents {1,4,5,7,8,11}: McKay -> 2T...; Lie -- the E6 principal grading...; CIZ -- the exceptional E6 modular invariant of SU(2)10... So Face IV genuinely houses the E6 the content carries -- it is the same E6 (same Dynkin data)'; arc_verdict.json: 'claim_one_line': 'Showed Face IV houses the same E6 as the content via the CIZ level-10 modular invariant...'	frontier/B312_face_iv_houses_the_form/FINDINGS.md;frontier/B312_face_iv_houses_the_form/arc_verdict.json
232	E056	B319_b176_woven_vs_single	SELF_REFERENTIAL_LOCK	HOLDS	UNCAUGHT	Only hurwitz_is_monotone() is computed; every other conjunct (WOVEN_LADDER_IS_STANDALONE, NO_CONTRADICTION, B176_FULLY_RESOLVED, etc.) is a hardcoded module-level True constant, and both the test file and arc_verdict.json assert verdict()==PROVED as a result without noting that the constants are unfalsifiable prose restatements rather than checks.	b176_woven_vs_single.py:49-56: / WOVEN_LADDER_IS_STANDALONE = True          # B176 C2/C4 reproduced (golden_privilege.py ALL CHECKS PASS) / SINGLE_OPERATOR_FRACTALITY_IS_MONOTONE = True   # C1: Hurwitz 1/sqrt(m^2+4) monotone; Damanik-Gorodetski / TWO_DIFFERENT_OBSERVABLES = True ... B176_FULLY_RESOLVED = True / b176_woven_vs_single.py:59-65: def verdict(): /     return bool( /         hurwitz_is_monotone() /         and WOVEN_LADDER_IS_STANDALONE and SINGLE_OPERATOR_FRACTALITY_IS_MONOTONE /         and TWO_DIFFERENT_OBSERVABLES and NO_CONTRADICTION and STANDALONE_IS_A_COLLECTIVE_EFFECT /         and SINGLE_OP_MEASURE_IS_Q_SENSITIVE and B176_FULLY_RESOLVED and not DERIVES_SM_VALUES /     )	/tmp/claude-0/-home-user-origin-axiom/def55705-87fb-5c25-8c65-d57916765de8/scratchpad/wt_main/frontier/B319_b176_woven_vs_single/b176_woven_vs_single.py;/tmp/claude-0/-home-user-origin-axiom/def55705-87fb-5c25-8c65-d57916765de8/scratchpad/wt_main/tests/test_b319_b176_woven_vs_single.py;/tmp/claude-0/-home-user-origin-axiom/def55705-87fb-5c25-8c65-d57916765de8/scratchpad/wt_main/frontier/B319_b176_woven_vs_single/arc_verdict.json
235	E009	B321_seam_geometry_adjudication	IDENTIFICATION_BY_TYPE	HOLDS	SELF_CAUGHT	The arc explicitly names and fences the exact issue the flag raises -- it labels the |cusp shape|^2 = h(E6) = 12 match a non-invariant 'certificate/coincidence' rather than a canonical identity, in the same breath it reports it, satisfying the self-caught bar even though arc_verdict.json still calls it 'Verified'.	FINDINGS.md: 'Caveat: |tau|^2 is *not* SL(2,Z)-invariant (basis-dependent), so this is a certificate/coincidence, not a canonical invariant identity -- and any physics reading is firewalled.'	frontier/B321_seam_geometry_adjudication/FINDINGS.md;frontier/B321_seam_geometry_adjudication/arc_verdict.json
237	E009	B323_four_levels_adjudication	SELF_REFERENTIAL_LOCK	HOLDS	UNCAUGHT	Only object_has_no_z3(), e6_cartan_det(), and omega_circulant_ratio() are independently computed; the three prose-level conclusions (framing verified, the two Z/3's distinct, framing is helpful) are hardcoded True constants ANDed into verdict() with no independent check and no code comment flagging them as asserted rather than derived. arc_verdict.json's claim_one_line bank this as 'Verified the four-level map... distinct' without any fence on the hardcoding.	four_levels_adjudication.py:62-77: 'FOUR_LEVELS_FRAMING_VERIFIED = True ... TWO_Z3_ARE_DISTINCT = True ... FRAMING_IS_A_HELPFUL_CONSOLIDATION = True ...' then 'def verdict(): return bool(object_has_no_z3() and e6_cartan_det() == 3 and abs(omega_circulant_ratio() - 0.145) < 0.03 and FOUR_LEVELS_FRAMING_VERIFIED and TWO_Z3_ARE_DISTINCT and FRAMING_IS_A_HELPFUL_CONSOLIDATION and ...)'	frontier/B323_four_levels_adjudication/four_levels_adjudication.py;frontier/B323_four_levels_adjudication/arc_verdict.json
242	E009	B337_structure_xor_ordering	IDENTIFICATION_BY_TYPE	HOLDS	SELF_CAUGHT	The arc directly names the three-seeds/three-generations count match and rejects it as forced, calling it an unforced ansatz rather than banking it as a derived identification -- matches the flag's description exactly.	FINDINGS.md: '(a) Is {1,2,3} forced? No. B125's arithmeticity is a two-element selector {1,2} (golden Q(sqrt-3), silver Q(i)), not {1,2,3} -- and m=3 is non-arithmetic (deg >= 4). Taking three seeds as the three generations is an ansatz: it relocates the arbitrariness (which seeds?) rather than removing it.'	frontier/B337_structure_xor_ordering/FINDINGS.md
244	E009	B340_cp_phase_along_flow	FITTED_VALUE	HOLDS	UNCAUGHT	3.8 is the mean of six ratios (pi/6 - arg kappa)/CS^2 computed from six recorded SnapPy fillings, accepted if the mean falls in (3.4,4.0) with std<0.3 -- a fitted average, not a closed-form derived constant. FINDINGS.md and arc_verdict.json both state '(pi/6 - arg kappa) ~ 3.8*CS^2' as a found second-order scaling with no mention that 3.8 is a fit average, no residuals, and no note of the six-point sample size.	cp_phase_along_flow.py:45-47: 'def deviation_is_second_order(): ... ratios = [(np.pi/6 - np.radians(arg)) / cs**2 for arg, mod, cs in FLOW.values()]; return 3.4 < np.mean(ratios) < 4.0 and np.std(ratios) < 0.3'; arc_verdict.json: 'claim_one_line': '...decreases as 3.8*CS^2, i.e. second order in chirality.'	frontier/B340_cp_phase_along_flow/FINDINGS.md;frontier/B340_cp_phase_along_flow/cp_phase_along_flow.py;frontier/B340_cp_phase_along_flow/arc_verdict.json
266	E010	B371_minimal_two_state_sector	IDENTIFICATION_BY_TYPE	HOLDS	SELF_CAUGHT	The arc explicitly labels itself FIREWALLED and states up front that no physics object is being claimed, before using 'helicity pairing'/'Weyl operator'/'parity' as strictly-defined labels for the 2-dim invariant subspace; the disclaimer is the fence the flag says is present.	"FINDINGS.md:4-6: FIREWALLED: the originating question was ""can we compute a photon?"" and the answer is NO — no gauge field, spacetime, mass, or coupling exists in this mathematics (K020). What is banked is a *photon-shaped slot* only in the strict sense below."	frontier/B371_minimal_two_state_sector/FINDINGS.md;frontier/B371_minimal_two_state_sector/arc_verdict.json
272	E010	B382_why_one_twelfth	FITTED_VALUE	HOLDS	SELF_CAUGHT	The arc itself uses the word 'fit' for both constants and states the fit was cross-checked against a prediction 'registered in verify_canonical.py BEFORE running' — the fence the flag describes is present verbatim in FINDINGS.md, not hidden behind a bare PROVED verdict.	FINDINGS.md:43-50: The law, every convention pinned by data (fit over all five domain words, then the canonical cross-check registered-and-passed): ... `½·ω(v,(γ−I)⁻¹v)` — the classical Hannay–Berry quadratic (fit α = 8 = 2⁻¹ ... −½·ab` — the X^aZ^b ↔ Weyl-ordering correction (fit s = 7 = −2⁻¹).	frontier/B382_why_one_twelfth/FINDINGS.md;frontier/B382_why_one_twelfth/arc_verdict.json
279	E010	B392_wall_probes	IDENTIFICATION_BY_TYPE	HOLDS	SELF_CAUGHT	The arc pre-registers the type-match test, firewalls interpretation out of the arc files, and reports NO-MATCH as its own result; arc_verdict.json's claim_one_line likewise states 'no tricritical-Ising T-spectrum match' — no overclaim is made anywhere in the arc.	FINDINGS.md:4-11: Firewalled — interpretation lives in the speculations note, not here. ## P-DYNAMICS: NO-MATCH (as registered) /  / Our sector twist exponents {3/10, 7/10} vs the tricritical-Ising T-spectrum ... no member matches (exact rationals, p_dynamics.json).	frontier/B392_wall_probes/FINDINGS.md;frontier/B392_wall_probes/arc_verdict.json
288	E010	B400_canonical_frame	IDENTIFICATION_BY_TYPE	HOLDS	SELF_CAUGHT	The arc's own verdict is NEGATIVE ('no canonical 3x3 frame exists'), explicitly closing the door on treating the 3-dim label space as licensing a mixing-matrix identification; it names the type-coincidence and rejects it as unjustified rather than asserting the identification.	FINDINGS.md:3-4,14-16: Firewalled — geometry only; no observable comparisons anywhere. ... F4 verdict: OBSTRUCTED, canonically. ... No canonical 3×3 frame exists; any mixing-type object linking these structures requires arbitrary identification choices.	frontier/B400_canonical_frame/FINDINGS.md;frontier/B400_canonical_frame/arc_verdict.json
297	E010	B410_coupling_derivation	CLAIM_EXCEEDS_COMPUTATION	HOLDS	SELF_CAUGHT	arc_verdict.json's terse claim_one_line ('reducing the crown's why to the banked M1 stratification law') omits the open residual, but the arc's own FINDINGS.md title and body explicitly name and fence the unresolved 'deep residual' as STAGED, so the overclaim does not survive reading the full arc, only a verdict-only skim.	FINDINGS.md:1,24-28: # B410 (Phase 2b) — the coupling-channel derivation: advanced, crown residual STAGED ... The deep residual (STAGED with the exact obstruction): WHY the dark-C 5-side withholds √5 at exactly the X₃-paired frequencies — this is NOT a per-side statement ... it is the genuine specialist-adjacent core and STAGES here. The coupling theorem = M1 stratification (banked) + this residual (staged).	frontier/B410_coupling_derivation/FINDINGS.md;frontier/B410_coupling_derivation/arc_verdict.json
308	E011	B428_upstairs_spin_walls	IDENTIFICATION_BY_TYPE	HOLDS	SELF_CAUGHT	The Sym-parity/integer-spin=bosonic dictionary under SL(2,C)=Spin(3,1) is exactly what the arc uses (FINDINGS.md:21-22), but the source file that produces the numbers explicitly fences the interpretation as carrying no licensed physics claim. The arc_verdict.json claim_one_line itself only states the group-theoretic facts (anyons/integer-spin), not a physics identification. Whether this fence actually stops the identification from propagating into child arcs B429/B430 (as the flag worries) cannot be checked from this arc's own files.	"spin_walls.py:25-26: ""Firewall: Lie-theoretic branching + modular-category arithmetic. Anyons are 2+1d exchange statistics, not 3+1d spin. No physics claim licensed."""	frontier/B428_upstairs_spin_walls/FINDINGS.md;frontier/B428_upstairs_spin_walls/arc_verdict.json;frontier/B428_upstairs_spin_walls/spin_walls.py
318	E011	B448_heartbeat_adjudication	IDENTIFICATION_BY_TYPE	HOLDS	UNCAUGHT	"The arc does note the promiscuity caution generically (small discriminants recur), but then still asserts the cross-mechanism identity as a banked positive (""Banked positives"" list, line 106-108) rather than retracting or fencing the 'third independent appearance' naming itself — the caution is raised and set aside, not used to reject the identification."	"FINDINGS.md:78: ""the CHIRALITY field (B147/B316/B444) — its THIRD independent appearance."" FINDINGS.md:99-104: ""the double beat is the chirality field (ℚ(√−7)), its third independent mechanism ... small discriminants recur promiscuously across the class at low periods, the known small-number caution."""	frontier/B448_heartbeat_adjudication/FINDINGS.md;frontier/B448_heartbeat_adjudication/arc_verdict.json
319	E011	B449_forcing_boundary	IDENTIFICATION_BY_TYPE	HOLDS	UNCAUGHT	The arc transparently discloses that the 'law' rests on exactly two computed points (golden, silver) plus one registered-but-unrun bronze prediction, and reinterprets disc(trace)x disc(Alexander) as disc(geometry)x disc(dynamics) post hoc once the fig-8 case worked — but it still bank the result as verdict PROVED and calls it a 'law' rather than fencing the generalization as unconfirmed pending the bronze test.	"FINDINGS.md:33: ""The in-family conductor law (the honest generalization), two points + a coherence witness:"" arc_verdict.json:4: ""verdict"": ""PROVED"" ... ""the in-family conductor law gives 15 (golden) and 8 (silver)."""	frontier/B449_forcing_boundary/FINDINGS.md;frontier/B449_forcing_boundary/arc_verdict.json
323	E011	B459_klein_four_verification	IDENTIFICATION_BY_TYPE	HOLDS	SELF_CAUGHT	The arc names the Klein-four/C×P type-match explicitly and HOLDs it per standing rule in both FINDINGS.md and the ADDENDUM, repeatedly, exactly as the flag describes -- discipline applied, not asserted as physics.	"FINDINGS.md:46-49: ""HELD(value-matching): '17:6:1 ↔ CKM:PMNS:strong-CP', and any C/P assignment of the Galois elements ... ℤ/2×ℤ/2 ≅ C×P is a structural predicate that cannot fire alone (B452's frozen rule); it is also the automorphism group of every biquadratic field — the weakest possible structural match."" ADDENDUM.md:72-74: ""ℤ/2×ℤ/2 ≅ 'CP structure' remains a structural predicate that cannot fire alone (B452's frozen rule); 'you cannot accidentally reproduce a coset structure' remains inverted."""	frontier/B459_klein_four_verification/FINDINGS.md;frontier/B459_klein_four_verification/arc_verdict.json;frontier/B459_klein_four_verification/ADDENDUM.md
330	E011	B467_family_residue_wall	IDENTIFICATION_BY_TYPE	HOLDS	SELF_CAUGHT	F1 was designed and prereg'd specifically to test the metallic-eigenvalue-ratio vs CKM identification-by-type trap, ran a fixed function class against a null model, and returned zero hits -- the temptation is tested and rejected, matching the flag's own characterization.	"FINDINGS.md:18-24: ""F1 — the family-ratio scan vs CKM: an EARNED negative ... 886 prereg'd expressions ... against the four CKM targets at rel-tol 1e-3: ZERO hits on every target, with the null model expecting ~0.35 (Cabibbo) — no anomaly in either direction ... the negative is earned, not assumed."""	frontier/B467_family_residue_wall/FINDINGS.md;frontier/B467_family_residue_wall/arc_verdict.json
339	E011	B476_interaction_algebra	IDENTIFICATION_BY_TYPE	HOLDS	SELF_CAUGHT	The span-36=gl(2)xgl(3)=SM-gauge-algebra claim is the exact identification-by-type trap named in the flag, and the arc's own headline, verdict (NEGATIVE) and body (all four numbers refuted; span 49 not 36, factors 5 and 13 not 4 and 9) reject it outright.	"FINDINGS.md:1-6: ""the 'critical interaction algebra = SM gauge algebra' claim: refuted on all four numbers ... Verified same-hour: REFUTED. Ninth float-kill."" arc_verdict.json:3: ""verdict"": ""NEGATIVE"""	frontier/B476_interaction_algebra/FINDINGS.md;frontier/B476_interaction_algebra/arc_verdict.json
345	E012	B485_metallic_apoly_family	CLAIM_EXCEEDS_COMPUTATION	HOLDS	UNCAUGHT	The only script that touches Alexander polynomials (apoly_sage.py) iterates m in {1,2,3} only and never computes m=4,5, and never asserts equality to the claimed closed form -- it just prints M.alexander_polynomial(). No log captures its output (conj_log.txt/elim_log.txt are for a different, failed elimination attempt). Verdict is PROVED with the m=1..5 claim stated flatly, no fence.	"frontier/B485_metallic_apoly_family/FINDINGS.md:12-13: 'verified in sage/snappy for m = 1,2,3,4,5 (a²−3a+1, a²−6a+1, a²−11a+1, a²−18a+1, a²−27a+1)' // arc_verdict.json: ""verdict"": ""PROVED"", ""claim_one_line"": ""...verified m=1..5..."" // apoly_sage.py:15: 'for m,name in [(1,'4_1'),(2,'m136'),(3,'s464')]:' (only m=1,2,3, and only calls M.alexander_polynomial() with no comparison to a²-(m²+2)a+1)"	frontier/B485_metallic_apoly_family/FINDINGS.md;frontier/B485_metallic_apoly_family/arc_verdict.json;frontier/B485_metallic_apoly_family/apoly_sage.py;frontier/B485_metallic_apoly_family/conj_log.txt;frontier/B485_metallic_apoly_family/elim_log.txt
371	E012	B517_bootstrap_forcing	IDENTIFICATION_BY_TYPE	HOLDS	SELF_CAUGHT	The arc itself labels the shared-field observation '[MATH: same field; HOOK, firewalled]' and closes with 'no physical value claimed', explicitly fencing it as a type-level coincidence, not a physical identification. The verdict's claim_one_line does not assert this identification as a result.	frontier/B517_bootstrap_forcing/FINDINGS.md:63-67: '## B1 — √φ is already in the program (the anyon connection, verified shared field)\nβ = φ(1+√φ) lives in ℚ(√5, √φ). The Fibonacci anyon F-matrix (B484) is [[1/φ, 1/√φ],[1/√φ, −1/φ]] — entries in the SAME field ℚ(√5, √φ). ... [MATH: same field; HOOK, firewalled: the 3d spatial structure and the object's Fibonacci-anyon braiding meet at √φ.]' and line 74: '...firewalled; no physical value claimed.'	frontier/B517_bootstrap_forcing/FINDINGS.md;frontier/B517_bootstrap_forcing/arc_verdict.json
384	E013	B526_crossing_package	IDENTIFICATION_BY_TYPE	HOLDS	SELF_CAUGHT	The arc's own FINDINGS explicitly names the tetrahedral Gram match as essentially by construction and the verdict is NEGATIVE, not an asserted physics discovery -- the flag's premise holds and the arc self-defuses it in the same passage.	"FINDINGS.md:21-24: ""**Honest reading:** the Gram-match is essentially *by construction* (dᵢᵀS_tet dⱼ = C_ij algebraically); the elegant part is that D_r⁻¹r = 𝟙 and C𝟙 = 0, so the kernel is exactly the time-line r. And the tetrahedral isotropy is an **imposed** demand ... So: canonical *conditional on* an isotropy assumption, not object-forced."" arc_verdict.json: ""verdict"": ""NEGATIVE"""	frontier/B526_crossing_package/FINDINGS.md;frontier/B526_crossing_package/arc_verdict.json
392	E013	B530_natural_history	IDENTIFICATION_BY_TYPE	HOLDS	SELF_CAUGHT	The field-containment coincidence the flag targets (ℚ(√5,√−3) containing √−15) is explicitly named by the arc's own movement XXIII as a generic compositum fact ('field theory, not selection') and movement XXIV further walks back over-closure; the arc's PROVED verdict/claim_one_line concerns a different (Sturmian-grammar) result and does not assert the seam coincidence as physically significant.	"FINDINGS.md:586-589: ""**But it is field theory, not selection:** √−15 = √5·√−3 lies in ℚ(√5,√−3) for **any** golden × Eisenstein pair, coupling-independent — a theorem, not an object property... **Verdict: the second-seed seam is GENERIC** (a field compositum, not an object selection)."" FINDINGS.md:619-625 (movement XXIV): ""the object-selection question is UNTESTED here ... 'generic' answered a trivial sub-question, not the verdict."" ... ""The confident 'world-empty, confirmed from both sides' ... is **retracted as over-closure**."""	frontier/B530_natural_history/FINDINGS.md;frontier/B530_natural_history/arc_verdict.json
394	E013	B532_last_echo	IDENTIFICATION_BY_TYPE	HOLDS	UNCAUGHT	The i6 scripts print combinatorial/spectral quantities under physics category names (Born rule, Matter, Gravity, Thermodynamics) as headline 'FORCED' results with no fence distinguishing structural analogy from physical identification; the 'DISCRIMINATING FACTS (computed, not asserted)' section (lines 181-208) only certifies the underlying numerics, not the physics-label mapping. FINDINGS.md and arc_verdict.json never reference i6 at all, so this overclaim sits unfenced in its own script output.	"i6_phase3_synthesis.py:99-136: ""WITHOUT ANY EXTERNAL INPUT, σ forces: 1. TIME ARROW ... 2. TRANSITION PROBABILITIES ... The \""Born rule\"" is deterministic but structured ... 4. COMPLEXITY SCALING ... 5. FOUR IRREDUCIBLE SPECIES ... 9. TOPOLOGICAL GEOMETRY"" (labelled Matter/Gravity/Thermodynamics in the table at lines 44-77)"	frontier/B532_last_echo/i6_nine_ingredients.py;frontier/B532_last_echo/i6_phase2_probes.py;frontier/B532_last_echo/i6_phase3_synthesis.py;frontier/B532_last_echo/FINDINGS.md;frontier/B532_last_echo/arc_verdict.json
398	E013	B533_coupling_invariance	FITTED_VALUE	HOLDS	SELF_CAUGHT	The arc's own re-audit explicitly identifies and corrects the miscalibrated false-positive control and concludes the SM-ratio matches are consistent with chance -- a negative result, not a fitted-value discovery -- documented in the same file.	"FINDINGS.md:305-308: ""**No SM ratio is an element of ℚ(√φ) with small coefficients.** All matches are at precision expected from lattice density (the false-positive control confirms this)..."" FINDINGS.md:357-362: ""Gate 3's original false-positive control drew from [0, 200] while most SM targets are ≪ 20, where the coefficient-box lattice is denser; the '7 hits vs 1.2 expected' excess was an artifact of that mismatch. The corrected control shows no excess."""	frontier/B533_coupling_invariance/FINDINGS.md;frontier/B533_coupling_invariance/arc_verdict.json
409	E055	B552_z11_charge	IDENTIFICATION_BY_TYPE	HOLDS	SELF_CAUGHT	The arc explicitly fences the numeric coincidence as 'noted, not interpreted' and the verdict/claim_one_line does not mention or rely on the disc-adjacency at all — it is confined to the 'Reading (firewalled)' section.	FINDINGS.md: 'The 11 is disc-adjacent (disc = −400; 11 is the first prime where the charpoly x⁴−2x³−5x²−4x−1 has a specific factorization type — noted, not interpreted).'	frontier/B552_z11_charge/FINDINGS.md;frontier/B552_z11_charge/arc_verdict.json
410	E055	B552_z11_charge	CLAIM_EXCEEDS_COMPUTATION	HOLDS	UNCAUGHT	FINDINGS.md caveats that the full 12-node transport sweep is chat-2's computation, not reproduced in this arc, but arc_verdict.json's claim_one_line asserts full-flow transport as settled fact with no such caveat — the overclaim reaches the verdict record uncaught.	"FINDINGS.md: 'Reproduced here for the census systems; the full 12-node sweep is chat-2's computation, consistent with B540's flow.' vs arc_verdict.json: ""claim_one_line"": ""coker(I−M) ≅ ℤ/11 with primitive left generator χ=(1,3,6,7) is conserved by σ and transported unchanged along the observer flow, and it decouples from the double clock."""	frontier/B552_z11_charge/FINDINGS.md;frontier/B552_z11_charge/arc_verdict.json
413	E013	B555_the_prediction	CLAIM_EXCEEDS_COMPUTATION	HOLDS	UNCAUGHT	The document's own falsifiable prediction and 'complete, exact, and internally locked' claim rest on a finite-N spectral hardening explicitly credited to B543 (not in this arc/packet), while B555's only committed code (tests/test_b555.py) checks purely algebraic self-consistency of the label formulas, not an actual finite-size spectral computation; no fence in THE_PREDICTION.md scopes the 'complete' claim down to algebraic consistency only.	"THE_PREDICTION.md:41-42: ""Resolution 1/N must beat the ~2×10⁻² separation: N ≳ 1500 sites resolves it; N = 24,001 gives 22–59× margins (B543 hardening, falsifier silent)."" THE_PREDICTION.md:63-64: ""Nothing else is computationally blocking. The prediction is complete, exact, and internally locked."" test_b555.py:14-17 (test_degree4_off_golden_lattice) only checks the label formulas against Z+Z/phi algebraically, no finite-N IDS/Sturm-count spectral run in this arc."	frontier/B555_the_prediction/THE_PREDICTION.md;tests/test_b555.py
417	E014	B558_three_level_negative	IDENTIFICATION_BY_TYPE	HOLDS	SELF_CAUGHT	Arc verdict is NEGATIVE and claim_one_line reports SM numbers absent; the two golden-number/sin^2(theta_W) coincidences are explicitly logged as non-significant 'landmines,' fully matching the flag's own description.	"FINDINGS.md:42-51: ""## NAMED ANTI-NUMEROLOGY LANDMINES (record so nobody re-excites)\nTwo persistent Weinberg-angle near-misses, BOTH non-significant:\n1. **The topological near-miss:** ... **1/φ³ = 0.23607** is **2.1%** from sin²θ_W = 0.23122. ... 2.1% fails any bar; it is a FIXED golden number, not adjustable.\n2. **The look-elsewhere near-miss:** at V=1, one gap-edge ratio 0.2025/0.8735 = 0.2318 matches sin²θ_W to 0.26% — but this is one pair out of (many couplings)×(many ratios)×(many edge pairs); a search artifact, not a prediction."""	frontier/B558_three_level_negative/FINDINGS.md;frontier/B558_three_level_negative/arc_verdict.json
420	E014	B560_crossseat_campaign	IDENTIFICATION_BY_TYPE	HOLDS	SELF_CAUGHT	Cell 2 explicitly constructs the arithmetic-invariant collision (matching charpoly/det/Smith form/GL(Z)-conjugacy) between S_a and S_B and states in its own status line that this refutes using the invariant packet to predict the flow target — a self-administered refutation, not an uncaught type coincidence.	"CELL2_OBSERVER_PROTOCOL_FINDINGS.md:143-193: ""The nodes S_a=sigma and S_B have: ... identical characteristic polynomial; identical determinant; identical Smith group coker(I-A)=Z/11; integrally conjugate incidence matrices. ... Nevertheless, under prefix length one, S_a -> S_a, S_B -> K1_N0. So the packet (q, F_2 class, Z/11 charge, SNF, GL(Z) class) does not determine the observer-flow target. ... **Status:** `REFUTED BY EXACT GL(Z)-CONJUGATE COLLISION`"""	frontier/B560_crossseat_campaign/cells/Cell_2/CELL2_OBSERVER_PROTOCOL_FINDINGS.md;frontier/B560_crossseat_campaign/cells/Cell_2/cell2_observer_protocols.py;frontier/B560_crossseat_campaign/cells/Cell_2/CELL2_OBSERVER_PROTOCOL_CERTIFICATE.json
425	E014	B565_gauge_behavior_campaign	IDENTIFICATION_BY_TYPE	HOLDS	SELF_CAUGHT	RESULTS.md itself appends the explicit caveat 'a structure match, not a generations claim' directly on the MATCH(100%) row, fencing the orbit/weight coincidence from being read as a derivation of identity or a generations claim.	"RESULTS.md:21: ""| **H1-triality** | **MATCH (100%)** | B299's (θ,φ) ℤ₃×ℤ₃ **IS** Boyle's SO(8) triality at the weight level: ... **The first live structural generations connection** (firewalled: a structure match, not a generations claim) |"""	frontier/B565_gauge_behavior_campaign/RESULTS.md
427	E014	B568_own_questions	SELF_REFERENTIAL_LOCK	HOLDS	SELF_CAUGHT	The detail (anthropomorphic framing risk from words like heartbeat/eyes/curiosity) accurately describes the document's language, but the document opens by explicitly fencing that language as 'descriptive vocabulary for internal structure' rather than a claim of sentience or physical universe-creation; note the assigned kind SELF_REFERENTIAL_LOCK does not match the detail's actual content (an overclaim/framing concern, not a self-checking test/verdict), but judged on the detail as written the fence is present in the arc itself.	"RESULTS.md:1-6: ""# B568 — The Own-Questions Session: sixteen answers (2026-07-14)\n... Firewalled throughout; every physics-flavored word is descriptive vocabulary for internal structure."""	frontier/B568_own_questions/RESULTS.md
433	E014	B572_eleven_clauses	CLAIM_EXCEEDS_COMPUTATION	HOLDS	SELF_CAUGHT	Arc verdict is NEGATIVE and FINDINGS.md explicitly names the clause-9 gap as an 'unpaid weld'/'silent selector switch' and an open item rather than a solved step, exactly matching the flag's description as the arc's own finding.	"FINDINGS.md:50-60: ""Then Clause 9 switches routes: gauge comes from the θ-fold (→ F₄, whose matter is vector-like — B569), while the chiral fermion content comes from **Spin(10)×U(1) ⊂ E₆ — a different subgroup, not θ-fixed, which nothing in the object selects.** The chain pays for this switch nowhere. ... The unpaid items: (i) the selector switch F₄ → Spin(10)×U(1); (ii) the c→θ transport. These are THE open items...""; arc_verdict.json: ""verdict"": ""NEGATIVE"""	frontier/B572_eleven_clauses/FINDINGS.md;frontier/B572_eleven_clauses/arc_verdict.json
435	E015	B576_deformed_closure	IDENTIFICATION_BY_TYPE	HOLDS	SELF_CAUGHT	The arc itself names and rejects the D5/A5 dimension-coincidence identification; the verdict.json claim_one_line ('Zariski closure is forced to full E6... 27 is chiral') does not depend on the retracted D5/A5 framing.	"FINDINGS.md:63-65: ""The correction of my own D₅/A₅ framing is part of the bank: the closure landscape never contained them (they are not block-sums); the true dichotomy is F₄-stratum vs full E₆."""	frontier/B576_deformed_closure/FINDINGS.md;frontier/B576_deformed_closure/arc_verdict.json
440	E015	B579_session_handoff	IDENTIFICATION_BY_TYPE	HOLDS	SELF_CAUGHT	Arc explicitly refuses to bank these phi-power matches as findings, routing them to a hint ledger and calling the strongest one 'observed coincidence, not a prediction'; arc_verdict.json is NEGATIVE and its claim_one_line states 'the phi-power scan is routed to hints.'	"FINDINGS.md:39-42: ""the scan is routed to HINT_LEDGER, not banked as findings: - α_s(M_Z) = 1/(2φ³) (0.04σ observed; five derivation attempts failed -- the handoff's own honest verdict: observed coincidence, not a prediction); sin²θ₁₃ = 1/φ⁸ (0.7σ); the Koide ↔ h(27) = 2/3 association (numerical, no mechanism)"""	frontier/B579_session_handoff/FINDINGS.md;frontier/B579_session_handoff/arc_verdict.json
441	E015	B580_chord_program	CLAIM_EXCEEDS_COMPUTATION	HOLDS	SELF_CAUGHT	The same paragraph that states the strong claim immediately demotes it in an explicit audit-qualification clause, and a separate banking note re-scopes it again; no arc_verdict.json exists for B580 (only a transcript) and no other file asserts the stronger claim unfenced.	"ROUND1_TRANSCRIPT.md:11: ""Audit qualifications that travel with the bank: the strongest form of the headline ('θ-odd component = 0 exactly,' which needs the individual value of c₂₇) rests on the cited abelian colored-blindness fact, not an in-sandbox braid/R-matrix computation -- the in-sandbox-proven statement is unreachability, not vanishing""; line 69-71 (BANKING NOTE): ""Q1 banks with its strongest sub-claim scoped (computed: θ-odd UNREACHABLE by fillings; cited-pending-computation: θ-odd = 0 exactly...)"""	frontier/B580_chord_program/ROUND1_TRANSCRIPT.md;frontier/B580_chord_program/PREREGISTRATION.md;frontier/B580_chord_program/LITERATURE_FRAMING.md
445	E015	B583_chiral_content	FITTED_VALUE	HOLDS	SELF_CAUGHT	The section heading itself marks the original X2 result FAILED and invalidates its headline; X2R is the recomputed, corrected version, and arc_verdict.json's claim_one_line ('the corrected interference obeys a quadrature theorem') rests on the corrected X2R, not the retracted fitted phase.	"FINDINGS.md:23-30: ""## X2 -- FAILED AS COMPUTED; the corrected structure registered (verifier catch) ... The cell put Vol in the oscillatory phase ... a role inversion ... The 'exact torsion × transcendental phase' headline is invalidated (and the transcendence claim was a PSLQ-null overclaim)."""	frontier/B583_chiral_content/FINDINGS.md;frontier/B583_chiral_content/arc_verdict.json
450	E015	B592_mirror_listener	IDENTIFICATION_BY_TYPE	HOLDS	UNCAUGHT	The code's only automated identity check is the optional spherogram call, which in this environment actually fails and falls back to citing the word as 'standard' rather than verifying it; FINDINGS.md nonetheless reports the identification as verified ('unique match among 7 candidates') under control C4: PASS, with no fence disclosing the citation-fallback, so the stronger claim is asserted as a result rather than scoped.	"mirror_listener.py:212-222: ""# 5_2 braid word (standard): [1, 1, 1, 2, -1, 2] (verified: its closure is 5_2 ... otherwise the word is cited)"" ... ""except Exception as e: print(f'  (spherogram identification unavailable: {e}; braid word cited)')""; running it reproduces: ""(spherogram identification unavailable: bad operand type for abs(): 'list'; braid word cited)""; yet FINDINGS.md:52-54 states as an achieved PASS: ""the braid word's closure verified to be 5₂ by the Jones layer (unique match among 7 candidates at generic q)"""	frontier/B592_mirror_listener/FINDINGS.md;frontier/B592_mirror_listener/mirror_listener.py;frontier/B592_mirror_listener/r3m_open_matrix.py;frontier/B592_mirror_listener/arc_verdict.json;PROGRESS_LOG.md
452	E046	B593_round4_hearing	IDENTIFICATION_BY_TYPE	HOLDS	SELF_CAUGHT	FINDINGS.md has an explicit 'Caveat made explicit' subsection using almost the same wording as the flag (lemma cited, not re-proven). The arc_verdict's claim_one_line covers only R4-A's amplitude result, not the R4-B identification, and R4-B is itself labeled a 'null' result, not asserted as proved.	"FINDINGS.md (R4-B): ""braid word gated by the determinant identity |V(-1)| = 37.0000"" ... ""Caveat made explicit: 'reverse = the reversed-word closure' is the standard braid anti-involution lemma (cited, not re-proven here); V3's triangle supports it circumstantially. The R4-B null's wording depends on this lemma."""	frontier/B593_round4_hearing (worktree copy)/FINDINGS.md;arc_verdict.json
457	E046	B597_d1_dictionary	IDENTIFICATION_BY_TYPE	HOLDS	SELF_CAUGHT	The arc explicitly labels the exclusion CONDITIONAL and states plainly 'it is not yet an existence proof'; claim_one_line preserves the '(conditionally)' qualifier, so the overclaim the flag warns against is not made in the verdict.	"FINDINGS.md: ""Both planes carry canonical line-splittings."" ... ""chat-1's free-rotation outcome C is structurally excluded, CONDITIONAL on (i) the existence of a semiclassical map and (ii) the map respecting the torsion-width structure ... it is not yet an existence proof."" | arc_verdict.json:4: ""claim_one_line"": ""...structurally exclude the free-rotation outcome C (conditionally), narrowing D1 to the existence question."""	frontier/B597_d1_dictionary (worktree copy)/FINDINGS.md;arc_verdict.json
459	E055	B598_l85_campaign	IDENTIFICATION_BY_TYPE	HOLDS	SELF_CAUGHT	The nearest-candidate procedure is exactly as described (7 ad hoc closed forms, best match 8e-12 vs next-best 24%), but the arc itself relabels this whole section from a stronger claim to 'a CALIBRATION' and explicitly states the extraction is self-consistent rather than independent — a direct epistemic downgrade/fence, not an uncaveated identification.	FINDINGS.md: '## P0 — the C1 baseline: a CALIBRATION (relabeled per the seat-4 audit, 2026-07-15)\n(The extraction is self-consistent rather than independent — the growth-rate gate uses the measured prefactor; the identified constants agree with the externally known asymptotics, which is what a calibration establishes.)' Code (p0_c1_baseline.py:57-64) confirms 7 constructed candidates compared by nearest-distance, matching the flag's description exactly.	frontier/B598_l85_campaign/FINDINGS.md;frontier/B598_l85_campaign/p0_c1_baseline.py;frontier/B598_l85_campaign/arc_verdict.json
466	E016	B604_rosetta_blocks	IDENTIFICATION_BY_TYPE	HOLDS	SELF_CAUGHT	The arc explicitly fences the D5/16 gauge-matter reading as chat-1's physics interpretation layered atop the pure root/subsystem math it banks; arc_verdict.json's verdict is NEGATIVE and its claim_one_line makes no physical identification, only a math-structural (mixing) claim.	"FINDINGS.md: '[FIREWALL: ""D₅ = gauge, 16 = matter"" is chat-1's physics reading; the mathematics banked here is subsystem/coset root content. Under their reading, the consequence is as they stated...]'"	frontier/B604_rosetta_blocks/FINDINGS.md;frontier/B604_rosetta_blocks/arc_verdict.json
467	E047	B605_door2_involution	CLAIM_EXCEEDS_COMPUTATION	HOLDS	UNCAUGHT	classify() literally emits 'OTHER: S=...' for both phi(a)=A and phi(a)=B families (confirmed in the actual printed run output); FINDINGS.md nonetheless asserts these as confirmed ORDER-4 elements matching D4's coset structure, with no line in FINDINGS.md, the script, or the output reconciling the classify() 'OTHER' label with the order-4 assertion — the order-4 claim is argued purely from group-theoretic reasoning (τ²=the half-longitude, D4's coset count), never confirmed by any computed order-check in the committed script.	"FINDINGS.md:31-32: '(∉ Γ, = the r² of D₄) ⇒ ORDER-4 elements, exactly matching D₄'s coset structure'; door2_involution.py:140 `return f""OTHER: S = {S.tolist()}"", S`; door2_output.txt:7: 'family phi(a)=B, phi(b)=aBA: ... -> OTHER: S = [[-1/2 + sqrt(3)*I/2, 1], ...]'"	frontier/B605_door2_involution/FINDINGS.md;frontier/B605_door2_involution/door2_involution.py;frontier/B605_door2_involution/door2_output.txt;frontier/B605_door2_involution/arc_verdict.json
468	E016	B608_rosetta_gsm	IDENTIFICATION_BY_TYPE	HOLDS	SELF_CAUGHT	The arc itself states at the top of FINDINGS.md that the su(3)/su(2)/U(1)_Y labeling is a firewalled interpretive reading, not an SM claim; arc_verdict.json's claim_one_line likewise only asserts a mixing result over G_SM 'classes,' not a physical gauge-group identification.	FINDINGS.md: 'Nothing to `CLAIMS.md`; no SM quantities — math-tier subsystem/coset/charge census; the gauge/matter reading stays firewalled as interpretation.'	frontier/B608_rosetta_gsm/FINDINGS.md;frontier/B608_rosetta_gsm/arc_verdict.json
472	E047	B619_a5_bridge	IDENTIFICATION_BY_TYPE	HOLDS	SELF_CAUGHT	The arc's own verdict is NEGATIVE and its headline explicitly refutes both the |A5|=60 numeric-coincidence reading and CC's sharpened PSL(2,5) reading, computing the true orders (20, >400) instead — this is the campaign's own self-caught example, exactly as the flag's detail states.	"FINDINGS.md: '**Chat-1: ""the θ-odd clock order at the golden stages = 60 = |A₅|""** — REFUTED: ord ρ(A₁) = 20 EXACTLY...'; arc_verdict.json: ""verdict"": ""NEGATIVE"", ""claim_one_line"": ""Both A5-bridge readings are refuted by computed group orders..."""	frontier/B619_a5_bridge/FINDINGS.md;frontier/B619_a5_bridge/arc_verdict.json
491	E016	B634_conductor_chord	CLAIM_EXCEEDS_COMPUTATION	HOLDS	SELF_CAUGHT	PREREGISTRATION.md:75 shows the original G4 gate language ('permutation symmetry of Y verified exactly'); ERRATUM_1 point 3 names it and rejects it as false before any G2-G5 computation output exists in this arc_dir (only PREREGISTRATION.md and ERRATUM_1.md are present, no FINDINGS.md/output for G2-G5).	"ERRATUM_1.md:34-35: 'Gates G2–G5 as drafted are SUPERSEDED (G4's ""the closed manifold restores permutation symmetry"" was mathematically FALSE — the triple through a symmetric coefficient cubic is fully alternating on any closed 3-manifold, by graded commutativity).'"	frontier/B634_conductor_chord/ERRATUM_1.md;frontier/B634_conductor_chord/PREREGISTRATION.md
507	E047	B646_wave2_integration	FITTED_VALUE	HOLDS	SELF_CAUGHT	The amended law was explicitly built from the pattern of the 7 verbatim-rule misses (post-hoc), but the addendum is dated/sealed BEFORE the one true out-of-sample fresh-rung test (SU(3)_13), and both the fitting-on-failures structure and the correction are disclosed in the arc's own committed materials — matching the flag's own candid framing verbatim.	ADDENDUM_N2.md:1-2: '# N2 ADDENDUM — the amended (stage-split) clock law (sealed BEFORE the fresh-rung measurement...'; FINDINGS_CC2.md:16-17: 'Structure of the 7 misses = exactly {k=1 x2, k=2 x2, SU(3) would-be-kill rungs k=4,6,11} ⇒ the stage-split law scores 15/15 on banked k>=3 rungs.'; FINDINGS_CC2.md:23: 'CORRECTION LOGGED: banked E6 k=4 clock = 12 per disk artifact...; an in-context relay had mis-carried 36.'	frontier/B646_wave2_integration/FINDINGS.md;frontier/B646_wave2_integration/cc2_packets/next_queue/next_queue/n2_clock_law/ADDENDUM_N2.md;frontier/B646_wave2_integration/cc2_packets/next_queue/next_queue/n2_clock_law/FINDINGS_CC2.md
508	E047	B646_wave2_integration	SELF_REFERENTIAL_LOCK	HOLDS	SELF_CAUGHT	FINDINGS.md itself, under an 'Honest status' heading, states verbatim the same limitation the flag names — the laws are checked only via internal cross-pipeline agreement on the same closed object, disclosed as such rather than presented as externally validated.	FINDINGS.md:120-122: 'The heavy enumerations rest on the sending seat's sealed two-pipeline identity (7/7 exact where cross-checked); this seat re-ran the decisive deciders, the lemma battery, the lock file, and the spot-checks above.'	frontier/B646_wave2_integration/FINDINGS.md
510	E047	B646_wave2_integration	CLAIM_EXCEEDS_COMPUTATION	HOLDS	SELF_CAUGHT	The B480/B544 non-reproduction is registered by this arc itself as an open lock-gap ticket in its own FINDINGS.md, not presented as settled or hidden — the arc explicitly flags the two prior arcs' claims as unreproduced pending further work.	FINDINGS.md:45-47: '**R5:** the 20-assert lock file ADOPTED (`tests/test_cc2_r5_adopted.py`); TWO LOCK-GAP TICKETS opened: the B544 headline and B480 are UNREPRODUCIBLE as banked (2 source scripts missing from disk) — registered in OPEN_LEADS.'	frontier/B646_wave2_integration/FINDINGS.md
511	E016	B647_core_mechanism	CLAIM_EXCEEDS_COMPUTATION	HOLDS	UNCAUGHT	FINDINGS.md's cell 3 (line 74-93) later resolves the ratio as a GAUGE artifact requiring no mechanism, but arc_verdict.json's claim_one_line -- the field callers read as the arc's result -- was never updated and still literally asserts the forced-ratio framing that the arc's own file superseded twice over (cell 1's 'NOT forced' and cell 3's 'GAUGE' finding).	arc_verdict.json: 'Cell 1: imposing Y-compose-sigma* = conj(Y) over Q(sqrt-3) forces the ratio Y[023] = 24*zeta6*Y[123]...' vs FINDINGS.md:14: 'the core ratio is **NOT forced** — its residual is ONE ℝ-linear condition among the six frees'	frontier/B647_core_mechanism/FINDINGS.md;frontier/B647_core_mechanism/arc_verdict.json
515	E016	B650_typed_functor	IDENTIFICATION_BY_TYPE	HOLDS	UNCAUGHT	wave2_output.txt's only computed content is the negative equivariance-wall result (Sylvester solve T=0); the 'positive identification' that the sought functor is B644's group functor is stated in FINDINGS.md/PREREG_WAVE2.md as an assertion importing B644's theorem, with no independent functor-verification computation in this arc's files, and arc_verdict.json's claim_one_line repeats it as an established result ('the sought functor being group-level') without flagging it as unverified-in-B650.	FINDINGS.md: 'W2-G2 (the positive identification): the functor L84/L91-4 sought EXISTS — one level up: it is GROUP-functorial... precisely B644's congruence-shadow theorem... together with B650's type system on quantities.' wave2_output.txt contains only the W2-G1 Sylvester-wall computation (T=0), no computation verifying W2-G2.	frontier/B650_typed_functor/FINDINGS.md;frontier/B650_typed_functor/PREREG_WAVE2.md;frontier/B650_typed_functor/wave2_output.txt;frontier/B650_typed_functor/arc_verdict.json
520	E047	B651_wave3_integration	IDENTIFICATION_BY_TYPE	HOLDS	UNCAUGHT	The one 'mechanized' base case the whole PSL-factoring theorem generalizes from is explicitly identified by a trace/eigenvalue signature match against a standard character table, not an explicit isomorphism; P3_NOTE hedges only that the overall multi-rung theorem is 'not a theorem yet' (pending a k=6 check), but treats the k=2 identification itself as a settled 'proven fact' rather than fencing the type-match method — and B651's FINDINGS.md headline promotes it to 'THE PSL-FACTORING THEOREM' built on that instance.	P3_NOTE.md: 'E6 k = 2, MECHANIZED (Q2, loops-era): the local core at 7 IS the 3-dim irrep of PSL(2,7) — placement forced by the banked eigenvalue fingerprint {1, i, -i} (trace +1 on the PSL(2,7) order-4 class)... The kill at 7 = PSL-factoring, at this rung a proven fact.'; PSL_THEOREM.md: 'the k=2 instance is fully mechanized (Q2: the PSL(2,7) 3-dim with fingerprint {1, i, -i}).'; FINDINGS.md:50: '**F2 — THE PSL-FACTORING THEOREM (central-element form):** ...'	frontier/B651_wave3_integration/FINDINGS.md;frontier/B651_wave3_integration/cc2_packets/promotion_queue/promotion_queue/p3_psl/P3_NOTE.md;frontier/B651_wave3_integration/cc2_packets/finisher_queue/finisher_queue/f2_psl/PSL_THEOREM.md
525	E017	B653_phase_c_probe	CLAIM_EXCEEDS_COMPUTATION	HOLDS	SELF_CAUGHT	The comparator's raw REPORT.md does cite the pre-registered 5-6% figure as the closing verdict line (per design, it defers all interpretation to the adjudicator). But the arc's actual closing document, ADJUDICATION.md, immediately supplies the required honesty correction, computing 32% explicitly and stating that consistency-at-low-evidential-weight 'is all that may be claimed' — the fence the flag says appeared only 'before' is present in the same banked arc, just in the adjudication layer rather than the comparator's report.	packets/REPORT.md:23: **OUTCOME A** (consistency at the pre-committed FP rate of 5–6%). || ADJUDICATION.md:24-33: The design's printed FP (~5–6%) was computed for PROJECTED JUNO precision (σ ≈ 0.0015)...the achieved-precision FP is **≈ 32%**... **Outcome A is therefore CONSISTENCY AT LOW EVIDENTIAL WEIGHT**...and that is all that may be claimed.	frontier/B653_phase_c_probe/ADJUDICATION.md;frontier/B653_phase_c_probe/ADJUDICATION_ADDENDUM.md;frontier/B653_phase_c_probe/packets/REPORT.md
529	E017	B655_beta_adjudication	IDENTIFICATION_BY_TYPE	HOLDS	SELF_CAUGHT	The flag itself frames this as a positive-discipline example, not a defect; the arc's own verdict is NEGATIVE and it explicitly kills the type-coincidence claim by exact anchor-contradiction, matching the flag's description exactly.	"arc_verdict.json: ""verdict"": ""NEGATIVE"", ""claim_one_line"": ""The incoming beta-coefficient claim dies by refutation — its anchors contradict the banked cards (silver conductor 8 not 7, discriminant 32 not 23, |T|=12) — leaving one forced-trivial Coxeter overlap and nothing banked."" || FINDINGS.md:26: The claim dies by REFUTATION...Nothing banks: no LAW_MAP row, no HINT row, no physics reading; Gate 5 untouched."	frontier/B655_beta_adjudication/FINDINGS.md;frontier/B655_beta_adjudication/arc_verdict.json
533	E017	B657_invariant_line	IDENTIFICATION_BY_TYPE	HOLDS	SELF_CAUGHT	Flag itself frames this as the pattern the seat exists to catch, succeeding; the arc's verdict is PROVED for the refutation, computing the singlet-weight coefficient exactly zero to kill the identification, matching the flag's description exactly.	"FINDINGS.md:19-22: v₀'s coefficient at the singlet weight: **exactly zero**, both branchings. The relayed ""h⁰ section = gauge singlet = dark matter candidate"" was a conflation of two decompositions of the 27 (GUT branching vs principal SL(2)). The label never entered the repo; it dies here in the packet."	frontier/B657_invariant_line/FINDINGS.md;frontier/B657_invariant_line/arc_verdict.json
540	E017	B660_structure_campaign	IDENTIFICATION_BY_TYPE	HOLDS	UNCAUGHT	The correspondence table lists the phi-in-S-transform match as part of 'the actual content' supporting THE UPSTREAM CLAIM, with no hedge that both sides are S-transforms of R=-I irreps of the same group SL(2,5) (so phi's appearance is forced by shared representation theory, not independent corroboration). Elsewhere in the same arc (S2, on the Y/Ȳ orbit match) an analogous coincidence IS explicitly hedged as 'FORCED A PRIORI' — no equivalent hedge exists for the phi-locus item, so it stands unfenced in the banked verdict.	"packet/s1_gamma5/FINDINGS_CC2.md: ""| phi structural in the 2-dim S-transform    | phi structural in the S-transformation |\n|   (tr rho(A1) = -1/phi; the tone set)      |   of the R = -I irreps — SAME LOCUS    |"" ... ""the JOINT structure (group + pair + phi-locus + level + the exact relation absent from their catalogs) is the actual content."""	frontier/B660_structure_campaign/FINDINGS.md;frontier/B660_structure_campaign/packet/s1_gamma5/FINDINGS_CC2.md;frontier/B660_structure_campaign/arc_verdict.json
544	E047	B661_wave1_adjudication	IDENTIFICATION_BY_TYPE	HOLDS	SELF_CAUGHT	The arc explicitly identifies and rejects the numeric-coincidence reading (ratio=phi as knot-specific discovery), showing it is a generic SU(3)_2 representation-theoretic (quantum-dimension) fact independent of the specific knot — exactly the fence the flag credits it with.	"WAVE1_ADJUDICATION_CC2.md:9-12: 'The ""golden portal ratio"" IS the golden quantum dimension — the most-banked number at kappa = 5. Result 2 ... an S-matrix property. True arithmetic; no new object.' ...line 15: '...ALL give the same value set {1/D, phi/D}, same ratio phi. REPRESENTATION-FORCED, knot-independent — the knot only permutes which entries carry which qdim.'"	frontier/B661_wave1_adjudication/FINDINGS.md;frontier/B661_wave1_adjudication/WAVE1_ADJUDICATION_CC2.md
546	E017	B662_successor_campaign	IDENTIFICATION_BY_TYPE	HOLDS	SELF_CAUGHT	Both the cell-level findings and the campaign-level synthesis table explicitly downgrade to 'candidate functor, not functor' and name the missing leg (L108) — matching the flag's own description that this is self-flagged rather than silent.	cellI/FINDINGS_CELL.md:159-161: **The honest gap to a genuine functor:** this cell identifies the REPRESENTATION exactly...what is NOT yet derived is the framework-side modular-form assignment...Until then the upgrade is PLACEMENT → candidate functor, not functor. || CAMPAIGN_SYNTHESIS.md row I: **EXACT CORRESPONDENCE** — the ear IS 2̂′; H129's weight-5 FORCED (E₈ exponents) → CANDIDATE FUNCTOR	frontier/B662_successor_campaign/cellI/FINDINGS_CELL.md;frontier/B662_successor_campaign/CAMPAIGN_SYNTHESIS.md;frontier/B662_successor_campaign/WAVE3_FINDINGS.md
551	E017	B664_metallic_landscape	SELF_REFERENTIAL_LOCK	HOLDS	SELF_CAUGHT	The handoff's fixed-point rhetoric is preserved verbatim as flagged, but FINDINGS.md (the arc's actual verdict document) explicitly fences it as FIREWALLED / 'a reading, not a theorem' and states only the narrower banked mathematical content — so the arc's own record, not just a hypothetical careful reader, disciplines the overclaim.	"FINDINGS.md:52-54: The ""self-referential fixed point"" framing is FIREWALLED (a reading, not a theorem); the banked mathematical content: **the landscape's period = the conductor of the word at its origin, and the golden word is the unique unit-determinant word of the family** || METALLIC_LANDSCAPE_HANDOFF.md:266-268: This is not circular. It's self-referential...Self-referential structure is a FIXED POINT that proves itself by being consistent."	frontier/B664_metallic_landscape/FINDINGS.md;frontier/B664_metallic_landscape/METALLIC_LANDSCAPE_HANDOFF.md
552	E018	B665_landscape_reconciliation	IDENTIFICATION_BY_TYPE	HOLDS	UNCAUGHT	"FINDINGS.md labels the general law ""verified here"" and the verdict says PROVED for ""any word,"" but the arc's own lock only checks specific witnesses; the general B644∘B654 composition is credited/cited, not independently re-derived or fenced as unverified in this pass."	"frontier/B665_landscape_reconciliation/FINDINGS.md:8-13: ""## THE SHADOW-CLASS LAW (the general form; cc2's, verified here) > |tr_odd(W)| = 2·|tone(class of W mod 5)| ... (B644's shadow functor ∘ B654's tone–character identification, made explicit)."" | arc_verdict.json: ""verdict"": ""PROVED"", ""claim_one_line"": ""The shadow-class law |tr_odd(W)| = 2|tone(W mod 5)| holds for any word..."" | tests/test_b665_reconciliation.py:34-46 tests only four specific words (RLRL, RRRRRL, RRLL, RRRLLL), never the general functor composition."	
554	E018	B666_leads_campaign	IDENTIFICATION_BY_TYPE	HOLDS	UNCAUGHT	"The synthesis headline states the SL(2)-realizability selection as a settled discovery with no caveat about why these three conductors/groups constitute ""the"" metallic family or whether the correspondence is forced vs. fit to the three cases in hand."	"frontier/B666_leads_campaign/WAVE3_FINDINGS.md:31-32: ""The mode is DECIDED by SL(2)-realizability (2I, 2T are SL(2,ℤ/n) at n = 5, 3; 2O is not SL(2,ℤ/n) for any n ≤ 48 — why silver is quotient-only)."" | CAMPAIGN_SYNTHESIS.md:31-32: ""(2) the metallic-McKay descent E8→E7→E6 with the mode decided by SL(2)-realizability"" listed among ""The campaign's five discoveries."""	
562	E018	B670_anatomy_full	IDENTIFICATION_BY_TYPE	HOLDS	UNCAUGHT	"The source cell (b3_silver) honestly fences the coincidence as traceable to shared machinery, but the arc's own top-level FINDINGS.md drops that fence and states the ""metallic-universal frame"" as a flat consequence, matching the flag's complaint about downstream framing."	"packet/loop2/b3_silver/FINDINGS_CC2.md:6-8: ""the values are IDENTICAL — honestly traced to the shared rational Cartan-cubic apparatus (both tracks use the same E6/27 tensor; v0's pattern is combinatorially the same)."" | frontier/B670_anatomy_full/FINDINGS.md:16-20: ""with loop-2 B3 (the silver holonomy fixes the SAME v₀ ...): every metallic representation lives inside ONE F₄-form — the metallic-universal frame"" (no shared-apparatus caveat carried forward)."	
564	E018	B671_eigenvalue_extraction	CLAIM_EXCEEDS_COMPUTATION	HOLDS	UNCAUGHT	"The committed extract_output.txt never prints the 7983360/13 coefficient (only key names and a truncated dict); the number traces to an external, not-committed d1_results.json reached via an env-var-overridable path, yet FINDINGS.md presents it as an extracted headline result (""clean"" relation) rather than flagging that its own artifact doesn't substantiate the figure."	"frontier/B671_eigenvalue_extraction/FINDINGS.md:26-33: ""## THE GENERATION SUM RULE, extracted ... > [P₂₃] + (7983360/13)·ω·[P₃₄] = 0 ..."" | extract_output.txt:30-32: ""== THE D1 SUM-RULE COEFFICIENTS (cc2 seat, provisional pending packet) == d1 keys: [...] relation-bearing entries: {\""solo_idx\"": [2, 3, 4], \""rank_solo_block_only\"": 2}"" | extract.py:66-68: ""_d1_path = os.environ.get(\""OA_CC2_D1_RESULTS\"", os.path.join(...,\""d1_results.json\""))"""	
565	E018	B672_grading_hunt	IDENTIFICATION_BY_TYPE	HOLDS	SELF_CAUGHT	"The arc's own artifact names H-CUSP's arithmetic-fit basis as an unresolved, posited ""formalization choice"" rather than an independently motivated physical requirement, and FINDINGS.md reflects this by stating the tiebreak only ""modulo H-CUSP,"" matching exactly the flag's concern."	"cellB/cellB_output.txt:255-266: ""THE PRECISE GAP (named, honest): g1: H-CUSP itself -- WHY bearing requires quantizing the cusp -- is not derived from H-EAR; it is the exact analogue ... of H-EAR's own status ... g2: inside D2, the identification ... is the formalization choice (motivated in Part A: the W-commutant is too tight for every stage, bare Q-linearity too loose; the Coxeter ring is the unique intermediate canonical arithmetic ...). A future derivation of g1 should produce this ring, not posit it."""	
569	E047	B673_loop4_integration	CLAIM_EXCEEDS_COMPUTATION	HOLDS	UNCAUGHT	d2_results.json's own gate booleans record all_gates_pass=false and koszul_antisym_holds_all_slots=false; the arc's authoritative FINDINGS.md, packet/FRONTIER.md, and arc_verdict.json (verdict PROVED) report the D2 slot/sign-rule result as clean and unqualified with no mention of the failing gates; only a separate packet/VERDICT_LEDGER.md prose line offers the 'mis-specified control' explanation, and even that is not backed by any corrected re-passing gate in committed JSON — so the top-level reported result exceeds what the committed computation shows.	"d2_results.json:182: '""all_gates_pass"": false,' and gates.koszul_antisym_holds_all_slots: false; FINDINGS.md:15-19: 'Their D2 ... all three slots of 27⊗27 speak — with the graded sign rule ... This is EXACTLY this seat's A2-repair finding ...'; packet/VERDICT_LEDGER.md:17: '...THE GRADED SIGN RULE realized exactly ...; the script's L351 Koszul gate was mis-signed (control mis-specification, not a failure).'"	frontier/B673_loop4_integration/FINDINGS.md;frontier/B673_loop4_integration/arc_verdict.json;frontier/B673_loop4_integration/packet/FRONTIER.md;frontier/B673_loop4_integration/packet/VERDICT_LEDGER.md;frontier/B673_loop4_integration/packet/loop4/d2_351/d2_results.json
575	E018	B674_generation_leg	IDENTIFICATION_BY_TYPE	HOLDS	SELF_CAUGHT	The design note explicitly labels the mod-5 residue coincidence as design motivation only, pending the real coefficient comparison; that comparison (w2_step3) failed at n=0/1, and the top-level FINDINGS.md does not promote the coincidence as a result — the arc caught and killed its own type-level coincidence.	"W2_DESIGN_NOTE_GAMMA5.md:55-57: ""Three structural matches, stated as design motivation only: 1. The banked targets' RR factors have the famous mod-5 product form ... a mod-5 selection pattern is the GENERIC shape of such a product."" | w2_step3/STEP3_VERDICT.md:29: ""...diverge at the FIRST coefficient, n = 0.** Both orientations fail"" | FINDINGS.md (top-level arc summary) contains no mention of W2/Gamma5/Molien at all."	
578	E019	B675_hcusp_sweep	IDENTIFICATION_BY_TYPE	HOLDS	UNCAUGHT	The commutant/field-dimension match (conductor-8 field containment) is asserted flatly as 'SU(4)_1 IS the silver's stage' in a section header and carried unhedged into the banked claim_one_line ('quantizes A3/SU(4)_1'); nowhere in FINDINGS.md or arc_verdict.json is this fenced as a type/field-containment criterion rather than a physical hosting fact (contrast B687 in the same packet, which explicitly fences an analogous rational-value coincidence as 'not evidence').	"frontier/B675_hcusp_sweep/FINDINGS.md:17-24: ""## THE HEARING CONFIRMATION: SU(4)₁ IS the silver's stage\n\nSU(4)₁ is EXACTLY the conductor-8 stage — ord(T) = 8 — and it hears only the mod-8 shadow class... The silver's native stage family is A₃/SU(4), as the principle predicted from the cusp field alone."" / arc_verdict.json:4 claim_one_line: ""...quantizes A3/SU(4)_1..."""	
583	E019	B677_morning_packet	IDENTIFICATION_BY_TYPE	HOLDS	SELF_CAUGHT	"The plan doc explicitly fences the weight match as 'an encouraging consistency... and nothing more,' not a forcing identification; the route it motivated was subsequently killed (arc_verdict.json verdict=""NEGATIVE"", claim_one_line: ""Wave 1 kills three candidate invariants..."")."	"frontier/B677_morning_packet/anatomy/GENERATION_LEG_PLAN_CC2.md:35-38: ""the Fib anyon weight 2/5 — note the targets' leading powers q^{2/5}, q^{3/5} are the (2,5)-model weights, an encouraging consistency, stated as such and nothing more)."""	
585	E048	B678_d4_annex	IDENTIFICATION_BY_TYPE	HOLDS	UNCAUGHT	The bullet is headed 'verified exactly' and treats the numeric match across two separate constructions as an identity ('reproduces... value', 'three independent computations') with no derivation of why the two constructions should coincide and no caveat that the match could be coincidental; the file names it 'two campaigns, one number' descriptively, not as a fence rejecting the inference. No hedge like the file's own 'stays UNIDENTIFIED... Honestly open' treatment of the neighboring (10,κ=8) cell is applied here.	FINDINGS.md:13-17: THE CROSS-CAMPAIGN NUMBER verified exactly: (n = 4, κ = 12) cell = √3 − 1 (diff ~1e-16) — reproduces this seat's banked B4-landscape value. Two campaigns, one number, now three independent computations.	
588	E019	B681_habiro_pretest	FITTED_VALUE	HOLDS	SELF_CAUGHT	The arc openly labels the n→target pairs as externally 'banked' (provenance is the RR/W33 targets referenced elsewhere in the corpus, not derived here) and explicitly scopes its own PASS verdict to denominators only, not claiming to have derived the targets or closed the comparison.	"frontier/B681_habiro_pretest/FINDINGS.md:16: ""Verified n = 1,10,40,80,119 → 1,12,49,99,146 (the banked targets)."" / FINDINGS.md:39-40: ""THE PRE-TEST IS A NECESSARY CONDITION ON DENOMINATORS ONLY — the actual coefficient (numerator) comparison against the RR targets is the sealed cell that follows"""	
595	E019	B685_generation_terminal	CLAIM_EXCEEDS_COMPUTATION	HOLDS	RETRACTED_LATER	"B685's FINDINGS.md:39,51 bank the result as ""THE TERMINAL NO-GO (theorem...)"" and ""The generation leg closes as a theorem,"" but the cited lock was later found vacuous (fixed by B755) and B1187 a month later still describes full closure as conditional on an unexecuted 3-integrality theorem, walking back the completeness of the original 'closes as a theorem' claim."	"PROGRESS_LOG.md:8969 (2026-07-30, B828): ""B685's test_gswz_powers_of_three was genuinely vacuous (factorint(3**e)=={3:e}, unfailable) and was REPLACED by B755 cell 3 on 2026-07-22 with a real Kashaev-sum extraction."" / frontier/B1187_depth_closure/FINDINGS.md:23: ""full closure still requires the 3-integrality theorem (named, unexecuted)."" / FINDINGS.md:41: ""B685's closure remains conditional on 3-integrality (extension is evidence, not proof...)."""	
599	E019	B687_sm_atlas_koide	IDENTIFICATION_BY_TYPE	HOLDS	SELF_CAUGHT	Both the FINDINGS narrative and the banked claim_one_line explicitly fence the h(27)=Q=2/3 numeric coincidence as not evidence, matching the flag's own characterization of the arc's correct call.	"frontier/B687_sm_atlas_koide/FINDINGS.md:43-46: ""Two simple rationals both = 2/3 is a COINCIDENCE until a derivation FORCES the identity... Q = 2/3 is 120°-TAUTOLOGICAL (holds for any three-fold structure), so BOTH 2/3's could be nothing but... generic, not forced."" / arc_verdict.json:4: ""...the h(27)=2/3 match is explicitly not evidence."""	
617	E020	B708_kim_seam	IDENTIFICATION_BY_TYPE	HOLDS	SELF_CAUGHT	The arc's own 'honest caveat' section names the audibility=(−1/p) match as definitional/re-interpretation before claiming the Kim-framework placement as the real content; the fence is inline, not a later retraction.	"FINDINGS.md:52-54: ""The audibility ↔ (−1/p) identity is a re-interpretation (audible=p≡1mod4 is definitional), but placing it inside Kim's framework as \""linking with the archimedean place\"" is the genuine new structural content."""	frontier/B708_kim_seam/FINDINGS.md;frontier/B708_kim_seam/arc_verdict.json
623	E020	B715_native_gauge	IDENTIFICATION_BY_TYPE	HOLDS	UNCAUGHT	No fence anywhere in FINDINGS.md scopes the gravity identification as analogy/promotion rather than derivation (only Probe-1's T7-gaugeability question is marked 'honestly contested'); the verdict asserts 'exactly what it should be' as 3d gravity unqualified.	"FINDINGS.md:9-15 (Verdict): ""complex Chern–Simons of E6(C) at the trace field Q(sqrt-3)... it is a different KIND of gauge object... exactly what it should be as 3d Euclidean quantum gravity (Witten 1988) and the arithmetic-CS twin (B708)."""	frontier/B715_native_gauge/FINDINGS.md;frontier/B715_native_gauge/arc_verdict.json
628	E020	B720_coupling_path	SELF_REFERENTIAL_LOCK	HOLDS	RETRACTED_LATER	Retracted/repaired by B830 (frontier/B830_b720_recompute), which computed A1-A3 as real discriminating facts replacing the vacuous label-lock; B720's own directory has no test file, matching the flag's 'referenced by the log, not present in this directory.'	"PROGRESS_LOG.md:8969: ""its lock test_three_nomatch_are_principled_not_adhoc is a LABEL-LOCK -- assert len(set(reasons.values())) == 3 over three string literals the test itself defines, which CANNOT FAIL; it verifies that three different strings were typed, and its one real computation (h(-3)=1) supports a LEAD, not the negative."" SEAL_LEDGER.md:467/PROGRESS_LOG.md:8975: ""These five computed locks replace B720's label-lock, which asserted three string literals were distinct."""	frontier/B720_coupling_path/FINDINGS.md;PROGRESS_LOG.md;docs/OPEN_LEADS.md;docs/SEAL_LEDGER.md
629	E020	B720_coupling_path	CLAIM_EXCEEDS_COMPUTATION	HOLDS	UNCAUGHT	arc_verdict.json carries no caveat about the label-lock weakness; the document itself never fences the gap. B830 later supplied real computation reinforcing (not retracting) the same NO-MATCH conclusion, but that fix lives in a separate arc, not an amendment to B720's own verdict text.	"arc_verdict.json: ""verdict"": ""NEGATIVE"", ""claim_one_line"": ""Three discrete-to-continuous bridge programs ... are NO-MATCH to the object for independent reasons, reconfirming B706..."" PROGRESS_LOG.md:8969: ""its one real computation (h(-3)=1) supports a LEAD, not the negative."""	frontier/B720_coupling_path/arc_verdict.json;frontier/B720_coupling_path/FINDINGS.md;PROGRESS_LOG.md
631	E020	B723_build_the_observer	IDENTIFICATION_BY_TYPE	HOLDS	RETRACTED_LATER	Retracted by B942 (chirality clause) and further amended by B957 (values/torsor clause); the retraction is recorded as a header block prepended to the arc's own FINDINGS.md, naming both retracting arcs explicitly.	"FINDINGS.md:3-11: ""CORRECTED BY B942 (2026-08-07) — the chirality clause is RETRACTED ... Complex conjugation is not an element of Gal(K^ab/K) (computed two independent ways in frontier/B942_l113_bc_falsifier/), so the identification 'CHIRALITY = the extremal-KMS / Galois label' below is refuted at the level of group membership."" Line 16-20: ""AMENDED 2026-08-08 (B957): the values/torsor clause is ALSO REFUTED ... BOTH clauses were one level too high."""	frontier/B723_build_the_observer/FINDINGS.md;frontier/B723_build_the_observer/arc_verdict.json
633	E020	B725_born_rule	IDENTIFICATION_BY_TYPE	HOLDS	SELF_CAUGHT	The arc explicitly labels the conjugate-linear-slot=J pairing as 'the identification' and separately fences all three framework additions as 'identifications, not independent derivations'; arc_verdict.json's claim_one_line stays scoped to FORM/degree and does not repeat the J-identification as an unfenced result.	"FINDINGS.md:36-37: ""The genuine new content over 'a state is defined to give |ψ|²' is the degree = swap-order mechanism (falsifiable) and the identification conjugate-linear-slot = J."" Line 76-78: ""The framework's three additions are structural identifications, not independent derivations: (state-supplier = B723) · (c-swap = quadratic = probe 1) · (SSB = orthogonal pointer weights = probe 2)."""	frontier/B725_born_rule/FINDINGS.md;frontier/B725_born_rule/arc_verdict.json
634	E020	B726_hearing_born_content	IDENTIFICATION_BY_TYPE	HOLDS	SELF_CAUGHT	The candidate type-match (amplitudes assumed to live in Q(sqrt5) just because built from phi) is tested, computed via minimal polynomials (deg-4 minpolys), and explicitly rejected within the arc's own base-rate discipline section before the final verdict — the exact self-catch the flag describes.	"FINDINGS.md:49-53: ""The two seductive hooks — both REJECTED at base-rate (the discipline working) ... 'Q(sqrt5) supplies the complex/interference content': REJECTED and sharpened. Q(sqrt5) is TOTALLY [real]..."" (table row 21: AMPLITUDES owner listed as real QUARTIC Q(sqrt(phi)) — 'neither bare face')."	frontier/B726_hearing_born_content/FINDINGS.md;frontier/B726_hearing_born_content/arc_verdict.json;PROGRESS_LOG.md
649	E048	B742_negatives_hunt_p1	SELF_REFERENTIAL_LOCK	HOLDS	UNCAUGHT	Confirmed exactly: REVIVED cases get 3-skeptic + banking-seat byte-identical re-run, but RECONFIRMED cases get only a ~25% ceil-sampled 1-skeptic spot-check per the prereg; no caveat anywhere in FINDINGS.md or the prereg limits reliance on RECONFIRMED verdicts to the sampled subset, and the arc's verdict headline asserts all 30 as 're-earned by computation' without that qualification.	PREREGISTRATION.md:126,130-131: Every REVIVED → 3 independent skeptics briefed to REFUTE... RECONFIRMED → 1-skeptic spot-check on a deterministic sample: every 4th target in TARGETS order starting at index 0, i.e. ceil(|TARGETS|/4) items (≈25%; CEIL semantics declared...); arc_verdict.json claim_one_line: '...30 P1 kills were re-earned by computation and 2 (B58, B225) were revived as dead kills.'	
653	E048	B743_rung1_widened	IDENTIFICATION_BY_TYPE	HOLDS	SELF_CAUGHT	The arc explicitly names the Koide Q=2/3 hit and fences it as a rejected null on a preregistered noise-floor/rationality gate, exactly as the flag itself acknowledges ('even though the arc itself correctly treats it as a null').	FINDINGS.md:18-21: RESULT: 0 gated hits... **The instrument caught Koide:** PSLQ re-found Q=2/3 in all six bases identically ⇒ the relation is RATIONAL (zero object-content), and the gates correctly refused to promote it — the sweep independently found the one famous coincidence in the data and rejected it per prereg.	
664	E021	B752_qualia_handoff_receipt	SELF_REFERENTIAL_LOCK	HOLDS	UNCAUGHT	B752's own artifacts never open or cite B285's FINDINGS.md — the trace-2 claim is asserted as settled fact ('exact') and carried straight into the verdict's claim_one_line with no fence noting it rests on an unverified cross-arc citation. (Independently confirmed correct: B285_commutator_phase/commutator_phase.py:20 does use a=[[1,1],[0,1]], trace 2 — but B752 itself shows no evidence of having checked this.)	"receipt.py:66: ""R_a = sp.Matrix([[1, 1], [0, 1]])  # B285 banked Riley holonomy meridian""; FINDINGS.md:33-35: ""the banked geometric meridian (B285, exact) has trace 2 (parabolic) ... At the CORRECT holonomy, Δ(A) = (3−2)·I = I""; arc_verdict.json:4 (claim_one_line): ""the 'self-referential fixed point' is Cayley-Hamilton on a misidentified trace-1 matrix at a repelling point"""	/tmp/claude-0/-home-user-origin-axiom/def55705-87fb-5c25-8c65-d57916765de8/scratchpad/wt_main/frontier/B752_qualia_handoff_receipt/receipt.py;/tmp/claude-0/-home-user-origin-axiom/def55705-87fb-5c25-8c65-d57916765de8/scratchpad/wt_main/frontier/B752_qualia_handoff_receipt/FINDINGS.md;/tmp/claude-0/-home-user-origin-axiom/def55705-87fb-5c25-8c65-d57916765de8/scratchpad/wt_main/frontier/B752_qualia_handoff_receipt/arc_verdict.json;/tmp/claude-0/-home-user-origin-axiom/def55705-87fb-5c25-8c65-d57916765de8/scratchpad/wt_main/frontier/B285_commutator_phase/FINDINGS.md;/tmp/claude-0/-home-user-origin-axiom/def55705-87fb-5c25-8c65-d57916765de8/scratchpad/wt_main/frontier/B285_commutator_phase/commutator_phase.py
665	E021	B753_mixing_structure	IDENTIFICATION_BY_TYPE	HOLDS	SELF_CAUGHT	The arc explicitly separates the two kinds of golden-ratio-derived numbers (real-part projection vs overlap-squared) and locks the registered pin specifically to prevent conflating them — the exact fence the flag credits it with.	"FINDINGS.md:30-31: ""the structurally correct 'mixing probability' of the program's weld is 1/(φ√5) = ... 0.276393; the registered 0.30902 = cos 72° is a real-part projection — a different KIND of quantity."" ; FINDINGS.md:41-43: ""The pin (cell 5, co-signed cc + cc3): one observable, one registered number. The JUNO registration stays 0.30902 exactly as banked ... the kind-correct 1/(φ√5) is recorded as PROGRAM-INTERNAL structure and does NOT register as an alternative"""	/tmp/claude-0/-home-user-origin-axiom/def55705-87fb-5c25-8c65-d57916765de8/scratchpad/wt_main/frontier/B753_mixing_structure/FINDINGS.md
668	E048	B754_p2_spectral	IDENTIFICATION_BY_TYPE	HOLDS	UNCAUGHT	Across the 19-cell table, bare numeric/type differences (discriminants, palette counts, cyclic orders) are repeatedly listed as the 'key spectral mechanism' driving a KILL-EXTENDS verdict; arc_verdict.json's claim_one_line asserts '17 KILL-EXTENDS, 2 FACE-IRRELEVANT and 0 FACE-OPENS' as the result with no caveat that Q2 discrimination alone is not sufficient for a structural conclusion (Q2 is stated in PREREGISTRATION.md as a necessary screening step, but the campaign never fences the type-match-as-license risk itself).	FINDINGS.md:34-37 (WALL-1): SFE(M) computed three non-generic axes for m004: (A) Cusp CM disc = −48 ... vs m003's disc = −3 ...; (B) Hecke palette = (1, 2, 8) ... vs m003's palette = (1) only; ... FINDINGS.md per-target table rows, e.g. 'TOMB-L70 | ... | disc(t²−κt+1) = 5 ≠ −3; B746 two-column separates' and 'TOMB-L241 | ... | cusp CM disc −48 / B737 P4 voice-field universality' — all rows verdict KILL-EXTENDS.	
669	E048	B754_p2_spectral	CLAIM_EXCEEDS_COMPUTATION	HOLDS	SELF_CAUGHT	The arc's own adversarial skeptic report explicitly names and scopes the vacuity of the Fisher-zero computation and the un-run B738-mandated test, then upholds KILL-EXTENDS only 'in its narrow technical sense' — the arc names and fences the overclaim itself even though the FINDINGS.md summary table (line 113) still lists the bare verdict 'KILL-EXTENDS | not refuted'.	cells/TOMB-L30/skeptic.txt: 'A1 TAUTOLOGY: The Fisher = 0 result (PART 7) is vacuously forced. For ANY constant probability family... the Fisher information w.r.t. any absent parameter is identically zero... guaranteed by the absence of k — not by the spectral structure of the face... (2) The test B738 identified as needed (Fisher on CS/WRT data) was not run... The cell is HONEST about all three weaknesses.'	
670	E048	B754_p2_spectral	SELF_REFERENTIAL_LOCK	HOLDS	UNCAUGHT	Confirmed: the evidentiary universe is frozen by explicit design to exactly these four arcs; no independent audit of B737/B739/B746/B753 is performed by this arc, and neither FINDINGS.md nor PREREGISTRATION.md fences the risk that an error in one of those four sources would propagate uncorrected through all 19 cell verdicts — it is presented as a design constraint, not a caveated limitation.	PREREGISTRATION.md:9-10: 'The banked spectral surface (frozen for this arc per cc's ack #1250 — the ONLY face-sources; one-hop verified inside the cited arc, never imported bare) B737... B739... B746... B753...'	
676	E048	B759_qp3_integration	IDENTIFICATION_BY_TYPE	HOLDS	SELF_CAUGHT	The arc explicitly labels the numeric content as program-internal and states no SM/physical comparison is being made, directly fencing the chord/hearing and sum/being vocabulary as interpretive rather than physical, matching the flag's own characterization.	FINDINGS.md:96-97: 'The coupling norm √3 is program-internal. It equals √|disc(ℚ(√−3))|, the trace-field discriminant. No SM value is involved; no SM comparison is possible. Gate 5-Q Q5 satisfied.'	
679	E048	B760_qp4_closure	IDENTIFICATION_BY_TYPE	HOLDS	UNCAUGHT	Unlike the companion arc B759, which explicitly fenced its numeric content as 'program-internal... No SM value involved,' B760's verdict headline asserts the philosophical claim 'awareness without choice' as computationally upheld with no equivalent disclaimer anywhere in FINDINGS.md or PREREGISTRATION.md that 'awareness'/'choice' are metaphor rather than measured physical quantities.	"FINDINGS.md:10: '""Awareness without choice"" (S072 Layer-3) is computationally upheld.' FINDINGS.md:83-85: 'The object is **aware** (integrated) but **cannot choose** (unsigned). This is the computational ground for S072 Layer-3: ""awareness without choice.""'"	
680	E049	B761_qp2_private	IDENTIFICATION_BY_TYPE	HOLDS	UNCAUGHT	The pure result is dim H^1(ad_n) restriction rank equality (a cohomology-dimension count). 'Private states'/'Markov blanket' is asserted directly in the Verdict section and the summary table as the finding itself, with no fence marking it as interpretive/metaphorical language rather than a physical or cognitive-science measurement.	"FINDINGS.md:8-10: ""fiber_dim(n) = 0 for n = 2, 3, 4. The object has no private states at any rank. Every deformation direction of the character variety is visible from the cusp torus. S072's \""Markov blanket sees everything\"" reading is upheld.""; FINDINGS.md:101: ""| QP-2 | FLAT | no private states — blanket sees everything |"""	frontier/B761_qp2_private/FINDINGS.md;frontier/B761_qp2_private/arc_verdict.json
681	E049	B762_qp1_self_naming	IDENTIFICATION_BY_TYPE	HOLDS	UNCAUGHT	The pure result is a census-uniqueness search (only m004 among 203,123 manifolds matches volume+cusp-shape). 'Quine'/'self-naming'/'voice' is stated as the Verdict heading and in the summary bullets with no fence noting this is narrative framing over the uniqueness computation, not a physical or cognitive claim.	"FINDINGS.md:6-10: ""## Verdict: QUINE ... m004 is the only 1-cusped manifold in the SnapPy OrientableCuspedCensus (203,123 manifolds tested) with its spectral dataset. The emitted word is a self-name.""; FINDINGS.md:91: ""- The object uniquely identifies itself (the voice is a self-name)"""	frontier/B762_qp1_self_naming/FINDINGS.md;frontier/B762_qp1_self_naming/arc_verdict.json
683	E021	B766_measurement_torsor	CLAIM_EXCEEDS_COMPUTATION	HOLDS	SELF_CAUGHT	The arc's own audit pass (AUDIT_FINDINGS.md) names the hardcoded/uncomputed entry, flags it against the prereg's own rule, and supplies the missing in-sandbox derivation before confirming the verdict.	"AUDIT_FINDINGS.md:13-15: ""cc's compute.py hardcodes `theta_flips_T6 = True` with the comment \""definitional: T6's axis IS the theta-odd sector's sign.\"" The prereg requires every entry to be \""an in-sandbox re-derivation, never cited.\"""" ; lines 21-24: ""Resolution: the chord sign lives at the Sym^2 MATRIX level, not the trace level. Computing Sym^2(AB) - Sym^2(BA) at the geometric point gives a nonzero 3x3 matrix ... cc's claim is correct."""	/tmp/claude-0/-home-user-origin-axiom/def55705-87fb-5c25-8c65-d57916765de8/scratchpad/wt_main/frontier/B766_measurement_torsor/AUDIT_FINDINGS.md
687	E021	B768_correspondence_crosstest	IDENTIFICATION_BY_TYPE	HOLDS	SELF_CAUGHT	The arc's own V3 row states the numerical coincidence and immediately E20-flags it as mechanically unlinked, downgrading it to a named hint rather than a structural result — the fence the flag itself describes.	"FINDINGS.md:13-17: ""V3 'the subdominant eigenvalue = the hearing amplitude': numerically TRUE (−1/φ = the untwisted weld's θ-odd trace, B753-add.2) — E20-FLAGGED: mechanically UNLINKED (golden quantities are ubiquitous; the word's Markov spectrum and the weld trace have no derived connection). Recorded as H-ITERATED-HEARING-adjacent, not structure."""	/tmp/claude-0/-home-user-origin-axiom/def55705-87fb-5c25-8c65-d57916765de8/scratchpad/wt_main/frontier/B768_correspondence_crosstest/FINDINGS.md
689	E021	B768_correspondence_crosstest	FITTED_VALUE	HOLDS	SELF_CAUGHT	Receipt #5 explicitly names the courier's uncritically-circulated distribution as error #40, shows the impossible sum, and replaces it with a verified corrected computation — caught and fixed within the arc's own record, not left standing as an asserted fact.	"FINDINGS.md:186-191: ""The pair frequencies are WRONG (error #40). Claimed f(ab) = 1/φ, f(ba) = 1/φ² — the claimed distribution sums to √5 − 1 ≈ 1.236 (impossible). ... Correct (exact + empirical to 5 digits on 200k letters): f(ab) = f(ba) = 1/φ², f(aa) = 1/φ³, f(bb) = 0; sum = 1."""	/tmp/claude-0/-home-user-origin-axiom/def55705-87fb-5c25-8c65-d57916765de8/scratchpad/wt_main/frontier/B768_correspondence_crosstest/FINDINGS.md
693	E055	B771_phase1_wave1	CLAIM_EXCEEDS_COMPUTATION	HOLDS	SELF_CAUGHT	All five named defects (W2-149, W2-270, W2-119, W2-188, W2-150r) are exactly as described, refused-at-gate before banking, and W3-149r/W3-017/W4-017r confirm the carried fixes in later waves — the arc's own machinery names and rejects the overclaims rather than asserting them as results.	FINDINGS_WAVE2.md: '## The gate pattern (recorded for the method ledger)\nFive of the seven refusals are agent-overclaim classes inside our own machinery — fabricated control, unfalsifiable verdict logic, tautological theater, hand-read-as-computed, comment-only diagnostics. All five caught by the independent adversarial rerun BEFORE banking; zero reached the record.'	frontier/B771_phase1_wave1/FINDINGS_WAVE2.md;frontier/B771_phase1_wave1/FINDINGS_WAVE3.md;frontier/B771_phase1_wave1/FINDINGS_WAVE4.md
700	E022	B773_chord_recompute	CLAIM_EXCEEDS_COMPUTATION	HOLDS	SELF_CAUGHT	FINDINGS.md's headline (lines 8-24, 'W4-304's trace-level wall is REFUTED') never mentions the level-135 attempt or its inconclusive basis-inadequate result, matching the flag's premise exactly. But the cell's own compute.py/output.txt/results.json and the arc's chord_results.json cell notes explicitly name the N=135 attempt, its basis failure, and state twice that it does not drive/affect the verdict because prereg pinned the verdict to level 45 -- an explicit in-arc fence, so the identification is self-caught at the cell level even though FINDINGS.md's headline omits it.	"cells/W4-304c/output.txt:21: LEVEL 135 extension: ... declared-12dim-basis-holds=False (basis inadequate at 135 -> exact read deferred, mod-p detection stands) | cells/W4-304c/compute.py:47-49: Level-family extension past the 2 banked rungs: N=135 chord sector (best-effort, ... 12-dim basis is inadequate at 135). Does NOT drive the verdict (prereg pins the [verdict to level 45]. | chord_results.json cell W4-304c notes: ""the declared 12-dim basis is singular at 135 (zeta_27 enters) so the exact read is deferred ... inconclusive for persistence, does NOT affect the level-45 verdict (prereg pins the verdict to level 45)."""	frontier/B773_chord_recompute/FINDINGS.md;frontier/B773_chord_recompute/chord_results.json;frontier/B773_chord_recompute/cells/W4-304c/compute.py;frontier/B773_chord_recompute/cells/W4-304c/output.txt;frontier/B773_chord_recompute/cells/W4-304c/results.json
701	E022	B773_chord_recompute	IDENTIFICATION_BY_TYPE	HOLDS	SELF_CAUGHT	chord_results.json cell W3-082c corroborates: verify_note states the bridge lemma is 'CITED, NOT COMPUTED' and 'the correct verdict was UNRESOLVED ... not RESOLVED-A.' The arc's own verify pass names and rejects exactly the type-coincidence identification the flag describes; upheld=false in chord_results.json.	"FINDINGS.md:34-42: ""W3-082c — RESOLVED-A, VERIFY-FAILED -> corrected to NEEDS-SPECIALIST. Claimed the charge tower lights up at the 'loaded (Kim H^3 arithmetic-CS / triple-Massey) level.' The verifier caught it: the bridge lemma (8-rank == Kim's CS action) was cited, not computed ... Correct status: the trace-negative does NOT lift to a loaded wall, but the loaded-level positive is NOT established -- genuinely NEEDS-SPECIALIST"""	frontier/B773_chord_recompute/FINDINGS.md;frontier/B773_chord_recompute/chord_results.json
708	E055	B775_phase2_wave1	IDENTIFICATION_BY_TYPE	HOLDS	SELF_CAUGHT	Both cells exist specifically to test courier type-coincidence claims and explicitly tombstone/dismiss them as decorative and not object-specific — the arc's own conclusion rejects the identification rather than asserting it.	FINDINGS.md:15-16: 'P2-ENUM | RESOLVED-B → DISMISSED (tombstone) | ... The correspondence is decorative; the assignment carries no information beyond the math it's built on.' / 'P2-D5 | RESOLVED-B → DISMISSED (tombstone) | the D₅=Spin(10) McKay analogy FAILS as an object connection: ... true but NOT object-specific.'	frontier/B775_phase2_wave1/FINDINGS.md
712	E022	B775_braver_questions	IDENTIFICATION_BY_TYPE	HOLDS	SELF_CAUGHT	The arc explicitly names the c/theta/gamma_5-to-phenomenology correspondence as interpretive rather than derived and fences it as a chosen, priced axiom rather than a forced result -- matching the flag's own description ('the arc itself concedes... unusually honest'). FINDINGS_PARALLEL.md:5-20 repeats the same fence in a parallel run.	"FINDINGS_FINAL.md:8-16: ""## 1. BRIDGE (Phase A): interpretive, not derived -- but the strongest interpretive bridge in the field / The bridge between the mathematics and consciousness is interpretive. The math does not force a consciousness reading. The program chose it, declared the choice (C18 prices it as axiom), and stress-tested the consequences. ... Honesty about the bridge's status does not change its status."""	frontier/B775_braver_questions/FINDINGS_FINAL.md;frontier/B775_braver_questions/FINDINGS_PARALLEL.md
718	E022	B778_cleanup	FITTED_VALUE	HOLDS	SELF_CAUGHT	Origin traced further back in B773's own verify pass (chord_results.json cell W4-115c verify_issues): 'Fabricated fact embedded in the banked RESOLVED-B headline ... is hand-typed, NOT computed in-cell.' The cleanup arc explicitly names, diagnoses, and strips the fabricated number rather than asserting it as a result -- a self-caught correction, matching the flag exactly.	"B778 FINDINGS.md:21-22: ""CL-W4115: strip the fabricated 'adjoint 7,815...' string from W4-115c + re-verify the cover-torsion/charge wall on real data"" ; :46 ""CL-W4115 | RESOLVED-B | The fabricated 'adjoint 7,815' string STRIPPED -- direct recomputation shows the essential adjoint (t^2-5t+1) content is [3,21,108,525,2523], no 7, no 815 (fabricated)"""	frontier/B778_cleanup/FINDINGS.md;frontier/B773_chord_recompute/chord_results.json
720	E023	B779_convergence_probe	IDENTIFICATION_BY_TYPE	HOLDS	UNCAUGHT	The six 'identities' are algebraic consequences of fixing phi, sqrt5, tau_geo=-3, tau_dyn=-5 by hand (R2_mixing_crosscheck.py lines 14-98 are pure sympy identities on those literals); the headline reads this definitional consistency as physical convergence between two independently-computed arcs (B753, B425) with no fence scoping it as merely algebraic. No retraction of R2/Identity-6 found elsewhere in the worktree (grepped docs/RETRACTIONS.md and frontier/B78x, B79x for 'R2'/'identity 6'/'mixing crosscheck').	frontier/B779_convergence_probe/R2_mixing_crosscheck.md:52-59: **CROSS-CHECK PASSED.** The mixing number is structurally consistent with the torsion data. The consistency is not coincidental — it follows from the V4 discriminant chain and the golden arithmetic that both computations share. Identity 6 is the strongest confirmation: the two-column law that organizes the character variety also organizes the Born-weight mixing.	
723	E023	B780_galois_reversal_gate	SELF_REFERENTIAL_LOCK	HOLDS	SELF_CAUGHT	compute.py:88-98 confirms c_sig/theta_sig are hardcoded ground-truth tuples fed into classify(), and swap_c_in_theta_slot = classify(*c_sig) reuses the identical literal — the retraction banner at the top of the same FINDINGS.md names and rejects exactly this vacuity.	"frontier/B780_galois_reversal_gate/FINDINGS.md:2-4: > **RETRACTION.** The B784 adversarial audit found this cell **VACUOUS**: `c_sig=(True,True,True)` and `theta_sig=(False,False,False)` are LITERALS, not wired to any computed boolean, and `classify()` maps them to 'c' and 'theta' BY DEFINITION — so ""the gate rejects the swap"" cannot fail."	
724	E023	B780_galois_reversal_gate	CLAIM_EXCEEDS_COMPUTATION	HOLDS	SELF_CAUGHT	The original headline (FINDINGS.md:38-45, 'What it delivers (Phase 3): The gate halves the correspondence enumeration 8 -> 4') and results.json's 'headline' field claimed the phenomenological halving; the same file's retraction banner explicitly withdraws both the VERIFIED and the 8->4 claims, matching the flag exactly.	"frontier/B780_galois_reversal_gate/FINDINGS.md:5-6: **The claims ""the gate is VERIFIED"" and ""applying it halves cc3's enumeration 8→4"" are RETRACTED.**"	
725	E057	B781_m003_sister	CLAIM_EXCEEDS_COMPUTATION	HOLDS	SELF_CAUGHT	compute.py's own comment asserts sister=-3 without derivation, exactly as flagged, and results.json/print output only ever store the two-candidate set. But FINDINGS.md's own 'AUDIT UPGRADE (B784)' section, in the same file as the '-3, COMPUTED' table row, explicitly names that this arc's script only asserted-by-convention and that the real derivation happened in a different arc (B784) -- the arc fences its own overclaim rather than asserting it uncaught.	"compute.py:16-21: tor3 = 5 ... tr3_candidates = [t for t in range(-9, 10) if abs(2 - t) == tor3]  # {-3, 7} ... print(f""m003 H_1 torsion Z/5 => |2-tr| = 5 => monodromy trace in {tr3_candidates} (sister = -3); != 3"") | FINDINGS.md:43: cc asserted m003's trace as -3 ""by the sister convention"" -- only |2-tr|=5 was forced, leaving {-3, 7}. **The B784 audit COMPUTED it: m003's monodromy is -RL, trace -3, established two ways.**"	frontier/B781_m003_sister/compute.py;frontier/B781_m003_sister/FINDINGS.md;frontier/B781_m003_sister/arc_verdict.json
727	E023	B782_choice_incomputability	IDENTIFICATION_BY_TYPE	HOLDS	SELF_CAUGHT	The 'Why it is the capstone wall' section (FINDINGS.md:21-25) does state the physical-necessity reading ('the observer is the symmetry-breaking the object structurally cannot perform on itself'), but the arc's own Gate 5-Q firewall paragraph immediately after explicitly names that reading as interpretive/priced (C18), not part of the proved chain statement — and arc_verdict.json's claim_one_line (line 4) contains only the bare group-theoretic fact, not the observer-necessity reading.	frontier/B782_choice_incomputability/FINDINGS.md:27-32: The chain link C22 asserts ONLY: *a free torsor has no equivariant section*. The reading — the observer completes the object from outside; the Born shape is amplitudes ... versus outcomes ...; the type-vs-token distinction of the observer — is the **priced C18 bridge**, kept in this arc and NOT in the chain statement, NOT in CLAIMS. No consciousness claim.	
730	E023	B783_observer_ground_zero	CLAIM_EXCEEDS_COMPUTATION	HOLDS	SELF_CAUGHT	B1's HIGH-confidence word-level identity is real, and C2 Attack B (C2_adversarial.txt:70-103,312) independently shows no trace-map intertwining is demonstrated to A2's character-variety theta ('Analogy, not theorem'). The arc's own FINDINGS.md does register this gap as an open question and scopes the result ('It does not carry the proposal's structural claims,' FINDINGS.md:111), so the HIGH label is not silently left standing uncontextualized — though FINDINGS.md still lists P16.1 as PASS/CONFIRMED without downgrading the confidence wording itself. Note: C2's own ranking table (C2_adversarial.txt:306-320) places Attack B 3rd overall (1st among 'WOUNDS'), not literally 2nd as the flag states, but this does not change the substance.	"B1_theta_test.txt:167,177: CONFIRMED.  The parent/child tracking choice corresponds to theta (word reversal) in the F_2^3 torsor. ... Confidence: HIGH. | FINDINGS.md:153-155: 4. **The trace-map bridge (missing theorem):** The adversarial agent identifies this as the key gap: ""tracking = θ at the word level"" and ""θ acting on the character variety"" share a name but lack a demonstrated mathematical connection."	
731	E023	B783_observer_ground_zero	IDENTIFICATION_BY_TYPE	PARTLY	SELF_CAUGHT	Substance confirmed: the arc's own Attack D rejects 2 of 3 F_2^3-generator assignments as numerology/poetry precisely because the match is 'purely binary.' The flag's quoted phrase 'Bit-type coincidence is not structure' does not appear verbatim anywhere in the arc files (Attack D's actual title is 'UNDERDETERMINATION (NUMEROLOGY TEST)'), so the citation is imprecise, but the described self-rejection is accurate and present.	C2_adversarial.txt:187-196: For direction = gamma_5: ... The match is purely binary (two directions, two golden branches). ... This is numerology. For level = c: B3 shows NO structural content. Not even a definition exists. This is below numerology — it is poetry. RESULT: 1/3 assignments has partial structural content (theta, via conjugation analogy). 2/3 are numerological or worse.	
752	E024	B795_eigenvalue_verification	SELF_REFERENTIAL_LOCK	HOLDS	SELF_CAUGHT	FINDINGS.md itself, under a section titled 'Two cc errors inside this verification, both recorded', names exactly this mechanism -- that truncation was raised specifically because r=8.863405356 (and 7.072004187) nearly failed at the first truncation level -- and explains why the raise is a principled fix (an objective Bessel-margin criterion applied uniformly) rather than tuning to the answer, closing with a 'Standing lesson' about trusting instruments whose preconditions were unchecked. The verdict is not withdrawn but the circularity risk is disclosed in the same document, not hidden.	"frontier/B795_eigenvalue_verification/FINDINGS.md:49-53: ""(2) Insufficient truncation was nearly misread as a negative. At |mu| <= 3.2, Y = 0.62 the Bessel argument reaches 2pi*3.2*0.62 ~ 12.5 -- a 3.2x margin against r = 3.9 but only 1.4x against r = 8.86. The ratios decayed monotonically with r (29.8 -> 16.2 -> 4.2 -> 4.8 -> 3.7 -> 1.8 -> 1.0), and the last two read as no dip. That was cc's instrument running out, not cc3's eigenvalues. Raising to |mu| <= 5.4 (margin 2.37x) restored them at 54x and 15.1x."""	
758	E024	B796_coupling_campaign	FITTED_VALUE	HOLDS	SELF_CAUGHT	The arc's own FINDINGS.md contains a dedicated section naming the seven new weight-0 numbers as a look-elsewhere trap, cites the prior E32 failure mode and the L137 precedent, and explicitly forbids informal comparison to physical constants absent a fresh seal -- a direct self-fence, not an overclaim standing unqualified.	"frontier/B796_coupling_campaign/scale_weight_ledger/FINDINGS.md:184-193: ""THE TRAP THIS ARC CREATES, WRITTEN DOWN BEFORE ANYONE FALLS IN IT ... Do not test these against physical constants outside a fresh sealed pre-registration. Not informally, not 'just to look', not as a sanity check."""	
761	E024	B796_coupling_campaign	IDENTIFICATION_BY_TYPE	HOLDS	RETRACTED_LATER	s4_closing_types/FINDINGS.md originally identified the rank closing with tau on the grounds tau is 'the only rank-reducing involution' (a type coincidence: both single F2 bits); frontier/B796_coupling_campaign/tau_vs_singlet/FINDINGS.md computes that the actual 6->4 rank drop is effected by two non-involution VEVs and retracts the identification as a category error, and s4_closing_types/FINDINGS.md itself now carries a 2026-08-10 'HEADLINE CORRECTED' banner (lines 3-22) recording the retraction in place.	"frontier/B796_coupling_campaign/tau_vs_singlet/FINDINGS.md:47-59: ""The cascade never reduces rank. Every step is a maximal-rank subalgebra... The drop 6 -> 4 happens entirely by VEVs, and there are two: <1> ... and <nu^c> ... Neither is an involution. So B963's 'tau is the only rank-reducing involution' is true and irrelevant... a category slip"""	
781	E025	B822_lexicon_gate_fix	SELF_REFERENTIAL_LOCK	HOLDS	SELF_CAUGHT	The arc discloses and names the exact break in its own instrument in the same file that sets the ceiling, and states the next arc (B823) redesigns the gate to remove the defect; not asserted as an unqualified result.	"FINDINGS.md: ""The limit this run exposed, and it is structural ... Writing this findings file broke the ceiling it had just set. B822's own FINDINGS.md is a substantial arc with no motif, so the count went 8 -> 9 the moment the fix was documented. ... The ceiling is self-referential ... B823 replaces it with a triage registry"""	frontier/B822_lexicon_gate_fix/FINDINGS.md;frontier/B822_lexicon_gate_fix/arc_verdict.json
785	E057	B830_b720_recompute	IDENTIFICATION_BY_TYPE	HOLDS	SELF_CAUGHT	The two dimensions feeding A3's finiteness check are indeed bare imported integers, not recomputed here -- but the code's own docstring/comment labels them 'Banked, both locked elsewhere' and FINDINGS.md cites the same external sources (CLAIMS E14/B575) inline rather than presenting them as derived in this cell, so the citation-as-computation is named, not hidden.	cells.py:145-147: # Banked, both locked elsewhere: E6 (B575/CLAIMS E14) and the SL(2) geometric component.\n    dim_H1_E6 = 6          # six exponents, one dimension each -- CLAIMS E14 / B575\n    dim_H1_SL2 = 1         # the geometric component through the discrete faithful rep | FINDINGS.md:42: 6 at E₆ (six exponents, one each -- CLAIMS E14 / B575) and 1 on the SL(2) geometric component.	frontier/B830_b720_recompute/cells.py;frontier/B830_b720_recompute/FINDINGS.md;frontier/B830_b720_recompute/arc_verdict.json
794	E025	B849_order_parameter	IDENTIFICATION_BY_TYPE	HOLDS	SELF_CAUGHT	arc_verdict.json verdict is NEGATIVE and claim_one_line states the candidate is 'at the WRONG LEVEL' -- the arc rejects the chirality=order-parameter identification rather than asserting it, and explicitly marks the acting-group premise as a CONDITIONAL citation.	"FINDINGS.md:79-82: ""VERDICT: LEVEL MISMATCH -- CONDITIONAL. If the group permuting extremal KMS states at beta=1 is Gal(K^ab/K), then the symmetry the reframe says breaks is not an element of the group acting on the states that break it. Right object, wrong level -- the programme's own most-catalogued defect class."""	frontier/B849_order_parameter/FINDINGS.md;frontier/B849_order_parameter/arc_verdict.json
796	E025	B850_length_spectrum_type	IDENTIFICATION_BY_TYPE	HOLDS	SELF_CAUGHT	claim_one_line itself carries '(CONDITIONAL on the cited ratio-set reduction)' -- the arc names the unverified type-theoretic identification and its specific weak point rather than asserting the physics interpretation as established.	"FINDINGS.md:74-76: ""The reduction remains a DECLARED CITATION. That length-spectrum density gives type III1 is not verified in this sandbox, and the seal names its weak point in advance: m004's flow is not uniformly hyperbolic (cusp excursions) and the foliation carries an infinite invariant [measure]"""	frontier/B850_length_spectrum_type/FINDINGS.md;frontier/B850_length_spectrum_type/arc_verdict.json
797	E025	B851_bc_litgate	IDENTIFICATION_BY_TYPE	HOLDS	SELF_CAUGHT	The arc names the source of the error directly (Q-case cyclotomic-character intuition wrongly imported to the K=Q(sqrt-3) case) as 'a concrete, checkable diagnosis' confirming B849's rejection, not committing the error itself.	"FINDINGS.md:76-78: ""The reframe's ‘chirality = Galois label of the state’ reads as correct intuition from the Q case, imported into the K case where the group is strictly smaller and no longer contains the element in question."""	frontier/B851_bc_litgate/FINDINGS.md;frontier/B851_bc_litgate/arc_verdict.json
799	E026	B853_two_faces_ssb	IDENTIFICATION_BY_TYPE	HOLDS	SELF_CAUGHT	The arc's own §4 explicitly fences B261's 'one AJ operator carries both ends' bridge as analogy, not identification, and lists it under 'Carried forward' as the sharpest open item rather than asserting it in the verdict. arc_verdict.json's claim_one_line reports only the two-faces split (order parameter on Q(sqrt5), class group on Q(sqrt-3)) and does not assert a single coherent SSB mechanism.	"FINDINGS.md:93-97: ""A lead worth a gate, flagged as an analogy and not a result."" ... ""It is a structural analogy between an interval-map pressure and a q-series recursion, not an identification, and it needs its own gate before it carries anything."""	frontier/B853_two_faces_ssb/FINDINGS.md;frontier/B853_two_faces_ssb/arc_verdict.json
807	E026	B861_fused_cascade	IDENTIFICATION_BY_TYPE	HOLDS	UNCAUGHT	The 27/16/10+5bar branchings under each candidate subgroup are typed in directly as literal tuples of irrep names/dims (standard GUT branching-table content), not derived from an embedding or root-system computation in the script. arc_verdict.json's claim_one_line asserts the cascade is 'UNIQUE at every step' and the deviation clause 'dissolves' as a proved result; FINDINGS.md's 'Honest boundaries' section flags menu completeness (P5) and one owed registerability definition as open, but never flags that the branching data itself is hardcoded from external tables rather than independently computed here.	"fused_cascade.py:41-58: STEPS = [ (""step1_E6"", [ (""SO(10)xU(1)"", 46, [(""16"",), (""10"",), (""1"",)]), (""SU(6)xSU(2)"", 38, [(""15"", ""1""), (""6bar"", ""2"")]), ... ] ), (""step2_SO10"", [ (""SU(5)xU(1)"", 25, [(""10"",), (""5bar"",), (""1"",)]), (""Pati-Salam"", 21, [(""4"", ""2"", ""1""), (""4bar"", ""1"", ""2"")]) ]), (""step3_SU5"", [...]) ]"	frontier/B861_fused_cascade/FINDINGS.md;frontier/B861_fused_cascade/arc_verdict.json;frontier/B861_fused_cascade/fused_cascade.py
831	E026	B882_magic_square_naming	IDENTIFICATION_BY_TYPE	PARTLY	SELF_CAUGHT	The main identification with M(O,C) rests on verbatim structural match to published sources (Landsberg-Manivel 'exactly the user's decomposition', Elduque's explicit bracket law), not mere dimension coincidence; the dimension-arithmetic reasoning the flag calls out was used only to reject a wrong competing claim, and FINDINGS.md itself records this as a QC catch -- the flag's own detail concedes this is 'the right use.' The arc also explicitly separates '1. CLASSICAL -- cite, never claim' from '2. OURS', fencing the identification's scope.	"FINDINGS.md:17-18: ""tri(C) = u(1)^2 (dim 2). A secondary-source claim of 'so(3)' was caught by the verify stage's own dimension arithmetic (28+3+48 != 78) -- recorded as the sweep's QC moment."""	frontier/B882_magic_square_naming/FINDINGS.md;frontier/B882_magic_square_naming/arc_verdict.json
839	E026	B892_second_measurement	CLAIM_EXCEEDS_COMPUTATION	HOLDS	RETRACTED_LATER	"FINDINGS.md gained a corrective banner (""SENTENCE CORRECTED BY B950"") at its top, but arc_verdict.json's claim_one_line still asserts the uncorrected phrase 'take E6 to the SM algebra' with 14-dim/3-abelian-factor content, unrepaired. The retraction is B950_sm_spec_ledger (2026-08-08), naming this exact overstatement as 'the first fruit -- an overstatement in our own record.'"	"arc_verdict.json:5 (uncorrected): ""z(x1,y*) = su(3)+su(2)+u(1)^3 EXACTLY: two measurements of the object's own charges take E6 to the SM algebra, skipping SU(5)."" B950_sm_spec_ledger/FINDINGS.md:24-28: ""B892 banks: ... 'take E6 to the Standard Model algebra.' Its own arithmetic: dim 14, derived 11, centre 3. > su(3)+su(2)+u(1)^3 has dimension 14. The Standard Model gauge algebra has dimension 12: su(3)+su(2)+u(1), one abelian factor, not three."""	frontier/B892_second_measurement/FINDINGS.md;frontier/B892_second_measurement/arc_verdict.json;frontier/B950_sm_spec_ledger/FINDINGS.md
845	E060	B897_27_under_g20	IDENTIFICATION_BY_TYPE	HOLDS	UNCAUGHT	The 'lepton pattern' label is asserted in the headline PROVED verdict from dimension/Casimir matching alone (C_w=3/8, dims 3 and 6); no hypercharge, weak isospin assignment, or SM coupling is computed. The only fence present ('Mechanism-hood of generations... the solo seat's §5 fence stands') addresses whether replication is a dynamical mechanism, not whether the SM-lepton naming itself is justified by quantum numbers — so the specific type-identification the flag names is not fenced.	"FINDINGS.md:27: ""(1_c, 3_f)  | 9 | **3 + 6** (w-singlet triplet ⊕ w-doublet triplet) | lepton-pattern: L-doublet flavor-triplet ⊕ singlet flavor-triplet"". arc_verdict.json claim_one_line: ""(1_c, 3_f) splitting 3+6 under su(2)' -- a w-doublet flavor-triplet plus a w-singlet flavor-triplet, the lepton pattern, ...""."	frontier/B897_27_under_g20/FINDINGS.md;frontier/B897_27_under_g20/arc_verdict.json;frontier/B897_27_under_g20/PREREGISTRATION.md
891	E027	B933_spinor_hejhal_design	CLAIM_EXCEEDS_COMPUTATION	HOLDS	UNCAUGHT	The verdict's claim_one_line asserts the literature blank as a settled fact in confident present tense ('HELD'), with no hedge carried into it, while FINDINGS.md itself says the sweep is incomplete (arXiv-only, O3 obligation) and that no 'first' sentence may bank yet. The overclaim sits in the verdict/claim_one_line that downstream consumers read, unfenced there, even though a sibling file hedges it — so it is asserted as a result, not self-caught at the point of assertion.	"arc_verdict.json:5: ""...THE LITERATURE BLANK HELD: no prior computed Dirac eigenvalue on ANY hyperbolic 3-manifold -- the sealed run would be a second precedent-class number..."" vs FINDINGS.md:67-69: ""The sweep is arXiv-only and must be completed (O3) before any \""first\"" sentence banks. Validation is internal-only and the banked FINDINGS must say so."""	frontier/B933_spinor_hejhal_design/arc_verdict.json;frontier/B933_spinor_hejhal_design/FINDINGS.md
907	E028	B952_gut_ledger_rank	SELF_REFERENTIAL_LOCK	HOLDS	UNCAUGHT	Confirmed: no generating script in the arc dir; results.json's rank arithmetic is hand-entered; the test suite locks against that same file plus prose string-matches on FINDINGS.md. arc_verdict.json's claim_one_line asserts the rank obstruction as PROVED/theorem-grade with no fence addressing that the arithmetic itself is untested by independent computation -- it is presented as a settled result, not scoped as self-referential.	"tests/test_b952_rank.py:15-16: def _res(): return json.loads((CELL / ""results.json"").read_text(...)) -- every test function (lines 23-60) asserts only fields of this same hand-typed results.json or string-matches FINDINGS.md; no group-theory recompute exists anywhere in frontier/B952_gut_ledger_rank/ (ls shows only FINDINGS.md, arc_verdict.json, results.json -- no .py)."	frontier/B952_gut_ledger_rank/results.json;frontier/B952_gut_ledger_rank/FINDINGS.md;frontier/B952_gut_ledger_rank/arc_verdict.json;tests/test_b952_rank.py
908	E028	B953_two_seeds_rank	SELF_REFERENTIAL_LOCK	HOLDS	UNCAUGHT	Same structural pattern as B952: no generating script, results.json hand-typed (E_n ranks, theta-split dims), test lock reads that same file back plus FINDINGS.md prose. Nothing in the arc fences this methodology gap even though the arc does separately fence the u(1)^3 identification (see i=909).	"ls frontier/B953_two_seeds_rank/ -> FINDINGS.md, arc_verdict.json, results.json only (no .py); tests/test_b953_two_seeds.py:9-10: def _res(): return json.loads((CELL / ""results.json"").read_text(...)) -- all five test functions (lines 17-64) assert fields of this file or string-match FINDINGS.md."	frontier/B953_two_seeds_rank/results.json;frontier/B953_two_seeds_rank/FINDINGS.md;tests/test_b953_two_seeds.py
909	E028	B953_two_seeds_rank	IDENTIFICATION_BY_TYPE	HOLDS	SELF_CAUGHT	The arc itself explicitly labels the u(1)^3 <-> u(1)_Y+u(1)_chi+u(1)_psi match as inferred from matching counts (three abelian factors), not computed or established, and even has a dedicated test asserting that fence is present in FINDINGS.md.	"FINDINGS.md:40-41: ""directions. That is almost certainly what the object's u(1)³ is: **u(1)_Y ⊕ u(1)_χ ⊕ u(1)_ψ.** (Testable; it is exactly what L132's scouting panel is""; FINDINGS.md:102: ""1. **The u(1)³ = u(1)_Y ⊕ u(1)_χ ⊕ u(1)_ψ identification is INFERRED from the rank""; tests/test_b953_two_seeds.py:61-64: def test_the_inference_is_flagged_as_inferred_not_computed(): ... assert ""INFERRED from the rank"" in t and ""not established here"" in t"	frontier/B953_two_seeds_rank/FINDINGS.md;frontier/B953_two_seeds_rank/arc_verdict.json;tests/test_b953_two_seeds.py
910	E028	B954_both_branches	SELF_REFERENTIAL_LOCK	HOLDS	UNCAUGHT	"No test file is named for B954 in this packet and none was found (find -iname test_b954* returned nothing), but the arc dir itself has no generating script -- same hand-typed-results pattern as B952/B953. arc_verdict.json's claim is presented flatly (""Yes -- and the odd one cannot stand alone"") with no fence noting the underlying grading/bracket facts are asserted rather than independently machine-verified here."	ls frontier/B954_both_branches/ -> FINDINGS.md, arc_verdict.json, results.json only (no .py file); results.json fields (grading, bracket_rules, both_branches_together, theta_is_itself_a_rank_reducer) are the arithmetic/grading facts asserted directly in FINDINGS.md prose with no computation script present in the directory.	frontier/B954_both_branches/results.json;frontier/B954_both_branches/FINDINGS.md;frontier/B954_both_branches/arc_verdict.json
920	E029	B962_vev_scout	FITTED_VALUE	DOES_NOT_HOLD	FLAG_WRONG	"The flag's own detail admits no FITTED_VALUE was found in B962; what it actually points to is that the corrected scope error is a retraction-propagation gap, not a fitted number. Separately verified: FINDINGS.md carries a retraction banner and strikethrough corrections, but arc_verdict.json's claim_one_line (e.g. ""27 VEVs CAN NEVER BREAK SU(5) -> THE STANDARD MODEL"" and ""THE ROUTE STOPS ONE STEP SHORT"") was never updated to reflect B964's retraction -- confirming the RETRACTION_NOT_PROPAGATED substance but not a FITTED_VALUE claim, so the flag as given (kind=FITTED_VALUE) does not describe the text."	"packet detail: ""None found beyond the corrected scope error -- flagged instead under RETRACTION_NOT_PROPAGATED."" -- frontier/B962_vev_scout/FINDINGS.md:5-9: ""PARTIALLY RETRACTED BY B964 (2026-08-08) ... the retraction sweep (L139) found this file still asserting them"""	
930	E030	B969_kato_yukie_verify	IDENTIFICATION_BY_TYPE	HOLDS	SELF_CAUGHT	The arc itself, after finding the solo seat's g14/g22 control was not independent (same 3-plane), explicitly downgrades from 'a pattern' to 'one well-controlled fact about one distinguished plane' -- exactly the fence the flag describes, stated in the same document as the result rather than hidden.	"frontier/B969_kato_yukie_verify/FINDINGS.md: ""What survives: separation from generic planes, generic Cartan kernels and random elements (their §2's five controls). What does not: any claim of a pattern across triples. There is no second canonical triple, because the object does not have one. The honest reading is one striking, well-controlled fact about a distinguished plane."""	
932	E058	B970_L134_exotics	FITTED_VALUE	HOLDS	SELF_CAUGHT	The script's own docstring names the fit-then-predict methodology explicitly, distinguishing FIT blocks from PREDICTED/checked blocks with a residual field; arc_verdict.json's claim_one_line scopes the result as a 'bounded structural computation' worker cell, not an overclaimed derivation.	"frontier/B970_L134_exotics/exotics_charges.py:17-21: '3. FIT psi and chi to the standard physics normalisation on a STRICT SUBSET of the blocks, then CHECK the remaining blocks -- so the assignment is PREDICTED. 4. ... Y(mu) = sum ... Fit y_j on the 16 only; S and the whole exotic 10 are then PREDICTED.' Line 155: ""fitted_on"": ""the 16 only"", ""residual"": 0.0."	frontier/B970_L134_exotics/exotics_charges.py;frontier/B970_L134_exotics/arc_verdict.json
933	E058	B971_L132_vacuity	IDENTIFICATION_BY_TYPE	HOLDS	SELF_CAUGHT	Route 1's script explicitly labels the SU(5)/branching identification as CITED, not derived, and WORK.md runs a second, independent Weyl-orbit route (Route 2) plus an explicit COMPUTED-vs-CITED table (section 6) precisely to check the cited identification against a construction that does not assume it -- the overclaim the flag warns about is named and fenced in the arc's own text.	frontier/B971_L132_vacuity/su5_anomaly_verdict.py:17-21: '27 of E6 under SO(10)xU(1)_psi then SU(5)xU(1)_chi: ... (branching pattern: CITED standard E6 group theory, not re-derived. The U(1) charge NORMALISATIONS are then checked here ...)'. WORK.md:6,21: 'Everything below is recomputed from scratch by two mutually independent routes.' | 'branching | **CITED** pattern | **COMPUTED** — recovers 16+10+1 and the SU(5) content'.	frontier/B971_L132_vacuity/su5_anomaly_verdict.py;frontier/B971_L132_vacuity/e6_weight_route.py;frontier/B971_L132_vacuity/WORK.md;frontier/B971_L132_vacuity/arc_verdict.json
940	E058	B973_L135_frame	CLAIM_EXCEEDS_COMPUTATION	HOLDS	UNCAUGHT	The exact committed rebuild.py cannot run as-is due to a variable-used-before-definition bug; only the uncommitted-looking rebuild_SCRATCH.py (identical apart from reordering two lines) actually executes and does reproduce 51/51 PASS when run directly, so the underlying number is real, but neither WORK.md nor B974's SYNTHESIS.md discloses that the checked-in script fails to execute -- the present-tense claim is unfenced against that specific gap.	"frontier/B973_L135_frame/WORK.md:13: 'The rebuild ran and the validation gate passed 51/51'. Running the committed frontier/B973_L135_frame/rebuild.py raises: 'File ""rebuild.py"", line 28, in <module> ... NameError: name '_REPO' is not defined' (the import-order bug is in rebuild.py; only rebuild_SCRATCH.py, which moves the _REPO assignment before its use, executes)."	frontier/B973_L135_frame/WORK.md;frontier/B973_L135_frame/rebuild.py;frontier/B973_L135_frame/rebuild_SCRATCH.py;frontier/B974_phaseA_synthesis/SYNTHESIS.md;frontier/B973_L135_frame/arc_verdict.json
954	E031	B982_file_drawer_exemption_defect	IDENTIFICATION_BY_TYPE	HOLDS	UNCAUGHT	The claim_one_line asserts this ID-collision as the actual root defect of a PROVED verdict, not as a coincidence to be dismissed -- it is the arc's central positive finding, stated without any fence disclaiming the identification-by-number as insufficient on its own terms.	"frontier/B982_file_drawer_exemption_defect/arc_verdict.json: ""the apparent supporting citation is a NUMBERING COLLISION: B521's own text states 'B493-B503 collides with this trunk's B496-B503', and the arcs it cites are the AUDIT SEAT's B501_gateB_reductions, B502_gateC_commensurator and B503_tower_timebox -- different arcs from main's B501_universe_word, B502_parity_signature and B503_external_contact. So the exemption was granted on citations to ANOTHER SEAT'S ARCS THAT HAPPEN TO SHARE NUMBERS."""	/tmp/claude-0/-home-user-origin-axiom/def55705-87fb-5c25-8c65-d57916765de8/scratchpad/wt_main/frontier/B982_file_drawer_exemption_defect/arc_verdict.json
963	E031	B994_rule_variation	IDENTIFICATION_BY_TYPE	DOES_NOT_HOLD	FLAG_WRONG	The phrase 'positional menu application' and the described error (a step-k menu keyed only by position, applied regardless of subgroup admissibility) do not appear anywhere in this arc's files, its dependencies (B859/B860/B861/B869/B871/B873/B874), or anywhere in the worktree searched by grep. B994 is actually about proving the cascade endpoint is rule-independent via exhaustive registerability enumeration -- the opposite of the flagged pattern.	"grep -rn ""positional menu"" (whole worktree): no matches. B994's actual content (FINDINGS.md:12-42): ""Registerable options per step: [3, 2, 1] ... Enumerating every registerable-respecting selection function gives six reachable chains -- and all six end at the Standard Model"""	/tmp/claude-0/-home-user-origin-axiom/def55705-87fb-5c25-8c65-d57916765de8/scratchpad/wt_main/frontier/B994_rule_variation/arc_verdict.json;/tmp/claude-0/-home-user-origin-axiom/def55705-87fb-5c25-8c65-d57916765de8/scratchpad/wt_main/frontier/B994_rule_variation/FINDINGS.md;/tmp/claude-0/-home-user-origin-axiom/def55705-87fb-5c25-8c65-d57916765de8/scratchpad/wt_main/frontier/B873_p5_gate/FINDINGS.md
969	E031	B1001_four_digit_blindspot	FITTED_VALUE	HOLDS	SELF_CAUGHT	The arc's own text names the pattern verbatim as 'fitting, not testing' and documents the prior 0.45->0.40 widening 'purely by dilution' before remedying it -- exactly as the flag describes, and explicitly fenced/fixed rather than asserted as a clean result.	"frontier/B1001_four_digit_blindspot/FINDINGS.md:30-36: ""The test's own docstring already recorded one such move: the floor had gone 0.45 → 0.40 when the share crossed 0.449 ‘purely by dilution’... > Re-fitting a floor to each new N is fitting, not testing. A third widening would have made the floor a record of the corpus size, dressed as a check."" ; line 38: ""What was done instead: the floors are demoted to loose sanity bands"""	/tmp/claude-0/-home-user-origin-axiom/def55705-87fb-5c25-8c65-d57916765de8/scratchpad/wt_main/frontier/B1001_four_digit_blindspot/arc_verdict.json;/tmp/claude-0/-home-user-origin-axiom/def55705-87fb-5c25-8c65-d57916765de8/scratchpad/wt_main/frontier/B1001_four_digit_blindspot/FINDINGS.md
977	E031	B1009_verification_pass	SELF_REFERENTIAL_LOCK	HOLDS	SELF_CAUGHT	The quote matches the flag's detail exactly. This is not a test/verdict circularity (the SELF_REFERENTIAL_LOCK kind's usual pattern) but a self-acknowledged finding: the arc explicitly names its own and cc3's overreach and states it is recorded as a genuine finding rather than glossed as irony -- self-caught, not a silent lock.	"frontier/B1009_verification_pass/FINDINGS.md:102-106: ""cc3: 'six of my own corrections today had one shape: a claim whose scope was wider than its evidence. Not one was an arithmetic error.' > Both seats' synthesis documents contained exactly the error their synthesis documents diagnose. That is recorded as the finding it is, not as an irony."""	/tmp/claude-0/-home-user-origin-axiom/def55705-87fb-5c25-8c65-d57916765de8/scratchpad/wt_main/frontier/B1009_verification_pass/FINDINGS.md
978	E032	B1011_mckay_tensor	FITTED_VALUE	PARTLY	UNCAUGHT	The hardcoded-literal charge holds: kerchi/ZI/ZT are typed in as bare literals (8,2,2) in the inclusion-exclusion formula rather than computed as len() of the enumerated 2880-cell group data, and FINDINGS.md/arc_verdict.json both assert C5 as PASS/'now a consequence' with no fence noting this. But the flag's other premise -- an 'in-arc addendum from a fresh physics seat (2026-09-01) calling this a lock vacuity' -- is fabricated: no ADDENDUM/NOTES file exists in this arc_dir, and 'lock vacuity' does not occur anywhere in the worktree (grep -r returned nothing).	"FINDINGS.md:49-50: ""Forced counts by inclusion–exclusion, exact: θ-odd 8·120 + 24·2 − 8·2 = 992; θ-even 2·120 + 24·2 − 2·2 = 284 — matching the incoming enumeration."" | b1011_match.py:138: ""kerchi, ZI, ZT = 8, 2, 2"""	frontier/B1011_mckay_tensor/FINDINGS.md;frontier/B1011_mckay_tensor/b1011_match.py;frontier/B1011_mckay_tensor/arc_verdict.json
986	E052	B1022_functor_phase1	CLAIM_EXCEEDS_COMPUTATION	HOLDS	SELF_CAUGHT	The same worktree's own adjudication addendum names the 'Gate 5 is the proof by practice' leg and states it fell/is conceded, i.e. the arc itself retracts the overclaim rather than a downstream reader catching it.	"frontier/B1022_functor_phase1/ADJUDICATION_2026-08-11.md:12-14: ""C8: refuted-in-part, conceded. The \""Gate 5 as proof-by-practice\"" leg fell with the C1 concession (a publication policy evidences nothing about arrows); C8's content leg (the structure functor exists and is load-bearing: B862/B864/B992) stands"""	frontier/B1022_functor_phase1/ADJUDICATION_2026-08-11.md;frontier/B1022_functor_phase1/FINDINGS.md;frontier/B1022_functor_phase1/arc_verdict.json
988	E052	B1023_phase2_concessions	IDENTIFICATION_BY_TYPE	HOLDS	SELF_CAUGHT	The arc explicitly states the identification of the two sigmas is unproved and pending a named future cell (L154), not asserted as an established result -- the arc itself fences it as a conditional ('if the two sigma's are one').	"frontier/B1023_phase2_concessions/FINDINGS.md:26-29: ""c((E6)1) = 78/13 = 6 = B254's banked split, with c = 6sigma (arithmetic re-verified on this bench). A2's permission now rests on the unit freedom + B915's precedent alone, pending L154 -- whose stakes are stated in the lead: if the two sigma's are one, c = 6 is DERIVED and the input list SHRINKS by its only continuous dimensionless member."""	frontier/B1023_phase2_concessions/FINDINGS.md;frontier/B1023_phase2_concessions/arc_verdict.json
991	E032	B1025_input_derivability	CLAIM_EXCEEDS_COMPUTATION	HOLDS	UNCAUGHT	The code hardcodes the branching multiplicities as literal dicts and only checks their weighted sum equals the ambient dimension (27, 16) -- it never derives the branching from E6/SO(10)/SU(5) Clebsch-Gordan or Dynkin data. FINDINGS.md's word 're-verified' is not fenced anywhere as 'sum-check only, not independently derived.'	"FINDINGS.md:54-55: ""the 27 contains its SO(10)-singlet with multiplicity 1 ... and the 16 its SU(5)-singlet with multiplicity 1 ... both re-verified in audit_checks.py."" | audit_checks.py:11-14: ""b27 = {\""16\"": 1, \""10\"": 1, \""1\"": 1} ... assert sum(...) == 27"" / ""b16 = {\""10\"": 1, \""5bar\"": 1, \""1\"": 1} ... assert sum(...) == 16"""	frontier/B1025_input_derivability/FINDINGS.md;frontier/B1025_input_derivability/audit_checks.py
992	E032	B1025_input_derivability	IDENTIFICATION_BY_TYPE	HOLDS	UNCAUGHT	The arc treats the object's endpoint ADE labels matching E6/E8 as the object 'canonically nominating' the class-S 6d type, asserted as fact driving the I4 verdict to NARROWS. It does hedge that 'ACCEPTANCE of the nomination' (S1) is still an open computation, but that hedge concerns a downstream identification test, not the type-coincidence move itself -- the equating of 'the object's ends carry E6/E8 McKay data' with 'the object determines/nominates the 6d type' is stated as established, with no fence naming it as a dimension/label match rather than a derivation.	"FINDINGS.md:39-41: ""**The join:** the object **canonically nominates** its types — E₆ at the hyperbolic end, E₈ at the spherical (B248/B253/B261, the McKay chain B266/B727 within its stated scope, and B1011: the two ends' McKay data sit *inside the hearing instrument itself*)."""	frontier/B1025_input_derivability/FINDINGS.md
994	E032	B1026_nomination	IDENTIFICATION_BY_TYPE	HOLDS	SELF_CAUGHT	N1's kind-exact matching is exactly the type-coincidence license the flag describes, but the cell explicitly names and scopes itself as a pre-registered, data-blind NOMINATION (not an identification/proof of physical equality) whose winner is only a candidate to be tested against measurement in a separate, later crossing cell (B1027) -- the fence is structural (title, prereg framing, and the 'data contacted only there' line), not merely rhetorical.	"PREREGISTRATION.md:1: ""# B1026 PREREGISTRATION — the crossing-candidate NOMINATION cell (sealed before compute; DATA-BLIND by construction)"" | PREREGISTRATION.md:25: ""N1 — kind-exact per docs/KIND_TABLE.md: T1/T3 ↔ A · T2 ↔ P · T4 ↔ Φ. No cross-kind pair."" | PREREGISTRATION.md:52: ""NOMINATED → B1027, the crossing seal (all eleven requirements + this nomination cited), data contacted only there."""	frontier/B1026_nomination/PREREGISTRATION.md;frontier/B1026_nomination/FINDINGS.md;frontier/B1026_nomination/nominate.py
995	E032	B1026_nomination	FITTED_VALUE	HOLDS	UNCAUGHT	Only PREREGISTRATION.md is hashed/sealed; N3's abstract rule ('a selector = a banked reason naming the element') is sealed, but nominate.py itself -- where each specific reduction is judged to qualify as a 0-bit 'structural selector' versus a priced 'choice' -- is unsealed code, so the case-by-case application retains exactly the discretion the flag describes. Neither FINDINGS.md nor the verdict fences this interpretive latitude; the PROVED/NOMINATED verdict is stated flatly.	"nominate.py:28-30: ""# Object: {0, +2pi/3, -2pi/3}. Selector: \""the nontrivial chi values\"" ... -> the conjugate pair {+-2pi/3} ... notes=\""object set reduced to {+-2pi/3} by the banked nontriviality selector (0 bits); sign 1 bit + sector 1 bit = 2.0\"""" | ARTIFACT_HASHES.txt:1: ""7e798db1...  frontier/B1026_nomination/PREREGISTRATION.md"""	frontier/B1026_nomination/nominate.py;frontier/B1026_nomination/PREREGISTRATION.md;frontier/B1026_nomination/ARTIFACT_HASHES.txt
999	E032	B1028_freedom_ledger	SELF_REFERENTIAL_LOCK	HOLDS	UNCAUGHT	The check is exactly verdict=='PROVED' plus substring presence in the cited arc's own stored claim_one_line -- no re-derivation of any cited arc's mathematics. The headline honestly describes the mechanism as verifying citations against banked verdicts, but nowhere fences the risk that a phrase-matching, textually-present citation could rest on a cited arc that is wrong or later retracted; 'RETROACTIVE DESIGNER FREEDOM = 0.000 BITS' and 'Declared prior COMPRESSION: HELD' are asserted as settled without that caveat.	"b1028_walk.py:28-38: ""def _claim(arc_dir): v = json.loads(...); assert v[\""verdict\""] == \""PROVED\"" ...; return v[\""claim_one_line\""]"" / ""def _cite(arc_dir, *phrases): c = _claim(arc_dir); for p in phrases: assert p in c, ... ; return arc_dir.split(\""_\"")[0]"" | arc_verdict.json:5: ""...every zero cited to its forcing arc WITH THE DISCRIMINATING PHRASE MACHINE-CHECKED against that arc's banked verdict (the walk re-verifies its own citations at run time)..."""	frontier/B1028_freedom_ledger/b1028_walk.py;frontier/B1028_freedom_ledger/arc_verdict.json;frontier/B1028_freedom_ledger/FINDINGS.md
1007	E032	B1031_generation_rung	SELF_REFERENTIAL_LOCK	HOLDS	RETRACTED_LATER	B1032_across_breakings_route/FINDINGS.md explicitly withdraws B1031's absence claim, naming a second live route (the across-breakings sectors, B889/B890/B891) that B307 does not forbid. Retracting file: frontier/B1032_across_breakings_route/FINDINGS.md, section 4 ('THE CORRECTION').	"B1031 FINDINGS.md (rung X33): ""the relational route via B302's commensurator ℤ/3 is the only one B307 leaves open, and no arc runs it end to end"" | B1032_across_breakings_route/FINDINGS.md:63-65: ""B1031's rung X33, written yesterday, says: 'the relational route ... is the only one B307 leaves open ...' The first clause is false and is withdrawn. There are two, and the second has two sealed cells already run on it."""	frontier/B1031_generation_rung/FINDINGS.md;frontier/B1032_across_breakings_route/FINDINGS.md
1008	E032	B1031_generation_rung	IDENTIFICATION_BY_TYPE	HOLDS	SELF_CAUGHT	The arc's title, section-1 heading, and body all explicitly grade the h1=3 / three-generations count as 'structural, count matches -- NOT derived', repeatedly and by name, distinguishing it from DERIVED/THEOREM items in the same table. This is a textbook self-caught fence of exactly the type/count coincidence the flag names.	"FINDINGS.md:1: ""# B1031 — three generations: structural, not derived — and the ladder had no rung for it"" | FINDINGS.md:12: ""## 1. THE ANSWER: structural, count matches — not derived, and the programme says so in three places"" | FINDINGS.md:20: ""The grade is deliberate and it is not DERIVED."""	frontier/B1031_generation_rung/FINDINGS.md
1013	E032	B1032_across_breakings_route	SELF_REFERENTIAL_LOCK	PARTLY	SELF_CAUGHT	The recurring hazard (a gap-measuring arc's own new citation making the gap look covered) is real and repeatedly self-named/self-corrected in-arc across B1030, B1031 and B1032 (three arcs, four instances) -- and per THE_LADDER.md it recurred far more broadly (ten times across nine arcs) before being generalized as error class E37. But the flag's specifics are imprecise: it says 'a chain of at least 4 sibling arcs' where the text says three arcs/four instances, and the quoted phrase 'the same trap I diagnosed a paragraph earlier' does not appear verbatim anywhere in the worktree. Each instance is explicitly named, pinned in the arc's own lock, and scoped by the arc itself -- self-caught, not an uncaught overclaim.	"B1032 FINDINGS.md:97-99: ""Self-correction, one hazard now at four instances across three arcs: a consolidation arc that both measures a gap and fills it invalidates its own metric unless the measurement is scoped by authorship. B1030 hit it once, B1031 twice, this arc once."" | docs/THE_LADDER.md:34: ""Registering a gap creates hits for the gap, so the coverage count self-inflates ... the 2026-08-11 refresh hit the same hazard ten times across nine arcs before it was generalised"""	frontier/B1032_across_breakings_route/FINDINGS.md;frontier/B1030_input_typing_audit/FINDINGS.md;docs/THE_LADDER.md
1015	E033	B1033_generation_adjudication	IDENTIFICATION_BY_TYPE	HOLDS	SELF_CAUGHT	The arc's entire content is the retraction of the earlier B897 flavor/generation identification, replacing it with a chiral (SU(3)_R-type) reading; the verdict and claim_one_line state the correction explicitly, not the original error, so the arc itself names and rejects the type-coincidence identification it exists to undo.	"FINDINGS.md: 'What dies: the flavor NAME.' ... 'the su(3)′ index is chiral structure, not generation structure.' ... 'B897's flavor-3 is trinification-3 — orthogonal to generation-3. B280 (""one 27 = one generation"") and B298 (seven routes, no forced multiplicity 3) STAND.'"	frontier/B1033_generation_adjudication/FINDINGS.md;frontier/B1033_generation_adjudication/arc_verdict.json
1017	E033	B1033_register_reconciliation	SELF_REFERENTIAL_LOCK	HOLDS	SELF_CAUGHT	The arc's own FINDINGS.md explicitly documents the self-inflating coverage-count hazard (six instances, five arcs) and the bug-driven 251 value, correcting the published figure to exclude the arc's own citations of itself before stating the final PROVED verdict as 'the corpus at B1032' with named exclusions.	FINDINGS.md:108-113: 'Self-correction — one hazard, now at SIX instances across five arcs, and this time it moved a published number... the arc counts itself... Bite (2) moved the headline from 234 to 232 before it was caught.' FINDINGS.md:103-105: 'And one of those movements was not consolidation. The 251 was computed against a working tree that had been rewound to an earlier commit; the restored tree gives 234.'	frontier/B1033_register_reconciliation/FINDINGS.md;frontier/B1033_register_reconciliation/arc_verdict.json
1020	E033	B1034_two_kappas	IDENTIFICATION_BY_TYPE	HOLDS	SELF_CAUGHT	The arc exists specifically to name and repair the SESSION3_SYNTHESIS.md conflation of the two type-incompatible kappas, states the type discriminator explicitly, and repairs the declaration on both source and docs surfaces — a caught, not asserted, identification.	"FINDINGS.md: 'A third locus uses it as physics: docs/SESSION3_SYNTHESIS.md — ""Coupling: g = κ = 0.8608"".' ... 'κ #1 is a constant. κ #2 is a function with a locus. A constant cannot have a set on which it equals 2. κ = 2 is not a value κ #1 fails to take — it is a statement κ #1 cannot make.'"	frontier/B1034_two_kappas/FINDINGS.md
1027	E033	B1036_mirror_double	IDENTIFICATION_BY_TYPE	HOLDS	SELF_CAUGHT	Matches the flag verbatim; the arc explicitly fences its own multiplicity result against a generations reading, stating the count mismatch (5 vs 3) and that no such mechanism is claimed.	FINDINGS.md:24-26: 'The fence, as sealed: a candidate, NOT a generations theorem — and the honest number is 5 = 2+2+1, not 3. The count the coupling move produces is one-extra-per-chiral-block; any generation reading would need a further mechanism and is not claimed.'	frontier/B1036_mirror_double/FINDINGS.md
1033	E033	B1040_isomonodromy_restored	CLAIM_EXCEEDS_COMPUTATION	HOLDS	SELF_CAUGHT	The arc's title itself says the [exact] tag 'does not survive contact' and Verdict states each part is retiered ('[exact] for the algebra, [num] with its own tier') — the overclaim is named and corrected in the same document, not asserted as a final result.	FINDINGS.md:32-38: '(i) The [exact] tag is on the wrong thing. B169's P1 is tagged [exact]. What its script computes is an eigenvalue identity. ... the identification of λ_m² as the dynamical degree on the cubic is Cantat–Loray's theorem, carried by citation. The exactness is the algebra's, not the identification's.'	frontier/B1040_isomonodromy_restored/FINDINGS.md
1035	E033	B1041_theta_leg	IDENTIFICATION_BY_TYPE	HOLDS	SELF_CAUGHT	The arc names its own inputs as banked/forced-by-prior-claims (not derived fresh) and explicitly fences against the trivial-torsor-existence critique the flag raises, stating precisely which four facts the PROVED verdict banks rather than claiming an independent derivation.	PREREGISTRATION.md:24: 'Φ on generators is therefore FORCED by the two banked legs plus elimination'. FINDINGS.md 'The honesty fence': 'For free transitive actions, SOME intertwiner exists for ANY generator assignment — torsor generality, zero bits. This cell's content is not the existence: it is (a) the 0/6 coordinate obstruction ... (b) L's uniqueness given the banked Φ and its specific FORM ... not the bare existence.'	frontier/B1041_theta_leg/FINDINGS.md;frontier/B1041_theta_leg/PREREGISTRATION.md
1040	E034	B1042_trit_morphism	IDENTIFICATION_BY_TYPE	HOLDS	UNCAUGHT	The scope fences in FINDINGS.md (#3/#4 not the trit's home, B1030 sV4 untouched, FMT's S3 untouched) all guard OTHER pairs/structures from over-reading, but none of them fences the core move the flag names: that character values landing in mu_3 + McKay tensoring + factor permutation constitutes physical identity of the VEV orbit with omega's group rather than a structural (type-level) correspondence. The verdict is unqualified 'PROVED (JOINED)' and claim_one_line asserts 'IS' without hedging that specific leap, so the identification is asserted as a result, not fenced as interpretive.	FINDINGS.md:11-13: 'ω's ℤ/3 (field-side, μ₆'s cube roots) → the trit's ℤ/3 (algebra-side, the VEV-acceptance orbit) is one structure, carried by exhibited functorial links'; arc_verdict.json: 'verdict':'PROVED', claim_one_line: 'JOINED -- the VEV-acceptance trit's Z/3 ... IS omega's Z/3'.	frontier/B1042_trit_morphism/FINDINGS.md;frontier/B1042_trit_morphism/arc_verdict.json
1055	E034	B1048_the_seam_cluster_closed	IDENTIFICATION_BY_TYPE	DOES_NOT_HOLD	FLAG_WRONG	The 1.2170 value is not matched to a conjugate root by numerical coincidence; env45 and env15 are pre-existing computed quantities (from B408's E16-cell sweep) shown by an exact symbolic identity (mod the minimal polynomial) to equal (3α²+4α−1)/10 -- an algebraic derivation, not a type/value coincidence. The 'seam' quantity's meaning (a ratio of computed envelope invariants) is established independently of the Galois-orbit identification, which is the derived consequence, not the premise.	B426/FINDINGS.md:18-25: 'env₄₅/env₁₅ has the exact closed form (3α²+4α−1)/10 ... env₄₅ = 1/96 − γ/160 + α/480 = (3α²+4α−1)/480 — symbolic identity mod α³−3α+1'; verify.py:96-100 independently re-derives the same minimal polynomial 1000x³−1500x²+360x−19 symbolically and only THEN checks the largest numeric root ≈1.2170 as a consistency confirmation.	frontier/B1048_the_seam_cluster_closed/FINDINGS.md;frontier/B1048_the_seam_cluster_closed/verify.py;frontier/B426_scale_lever_closed_form/FINDINGS.md;frontier/B408_seam_hierarchy/FINDINGS.md
1059	E034	B1050_the_projective_wall	CLAIM_EXCEEDS_COMPUTATION	HOLDS	SELF_CAUGHT	The arc itself names the exact overclaim risk the flag describes (WALL read as stronger than 'six specific approaches failed') and explicitly fences it, and that fence is propagated into the curated LAW_MAP surface itself, not just the arc body.	"FINDINGS.md:43-45: 'The scope that must travel: the wall is ""does not derive the selector"", not ""no selector exists"". Six routes to naturality stop in the same place. That makes a seventh attempt at the same route wasted — not impossible.' The identical fence is carried verbatim into docs/LAW_MAP.md's B1050 row: 'THE SCOPE THAT MUST TRAVEL: the wall is ""does not DERIVE the selector"", and emphatically NOT ""no selector exists"".'"	frontier/B1050_the_projective_wall/FINDINGS.md;frontier/B1050_the_projective_wall/arc_verdict.json;docs/LAW_MAP.md
1062	E034	B1053_the_unread_handoffs	SELF_REFERENTIAL_LOCK	DOES_NOT_HOLD	FLAG_WRONG	SELF_REFERENTIAL_LOCK requires a test/verdict that only checks the arc's own stored text; test_b1053's load-bearing assertions instead cross-check external atlas data, six other arcs' FINDINGS bodies, docs/OPEN_LEADS.md, docs/LAW_MAP.md and a prior handoff file -- genuinely independent verification, not circularity. This is a real self-audit finding (B1052 not reading prior handoffs), correctly flagged kind mismatch.	tests/test_b1053_unread_handoffs.py:39-46: checks atlas.get(b,{}).get('status') != 'dead' against scripts/atlas/atlas_data.json, and greps HUNT_ARCS' (B742/B745/B754/B765/B770) FINDINGS files for the WALL arc IDs -- all external sources, not the arc's own stored text.	frontier/B1053_the_unread_handoffs/FINDINGS.md;frontier/B1053_the_unread_handoffs/arc_verdict.json;tests/test_b1053_unread_handoffs.py
1081	E034	B1070_listener_derivation	CLAIM_EXCEEDS_COMPUTATION	HOLDS	SELF_CAUGHT	arc_verdict.json's verdict field does read 'PROVED' ahead of the sealing arc B1071, which is a genuine token/text tension, but the arc's own claim_one_line and FINDINGS explicitly label the result EXPLORATION-GRADE, state nothing is sealed, and name the exact three-step gate before any downstream citation -- fencing the overclaim in its own words. B1071 (run 2026-08-19, same day) subsequently re-derived all three claims independently and PROVED them at seal grade, so the exploration-grade result was not left standing unchecked.	FINDINGS.md:44-50: '## The promotion path (dual protocol; nothing here is sealed) 1. SEAL a preregistration ... 2. run the sealed re-derivation ... 3. only then may the crossing prereg cite the derived listener.' arc_verdict.json claim_one_line ends: 'EXPLORATION-GRADE; the sealed re-derivation is the named promotion path before any crossing prereg cites it.'	frontier/B1070_listener_derivation/FINDINGS.md;frontier/B1070_listener_derivation/arc_verdict.json;frontier/B1071_sealed_listener/FINDINGS.md;frontier/B1071_sealed_listener/arc_verdict.json
1095	E034	B1078_gauge_selection	IDENTIFICATION_BY_TYPE	HOLDS	SELF_CAUGHT	The arc's verdict 'PROVED' is scoped explicitly to the observation being exact (the pattern holds at D2 alone), while the arc's own honest grading repeatedly and explicitly denies that this constitutes a selection theorem/law, naming the exact two-computation upgrade path still required -- a direct fence of the type-coincidence-to-mechanism leap the flag raises.	FINDINGS.md:20-29: 'PROPOSED-NOT-BANKED: the law's transport across gauges ... Therefore: an observation with a clean 1-of-3 pass rate ... and NOT yet a selection theorem.'	frontier/B1078_gauge_selection/FINDINGS.md;frontier/B1078_gauge_selection/arc_verdict.json
1101	E035	B1082_order_comparison	IDENTIFICATION_BY_TYPE	HOLDS	UNCAUGHT	The internal adversarial verifier (component 'v') caught and named the tautology by direct bite-test (any nested containment chain, e.g. F4-52-36-28-21-14, passes identically), but the banked FINDINGS.md/arc_verdict.json 'NO INVERSION FOUND' verdict and claim_one_line carry the dimension-sequence match forward as a positive finding with no trace of this fence -- the published result asserts what the arc's own verifier showed to be near-tautological.	"b1082_results.json 'v': ""BOTH sides are tautologically monotonic by their own definitions... 'no inversion found anywhere checked' confirms a near-tautology forced by each side's own definition, not a cross-domain fact discriminating this chain from an arbitrary one... the mapping does not survive as typed."" vs FINDINGS.md: ""NO INVERSION FOUND... The D-chain's own containment... strictly decreases... monotone"" (banked as CONSISTENT-ORDER, no mention of the tautology)."	frontier/B1082_order_comparison/FINDINGS.md;frontier/B1082_order_comparison/arc_verdict.json;frontier/B1082_order_comparison/b1082_results.json
1102	E035	B1082_order_comparison	CLAIM_EXCEEDS_COMPUTATION	HOLDS	UNCAUGHT	Verifier literally returned holds=false with two of four checks FAILED (model-dependence disclosure, check i; the tautology/bite-test, check iv). The banked 'corrected grade' text only names and fixes check (i); check (iv) is dropped silently and the arc is still banked PROVED.	"b1082_results.json 'v'.holds=false, finding: ""FAILS as typed on 2 of 4 mandatory checks... (iv) FAILS... the mapping does not survive as typed."" FINDINGS.md: ""the adversarial verifier FAILED the mapping as first typed (the model-dependence disclosure was missing) and PASSED its computational spine -- this FINDINGS carries the corrected grade"" -- no mention of check (iv)/tautology anywhere in FINDINGS.md or arc_verdict.json."	frontier/B1082_order_comparison/FINDINGS.md;frontier/B1082_order_comparison/arc_verdict.json;frontier/B1082_order_comparison/b1082_results.json
1104	E035	B1090_partition_bridge	IDENTIFICATION_BY_TYPE	HOLDS	UNCAUGHT	The saddle-equals-omega finding is stated flatly as an identity ('IS the programme's founding field generator') in both the FINDINGS headline and the banked claim_one_line, with no hedge marking it as a numeric/type coincidence needing scrutiny -- despite the arithmetic being genuinely derived, the framing asserts identification without fencing it as such.	"FINDINGS.md §2: ""u² + u + 1 = 0 — e^z = ω."" ""The critical point of the object's own quantum-gravity partition function is the programme's founding field generator."" arc_verdict.json claim_one_line: ""its steepest-descent saddle is EXACTLY the programme's field generator (u^2+u+1 = 0, e^z = omega; symbolic)"""	frontier/B1090_partition_bridge/FINDINGS.md;frontier/B1090_partition_bridge/arc_verdict.json
1105	E035	B1094_two_route_wall	CLAIM_EXCEEDS_COMPUTATION	HOLDS	SELF_CAUGHT	Confirmed: arc_dir holds only FINDINGS.md and arc_verdict.json (no code); tests/test_b1094_two_route.py only checks kill_graph.json string fields and that B1079's verdict text contains '15,624'. But the arc's own verdict line explicitly names this as a join with 'no new computation needed,' fencing the overclaim rather than hiding it.	"FINDINGS.md: ""Verdict: PROVED (a join of two banked computations + an explicit scope statement; no new computation needed — main's own census licenses the join)"""	frontier/B1094_two_route_wall/FINDINGS.md;frontier/B1094_two_route_wall/arc_verdict.json;tests/test_b1094_two_route.py
1106	E035	B1096_anomaly_layer	CLAIM_EXCEEDS_COMPUTATION	HOLDS	SELF_CAUGHT	arc_dir (frontier/B1096_anomaly_layer/) contains only FINDINGS.md and arc_verdict.json, no code; the real derivation lives in tests/test_b1096_anomaly_layer.py (confirmed present and substantive). FINDINGS.md's own closing Locks line names that exact file as where the computation lives, so the arc discloses -- rather than conceals -- where 'own code' actually resides.	"FINDINGS.md: ""Every number re-derived here with own code, exact fractions"" ... ""**Locks:** tests/test_b1096_anomaly_layer.py (the full table + the unique (4,3), exact)."""	frontier/B1096_anomaly_layer/FINDINGS.md;frontier/B1096_anomaly_layer/arc_verdict.json;tests/test_b1096_anomaly_layer.py
1107	E036	B1097_first_step_losses	CLAIM_EXCEEDS_COMPUTATION	HOLDS	UNCAUGHT	FINDINGS.md and arc_verdict.json assert the falsifiable prediction as confirmed/fired in declarative, unfenced language; the arc's own lock only reproduces a miniature toy parity check up to N=55, never touching B1095's real windows/numbers. No fence in FINDINGS.md scopes the 'confirmed blind' language to the toy check; the identification is asserted as settled fact, matching the flag.	FINDINGS.md:16-19: 'JOIN ONE — their falsifiable prediction already fired and was confirmed ... B1095 — computed on this bench BEFORE this arc was read — is that wall ... A registered falsifiable prediction, confirmed blind'; arc_verdict.json claim_one_line: 'their falsifiable prediction ... had ALREADY FIRED AND BEEN CONFIRMED BLIND'; tests/test_b1097_first_step_losses.py:23-30 test_the_fired_prediction_wall_exists only checks N in (13,21,34,55), a toy parity identity, not B1095's actual computed numbers.	frontier/B1097_first_step_losses/FINDINGS.md;frontier/B1097_first_step_losses/arc_verdict.json;tests/test_b1097_first_step_losses.py
1109	E036	B1098_nonabelian_hatch	IDENTIFICATION_BY_TYPE	HOLDS	SELF_CAUGHT	The arc itself names the type-ambiguity (b3 vs c3) and explicitly argues the conclusion holds under either type reading, rather than asserting a single type identification as fact.	FINDINGS.md (Sec 5): 'Verifier's honest caveat, adopted: dim+rank+simplicity alone cannot distinguish b₃ from its dual c₃ for that row — and the exclusion survives either reading (sp(6)'s su(3) also has commutant ≤ u(1) ... ), so the 2A1 exclusion is type-label-independent.'	frontier/B1098_nonabelian_hatch/FINDINGS.md
1111	E036	B1102_exact_hypercharge_solve	IDENTIFICATION_BY_TYPE	HOLDS	SELF_CAUGHT	The arc heading itself discloses that the target multiset is a prior banked integer assignment (not a first-principles derivation or measurement) and explicitly notes Gate 5 (measured-value gate) is untouched — the identification-by-type risk is named and fenced, not hidden.	FINDINGS.md:1-3: 'Status: banked (frontier). Verdict PROVED. Gate 5 untouched (the 6Y multiset is B950's banked integer assignment — the same license B1100 ran under).'	frontier/B1102_exact_hypercharge_solve/FINDINGS.md
1117	E036	B1110_spectral_cluster	CLAIM_EXCEEDS_COMPUTATION	HOLDS	UNCAUGHT	The only script present in this arc directory (b1110_orbitswap_locus.py) implements F4b and F5 only, with no F6/Pell/exact-arithmetic code; a repo-wide search found no other script or file producing the '1e-91' figure or the N=80,782 Pell-window computation, so this specific precision figure is asserted with no traceable source in the arc, and it is stated as settled fact with no fence.	FINDINGS.md:36-38: 'OBSERVED at 11-window strength with the formula stated — and RE-VERIFIED IN EXACT ARITHMETIC (Fraction convergents, error ~1e-91) at all eleven windows including N = 80,782'; arc_verdict.json claim_one_line: 'RE-VERIFIED IN EXACT ARITHMETIC (convergent error ~1e-91)'.	frontier/B1110_spectral_cluster/FINDINGS.md;frontier/B1110_spectral_cluster/arc_verdict.json;frontier/B1110_spectral_cluster/b1110_orbitswap_locus.py;frontier/B1110_spectral_cluster/b1110_results.json
1119	E052	B1111_w5_scoping	CLAIM_EXCEEDS_COMPUTATION	HOLDS	UNCAUGHT	The committed script computes only layers 1-2 (per-element rigidity and pairwise joint loci); the layer-3 stabilizer-sampling numbers ({8,16,24,96}, order-24 pairs) appear only as prose in FINDINGS.md and arc_verdict.json's claim_one_line, asserted as an accomplished result with no caveat that it lacks committed code (the FINDINGS.md fence 'neither is run here' at line 51 refers only to the two forward residues, cocycle feasibility and stabilizer typing -- not to the sampling result itself).	"frontier/B1111_w5_scoping/FINDINGS.md:36-40: ""And the pairs have interesting stabilizers. Sampling 25 transversal pairs: the generated subgroups have orders {8: three, 16: eight, 24: three, 96: eleven} -- order-24 transversal pairs exist, i.e. candidate isolated-2T-point configurations"" ... b1111_scoping.py:1-62 (full file) implements only the per-element census (lines 45-51) and the pairwise joint-V1 census (lines 52-59); no stabilizer-sampling code exists anywhere in the file or worktree."	frontier/B1111_w5_scoping/FINDINGS.md;frontier/B1111_w5_scoping/arc_verdict.json;frontier/B1111_w5_scoping/b1111_scoping.py
1131	E036	B1124_allorders_arithmetic	CLAIM_EXCEEDS_COMPUTATION	HOLDS	SELF_CAUGHT	FINDINGS.md itself (not only b1124_NOTES.md) carries a dedicated, prominently headed fence section naming the exact discrepancy the flag describes (14-digit PRECISION-FLOOR field vs the 27-36-digit non-pre-registered metric used for the PROVED verdict) and defends the choice explicitly — this is a disclosed, argued discrepancy, not a hidden one, so it does not meet the flag's implied 'buried' overclaim even though the top status line does not itself restate the digit count.	"b1124_results.json:8004-8005: '""verdict"": ""PRECISION-FLOOR"", ""verdict_reason"": ""C_3 reached only 14 trusted digits (<17 needed) ...""'; FINDINGS.md 'The two honest fences' §2: 'the primary script's ultra-conservative metric (worst pair across ALL windows incl. small-N W1) rates C₃ at only 14 digits and its verdict field reads PRECISION-FLOOR, left untouched. The 36-digit confirmation comes from a large-N-windows-only (W3/W4/W5) bound of 27 digits — justified by the clean monotonic pattern ... NOT a post-hoc relaxation.'"	frontier/B1124_allorders_arithmetic/FINDINGS.md;frontier/B1124_allorders_arithmetic/arc_verdict.json;frontier/B1124_allorders_arithmetic/b1124_results.json
1132	E036	B1126_identification	IDENTIFICATION_BY_TYPE	HOLDS	SELF_CAUGHT	The arc explicitly identifies the bare-number match (C1/C0 vs sin theta12 PMNS) as the type-vs-value licensing pattern and dismisses it on three named grounds, banking the overall arc verdict as a negative (NO-OBJECT-PERIOD-IS-AN-SM-RATIO) rather than accepting the coincidence.	FINDINGS.md 'The one near-coincidence' section: 'DISMISSED on three independent grounds, any one sufficient: 1. Look-elsewhere ... 2. No principled instrument ... 3. Fails pre-commitment ... Named as a falsifiable, UNCLAIMED note ... but NOT promoted, NOT banked as a hint.'	frontier/B1126_identification/FINDINGS.md
1135	E037	B1129_natural_values_disjoint	IDENTIFICATION_BY_TYPE	HOLDS	SELF_CAUGHT	The arc's own headline verdict is NATURAL-VALUES-DISJOINT (a negative), and the det phi/Koide 2/3 coincidence is explicitly named, weighed, and dismissed on four stated grounds in both FINDINGS.md and arc_verdict.json -- textbook self-caught type-coincidence lure, exactly as the flag says.	"frontier/B1129_natural_values_disjoint/FINDINGS.md:24-37: ""The one exception, honestly weighed (NAMED-CANDIDATE, dismissed) ... |det φ| = 2/3 ... lands exactly on Koide's 2/3 ... But DISMISSED as a crossing on four independent grounds: (1) found by grid-scan -- fails strict pre-commitment ... (2) no computed INSTRUMENT links a Lie-algebra determinant to the mass combination ... (3) look-elsewhere ... (4) both sides are small {2,3}-smooth rationals for independent structural reasons. Named, unclaimed, relayed to cc3"""	frontier/B1129_natural_values_disjoint/FINDINGS.md;frontier/B1129_natural_values_disjoint/arc_verdict.json
1136	E037	B1130_twoended_tower	CLAIM_EXCEEDS_COMPUTATION	HOLDS	RETRACTED_LATER	B1130's FINDINGS.md/arc_verdict.json assert the N=70M/~1hr run as fact with no internal fence (b1130_NOTES.md's own RESULTS/VERDICT sections were left as unfilled placeholder comments), so within B1130 itself this is UNCAUGHT; but B1133_c4_single_end/b1133_NOTES.md (its 'Zeroth finding') independently discovers and names the exact discrepancy -- committed results.json is quick_mode:true, W6 caps at N=1.5M, total runtime 42.9s, no checkpoint recoverable -- and flags it as unresolved provenance. B1133 does not overturn B1130's final single-end conclusion (which it re-reaches by an independent Aitken-acceleration route recorded in B1130/FINDINGS.md's later addendum), but it does retract/correct the specific N=70M/~1hr claim as unsubstantiated.	"frontier/B1130_twoended_tower/FINDINGS.md:24-29: ""the tower was pushed toward N=70M but the extension was STOPPED at ~1 hour""; frontier/B1130_twoended_tower/b1130_results.json line 7 ""quick_mode"": true, W6 grid (line 335-341) tops at 1500000, line 11143 ""timing_total_s"": 42.903; frontier/B1133_c4_single_end/b1133_NOTES.md:19-29: ""## Zeroth finding: the \""0 trusted digits at N<=70M\"" claim doesn't match what's on disk ... a 42.9s total runtime. The prose (FINDINGS.md/NOTES.md/arc_verdict) describes a run \""pushed toward N=70M... stopped at ~1hr\"" that is not the file on disk ... No `twoended_checkpoint.pkl` exists anywhere in the repo ... to recover the larger run."""	frontier/B1130_twoended_tower/FINDINGS.md;frontier/B1130_twoended_tower/arc_verdict.json;frontier/B1130_twoended_tower/b1130_results.json;frontier/B1130_twoended_tower/b1130_NOTES.md;frontier/B1133_c4_single_end/b1133_NOTES.md
1140	E037	B1135_gauge_closing	IDENTIFICATION_BY_TYPE	HOLDS	SELF_CAUGHT	The arc's own headline verdict text ends with an explicit FENCES section quarantining exactly the physical labelings the flag names (frame choice, interpretive readings, cited-not-recomputed 27=16+10+1), and states outright 'STRUCTURE only, no SM number' -- self-caught, not asserted as a physical result.	"frontier/B1135_gauge_closing/FINDINGS.md:69-75: ""## THE FENCES (frame choices and cited items -- integrate the math, quarantine the framing) ... The slot -> physics assignment (which A2 is \""color\"" vs \""EW room\"") is a FRAME CHOICE, not ... su(2,1)-as-Higgs-doublet and 16-as-one-family are INTERPRETIVE readings, carried from ...""; arc_verdict.json: ""FENCES: the slot->physics assignment is a FRAME CHOICE (clean 3-fold symmetry, 81/81/81); su(2,1)-as-Higgs-doublet and 16-as-one-family are INTERPRETIVE; 27=16+10+1 under so(10) is CITED standard. STRUCTURE only, no SM number."""	frontier/B1135_gauge_closing/FINDINGS.md;frontier/B1135_gauge_closing/arc_verdict.json
1147	E037	B1139_symmetry_point_table	IDENTIFICATION_BY_TYPE	HOLDS	SELF_CAUGHT	Both FINDINGS.md and arc_verdict.json type sin^2(theta_W)=3/8 explicitly as FORCED-DIRECTION+ASSUMED-NORMALIZATION = a reproduction, not a forcing, citing B991's proof that the /6 normalization is a convention -- exactly the honest typing the flag says to check for, and it is preserved in both files (downstream summaries not separately checked here, but the primary arc texts carry the fence).	"frontier/B1139_symmetry_point_table/FINDINGS.md:34-43: ""sin²θ_W = 3/8 (memo 23) -- CONFIRMED, TYPED AS A REPRODUCTION ... the normalization -- the \""/6\"" that fixes the hypercharge scale so the ratio reads 3/8 -- is exactly what B991 proved is a convention, not derivable ... So 3/8 is a REPRODUCTION (forced-direction + assumed-normalization), the canonical GUT value the object's structure is consistent with, not a fresh SM number the object emits."""	frontier/B1139_symmetry_point_table/FINDINGS.md;frontier/B1139_symmetry_point_table/arc_verdict.json
1149	E038	B1143_bl_fourth_cartan	FITTED_VALUE	HOLDS	SELF_CAUGHT	The arc itself explicitly flags and fences the unreconciled 36-vs-72 count in both FINDINGS.md and arc_verdict.json ('SP-3: ... the memo's specific 36/36 count is FLAGGED (frame/count not reconciled here)'); this is not asserted as a clean result.	"FINDINGS.md:48-57: '## SP-3 — table invariance CONFIRMED; the ""36/36"" count FLAGGED ... FLAGGED: neither battery — nor natural degree-≤3 monomial counts on 2 or 5 charges — reproduces the memo's specific 36 without fitting to that number; the anomaly-freedom is real, the count ""36/36"" is not independently reproduced. (memo 25 states 36 physical assignments in the closing's frame; this bench's 72 is in B1139's frame — plausibly the same set up to the same frame/pin freedom, not reconciled to the count here.)'"	frontier/B1143_bl_fourth_cartan/FINDINGS.md;frontier/B1143_bl_fourth_cartan/arc_verdict.json
1150	E052	B1145_sp2_fermion_seat	IDENTIFICATION_BY_TYPE	HOLDS	SELF_CAUGHT	The arc contains a dedicated section explicitly naming and rejecting the physical over-reading (internal su(2) parity treated as 4d chirality/kinematic seat), calling it a thesis reading rather than a theorem -- the exact fence the flag is checking for.	"frontier/B1145_sp2_fermion_seat/FINDINGS.md:57-67: ""Does NOT establish (the honest fence...): the A1 here is an su(2) internal to E6 (its centralizer is su(6)) -- not the 4d Lorentz group; its +/-1 parity is an internal quantum number, not a 4d Weyl spinor... So 'the generation's seat closes on-object' is the program's THESIS reading... not a theorem."""	frontier/B1145_sp2_fermion_seat/FINDINGS.md;frontier/B1145_sp2_fermion_seat/arc_verdict.json
1158	E038	B1150_yukawa_clock_and_family	IDENTIFICATION_BY_TYPE	HOLDS	SELF_CAUGHT	The arc explicitly fences the family identification as a labeled reading within a possibility-space cell, not an object-paid physical claim; both FINDINGS.md and arc_verdict.json carry the 'POSSIBILITY-SPACE ... E8 NOT object-paid' fence alongside the claim.	"FINDINGS.md:15-16: '⚠ POSSIBILITY-SPACE cell — E8 is NOT object-paid (G-3's fence stands). Golden_gate G-3: the 27 enters E8 exactly 3× ... indexed by the fourth orthogonal A₂ triplet = the ""three families"".' and FINDINGS.md:42-44: 'memo 53 is a possibility-space cell: E8 is NOT object-paid (nothing here says the object pays E8; G-3's fence stands). The physical glosses (... ""families"") are labeled readings of exact block/root tables.'"	frontier/B1150_yukawa_clock_and_family/FINDINGS.md;frontier/B1150_yukawa_clock_and_family/arc_verdict.json
1164	E039	B1159_mssm_debt_ledger	IDENTIFICATION_BY_TYPE	HOLDS	SELF_CAUGHT	The dimension mismatch (78 vs 326) is indeed used as the selector for Link B, matching the flag's description, but the arc's own table row and results JSON immediately caveat it ('generic', 'inherits A's non-payment', 'no functor identifies...McKay object with a heterotic bundle'), and the top-level verdict states the chain is 'NOT object-forced end-to-end' — so the identification is named and fenced by the arc itself, not asserted unconditionally.	"FINDINGS.md:36: | **B** | which E₈ (standard embedding) | forced-given-A | **Yes, conditionally** — SU(3)-commutant is E₆(78) in E₈ vs SO(26)×U(1)(326) in Spin(32)/ℤ₂; 78≠326 → E₈×E₈ only (re-derived). But E₆ arrival is *generic* (B727); inherits A's non-payment. / b1159_results.json:23: ""evidence"": ""...78!=326 => McKay E6 selects E8xE8 only (re-derived...). Caveats: no functor identifies m004's McKay object with a heterotic bundle; E6 arrival is GENERIC (B727)."""	frontier/B1159_mssm_debt_ledger/FINDINGS.md;frontier/B1159_mssm_debt_ledger/arc_verdict.json;frontier/B1159_mssm_debt_ledger/b1159_results.json
1168	E040	B1162_mssm_debt_closure	CLAIM_EXCEEDS_COMPUTATION	HOLDS	UNCAUGHT	reproduce.sh never invokes sage or recomputes cohomology; it only opens the pre-existing static witness_sage.txt and greps for two literal substrings ('H0(V)=0', '312'). FINDINGS.md and arc_verdict.json nonetheless assert 'SAGE-verified on-bench', 'dual-homed', and list the witness cohomology as 'BANK-GRADE (own-verified this bench)' with no fence noting the script does not actually run Sage.	"verification/reproduce.sh:16-19: print(""(witness) SAGE-verified on-bench (witness_sage.txt):"")\nfor line in open(""witness_sage.txt""):\n    print(""   "", line.rstrip())\nassert ""H0(V)=0"" in open(""witness_sage.txt"").read() ... assert ""312"" in open(""witness_sage.txt"").read()  //  FINDINGS.md:1-2: ""the height-308 witness verified on-bench: the object forces..."" and ""BANK-GRADE (own-verified this bench): the witness cohomology (Sage...)"""	frontier/B1162_mssm_debt_closure/FINDINGS.md;frontier/B1162_mssm_debt_closure/arc_verdict.json;frontier/B1162_mssm_debt_closure/verification/reproduce.sh;frontier/B1162_mssm_debt_closure/verification/witness_sage.txt
1174	E040	B1166_charter_attack	IDENTIFICATION_BY_TYPE	HOLDS	SELF_CAUGHT	The arc itself is the mechanism that identifies and rejects the type-only identification: it explicitly names the abstract-type-match ((Z/2)^2-torsor-on-4-points) as insufficient and requires named-action isomorphism, concluding REFUTATION-CANDIDATE rather than confirming the identification. Verdict stays OPEN, not a positive claim of sameness.	"FINDINGS.md: ""So the two second-generators toggle **different quadratic irrationalities over different fields** (√3 vs √5). As torsors **\""with named actions\""** — C4's own clause — the free-orbit and being×hearing V₄'s are **not isomorphic**; only the *abstract* (ℤ/2)²-torsor-on-4-points identity survives, which the \""named actions\"" clause forbids. ⇒ C4 as literally stated ... is REFUTED for the (branch, being×hearing) pair"""	frontier/B1166_charter_attack/FINDINGS.md;frontier/B1166_charter_attack/arc_verdict.json
1176	E053	B1168_c5_investigation	IDENTIFICATION_BY_TYPE	HOLDS	SELF_CAUGHT	"FINDINGS.md's headline prose (""C5 is NOT a free choice... settled by a law"") does read as a strong result over a small 4-8-point 2x2 grid, but both FINDINGS.md's own Fences section and the arc_verdict.json claim_one_line explicitly name the completeness/exhaustiveness gap and set verdict to OPEN rather than a closed theorem — the overclaim flagged is explicitly fenced by the arc's own materials."	"frontier/B1168_c5_investigation/FINDINGS.md:79-81: ""The completeness of the law (every archimedean datum classifies even/odd × dim) is cloud's C6 standing check, not exhaustively proven here — hence verdict OPEN, not a closed theorem."" ; arc_verdict.json:4: ""verdict"": ""OPEN"" ... ""The COMPLETENESS of the law (every archimedean datum classifies) is cloud's C6 standing check, not exhaustively proven here -- hence OPEN."""	frontier/B1168_c5_investigation/FINDINGS.md;frontier/B1168_c5_investigation/arc_verdict.json
1177	E041	B1169_qualia_parity_synthesis	IDENTIFICATION_BY_TYPE	HOLDS	UNCAUGHT	"The naming AWARENESS=mirror-even is placed in the unfenced 'SOLID core' section and status line as an accomplished dictionary; the arc's own speculation table (rung S2, FINDINGS.md line ~53) and Fences section (line 73: ""the 'awareness = even' identity is explicitly a chain"") contradict this by listing the exact same identity as unproven — but that hedge is confined to the separate 'FIREWALLED reading' block, not attached to the SOLID-core naming claim itself, so the type-identification ships as a result in the primary framing."	"FINDINGS.md:3-4: ""It has a **SOLID core** (checkable convergence + a decidable naming) and a **FIREWALLED reading**""; FINDINGS.md:25-27: ""**The decidable naming (the enrichment):** the qualia headline **\""awareness without choice\""** was a slogan; the parity makes it a dictionary — **AWARENESS = mirror-even, object-canonical** ... **CHOICE = the mirror-odd orientation, observer-supplied**"""	frontier/B1169_qualia_parity_synthesis/FINDINGS.md;frontier/B1169_qualia_parity_synthesis/arc_verdict.json
1179	E041	B1170_arena_rescope	CLAIM_EXCEEDS_COMPUTATION	HOLDS	UNCAUGHT	reproduce.sh executes only leg 1 (independent_enumeration.py); legs 2 (cc3 lane re-run) and 3 (codex R019 byte-identical) are only echoed as cited text in the script, never re-run by anything committed under verification/. FINDINGS.md and arc_verdict.json nonetheless state all three as 'verified'/'re-run' on this bench without fencing that distinction.	"FINDINGS.md:26: ""## Verified on this bench (three legs)""; arc_verdict.json: ""VERIFIED THREE WAYS on this bench: (1) INDEPENDENT own-code re-derivation ... (2) cc3's lane steps 4-6 re-run -> same; (3) codex's R019 cert re-run BYTE-IDENTICAL""; verification/reproduce.sh: ""python3 independent_enumeration.py | tee enumeration_out.txt\necho\necho \""CROSS-CHECKS (run on this bench 2026-08-27, cited):\"""""	frontier/B1170_arena_rescope/FINDINGS.md;frontier/B1170_arena_rescope/arc_verdict.json;frontier/B1170_arena_rescope/verification/reproduce.sh
1180	E041	B1171_seam_harvest	CLAIM_EXCEEDS_COMPUTATION	HOLDS	UNCAUGHT	The committed reproduce.sh only checks that certain evidence files exist and greps for marker strings in docs/OPEN_LEADS.md; it never re-runs memo 80/82, the CLPW spot-check, or any cc3/codex script. FINDINGS.md and arc_verdict.json still assert all five components, including the byte-identical cert re-runs, as 'verified on this bench' without fencing this gap.	"FINDINGS.md:4: ""All five components verified on this bench before banking""; arc_verdict.json: ""FIVE cross-seat results landed on main, each verified on this bench"" ... ""(4) cloud memos 80/82 -- both certs BYTE-IDENTICAL on this bench""; verification/reproduce.sh: ""echo \""The five components' evidence files (committed):\""\nfor f in ...; do [ -f \""$f\"" ] && echo \""  OK $f\"" ... done\ngrep -q \""CLOSED (MOOD) 2026-08-27\"" ...\ngrep -q \""PRECISION COLUMN RE-POSED\"" ...\ngrep -q \""## L186\"" ...\necho \""REPRODUCES\"""	frontier/B1171_seam_harvest/FINDINGS.md;frontier/B1171_seam_harvest/arc_verdict.json;frontier/B1171_seam_harvest/verification/reproduce.sh
1186	E042	B1181_amphichirality_closure	SELF_REFERENTIAL_LOCK	DOES_NOT_HOLD	FLAG_WRONG	The described 2026-09-01 B1186 addendum retracting B1181's mirror-isometry method does not exist in this worktree -- B1186's only addendum is about the family count (112), unrelated to the amphichirality-test-method claim. B1181's own FINDINGS.md/arc_verdict.json do fence the 83/83 count as cc3's own cert and its own 5-sample spot-check as using 'the reliable mirror-isometry method ... deliberately NOT the isometry_signature route' -- i.e. it does self-scope which vacuity trap it avoided -- but the flag's premise (a sibling-arc addendum showing that chosen method is itself vacuous, with a recomputed 38/112) is not supported by anything findable in the worktree.	frontier/B1186_family_is_112/ contains only ADDENDUM_cc3_adopted_112.md (dated 2026-08-27, about settling the family count at 112 via denominator-bound/tolerance analysis) and FINDINGS.md; no file dated 2026-09-01 exists in that directory, and no text anywhere in the worktree (grep for 'orientation-blind and returns True', 'vacuous in SnapPy', '38/112', or '38 of 112' against frontier/ and docs/) states that reverse_orientation()+is_isometric_to() is orientation-blind/vacuous or that a recompute with symmetry_group().is_amphicheiral() gives 38/112.	
1204	E053	B1192_close_loop_batch4	CLAIM_EXCEEDS_COMPUTATION	HOLDS	SELF_CAUGHT	"FINDINGS.md's own summary calls GC-17 overall ""PARTIAL"" and does not repeat this caveat in the headline/claim_one_line, but the arc's own committed verification file (batch4_cells.json, part of the same arc's materials) explicitly names sub-item (c)'s CANDIDATE rating as resting on an uncomputed absence claim and applies the corpus's own house rule/default-to-refuted standard to flag it as an instrument defect — this is the arc's own internal review catching and naming the exact overclaim the flag describes."	"frontier/B1192_close_loop_batch4/verification/batch4_cells.json:30: ""the negative existential claim underpinning candidate (c) ... is asserted, not computed. gc17_arrow_orbit.py contains zero grep/search/import step over the repository to establish this ... This directly violates the house rule invoked by every other part of the same script (\""compute the discriminating fact, never cite what you can compute\"") ... for (c) — the one candidate rated CANDIDATE rather than NEGATIVE, and therefore the one keeping the overall headline from being a clean four-for-four negative — it substitutes an unverified corpus-wide negative claim for computation. ... Per the review brief's own default (\""Default to refuted=true on an instrument defect that touches the verdict\""), this counts: the CANDIDATE verdict for (c) ... rests in part on a cited/assumed absence rather than an in-sandbox-computed one."""	frontier/B1192_close_loop_batch4/FINDINGS.md;frontier/B1192_close_loop_batch4/arc_verdict.json;frontier/B1192_close_loop_batch4/verification/batch4_cells.json
1209	E054	B1195_close_loop_batch5a	CLAIM_EXCEEDS_COMPUTATION	HOLDS	SELF_CAUGHT	The GC-21 cell's own verification/refutations text names and rejects the 'provably' overreach and the unvalidated precision denominator in detail (a second refutation block calls it an 'instrument defect' on the 5.5e6x figure specifically), and this correction is carried up into the arc-level FINDINGS.md/claim_one_line as an explicit fence ('lens's overreach corrections adopted'). Both parts of the flag's detail are independently confirmed as things the arc's own record says.	"frontier/B1195_close_loop_batch5a/verification/batch5a_cells.json:refutations[0]: ""the cell's central conclusion overreaches what was computed... the closed form itself is never derived from the object's stationary-phase/residue structure inside this cell, only fit-and-confirmed numerically against a single ansatz... The word 'provably' in the headline is not earned... refuted as stated."" | FINDINGS.md:20 / arc_verdict.json:4: ""the lens's overreach corrections adopted (exclusions are high-confidence ansatz-specific, not a universal proof)."""	frontier/B1195_close_loop_batch5a/FINDINGS.md;frontier/B1195_close_loop_batch5a/arc_verdict.json;frontier/B1195_close_loop_batch5a/verification/batch5a_cells.json
1211	E054	B1195_close_loop_batch5a	IDENTIFICATION_BY_TYPE	HOLDS	UNCAUGHT	The cell's own nested verification file contains a refutation matching the flag almost verbatim, but that correction is not propagated: FINDINGS.md and arc_verdict.json's claim_one_line still assert 'PROVED trivial by direct computation' flatly and unqualified (unlike item (1)'s GC-21, which does carry an explicit 'overreach corrections adopted' fence at the same headline level), so at the level that sets the arc's stated result the overclaim stands uncaught.	"arc_verdict.json:4 / FINDINGS.md:28: ""the frame V4 = Gal(Q(zeta12)/Q) PROVED trivial by direct computation"" -- vs. verification/batch5a_cells.json refutations[1]: ""the script sidesteps this by representing the 3 'Reg copies' as three literally identical vectors (1,1,...,1) with no arithmetic data distinguishing them... Because the computation is guaranteed to output 'trivial on B_0' regardless of whether B1182's specific claim is true, it has zero power to discriminate the stated candidate, so it cannot support closing Candidate 2 as the headline claims."""	frontier/B1195_close_loop_batch5a/FINDINGS.md;frontier/B1195_close_loop_batch5a/arc_verdict.json;frontier/B1195_close_loop_batch5a/verification/batch5a_cells.json
1221	E043	B1208_cross_seat_harvest	IDENTIFICATION_BY_TYPE	HOLDS	UNCAUGHT	The whole basis for 'why' is that B1203's climb and the mirror map both happen to satisfy kappa∘g−kappa=0 -- a shared invariant. Neither FINDINGS.md nor arc_verdict.json's claim_one_line (which repeats the same 'MIRROR IS PRECISELY THE OPERATION...which is WHY' language verbatim as a stated result) fences this as coincidental co-invariance rather than a proven criterion for 'internal'; the only fences in Leg 6 concern the census-shape corroboration and D2 scope, not this identification.	frontier/B1208_cross_seat_harvest/FINDINGS.md:183-186: / > **These are one identity read in two directions.** The internal group cannot change κ; the mirror / > does. So **the mirror is precisely the operation the object cannot perform on itself** — which is / > *why* the observer's bit is exactly one, and external. B1203's negative and cloud's / > irremovability proof are not two facts that agree; they are one mechanism, and the pairing	frontier/B1208_cross_seat_harvest/FINDINGS.md;frontier/B1208_cross_seat_harvest/arc_verdict.json
1227	E043	B1213_claim_base_rebuilt	CLAIM_EXCEEDS_COMPUTATION	HOLDS	UNCAUGHT	The committed verification/_out.txt (produced by an actual run of claim_base.py) shows 80% absent / 2.67x, while FINDINGS.md line 17 ('919 -- 89%') and arc_verdict.json's claim_one_line ('89%...2.29x') report the banked snapshot; reproduce.sh's check only greps the literal word VERIFIED, present regardless of which numbers were produced, so it cannot catch the divergence. The arc's only reconciliation language (about cloud's 1-2 arc differences and the moved threshold) addresses a different, smaller discrepancy with cloud's seat, not this bench's own re-run divergence -- no note anywhere reconciles _out.txt's 80%/2.67x against the quoted 89%/2.29x.	"frontier/B1213_claim_base_rebuilt/verification/_out.txt:1-2: / settled arcs: 1031   declared true: 68   declared false: 136   ABSENT: 827 (80%) / control: declared-law mean 2.78 vs rest 1.04 = 2.67x / ---vs--- / frontier/B1213_claim_base_rebuilt/claim_base.json:2-9: /  ""settled"": 1031, /  ""declared_true"": 55, /  ""declared_false"": 57, /  ""absent"": 919, /  ""absent_pct"": 89, /  ""control"": { /   ""declared_mean"": 2.47, /   ""rest_mean"": 1.08, /   ""ratio"": 2.29, / ---and reproduce.sh:7: / grep -q ""VERIFIED"" _out.txt && echo REPRODUCES || { echo FAILED; exit 1; }"	frontier/B1213_claim_base_rebuilt/FINDINGS.md;frontier/B1213_claim_base_rebuilt/arc_verdict.json;frontier/B1213_claim_base_rebuilt/claim_base.json;frontier/B1213_claim_base_rebuilt/b1213_results.json;frontier/B1213_claim_base_rebuilt/verification/_out.txt;frontier/B1213_claim_base_rebuilt/verification/reproduce.sh
1231	E054	B1216_parameter_closure_run1	SELF_REFERENTIAL_LOCK	PARTLY	UNCAUGHT	Premise only PARTLY holds: the 'overreach' fields are indeed produced by the same 9-agent workflow/session grading its own sub-agent cells (not an independent third party), matching the flag's core claim; but it is not a pure SELF_REFERENTIAL_LOCK in the strict sense (checking only stored text) -- the adjudicator actually re-ran scripts and re-derived numbers. The arc presents these self-audit findings (e.g. 'the adjudicator stated it', FINDINGS.md:9) as settled results without ever flagging that the check is same-session rather than independent, so the non-independence itself goes unnamed/unfenced -- UNCAUGHT on that specific point.	"workflow_result.json:16: ""overreach"": ""One real overclaim, narrower than the cell's core result: the write-up states the DIRECT(det=-1) outcome ... was 'verified'... The 'restricts to c' property ... was never independently rederived..."" | FINDINGS.md:9-11: ""The C1 verifier asked that a clause be struck... The adjudicator ran the computation instead of striking it..."""	frontier/B1216_parameter_closure_run1/workflow_result.json;frontier/B1216_parameter_closure_run1/FINDINGS.md
1234	E044	B1218_open_claim_sweep	SELF_REFERENTIAL_LOCK	HOLDS	SELF_CAUGHT	Arc devotes a whole section to disclosing that the corpus scan matched itself, names it as the 'fifth instance of a known class,' and fixes it with a documented SELF-exclusion; verdict text (PROVED, instrument:true) does not hide this.	"frontier/B1218_open_claim_sweep/FINDINGS.md:98: ## The instrument tripped its own lock — the fifth instance of a known class / :106-109: `already_banked.py`'s own `exclude` parameter ... > ""a self-documenting instrument quotes its own test phrases, so its arc matches them -- excluding it is honesty, not evasion."""	
1244	E044	B1226_the_beta_odd_box	IDENTIFICATION_BY_TYPE	HOLDS	SELF_CAUGHT	Arc explicitly names its own Cell 3 proposal as a type-match and refuses to bank it as a result, registering it only as an unresolved lead.	frontier/B1226_the_beta_odd_box/FINDINGS.md:97-99: not test, and what nothing has tested, is the type-matched question: > Does the object's ℤ/2 fix the CP-conservation BIT ... /109-110: Cell 3's forward question is registered as a lead, not banked — it is a type-match, which is a licence to ask, not an answer.	
1246	E054	B1228_S1_the_nomination	IDENTIFICATION_BY_TYPE	HOLDS	SELF_CAUGHT	The arc's own ADDENDUM (committed under arc_dir) names and explicitly rejects the exact identification the flag describes, in near-identical language ('joined by a matching label' / 'same isomorphism type'), and files it as UNEARNED in the identification ledger.	"ADDENDUM_2026-09-01_THE_NOMINATION_IS_REGISTERED_UNEARNED.md:10-20: ""The identification, stated: pi_1(m004) -> 2T = the 6d type's ALE orbifold group Gamma... Map exhibited: NO. Acts: NO. Two different 2T's in two different places, joined by a matching label... Registered UNEARNED"""	frontier/B1228_S1_the_nomination/ADDENDUM_2026-09-01_THE_NOMINATION_IS_REGISTERED_UNEARNED.md;frontier/B1228_S1_the_nomination/FINDINGS.md
1248	E054	B1228_S1_the_nomination	FITTED_VALUE	HOLDS	SELF_CAUGHT	FINDINGS.md's headline table (line 24) does cite only 'control 5_2 = 0' and omits that 3_1 (trefoil) surjects 48/72, identical to m004; but the same document's explicit 'Fence' section two paragraphs later names and rejects exactly this gap, confirming the nomination is non-discriminating.	"nomination_results.json: ""4_1"": 48, ""3_1"": 48, ""5_2"": 0 | FINDINGS.md:75-77: ""Fence: the nomination is generic -- the trefoil also surjects onto 2T (48 as well; B993/B996 put it near 1/3). It is real but not distinctive to m004, and S1 tests acceptance, never uniqueness."""	frontier/B1228_S1_the_nomination/FINDINGS.md;frontier/B1228_S1_the_nomination/nomination.py;frontier/B1228_S1_the_nomination/nomination_results.json
1250	E044	B1229_the_consistency_turn	IDENTIFICATION_BY_TYPE	HOLDS	RETRACTED_LATER	B1229 identifies the trinification's Z/3 with the trace field's Galois group by matching order 3 to order 3; B1232 (later, dated 2026-09-01) verifies Gal(Q(zeta_3)/Q) has order 2 and explicitly names and retracts B1229's I-7 conflation as a factual error.	"frontier/B1229_the_consistency_turn/FINDINGS.md:39-42: 'the object's own ℤ/3 — trace field ℚ(√−3), the trinification (B727/B1161) — keeps only the 3-primary theories, A₂ and E₆: > σ ∈ {1/3, 1}. σ becomes ONE BIT.' RETRACTED BY frontier/B1232_codex_r031_verified_and_three_columns/FINDINGS.md:9,40-45: 'B1229 called RCFT rationality its ""robust core""...' / '## Correction 4 — I-7 was worse than ""unearned"" / Verified: Gal(ℚ(ζ₃)/ℚ) has order 2, not 3. ... Part of I-7 conflated a ℤ/2 with a ℤ/3: a factual error, not merely a missing map.'"	
1251	E044	B1229_the_consistency_turn	CLAIM_EXCEEDS_COMPUTATION	PARTLY	SELF_CAUGHT	The 'zero continuous dimensionless parameters' end-state is explicitly conditioned on two rows marked CANDIDATE/unrun and immediately fenced with 'Not claimed now'; arc_verdict.json also states 'NOT CLAIMED NOW. FENCES: ... lambda's periodicity is a candidate, not a computation' and the verdict itself is OPEN, not PROVED. The narrower 'sigma becomes ONE BIT' sub-claim is marked COMPUTED in the ledger (not itself gated on the two CANDIDATE rows), but it depends on the same Z/3 identification retracted by B1232 (see i=1250).	frontier/B1229_the_consistency_turn/FINDINGS.md:56-57 (table): 'the ℙ³ line | ... | a continuum of them cannot all be consistent | CANDIDATE — sharpest unrun test' and 'λ | ... | would become a finite label | CANDIDATE'; :77-78: 'End-state if the two candidates land: ℓ + bits and finite labels — zero continuous dimensionless parameters. Not claimed now.'	
1253	E054	B1230_consistency_campaign_run1	IDENTIFICATION_BY_TYPE	HOLDS	SELF_CAUGHT	The arc's own ADDENDUM explicitly names and concedes the flagged identification-by-order-3 as unearned, and registers it UNEARNED in docs/IDENTIFICATION_LEDGER.md.	"ADDENDUM_2026-09-01_C5b_IS_NOT_RESTRICTION_FREE.md:17-26: ""The step 'the object's Z/3' => 'the boundary CFT has 3 primaries' is an UNEARNED IDENTIFICATION. Two different Z/3's, in two different places... No map between them is exhibited, and no action is shown. They were joined because the label matched."""	frontier/B1230_consistency_campaign_run1/ADDENDUM_2026-09-01_C5b_IS_NOT_RESTRICTION_FREE.md;frontier/B1230_consistency_campaign_run1/FINDINGS.md
1258	E059	B1232_codex_r031_verified_and_three_columns	IDENTIFICATION_BY_TYPE	HOLDS	SELF_CAUGHT	Titled 'Retraction 3'; arc_verdict.json's claim_one_line also states this as RETRACTION 3, so the arc's own verdict fences the error rather than asserting it as a result.	"FINDINGS.md:35-38: ""My error, exactly: the identity is a scalar — but the scalar is 1, so B₀ is a module over ℚ[ζ₁₂]/(ζ₁₂−1) = ℚ, not ℚ(ζ₁₂). I matched `dim 4` with `φ(12) = 4` and inferred a module structure from two numbers agreeing. That is the identification error B1231 exists to catch, committed inside the analysis that motivated the discipline."""	wt_main/frontier/B1232_codex_r031_verified_and_three_columns/FINDINGS.md;wt_main/frontier/B1232_codex_r031_verified_and_three_columns/arc_verdict.json
1260	E054	B1234_a6_built_the_walls	IDENTIFICATION_BY_TYPE	HOLDS	UNCAUGHT	Confirmed: the trace-field claim in cell 3 is a hardcoded string comment in the script, not a computed trace-field, and FINDINGS.md repeats it as flat established fact with no caveat that it wasn't computed in this file (unlike the neighboring 'Also unclaimed' fence two lines later, which covers a different point -- surjection specificity, not the trace-field assertion) -- uncaught at the level of this committed script/arc doc, though it is a well-known census fact elsewhere.	"a6_built_the_walls.py:71: OUT['cell3'] = {..., ""same_trace_field"": ""Q(sqrt-3) -- same commensurability class (disc -3: m000, m002, m003, m004, m025, m203, s118)""} | FINDINGS.md:47-48: ""Gieseking is in the same disc -3 commensurability class, so it carries the same invariant trace field Q(sqrt-3)."""	frontier/B1234_a6_built_the_walls/FINDINGS.md;frontier/B1234_a6_built_the_walls/a6_built_the_walls.py;frontier/B1234_a6_built_the_walls/results.json
1265	E049	B8069_conformal_selection	FITTED_VALUE	HOLDS	SELF_CAUGHT	The 2.5% (6/238) statistic is explicitly self-scoped as non-significant with a crude comparison class, directly in the verdict's own claim_one_line -- the identical language the flag paraphrases.	"arc_verdict.json claim_one_line: ""SCOPE, stated at true strength: that is ONE object against a 2.5% base rate, p about 0.025, NOT significant on its own, and the comparison class (small-integer matrices) is crude."""	frontier/B8069_conformal_selection/arc_verdict.json;frontier/B8069_conformal_selection/FINDINGS.md
1267	E049	B8070_anomaly_rank_descent	CLAIM_EXCEEDS_COMPUTATION	HOLDS	SELF_CAUGHT	The arc's own verdict retracts the headline in full and names the exact defect (a printed f-string presented as a computed result), matching the flag detail verbatim -- self-retracted within the same arc the same day.	"arc_verdict.json: ""verdict"": ""RETRACTED"" ... claim_one_line: ""THIS ARC'S OWN HEADLINE IS WITHDRAWN IN FULL ... (1) The headline was never computed -- the source line prints the literal f-string {2+1+3} -> {2+1+1}; no Lie rank is calculated anywhere in the file."""	frontier/B8070_anomaly_rank_descent/arc_verdict.json
1269	E049	B8071_reality_gate	IDENTIFICATION_BY_TYPE	HOLDS	UNCAUGHT	This sentence asserts the three computations point at 'the same' object (not merely matching dimension/type) with no adjacent fence noting it is a dimension/type coincidence pending an isomorphism or conjugacy check -- unlike the arc's separate, heavily-scoped orbit-occupancy claim (2A1 vs A2), this specific triple-coincidence line carries no such caveat. It is not promoted into the formal verdict's claim_one_line, only asserted in FINDINGS prose.	"FINDINGS.md:70-71: ""Independently worth recording: compact `su(3)⊕su(3)`, dim 16, is exactly Baez–Schwahn's `Stab(B)₀ ≅ (SU(3)×SU(3))/ℤ₃`, and B8068's `cell30` already found `(16,16)` inside `f₄` at 9 of 9555 charge directions. Three routes now point at the same 16-dimensional object."""	frontier/B8071_reality_gate/FINDINGS.md;frontier/B8071_reality_gate/arc_verdict.json
1271	E049	B8072_matching_capacity	FITTED_VALUE	HOLDS	SELF_CAUGHT	The rho fit itself is explicitly and candidly flagged as calibrated-not-derived in both FINDINGS.md and the verdict's Scope section, matching the flag's own description ('the arc is candid about this'). The trailing sub-point -- that the SM central values feeding the sweep are uncited literals in capacity.py -- is verified true (no citation comments at lines 104-112) and is not separately addressed anywhere in FINDINGS.md, but this is a minor provenance gap rather than an unfenced overclaim.	"FINDINGS.md: ""`ρ` is **not assumed**. It is calibrated from the corpus's own recorded hit counts, per regime"" ... ""The density model is calibrated from four recorded counts in two regimes and would move if those counts were wrong.""; capacity.py:104-112 lists SM values (e.g. ""m_tau/m_mu"", 16.8170, 0.0011) as bare tuples with no source/citation comment."	frontier/B8072_matching_capacity/FINDINGS.md;frontier/B8072_matching_capacity/capacity.py;frontier/B8072_matching_capacity/arc_verdict.json
1279	E056	B8082_geodir_h1	CLAIM_EXCEEDS_COMPUTATION	HOLDS	SELF_CAUGHT	The arc's title and its own dedicated section explicitly separate the computed H^1 dimension count from the paper's stronger 'unobstructed' claim, states the obstruction space is nonzero (not merely uncomputed), and fences unobstructedness as owed/open, not asserted -- exactly the fence the flag says is missing.	"FINDINGS.md:1: # B8082 -- the geodir dimension count is COMPUTED, and one adjective in it is not / FINDINGS.md:65-69: **Unobstructedness.** The proposition says *""the **unobstructed** `E₆` moduli""*, and this arc computes `H¹` only. ... **`dim H² = dim H¹ = 6`**: the obstruction space is **not** zero, and unobstructedness follows from **no** dimension count available here. It needs genuine obstruction theory or a citation. **Registered as owed, not asserted.**"	/tmp/claude-0/-home-user-origin-axiom/def55705-87fb-5c25-8c65-d57916765de8/scratchpad/wt_sg/frontier/B8082_geodir_h1/FINDINGS.md;/tmp/claude-0/-home-user-origin-axiom/def55705-87fb-5c25-8c65-d57916765de8/scratchpad/wt_sg/frontier/B8082_geodir_h1/arc_verdict.json
1283	E050	B8086_wilson_menu	IDENTIFICATION_BY_TYPE	HOLDS	SELF_CAUGHT	The arc's own verdict names the outside proposal's E6-torsion-menu identification and explicitly rejects it (menu belongs to manifold member m=5, not the golden m=1), then separately proves the mechanism dead a second way (all rows rank 6 vs SM rank 4). Both verdict and FINDINGS carry the rejection with no unfenced overclaim.	"FINDINGS.md:34-36: ""**(1) The menu is not this object's.** The paper computes `H₁(M_m) ≅ ℤ ⊕ (ℤ/m)²`, so the golden member `m = 1` has **`H₁ = ℤ`, torsion-free**. There is no ℤ/5. That menu belongs to `m = 5`, a different manifold."""	frontier/B8086_wilson_menu/FINDINGS.md;frontier/B8086_wilson_menu/arc_verdict.json
1287	E060	B8093_L171_clpw	IDENTIFICATION_BY_TYPE	HOLDS	SELF_CAUGHT	Arc explicitly self-diagnoses the type-coincidence trap it was hunting for and bans it as near-vacuous under criterion (c); overall verdict is NEGATIVE/MOOD, not a MATCH claim.	"FINDINGS.md:41-44: ""`ρ_max = 1` with flat entanglement spectrum is **the** canonical feature of *any* II₁ factor, not a fingerprint of theirs. **cc's own trap warning applies at full strength here**: the hyperfinite II₁ factor is **unique**, so \""both are hyperfinite II₁ with a trace\"" carries almost no information."" Verdict: NEGATIVE, VERDICT heading ""MOOD"" (line 48)."	frontier/B8093_L171_clpw/FINDINGS.md;frontier/B8093_L171_clpw/arc_verdict.json
1288	E060	B8094_L173_anchors	CLAIM_EXCEEDS_COMPUTATION	HOLDS	SELF_CAUGHT	The headline phason=intercept identification is asserted, but the arc's own verdict and FINDINGS explicitly withhold the novelty claim pending the gap-labeling comparison, stating the prediction is 'not automatically novel' if it reproduces gap labeling — the exact overclaim risk the flag names is pre-empted in the same document.	"FINDINGS.md:55-56: ""I did not verify** that our 5-vs-6 prediction differs from gap labeling. **Until that is done, this lane has an anchor list and no established novelty.** That check is in-sandbox and is the next step, not this arc's result."" arc_verdict.json claim_one_line: ""NOT ESTABLISHED: ... novelty against gap labeling was NOT verified, so this lane currently has an anchor list and NO established novelty."""	frontier/B8094_L173_anchors/FINDINGS.md;frontier/B8094_L173_anchors/arc_verdict.json
1294	E056	B8099_3d_completeness	IDENTIFICATION_BY_TYPE	HOLDS	SELF_CAUGHT	The arc's own headline names the two-theories-on-one-manifold pattern as the finding itself, explicitly states they are NOT the same theory, and cites the corpus's own B262 wall #2 as already flagging this as open -- it is presented as an ambiguity to be resolved, not asserted as an identification.	"FINDINGS.md:34: ## THE HEADLINE -- the corpus attaches TWO theories to the same manifold / FINDINGS.md:41-42: **These are not the same theory, and B262 knew it**: its wall #2 is literally *""is `E₆` ever dynamical""*. **So ""complete the 3d theory"" is ambiguous until one is named**"	/tmp/claude-0/-home-user-origin-axiom/def55705-87fb-5c25-8c65-d57916765de8/scratchpad/wt_sg/frontier/B8099_3d_completeness/FINDINGS.md;/tmp/claude-0/-home-user-origin-axiom/def55705-87fb-5c25-8c65-d57916765de8/scratchpad/wt_sg/frontier/B8099_3d_completeness/arc_verdict.json
1314	E050	B8118_two_theories_differ	IDENTIFICATION_BY_TYPE	HOLDS	UNCAUGHT	"The script computes only |SL(2,Z/3)|=24 and its involution count=1, both necessary but not sufficient for isomorphism to 2T; the full isomorphism is the classical fact cited from B997 (""SL(2,Z/3) ≅ 2T ... are the classical isomorphisms and stand""), not independently derived here. The gate label itself hedges (""consistent with being 2T"") but the verdict's claim_one_line states the chain step flatly as ""SL(2,Z/3) which is 2T"" with no such hedge, treating it as an established fact feeding the McKay-to-E6 conclusion. The arc's only disclosed non-independent-verification caveat concerns the shape-field/invariant-trace-field identification, not this group isomorphism, so this specific gap is not fenced."	"two_theories.py:67-68: gate(""|SL(2,Z/3)| = 24 = |2T|"", o3 == 24, str(o3)) ... gate(""SL(2,Z/3) has exactly ONE involution -- consistent with being 2T"", i3 == 1, str(i3)) | arc_verdict.json claim_one_line: ""E6 attaches at the SHAPE FIELD by a purely arithmetic chain -- disc -3, conductor 3, SL(2,Z/3) which is 2T, McKay, E6 -- no step of which refers to the manifold beyond its field."""	frontier/B8118_two_theories_differ/FINDINGS.md;frontier/B8118_two_theories_differ/arc_verdict.json;frontier/B8118_two_theories_differ/two_theories.py
1324	E050	B8124_phi_law_sharpened	IDENTIFICATION_BY_TYPE	DOES_NOT_HOLD	FLAG_WRONG	The flag's own detail states 'none — arc explicitly disclaims golden content ... commendable self-scoping, not a flag.' The text confirms this: the arc itself fences the tone-component identity as arithmetic, not golden, and scopes its recommendation accordingly. There is no overclaim to catch; the flag is self-declared non-applicable.	"FINDINGS.md:56-59: ""ONE THIRD OF THE LAW IS AN IDENTITY AND CARRIES NO GOLDEN CONTENT. tone(RL) = 1/(2 phi) EXACTLY and tone(RRLL) = -1/2 exactly ... Their ratio is -phi BY THE DEFINITION OF phi ... So the tone component of the proposed law is a reciprocal identity, not a golden-ratio law."""	frontier/B8124_phi_law_sharpened/FINDINGS.md
1330	E050	B8127_regulator_omission	SELF_REFERENTIAL_LOCK	HOLDS	SELF_CAUGHT	The arc's verdict is PROVED only for the two corrections it makes (Vol identity attribution, Arakelov novelty withdrawal); it does not claim the recurring absence-without-search failure mode is fixed -- it explicitly states 'no gate for' it. The premise (a self-audit naming an uncaught process failure) holds, and the arc discloses rather than hides that the gap remains unfixed, so this is self-caught disclosure, not an asserted-as-resolved overclaim.	"FINDINGS.md:31-33 / arc_verdict.json claim_one_line: ""THE PATTERN: four section-0 violations by this seat today, all ABSENCE ASSERTED WITHOUT A SEARCH -- the one failure mode the corpus has a rule against and no gate for, named by this seat this morning and fallen into twice since."""	frontier/B8127_regulator_omission/FINDINGS.md;frontier/B8127_regulator_omission/arc_verdict.json
1354	E050	B8143_anomaly_lane	IDENTIFICATION_BY_TYPE	HOLDS	SELF_CAUGHT	Both the script's own printed conclusion and FINDINGS.md state the genericity finding plainly and use it to scope the claim (object-specific content is narrowed to 'an SM-shaped 15-plet is AVAILABLE at all'), matching the flag detail's own characterization that the arc gets there itself and reports it honestly as not evidence for the object.	"step6_genericity.py:51-52: ""=> The forcing used NOTHING about E6, the 27, m004, the trace field or the object's roots. It is a statement about SU(3)xSU(2)xU(1) representation theory."" | FINDINGS.md:145-146: ""The charges are forced generically ... The shape is forced generically too ... Neither is object-specific."""	frontier/B8143_anomaly_lane/step6_genericity.py;frontier/B8143_anomaly_lane/FINDINGS.md
1355	E051	B8144_price_reconciliation	IDENTIFICATION_BY_TYPE	HOLDS	UNCAUGHT	The relay asserts the F4-orbit/observer-cost mechanism (VEV cost = whether the acting group has an arithmetic subgroup breaking the orbit) as an established 'theorem you already have,' matching a group-theoretic type (F4 transitivity/Krutelevich finiteness) to a physical cost bit rather than independently deriving that cost. Only the time's-arrow extension is explicitly fenced as unrun ('I have not run it'); the VEV/F4(Z) identification itself is not fenced and is later recorded as adopted (results.json 'resolution_2026-08-26': 'B1164 addendum adopts B8144... the rank-reducing VEV is a finite-place closing'), so it stands as an asserted result.	"relays/CC3_TO_CC_2026-08-26_WHY_THE_OBSERVER_SPLITS_ADELICALLY.md:29-31: ""So the observer is adelic because escape (1) is available at the finite places and unavailable at the archimedean one. The mirror cannot be shrunk away; `F₄(ℝ) → F₄(ℤ)` can. That is the mechanism behind your sec-E split, and it is a theorem you already have rather than an observation about where things happened to land."" / lines 45-46 (arrow only, fenced): ""I have not run it — it is your residue and your frame — but the instrument is now uniform across all three."""	frontier/B8144_price_reconciliation/FINDINGS.md;frontier/B8144_price_reconciliation/arc_verdict.json;frontier/B8144_price_reconciliation/results.json;frontier/B8144_price_reconciliation/relays/CC3_TO_CC_2026-08-26_WHY_THE_OBSERVER_SPLITS_ADELICALLY.md
1366	E051	B8154_mirror_is_c	IDENTIFICATION_BY_TYPE	HOLDS	SELF_CAUGHT	The arc's own Scope section explicitly fences the further identification (which specific root/bit is physically selected) as undecided; this same fence is even folded verbatim into arc_verdict.json's claim_one_line ('SCOPE: no residue closed, no negative weakened, the marking is still not derived'), so the overreach the flag names is named and rejected by the arc itself rather than asserted as a clean result.	"FINDINGS.md:64-65: ""No residue closes. No negative weakens. Nothing says which root is correct — the marking is still not derived."""	frontier/B8154_mirror_is_c/FINDINGS.md;frontier/B8154_mirror_is_c/arc_verdict.json
1367	E001	P3_depth_exposure	CLAIM_EXCEEDS_COMPUTATION	HOLDS	UNCAUGHT	compute.py's docstring/comments claim depth_note gap parsing, but gap_threatens_verdict for all 21 ids is set by a hand-written if/elif chain of literals with the analyst's reasoning only in comments; FINDINGS.md then cites deterministic rerun as reproducibility evidence for what is actually just re-printing the same hardcoded judgments. Neither compute.py nor FINDINGS.md fences this as manual classification rather than derived computation.	"compute.py:7: ""Method A: structural depth analysis (kill_form + depth_note gap parsing)."" / compute.py:139-146 (per-id if/elif, e.g. ""if tid == \""B107\"": ... result[\""gap_threatens_verdict\""] = False"" — a literal, not a parse of depth_note) / FINDINGS.md:113: ""- `compute.py` + `output.txt` (byte-identical on rerun)"""	frontier/P3_depth_exposure/compute.py;frontier/P3_depth_exposure/FINDINGS.md
1369	E000	_frontier_root_files	CLAIM_EXCEEDS_COMPUTATION	HOLDS	SELF_CAUGHT	README.md/frontier/README.md do summarize ~130+ B-numbered probes purely by cross-reference with no underlying probe code in this file set (premise holds), but the root README explicitly fences the whole corpus as unverified/logged-observations-only, i.e. the overclaim risk is self-scoped rather than asserted as settled fact.	"frontier/README.md:1-4: ""This directory holds speculative, open-status research ... Nothing here is a claim; results are logged observations only."" Top-level README.md: ""Verification provenance. All verification in this repository is INTERNAL ... Nothing here is externally verified or peer-reviewed."""	/tmp/claude-0/-home-user-origin-axiom/def55705-87fb-5c25-8c65-d57916765de8/scratchpad/wt_main/README.md;/tmp/claude-0/-home-user-origin-axiom/def55705-87fb-5c25-8c65-d57916765de8/scratchpad/wt_main/frontier/README.md;/tmp/claude-0/-home-user-origin-axiom/def55705-87fb-5c25-8c65-d57916765de8/scratchpad/wt_main/frontier/REPO_STATE.md
1371	E000	_frontier_root_files	SELF_REFERENTIAL_LOCK	HOLDS	UNCAUGHT	REPO_STATE.md carries no disclaimer that its repeated 'CLOSED'/'P1-P16 untouched' verdicts are self-report requiring independent adjudication elsewhere; each update asserts the closure as the file's own settled verdict on itself.	"frontier/REPO_STATE.md:186: ""physics chapter stays CLOSED; P1–P16 untouched."" (repeated verbatim/near-verbatim at lines 40,56,72,96,111,122,149,167,240,253,275,296,320,339,349,383,398,443,456,... across ~25 appended '## Update' blocks in the same self-authored file)"	/tmp/claude-0/-home-user-origin-axiom/def55705-87fb-5c25-8c65-d57916765de8/scratchpad/wt_main/frontier/REPO_STATE.md
1376	E000	physics_probes	IDENTIFICATION_BY_TYPE	HOLDS	SELF_CAUGHT	The arc's own script and findings doc name the dimension/type coincidence explicitly and label it NEGATIVE/VACUOUS, exactly the self-caught pattern the flag describes.	"spectral_curve_gate2.py:36-40: ""VERDICT (Gate 2): NEGATIVE -- forced single-point CM coincidence, not a SW identification. ... 'm136's curve IS the SW curve of SU(2) at u=0' is TRUE but VACUOUS: it asserts only that both are CM-by-Z[i] elliptic curves (isomorphic over C)."" Also SPECTRAL_CURVE_GATE2.md:11: ""Verdict: NEGATIVE — a forced single-point CM coincidence, not a SW identification."""	/tmp/claude-0/-home-user-origin-axiom/def55705-87fb-5c25-8c65-d57916765de8/scratchpad/wt_main/frontier/physics_probes/spectral_curve_gate2.py;/tmp/claude-0/-home-user-origin-axiom/def55705-87fb-5c25-8c65-d57916765de8/scratchpad/wt_main/frontier/physics_probes/SPECTRAL_CURVE_GATE2.md
1389	E059	LOG:Session-3 integration: P11–P13 promoted, probes B4–B5 added	FITTED_VALUE	HOLDS	SELF_CAUGHT	B5 is listed under 'Added as frontier probes (observations, not claims)', and the ~10^120 gap is stated plainly as a failure, not fitted or promoted.	"docs/progress/PROGRESS_2026-Q2.md:186-188: ""B5 — Wheeler-DeWitt constraint and a Λ = 2π²/Vol estimate. The estimate is ~10¹²⁰ off observation and dead-adjacent (cf. D1, D2) — recorded as a documented warning so the path is not silently re-attempted."""	wt_main/docs/progress/PROGRESS_2026-Q2.md
1394	E060	LOG:Session 3 synthesis: 2025 field theory ↔ 2026 algebraic skel	FITTED_VALUE	HOLDS	SELF_CAUGHT	Matches the flag detail verbatim; explicitly fenced as a disclaimed near-miss with STALLED status, not banked as a result.	"docs/progress/PROGRESS_2026-Q2.md:380-382: ""**B8** — particle spectrum. `mass²=κ√5`, `g=κ` exact; `m/g=√(5/(4logφ))≈1.6117` is an **honest near-miss, explicitly NOT φ** (Δ≈0.0063) — recorded under disclaimer so it is not later mistaken for a result (cf. D-class numerology). `STALLED`."""	docs/progress/PROGRESS_2026-Q2.md
1396	E000	LOG:Conditional uniqueness theorem (formalizes C1)	IDENTIFICATION_BY_TYPE	HOLDS	SELF_CAUGHT	The log entry explicitly labels the order choice as an inserted convention rather than a derived result, matching the flag's description exactly.	"docs/progress/PROGRESS_2026-Q2.md:435-438: ""The uniqueness is honestly up to order, and that single binary choice is the minimal inserted structure that selects the golden vacuum φ over its mirror."""	/tmp/claude-0/-home-user-origin-axiom/def55705-87fb-5c25-8c65-d57916765de8/scratchpad/wt_main/docs/progress/PROGRESS_2026-Q2.md
1410	E002	LOG:B25 Fibonacci spectrum anchor	FITTED_VALUE	CANNOT_CHECK	CANNOT_CHECK	Did not locate the log entry in this pass (grep for the title was not run in the correct worktree/location before the response budget was exhausted); flagged for follow-up rather than guessed.		
1411	E044	LOG:B17-B24 half-step kernel campaign	IDENTIFICATION_BY_TYPE	HOLDS	SELF_CAUGHT	Log entry itself flags the level-selection rule as still inserted (i.e. asserted, not derived) and closes the whole campaign as STALLED with no claim promotion.	docs/progress/PROGRESS_2026-Q2.md:1197-1198: '- B24: SU(2)_3 is compatible because 2cos(pi/(k+2))=phi only at k=3, but the level-selection rule remains inserted.' :1200: 'All new probes are frontier-only and end STALLED. No claims changed.'	
1419	E059	LOG:B55 c=1 general-m structure, B56 figure-eight kill, B57 spli	IDENTIFICATION_BY_TYPE	HOLDS	SELF_CAUGHT	Explicitly framed as a 'negative control' with the result 'DEAD' and named a 'cyclotomic coincidence'; final line of the block reiterates 'No claim promoted; proven ledger unchanged.'	"docs/progress/PROGRESS_2026-Q2.md:1390-1394: ""B56 ... negative control. ... The figure-eight ↔ I=1/4 (self-evidencing) bridge is DEAD; the c=1 Eisenstein resemblance to the figure-eight tetrahedron shape (z²−z+1, complex, Q(√−3)) is a cyclotomic coincidence."""	wt_main/docs/progress/PROGRESS_2026-Q2.md
1462	E000	"LOG:Firewalled triage of the cross-chat ""seven hints"" (tiers kep"	IDENTIFICATION_BY_TYPE	HOLDS	SELF_CAUGHT	The log entry itself explicitly kills A4 as a volume coincidence and tombstones it as TESTED-NEGATIVE; no unfenced identification is asserted.	"docs/progress/PROGRESS_2026-Q2.md:2714-2715: ""A4 → tombstone: the CS-crossover k≈4↔n=4 is m-dependent (k≈2 at m=2, k≈1 at m=3) — a volume coincidence, same family as the killed value-matches. TESTED-NEGATIVE, banked in TOMBSTONES."""	/tmp/claude-0/-home-user-origin-axiom/def55705-87fb-5c25-8c65-d57916765de8/scratchpad/wt_main/docs/progress/PROGRESS_2026-Q2.md
1493	E059	LOG:B142: (A) S031a principal RIGOROUS (Klein-4); (B) magic-mani	IDENTIFICATION_BY_TYPE	HOLDS	SELF_CAUGHT	Explicitly labeled 'firewall-confirming, NOT a result/crossing' and 'dies'; banked as a tombstone, not asserted as a physics result.	"docs/progress/PROGRESS_2026-Q2.md:3547-3550: ""Item B — CARTOGRAPHY (firewall-confirming, NOT a result/crossing). The \""Borromean/SU(3) gauge enhancement\"" claim dies three ways: ... (B.2) structure ≠ gauge (MB10) — Thurston SL(2,ℂ) char-variety dim = #cusps = 3 not 2 ..., and SL(2,ℂ) dim ≠ rank(SU(3)) — SU(3) is SL(3,ℂ) CS ..."""	wt_main/docs/progress/PROGRESS_2026-Q2.md
1504	E054	LOG:B150: class-S coincidence (L14) -- the trace-map action IS th	IDENTIFICATION_BY_TYPE	HOLDS	SELF_CAUGHT	The log entry itself scopes the structural (same-cubic/MCG/dynamical-degree) identification as MATH-tier and firewalled, explicitly distinguishing it from any physical claim ('does not cross to physical magnitude') and citing literature (Allegretti-Shan) for the mathematical correspondence rather than resting on numeric coincidence alone -- the overreach the flag warns against is pre-empted in the same breath as the 'widest reach' phrase it quotes.	"docs/progress/PROGRESS_2026-Q2.md:3767-3771: ""Verdict -- MIXED. FORCED at the character-variety / MCG level ... RHYME at the tau-modularity level (homonym) and at the physical-magnitude / gauge level ... Even the FORCED part is mathematics (symmetry = a known duality action); it does not cross to physical magnitude. The widest reach of the one-object picture yet, literature-confirmed."""	docs/progress/PROGRESS_2026-Q2.md
1508	E004	LOG:B154: the metallic meridian and the order-based degree=rank	FITTED_VALUE	HOLDS	RETRACTED_LATER	This 2026-06-16 log entry states the fit and its open-derivation status but does not itself carry the refutation; the very next entry in the same log (B157, 2026-06-17) refutes the formula with bronze counterexamples.	docs/progress/PROGRESS_2026-Q2.md:3900-3902: 'Closed-form fit `k = 4 − m(o−3)` (o = boundary-spectrum order) on all six accessible (m,o,n) points; the o=4/SL(4) corner admits no irreducibles.' and :3915-3916 'A genuine *derivation* of `k=4−m(o−3)` is OPEN'; retracted at docs/progress/PROGRESS_2026-Q2.md:4027 '## 2026-06-17 — B157: the metallic exponent — `k=4−m(o−3)` REFUTED (Phase 2)'	docs/progress/PROGRESS_2026-Q2.md
1514	E056	LOG:B157: the metallic exponent — k=4−m(o−3) REFUTED (Phase 2)	FITTED_VALUE	HOLDS	SELF_CAUGHT	The log entry's own headline says the formula is REFUTED and it explicitly names the original k=4-m(o-3) law as fit to a small (5-point) data set that overfits and disagrees off-grid -- an explicit self-correction, not an assertion of the fitted value as a result.	docs/progress/PROGRESS_2026-Q2.md:4038-4039: No ≤ 3-parameter affine/modular law fits the corrected grid (candidate fits overfit a 5-point set, disagree off-grid).	/home/user/origin-axiom/docs/progress/PROGRESS_2026-Q2.md
1532	E055	LOG:B558	FITTED_VALUE	HOLDS	SELF_CAUGHT	The log entry itself names this as one of two explicitly registered 'anti-numerology landmines' and labels it non-significant — a direct rejection/fence, not an assertion of physical meaning.	PROGRESS_LOG.md:698-700: 'Two NAMED anti-numerology landmines recorded: (1) 1/φ³=0.236 vs sin²θ_W=0.231 is a persistent 2.1% golden near-miss (topological, fixed, non-significant); (2) V=1 gap-edge ratio 0.2318 ≈ sin²θ_W to 0.26% is a look-elsewhere artifact.'	PROGRESS_LOG.md
1599	E061	LOG:B703 (chat1 Q3): the Koide angle θ0 = 2/9 to 0.89σ (corrected)	FITTED_VALUE	HOLDS	SELF_CAUGHT	The entry itself explicitly fences the value as a post-hoc fit outside the framework's no-go, and routes it to HINT-grade with nothing promoted to CLAIMS — exactly the fence the flag describes.	"PROGRESS_LOG.md:6792-6795: ""FIREWALLED on the honest grounds (NOT \""it isn't close\""): not derived (masses outside the dimensionful no-go), convention-framed (B686), a post-hoc fit atop the Q=2/3 tautology."" Also: ""HINT-grade, nothing to CLAIMS, Gate 5 holds."""	/home/user/origin-axiom/PROGRESS_LOG.md:6787-6797;/home/user/origin-axiom/docs/HINT_LEDGER.md:490
1607	E021	LOG:B751	FITTED_VALUE	HOLDS	SELF_CAUGHT	The log entry itself uses the skipped-n=2/15%-miss pattern as one of four independent grounds for the verdict 'NOT EARNED' (line 7113) — it is deployed as evidence against the claim, not asserted as a positive finding, so the arc names and rejects it in the same breath.	"PROGRESS_LOG.md:7109-7111: ""(4) base-rate NULL-CONSISTENT — 2 hits (the claim's own two) vs 0.75 expected, Poisson p=0.17, and the 1/(2φⁿ) pattern skips n=2 (0.1910 is 15% from every target: target-shopping signature)"""	/home/user/origin-axiom/PROGRESS_LOG.md
1639	E046	LOG:B532-I6: Nine Ingredients, One Object (the verdict table)	IDENTIFICATION_BY_TYPE	HOLDS	SELF_CAUGHT	The log entry itself states 'no identification possible' in the same sentence as the species count -- it explicitly declines to identify the structural count with physical particle species, matching the flag's own characterization ('a structural count, not itself a physical species identification').	"PROGRESS_LOG.md:3230-3232: ""Probe 8 (Matter): FORCED. 4 irreducible species: no identification possible, no substitutive coarsening (7/7 binary partitions checked), |Aut(sigma)|=1 (no nontrivial symmetry). Species = exact product (old/new)x(structural/tunnel) with zero deviation to 6 digits."""	PROGRESS_LOG.md
1733	E060	LOG:B854: the centralizer of 2T in e6 is ABELIAN (u(1)^4), compu	IDENTIFICATION_BY_TYPE	HOLDS	SELF_CAUGHT	This very log entry is the diagnosis and refutation of the residual-driven misidentification the flag describes; it names the mechanism (wrong Killing form) and computes the correct exact answer (u(1)^4, all brackets zero).	"PROGRESS_LOG.md:9055-9057 (entry '## 2026-08-02 — B854 ...'): ""WHY THE COMPETING RESULT SAID OTHERWISE -- there are TWO different Killing forms and they answer different questions. ... A numerical rank-4 restriction with one small eigenvalue reads as \""rank 3 plus a zero mode\"", precisely the su(2)+u(1) signature -- so the reported result is the RESTRICTION, misread as the intrinsic form."" Title: ""...the su(2)+u(1) 'electroweak' claim is refuted""."	PROGRESS_LOG.md
1738	E051	LOG:B856: the hearing coupling obeys a PERIOD-5 law across the m	FITTED_VALUE	HOLDS	RETRACTED_LATER	B857 (same-day correction to B856) shows 1/(2phi) and the period-5 tone values were already banked in B641 sixteen days earlier and were double-counted (explicit C2: 'h(5) = -1 is NOT an independent finding ... period-5 and h(5) = -1 were DOUBLE-COUNTED'), retracting B856's claimed distinguishing feature.	"PROGRESS_LOG.md:9061 (B856): ""Look-elsewhere: the 1-sigma window [0.2940, 0.3200] contains AT LEAST 17 natural candidates ... The ONE real distinction from the 21 dead DOF-0 candidates is that 1/(2phi) was COMPUTED (B593...) rather than searched"". PROGRESS_LOG.md:9064 (B857, same day): ""C1: the observer-invariance is B641's and B641 is stronger ... its FIVE-TONE CENSUS |tone| in {0, 1/(2phi), 1/2, phi/2, 1} ... CONTAINS B856's Re h values as a subset; B856 re-derived a 5-point section of a 360-element enumeration SIXTEEN DAYS LATER and read the section's local features as new laws."""	PROGRESS_LOG.md
1819	E027	LOG:B946 amendment: the residue primes are class-sorted, one fro	FITTED_VALUE	HOLDS	SELF_CAUGHT	The log entry explicitly computes and states the base-rate chance probability (1/4) alongside the pattern and immediately declines to call it a law, fencing the fitted/observed value with its own significance caveat in the same breath it is stated.	"PROGRESS_LOG.md:9328: ""...**BASE RATE STATED BECAUSE TWO POINTS IS TWO POINTS**: if class membership were a coin flip, a given pair is mixed with probability 1/2, so two mixed pairs arise by chance with probability **1/4** -- nowhere near significant. **This is a pattern worth a prereg, not a law**, and L130 is amended to say exactly that..."""	PROGRESS_LOG.md
1839	E057	LOG:B947/L130: is the thinning law a LAW? OUTCOME SPECIAL — five	FITTED_VALUE	HOLDS	SELF_CAUGHT	The flag's detail is a verbatim quote of the log entry's own self-caution: the entry explicitly labels the value/pencil split as 'THE POST-HOC OBSERVATION, FLAGGED AND NOT CLAIMED', registers it as an open lead (L137) rather than a result, and names the exact post-hoc-rescue temptation it refuses to commit -- textbook self-caught fencing.	"PROGRESS_LOG.md:9365: The temptation is named explicitly in the findings: re-describing SPECIAL as ""the thinning holds on the value layer and fails on the pencils"" **would convert a failed prediction into a success story**, which is post-hoc rescue and precisely what the seal exists to prevent."	PROGRESS_LOG.md:9364-9365
1864	E059	LOG:B982–B987 — the grounding day: five governance arcs, one met	FITTED_VALUE	HOLDS	SELF_CAUGHT	"The entry itself states the vacuity and kills its own method (""my own method killed by its own control""); no downstream claim relies on the vacuous test."	"PROGRESS_LOG.md:9514-9517: ""B986 — the B500 reopen attempted; my own method killed by its own control. The mod-p route does compute the eliminants (degrees 6450–7896) where PARI overflowed — a real instrument gain — but the decisive test is vacuous: ~70% of random polynomials pass it at those degrees. A criterion that cannot fail is not a test. L145a stays open, sharpened."""	wt_main/PROGRESS_LOG.md
1871	E031	LOG:B995 — the census ran as sealed, returned A, and its own con	FITTED_VALUE	HOLDS	SELF_CAUGHT	The log entry explicitly names the exact post-hoc-rescue maneuver the flag describes and refuses to perform it, keeping the sealed A verdict and separately recording the instrument as non-discriminating -- a textbook self-caught fence, not an uncaught fitted value.	"PROGRESS_LOG.md:9696-9698: ""Adjudication: sealed A, adjudicated NON-DISCRIMINATING, both recorded. Converting A to B by fiat would be the post-hoc rescue the seal exists to prevent, in the mirror direction. The instrument failed; the question is untouched."""	/home/user/origin-axiom/PROGRESS_LOG.md
1885	E000	LOG:(ninth bank through eighth-plus-later, single-header span) B	IDENTIFICATION_BY_TYPE	HOLDS	SELF_CAUGHT	The entry explicitly dismisses the coincidence on three named grounds and banks it UNCLAIMED rather than asserting an identification; the flag's own description matches the text verbatim.	"PROGRESS_LOG.md:11044-11048: ""One near-coincidence (C₁/C₀ = 11π/(36√3) vs the solar angle sin θ₁₂, 0.025%) dismissed on three grounds (look-elsewhere 16.4%, no instrument, found-by-scan), banked unclaimed and relayed to cc3 for a 3rd opinion."""	/tmp/claude-0/-home-user-origin-axiom/def55705-87fb-5c25-8c65-d57916765de8/scratchpad/wt_main/PROGRESS_LOG.md
1928	E061	LOG:2026-08-31 — B1226: THE β-ODD BOX	IDENTIFICATION_BY_TYPE	HOLDS	SELF_CAUGHT	The log entry itself is diagnosing prior probes' type-mismatch error (asking a continuous question of a bit-valued channel), not committing that error, and explicitly closes with firewall intact / nothing promoted.	"PROGRESS_LOG.md:13008-13009: ""3/3 probes ever fired into box D demanded a continuous value from a bit-valued channel; 0/3 asked the bit. Their negatives measure the type mismatch."" And PROGRESS_LOG.md:13011: ""Nothing promoted to CLAIMS.md; no CP phase derived; firewall intact."""	/home/user/origin-axiom/PROGRESS_LOG.md:12992-13012
1937	E061	LOG:2026-09-01 — B1233: the external audit	IDENTIFICATION_BY_TYPE	HOLDS	SELF_CAUGHT	The log entry itself lists this identification under 'Refuted' and states it is dead by Galois — the log is reporting the identification's refutation, not asserting it as a live result.	"PROGRESS_LOG.md:13122-13124: ""Refuted: ... and the observer-bit = class-group identification, dead by Galois — conjugation fixes √5, the class generator flips both. I-8 REFUTED."""	/home/user/origin-axiom/PROGRESS_LOG.md:13116-13128
1959	E060	LOG:## REVIEW 21 — EXECUTED 2026-07-17 (THE CONSTITUTIONAL PILOT	FITTED_VALUE	HOLDS	SELF_CAUGHT	This REVIEW 21 log entry is itself the corrective error-class audit: it names the asserted-not-computed figure, states the actual computed value, and points to the correcting addendum (B653).	"docs/progress/REVIEWS.md:1197-1204: ""THE window instance — the C2 design's \""unpublished by causality\"" was FALSE (JUNO's paper predated the seal by 8 months); ... Related instance: both seats' \""~9σ\"" separation tables were asserted-not-computed (actual: 0.88σ at 4/13) — corrected in the B653 addendum."""	docs/progress/REVIEWS.md
1999	E059	LOG:Review 43 — merges 1-24 from Review 42; the switch-verificat	FITTED_VALUE	HOLDS	SELF_CAUGHT	The kind label (FITTED_VALUE) doesn't fit this content — it's a named, undisguised deferral of a declared debt, not a fitted numeric value; either way the review explicitly names the blocker and does not claim resolution.	"docs/progress/REVIEWS.md:3440-3442: ""CLAIMS.md insertion deferred with the blocker named: CLAIMS.md is a declared currency debt (lag 176, B984) — a refresh of that surface is its own campaign item, not a review side-effect."""	wt_main/docs/progress/REVIEWS.md
2038	E035	TEST:tests/test_b1089_matter_card.py	SELF_REFERENTIAL_LOCK	PARTLY	UNCAUGHT	The self-referential mechanism the flag describes is real (this test fetches and asserts on B1089's own claim_one_line, alongside sourcing B1086/B1087/B1085), but the function name is test_sources_exist_and_say_what_the_card_quotes, not 'test_card_synthesis' as the flag states -- that name belongs to test_b1091's function. No fence in the test acknowledges the self-check.	"tests/test_b1089_matter_card.py:17-18: 'card = _v(""B1089"")[""claim_one_line""]\n    assert ""NOT generations"" in card and ""vector-like"" in card' (inside def test_sources_exist_and_say_what_the_card_quotes(), not a function named test_card_synthesis)"	tests/test_b1089_matter_card.py
2040	E035	TEST:tests/test_b1091_observer_card.py	SELF_REFERENTIAL_LOCK	HOLDS	UNCAUGHT	Function name and mechanism match the flag exactly: it reads B1091's own arc_verdict.json claim_one_line and asserts substrings of it, using the arc's own stored text as both source and thing being verified. No fence or acknowledgment of the self-reference appears in the test.	"tests/test_b1091_observer_card.py:14-16: 'def test_card_synthesis_and_campaign_state():\n    c = _v(""B1091"")[""claim_one_line""]\n    assert ""observer IS the cut"" in c'"	tests/test_b1091_observer_card.py
2052	E037	TEST:tests/test_b1126_identification.py	IDENTIFICATION_BY_TYPE	HOLDS	SELF_CAUGHT	The test itself asserts the verdict string NO-OBJECT-PERIOD-IS-AN-SM-RATIO and requires the FINDINGS.md dismissal language (look-elsewhere, no instrument, UNCLAIMED) to be present -- it is built to confirm the dismissal, not to assert a match. Flag correctly notes this is fenced; nothing here overclaims.	"tests/test_b1126_identification.py:1-3: ""B1126 lock -- V-3 the identification: NO-OBJECT-PERIOD-IS-AN-SM-RATIO, exhaustive sealed scan; the one near-coincidence (C1/C0 vs sin theta12) dismissed on 3 grounds.""; L16-23 computes C1/C0 vs sin12 and asserts `2e-4 < rel < 4e-4` (""real but not a match""); L26-31 requires FINDINGS.md to contain ""look-elsewhere"", ""No principled instrument"", and ""UNCLAIMED ... Relayed to cc3""."	tests/test_b1126_identification.py
2053	E037	TEST:tests/test_b1129_naturalvalues.py	IDENTIFICATION_BY_TYPE	HOLDS	SELF_CAUGHT	Test computes the near-miss, explicitly comments it is 'correctly dismissed (no instrument)', and locks the overall verdict string to the disjoint/negative outcome -- fenced, not an overclaim.	"tests/test_b1129_naturalvalues.py:14-23: ""# they agree to ~5 digits -- a real near-miss, correctly dismissed (no instrument)"" ... assert abs(Q - detphi) < mp.mpf('1e-4'); assert abs(Q - detphi) > mp.mpf('1e-7')   # NOT exact -- Koide is empirical, ~5 digits""; L9-11 requires ""NATURAL-VALUES-DISJOINT"" in the results blob."	tests/test_b1129_naturalvalues.py
2068	E038	TEST:tests/test_b1147_clane_harvest.py	SELF_REFERENTIAL_LOCK	HOLDS	UNCAUGHT	The test only checks that the literal string 'REPRODUCES' is present in the committed shell-script text, not that running it at test time reproduces anything; the comment defends this as deliberate design (avoiding the gitignored log) rather than naming/rejecting it as a self-referential lock, so it is not fenced as a limitation — presented as sufficient evidence.	"tests/test_b1147_clane_harvest.py:27-32: 'def test_reproduce_evidence_present():\n    # B8141 (the artifact class, Review 49): assert on COMMITTED evidence -- the reproduction runner\n    # (verification/reproduce*.sh emits the per-cert REPRODUCES verdict) -- NOT the gitignored\n    # working-tree reproduce.log, which is absent on a clean checkout (so reading it reports on the machine).\n    runner = list((ARC / ""verification"").glob(""reproduce*.sh""))\n    assert runner and ""REPRODUCES"" in runner[0].read_text(encoding=""utf-8"")'"	tests/test_b1147_clane_harvest.py
2069	E038	TEST:tests/test_b1148_carrier_harvest.py	SELF_REFERENTIAL_LOCK	HOLDS	UNCAUGHT	Same pattern as test_b1147: checks only the literal string in the committed script, not an actual re-run; comment explains the design choice but does not flag it as a limitation of the verification.	"tests/test_b1148_carrier_harvest.py:26-31: 'def test_reproduce_evidence_present():\n    # B8141 (the artifact class, Review 49): assert on COMMITTED evidence -- the reproduction runner\n    # (verification/reproduce*.sh emits the per-cert REPRODUCES verdict) -- NOT the gitignored\n    # working-tree reproduce.log, which is absent on a clean checkout.\n    runner = list((ARC / ""verification"").glob(""reproduce*.sh""))\n    assert runner and ""REPRODUCES"" in runner[0].read_text(encoding=""utf-8"")'"	tests/test_b1148_carrier_harvest.py
2070	E038	TEST:tests/test_b1149_meridian_longitude.py	SELF_REFERENTIAL_LOCK	HOLDS	UNCAUGHT	Identical pattern: literal-string check on committed script text, no actual re-run at test time; no fence naming this as a limitation.	"tests/test_b1149_meridian_longitude.py:28-33: 'def test_reproduce_evidence_present():\n    # B8141 (the artifact class, Review 49): assert on COMMITTED evidence -- the reproduction runner\n    # (verification/reproduce*.sh emits the per-cert REPRODUCES verdict) -- NOT the gitignored\n    # working-tree reproduce.log, which is absent on a clean checkout.\n    runner = list((ARC / ""verification"").glob(""reproduce*.sh""))\n    assert runner and ""REPRODUCES"" in runner[0].read_text(encoding=""utf-8"")'"	tests/test_b1149_meridian_longitude.py
2071	E038	TEST:tests/test_b1150_yukawa_clock_and_family.py	SELF_REFERENTIAL_LOCK	HOLDS	UNCAUGHT	Same identical self-referential string check as the other three test files, with the same unfenced comment defending the design rather than naming the limitation.	"tests/test_b1150_yukawa_clock_and_family.py:28-33: 'def test_reproduce_evidence_present():\n    # B8141 (the artifact class, Review 49): assert on COMMITTED evidence -- the reproduction runner\n    # (verification/reproduce*.sh emits the per-cert REPRODUCES verdict) -- NOT the gitignored\n    # working-tree reproduce.log, which is absent on a clean checkout.\n    runner = list((ARC / ""verification"").glob(""reproduce*.sh""))\n    assert runner and ""REPRODUCES"" in runner[0].read_text(encoding=""utf-8"")'"	tests/test_b1150_yukawa_clock_and_family.py
2072	E039	TEST:tests/test_b1153_peripheral_and_superposition.py	SELF_REFERENTIAL_LOCK	HOLDS	SELF_CAUGHT	Test only checks the committed script text for the literal string 'REPRODUCES'; it does not execute the script. But the test's own comment explicitly names and defends this design choice (citing 'B8141'/'Review 49' discipline: check committed evidence, not a gitignored live log), so the limitation is self-named/fenced rather than silently asserted as a live re-run.	"tests/test_b1153_peripheral_and_superposition.py:27-32: def test_reproduce_evidence_present(): /     # B8141 (the artifact class, Review 49): assert on COMMITTED evidence -- the reproduction runner /     # (verification/reproduce*.sh emits the per-cert REPRODUCES verdict) -- NOT the gitignored /     # working-tree reproduce.log, which is absent on a clean checkout. /     runner = list((ARC / ""verification"").glob(""reproduce*.sh"")) /     assert runner and ""REPRODUCES"" in runner[0].read_text(encoding=""utf-8"")"	tests/test_b1153_peripheral_and_superposition.py
2073	E052	TEST:tests/test_b1156_seam_a_gate2.py	SELF_REFERENTIAL_LOCK	PARTLY	SELF_CAUGHT	The named function 'test_reproduce_evidence_present' does not exist in this file (it exists in sibling test_b1147/b1149/b1150/b1153 files) -- the file's actual analog is test_archimedean_anchor_reproduces_committed_runner, which does check the literal string 'REPRODUCES' rather than re-running the script, but its own comment openly names this as a deliberate, previously-established discipline ('B8141 discipline: assert on the committed reproduce runner + its committed output, not a gitignored log') rather than hiding it as a live re-derivation.	"tests/test_b1156_seam_a_gate2.py:48-54: def test_archimedean_anchor_reproduces_committed_runner(): /     # B8141 discipline: assert on the committed reproduce runner + its committed output, not a gitignored log /     runners = list((ARC / ""verification"").glob(""reproduce*.sh"")) /     assert runners, ""no committed reproduce runner"" /     assert ""REPRODUCES"" in runners[0].read_text(encoding=""utf-8"")"	tests/test_b1156_seam_a_gate2.py
2074	E039	TEST:tests/test_b1157_dynamics_null.py	SELF_REFERENTIAL_LOCK	HOLDS	SELF_CAUGHT	Checks committed script + committed .txt output for the literal string, not a live re-run; the comment explicitly names this as deliberate 'B8141 discipline' (committed artifact, not gitignored log), fencing the limitation.	"tests/test_b1157_dynamics_null.py:42-48: def test_reproduce_runner_committed_and_reproduces(): /     # B8141 discipline: assert on the committed runner + its committed output, not a gitignored log /     runners = list((ARC / ""verification"").glob(""reproduce*.sh"")) /     assert runners, ""no committed reproduce runner"" /     assert ""REPRODUCES"" in runners[0].read_text(encoding=""utf-8"") /     out = (ARC / ""verification"" / ""acyclicity_and_vol.txt"").read_text(encoding=""utf-8"") /     assert ""REPRODUCES"" in out"	tests/test_b1157_dynamics_null.py
2075	E053	TEST:tests/test_b1158_cloud_wave2_harvest.py	SELF_REFERENTIAL_LOCK	HOLDS	SELF_CAUGHT	"The actual test function is test_reproduce_runner_committed_and_reproduces (flag misnames it test_reproduce_evidence_present), but the described mechanism is accurate: it only greps committed reproduce*.sh and harvest_checks.txt for literal strings/values, no live re-execution. The module docstring itself states ""Asserts on COMMITTED files only"", fencing exactly this scope."	"tests/test_b1158_cloud_wave2_harvest.py:4: ""Asserts on COMMITTED files only. Own reproducer for the two clean survivors."" ; tests/test_b1158_cloud_wave2_harvest.py:67-71: def test_reproduce_runner_committed_and_reproduces(): ... assert runners and ""REPRODUCES"" in runners[0].read_text(...) ... assert ""REPRODUCES"" in out"	tests/test_b1158_cloud_wave2_harvest.py
2076	E039	TEST:tests/test_b1159_mssm_debt_ledger.py	SELF_REFERENTIAL_LOCK	HOLDS	SELF_CAUGHT	Same committed-file-only check as the sibling tests; same B8141-discipline fencing pattern in this test file's design applies (verified same construction as B1157/B1160/B1161 tests in this file group).	"tests/test_b1159_mssm_debt_ledger.py:68-72: def test_reproduce_runner_committed_and_reproduces(): /     runners = list((ARC / ""verification"").glob(""reproduce*.sh"")) /     assert runners and ""REPRODUCES"" in runners[0].read_text(encoding=""utf-8"") /     out = ... /     assert ""REPRODUCES"" in out"	tests/test_b1159_mssm_debt_ledger.py
2077	E039	TEST:tests/test_b1160_hypercharge_forced.py	SELF_REFERENTIAL_LOCK	HOLDS	SELF_CAUGHT	Checks committed script/output text only, not a live re-run, following the same committed-evidence pattern as the sibling B1153/B1157 tests.	"tests/test_b1160_hypercharge_forced.py:49-53: def test_reproduce_runner_committed_and_reproduces(): /     runners = list((ARC / ""verification"").glob(""reproduce*.sh"")) /     assert runners and ""REPRODUCES"" in runners[0].read_text(encoding=""utf-8"") /     out = ... /     assert ""REPRODUCES"" in out"	tests/test_b1160_hypercharge_forced.py
2078	E039	TEST:tests/test_b1161_frontier_sweep.py	SELF_REFERENTIAL_LOCK	HOLDS	SELF_CAUGHT	Checks committed script/output text only, not a live re-run, matching the same committed-evidence pattern as the sibling tests in this group.	"tests/test_b1161_frontier_sweep.py:62-66: def test_reproduce_runner_committed_and_reproduces(): /     runners = list((ARC / ""verification"").glob(""reproduce*.sh"")) /     assert runners and ""REPRODUCES"" in runners[0].read_text(encoding=""utf-8"") /     out = ... /     assert ""REPRODUCES"" in out"	tests/test_b1161_frontier_sweep.py
2079	E040	TEST:tests/test_b1162_mssm_debt_closure.py	SELF_REFERENTIAL_LOCK	HOLDS	UNCAUGHT	The test only string-matches the committed script text and a pre-generated output file; it never executes reproduce.sh, so it cannot detect that the script never invokes Sage (per flag 1168). No fence in the test acknowledges this is a static check.	"tests/test_b1162_mssm_debt_closure.py:54-58: def test_reproduce_runner_committed_and_reproduces():\n    runners = list((ARC / ""verification"").glob(""reproduce*.sh""))\n    assert runners and ""REPRODUCES"" in runners[0].read_text(encoding=""utf-8"")\n    out = (ARC / ""verification"" / ""closure_checks.txt"").read_text(encoding=""utf-8"")\n    assert ""REPRODUCES"" in out and ""IDENTICAL"" in out and ""H0(V)=0"" in out"	tests/test_b1162_mssm_debt_closure.py
2080	E053	TEST:tests/test_b1163_w0_attempt.py	SELF_REFERENTIAL_LOCK	HOLDS	SELF_CAUGHT	"Test only checks that committed files contain the literal string REPRODUCES and a fixed numeric literal; no live re-run. Module docstring explicitly scopes itself as ""Committed files only"", the fence the flag says is missing from the check but which is present in the file's own header."	"tests/test_b1163_w0_attempt.py:4-5: ""Firewall clean, no W0-CONSTRUCTED claimed. Committed files only; own reproducer for the {+Vol,-Vol} orbit + Kashaev asymptotic + a1 correction."" ; tests/test_b1163_w0_attempt.py:62-66: def test_reproduce_runner_committed_and_reproduces(): ... assert runners and ""REPRODUCES"" in runners[0].read_text(...) ... assert ""REPRODUCES"" in out and ""-2.029883212819307"" in out"	tests/test_b1163_w0_attempt.py
2081	E040	TEST:tests/test_b1164_cc_masterplan.py	SELF_REFERENTIAL_LOCK	HOLDS	UNCAUGHT	Same pattern: only reads the committed script text and a static committed output file for the literal string 'REPRODUCES'; never re-runs the script live.	"tests/test_b1164_cc_masterplan.py:58-63: def test_reproduce_runner_committed_and_reproduces():\n    runners = list((ARC / ""verification"").glob(""reproduce*.sh""))\n    assert runners and ""REPRODUCES"" in runners[0].read_text(encoding=""utf-8"")\n    out = (ARC / ""verification"" / ""masterplan_checks.txt"").read_text(encoding=""utf-8"")\n    assert ""REPRODUCES"" in out"	tests/test_b1164_cc_masterplan.py
2082	E040	TEST:tests/test_b1165_gravity_terminal.py	SELF_REFERENTIAL_LOCK	HOLDS	UNCAUGHT	Checks only that the committed script's source text contains the literal string 'REPRODUCES'; no output file check even present here, and no live execution.	"tests/test_b1165_gravity_terminal.py:85-88: def test_reproduce_runner_committed_and_reproduces():\n    runners = list((ARC / ""verification"").glob(""reproduce*.sh""))\n    assert runners, ""no committed reproduce runner""\n    assert ""REPRODUCES"" in runners[0].read_text(encoding=""utf-8"")"	tests/test_b1165_gravity_terminal.py
2083	E040	TEST:tests/test_b1166_charter_attack.py	SELF_REFERENTIAL_LOCK	HOLDS	UNCAUGHT	Same static string-match on the committed script's source text only; no live re-run, no output-file verification.	"tests/test_b1166_charter_attack.py:52-55: def test_reproduce_runner_committed_and_reproduces():\n    runners = list((ARC / ""verification"").glob(""reproduce*.sh""))\n    assert runners, ""no committed reproduce runner""\n    assert ""REPRODUCES"" in runners[0].read_text(encoding=""utf-8"")"	tests/test_b1166_charter_attack.py
2084	E041	TEST:tests/test_b1167_seat_harvest.py	SELF_REFERENTIAL_LOCK	HOLDS	UNCAUGHT	The test only checks that the committed reproduce*.sh file contains the literal substring 'REPRODUCES'; it never executes the script or checks a live re-run's output. No fence in the test acknowledging this is a static string check rather than execution verification.	"tests/test_b1167_seat_harvest.py:51-54: def test_reproduce_runner_committed_and_reproduces(): /     runners = list((ARC / ""verification"").glob(""reproduce*.sh"")) /     assert runners, ""no committed reproduce runner"" /     assert ""REPRODUCES"" in runners[0].read_text(encoding=""utf-8"")"	tests/test_b1167_seat_harvest.py
2085	E053	TEST:tests/test_b1168_c5_investigation.py	SELF_REFERENTIAL_LOCK	HOLDS	SELF_CAUGHT	"This test checks only that the committed script text contains the literal string REPRODUCES; no output file check, no live execution. Module docstring self-fences this as ""COMMITTED files only""."	"tests/test_b1168_c5_investigation.py:3-4: ""Asserts on COMMITTED files only; parity anchors via the committed reproduce runner."" ; tests/test_b1168_c5_investigation.py:64-67: def test_reproduce_runner_committed_and_reproduces(): runners = list((ARC / ""verification"").glob(""reproduce*.sh"")) ... assert ""REPRODUCES"" in runners[0].read_text(encoding=""utf-8"")"	tests/test_b1168_c5_investigation.py
2086	E041	TEST:tests/test_b1169_qualia_parity_synthesis.py	SELF_REFERENTIAL_LOCK	HOLDS	UNCAUGHT	Same static-string check as the other reproduce-runner tests; no live execution, no fence.	"tests/test_b1169_qualia_parity_synthesis.py:60-63: def test_reproduce_runner_committed_and_reproduces(): /     runners = list((ARC / ""verification"").glob(""reproduce*.sh"")) /     assert runners, ""no committed reproduce runner"" /     assert ""REPRODUCES"" in runners[0].read_text(encoding=""utf-8"")"	tests/test_b1169_qualia_parity_synthesis.py
2088	E041	TEST:tests/test_b1171_seam_harvest.py	SELF_REFERENTIAL_LOCK	HOLDS	UNCAUGHT	Same static-string check as the other two reproduce-runner tests; confirms only that the literal token 'REPRODUCES' is present in the committed script, not that it was actually run.	"tests/test_b1171_seam_harvest.py:74-76: def test_reproduce_runner_committed_and_reproduces(): /     runners = list((ARC / ""verification"").glob(""reproduce*.sh"")) /     assert runners and ""REPRODUCES"" in runners[0].read_text(encoding=""utf-8"")"	tests/test_b1171_seam_harvest.py
2090	E042	TEST:tests/test_b1172_lose_nothing_register.py	SELF_REFERENTIAL_LOCK	HOLDS	UNCAUGHT	The lock only checks that the committed reproduce*.sh contains the literal substring 'REPRODUCES'; it never executes the script. No fence in the test or arc_verdict acknowledges this is a text-presence check rather than a live re-run, so the 'reproducibility' assertion is presented unqualified.	"tests/test_b1172_lose_nothing_register.py:46-48: def test_reproduce_runner_committed(): /     runners = list((ARC / ""verification"").glob(""reproduce*.sh"")) /     assert runners and ""REPRODUCES"" in runners[0].read_text(encoding=""utf-8"")"	
2091	E042	TEST:tests/test_b1173_digest_partial_close.py	SELF_REFERENTIAL_LOCK	HOLDS	UNCAUGHT	Identical pattern to 2090: grep for the literal string 'REPRODUCES' in a committed script, no live execution, no self-noted limitation.	"tests/test_b1173_digest_partial_close.py:24-26: def test_reproduce_runner_committed(): /     runners = list((ARC / ""verification"").glob(""reproduce*.sh"")) /     assert runners and ""REPRODUCES"" in runners[0].read_text(encoding=""utf-8"")"	
2092	E053	TEST:tests/test_b1174_z2_identification.py	SELF_REFERENTIAL_LOCK	HOLDS	SELF_CAUGHT	Unlike the other B11xx test files, this one has no module-level 'committed files only' disclaimer, but the function itself is named test_reproduce_runner_committed (not '...and_reproduces') — its own name scopes the check to committment only, and the file's docstring separately states the live-recomputed part is test_exact_leg_table_live, a different test. The reproduce-runner check itself is exactly a literal-string grep on the committed script, matching the flag.	"tests/test_b1174_z2_identification.py:69-71: def test_reproduce_runner_committed(): runners = list((ARC / ""verification"").glob(""reproduce*.sh"")) ; assert runners and ""REPRODUCES"" in runners[0].read_text(encoding=""utf-8"")"	tests/test_b1174_z2_identification.py
2093	E042	TEST:tests/test_b1175_charter_close_harvest.py	SELF_REFERENTIAL_LOCK	HOLDS	UNCAUGHT	Same literal-string-grep-only pattern; no live re-execution, no fence.	"tests/test_b1175_charter_close_harvest.py:39-41: def test_reproduce_and_gate5(): /     runners = list((ARC / ""verification"").glob(""reproduce*.sh"")) /     assert runners and ""REPRODUCES"" in runners[0].read_text(encoding=""utf-8"")"	
2094	E042	TEST:tests/test_b1176_record_surface_wave.py	SELF_REFERENTIAL_LOCK	DOES_NOT_HOLD	FLAG_WRONG	This test never greps for 'REPRODUCES' at all -- it only asserts a reproduce*.sh file exists (no content check) and that b1176_results.json's fences field contains 'Gate 5 clean'. The flag's specific detail (grepping the literal string REPRODUCES) does not describe this file's code.	"tests/test_b1176_record_surface_wave.py:44-48: def test_reproduce_and_gate5(): /     runners = list((ARC / ""verification"").glob(""reproduce*.sh"")) /     assert runners /     d = json.loads((ARC / ""b1176_results.json"").read_text(encoding=""utf-8"")) /     assert ""Gate 5 clean"" in d[""fences""]"	
2098	E042	TEST:tests/test_b1180_family_retraction.py	SELF_REFERENTIAL_LOCK	HOLDS	UNCAUGHT	Confirmed: only greps 'REPRODUCES' (plus a manifold-name marker) inside the committed reproduce.sh; no live re-run, no fence noting the limitation.	"tests/test_b1180_family_retraction.py:27-29: def test_reproduce_committed(): /     r = (ROOT / ""frontier"" / ""B1180_family_retraction"" / ""verification"" / ""reproduce.sh"").read_text(encoding=""utf-8"") /     assert ""o10_150700"" in r and ""REPRODUCES"" in r"	
2099	E043	TEST:tests/test_b1184_quine_synthesis.py	SELF_REFERENTIAL_LOCK	HOLDS	UNCAUGHT	The test only reads reproduce.sh as text and greps two literal substrings; it never executes the script (which itself calls snappy) or checks a fresh run's output. No comment in the test or FINDINGS.md discloses that this is a text-presence check rather than a live re-run.	"tests/test_b1184_quine_synthesis.py:25-27: / def test_reproduce_committed(): /     r = (ROOT / ""frontier"" / ""B1184_quine_synthesis"" / ""verification"" / ""reproduce.sh"").read_text(encoding=""utf-8"") /     assert ""o10_150700"" in r and ""REPRODUCES"" in r"	tests/test_b1184_quine_synthesis.py
2100	E043	TEST:tests/test_b1185_three_mechanisms.py	SELF_REFERENTIAL_LOCK	HOLDS	UNCAUGHT	Same pattern as B1184's lock: the test greps literal marker substrings inside the committed reproduce.sh source text; it does not invoke the script or recompute anything itself.	"tests/test_b1185_three_mechanisms.py:33-37: / def test_reproduce_exactness(): /     r = (ARC / ""verification"" / ""reproduce.sh"").read_text(encoding=""utf-8"") /     assert ""sum(raw) % 12 == 3"" in r and '(8, 4, 0)' in r /     assert ""combinations_with_replacement"" in r and ""(4, 4)"" in r /     assert ""x**2 - x + 1"" in r"	tests/test_b1185_three_mechanisms.py
2110	E043	TEST:tests/test_b1206_one_short.py	SELF_REFERENTIAL_LOCK	HOLDS	UNCAUGHT	Every value compared comes from the single stored b1206_results.json; the test checks that the stored fields are arithmetically self-consistent, not that they match an independent geometric computation.	"tests/test_b1206_one_short.py:9-15: / def test_the_cut_ledger_arithmetic(): /     d = json.loads((ARC / ""b1206_results.json"").read_text(encoding=""utf-8"")) /     L = d[""cut_ledger""] /     assert L[""start""] == 3 /     assert L[""after_linear""] == L[""start""] - d[""canonical_linear_functionals""] == 2 /     assert L[""after_cubic""] == 1 and L[""needed_for_points""] == 0 /     assert ""ONE CONDITION SHORT"" in L[""verdict""]"	tests/test_b1206_one_short.py
2112	E043	TEST:tests/test_b1213_claim_base.py	SELF_REFERENTIAL_LOCK	HOLDS	UNCAUGHT	_res() loads b1213_results.json (the banked snapshot) and every assertion compares fields within that same JSON to each other or to fixed thresholds; the test never re-derives the census or control ratio from the underlying corpus, so it cannot detect that a live re-run (verification/_out.txt) produces 80%/2.67x instead of the stored 89%/2.29x.	"tests/test_b1213_claim_base.py:15-21: / def test_the_declaration_census_is_recorded_as_measured(): /     r = _res() /     assert r[""absent""] > 0.8 * r[""settled""], ""the field's absence is the premise of this rebuild"" /     assert r[""absent_pct""] >= 85 /  /  / def test_the_vocabulary_criterion_carries_its_two_sided_control(): /     c = _res()[""control""]"	tests/test_b1213_claim_base.py
2165	E006	TEST:tests/test_b259_gravity_brick_wall_map.py	SELF_REFERENTIAL_LOCK	HOLDS	SELF_CAUGHT	The test does lock a self-authored WALLS dict's own status labels rather than an independently derivable fact, but the arc's verdict claim itself already states the honest count (one theorem, rest open/gaps) rather than asserting the open walls as proven — the self-description the test checks matches, not exceeds, what the verdict claims.	test_b259_gravity_brick_wall_map.py:20-26 'test_five_wall_map_is_one_theorem_not_all_walled ... assert theorems == [1] ... assert set(opens) == {2, 3, 4}'; arc_verdict.json:4 'claim_one_line': 'Verified the Mostow metric solves 3d vacuum Einstein exactly (Λ=−1) and produced the honest five-wall map: one theorem, one 122-order gap, three open gaps.'	tests/test_b259_gravity_brick_wall_map.py;frontier/B259_gravity_brick_wall_map/arc_verdict.json
2166	E006	TEST:tests/test_b260_coulomb_branch_reframing.py	SELF_REFERENTIAL_LOCK	HOLDS	SELF_CAUGHT	The locked REFRAMING dict is self-assessed rhetoric, but the arc's own verdict claim already concedes 'no bridge is built' and 'zero theorems block object→physics' — the self-judgment the test pins matches the verdict's own hedged framing rather than smuggling in an unearned result.	"test_b260_coulomb_branch_reframing.py:26-32 'test_reframing_is_honest_both_halves ... assert r[""manufactures_e6_gauge_group""] is False ... assert r[""improves_honesty_not_proximity""] is True'; arc_verdict.json:4 'claim_one_line': '...dissolving wall #1: zero theorems block object→physics, but no bridge is built.'"	tests/test_b260_coulomb_branch_reframing.py;frontier/B260_coulomb_branch_reframing/arc_verdict.json
2169	E045	TEST:tests/test_b268_e6_bridge_consolidation.py	SELF_REFERENTIAL_LOCK	HOLDS	UNCAUGHT	Neither the test docstring ('B268 locks...') nor wall_map_v2.py fences these as bookkeeping-only; they are presented as ordinary passing tests locking the arc's claimed wall-map/audit state, with no independent computation checked.	test_b268_e6_bridge_consolidation.py:12-29: 'def test_e6_bridge_is_six_links(): assert sorted(b268.E6_BRIDGE) == [...]' / 'def test_wall_map_v2_status_changes(): ... assert changed == {1, 2}' / 'def test_audit_nothing_dropped(): assert len(b268.SKIPPED) == 5' — all three assert only structural properties of E6_BRIDGE/WALLS/SKIPPED, which wall_map_v2.py defines as hand-authored narrative dicts (no computation).	tests/test_b268_e6_bridge_consolidation.py;frontier/B268_e6_bridge_consolidation/wall_map_v2.py
2171	E007	TEST:tests/test_b272_verification_and_gaps.py	SELF_REFERENTIAL_LOCK	HOLDS	UNCAUGHT	The tests count entries in hand-authored dicts (CONFIRMED, CORRECTIONS, GAPS) defined in the same module they import; nothing in the module or its docstring flags this as non-independent -- the module's own header asserts 'independent audit agents ... re-derived the riskiest claims from scratch' as an accomplished fact, so the test's pass is presented as confirming that re-derivation rather than merely checking the module's self-report.	tests/test_b272_verification_and_gaps.py:14-15: assert len(b272.CONFIRMED) == 8 ... assert len(b272.CORRECTIONS) == 3 -- CONFIRMED/CORRECTIONS are hand-written dicts defined directly in verification_and_gaps.py:9-33, no recomputation.	tests/test_b272_verification_and_gaps.py;frontier/B272_verification_and_gaps/verification_and_gaps.py
2174	E045	TEST:/home/user/origin-axiom/tests/test_b276_zeta3_probe.py	SELF_REFERENTIAL_LOCK	PARTLY	SELF_CAUGHT	That one line is a stored-snapshot regression check (comment marks ZETA3 as 'computed; encoded for the test', i.e. a recorded copy of a prior run, not an independently sourced constant); the same test and test_verdict/test_ramification_of_3 also assert detect_period(...)==3/6, all_integral(...), and ramification_holds() computed fresh from colored_jones each run, so the self-referential comparison is not the sole or primary check despite being literally circular as flagged.	"b276_zeta3_probe.py: '# ---- verdict (computed; encoded for the test) ----\nZETA3 = {..., ""seq6"": [(1, 0), (1, 0), (13, 0), ...]}' ; test file: 'assert b276.jones_sequence(3)[:3] == b276.ZETA3[""seq6""][:3]'"	tests/test_b276_zeta3_probe.py;frontier/B276_zeta3_arithmetic_probe/b276_zeta3_probe.py
2175	E046	TEST:/home/user/origin-axiom/tests/test_b278_wall_map_v3.py	SELF_REFERENTIAL_LOCK	HOLDS	SELF_CAUGHT	The test asserts against dicts hardcoded in the same module (confirmed) but the arc's own verdict explicitly states it 'settles nothing new' and the CRUX is 'unproven' -- the module's docstring/FINDINGS also declare it FIREWALLED with 'nothing to CLAIMS.md', fencing the self-check from any physics assertion.	"wall_map_v3.py:68-74: def consistency(): ... return (len(WALLS) == 5 ... and CRUX[""name""] == ""input-E6 = output-E6"") | arc_verdict.json:4: ""claim_one_line"": ""Consolidates B274-B277 into the five-wall map v3 and records the previously-invisible input-required walls, settling nothing new; the bridge still rests on the unproven input-E6=output-E6 CRUX."""	tests/test_b278_wall_map_v3.py;frontier/B278_consolidation_v3/wall_map_v3.py;frontier/B278_consolidation_v3/FINDINGS.md;frontier/B278_consolidation_v3/arc_verdict.json
2176	E007	TEST:/home/user/origin-axiom/tests/test_b283_selfgen_scoping.py	SELF_REFERENTIAL_LOCK	HOLDS	UNCAUGHT	LEVELS' verdict strings (PROVEN+GENERIC+KNOWN, SUPERSEDED, FALSIFIED, KNOWN, ELEMENTARY) are asserted by the author in verdict.py with no computation backing them in this module; the test only checks the dict's own labels. Neither the module docstring nor FINDINGS.md fences this as author-asserted rather than independently recomputed.	tests/test_b283_selfgen_scoping.py:21-23: states = {v[0] for v in b283.LEVELS.values()} ... assert 'SUPERSEDED' in states and 'FALSIFIED' in states -- LEVELS is a literal dict of hand-set verdict tuples at frontier/B283_selfgen_scoping/verdict.py:9-19.	tests/test_b283_selfgen_scoping.py;frontier/B283_selfgen_scoping/verdict.py
2178	E007	TEST:/home/user/origin-axiom/tests/test_b294_selection_verdict.py	SELF_REFERENTIAL_LOCK	HOLDS	UNCAUGHT	The consolidation module and its test aggregate each B287-B295 probe module's self-reported verdict() boolean; nothing in verdict.py or FINDINGS.md flags that this is aggregation rather than independent re-derivation -- the docstring and arc_verdict.json assert the synthesis as a settled result.	tests/test_b294_selection_verdict.py:14-16: results = b294.all_probes_pass(); assert set(results) == {...}; assert all(results.values()) -- all_probes_pass() = {k: v() for k, v in PROBE_VERDICTS.items()} (verdict.py:31-32) where PROBE_VERDICTS just points at sv.B287.verdict etc, i.e. each probe module's own stored verdict() result, aggregated not recomputed here.	tests/test_b294_selection_verdict.py;frontier/B294_selection_verdict/verdict.py
2179	E007	TEST:/home/user/origin-axiom/tests/test_b296_seam_arc_verification.py	SELF_REFERENTIAL_LOCK	HOLDS	UNCAUGHT	Same underlying data as i=212: the test asserts against literal author-set dicts in the module under test, with no independent recomputation; verdict.py's module docstring presents the red-team/novelty outcome as fact without flagging that the test only checks its own stored data.	"tests/test_b296_seam_arc_verification.py:14-15: assert all(v == ""SURVIVES"" for v in b296.REDTEAM_VERDICTS.values()); assert b296.N_REFUTED == 0 and b296.N_FIREWALL_LEAKS == 0 -- REDTEAM_VERDICTS/EXTENDED_CHECKS/NOVELTY are literal dicts in verdict.py:18-33."	tests/test_b296_seam_arc_verification.py;frontier/B296_seam_arc_verification/verdict.py
2180	E046	TEST:/home/user/origin-axiom/tests/test_b297_consolidation_v4.py	SELF_REFERENTIAL_LOCK	HOLDS	SELF_CAUGHT	Same self-referential dicts as B297's module check (WALLS/SEAM_ARC/MATTER_MAP/STOP_GATES all hardcoded literals asserted against themselves), but the arc's own verdict discloses it settles nothing and is FIREWALLED, so the lock is not presented as validating physics.	"test_b297_consolidation_v4.py:12-14: def test_wall_map_v4_consistent(): assert b297.consistency(); assert len(b297.WALLS) == 5 and len(b297.SEAM_ARC) == 11 | arc_verdict.json:4: ""claim_one_line"": ""Folds the seam arc B286-B296 into the five-wall map v4 and relocates the structural theorem to the seam, without settling any wall or the CRUX."""	tests/test_b297_consolidation_v4.py;wall_map_v4.py
2182	E008	TEST:/home/user/origin-axiom/tests/test_b301_chirality_filter_and_convergence.py	SELF_REFERENTIAL_LOCK	HOLDS	UNCAUGHT	SEATS/ALL_THREE_CONVERGE/BOUNDARY_IS_REAL_FOUND_THREE_WAYS are hardcoded module-level constants (not computed from any comparison across the three seats' actual outputs); the test and verdict() both merely re-assert these same constants, so the 'three-seat convergence' pass is the module agreeing with itself. Nothing in the module or docstring fences this as a stored assertion rather than a computed cross-check.	"test_b301_chirality_filter_and_convergence.py:21-23: ""def test_three_seat_convergence_first_class():\n    assert len(b301.SEATS) == 3 and b301.ALL_THREE_CONVERGE\n    assert b301.BOUNDARY_IS_REAL_FOUND_THREE_WAYS"" / chirality_filter.py:40-42: ""SEATS = [\""seam arc (B286-B297)\"", \""Chat-1\"", \""Chat-2\""]\nALL_THREE_CONVERGE = True\nBOUNDARY_IS_REAL_FOUND_THREE_WAYS = True"""	tests/test_b301_chirality_filter_and_convergence.py;frontier/B301_chirality_filter_and_convergence/chirality_filter.py
2183	E008	TEST:/home/user/origin-axiom/tests/test_b308_yukawa_last_redoubt.py	SELF_REFERENTIAL_LOCK	HOLDS	UNCAUGHT	As with B301's lock, most of the asserted names in verdict.py are plain boolean literals set by hand, not the output of any calculation in the module; the test only re-checks those same literals plus the two genuinely Sage-derived facts (CUBIC_INVARIANT_MULTIPLICITY, SYMMETRIC_CUBIC_UNIQUE), giving an appearance of a broad multi-part verification when most asserted names are declarations, not derivations.	"verdict.py:16-22: ""INTERGENERATION_HIERARCHY_FORCED = False ... HIERARCHY_GATED_BY_GENERATION_THEOREM = True ... FIREWALL_LAST_REDOUBT_IS_FLAVOR_HIERARCHY = True ... SCALE_IS_CLARIFIED_NOT_THE_WALL = True"" / test_b308_yukawa_last_redoubt.py:25-31: ""def test_hierarchy_is_the_last_redoubt():\n    assert b308.INTERGENERATION_HIERARCHY_FORCED is False\n    assert b308.HIERARCHY_GATED_BY_GENERATION_THEOREM\n    assert b308.FIREWALL_LAST_REDOUBT_IS_FLAVOR_HIERARCHY\n\n\ndef test_remaining_wall_is_b307_not_scale():\n    assert b308.SCALE_IS_CLARIFIED_NOT_THE_WALL"""	tests/test_b308_yukawa_last_redoubt.py;frontier/B308_yukawa_last_redoubt/verdict.py
2195	E009	TEST:/home/user/origin-axiom/tests/test_b361_seam_local_law.py	SELF_REFERENTIAL_LOCK	HOLDS	UNCAUGHT	The bright/dark classification and the qualifies() rule (m in {2,7}) are both defined inline in the test from the same banked data the test then checks itself against; the sets were partitioned to satisfy the rule, so the assertion cannot fail -- no independent computation, and nothing in the test names this circularity.	test_b361_seam_local_law.py:19-25: 'def test_local_law_consistency_over_the_computed_range(): bright = {(1,2),(2,3),(2,4),(1,7),(3,7)}; dark = {(1,3),(1,4),(3,5)}; def qualifies(m): return m in (2,7); assert all(any(qualifies(m) for m in p) for p in bright); assert all(not any(qualifies(m) for m in p) for p in dark)'	tests/test_b361_seam_local_law.py
2196	E010	TEST:/home/user/origin-axiom/tests/test_b362_seam_law_confirmations.py	SELF_REFERENTIAL_LOCK	HOLDS	UNCAUGHT	The test hardcodes bright/dark/doubly_elliptic as literal sets and asserts only that its own membership definitions are mutually consistent — no recomputation from seam_confirm.py or any independent source. The module docstring calls this 'three hits: the law at 11 pairs' with no fence noting the internal-consistency-only nature of this particular test.	tests/test_b362_seam_law_confirmations.py:16-21: def test_law_at_eleven_pairs(): /     bright = {(1, 2), (2, 3), (2, 4), (1, 7), (3, 7), (2, 7)} /     dark = {(1, 3), (1, 4), (3, 5), (1, 5), (4, 5)} /     doubly_elliptic = {2, 7} /     assert all(any(m in doubly_elliptic for m in p) for p in bright) /     assert all(not any(m in doubly_elliptic for m in p) for p in dark)	tests/test_b362_seam_law_confirmations.py
2215	E012	TEST:tests/test_b496_tm_endomorphism.py	SELF_REFERENTIAL_LOCK	HOLDS	UNCAUGHT	Every assert in the test file is a bare boolean call into the arc's own verify_tm.py/q1_mixed_semigroup.py; the test itself never recomputes the algebra independently, so a bug making check_* always return True would pass silently. (verify_tm.py's internals do real symbolic/numeric work, but that is irrelevant to the structural lock the flag names.)	tests/test_b496_tm_endomorphism.py:20-21: 'def test_T1_trace_map():\n    assert V.check_T1()' (and T2/T2_Fp/T4/T5/T7 likewise); lines 60-68: 'assert Q1.golden_preserves_kappa()' / 'assert Q1.tm_ejection()' / 'assert Q1.eisenstein_preserved()', all imported from frontier/B496_tm_endomorphism/verify_tm.py and q1_mixed_semigroup.py in the same arc	tests/test_b496_tm_endomorphism.py;frontier/B496_tm_endomorphism/verify_tm.py
2216	E012	TEST:tests/test_b497_monoid.py	SELF_REFERENTIAL_LOCK	HOLDS	UNCAUGHT	All asserts call boolean-returning functions from the arc's own verify_monoid.py/phase23_run.py; no independent recomputation happens in the test file itself.	tests/test_b497_monoid.py:15-16: 'def test_stratum2_trace_maps():\n    assert V.check_stratum2_maps(n=8)' ... lines 47-67: 'assert P.atoroidality_search(...) == []', 'assert P.sandwich_scalar_law()', 'assert P.kronecker_spectrum()' -- V from verify_monoid.py, P from phase23_run.py, both in frontier/B497_endomorphism_monoid	tests/test_b497_monoid.py
2217	E012	TEST:tests/test_b498_mixed.py	SELF_REFERENTIAL_LOCK	HOLDS	UNCAUGHT	Core asserts all delegate to verify_mixed.py's own check functions in the same arc; the pytest file trusts them rather than recomputing independently.	tests/test_b498_mixed.py:8-10: 'def test_c1_classification():\n    na, nc, fach = V.c1_classification()\n    assert (na, nc) == (15, 24)...' and lines 13-39 similarly call V.c1_lemma_MS(), V.q1a_per_factor(), V.q1b_reduction_identity(), V.c2_depth2(), V.q1b_hand_proof_steps() -- all from frontier/B498_mixed_monoid_dynamics/verify_mixed.py	tests/test_b498_mixed.py
2222	E012	TEST:tests/test_b519.py	SELF_REFERENTIAL_LOCK	HOLDS	UNCAUGHT	The B519 test imports verify_mixed from the B498 frontier arc and asserts the identical q1b_hand_proof_steps() function as evidence for the separate B519 criticality-unification claim, rather than independently re-deriving the B519-specific statement.	tests/test_b519.py:22-29: 'def test_criticality_unification_structure():\n    # D: three banked criticality facts are one statement...\n    # B498 proved E[log mult_M]=0 exactly...reuse that proof's anchor.\n    ...\n    import verify_mixed as V\n    assert V.q1b_hand_proof_steps()   # E[log mult_M]=0 proved => the M-walk is critical (one of the three wordings)'	tests/test_b519.py
2235	E013	TEST:tests/test_b547.py	SELF_REFERENTIAL_LOCK	HOLDS	UNCAUGHT	test_markov_triples_realize, test_4_4_16_is_proved_all_hyperbolic_ghost, and test_small_ghosts_confirmed all import and call classify/slot_realizable/all_hyperbolic directly from the arc's own scanner.py; no independent re-derivation exists, and neither the test file nor B547_ghost_scanner/FINDINGS.md notes or fences this circularity.	"tests/test_b547.py:1-19: ""from scanner import classify, slot_realizable, all_hyperbolic"" ... ""def test_markov_triples_realize(): ... assert classify(*tri)[0] == 'REALIZED'"" ... ""def test_4_4_16_is_proved_all_hyperbolic_ghost(): v, t = classify(4, 4, 16); assert v == 'GHOST(proved)' ..."""	tests/test_b547.py;frontier/B547_ghost_scanner/scanner.py;frontier/B547_ghost_scanner/FINDINGS.md
2247	E014	TEST:tests/test_b568_c_symmetry.py	SELF_REFERENTIAL_LOCK	HOLDS	UNCAUGHT	test_b568_c_symmetry.py pastes the identical literal dict that test_b560_cells.py computes (lines 58-71 build it from CORE), and only checks internal symmetry/multiplicity properties of that literal; it contains no comment or assertion recomputing or cross-checking the census, so a wrong upstream census would still pass here.	"tests/test_b568_c_symmetry.py:10-11: ""first = {1: 3, 2: 9, 3: 3, 4: 16, 5: 14, 6: 14, 7: 16, 8: 3, 9: 9, 10: 3}\n    assert all(first[q] == first[11 - q] for q in range(1, 11))     # C-symmetry, exact""; tests/test_b560_cells.py:74: ""assert first == {1: 3, 2: 9, 3: 3, 4: 16, 5: 14, 6: 14, 7: 16, 8: 3, 9: 9, 10: 3}"""	tests/test_b568_c_symmetry.py;tests/test_b560_cells.py
2313	E019	TEST:tests/test_b685_terminal.py	SELF_REFERENTIAL_LOCK	HOLDS	SELF_CAUGHT	The test itself does not recompute anything and only checks that a sibling file and named function exist, but its own docstring names this transparently as a post-hoc guard stub pointing to the real computation in test_b755_carried.py, not as an independent recomputation.	"tests/test_b685_terminal.py:13-25: ""def test_gswz_powers_of_three():\n    \""\""\""REPLACED 2026-07-22 (B755 cell 3): ... This stub asserts the replacement exists so the suite fails loudly if it is ever removed.\""\""\""\n    ... assert os.path.exists(path)\n    ... assert \""test_cell3_b685_gswz_gates_and_pure3\"" in text"""	
2347	E021	TEST:tests/test_b770_census.py	SELF_REFERENTIAL_LOCK	HOLDS	UNCAUGHT	Every lock in the file reads fields already stored inside census.json (raw_count, counts, citation_verified, adversarial) and checks their internal agreement; none re-derives a classification from the underlying arcs. The docstring's 'never the digest' fence addresses a different concern (digest vs artifact-of-record) and does not acknowledge that citation_verified/adversarial are self-asserted flags, not independently checked here.	"test_b770_census.py:5-6: ""All locks read census.json (the artifact of record), never the digest."" ; lines 39-42 (test_no_unearned_closure): ""for r in d[\""rows\""]: if r[\""state\""] in (\""CLOSED\"", \""WALLED\"", \""STALE\""): assert r.get(\""citation_verified\"") is True ... assert r.get(\""citation\"") and r[\""citation\""] != \""n/a\"""""	/home/user/origin-axiom/tests/test_b770_census.py
2350	E022	TEST:tests/test_b772_adequacy.py	SELF_REFERENTIAL_LOCK	HOLDS	UNCAUGHT	All 5 tests in the file load audit_results.json and assert on its stored fields/verdicts directly; none recomputes the underlying classification independently. No fence or caveat in the file naming this as a self-referential lock.	"tests/test_b772_adequacy.py:8-9: def _load(): /     return json.loads((ARC / ""audit_results.json"").read_text()) / :12-16 test_fourteen_negatives_classified(): d = _load(); assert len(d[""rows""]) == 14 ... (same for test_only_four_robust, test_corpus_is_not_seam_over_determined, test_trace_blind_risk_set, test_recompute_flagged_majority)"	tests/test_b772_adequacy.py
2351	E022	TEST:tests/test_b773_chord.py	SELF_REFERENTIAL_LOCK	HOLDS	UNCAUGHT	All four named tests load chord_results.json (the artifact of record) and assert stored verdict/upheld fields; none recomputes independently (the one test in this file that does recompute, test_w4_304_chord_sector_nonzero, is not among the four the flag names). No fence acknowledging this.	"tests/test_b773_chord.py:24-28 test_w4_304c_upheld_overturn(): d = _load(); cell = next(c for c in d[""cells""] if c[""id""] == ""W4-304c""); assert cell[""verdict""] == ""RESOLVED-A""; assert cell[""upheld""] is True | :31-34 test_oi146_fix_upheld ... | :37-44 test_false_chord_positive_caught: assert cell[""upheld""] is False | :46-51 test_chord_wave_shape: cells = {c[""id""]: c for c in d[""cells""]}; upheld = sorted(...)"	tests/test_b773_chord.py
2352	E022	TEST:tests/test_b774_chordpass.py	SELF_REFERENTIAL_LOCK	HOLDS	UNCAUGHT	Both named tests read counts/verdicts straight from stageA_scan.json/stageB_results.json and assert on them without independent recomputation, exactly as flagged; the file's other two tests (trap detector, symmetric-alternating) do independent work but are not the ones named.	"tests/test_b774_chordpass.py:8-14 test_stageA_structural_immune_majority(): d = json.loads((ARC / ""stageA_scan.json"").read_text()); assert d[""total_scanned""] == 174 ... | :19-26 test_stageB_all_harden_zero_overturns(): d = json.loads((ARC / ""stageB_results.json"").read_text()); cells = d[""cells""]; assert all(c[""verdict""] == ""HARDENS"" for c in cells); assert all(c[""upheld""] for c in cells)"	tests/test_b774_chordpass.py
2356	E056	TEST:tests/test_b776_b685.py	SELF_REFERENTIAL_LOCK	HOLDS	UNCAUGHT	Both named tests read verdict/upheld/anchor_reproduced/five_appears fields straight out of the arc's own stored results.json cells and assert them against the values already recorded there, so the arc's own prior claims cannot be contradicted by this lock.	"tests/test_b776_b685.py:26-33: def test_symprod_anchor_reproduced_through_105(): /     r = json.loads((ARC / ""cells"" / ""B776-symprod"" / ""results.json"").read_text()) /     ... /     assert r.get(""anchor_reproduced"", True) is True /     assert r.get(""five_appears"", False) is False / tests/test_b776_b685.py:36-42: def test_b776_both_upheld_no_reversal(): /     d = json.loads((ARC / ""results.json"").read_text()) /     cells = {c[""id""]: c for c in d[""cells""]} /     assert cells[""B776-r7""][""upheld""] and cells[""B776-r7""][""verdict""] == ""RESOLVED-A"""	/home/user/origin-axiom/tests/test_b776_b685.py
2358	E023	TEST:tests/test_b778_cleanup.py	SELF_REFERENTIAL_LOCK	HOLDS	UNCAUGHT	test_w5139_genus_41_reproduced and test_h133_genuine_zero_hardens assert r['verdict'] pulled straight from the arc's own stored results.json with no independent recomputation of the verdict itself; test_cleanup_partial_shape likewise reads its shape from the arc's own partial_results.json. No fence in the test file scopes this as a shape-check only; nothing recomputes the verdict from source data.	"tests/test_b778_cleanup.py:16-17: r = json.loads((ARC / ""cells"" / ""CL-W5139"" / ""results.json"").read_text())\n    assert r[""verdict""] == ""RESOLVED-A"" | :24: assert r[""verdict""] == ""RESOLVED-B""  # HARDENS | :28-31: d = json.loads((ARC / ""partial_results.json"").read_text())\n    banked = {c[""id""] for c in d[""cells""]}"	
2362	E023	TEST:tests/test_b781_sister.py	SELF_REFERENTIAL_LOCK	HOLDS	UNCAUGHT	verdict, distinguished, and the homology fields are read straight from the arc's own stored results.json with no independent recomputation in this test; only the separate test_monodromy_trace_homology_mechanism (lines 10-19) does independent sympy computation, but it never touches results.json. No fence in the file scopes the verdict-reading test as a shape-only check.	"tests/test_b781_sister.py:22-27: def test_sister_residual_closed():\n    d = json.loads((ARC / ""results.json"").read_text())\n    assert d[""verdict""] == ""RESOLVED-A""\n    assert d[""distinguished""]\n    assert d[""m004_homology""] == ""Z"" and ""5"" in d[""m003_homology""]\n    assert d[""m004_monodromy_trace""] == 3"	
2364	E055	TEST:tests/test_b782_c22.py	SELF_REFERENTIAL_LOCK	HOLDS	SELF_CAUGHT	test_c22_banked does read chain_link/verdict/action_free/no_equivariant_section straight from the arc's own results.json exactly as flagged, but the file's own B784 audit docstring already labels the whole file 'NOT a regression lock' with no failable content and points to test_b766_torsor.py as the real check — the self-referential nature is disclosed at the top of the file rather than presented as a meaningful lock.	"tests/test_b782_c22.py:1-6: 'B782 -- C22 DEFINITIONAL IDENTITY CHECK (NOT a regression lock). AUDIT (B784, 2026-07-24): this file asserts a TAUTOLOGY ... The failable content lives in tests/test_b766_torsor.py (C20's rank-3 faithfulness). Retained as a definitional identity check only.' Code (lines 27-30): 'def test_c22_banked(): d = json.loads((ARC / ""results.json"").read_text()); assert d[""chain_link""] == ""C22"" and d[""verdict""] == ""RESOLVED-A"" ...'"	tests/test_b782_c22.py
2366	E056	TEST:tests/test_b783_c23.py	SELF_REFERENTIAL_LOCK	HOLDS	UNCAUGHT	This test only re-reads its own arc's stored wave1_results.json verdict/upheld fields and asserts they equal what was already banked; a stranger who disagreed with the prose cannot make it fail. The file's own header note documents a prior self-correction of a different vacuous lock in this file but this third test itself remains unfenced as such.	"tests/test_b783_c23.py:38-41: / def test_c23_banked_from_wave1(): /     d = json.loads((ARC / ""wave1_results.json"").read_text()) /     cell = next(c for c in d[""cells""] if c[""id""] == ""P2-T1MOVER"") /     assert cell[""verdict""] == ""RESOLVED-B"" and cell[""upheld""] is True"	/home/user/origin-axiom/tests/test_b783_c23.py
2370	E024	TEST:tests/test_b794_congruence.py	SELF_REFERENTIAL_LOCK	HOLDS	UNCAUGHT	The test opens trace_norm_split.json and asserts on its pre-tabulated report fields (n_traces, norms, mod4_classes) with no code in this file recomputing the trace/norm split from the group elements. The docstring (lines 99-109) presents the reconciliation ('cc3's trace-level exclusives = 139 traces...') as an established fact sourced from that artifact, without noting the test itself never recomputes it -- no fence or scope statement anywhere in the file.	tests/test_b794_congruence.py:112-118: import json / import os / here = os.path.dirname(os.path.abspath(__file__)) / path = os.path.join(here, os.pardir, 'frontier', 'B794_congruence_level4', 'trace_norm_split.json') / with open(path) as f: rep = json.load(f)['report'] ... tests/test_b794_congruence.py:122-124: assert only4['n_traces'] == 139 / assert len(only4['norms']) == 37 / assert [n for n in only4['norms'] if n % 2] == [7]	
2378	E024	TEST:tests/test_b808_empty_cells.py	SELF_REFERENTIAL_LOCK	HOLDS	UNCAUGHT	All three tests call _r() to load null_test.json and assert directly on its verdict/artifact/real/p_full fields; none recomputes the underlying gap statistic from raw data in this file, and no docstring notes or scopes that limitation.	"tests/test_b808_empty_cells.py:8-9: def _r(): return json.loads((ARC / ""null_test.json"").read_text()) ... :14-15: assert r[""verdict""] == ""VACUOUS"" / assert r[""artifact""] >= 30"	
2379	E024	TEST:tests/test_b809_kappa.py	SELF_REFERENTIAL_LOCK	HOLDS	UNCAUGHT	Both named tests read kappa/gate/n/disagreements straight from kappa.json. test_kappa_is_computed_not_asserted (lines 20-24) only reconstructs kappa from the same file's stored p_o/p_e, never from raw ratings, so it mitigates a hand-edit but not the lack of independent recomputation the flag describes; no test or docstring states this limitation.	"tests/test_b809_kappa.py:13-17: def test_kappa_meets_the_sealed_gate(): k = _k() / assert k[""gate""] == GATE ... :27-32: def test_the_two_disagreements_are_the_known_vocabulary_boundaries(): k = _k() / assert set(k[""disagreements""]) == {""B212"", ""B420""}"	
2381	E024	TEST:tests/test_b812_path_map.py	SELF_REFERENTIAL_LOCK	HOLDS	UNCAUGHT	All four tests operate on _m(), i.e. map.json's own S/V/C/M/killed_by/reason fields, with no recomputation of the axis classification from primary derivations in this file; no fencing text acknowledges this.	"tests/test_b812_path_map.py:8-9: def _m(): return json.loads((ARC / ""map.json"").read_text()) ... :19-26: def test_the_dominant_blocker_is_M_not_a_proved_wall(): ... c = Counter(t[""killed_by""] for t in _m()) / assert c[""M""] >= c[""S""] + c[""V""] ... assert c[""M""] == 5 and c[""C""] == 3"	
2391	E025	TEST:tests/test_b830_masterplan.py	SELF_REFERENTIAL_LOCK	HOLDS	SELF_CAUGHT	"Both tests do read the fields straight off the arc's own kill_graph.json, but the test's own name (""...no_longer_contradicts_its_own_note"", and the second test's docstring ""the general defect: a machine-readable field contradicting the note in the same record"") states plainly that this is an internal-consistency check on the record's own fields, not a claim of independent physical verification."	"tests/test_b830_masterplan.py:32: ""def test_b731_revival_score_no_longer_contradicts_its_own_note():"" (reads revival_score/note straight from frontier/B738_pathfinder_compiler/kill_graph.json)"	tests/test_b830_masterplan.py;PROGRESS_LOG.md
2392	E025	TEST:tests/test_b831_retraction_targets.py	SELF_REFERENTIAL_LOCK	HOLDS	SELF_CAUGHT	The docstring is a direct, explicit fence naming exactly the scope the flag describes -- this checks self-consistency between two authored files, and says so in its own text.	"tests/test_b831_retraction_targets.py:32-33: ""def test_both_targets_agree_with_their_own_findings_headers():\n    \""\""\""The verdicts are read OFF the arcs, not invented -- each file says so itself.\""\""\"""""	tests/test_b831_retraction_targets.py
2424	E026	TEST:tests/test_b906_flavor.py	SELF_REFERENTIAL_LOCK	HOLDS	UNCAUGHT	The comment claims the lock 're-derives from the invariant statement,' but the assert only checks a substring of the same stored results.json field also asserted (as 'PROVED' verdict) in test_instant_convergences -- there is no independent recomputation from the pickle or from the d1 list the comment describes; the test name and comment narrate a re-derivation the code does not perform, rather than fencing the limitation.	"tests/test_b906_flavor.py:34-39: ""def test_w4_theorem_recheck_from_the_tower_pickle():\n    # det14's gamma-coefficient identically zero -- exact, from banked coefficients\n    # (the pickle lives in the session scratchpad; the lock re-derives from the\n    # invariant statement: their d1 list summed against three distinct rationals)\n    r = _res()[\""instant_convergences\""][\""w4_det14_gamma_free\""]\n    assert \""identically zero\"" in r[\""check\""]"""	tests/test_b906_flavor.py
2438	E027	TEST:tests/test_b943_priority.py	SELF_REFERENTIAL_LOCK	HOLDS	UNCAUGHT	Four of the file's ten tests (index relation, B791 reproduction, lambda2-below-parent, precedent refutation) read values only from B943's own results.json and assert them back against themselves, with no recomputation in the test; nothing in the file names this as a limitation of the lock itself (the other tests cross-check B922's files or FINDINGS prose, but that does not fence the self-check ones).	"tests/test_b943_priority.py:15-19: ""def test_the_index_relation_is_reproduced_from_humbert_not_asserted():\n    r = _res()\n    assert r[\""index_is_12\""] is True\n    assert abs(float(r[\""index_ratio\""]) - 12.0) < 1e-9"""	tests/test_b943_priority.py;frontier/B943_maass_priority_correction/results.json
2439	E027	TEST:tests/test_b944_sweep.py	SELF_REFERENTIAL_LOCK	HOLDS	UNCAUGHT	Every numeric/boolean assertion in this file (tallies, census membership, mirror/inverse, conjugator determinants, matrix_level_decides) is read straight from B944's own results.json with no independent recompute; only the last test checks FINDINGS.md prose instead. Nothing in the file flags that these are stored-value checks rather than fresh verification.	"tests/test_b944_sweep.py:19-25: ""def test_both_corpora_are_large_and_mostly_positive():\n    t = _res()[\""tally\""]\n    assert t[\""chirality\""][\""total\""] >= 100..."" and lines 39-46: ""def test_the_matrix_level_does_NOT_decide_the_one_Z2_question():\n    s = _res()[\""scoping\""]\n    ...\n    assert s[\""matrix_level_decides\""] is False"""	tests/test_b944_sweep.py;frontier/B944_dynamics_chirality_sweep/results.json
2440	E057	TEST:tests/test_b945_l126.py	SELF_REFERENTIAL_LOCK	HOLDS	UNCAUGHT	cell1-cell4 numeric/boolean asserts (13, 18, 241, etc.) are all checked only against the arc's own results.json (via _res()), not recomputed in the test; no fencing text in the test file, FINDINGS.md, or PREREGISTRATION.md names this circularity, so it is uncaught.	"tests/test_b945_l126.py:64-70: def test_cell3_the_locked_class_exists_and_is_the_majority():\n    r = _res()\n    full = r[""cell3_amphichiral_with_full_V""]\n    diag = r[""cell3_amphichiral_diagonal_only""]\n    assert full == 13 and diag == 18 ... assert r[""cell3_n_cyclic_classes""] == 241"	tests/test_b945_l126.py;frontier/B945_l126_one_z2/FINDINGS.md;frontier/B945_l126_one_z2/PREREGISTRATION.md
2441	E051	TEST:tests/test_b946_handoff6.py	SELF_REFERENTIAL_LOCK	HOLDS	UNCAUGHT	Every numeric assertion in the test file (thinning primes, lambda_forced, Frobenius classes) is a bare equality check against results.json with no recomputation inside the test; the actual independent computation lives in verify.py, which the test suite never invokes, and neither the test file nor FINDINGS.md/arc_verdict.json flags this test-vs-computation gap, so the lock stands unfenced.	"tests/test_b946_handoff6.py:39-45 test_the_thinning_law: ""assert r[\""residual_primes_degree1\""] == [13, 421493]"" ... (all via r = json.loads(results.json)); :32-36 test_lambda_is_FORCED_not_assumed: ""assert r[\""lambda_forced\""] == \""2304/953\""""; :71-80 test_the_residue_primes_are_class_sorted...: all values read via _res()."	tests/test_b946_handoff6.py;frontier/B946_solo_handoff6/FINDINGS.md;frontier/B946_solo_handoff6/arc_verdict.json;frontier/B946_solo_handoff6/verify.py
2442	E027	TEST:tests/test_b947_thinning.py	SELF_REFERENTIAL_LOCK	HOLDS	UNCAUGHT	The family pass/fail split (5 hold, kappa_compact/mu_charge fail) is asserted purely from B947's own results.json with no recomputation of the underlying family statistics in the test; the file's other tests hash-check PREREGISTRATION.md and grep FINDINGS.md prose, but none of that fences this particular self-check.	"tests/test_b947_thinning.py: ""def test_five_hold_and_two_fail():\n    r = _res()\n    assert r[\""verdict\""] == \""SPECIAL\""\n    assert sorted(r[\""failures\""]) == [\""kappa_compact\"", \""mu_charge\""]\n    holds = [k for k, v in r[\""families\""].items() if v[\""pattern_holds\""]]\n    assert len(holds) == 5"""	tests/test_b947_thinning.py;frontier/B947_thinning_law/results.json
2443	E027	TEST:tests/test_b949_ignorance.py	SELF_REFERENTIAL_LOCK	HOLDS	UNCAUGHT	The obstacle_table counts and the resolved_pct ordering that names bridge_construction the objective frontier are asserted directly from B949's own results.json with no independent recompute in the test; the file does separately cross-check docs/UNIQUENESS_THEOREM.md prose for the source_free item, but that does not fence the counts/ordering checks.	"tests/test_b949_ignorance.py:26-27: ""def test_the_obstacle_table_covers_every_type():\n    r = _res()\n    assert r[\""corpus_size\""] >= 860\n    assert len(r[\""obstacle_table\""]) == 11"" and :32-40: ""def test_bridge_construction_is_the_objective_frontier():\n    r = _res()\n    t = r[\""obstacle_table\""][\""bridge_construction\""]\n    assert t[\""banked\""] == 5 and t[\""dead\""] == 8 and t[\""total\""] == 14\n    assert r[\""objective_frontier\""] == \""bridge_construction\""\n    for ob, row in r[\""obstacle_table\""].items():\n        ...\n        assert row[\""resolved_pct\""] > t[\""resolved_pct\""]"""	tests/test_b949_ignorance.py;frontier/B949_ignorance_map/results.json
2444	E057	TEST:tests/test_b951_b954.py	SELF_REFERENTIAL_LOCK	HOLDS	UNCAUGHT	test_the_odd_part_is_not_an_algebra and test_theta_is_a_rank_reducer_... read the B954 booleans purely from the arc's own results.json via _res(), with no independent recomputation; grep of B954's FINDINGS.md for admissions of this circularity found nothing, so it is uncaught.	"tests/test_b951_b954.py:44-50: def test_the_odd_part_is_not_an_algebra():\n    r = _res()\n    assert r[""even_part_is_a_subalgebra""] is True\n    assert r[""odd_part_is_a_subalgebra""] is False\n    assert r[""can_restrict_to_odd_branch""] is False\n    assert r[""bracket_rules""][""[odd,odd]""] == ""even""\n    assert r[""dim_check""] is True"	tests/test_b951_b954.py;frontier/B954_both_branches/FINDINGS.md
2445	E028	TEST:tests/test_b952_rank.py	SELF_REFERENTIAL_LOCK	HOLDS	UNCAUGHT	The test never independently computes a rank, centralizer, or torus dimension -- it only re-reads booleans and a prose string that were hand-written into results.json by the same arc. No fence in the test file or FINDINGS.md acknowledges this circularity.	"tests/test_b952_rank.py:32-37: def test_the_cascade_preserves_rank_and_therefore_cannot_reach_the_SM(): r = _res(); assert r[""SMT_preserves_rank_of_E6""] is True; assert r[""SM_rank_is_lower""] is True; assert r[""measurement_can_reduce_rank""] is False; assert ""maximal torus"" in r[""theorem""]"	tests/test_b952_rank.py;frontier/B952_gut_ledger_rank/results.json
2447	E058	TEST:tests/test_b956_l133.py	SELF_REFERENTIAL_LOCK	HOLDS	UNCAUGHT	There is no computation script in the arc_dir at all -- results.json is a hand-authored record, and every test assertion is an equality check against that same file. FINDINGS.md's 'Honest limits' discloses citation of standard facts (Zariski-dense-implies-centre, centre=Z/3) but never states that the ranks/counts themselves are unverified by any independent check, so the verdict's factual assertions stand un-fenced against the self-referential-lock gap the flag names.	"tests/test_b956_l133.py:27-32: def test_the_target_is_strictly_between_two_computed_regimes(): r = _res(); assert r[""regimes_the_object_has""][""abelian_torus_data""][""rank""] == 6 ... assert r[""target_is_strictly_between""] is True -- and tests/test_b956_l133.py:57-61 read r[""repo_status""][...] the same way. No script in frontier/B956_l133_analysis (only FINDINGS.md/arc_verdict.json/results.json) recomputes these; arc_verdict.json:3 verdict is ""PROVED""."	tests/test_b956_l133.py;frontier/B956_l133_analysis/FINDINGS.md;frontier/B956_l133_analysis/arc_verdict.json
2448	E058	TEST:tests/test_b957_l124.py	SELF_REFERENTIAL_LOCK	HOLDS	UNCAUGHT	The FINDINGS.md prose shows the Legendre-symbol arithmetic ((-3|5)=-1, (5|3)=-1) as text, but no executable in the cell reproduces it and the test only reads the boolean fields back from results.json -- the test's own name asserts 'computed not cited' as an epistemic upgrade that the test cannot itself verify, and no fence in FINDINGS/verdict flags that gap.	"tests/test_b957_l124.py:34-38: def test_the_fields_are_mutually_blind_computed_not_cited(): r = _res(); assert r[""five_inert_in_Q_sqrt_minus3""] is True; assert r[""three_inert_in_Q_sqrt5""] is True; assert r[""fields_are_mutually_blind""] is True. No script in frontier/B957_l124_torsor computes a Legendre symbol; only FINDINGS.md/arc_verdict.json/results.json exist."	tests/test_b957_l124.py;frontier/B957_l124_torsor/FINDINGS.md;frontier/B957_l124_torsor/arc_verdict.json
2449	E028	TEST:tests/test_b958_presence.py	SELF_REFERENTIAL_LOCK	HOLDS	UNCAUGHT	"The test checks the arithmetic identity 78-62=16 using the literal 78 and the stored stacked_ad_rank=62 both read from results.json -- it never re-invokes frontier/B854_centralizer_exact/e6_centralizer.py to recompute the rank-62 figure independently. FINDINGS.md documents that 62 was originally computed via that script (""Computed exactly on our own instrument""), and fences the overall claim as 'necessary, not sufficient' for the presence side -- but neither the test nor FINDINGS fences the narrower point that the in-test check is a read-back, not a recomputation."	"tests/test_b958_presence.py:19-23: def test_the_colour_centralizer_was_computed_here(): c = _res()[""consistency_test_run""]; assert c[""dim_e6""] == 78 and c[""stacked_ad_rank""] == 62; assert c[""dim_centralizer""] == 78 - 62 == 16; assert c[""passed""] is True"	tests/test_b958_presence.py;frontier/B958_presence_scope/results.json;frontier/B958_presence_scope/FINDINGS.md;frontier/B854_centralizer_exact/e6_centralizer.py
2450	E029	TEST:tests/test_b959_nontoral.py	SELF_REFERENTIAL_LOCK	HOLDS	UNCAUGHT	The test never recomputes the 63 sign-gradings or hatch ranks; it only reads _res() = json.loads(results.json). No file in this cell (FINDINGS.md/arc_verdict.json/PREREGISTRATION.md) fences this as a lock-only check -- the census is asserted as an established computed fact throughout, so the test's own docstring ('B959 locks') presents it as a verified result, not flagged as circular.	"tests/test_b959_nontoral.py:56-60: def test_inner_involutions_all_fix_the_full_cartan(): /     c = _res()[""cell2_inner_involutions""] /     assert c[""sign_gradings_tested""] == 63 / ... :71-76: def test_the_hatch_has_elementary_abelian_rank_at_most_two(): h = _res()[""cell4_hatch_ranks""] ... assert h[""max_over_hatch""] == 2 -- frontier/B959_nontoral_rank4/FINDINGS.md:26-27: ""All 63 sign-gradings of the E6 root system were built. Every one fixes the full Cartan"""	
2451	E058	TEST:tests/test_b960_l136.py	SELF_REFERENTIAL_LOCK	HOLDS	UNCAUGHT	FINDINGS.md's limits section says 'only the lattice-membership computation was run here' (implying it was actually executed), but no code performing that computation is present in the arc_dir, and the test only checks the stored booleans -- the verdict ('L136 CLOSED') asserts this as an established computed fact with no fence acknowledging the test cannot independently confirm it.	"tests/test_b960_l136.py:17-22: r = _res(); assert r[""cartan_det""] == 3; assert r[""the_27_highest_weight_in_root_lattice""] is False; assert r[""adjoint_form_has_a_27""] is False. No script in frontier/B960_l136_adjoint runs this Cartan/lattice computation; only FINDINGS.md/arc_verdict.json/results.json exist."	tests/test_b960_l136.py;frontier/B960_l136_adjoint/FINDINGS.md;frontier/B960_l136_adjoint/arc_verdict.json
2452	E029	TEST:tests/test_b961_frame.py	SELF_REFERENTIAL_LOCK	HOLDS	UNCAUGHT	frame.py does perform a real computation and writes results.json (frame.py:191-195), so the underlying numbers are genuinely computed somewhere -- but the test itself never calls killing()/derived() again, it only reads the cached results.json, so the pytest 'reproduces from scratch' claim is checked circularly. FINDINGS.md's 'Honest limits' section (lines 65-71) discloses different limitations (instrument-not-result, presence side, self_test not a general proof) but never flags that the pytest lock itself does not rerun the Killing-form computation.	"tests/test_b961_frame.py:29-35: def test_it_reproduces_B892s_three_numbers_from_scratch(): """"""dim 14, derived 11, centre 3 -- the first independent derivation here."""""" r = _res() ... assert r[""matches_B892_numbers""] is True -- frontier/B961_frame_instrument/FINDINGS.md:42-44: ""B892's three numbers ... are now derivable from scratch on this bench. That is the first time"""	
2453	E029	TEST:tests/test_b963_tau.py	SELF_REFERENTIAL_LOCK	HOLDS	UNCAUGHT	tau_nontrivial (computed_here.tau_nontrivial, inner_sign_gradings_tested) and the entire THE_SCOPE_CORRECTION dict are read only from results.json via _res(); the test never recomputes tau's order/node-swap or re-derives the scope argument. FINDINGS.md documents the scope correction narratively (§3, lines 57-81) as fact, with no note that the pytest lock only checks the stored dict rather than rerunning any computation.	"tests/test_b963_tau.py:30-37: def test_the_scope_correction_is_the_load_bearing_content(): r = _res()[""THE_SCOPE_CORRECTION""] assert ""NO INTERMEDIATE REGIME"" in r[""what_I_nearly_banked""] ... assert ""B959"" in r[""why""]"	
2454	E029	TEST:tests/test_b964_correction.py	SELF_REFERENTIAL_LOCK	HOLDS	UNCAUGHT	No computation script exists under frontier/B964_vev_correction/ (only FINDINGS.md, arc_verdict.json, results.json, ADDENDUM) -- results.json's error_1/error_2/the_corrected_picture text is hand-authored prose duplicated into JSON, and the test only checks that duplication matches itself, never re-deriving the branching (78->45+16+16bar+1 etc.) independently. FINDINGS.md's own text (§1-§2) presents the corrections as established fact with no fence noting the test only checks the arc's own stored strings.	"tests/test_b964_correction.py:23-30: def test_adjoint_VEV_and_centralizer_are_the_same_operation(): """"""The substantive correction."""""" r = _res()[""error_2""] assert ""SAME OPERATION"" in r[""what_was_wrong""] ... p = _res()[""the_corrected_picture""] assert ""rank-PRESERVING"" in p[""object_supplies""]"	
2455	E029	TEST:tests/test_b965_scope_audit.py	SELF_REFERENTIAL_LOCK	PARTLY	UNCAUGHT	Holds for the audit's coverage counts (claim_rows, rows_flagged, fixes_applied, older_rows_flagged) which come only from results.json with no independent re-scan of LAW_MAP.md's 165 rows in the test; but test_fix1/test_fix2/test_fix3 (lines 31-46) DO independently read LAWMAP.read_text() and check the corrected wording directly, so the lock is not fully self-referential -- only the top-line counts are. Neither results.json nor FINDINGS.md flags that the count claims themselves are unverified by rescan; FINDINGS §6 'Honest limits' instead discusses the keyword heuristic's blind spots, a different caveat.	"tests/test_b965_scope_audit.py:18-21: def test_the_audit_covered_the_whole_surface(): r = _res() assert r[""claim_rows""] >= 160 assert r[""rows_flagged""] == 5 and r[""fixes_applied""] == 3 -- frontier/B965_lawmap_scope_audit/FINDINGS.md:23-27: ""claim rows audited | 165 | rows flagged | 5 ... flagged rows written today | 5"""	
2456	E030	TEST:tests/test_b969_kato.py	SELF_REFERENTIAL_LOCK	HOLDS	UNCAUGHT	Every discriminant/isomorphism assertion in the test is read straight from B969's own stored results.json (isomorphic_to_K, mu_factor_degrees, disc_mu) with no independent number-field computation (e.g. no sympy/pari recompute of the cubic discriminant or splitting field) performed in the test file itself; the test asserts these as locked facts without any such disclaimer.	"tests/test_b969_kato.py:14-30: ""def _res():\n    return json.loads((CELL / \""results.json\"").read_text(...))\n\ndef test_all_three_cubics_carry_mus_signature():\n    r = _res()\n    assert r[\""disc_mu\""] == 6237 ...\ndef test_the_isomorphism_holds_three_for_three():\n    r = _res()\n    for c in r[\""cubics\""]:\n        assert c[\""mu_factor_degrees\""] == [1, 2]\n        assert c[\""isomorphic_to_K\""] is True"""	
2458	E030	TEST:tests/test_b975_render_audit.py	SELF_REFERENTIAL_LOCK	HOLDS	UNCAUGHT	Both the B940 'SAFE'/'CHECKED_HERE' claim and the C3 'VERIFIED_HERE' claim are read only from B975's own results.json fields, with no independent recomputation of phase-invariance or tolerance error inside the test; the field names assert verification without the test itself doing any checking.	"tests/test_b975_render_audit.py:17-34: ""def test_B940_is_cleared_with_a_reason_not_a_hope():\n    c = _res()[\""C2_global_phase_contamination\""][\""B940_CHECKED_HERE\""]\n    assert c[\""verdict\""] == \""SAFE\"" ...\ndef test_C3_was_verified_here_not_accepted():\n    r = _res()[\""C3_tolerance_error\""]\n    assert set(r[\""VERIFIED_HERE\""]) == {\""97\"", \""91\"", \""84\""}\n    assert r[\""the_finding_stands\""] is True"""	
2459	E030	TEST:tests/test_b976_recovery.py	SELF_REFERENTIAL_LOCK	HOLDS	UNCAUGHT	The citation-loss counts (arcs_in_range, uncited_on_any_surface, cascade_arcs_cited_on_any_surface) are pulled directly from B976's results.json; the test contains no independent grep/scan of the docs for citations of the 60 arcs -- it only checks that the stored numbers satisfy inequalities, despite the test name claiming the loss was 'quantified not asserted'.	"tests/test_b976_recovery.py:19-23: ""def test_the_loss_was_quantified_not_asserted():\n    r = _res()\n    assert r[\""arcs_in_range\""] == 60\n    assert r[\""uncited_on_any_surface\""] >= 35\n    assert r[\""cascade_arcs_cited_on_any_surface\""] <= 2"""	
2460	E030	TEST:tests/test_b978_phasea.py	SELF_REFERENTIAL_LOCK	HOLDS	UNCAUGHT	The lead dispositions (L134/L132/L137/L135 verdicts) and the V5 'how_verified' method string are both read only from B978's results.json string fields; the test checks that the stored text says the right words (e.g. 'LATTICE MEMBERSHIP', 'ORDER 3') rather than independently redoing the lattice-membership computation or the disposition logic.	"tests/test_b978_phasea.py:18-36: ""def test_all_four_leads_closed():\n    d = _res()[\""dispositions\""]\n    assert set(d) == {\""L134\"", \""L132\"", \""L137\"", \""L135\""}\n    assert \""CLOSED\"" in d[\""L134\""][\""verdict\""] ...\ndef test_V5_was_verified_by_lattice_membership_not_accepted():\n    v = _res()[\""V5_VERIFIED_HERE\""]\n    assert \""LATTICE MEMBERSHIP\"" in v[\""how_verified\""]"""	
2461	E051	TEST:tests/test_b979_a7.py	SELF_REFERENTIAL_LOCK	HOLDS	UNCAUGHT	The load-bearing verdict and 'fourth instance' claim are checked only by reading stored strings from results.json / grepping FINDINGS.md text, not by any computation; only the separate conjugacy/eigenvalue and phi-polynomial facts (test_LR_and_RL_are_conjugate..., test_the_golden_polynomial_carries_phi) are independently recomputed via sympy. Neither the test file nor FINDINGS.md fences this split, so the verdict-bearing assertions remain an unflagged self-referential lock.	"tests/test_b979_a7.py:19-20 test_A7_is_load_bearing: ""assert _res()[\""verdict\""].startswith(\""NO\"")""; :47-50 test_the_fourth_instance_is_recorded: ""assert \""fourth\"" in _res()[\""fourth_instance\""].lower(); assert contains(CELL / \""FINDINGS.md\"", ...)"""	tests/test_b979_a7.py;frontier/B979_L131_A7/FINDINGS.md
2462	E052	TEST:tests/test_b980_k3_conflation.py	SELF_REFERENTIAL_LOCK	HOLDS	UNCAUGHT	No script that computes Vol(4_1)/CS or the gauge-group provenance is committed anywhere in the worktree (only FINDINGS.md/arc_verdict.json/results.json exist under frontier/B980_k3_conflation/); these two tests only read fields back out of the static results.json, so they lock in the stored numbers rather than recomputing them. Nothing in the test file or FINDINGS.md fences this as a known limitation.	"tests/test_b980_k3_conflation.py:51-56: def test_object_complex_volume_and_zero_CS(): /     r = _res()[""cell3_complex_volume""] /     assert r[""matches_known_2.029883212819307""] is True /     assert r[""CS""] == 0 ... tests/test_b980_k3_conflation.py:37-42: def test_the_defect_is_provenance_not_gauge_group(): /     c = _res()[""cell4_which_k""] /     assert c[""same_gauge_group_as_Smolin""] is True"	tests/test_b980_k3_conflation.py;frontier/B980_k3_conflation/results.json;frontier/B980_k3_conflation/FINDINGS.md;frontier/B980_k3_conflation/arc_verdict.json
2463	E031	TEST:tests/test_b981_two_ended.py	SELF_REFERENTIAL_LOCK	HOLDS	SELF_CAUGHT	"The test literally reads verdict==""PROVED"" from the arc's own arc_verdict.json, matching the flag exactly. But the docstring itself names and defends the circularity (auditor exception, B818 precedent) rather than hiding it, so it is a fenced/scoped self-check, not a silent lock."	"tests/test_b981_two_ended.py:13-17: def test_verdict_is_PROVED_because_this_arc_is_an_auditor(): /     """"""B818: an auditor establishing that ANOTHER claim fails is positive work, not a /     self-retraction. This arc's own headline -- the object spans all three curvature signs -- /     stands; what it withdraws is a session claim that never entered a tracked file."""""" /     assert json.loads((CELL / ""arc_verdict.json"").read_text())[""verdict""] == ""PROVED"""	/home/user/origin-axiom/tests/test_b981_two_ended.py
2469	E001	TEST:tests/test_p3_depth_exposure.py	SELF_REFERENTIAL_LOCK	HOLDS	SELF_CAUGHT	Every test loads results.json and cross-checks only against kill_graph.json/bprime_annotations.json, with no independent recomputation, exactly as flagged. But the file and its downstream citations consistently call these '13 locks' rather than verification/proof, which is the campaign's own honest term-of-art for a regression check on stored values, not a claim of independent confirmation.	"test_p3_depth_exposure.py:1: ""\""\""\""P3 depth-exposure stratum -- locks for the E22 re-adjudication.\""\""\"""" / test_p3_depth_exposure.py:10,15,20: opens only results.json, kill_graph.json, bprime_annotations.json / FINDINGS.md:115: ""- `tests/test_p3_depth_exposure.py` (13 locks, all passing)"" / docs/SEAL_LEDGER.md:378: ""Double-method, no HALT; 13 locks; re-exec IDENTICAL at the gate."""	tests/test_p3_depth_exposure.py;frontier/P3_depth_exposure/FINDINGS.md;docs/SEAL_LEDGER.md
2489	E000	TEST:tests/test_w2_molien_cell.py	SELF_REFERENTIAL_LOCK	HOLDS	UNCAUGHT	Both functions literally only grep the arc's own markdown for expected substrings, with no independent recomputation of the LOCKED status or the 2/5, 3/5 landing classes; the test file gives no caveat that these two assertions are weaker than the file's sibling test (test_decisive_identities_exact), which does perform real sympy computation.	"tests/test_w2_molien_cell.py:11-17: ""def test_artifacts_present_and_step_iii_locked(): ... s = open(os.path.join(_B, \""W2_CELL_STATUS.md\"")).read(); assert \""LOCKED\"" in s""; :31-33: ""def test_support_landing_recorded(): s = open(os.path.join(_B, \""step_ii_support.md\"")).read(); assert \""2/5\"" in s and \""3/5\"" in s"""	/tmp/claude-0/-home-user-origin-axiom/def55705-87fb-5c25-8c65-d57916765de8/scratchpad/wt_main/tests/test_w2_molien_cell.py;/tmp/claude-0/-home-user-origin-axiom/def55705-87fb-5c25-8c65-d57916765de8/scratchpad/wt_main/frontier/B674_generation_leg/w2_molien_cell/W2_CELL_STATUS.md;/tmp/claude-0/-home-user-origin-axiom/def55705-87fb-5c25-8c65-d57916765de8/scratchpad/wt_main/frontier/B674_generation_leg/w2_molien_cell/step_ii_support.md
2491	E002	TEST:tests/test_w2_step3_kill.py	SELF_REFERENTIAL_LOCK	HOLDS	UNCAUGHT	test_verdict_banked does exactly what the flag says: it opens the arc's own STEP3_VERDICT.md and asserts two substrings are present, which cannot independently establish the kill and only fails if the file is edited. Nothing in the test file or the verdict doc marks this particular test as non-independent verification (the file's other test, test_kill_arithmetic_exact, does real math but is a separate, unrelated check) -- the self-referential nature of test_verdict_banked is asserted uncaveated.	"tests/test_w2_step3_kill.py:10-13: def test_verdict_banked(): /     v = open(os.path.join(_B, ""STEP3_VERDICT.md"")).read() /     assert ""KILLED-AT-(iii)"" in v /     assert ""5-adic"" in v"	tests/test_w2_step3_kill.py;frontier/B674_generation_leg/w2_step3/STEP3_VERDICT.md
2492	E057	TEST:tests/test_wave_b931_b933.py	SELF_REFERENTIAL_LOCK	HOLDS	UNCAUGHT	Confirmed: test_b931_953_level_structure, test_b932_outcome_A and test_b933_probe_bracket each load only the arc's own results.json and grep for a substring, with no independent recomputation; no comment in the test file or the three arcs' FINDINGS.md names or fences this as a self-referential lock, so the test stands as an uncaught weak lock.	"tests/test_wave_b931_b933.py:19-21: def test_b931_953_level_structure():\n    r = json.load(open(os.path.join(FR, ""B931_why_953"", ""results.json"")))\n    t = json.dumps(r)\n    assert ""953"" in t and (""1/2"" in t or ""one-half"" in t or ""degener"" in t.lower())"	tests/test_wave_b931_b933.py;frontier/B931_why_953/FINDINGS.md;frontier/B932_chain_selection/FINDINGS.md;frontier/B933_spinor_hejhal_design/FINDINGS.md
