{
 "N": 372,
 "n_theta_fixed": 32,
 "dim_odd": 170,
 "Z": [
  1.0000000000000022,
  2.7200464103316335e-15
 ],
 "tr_odd": [
  8.881784197001252e-16,
  2.55351295663786e-15
 ],
 "off_block_norm": 4.9529646811470486e-15,
 "S_odd_sq_plus_I": 6.6947126188309884e-15,
 "B_odd_nonscalar": 13.038404858456898,
 "order_float": 60,
 "n_distinct_mags": 536,
 "ws_2K": [
  6.2916624e-08,
  2.948089e-07,
  4.764036483999999e-06,
  6.5655367840000005e-06,
  2.3503342864e-05,
  2.5289904783999995e-05,
  4.721842080400001e-05,
  5.4576435455999995e-05,
  6.37108081e-05,
  8.359384387600001e-05,
  8.549892960399999e-05,
  0.00010916944646399999,
  0.00016679546083599997,
  0.00017333733024400003,
  0.000264835802884,
  0.000278492620176,
  0.00037878854976399997,
  0.000379470784144,
  0.000392469672676,
  0.00041427759873599997,
  0.00043667778585599996,
  0.000476166242304,
  0.000516710818276,
  0.0005254684116639999,
  0.0005724344808360001,
  0.0007291008078759999,
  0.0007576727571360002,
  0.000835096234896,
  0.0008519806887840001,
  0.0009640372773160002,
  0.001015967234304,
  0.0010274984863359999,
  0.0010658167234560002,
  0.0011555820004,
  0.001270651981824,
  0.001288597306896,
  0.001381654491844,
  0.001518208408336,
  0.0015402845307239997,
  0.0016153901604,
  0.001817977608976,
  0.001956647035204,
  0.002066843273104,
  0.002340434903104,
  0.002433930731236,
  0.0024926347008639997,
  0.002523885078276,
  0.0029190337563239997,
  0.0029268024241,
  0.0031063780500639997,
  0.0034372789201000003,
  0.0034764199142560005,
  0.0037175310480999997,
  0.003722113601284,
  0.003942782094736,
  0.003980096820324,
  0.003983057977599999,
  0.004032521836996,
  0.004046228802575999,
  0.0043518632765440005,
  0.004571865028863999,
  0.0046965044481640005,
  0.004828505232996,
  0.004914264310596,
  0.004927938250816,
  0.005139171116676,
  0.0051597667661439995,
  0.005411057564224,
  0.0057636389745639996,
  0.006127337819716001,
  0.006177919033764,
  0.006372120781636,
  0.006525797230096,
  0.006720869591296,
  0.006790162370436001,
  0.006909832366336,
  0.006956838806724,
  0.007250342481315999,
  0.007284136779395999,
  0.007689739749443999,
  0.007707064345600001,
  0.007915208306404,
  0.0081572500881,
  0.008283874061584,
  0.008398322856196,
  0.008467774083136,
  0.008528958111843999,
  0.008718803428644001,
  0.00880605625,
  0.008951501512836,
  0.0090184294249,
  0.009271988460036,
  0.0093148871209,
  0.0103223408656,
  0.010557274646415999,
  0.010921861670976,
  0.011199892197376,
  0.011417289586703998,
  0.011980819214224002,
  0.012397680429156,
  0.013454517441600002,
  0.014134381623183999,
  0.014166340992399998,
  0.014589802515599997,
  0.015099861309315999,
  0.015388720739716,
  0.015390776379664002,
  0.016113175430884,
  0.016130087347984,
  0.016682421385744,
  0.016762702915983998,
  0.017084764090383998,
  0.017407469795076,
  0.017644183448004,
  0.018090169588516,
  0.018421418512324,
  0.019453074798096,
  0.019468232447524,
  0.0196680719169,
  0.019874584280464,
  0.020597855172196,
  0.020993606006884002,
  0.021276171012100005,
  0.021966544175104,
  0.022057957628099995,
  0.022093985779776004,
  0.0224782188544,
  0.023054536692195995,
  0.0236105612649,
  0.0238498419769,
  0.024386688370943994,
  0.024471740459664,
  0.025488483126544,
  0.026142032733184,
  0.026800479978724,
  0.027126930555904004,
  0.027639329465344,
  0.028094939817156002,
  0.028818172481535998,
  0.029514620445696,
  0.029877265320100002,
  0.029970456822784,
  0.030858047220003997,
  0.031095523184896,
  0.031310000745156,
  0.0321903043225,
  0.0326290003524,
  0.0329205127696,
  0.03344426874240399,
  0.033701554532416,
  0.033749895205156,
  0.034127655404544,
  0.03466781389184401,
  0.035714201490496,
  0.035930529547264,
  0.037087953840144,
  0.037488508401796,
  0.0381966025156,
  0.039868161887376,
  0.04018756128195601,
  0.040225987020816,
  0.04057195703054399,
  0.041521759412644,
  0.042229124579236006,
  0.043675153603523996,
  0.044210238250083994,
  0.0448902680004,
  0.045573354646416,
  0.0460655408656,
  0.046875685082723995,
  0.04771546273904401,
  0.047998153924900006,
  0.049182393416256,
  0.04998789772494399,
  0.050268894083136006,
  0.050928804419363996,
  0.05138019532800401,
  0.052634850880143996,
  0.05496196908595599,
  0.055563249013775996,
  0.05569027935846399,
  0.0569131430464,
  0.05704297518240001,
  0.057581902299076004,
  0.058231123188624,
  0.05835921006239999,
  0.05845834938963599,
  0.05858990059521599,
  0.058638899020816,
  0.058887697564224,
  0.059080468249924,
  0.0593325116176,
  0.060262864823056005,
  0.06035757853219601,
  0.06070304675865599,
  0.063660994118656,
  0.063845149779856,
  0.066717171491364,
  0.066729685542976,
  0.06684861121,
  0.067050778910116,
  0.06870244822563601,
  0.068853617604864,
  0.06892825170841602,
  0.069176414679696,
  0.069680455740324,
  0.0701645795449,
  0.0703818645721,
  0.07092311075539601,
  0.0710192167441,
  0.072360678354064,
  0.073635242885604,
  0.074042445363264,
  0.07443651707559999,
  0.074590617735396,
  0.07595558256249998,
  0.0763982631721,
  0.077872894491844,
  0.078091084391056,
  0.0782333174016,
  0.080787451617856,
  0.08086401312336401,
  0.080926972467364,
  0.08140911529,
  0.08177132756249998,
  0.082391420688784,
  0.08325511333177602,
  0.08497871419210001,
  0.087220357785856,
  0.08823183051239998,
  0.089316410941696,
  0.08934737423587599,
  0.09199867546083601,
  0.092523545015056,
  0.09333005191950398,
  0.09391559729203601,
  0.09595761927361598,
  0.09754671397747602,
  0.09936497136720401,
  0.09972866430777602,
  0.10000000000000002,
  0.103831657207524,
  0.105313036181796,
  0.106234620052324,
  0.107641372001296,
  0.11028977758723602,
  0.110557275802884,
  0.11220359846439999,
  0.1125046305124,
  0.11328204870721599,
  0.11552462010464401,
  0.118793040205284,
  0.119312540688784,
  0.12060111727731601,
  0.12060924398617599,
  0.12081755682361599,
  0.121089292467364,
  0.121390109927524,
  0.12479410079238398,
  0.126190353968704,
  0.126326674956196,
  0.127008707594596,
  0.12713410394137598,
  0.13081988327310398,
  0.13187651406249998,
  0.133333347564036,
  0.139496272209316,
  0.14059864620489998,
  0.141612094407744,
  0.142270552109284,
  0.142856853771076,
  0.143892308142144,
  0.1450692575809,
  0.14579905627398398,
  0.15059943143481602,
  0.15075139582339603,
  0.151934417564224,
  0.15239393890243602,
  0.1527864100624,
  0.15300017621697598,
  0.154367007500304,
  0.154796097957264,
  0.15690433361331596,
  0.15777022987824402,
  0.158575891806864,
  0.159935125730116,
  0.16666665408313602,
  0.167148801388816,
  0.16843704958889996,
  0.168827871850884,
  0.16891649831694402,
  0.16897129721881596,
  0.172745756585284,
  0.175062642303376,
  0.175541194646416,
  0.176334337460836,
  0.176644939334656,
  0.1778502296025,
  0.178088384440576,
  0.1791041536804,
  0.18110619030489997,
  0.18426210916512398,
  0.18728464429920402,
  0.18944274099239994,
  0.18997787029651597,
  0.190431223301124,
  0.19228597902528402,
  0.19345989154819604,
  0.19885427646489998,
  0.20085198979507596,
  0.20148939453241602,
  0.20162881055523604,
  0.20371521767745598,
  0.203873905947364,
  0.20481742936513603,
  0.20610736947360003,
  0.20690981260959998,
  0.21170471160577603,
  0.213131793733156,
  0.21546728687041602,
  0.215703504175104,
  0.216004278103056,
  0.21809016155137598,
  0.21892759362480402,
  0.220756657525924,
  0.22659606045966402,
  0.2303276699025,
  0.230993976692196,
  0.23521817040697596,
  0.23881616372768405,
  0.24322779236064396,
  0.244341228690724,
  0.25304174788579603,
  0.254643976474624,
  0.25538066304195595,
  0.25636384118595595,
  0.258887713840144,
  0.26014089908545596,
  0.26111787017616406,
  0.26180340251559997,
  0.26463090555040003,
  0.26530298343937603,
  0.26753548480614403,
  0.269159329717776,
  0.27176485232526393,
  0.2748098592121,
