{
 "void_jacobian_eigs": [
  0.1458979393351912,
  1.00000040017518,
  6.854103661785654
 ],
 "banked_phi4_phi-4_1": [
  0.14589803375031543,
  1.0,
  6.854101966249686
 ],
 "dynamical_symmetry_group_order": 1,
 "symmetries": [
  [
   [
    0,
    1,
    2
   ],
   [
    1,
    1,
    1
   ]
  ]
 ]
}