{
  "epsfloor": 0.025097306314832618,
  "frac_bound": 0.25,
  "l2_diff": 0.0043371620591652615,
  "max_unconstrained": 0.05768513413545393,
  "mean_A": 0.04068714955509876,
  "mean_A0": 0.03884385369801928,
  "mean_shift": 0.0018432958570794786,
  "min_unconstrained": 0.009200449440028544,
  "n_grid": 2048,
  "theta_max": 6.283185307179586,
  "theta_min": 0.0,
  "var_A": 0.00017852243414029763,
  "var_A0": 0.00025140905616563596
}