{
  "A0_max": 0.05768513414,
  "A0_mean": 0.03884385369803711,
  "A0_min": 0.00920044944,
  "A0_p01": 0.009377209997,
  "A0_p25": 0.0250987592,
  "A0_p50": 0.03697211953,
  "A0_p75": 0.05592037851,
  "description": "Summary diagnostics for the Phase 3 baseline A0 distribution. All values are toy-model diagnostics and not binding corridor constraints.",
  "eps_info": {
    "0.005": {
      "eps": 0.005,
      "fraction_below_eps": 0.0
    },
    "0.01": {
      "eps": 0.01,
      "fraction_below_eps": 0.02197265625
    },
    "0.02": {
      "eps": 0.02,
      "fraction_below_eps": 0.16357421875
    },
    "0.05": {
      "eps": 0.05,
      "fraction_below_eps": 0.61328125
    }
  },
  "histogram": {
    "bin_edges": [
      0.0,
      0.0014421283534999999,
      0.0028842567069999997,
      0.0043263850605,
      0.0057685134139999995,
      0.0072106417675,
      0.008652770121,
      0.0100948984745,
      0.011537026827999999,
      0.012979155181499998,
      0.014421283535,
      0.015863411888499997,
      0.017305540242,
      0.0187476685955,
      0.020189796949,
      0.0216319253025,
      0.023074053655999998,
      0.0245161820095,
      0.025958310362999996,
      0.027400438716499997,
      0.02884256707,
      0.030284695423499996,
      0.03172682377699999,
      0.033168952130499994,
      0.034611080484,
      0.0360532088375,
      0.037495337191,
      0.0389374655445,
      0.040379593898,
      0.0418217222515,
      0.043263850605,
      0.044705978958499995,
      0.046148107311999996,
      0.0475902356655,
      0.049032364019,
      0.0504744923725,
      0.05191662072599999,
      0.0533587490795,
      0.054800877432999995,
      0.0562430057865,
      0.05768513414
    ],
    "counts": [
      0,
      0,
      0,
      0,
      0,
      0,
      47,
      33,
      25,
      23,
      21,
      60,
      76,
      57,
      51,
      51,
      48,
      50,
      51,
      52,
      56,
      62,
      72,
      113,
      63,
      21,
      22,
      23,
      23,
      24,
      26,
      26,
      28,
      30,
      34,
      36,
      43,
      52,
      226,
      423
    ]
  },
  "n_samples": 2048,
  "source": "csv:mech_baseline_scan.csv[col=A0]"
}