{
  "A0_max": 0.3969111307368107,
  "A0_mean": 0.11199521143866303,
  "A0_min": 3.186064678566051e-05,
  "A0_p01": 0.012966731723677138,
  "A0_p05": 0.028211499696307058,
  "A0_p25": 0.06595276587780777,
  "A0_p50": 0.10382521983162718,
  "A0_p75": 0.14994599270002948,
  "A0_p95": 0.22168897349694205,
  "A0_p99": 0.2687168932048289,
  "A0_std": 0.059770690012846135,
  "config": {
    "eps_candidates": [
      0.005,
      0.01,
      0.02,
      0.05
    ],
    "max_winding": 4,
    "min_winding": 1,
    "n_bins": 64,
    "n_ensembles": 256,
    "n_modes": 64,
    "n_theta": 1024,
    "seed": 20260107
  },
  "eps_candidates": {
    "0.005": {
      "eps": 0.005,
      "fraction_below_eps": 0.001590728759765625
    },
    "0.01": {
      "eps": 0.01,
      "fraction_below_eps": 0.006328582763671875
    },
    "0.02": {
      "eps": 0.02,
      "fraction_below_eps": 0.02416229248046875
    },
    "0.05": {
      "eps": 0.05,
      "fraction_below_eps": 0.15148544311523438
    }
  },
  "n_samples": 262144
}