theta_best_rad,theta_best_deg,chi2,dof,theta_68_lo_rad,theta_68_hi_rad
0.5899911003441631,33.804,24.999999999999986,1,0.0,6.283185307179586
