{
  "theta_grid_rad": {
    "min": 0.0,
    "max": 6.283185307179586,
    "n": 20001
  },
  "chi2_min": 24.999999999999986,
  "theta_best_rad": 0.5899911003441631,
  "theta_68_interval_rad": [
    0.0,
    6.283185307179586
  ],
  "multi_segment_interval": false,
  "note": "If multi_segment_interval=true, the 68% region was disjoint; envelope reported."
}