{
  "grid_points": 20001,
  "theta_best_rad": 0.5899911003441631,
  "theta_best_deg": 33.804,
  "chi2_best": 24.999999999999986,
  "dof": 1,
  "interval_68_rad": [
    0.0,
    6.283185307179586
  ]
}