{
  "amplitude": {
    "constrained": {
      "abs": 1.8640648476264552,
      "im": 0.6754902942615236,
      "re": 1.7373688780783199
    },
    "raw": {
      "abs": 1.8640648476264552,
      "im": 0.6754902942615236,
      "re": 1.7373688780783199
    }
  },
  "cancellation_ratio": {
    "constrained": 1.8640648476264552,
    "raw": 1.8640648476264552
  },
  "constraint": {
    "applied": false,
    "delta_magnitude": 0.0,
    "direction_source": "preserve",
    "epsilon": 1e-12,
    "magnitude_after": 1.8640648476264552,
    "magnitude_before": 1.8640648476264552
  },
  "inputs": {
    "cutoff": {
      "type": "sharp",
      "value": 1.0
    },
    "epsilon": 1e-12,
    "n_modes": 2048,
    "phase": {
      "type": "irrational_fixed",
      "value": "golden_ratio"
    },
    "seed": 123456789
  },
  "residual": {
    "constrained": 1.8640648476264552,
    "raw": 1.8640648476264552
  }
}
