packet	path	outcome	certifies	depends_on	runtime_s	reason	evidence
D000	certificates/check_b1147_lock.py	PASS	Checks (via SHA-256 hash comparison against two hardcoded expected hashes) that vendored copies of a B1147 test file and a git ls-tree manifest from commit 9d6979db424c0b878c62541a3f21e0a2ca39f274 are byte-identical to the originals, then does a string/set-membership check to confirm the test's required reproduce.log path is absent from the clean-tree manifest, reporting this as a lock/reproducibility-record defect (not a mathematical result).	vendored files certificates/vendor/b1147_test_b1147_clane_harvest.py and certificates/vendor/b1147_tree_paths.txt (both hash-locked), hardcoded SHA-256 hashes, and the cited git commit as source of those vendored files	1		source_commit = 9d6979db424c0b878c62541a3f21e0a2ca39f274 test_sha256 = 5713e542905a12c0343dcb7058984b749bffe0ac56d887d07190c76c3284378a tree_manifest_sha256 = eb70e098d918b7dbfa350ff93a40bb1641cb251a5db4dc129e054aadaf427dd7 required_by_test = frontier/B1147_clane_harvest/verification/reproduce.log present_in_clean_tree = False RESULT B1147 clean-checkout lock is not self-contained: required reproduce.log is absent SCOPE record/lock defect only; the eleven mathematical verdicts require separate reproduction EXIT=0
D000	certificates/oa_c1070_omega1_parity.py	PASS	Exact rational (Fraction) verification that, for E6's 20 hardcoded weighted-Dynkin nilpotent-orbit label vectors (with recorded orbit dimensions/types/projectivity), the omega_1-parity of H=A^{-1}c matches a hardcoded expected projectivity flag for each row, that exactly 9/20 are projective and all have even labels, and a general lattice argument (det(A)=3 odd) extended to all 64 even 0/1-label vectors plus one explicit scope-fence counterexample where parity fails to be forced by even labels alone.	hardcoded E6 Cartan matrix A, hardcoded 20-row census (ROWS) copied from an external locked certificate (cp1_strata.py, not itself run here)	1		projective rows: 9/20; every projective row has all labels even integral even-label test: 24/64 label vectors pass; all give even t and 27-spectrum scope fence: c=(2,0,0,0,0,0) is even but t_1=8/3; arbitrary even labels are not enough OA-C1070: PASS — among weighted-Dynkin characteristics, omega_1 parity is redundant EXIT=0
D000	certificates/r006_e6_invariants/jordan_beat.py	PASS	Exact rational/algebraic computation (via fractions and an imported exact Q(q) pair-field arithmetic) that the space of E6-invariant symmetric cubic forms on the 27-dim representation is exactly 1-dimensional (verified against all 72 root generators, not just 12 simple ones), that the invariant symmetric bilinear space on the 27 alone is exactly 0-dimensional (no mass term), and that this cubic is preserved exactly under a specific unipotent 'beat' transformation Omega and its square A27=Omega^2, checked on all 3654 basis triples.	certificates/r006_e6_invariants/twisted_double.py (executed in-process for stages 0-3: E6 root system, Chevalley basis, 27-dim rep rho27_Q, verified against all 3003 Chevalley brackets)	5		weight-zero symmetric triples on the 27: 45 derivation equations (12 generators): 180 invariant-cubic solution space: dim = 1  (GREEN requires exactly 1) ... invariant-bilinear space on the 27 alone: dim = 0  (GREEN requires exactly 0) ... C(Omega u, Omega v, Omega w) = gal(C(u,v,w)) for ALL 3654 basis triples: True cross-check: C invariant under A27 = Omega^2 (the lifted meridian): True EXIT=0
D000	certificates/r006_e6_invariants/paper/verify/check_charge_bracket.py	PASS	Fully self-contained exact (Fraction/sympy Rational) construction of the E6 root system (72 roots), a Chevalley basis with verified antisymmetry and full Jacobi identity on all 76076 triples, the principal sl2 triple, the ad(h) exponent decomposition, two 2T-invariant binary forms (verified invariant under all 24 elements of the binary tetrahedral group 2T), an explicit sl2-equivariant embedding of degree-14 and degree-22 charge polynomials into E6, and finally an exact computation that the Lie bracket [x14,x22]=0.	none (self-contained; only sympy, hardcoded Bourbaki E6 Cartan matrix and Frenkel-Kac cocycle construction)	8		[PASS] 72 roots [PASS] dim e6 = 6 + 72 [PASS] antisymmetry on all 78x78 pairs [PASS] Jacobi on all 76076 unordered triples ... [PASS] ### [x14, x22] = 0 exactly ---------------------------------------------------------------------- PASS: the one certificate the cascade consumes reproduces exactly. EXIT=0
D000	certificates/r006_e6_invariants/tensor_invariant_counts.py	PASS	After SHA-256-verifying two vendored source files against hardcoded hashes, executes stages 0-3 of twisted_double.py to build the exact E6 27-dim rep, then computes exact ranks (via sparse Fraction Gaussian elimination) of derivation-equation systems for symmetric and ordered tensor cubes on the 27, asserting hardcoded expected values: 45 weight-zero symmetric triples with invariant multiplicities (0,0,1,0) for degrees 1-4, full E6 ordered-cube rank 269/270 (1 invariant), and for a selected A2^3 subalgebra frame, ordered-cube rank 261/270 (9 invariants) and symmetric-cube rank 41/45 (4 invariants).	certificates/r006_e6_invariants/twisted_double.py and certificates/r006_e6_invariants/paper/verify/check_charge_bracket.py (both SHA-256 hash-locked), hardcoded expected rank/count values	4		stage 1 VERIFY: rho27 respects ALL 3003 Chevalley brackets: PASS stage 3: relator acts as identity on the 27: PASS SELF-CONTAINED E6/27 INVARIANT CENSUS: PASS symmetric zero-weight monomials d=1,2,3,4: (0, 0, 45, 0) symmetric invariant multiplicities d=1,2,3,4: (0, 0, 1, 0) full E6 ordered tensor cube: basis=270 rank=269 invariants=1 selected A2^3 ordered tensor cube: basis=270 rank=261 invariants=9 selected A2^3 symmetric cube: basis=45 rank=41 invariants=4 scope: exact fixed-representation algebra; no physical Yukawa or value EXIT=0
D001	certificates/r006_e6_invariants/twisted_double.py	PASS	An 8-stage exact-arithmetic (Fraction/sympy) certificate for the theta-odd twisted mirror double of the figure-8 sister link's Riley component: it builds E6's Chevalley basis and the exact 27-dim rep, verifies rho27 respects all 3003 Chevalley brackets, checks the principal-sl2 string decomposition (16,8,0), a braid-relator identity on the 27, Fox calculus H^1(M;27)=3, symbolically verifies the longitude word, computes Mayer-Vietoris h^1 for the twisted double at t in {0,1,2,omega} for both identity and Galois-mirror gluings and both the 27 and 27bar, and an adjoint bracket-closure sweep showing the dialed sl2 pair generates full e6 (dim 78) for slots hv8/hv16 at t in {1,2,omega}. All checks are exact (Fraction/sympy rational and symbolic, one dial word search uses float exp then re-verifies symbolically).	imports certificates/r006_e6_invariants/paper/verify/check_charge_bracket.py (the repo's own E6 Chevalley-basis construction: br, evec, hvec, eps, ip, ROOTS, IDX, N, DIM) via importlib; otherwise self-contained (sympy, fractions, itertools).	480		stage 1 VERIFY: rho27 respects ALL 3003 Chevalley brackets: PASS stage 2: principal strings: [16, 8, 0] (expect [16,8,0]) stage 3: relator acts as identity on the 27: PASS stage 4: h^1(M;27) = 3 (expect 3; B662 grammar) stage 5: longitude found and verified symbolically: bABaaBAb, off-diag 2*sqrt(3)*I stage 6: torus: h^0 = 3, h^1 = 6 (expect 3 and 6) stage 6: mirror rep = Galois twist VERIFIED at the cusp: gal fixes mu, gal(lam^{-1}) = lam stage 7: h^1(M;27bar) = 3 (expect 3) stage 8: dial x8 (slot 4), t=1: closure dim = 78  = e6, FULL   dial x8 (slot 4), t=2: closure dim = 78  = e6, FULL   dial x8 (slot 4), t=omega: closure dim = 78  = e6, FULL   dial x16 (slot 8), t=1: closure dim = 78  = e6, FULL   dial x16 (slot 8), t=2: closure dim = 78  = e6, FULL   dial x16 (slot 8), t=omega: closure dim = 78  = e6, FULL (process ran to completion, no exception, no sys.exit(1) triggered)
D001	certificates/r008_peripheral_sheet_conjugacy.py	PASS	An exact symbolic (sympy, rational/algebraic) certificate distinguishing, on the Riley trace component of a two-bridge-type knot group, the parabolic-locus identity kappa+tau=3 (x^2=4 only) from the genuine global sheet involution z -> x^2+1-z (which instead gives kappa+tau=x^2-1); includes a symbolic counterexample point (x=0, z=(1+sqrt5)/2) refuting the naive global 3-kappa claim.	self-contained; only sympy, no external data or repo imports.	3		Riley trace component: P = -x**2*z + 2*x**2 + z**2 - z - 1 disc_z(P) = (x - 1)*(x + 1)*(x**2 - 5) kappa mod P = z - 1 tau + kappa - 3 mod P = (x - 2)*(x + 2) global deck map: z -> x**2 - z + 1 global deck conjugate of kappa = x**2 - z generic kappa polynomial = K**2 - K*(x**2 - 1) + x**2 - 1 parabolic specialization: x^2=4 gives kappa + tau = 3 selected x=2 values: kappa=1+q, tau=2-q counterexample: x=0, z=(1+sqrt(5))/2 gives tau+kappa-3=-4 VERDICT: GLOBAL SHEET CONJUGACY PROVED; CONSTANT 3-KAPPA IS PERIPHERAL ONLY
D001	certificates/r009_c4_superposition/superposition_stdlib.py	PASS	A numerical (stdlib-only, float arithmetic with tolerances ~1e-3 to 1e-4) reproduction of the Kolmogorov-Smirnov distances between unfolded zeta/L-function zero spacings and (a) the single Wigner-surmise GUE cdf, (b) a two-component renewal-superposition cdf, checking specific hardcoded D-values and the qualitative claim that the superposition fits far better than either single-Wigner control, while explicitly declining to claim exact GUE/independence.	two bundled zero data files certificates/r009_c4_superposition/data/c4_zeros_zeta.txt (2469 values) and c4_zeros_L.txt (2991 values), presumably precomputed/cited zero locations; hardcoded expected-distance constants (0.0401, 0.0487, 0.13359, 0.02400, 0.1802, 0.1914) checked via assert with tolerance.	2		data counts: zeta=2469 Lchi=2991 merged=5460 single-factor Wigner distances: zeta=0.04013 Lchi=0.04867 merged versus single Wigner: D=0.13359 density fractions: f_zeta=0.452198 f_Lchi=0.547802 merged versus two-renewal superposition: D=0.02400 factor controls versus superposition: zeta=0.18017 Lchi=0.19138 nominal iid asymptotic KS p for superposition: 0.00363493 VERDICT: RELATIVE D-GATE PASSES; EXACT GUE/INDEPENDENCE CLAIM DOES NOT FOLLOW
D001	certificates/r010_gl_class_m12.py	PASS	An exact integer certificate (stdlib only, no float) computing proper (SL2Z) versus full GL(2,Z) equivalence classes of primitive binary quadratic forms for discriminants m^2+4, m=1..12, and for D=148, via the classical rho reduction cycle plus the determinant -1 variable-swap quotient; confirms hardcoded expected class-count lists and exhibits the specific improper equivalence (-7,6,4)->(4,6,-7) resolving a claimed m=12 discrepancy in an external paper.	hardcoded expected sequences proper_counts==[1,1,1,1,1,2,1,1,2,2,1,3] and full_gl_counts==[1,1,1,1,1,2,1,1,2,2,1,2], and the specific form-cycle representatives for D=148; otherwise self-contained (math stdlib only).	1		proper class counts m=1..12: [1, 1, 1, 1, 1, 2, 1, 1, 2, 2, 1, 3] full GL class counts m=1..12: [1, 1, 1, 1, 1, 2, 1, 1, 2, 2, 1, 2] D=148 proper-cycle representatives: [(-7, 6, 4), (-7, 8, 3), (-1, 12, 1)] improper swap: (-7,6,4) -> (4,6,-7) swap matrix determinant: -1 D=148 verdict: 3 proper SL classes, 2 full GL classes PAPER-I m=12 DISCREPANCY RESOLVED
D001	certificates/r011_ruelle_scope.py	PASS	An exact-arithmetic (Fraction, plus simple integer/logical checks) scope certificate for a Ruelle-zeta / theta-nome exponent dictionary: verifies termwise exponent equality (-s,k)=(-k,k) at s=k for k=2..19, confirms the absolute-convergence domain boundary is k=2 with all integer k>=3 strictly inside Re(s)>2, and proves via exact rational telescoping (prod_{n=2}^{N}(1-1/n^2)=(N+1)/(2N)) that an infinite product can equal a finite limit, refuting a 'no finite identity' inference.	self-contained; only the fractions stdlib module, no external data or repo imports.	1		R(s,sigma_k) exponent coefficients: (-s,k) q^k exponent coefficients: (-k,k) termwise equality occurs at s=k absolute-domain check: k=2 is boundary; every integer k>=3 is inside Re(s)>2 countercontrol: prod_(n=2..N)(1-1/n^2)=(N+1)/(2N) -> 1/2 VERDICT: k>=3 DICTIONARY EXACT; n=2 AND NO-FINITE-IDENTITY CLAIMS DO NOT FOLLOW
D002	certificates/r012_dark_ledger_scope.py	PASS	Exact (SymPy, rational arithmetic) fixed-frame check that the E6 27-dim rep splits under a fixed D5xU(1)_psi grading as 16(+1)+10(-2)+1(+4), that the 45 weight-zero supports of the normalized invariant cubic split into exactly the types (10,16,16)x40 and (1,10,10)x5, that a chosen branch A1-grading gives bridge weights {-1:6,0:15,1:6} and root charge -3, and that 'matter parity' (from the 16 sign) equals neither the selected bridge-parity lock nor its negation on all 27 weights -- i.e. a scoped negative/no-go result, not a physical dark-matter derivation.	imports/execs the first 3 stages of certificates/r006_e6_invariants/twisted_double.py (E6 root system, 27-weight construction, rho27 representation) up to a marked cut point in that file; otherwise self-contained exact arithmetic.			stage 1 VERIFY: rho27 respects ALL 3003 Chevalley brackets: PASS stage 3: relator acts as identity on the 27: PASS D5 x U(1)_psi branching: {4: 1, 1: 16, -2: 10} cubic support types: {('1', '10', '10'): 5, ('10', '16', '16'): 40} matter parity conserved on all 45 supports: True matter parity equals selected lock up to sign: False VERDICT: FIXED-FRAME CUBIC HYPERGRAPH/PARITIES PROVED; DARK-MATTER PHYSICS NOT DERIVED (exit code 0)
D002	certificates/r013_rung_transfer.py	PASS	Exact-over-Q (Fraction arithmetic, no third-party deps) reproduction of the 64 Levi subsystems of E6 by root count (root counts 0..72, ambient Levi dims {6,8,...,78}, 26 realized by exactly 4 A4 node-subsets, exactly 3 ambiguous dims {12,18,20}), then an independent 'root-side' construction of the 66-root arrangement obtained by restricting all 72 E6 roots to the orthogonal complement of a chosen A2 subsystem (verifying A2 is the unique rank<=2 6-root system, that all A2 subsystems form a single Weyl orbit, and dim z(C)=12), and finally an exact flat enumeration over Q of that arrangement giving 109 flats whose realized rung spectrum {12,14,16,18,20,26,28,30,36,46,78} matches all 11 values claimed by the paper (matching a companion mod-p certificate's independently-computed weight multiplicities and flat count without sharing code).	none (self-contained; Bourbaki E6 Cartan matrix hardcoded as EDGES); cites agreement with a companion script check_rung_attained.py's numbers (12x1+18x3 multiplicities, 109 flats) but does not import/run it.			[PASS] E6 built by reflection closure: 72 roots [PASS] root counts are 0,2,4,6,8,10,12,14,20,22,24,30,40,72 [PASS] the fourteen ambient Levi dimensions [PASS] all A2 root subsystems form one explicitly enumerated Weyl orbit [PASS] 109 flats -- the same lattice the charge-side route finds at a prime [PASS] the spectrum is EXACTLY the paper's eleven values  [12, 14, 16, 18, 20, 26, 28, 30, 36, 46, 78] PASS: every check reproduced exactly. (exit code 0)
D002	certificates/r014_paper4_counterexamples.py	PASS	Exact algebra in Q(q), q^2=q-1, verifying the frozen s955 SnapPy 3.3.2 gluing matrix (isosig gLvQQadfedefjqqasjj, census index 1256) admits a complete regular ideal-triangulation shape solution with all shapes equal to the primitive 6th root q (discriminant -3 shape field), refuting a claimed exhaustive 14-member family scanned only up to index 1200; and a second, elementary counterexample that curvature-normalized hyperbolic volume DOES distinguish a manifold from a degree-3 cover (volume scales by the degree), refuting a literal 'scale theorem' while noting physical-unit conversion still needs an external length scale.	hardcoded/frozen SnapPy 3.3.2 census metadata (s955 isosig, gluing matrix, census size 212641, paper's scanned range up to index 1200) taken as given data, not recomputed from SnapPy in this script; otherwise pure exact fraction arithmetic.			s955 exact regular-shape gluing: 6 edge equations and 2 cusp equations PASS shape polynomial: X^2-X+1, discriminant=-3 verdict: the asserted exhaustive 14-member family is REFUTED scale counterexample: normalized volume of a degree-3 cover is 3*volume VERDICT: BOTH LITERAL PAPER-IV CLAIMS REFUTED; FULL-FAMILY SEPARATOR REMAINS OPEN (exit code 0)
D002	certificates/r016_habiro_zeta3_embeddings.py	PASS	Exact symbolic (SymPy, exact cyclotomic/Q-algebra, no floating point) check that the figure-eight-knot Habiro series F(q), Taylor-expanded to order 8 around q=zeta_3 (zeta_3 abstract, x^2+x+1=0, stable under increasing the truncation bound), reproduces a norm-valuation table v_p(Norm(F(xi)-Taylor sum)) that is >= N and strictly increasing at N=1..8 for all 4 tested cyclotomic levels (p,r) in {(5,1),(5,2),(7,1),(7,2)} when zeta_3 is embedded via the compatible cube root, while the SAME code with the conjugate cube root at level 15 exactly reproduces a claimed prior collapse [2,0,0,...,0] through order 11 -- isolating the discrepancy as an embedding-choice artifact rather than a truncation artifact, on these four specific levels only (not an all-level claim).	cites (but does not import or re-run) c2_habiro.py/c2b_ohtsuki_bridge.py for using 'the same F(q)' and for the earlier level-15 collapse (memo 69) being reproduced here as a control; otherwise self-contained sympy computation.			stabilization K_BOUND=27 -> K_BOUND2=36: coefficients unchanged: True p=5, r=1, modn=15: N=1:v=2 ... N=8:v=16 corrected-embedding gate: all 4 rows have v(N) >= N and strict growth: True conjugate-embedding control at modn=15 through N=11: [2, 0, 0, 0, 0, 0, 0, 0, 0, 0, 0] memo-69 collapse reproduced under the conjugate embedding: True R016 PASS: B1158's corrected cube-root embedding restores the tested global norm-valuation bound on all four frozen levels. (exit code 0)
D002	certificates/r017_yukawa_primary/verify_yukawa_cup_product_308_scope.py	PASS	Exact combinatorial/character-arithmetic check (Z/12-graded convolution, invariant-dimension counts) that fixes the norm-308 model's exact charge vectors A, B, C and Wilson-projected sector dimensions, verifies a claimed exact-sequence naturality argument (h0_L-h0_GY==h1_V, h1_GY=h1_K1=h2_K1=0) forces the up-type Yukawa cup-product map mu_u to be the exact 1x1806 (Wilson-projected 1x6) zero matrix, and asserts that specific required strings/results (including 'H_d ... not computed') are present in memos/YUKAWA_CUP_PRODUCTS_308.md -- explicitly scoping that mu_d still has no chain-level Cech/hypercohomology evaluation; it does not itself perform a cup-product/hypercohomology computation.	reads and string-matches against repo file memos/YUKAWA_CUP_PRODUCTS_308.md (relative to worktree root, 3 levels up from the script); hardcoded exact charge/dimension constants (A, B, C vectors, h0_L=48, h0_GY=6, h1_V=42, etc.) taken as given from the cited BCDD sequence argument rather than derived in-script.			k=4: selected sectors={'u^c': (4, 3), 'Q': (8, 3), 'e^c': (0, 3), 'd^c': (4, 3), 'L/Hd': (0, 4), 'Hu': (0, 1)} DATA full unprojected mu_u domain dimension = 1806; induced matrix has rank 0 DATA Wilson-projected up matrix is the exact 1 x 6 zero matrix RESULT exact naturality factorisation gives mu_u = 0 and rank(mu_u) = 0 SCOPE mu_d still has no Cech/hypercohomology chain-level evaluation Yukawa cup-product scope certificate: PASS (exit code 0)
D003	certificates/r017_yukawa_primary/verify_yukawa_exact_spectrum_no_go.py	PASS	Exact finite representation-theoretic check that after a determinant twist the ambient Higgs characters are (0,1) with chi_0 multiplicity 1, and that any total H_u multiplicity of 1 forces the ambient (renormalisable) up-type Yukawa rank to 0 (else total>=2); combinatorial/exact integer arithmetic plus text-marker checks against two memo files for cited claims.	Reads and greps for hardcoded marker strings in memos/YUKAWA_EXACT_SPECTRUM_NO_GO.md and memos/YUKAWA_CUP_PRODUCTS_308.md (relative to repo root); hardcoded ambient character tuple (10,11) and Wilson-branch dict {4:0,8:0}.	0.1		DATA ambient Higgs characters after determinant twist = (0, 1) DATA retained Wilson branches select H_u character = {4: 0, 8: 0} RESULT exact one-Hu spectrum forces the unique Higgs into the ambient image RESULT naturality forces its renormalisable up-type Yukawa rank to zero PASS OA-C1055 same-monad coefficient variation cannot repair Y_u without changing the spectrum
D003	certificates/r019_hypercharge/hypercharge_trinification_scope.py	PASS	Exact (sympy Rational) check that, in the E6 27-dim rep restricted to all three color-A2 x weak-A2 trinification frames, the unique SM-anomaly-free hypercharge assignment from the 15-plet decomposition matches the SM ratio set for all 3 colors x 3 weak roots (36 solutions, all SM, 0 non-SM), and separately a symbolic/exact universal anomaly-cancellation argument (independent of E6) reproducing the same ratios via cubic-in-u factorization.	Executes (via exec of a source slice) the E6 root/weight construction from certificates/r006_e6_invariants/twisted_double.py in the same repo; hardcoded target SM hypercharge ratio set SM = {(-4,2,-3,6),(2,-4,-3,6)}.	3		FRAME color=0 weak_slot=2: {'solutions': 36, 'SM': 36, 'non_SM': 0} ratios=[(-4, 2, -3, 6), (2, -4, -3, 6)] ... THREE-COLOR-FRAME COVARIANCE: PASS ... ratios are SM up to u<->d, independently of E6: PASS SCOPE VERDICT: selected trinification frames realize the universal ratio theorem; the frame, physical 15-plet, gauging and overall normalization are not selected.
D003	certificates/r020_beat64/r020_beat64_principal.py	PASS	Exact (Fraction/Q(q) arithmetic, q^2=q-1) computation in the E6 Lie algebra checking a claimed 'restricted semilinear beat' Sigma=exp(ad(q*E_principal))∘Galois against a 64-dimensional candidate invariant subspace V64 (built from two principal-sl2 5-strings plus 54 crossing roots) and its 14-dim orthogonal complement (fork); all containment checks (Sigma(V64)⊆V64, Sigma(P0)⊆V64, etc.) evaluate to False, and the script's own assertions (theta is an involutive Chevalley automorphism, signatures (26,52,0) and (0,8,0), rank checks, Sigma^2=exp(ad E) on the full 78-dim algebra) all pass, yielding the printed verdict 'REFUTED — no restricted Sigma or restricted tick endomorphism of V64.'	Executes a source slice of certificates/r006_e6_invariants/twisted_double.py (E6 root system, brackets); internally fixes a specific swapper (#13) and lift (#0) as 'the source-locked B1140 representative' by convention/citation, not derived.	8		Sigma(V64) subset V64: False Sigma(P0) subset V64: False Sigma(P1) subset V64: False Sigma(C54) subset V64: False Sigma(C54) subset C54: False ... Sigma^2=exp(ad E_principal) on all 78 Chevalley basis vectors: True R020 VERDICT: REFUTED — no restricted Sigma or restricted tick endomorphism of V64. (process exit code 0, no AssertionError)
D003	certificates/r021_gieseking_pinminus/gieseking_pinminus_restriction.py	PASS	Exact combinatorial/group-presentation computation (integer/string arithmetic, no numerics) showing for the Gieseking manifold M=m004 and its orientable double cover N=m000 that H^1(N;F2) and H^1(M;F2) each have rank 1, H^2(N;F2)=0 so the Pin^- obstruction vanishes (2 Pin^- structures on N, 2 spin structures on M), and that the pullback map p*:H^1(N;F2)->H^1(M;F2) is the zero map, so by affine restriction both Pin^- structures on N restrict to the same spin structure on M, i.e. the other spin structure on M does not extend to a Pin^- structure on N.	Hardcoded group-presentation data (relator strings 'abABaBAbaB', 'BabAb') and a hardcoded 2x2 monodromy matrix X=((1,1),(1,0)) for the once-punctured-torus mapping torus, taken as given topological/combinatorial facts about these specific manifolds; no external files or repo imports.	0.1		Pin^-(N) is an H^1(N;F2)-torsor: exactly 2 Pin^- structures Spin(M) is an H^1(M;F2)-torsor: exactly 2 spin structures linear difference map p^*: H1(N;F2)->H1(M;F2) is the zero map affine restriction: res(P)=s and res(P+u)=s for one unnamed spin structure s therefore the other spin structure on M does not extend to a Pin^- structure on N
D003	certificates/r022_v4_torsors/v4_named_action_audit.py	PASS	Exact finite/combinatorial audit (tuple/integer arithmetic, no imports besides itertools) of three proposed V4=(Z/2)^2 actions (branch-selection B1161, being-by-hearing product, B1024 H1-quotient), verifying they are abstractly equivariantly isomorphic as regular V4-actions (identical character tables, fixed-point counts) but that their field labels (ramified primes {2,3} for Q(zeta_12) vs {5} for Q(sqrt5)) are not compatible, so the full three-way identification is 'ILL-TYPED/OPEN'; also checks B766 is an 8-point free (Z/2)^3-torsor, not V4.	Hardcoded numeric/field-theoretic data cited from the source memos: quadratic discriminants for d=-1,3,-3 and d=-3,5,-15, the B1024 cocycle/character conventions (chi_plus, chi_c, all_plus sign vectors), and B1024/B766 fixed-dimension/type annotations (36/C4, 52/F4) taken as given, not derived.	0.1		[verdict]  abstract four-point regular V4 actions: EQUIVARIANTLY ISOMORPHIC  with field labels retained: branch-selection vs being-by-hearing are NOT label-preserving  full three-way claim: ILL-TYPED/OPEN until branch labels and the measurement carrier are frozen  minimal falsifier: a label-preserving map must preserve the field/Dynkin-label annotations;                  ramification {2,3} vs hearing's {5} already separates the first two EXIT=0
D004	certificates/r023_b1196_generation_obstruction.py	PASS	Re-derives (by shelling out to two banked frontier scripts, B299 trinification_triality.py and B891 matter_extension.py) that the exact orbit dimensions of theta/phi on the 27 (fixed=0, orbits {3:9}) give union dimensions {0,9,18,27} for any combination of three 9-blocks, and that B891's three foreign 16-dim eigenspaces are exactly 16, none of which lies in {0,9,18,27} — refuting the OA-C1155 carrier identification. Exact integer/combinatorial check plus regex-matching against the two subprocess outputs (which are themselves exact symbolic computations, not independently re-verified numerically by this file).	Runs (as subprocesses) frontier/B299_trinification_triality/trinification_triality.py and frontier/B891_matter_extension/matter_extension.py, and hardcodes expected substrings/values from their output plus the block_dims=[9,9,9] constant.	3		trinification_blocks=[9, 9, 9] trinification_union_dimensions=[0, 9, 18, 27] b891_foreign_eigenspace_dimensions=[16, 16, 16] 16_not_in_any_9_block_union=True OA-C1155 CARRIER IDENTIFICATION: REFUTED R023 B1196 GENERATION OBSTRUCTION: PASS
D004	certificates/r023_b1197_clock_coherence.py	PASS	A full numerical census (via SnapPy) of Dehn fillings of m004: checks a sign-law control over 156 oriented (p,q) fillings, then shows the 78 unoriented fillings sorted by volume are NOT monotone in |Chern-Simons| (15 order violations), that only the p=1 family is monotone while p=2..8 are not, that the specially-selected (1,n) ladder (n=2..30) IS monotone, and a random-shuffle control produces many more violations — refuting the OA-C1153 full-common-domain coherence claim. Numerical (floating point with 1e-6/1e-9/1e-12 tolerances) via snappy's computed volumes/CS invariants.	snappy library (manifold m004, chern_simons/dehn_fill/volume/solution_type computations); a fixed RNG seed (20260828) for the shuffle control; hardcoded expected counts (156, 78, 15, 29, 36) taken as ground truth for this rerun.	5		oriented_closings=156 chern_simons_sign_control=156/156 unoriented_closings=78 selected_1n_ladder_monotone=True full_census_monotone=False full_census_violations=15 families_p2_through_p8_each_nonmonotone=True shuffle_control_violations=36 OA-C1153 FULL-COMMON-DOMAIN COHERENCE: REFUTED R023 B1197 CLOCK COHERENCE: PASS
D004	certificates/r023_b1199_selection_recheck.py	PASS	Exact integer arithmetic over SL(2,F_5): reads two banked JSON data tables (w0a_table.json, w2b_table.json from the B879 packet), verifies they list the same 745 primitive hyperbolic conjugacy-class words with matching per-length counts, that the unit-det/prime-conductor/trace-3 selectors all coincide on exactly {'LR'}, that SL(2,F5) has order 120 with 9 conjugacy classes of sizes [1,1,12,12,12,12,20,20,30], and that the 'shadow' value assigned to each word (abs_tr_odd_sq closed form) is constant on each conjugacy class (9 classes, all single-valued) with a specific multiset of values across the 745 words.	Two data files under frontier/B879_selection_cochain/packet/ (w0a_criteria/w0a_table.json, w2b_landscape/w2b_table.json), whose row content is treated as external input; the modulus P=5 and the matrices R,L as constants.	1		primitive_classes=745 classes_by_length=[1, 2, 3, 6, 9, 18, 30, 56, 99, 186, 335] word_sets_byte_level_equal=True unit_prime_trace3_selector=['LR'] sl2_f5_order=120 sl2_f5_conjugacy_class_sizes=[1, 1, 12, 12, 12, 12, 20, 20, 30] shadow_classes_represented=9 multivalued_shadow_classes=0 trace2_value_count=3 trace3_value_count=3 R023 B1199 SELECTION RECHECK: PASS
D004	certificates/r023_wave6_outside_hostile.py	PASS	Four independent exact-arithmetic checks using only stdlib Fraction: (1) an exhibited algebraic integer in a degree-3 number field (root of t^3-12t+5) has norm exactly 953 via an explicit determinant formula, factoring mod 953; (2) exposes a class-relation sign bug (outside row uses v_P+2v_Q instead of the correct v_P-v_Q) while separately verifying, via Hensel-lifted valuations at primes up to 17, eight explicit norm-generator witnesses used for a class-number-1 argument; (3) exact 2x2 matrix computation in Q(omega) showing a sign-corrected generator satisfies the m004 orbifold relator (maps to identity) while a claimed word is non-peripheral (nonzero lower-left entry) versus a peripheral alternative word (zero lower-left, equal diagonal); (4) exact arithmetic in Q(sqrt5) verifying eigenvector relations for a 3x3 integer matrix acting as scalar multiplication by 9±4sqrt5 on two vectors. All exact/symbolic via Python Fraction, no numerical tolerance.	Hardcoded polynomial (t^3-12t+5), hardcoded witness tuples/matrices/vectors taken from the B1093/grammar_disc48.py/reverser source materials being audited; no file I/O or external libraries.	1		NORM-953: alpha=-26-theta+2theta^2 has exact norm 953;   f mod 953=(x-372)(x^2+372x+187), and alpha vanishes at x=372. PASS P5-RELATION: theta^2-2 has (v_P,v_Q)=(0,1);   outside row uses v_P+2v_Q=2, but the class coefficient is v_P-v_Q=-1. DEFECT PRINCIPAL-WITNESSES: all eight prime ideals below the Minkowski bound have   exact norm generators and discriminating valuations; with B1093's maximal-order gate, h(K)=1. PASS GRAMMAR-DISC48: wrong-sign b sends the m004 relator to [[-1,0],[-4,-1]];   corrected b satisfies it, but baBAABab is nonperipheral; bABaaBAb is peripheral. REFUTED GOLDEN-REVERSER: DR(v_u)=(9-4sqrt5)v_s and DR(v_s)=(9+4sqrt5)v_u. PASS R023 OUTSIDE-TIP HOSTILE AUDIT: PASS
D004	certificates/r024_lepton_character_datum.py	PASS	Checks that specific quoted marker strings appear verbatim in two banked memo/spec files (YUKAWA_CUP_PRODUCTS_308.md and YUKAWA_DOWN_RESIDUE_SPEC_308.md), then does exact integer arithmetic (mod 12 characters) to re-derive two Z/12 character vectors A and B from stated regular+extra-copy formulas, confirms a 'selected character' formula gives the coarse value 0 for both e^c and L/H_d fields at k=4,8 (with A[0]=3, B[0]=4), checks non-vacuity at k=1, and enumerates admissible tail pairs (rho,sigma) in {0,2,4,6,8} with rho+sigma=8 mod 12, getting exactly {(0,8),(2,6),(4,4)}. Explicitly states the frame-level lepton pair remains UNDETERMINED/UNRESOLVED — this is a narrow scope-limited exact-arithmetic audit, not a full resolution.	Two banked markdown files (memos/YUKAWA_CUP_PRODUCTS_308.md, documents/program-question-map/evidence/YUKAWA_DOWN_RESIDUE_SPEC_308.md) whose exact marker substrings are asserted present; hardcoded N=12 and Wilson-charge formulas (6k, 9k) as given constants from B1208/R017.	1		retained_branch_rows=[(4, 0, 3, 0, 4), (8, 0, 3, 0, 4)] coarse_character_ec=0 coarse_character_l=0 abstract_admissible_tail_pairs=[(0, 8), (2, 6), (4, 4)] frame_level_lepton_pair=UNDETERMINED b1208_three_way_fork=UNRESOLVED scope=no Cech representative, cyclic/Serre map, nonzero entry, determinant, or physical Yukawa R024 LEPTON CHARACTER DATUM: PASS
D005	certificates/r025_lepton_tail_selection/lepton_tail_selection.py	PASS	Exact modular-arithmetic (Z/12) derivation that the physical lepton/Hd Yukawa block's alternating (wedge) square is zero because both its raw B-legs reduce to the same one-dimensional Serre-tail character, distinguishing this from an independent-direction control case; parses and hardcode-checks charge/decomposition data from two committed evidence documents.	Reads certificates/r025_lepton_tail_selection/Three_gen_models_primary_excerpt.tex, memos/YUKAWA_CUP_PRODUCTS_308.md, documents/program-question-map/evidence/YUKAWA_DOWN_RESIDUE_SPEC_308.md from the worktree; hardcoded MODULUS=12 and specific character/multiplicity values asserted against those documents.	0.1		primary_charge_coefficients={'u^c': 8, 'Q': 1, 'e^c': 6, 'd^c': 2, 'L/Hd': 9} physical_lepton_pure_tail_pair=(2, 2); alternating_square=ZERO mixed_and_connecting_lepton_entries=UNEVALUATED b1208_three_way_fork=UNRESOLVED R025 LEPTON TAIL-SELECTION CORRECTION: PASS
D005	certificates/r026_yukawa_determinant_frame/determinant_frame.py	PASS	Exact symbolic (Q(zeta_12) arithmetic via a hand-built number-field class) construction of Fourier-projected Euler eigenvectors for a height-308 BCDD monad's ordered 12-ray/8-Euler frame, an exact 6x6 minor determinant (-72*zeta^2), the quotient-bundle determinant character via mod-1009 rank/determinant linear algebra, and a sparse local-determinant formula for a connecting-sector cochain (verified both exactly via a formal exterior-algebra identity and numerically mod p=1009 with randomized kernel vectors).	Reads documents/program-question-map/evidence/YUKAWA_DOWN_RESIDUE_SPEC_308.md from the worktree for marker-string checks; hardcoded Euler matrix Q_PRIME, ray permutation, Euler-character sets, PRIME=1009, ZETA_MOD=160 as fixed structural data; uses Python's Random(308026) for probabilistic determinant nonvanishing checks (not a full proof of genericity, but checked directly).	0.3		exact_Euler_minor_rows=(0, 1, 2, 3, 6, 7); determinant=-72*zeta^2 det_characters_mod12=B:6,W:11,G:7,V_twisted:0 good_prime_local_indices=(0, 1, 2, 3); nonzero_control_det=964; denominator=181 quotient_lift_invariance=PASS R026 YUKAWA DETERMINANT FRAME: PASS
D005	certificates/r027_toric_top_trace/toric_top_trace.py	PASS	Exact (Fraction-based) Cech-cohomology computation for the dP6 toric weight-zero complex showing H^2(dP6,K_dP6) is 1-dimensional, an explicit normalized dual trace 2-cycle pairing to 1 against the marked generator, and an exact Eilenberg-Zilber cross-product construction on the 36-chart dP6xdP6 product cover giving a 384-simplex product trace cycle with zero boundary that pairs to 1 with tau x tau; also runs negative controls (a planted wrong trace row is rejected).	Self-contained: no external files; hardcoded fan rays RAYS, cone structure, and the specific rational trace-cycle coefficients (e.g. 1/4 on 8 named 3-simplices) as an asserted/verified choice.	0.2		RESULT dP6 canonical weight-zero cohomology dimensions = [0, 0, 1, 0, 0, 0] RESULT factor trace(tau) = 1 DATA product trace-cycle nonzero simplex count = 384 RESULT product trace cycle has zero boundary and pairs with tau x tau as 1 RESULT order-12 factor-exchange action has product orientation sign +1 SCOPE for anticanonical Y, Tr_Y(c)=Tr_Z(delta_f(c)); constructing delta_f(c) for the 18 connecting Yukawa entries remains open
D005	certificates/r028_toric_chart_frames/toric_chart_frames.py	PASS	Exact rational-arithmetic construction of the 36 affine chart frames (ray matrices and dual/exponent frames) for the dP6xdP6 toric variety, verifying the Z_12 lattice monomial action (matrix ZETA_N), the induced ray permutation and induced chart action (order 12, three orbits of size 12), sign counts of chart orientations (18 of each), and that raw exponents equal q_D * t^u (chart-monomial) decompositions on every chart and every omitted-ray component, including negative controls for planted wrong conventions.	Self-contained: no external files; hardcoded fan data (UNIT_HEXAGON, DUAL_HEXAGON rays), the lattice action matrix ZETA_N, and expected values (EXPECTED_A_M, EXPECTED_RAY_PERMUTATION) asserted against.	0.3		RESULT exact ray permutation = (6, 7, 8, 9, 10, 11, 1, 2, 3, 4, 5, 0) RESULT induced chart action is (i,j) -> (j+1 mod 6,i), of order 12 RESULT deterministic chart-orbit representatives = (0, 1, 2) RESULT ordered-ray orientation counts = {-1: 18, 1: 18} RESULT all 49 anticanonical and 12x35 component monomials satisfy raw = q_D * t^u on every chart RESULT planted wrong ray ordering, all-positive orientation and omitted-q_D conventions are rejected
D005	certificates/r029_upstream_hostile_corrections.py	PASS	Exact Q(w) (w^2-w+1=0) algebra checks refuting/narrowing two specific upstream Gate C/D claims: (1) Gate C: three commensurator-labelled Riley SL2 representations in B324 are shown related by explicit exact intertwiners with matrix g of order 3, giving character-orbit size 1 (so a claimed 3x27 carrier is really one 2-dim carrier / 27, not 81); includes a planted-non-intertwiner negative control. (2) Gate D: the exact full-trace Markov-triple-style recurrence invariant I(x,y,z)=lambda^2+2 is verified symbolically for n=1..10, showing the object branch kappa=1+w has two sign-symmetric roots (+/-w) so the branch does not select a unique lambda, and using exact dyadic Q(w) witness points shows finite polynomial approximants at n=6,8,10 have nonempty-interior sublevel sets (contradicting a claimed ~0.8 box dimension), concluding planar box dimension 2 for the finite mask while leaving the true limiting spectrum question open.	Self-contained/stdlib only (dataclasses, fractions); hardcoded matrices g,a0,b0 and witness points; cites but does not fetch an external upstream git blob hash (c35cf7f3fad3c637d5c38019409ed08083e4faa0) and mask levels/window (6,8,10 / [-6,6]^2) as externally-checked metadata recorded, not verified, by this script.	0.1		GATE_C order_three_intertwiner PASS GATE_C character_orbit_size=1 PASS GATE_D exact_full_trace_identity=lambda^2+2 PASS GATE_D allowed_lambda_on_chosen_branch={+w,-w} SIGN_NOT_SELECTED GATE_D exact_in_window_interior_witnesses=(6,8,10) PASS GATE_D finite_sigma_planar_box_dimension=2 VERDICT GATE_C_ROUTE_REFUTED; GATE_D_EXACT_CORE_NARROWED; LIMIT_OPEN
D006	certificates/r030_phi_cover_specialization/phi_cover_specialization.py	PASS	Exact GF(1009) modular Bezout-identity check: for all 36 toric charts of a dP6-like fan, reconstructs 5 integral generators (a hypersurface + 4 Phi_i) from hardcoded height-308 coordinate data and hardcoded norm coefficients, reduces mod 1009, checks the payload's supplied modular multipliers literally satisfy sum(coeff_i * gen_i) = 1 in GF(1009)[x]/relations on all 36 charts (with a planted-error control that a corrupted multiplier fails), and separately checks an exact C12 chart-orbit combinatorial structure. It is an exact/literal arithmetic check, not numerical.	Bundled gzip data file r030_mod1009_cover_all36.json.gz (payload of chart rays, integral generators, Bezout coefficients) matched against a hardcoded SHA-256 hash of both the whole gzip and the generator list; hardcoded height-308 coordinate table PHI308_COORDS and NORM_COEFFICIENTS asserted to be independently derived; hardcoded prime 1009 and cyclotomic polynomial x^4-x^2+1.	3		PASS all 36 integral generator payloads reconstruct from the source-locked height-308 vector and toric frames DATA all36 gzip_sha256=2efb53af4467fedaef5177f348e2c278311c88f736e4ddb03b843c16271b081e CONTROL planted multiplier perturbation rejected on all 36 charts PASS exact C12 chart action has three length-12 orbits represented by 0,1,2 RESULT GF(1009) selected four-Phi base locus is empty on all 36 toric charts THEOREM proper-image specialization promotes it to an empty Q(zeta_12) generic base locus SCOPE coverage only: no characteristic-zero Bezout multipliers, residue row, Yukawa value or Serre-tail map
D006	certificates/r031_sparse_toric_trace/sparse_toric_trace.py	PASS	Exact-rational (Fraction) linear-algebra search over all supports of size 1..4 among 15 triangles of a dP6 chain complex (imported from R027), finds by exhaustion the unique normalized 4-triangle dual cycle (support {(0,1,2),(0,2,3),(0,3,4),(0,4,5)} each with coefficient 1/4), verifies it is a cycle pairing to 1 with tau, verifies it is homologous to R027's 8-triangle trace via an exact boundary witness, builds its 96-simplex product trace on dP6 x dP6 and checks it is a zero-boundary cycle pairing to 1, plus a planted-deletion control. Exact symbolic (Fraction) arithmetic, no numerical tolerance.	Runs certificates/r027_toric_top_trace/toric_top_trace.py via runpy and reuses its DIFFERENTIALS, BASES, TRACE, TAU, and helper functions (product_simplex, shuffle_words, shuffle_sign, alexander_whitney_top, etc.) as ground truth; re-invokes R027's own self-checks (assert_factor_complex, assert_product_trace) before proceeding.	5		DATA exhaustive rejected support counts for sizes 1,2,3 = (20, 190, 1140) RESULT minimum normalized dP6 trace support = 4 RESULT sparse trace is an exact dual cycle and pairs with tau as 1 RESULT sparse trace differs from R027 cyclic trace by an exact dual boundary RESULT sparse product trace support = 96 RESULT sparse product trace has zero boundary and pairs with tau x tau as 1 CONTROL deleting one sparse triangle breaks the cycle or normalization SCOPE computation shrinks 384 trace simplices to 96; no Yukawa entry or rank is evaluated
D006	certificates/r031a_b0_character_field/b0_character_field.py	PASS	Exact finite-group-character computation distinguishing, for the C12 character ledger B = 3*Reg(C12)+chi_0+chi_11, the isotypic chi_0-block B_0 (dimension 4, generator acting as identity/zeta_12^0) from a rank-one Q(zeta_12) module under primitive-root multiplication (whose character is the sum over the 4 units of C12, not 4*chi_0); also compares exact characteristic polynomials (t-1)^4 vs Phi_12(t)=t^4-t^2+1. All integer/tuple arithmetic, exact.	Reads the source text of certificates/r017_yukawa_primary/verify_yukawa_cup_product_308_scope.py and asserts two literal substrings are present there (treating R017 as an already-certified upstream input); otherwise self-contained hardcoded character-theory constants (N=12, unit group {1,5,7,11}).	2		RESULT B_0 generator exponents = (0, 0, 0, 0) RESULT marked C12 generator acts on B_0 by I_4 = zeta_12^0 I_4 CONTROL primitive scalar rank-one orbit = (1, 5, 7, 11) != four copies of chi_0 CONTROL Q-linear charpolys: (t-1)^4 != Phi_12(t)=t^4-t^2+1 ANSWER primitive root on B_0: none; K-rank: 4, not 1 R031A B_0 character/base-field retrieval: PASS
D006	certificates/r031b_rcft_scope/rcft_scope.py	PASS	Exact (Fraction) arithmetic/logic scope-control lemmas for an RCFT consistency argument: (1) rational numbers admit arbitrarily large finite subsets of (0,1) (rationality != finiteness); (2) Gal(Q(zeta_3)/Q) has order 2, not 3 (distinguishing it from a claimed Z/3 trinification group); (3) exhaustive exact solution of c(g_k)=6 over simply-laced WZW families A_n/D_n/E_n gives exactly 4 solutions {A2:9, A6:1, D6:1, E6:1}, with algebraic proofs (not just checks) that no further rank admits an integral solution; (4) a 21-element rational-c control family shows the WZW-restricted 4-entry list isn't RCFT-exhaustive.	Reads memos/RCFT_CONSISTENCY_SCOPE.md and asserts 6 literal marker substrings are present in it; otherwise self-contained exact arithmetic (Lie-algebra dimension/dual-Coxeter-number formulas for A_n, D_n, E6/E7/E8 hardcoded).	2		PASS rationality alone permits arbitrarily large finite subsets of (0,1) and rational midpoints RESULT Gal(Q(zeta_3)/Q) order = 2 != trinification/simple-current order 3 RESULT simply-laced WZW solutions of c=6 = [('A2', 9), ('A6', 1), ('D6', 1), ('E6', 1)] SCOPE that four-entry result is WZW-class exhaustive, not RCFT exhaustive CONTROL a rational-c family already exceeds the four-entry WZW menu: size = 21 R031B RCFT consistency-scope controls: PASS
D006	certificates/r031d_observable_quotient/observable_quotient.py	PASS	Exact (Fraction) linear-algebra lemma on a 4-dim space V = C (3-dim) + tail-line: for an alternating form vanishing on wedge^2(C), the induced pairing beta(c, lift-of-tail-generator) is checked to be independent of the choice of lift (tested against 125 distinct lift changes and a continuum-representative rescaling), the derivative/variation matrix over lift directions has rank 0, and a planted nonzero C-C block control shows the lift-independence breaks when the hypothesis is violated. Fully exact rational arithmetic, self-contained (no external data).	none (dependency-free; only imports fractions.Fraction and itertools.product from the standard library)	1		PASS beta restricted to wedge^2(C) is zero PASS induced C tensor (V/C) observable is well-defined DATA nonzero induced mixed observable = (Fraction(2, 1), Fraction(-3, 1), Fraction(5, 1)) PASS all 125 tested tail lifts give the same observable RESULT raw lift-choice dimension = 3; observable variation rank = 0 CONTROL a planted C-C term makes the lift choice observable SCOPE exact quotient lemma; no R032 characteristic-zero vanishing or physical normalization is assumed
D007	certificates/r033_identification_ratchet/identification_ratchet.py	PASS	Checks a hardcoded JSON snapshot (source_snapshot.json, pinned to source_commit 8f0cda3d) of B1231's 7-row identification ledger and related governance text, asserting exact counts (3 EARNED/2 REFUTED/2 UNEARNED), that the listener map u is admitted-but-unregistered, and that registering it would push UNEARNED above the frozen baseline of 2. This is an equality/membership check against curated hardcoded records, not an independent recomputation of any ledger from primary sources.	certificates/r033_identification_ratchet/source_snapshot.json (a hand-curated snapshot containing hardcoded ledger rows, git blob SHA, and quoted excerpts from B1231 findings/tests, pinned to a specific source_commit); no repo imports or live recomputation.	0.1		PASS B1231 seed ledger = 7 rows (3 earned, 2 refuted, 2 unearned) PASS B1231 itself admits listener map u is an unpriced identification PASS listener map u has no row in the seven-row ledger PASS registering that admitted debt gives 3 UNEARNED > baseline 2 CONTROL an EARNED addition preserves the count; resolving a debt lowers it DATA legacy Phase-C candidates typed, not adjudicated = 6 RESULT green count 2 is a seed state, not a complete identification census RESULT registering the admitted listener debt requires a deliberate dated baseline migration SCOPE inventory correction only; no candidate is promoted and no bit count follows
D007	certificates/r034_spin_identifications/spin_identification_audit.py	PASS	Checks a hardcoded JSON snapshot (source_snapshot.json, pinned to source_commit 864c6b7...) of quoted excerpts and git blob SHAs from seven frontier FINDINGS docs (B1112, B1141, B1145, B1140, B366, B1218, B359/B363/B364), then asserts two proposed identification rows (I-8, I-9) are UNEARNED per a simple has_map/faithful_action rule. It is a string/equality audit of curated excerpts and metadata, not a recomputation of any internal matrix or theta-table math (the docstring explicitly disclaims that).	certificates/r034_spin_identifications/source_snapshot.json (hardcoded excerpts, paths, and git blob SHA1 hashes for seven frontier FINDINGS.md files, pinned to a source_commit); no repo imports or live recomputation.	0.1		PASS B1145 exact internal beat/A1 closure is preserved PASS B1145 itself separates internal A1 from 4d Lorentz spin PASS B1218 itself says boundary theta is not identified with B1141 spin CONTROL a map without faithful action remains UNEARNED RESULT I-8 internal-A1 to 4d-spacetime-spin = UNEARNED RESULT I-9 boundary-theta to bulk/observer-spin = UNEARNED SCOPE two legacy identifications; no algebraic theorem is retracted
D007	certificates/vendor/b1147_test_b1147_clane_harvest.py	CANNOT_RUN	A pytest test module (5 test_ functions, no __main__ block) that would check the presence and content of B1147 arc records: arc_verdict.json says PROVED, b1147_results.json's reproduce block shows 0 failures across 11 certs, verification/reproduce.log contains 10 'REPRODUCES' lines plus REPRODUCE_DONE, a C3 honest-negative record, and quoted theorem/convergence text in FINDINGS.md. Running it as a plain script (python3 file.py) executes nothing (no __main__, exit 0 silently) since it must be collected by pytest.	certificates/frontier/B1147_clane_harvest/{arc_verdict.json, b1147_results.json, FINDINGS.md, verification/reproduce.log} -- the entire B1147_clane_harvest arc directory, referenced via ROOT=parents[1] (i.e. certificates/frontier/B1147_clane_harvest in this worktree layout).	0.2	FileNotFoundError: [Errno 2] No such file or directory: '.../wt_codex/certificates/frontier/B1147_clane_harvest/arc_verdict.json' -- the certificates/frontier directory (and the B1147_clane_harvest arc anywhere in the worktree) does not exist in this checkout, so all 5 tests fail to even collect their fixture data (confirmed via `python3 -m pytest` which is the correct invocation for this test file; all 5 tests FAILED with FileNotFoundError).	============================= test session starts ============================== ...collected 5 items certificates/vendor/b1147_test_b1147_clane_harvest.py::test_arc_verdict_proved FAILED [ 20%] certificates/vendor/b1147_test_b1147_clane_harvest.py::test_all_certs_reproduced FAILED [ 40%] certificates/vendor/b1147_test_b1147_clane_harvest.py::test_reproduce_evidence_present FAILED [ 60%] certificates/vendor/b1147_test_b1147_clane_harvest.py::test_c3_honest_negative FAILED [ 80%] certificates/vendor/b1147_test_b1147_clane_harvest.py::test_load_bearing_theorems_and_convergence FAILED [100%] E FileNotFoundError: [Errno 2] No such file or directory: '.../certificates/frontier/B1147_clane_harvest/arc_verdict.json' =========================== short test summary info ============================ 5 failed in 0.20s
D008	outside_bench/certificates/_oa_source.py	NOT_A_CERTIFICATE	Pure library/helper module (no __main__, no assertions): provides primary_text/primary_json/grep/arc_verdicts helpers that read repo content at a PINNED commit SHA (3c58527bc3851ae44fef4f48ecc1eac8aa9dd41b) via git show/grep/archive, replacing prior use of a moving branch ref or a precondition scratch dir. Running it executes only imports/def statements and produces no verdict.	the repo itself (git show/grep/archive against the pinned commit SHA baked into PINNED_REF); os environment overrides OA_REPO/OA_REF	0.2		(script ran, exit 0, no stdout/stderr produced — it only defines functions/constants)
D008	outside_bench/certificates/a2_glue64.py	PASS	Exact rational (Fraction) linear-algebra certificate on an E6-type root/weight construction (via exec of spacetime64.py): verifies an involution theta is a weight-for-weight bijection of two sl3 subalgebras (rank 8, bracket-equivariant, grading-consistent), that all 54 'colored' basis roots map single-color-weight to single-color-weight (3<->3bar), and computes exact intersection dimensions (over the quadratic extension field Q(q), q^2=q-1) of a nilpotent-exponential-transported subspace against Lorentz/color/fork subspaces.	outside_bench/certificates/spacetime64.py (executed inline via exec, supplies DIM, S0/S1/S2, T, T1, apply/br/evec/col_wt/etc.); no external data files	2		theta maps ALL 8 basis elements of sl3(S0) into span(sl3(S1)): True rank of the induced 8x8 map = 8 (8 = BIJECTION sl3(S0) -> sl3(S1)) bracket equivariance theta([x,y]) = [theta x, theta y] on all 64 pairs: True grading: h2(theta e_r) = <h1,r> theta e_r for all 6 roots of S0: True colored basis roots: 54 (expect 54) every colored image supported on a SINGLE color weight: True ... A2 COMPLETE: the gluing is a weight-for-weight bijection... EXIT:0
D008	outside_bench/certificates/a4_pin.py	PASS	Exact computation (Fraction arithmetic over Q(q), q^2=q-1, plus integer Smith normal form) verifying holonomy identity t^2=a for the Gieseking extension of the figure-8 knot group, computing H1 of both groups via Smith normal form, showing the restriction map H^1(N;Z/2)->H^1(M;Z/2) is zero, and that chi=-1 has no character extension while chi=+1 has exactly two.	hardcoded group presentation words (relator R='abABaBAbaB', twist beta(b)='BabAb') and hardcoded holonomy matrices A,B over Q(q); no external files	0.3		holonomy: R(A,B) = +I and (W gal)^2 = W conj(W) = A exactly => t^2 = a  (faithfulness) H1(M): invariant factors [1], free rank 1  => Z H1(N): invariant factors [1, 1], free rank 1  => Z<t> with a = b = 2t chi=-1 extensions: ... []  (NONE: does not extend) chi=+1 extensions: ... [1, -1]  (TWO: the Pin-level pair) A4 CLOSED... EXIT:0
D008	outside_bench/certificates/a5_parity_lemma.py	PASS	Exact (Fraction) exhaustive check over all 63 nonzero even-labeled candidate vectors c in {0,2}^6 for the E6 Cartan matrix: of the 23 that land in the coroot lattice (integral A^{-1}c), <omega_1,H>=m_1 is even in every case, proving the projectivity criterion's second clause is redundant; also cross-checks memo 30's 9 banked even characteristics are among the integral candidates.	hardcoded E6 Cartan matrix A (bench's simple-root order, asserted symmetric) and a hardcoded list of 9 'banked' characteristics from memo 30 (external cited record, not recomputed here)	0.2		even-labeled candidates c in {0,2}^6 \ {0}: 63 of these ... lies in the COROOT lattice: 23 <omega_1,H> even for EVERY even-labeled coroot-lattice element: True all 9 banked even characteristics appear among the integral candidates: True EXIT:0
D008	outside_bench/certificates/alignment_audit.py	PASS	Sympy-exact re-derivation that SM-shaped anomaly-cancellation linear conditions force Yl=-3Yq, Ye=6Yq, Yu+Yd=-2Yq and the cubic anomaly factors as -18(u-2)(u+4) (roots {2,-4}), independent of E6; plus two hardcoded-arithmetic checks (26*25/2+1=326!=78=dim E6; 8+78+2*81=248) and a SHA-256 hash computation of a sibling file (twisted_double.py) reported as a 'stack hash' fact, with the rest of the file being narrative alignment claims (not computed here, only asserted/cited).	sympy solve/simplify/factor for FACT 1 (self-contained symbolic derivation); hardcoded integer arithmetic for FACT 2; the file outside_bench/certificates/twisted_double.py (hashed, present) for FACT 3, and an external cited claim (codex R006/R019 byte-identical output, sha1 de13c87a...) that is NOT independently re-verified by this script, only asserted in print output	0.5		FACT 1: linear conditions => Yl=-3Yq, Ye=6Yq, Yu+Yd=-2Yq; cubic/Yq^3 = -18*(u - 2)*(u + 4) FACT 2: dim(SO(26)xU(1)) = 326 != 78 = dim E6 ...; 248 = 8 + 78 + 2x81 ... FACT 3: lane stack sha256 = 4a0fb415c7681e05... (codex R006 stack verified byte-identical in-shell, sha1 de13c87a...; R019 re-run ... byte-identical to codex's committed outputs/r019_hypercharge_trinification_scope.txt) EXIT:0
D009	outside_bench/certificates/amphichiral_word.py	PASS	Searches reduced words to length 6 in the free group on {a,b} realized via explicit SL2(Q(omega)) matrices A,B, exactly (via sympy symbolic algebra over Q(sqrt3, i)) finds a word map phi (a->'a', b->'bAB') and holomorphic intertwiner g with gal(rho(x)) = g*rho(phi(x))*g^-1 for x in {a,b}, verifies this exactly on the generators and on 5 longer spot-check words, and further shows phi is an automorphism (phi^2 inner) by an exact matrix identity h = gal(g)*g = rho(a).	Self-contained: hardcoded matrices A, B (parametrized by omega = primitive 6th root of unity) defining rho on generators a,b; no external data files or repo imports beyond sympy.	3		word pool: 1456 reduced words to length 6; 104 parabolic (trace +-2) candidates FOUND: phi(a) = a, phi(b) = bAB (SL2 signs 1, 1);    intertwiner g = [[1, (sqrt(3) - I)/(sqrt(3) + I)], [0, 1]]    verified exactly on the generators AND spot-checked on longer words ...    AND phi is an AUTOMORPHISM, constructively: h = gal(g)*g = rho(a)    EXACTLY ... Gate 5 untouched.
D009	outside_bench/certificates/anatomy_reconcile.py	CANNOT_RUN	Would join two banked classification artifacts (kill_graph.json's `faces_consulted` and atlas_data.json's `motifs`) at a pinned git commit, build a contingency table of face x motif over the joined arcs, and decide REDUNDANT vs ORTHOGONAL AXES by an 80%-concentration criterion — but it never reaches that computation.	Shared module _oa_source.py, which reads frontier/B738_pathfinder_compiler/kill_graph.json and scripts/atlas/atlas_data.json at a hardcoded PINNED_REF commit SHA (3c58527bc3851ae44fef4f48ecc1eac8aa9dd41b) via `git show <sha>:<path>` against this repo.	1	RuntimeError: git show 3c58527bc3851ae44fef4f48ecc1eac8aa9dd41b:frontier/B738_pathfinder_compiler/kill_graph.json failed: fatal: bad object 3c58527bc3851ae44fef4f48ecc1eac8aa9dd41b (the pinned commit object does not exist in this worktree's — a shallow clone's — git history, so the file cannot be materialized at that ref).	"Traceback (most recent call last):   File "".../anatomy_reconcile.py"", line 44, in <module>     KG = primary(""frontier/B738_pathfinder_compiler/kill_graph.json"") ... RuntimeError: git show 3c58527bc3851ae44fef4f48ecc1eac8aa9dd41b:frontier/B738_pathfinder_compiler/kill_graph.json failed: fatal: path 'frontier/B738_pathfinder_compiler/kill_graph.json' exists on disk, but not in '3c58527bc3851ae44fef4f48ecc1eac8aa9dd41b'  Confirmed independently: `git cat-file -e 3c58527b...` -> fatal: bad object (commit unreachable in this shallow clone)."
D009	outside_bench/certificates/anomaly_payment.py	PASS	Builds the E6 27-dim representation exactly (rational/integer arithmetic via the shared twisted_double.py machinery), computes the full symmetric cubic anomaly tensor over 6 Cartan functionals (family charge q + 5 D5 Dynkin labels) on the full 27 (all 56 components exactly zero), on the visible 16-block (only q-touching components nonzero), shows the dark block's tensor is the exact negative of the 16-block's component by component, and verifies the mixed [D5]^2 u(1) cancellation via the exact integer Dynkin-index ratio B_16 = 2*B_10 — all via assert statements on exact integer/rational values.	outside_bench/certificates/twisted_double.py (shared E6 construction code, exec'd up to a marker) for the root system, weight construction, and rho27 representation; no external data files.	4		FACT 0: full 27 cubic tensor: 56 components, nonzero: 0 FACT 1: 16-block: pure-D5 components all ZERO (35 checked); ... FACT 2: T_dark = -T_16 in EVERY component — the payment is exact         [u(1)]^3: 16 vs -16 (= -16) FACT 3: B_16 = 2 * B_10 entry-by-entry ... 1*B_16 + (-2)*B_10 = 0 ...Gates 2/3/5 not crossed.
D009	outside_bench/certificates/atom_shape.py	PASS	From the E6 27-dim representation (exact rational arithmetic) and a derived hypercharge direction, computes the electric-charge functional Q=T3+Y on the roster and asserts exactly: the SM charge table (u 2/3, d -1/3, etc.), charge quantization (integer charge for every color-singlet, (1/3)Z\Z for colored states), color-singlet composability at the weight level (color-triplet weights of the 3 sum to zero), and exact neutrality Q(uud)+Q(e)=0 and Q(udd)=0 for hydrogen- and neutron-shaped composites, all via exact Fraction/sympy.Rational equality asserts.	outside_bench/certificates/twisted_double.py (shared E6/27-rep construction, exec'd) for weights, roots, and rho27; standard SM charge-assignment convention Q = T3 + Y is cited/hardcoded (not derived); no external data files.	5		FACT 1: the forced charge table (Q = T3 + Y, ratios): u 2/3 (x3), d -1/3 (x3), ... FACT 2: CHARGE QUANTIZATION — every color-singlet has INTEGER charge; ... (BRANCH FRACTURE did not fire.) FACT 3: the three color weights of the 3 sum to ZERO ... FACT 4: Q(uud) + Q(e) = 0   |   Q(udd) = 0    THE HYDROGEN-SHAPE AND NEUTRON-SHAPE ARE EXACTLY NEUTRAL ...
D009	outside_bench/certificates/b2_yukawa.py	PASS	Constructs an orthogonal A2^3 (trinification) subalgebra of E6 from scratch on the root system, computes the dimension of the space of symmetric trilinear invariants on the 27 under this subalgebra via an exact-rational nullspace computation of derivative constraint rows (Fraction arithmetic), finds dim=4 as preregistered, and cross-checks that adding all remaining 54 root generators (restoring full E6) cuts this to dim=1 (E6's unique Jordan cubic), asserted exactly.	outside_bench/certificates/twisted_double.py (shared E6 root system / 27-rep construction, exec'd); no external data files.	6		orthogonal A2 triple found: 3 x 6 = 18 roots, pairwise orthogonal 27 slot-signature blocks: {(1, 1, 0): 9, (1, 0, 1): 9, (0, 1, 1): 9} weight-zero symmetric triples (full-rank Cartan shared): 45  YUKAWA COUNT: dim of trinification-invariant symmetric trilinears on the 27 = 4 (preregistered: 4 = ...) cross-check: adding the other 54 root generators cuts the space to dim = 1 (e6's 1)
D010	outside_bench/certificates/b496_rediscovery.py	PASS	Symbolic (sympy exact) check that memo 117/118's dynamical map L is algebraically identical to a previously-banked B496 Thue-Morse trace map T1, that memo 118's closed form matches B496's kappa-factorization algebraically on the kappa locus, and an exact rational-pair-arithmetic computation of an Eisenstein-integer orbit tower verifying it evades B496's real-case ejection bound (kappa_2 = -46 < 2).	Hardcoded verbatim statements of B496's banked PROVED result (trace map formula, kappa-factorization, ejection bound) taken as given from the cited frontier/B496_tm_endomorphism record; no external file imports.	1		V1 — bench's L vs B496's T1: IDENTICAL = True ...V2 ... ALGEBRAICALLY THE SAME: True ...level 2: z = (-10, 0), kappa = (-46, 0) ...**the record's own tower EVADES B496's '>= 2 over R'** ...Gate 5 untouched. EXIT=0
D010	outside_bench/certificates/bit_ledger.py	PASS	Exact rational-pair arithmetic over Q(omega) (omega root of X^2-X+1) computing traces of all reduced words to length 8 in a 2-generator matrix group; verifies all traces are integral in Z[omega] (never require a larger field), that tr(a) and tr(ab) generate exactly Z[omega], and symbolic (sympy) verification that the minimal polynomial's two roots are exchanged by complex conjugation with Galois group Z/2 acting simply transitively.	Hardcoded relator word 'abaBAbabAB' and generator matrices Ma, Mb (cited from memo 107/109); no external files.	2		L3 (SPENT ONCE, NEVER AGAIN): all 13120 reduced words to length 8 have     traces in Z[omega] — 0 non-integral, 180 distinct values; ...L4 (downstream determinism): ... real parts EQUAL, imaginary parts     OPPOSITE... Gate 5 untouched. EXIT=0
D010	outside_bench/certificates/branch_bit.py	PASS	Symbolic (sympy exact) enumeration of a finite list of candidate symmetries of a Fricke-slice dynamical system, checking each for kappa-preservation, fixed-point status at the trivial rep, commutation/reversal with the flow T^2, and (for flow-commuting fixers) action on the exact golden-ratio unstable eigenvector v_u; concludes no symmetry swaps branches (v_u -> -v_u) among flow-commuting fixers, but one candidate exactly time-reverses the flow.	Hardcoded banked data cited from memo 94 (the flow map T, trivial rep P0=(2,2,2), exact eigenvector v_u and eigenvalue phi^4) and a manually enumerated finite candidate symmetry list; no external files.	2		"re-pinned: v_u is the exact phi^4 eigenvector of D(T^2) at (2,2,2). ...OUTCOME: NO SWAP — no candidate symmetry ... THE BRANCH BIT SURVIVES... RECORDED: time-reversing symmetries found [(""s o e'"", True)] ... Gate 5 untouched. EXIT=0"
D010	outside_bench/certificates/breaking_chains.py	PASS	Exact/symbolic (sympy, exact rationals) computation within an E6 root-system construction (loaded by exec'ing part of twisted_double.py): builds the 27-dim representation, verifies it respects all 3003 Chevalley brackets, rebuilds a forced-hypercharge vev direction, finds exactly 2 SM-safe vev directions in the 27, verifies the surviving Cartan torus has dimension 4 (=rank of SM gauge group) and computes the GF(2) lattice of surviving Z/2 gradings (15 nontrivial), checking whether known patterns (psi matter-parity, lock pattern) survive.	Imports (via exec of a source slice) outside_bench/certificates/twisted_double.py for the E6 root system, weight data, and helper functions (ROOTS, weights, ipr, rho27_Q, etc.); relies on memo 70's forced-hypercharge construction and memo 56/61's frame conventions as cited context.	3		stage 1 VERIFY: rho27 respects ALL 3003 Chevalley brackets: PASS stage 3: relator acts as identity on the 27: PASS FACT 1: SM-safe vev directions ...: 2 -> states [1, 17] FACT 2: surviving Cartan torus dimension = 4 (expect 4 = rank SM) ...contains color Cartan + T3 + Y: True FACT 3: ... NONTRIVIAL surviving Z/2 gradings of the 27: 15 EXIT=0
D010	outside_bench/certificates/c1_weyl.py	PASS	Numerical (mpmath, 30-digit precision) derivation of a cusp-spectrum zero-counting law N(T) for K=Q(sqrt(-3)): verifies the functional equation of the completed L-function Lambda_K to relative error <1e-18, shows the Stirling-expansion constant term numerically vanishes (<1e-5) as T grows, recomputes a census of 108 zeros (43 Riemann zeta zeros via mpmath zetazero + 65 zeros of L(chi_-3) found by bisection) to T=130, and checks the preregistered gate |N_obs(T) - theta_K(T)/pi| < 2 at 5 checkpoints.	mpmath's zetazero for the Riemann zeta zero census (external library computation, not hardcoded); the banked comparison count '43+65=108' is cited but independently recomputed in-run and matched exactly; no other external files.	5		functional equation Lambda_K(s) = Lambda_K(1-s), relative errors: [2.02e-31, 1.58e-31, 5.04e-31] census recomputed: 43 zeta zeros + 65 L(chi_-3) zeros = 108 (banked: 43+65=108) ...preregistered gate |S(T)| < 2 at all checkpoints: True EXIT=0
D011	outside_bench/certificates/c2_habiro.py	PASS	Exact (sympy, in Z[q,q^-1] and Z[zeta_n]/Phi_n) verification of the Habiro/cyclotomic sum-form of the colored Jones polynomial of the figure-8 knot: J_2 matches the classical Jones polynomial and J_N(q)=J_N(1/q); the Kashaev bridge J_N(zeta_N)=<4_1>_N holds exactly for N=5,7,9; and a p-adic congruence tower of pi-adic valuations (via resultant norms) for p in {2,3,5}, r=1,2 is measured exactly, landing on a universal law v_pi=2 rather than the originally preregistered growing-valuation branch.	none (self-contained sympy computation; cites the classical Jones polynomial of 4_1 and Habiro's cyclotomic-coefficients-all-1 form as external anchors, used only as an in-script assertion target)	3		MEASURED LAW: v_pi(difference) = 2 UNIVERSALLY (all p, all r): True   v_pi(2 - zeta - zeta^-1) at level 4: 2 ... at level 125: 2  C2 / C-AD3 CLOSED ON THE PREREGISTERED SECOND BRANCH, with the law exact: ... Placement/structure only; Gate 5 untouched. [exit code 0]
D011	outside_bench/certificates/c2b_ohtsuki_bridge.py	PASS	Exact (sympy, integer Taylor coefficients in Z[[t]], t=q-1, and pi-adic valuations via resultant norms in Z[zeta]) verification that the Ohtsuki/Taylor expansion at q=1 of the unified figure-8 element approximates each root-of-unity evaluation I(zeta_{p^r}) to pi-adic order at least the truncation length N, for p^r in {4,8,9,27,5,25} and N in {4,6,8,10} — the preregistered gate v(N,p^r)>=N everywhere.	the machinery/table from c2_habiro.py (I_at_level definition) reproduced inline; otherwise self-contained sympy computation	4		preregistered gate v(N, p^r) >= N everywhere: True  C2b CLOSED: the Taylor/Ohtsuki germ at q = 1 approximates EVERY p-power evaluation to pi-adic order at least the truncation length ... Placement/structure only; Gate 5 untouched. [exit code 0]
D011	outside_bench/certificates/c3_ohtsuki_large.py	FAIL	Numerical (mpmath, 120 decimal digits) asymptotic expansion of the Kashaev invariant <4_1>_N for N up to 4000, fitting the 1/N series coefficients c0,c1,c2 by a Vandermonde solve on the N-ladder, then attempting PSLQ integer-relation recognition of c1,c2 in a basis of {1,pi,1/pi,sqrt3,Vol,...} with the preregistered gate requiring >=60 stable digits before recognition is trusted.	none beyond mpmath (Vol computed in-script via Cl2(pi/3); no external data files; c3_ladder.txt checkpoint was absent so full N-ladder [400..4000] was computed fresh in this run)	240	Script has no assert on the PSLQ outcome (exit 0), but its own preregistered gate (stable digits >= 60 before a PSLQ relation may be trusted) is explicitly not met: stable digits ~17 (c1) and ~13 (c2), yet PSLQ still emits large-height integer relations (heights ~1e7-1.5e8) for both c1 and c2 that the script's own gate says are not reliable at this precision -- so the printed PSLQ relations do not constitute a validated recognition and the certificate's stated preregistered outcome is not satisfied.	stable digits: c1 ~ 17, c2 ~ 13  (gate: >= 60 for recognition) PSLQ(c1): [-4850164, -107941735, -88227247, 92114383, -77549873, 1345497, -82071196, -2677092, -57005583, -102769586, 95948433, 34023491] PSLQ(c2): [-58733772, -50489661, 3754069, -92200574, 37276698, 150379790, 137375552, -35625984, 62360272, -17937297, -11715373, -4069523] [exit code 0, no assertion, but the docstring's own >=60-digit gate is unmet]
D011	outside_bench/certificates/c4_gue_larget.py	TIMEOUT	Numerical test (mpmath zetazero + bisection root-finding, KS statistic) of whether the merged, unfolded nearest-neighbor spacings of >=3000 zeros of zeta(s) and L(s,chi_-3) follow the GUE Wigner-surmise distribution rather than Poisson, at T up to 3000, per its own preregistered two-outcome gate (p_GUE>0.01, p_Poisson<1e-6, D_GUE<D_Poisson).	none beyond mpmath; script computes zeta and L(chi_-3) zeros itself and checkpoints them to c4_zeros_zeta.txt/c4_zeros_L.txt in the run directory (resumable), consistent with its documented multi-hour runtime	600	exceeded the 600s budget: only 1661 zeta zeros (to t~2154) had been found (and 0 L-zeros yet) when killed by timeout, well short of the T=3000 / >=3000-zero target needed for the KS verdict	C4: scanning to T = 3000.0   zeta zeros: 200 (t=395.6)   ...   zeta zeros: 1600 (t=2088.7) Terminated [killed by 600s timeout; exit 143]
D011	outside_bench/certificates/c4b_superposition.py	PASS	Numerical (scipy KS test) comparison of merged zeta_K=zeta*L(chi_-3) unfolded spacings against single-GUE vs. a closed-form 2-fold GUE superposition surmise, using B1151's pre-committed zero data (2469 zeta + 2991 L(chi_-3) zeros to T~3000); checks anchor reproductions A1/A2 (matching cited D-values to 1e-3), the positive claim S1 (D_superposition<0.06 and <D_single/2), and control C1 (each factor alone fits single-GUE better than the superposition) via assert statements.	committed raw zero data files outside_bench/certificates/c4data/c4_zeros_zeta.txt and c4_zeros_L.txt (B1151, main @522c7caa, per the docstring); cited comparison numbers D_zeta=0.0401, D_L=0.0487, D_merged_single-GUE=0.13365 (B1151's own results, asserted as anchors)	6		A1: zeta alone  D=0.0401 (B1151: 0.0401)  p=0.000685 A1: L alone     D=0.0487 (B1151: 0.0487)  p=1.36e-06 A2: merged vs single-GUE  D=0.13359 (B1151: 0.13365)  p=2.03e-85  mean=1.000100 S1: merged vs 2-fold GUE SUPERPOSITION  D=0.02400  p=0.00365 C1: zeta alone vs superposition D=0.1802 (vs GUE 0.0401); L alone D=0.1914 (vs GUE 0.0487) [exit code 0, all asserts passed]
D012	outside_bench/certificates/c5_qp1.py	PASS	On the Riley representation family of m004 (A=[[m,1],[0,1/m]], B=[[m,0],[s,1/m]]), it computes the exact geometric Riley curve phi(m,s)=0 (degree 2 in s) via symbolic polynomial factorization of the relator, then checks symbolically whether tr(longitude) separates the two branch points s1,s2 over a fixed meridian eigenvalue m; it finds S(m) (the antisymmetric part of tr(lambda) mod phi) is identically 0, i.e. boundary character is blind to the interior bit, and further verifies exactly (at m=7/5) that the two branch longitude eigenvalues multiply to 1, differ, and the fiber discriminant is negative. All checks are exact/symbolic (sympy), no floating point or tolerance.	none (pure symbolic computation from the stated Riley matrices and word choices; sympy only)	5		S(m) = beta(m), factored: 0 S identically zero (boundary blind): True ...    L1 * L2 = 1   (1 = the fiber swaps L <-> 1/L)    L1 == L2: False  (False = the ORIENTED eigenvalue separates) fiber discriminant at m = 7/5: -2758899/390625  (< 0: the two interior points are complex conjugate) QP-1 CLOSES ON THE PREREGISTERED SECOND BRANCH, WITH THE MECHANISM EXACT:
D012	outside_bench/certificates/cancellation_residue.py	PASS	In exact pair (Z[omega]) arithmetic and symbolic polynomial algebra, it checks: P1 kappa-2 = omega^2 exactly for a specific hardcoded holonomy pair (Ma,Mb); P2 this residue is nonzero; P3 a symbolic polynomial identity that the residue transforms multiplicatively under a specific layering substitution (verified via sympy expand to be exactly 0 after subtraction); P4 that none of 7 successive tower iterates (computed via exact pair-arithmetic matrix products) of the cofactor vanish. All checks exact (rational/symbolic), no tolerance.	hardcoded holonomy matrices Ma, Mb and the layering map L defined in-script; cites memo 86/106, B161, B496 as sources for the constants/formulas being re-verified, but the arithmetic itself is self-contained	3		residue := kappa - 2 = -1 + 1*omega = omega^2 EXACTLY. ... residue' = residue * (x**2 + y**2 - x*y*z)     [symbolically exact] ... NO cofactor vanishes on the tower (levels 0-6 checked exactly).
D012	outside_bench/certificates/carrier.py	PASS	Builds an exact 54x54 (C^2 tensor 27) pi1-module representation over Q(q) by importing e6/27-rep machinery from twisted_double.py, then checks exactly (rational arithmetic, no floats): (1) the relator word maps to the 54x54 identity; (2) a joint spin/internal weight table has exactly 24 'doubly-odd' and 30 'doubly-even' states; (3) a proposed beat map intertwines the a,b generators exactly and its square equals rho(a) (the meridian); (4) the lift-ambiguity sign operator C_Psi equals +1 exactly on the 24 doubly-odd states and -1 on the 30 others.	outside_bench/certificates/twisted_double.py in the same directory (executed via exec() up to a marker, providing ROOTS/DIM/N/evec/br/rho27_Q etc.); cites memo 45/46/28/29 as motivating sources for the construction	5		relator = +I_54 on Psi: True doubly-odd (spinor x internal-doublet) states: 24 (expect 24); spinor x internal-singlet: 30 (expect 30) beta_Psi rho(a) beta^-1 = rho(a): True beta_Psi rho(b) beta^-1 = rho(w(b)): True beta_Psi^2 = rho_Psi(a) (the MERIDIAN on the carrier): True C_Psi = (-I_2)(x)C_27 acts as +1 on 24 states, -1 on 30 states
D012	outside_bench/certificates/census_distinct.py	PASS	Rebuilds, via exact Fraction-arithmetic linear algebra on the E6 Chevalley basis (imported from twisted_double.py), all 20 nonzero nilpotent orbit characteristics of E6, verifies each gives an exact sl2 triple ([e,f]=h,[h,e]=2e,[h,f]=-2f), computes each orbit dimension as 78 - exact-rank(ad e), and checks the resulting multiset [22,...,72] against two independently-cited closed-form facts (Kostant's theorem: regular orbit dim = dim(g)-rank(g) = 72; minimal orbit dim = 2*h^vee-2 = 22) plus universal evenness — all pass. It also deliberately asserts non-equality with a stated-mistranscribed reference list and asserts exactly 11/20 sorted positions coincide, both of which are the script's own preregistered (corrected) expectations and both pass.	outside_bench/certificates/twisted_double.py (executed via exec(), providing ROOTS/DIM/N etc.); cited constants: dual Coxeter number h^vee(E6)=12, Kostant's theorem, and a hardcoded 'reference draft' orbit-dimension list from Carter's book used only as a deliberately-mismatched comparison target	4		Kostant check PASSED: dim z(e_regular) = 6 = rank(E6) = 6; regular orbit dim = 78-6 = 72. minimal-orbit check PASSED: min computed dim = 22 = 2*h^vee(E6)-2 = 2*12-2 = 22. evenness check PASSED: all 20 computed orbit dimensions are even. ... 11/20 positions agree with the reference draft; disagreement begins exactly at the point where the draft's duplicated-54 / missing-72 transcription error takes effect.
D012	outside_bench/certificates/center_lock.py	PASS	Using the same e6/27-rep machinery (imported from twisted_double.py), it checks exactly (rational arithmetic): FACT1 that (-1)^(H_diag weight) equals the previously-defined lock operator C_Psi on all 54 slots, and (-1)^wt equals C_27 on the internal 27; FACT2 re-derives the diagonal-sl2 decomposition of Psi (6 spin1 + 15 spin1/2 + 6 spin0) and computes the commutant dimension as 6^2+15^2+6^2=297; FACT3 that the central element's image on the carrier is exactly {I, C_Psi} with C_Psi^2=I and C_Psi != I.	outside_bench/certificates/twisted_double.py in the same directory (executed via exec() up to a marker); cites memo 46/50/51, B1146, cc3(B8111/B8118) as sources for constructions being re-verified; standard CITED facts used but not recomputed: Zariski density, Z(SL2)={+-I}	5		FACT 1: (-1)^(H_diag) == C_Psi on all 54 slots: True; (-1)^wt == C_27: True FACT 2: Psi|_diag-sl2 = 6 spin1 + 15 spin1/2 + 6 spin0 (re-derived);    commutant of the closure: dim = 6^2+15^2+6^2 = 297 FACT 3: the center's image on the carrier = {I, C_Psi}, C_Psi^2 = I, C_Psi != I
D013	outside_bench/certificates/charter_pin.py	PASS	A drift guard that checks four hardcoded banked-output strings (from grav_ablation_out.txt, geodesic_tongue_out.txt, psi_survival_out.txt, one_bit_out.txt) are still present verbatim in the lane's outputs directory — a string-containment pin, not a new computation.	Four pre-existing output files in outside_bench/outputs/ (grav_ablation_out.txt, geodesic_tongue_out.txt, psi_survival_out.txt, one_bit_out.txt) generated by other memos/certificates; hardcoded needle strings cited to memos 77/78/79/81.			E2 pinned: grav^2 Y load-bearing; cubic redundant (memo 78) E3 pinned: exact spectrum, mirror-symmetric, systole 2-w (memo 81) E6 pinned: SM torus exact; family charge dies gcd-1 (memo 77) E7 pinned: chirality character-invisible, orientation visible (memo 79)  CHARTER PIN GREEN: the four bench anchors of THE_GRAVITY_CHARTER.md stand as banked.
D013	outside_bench/certificates/class_group_953.py	PASS	Exact symbolic/arithmetic computation with sympy: verifies disc(x^3-12x+5)=6237 equals the cited field discriminant (so Z[theta]=O_K), checks a banked minimal polynomial acquires a root over Q(theta) (same-field gate), reproduces a banked mod-p splitting table for p<=17, then harvests principal-ideal relations over a bounded integer box to compute the class number upper bound (Smith normal form of the relation lattice) and asserts h(K)<=1, plus exhibits an explicit norm-953 element.	Hardcoded banked constants cited to other memos: the discriminant value 6237 (B931 round_two), the m_S minimal polynomial coefficients (B928), and the banked mod-p splitting table (B931); no external files, sympy only.			relation harvest: 565 relations (box 7); lattice rank 7/7; Smith diagonal [1, 1, 1, 1, 1, 1, 1] CLASS-GROUP UPPER BOUND from the harvested principal relations: h <= 1 ... EXHIBIT: alpha = -26 + -1 theta + 2 theta^2 has N(alpha) = 953 —    P1(953) is PRINCIPAL WITH AN EXPLICIT GENERATOR
D013	outside_bench/certificates/clocks_inventory.py	PASS	A numerical (mpmath, 60 dp) recomputation of an exact integer/quadratic-integer trace tower for a Fricke-map layer flow, showing the ratio log|z_{n+1}|/log|z_n| converges to 2 (super-exponential growth), then narratively compares that rate against a separately hardcoded golden-ratio pulse rate; no assert statements — the script prints its computed numbers and a textual verdict, exiting 0.	Hardcoded matrices/generators (Ma, Mb) and the omega=1/2+i*sqrt3/2 basis definition; cited banked facts from memos 90/94/118/119 and B721/B716 used only in the narrative commentary, not in the computed numbers.			the ratio converges to 2.0006311232 -> EXACTLY 2:     the layer flow is SUPER-EXPONENTIAL (log|z| doubles each level). ... => DIFFERENT GROWTH CLASS. ... EXIT:0
D013	outside_bench/certificates/closure_claim_sweep.py	PASS	A heuristic text-mining/IDF scanner over the repo's arc_verdict.json corpus and doc surfaces that flags 'permanence' claims lexically matched to an arc whose own text or verdict marks a route still open; it is self-validated by a binding two-sided control (a synthetic positive case must flag, a synthetic negative must not) rather than by a mathematical proof.	The live repo corpus: all frontier/*/arc_verdict.json files (1122 arcs) and the listed doc/paper surfaces (docs/*.md, papers/P3_THE_PAPER/main.tex, outside_bench/*.md); hardcoded regexes for CLOSED_MARK/HEDGE_MARK/LIVE_ROUTE phrase lists and a stopword list.			CONTROL: positive 1, negative 0  =>  M1-DISCRIMINATES ... M-2  SWEEP: 25 permanence claims with a strongly-matching OPEN arc ... OUTCOME: M2-FINDINGS EXIT:0
D013	outside_bench/certificates/cp1_strata.py	PASS	Exact rational (Fraction) linear-algebra computation over e6 (sourced from twisted_double.py's verified 27-dim representation): enumerates all nilpotent characteristics via sl2-triple existence, asserts exactly 20 nonzero ones (matching E6's known nilpotent orbit count), independently rebuilds the 16 Levi-principal characteristics, isolates the 4 distinguished-non-regular strata, computes each one's exact 27-weight spectrum parity, and verifies an exact 'beat closure' relator/intertwining identity on the odd (lift-sensitive) stratum.	outside_bench/certificates/twisted_double.py, executed via exec() for its e6 root system, bracket function br(), and the verified 27-dim rep rho27_Q (self-checked there against 3003 Chevalley brackets); cited comparison targets from memo 2 (16 Levi-regular strata, 6 projective) and memo 29 (fermion-capability criterion).			nonzero nilpotent characteristics found: 20  (CONTROL: expect 20 = E6's nonzero orbit count) distinct Levi-principal characteristics: 16  (CONTROL: memo 2's 16) ... beat closure on c=(1, 2, 1, 0, 1, 1): relator=+I: True; Omega^2=A27: True; intertwinings: True ... projective totals: Levi-regular 6/16 (CONTROL: memo 2's 6) + distinguished 3/4 = 9/20 EXIT:0
D014	outside_bench/certificates/cp_column.py	PASS	Exact/symbolic check that two forced coupling tensors from the E6/E8 construction (the unique rational nullspace vector C on the 27, and the E8 family vertex T) have every entry in Q (in fact in {-1,1} and kappa*Z with kappa=-60), so no rephasing-invariant product of entries can be non-real — hence the object forces zero CP-odd phase in both banked channels.	Imports/execs code from outside_bench/certificates/twisted_double.py (E6 algebra + 27-rep construction, up to its stage-4 marker) and outside_bench/certificates/e7_ladder.py (E8 Cartan/root construction helper), both in-repo; no external data files; all computation is exact rational arithmetic (fractions.Fraction) with hardcoded E8 Cartan matrix and construction steps from memos 47/48/53/50.			stage 1 VERIFY: rho27 respects ALL 3003 Chevalley brackets: PASS stage 3: relator acts as identity on the 27: PASS FACT 1: the unique 27-coupling C: dim 1 over Q, all 45 entries in {+1,-1}    after one normalization — ENTIRELY RATIONAL (memo 47 reproduced) FACT 2: the E8 family vertex T: all 1620 entries in kappa*Z = {-60, 60}    — ENTIRELY RATIONAL (kappa = -60, memo 53 reproduced) FACT 3: ... every product of entries in either channel is a nonzero RATIONAL — REAL. BRANCH REAL: ...
D014	outside_bench/certificates/cusp_beat.py	PASS	Exact symbolic computation over the quadratic ring Q(q), q^2=q-1, of the beat involution's action on H1 of the cusp torus of the figure-8-knot-complement-type manifold: verifies the peripheral relator holds, the banked longitude trace is -2, meridian/longitude commute, beta(meridian)=+meridian, and beta(longitude)=+longitude^{-1} exactly (by direct comparison against the four sign/inverse candidates), concluding Omega_cusp = diag(1,-1).	Self-contained: hardcoded 2x2 matrices A,B (SL2 generators), the longitude word 'bABaaBAb', and the beat matrix W=[[1,q],[0,1]] over Q(q); no external files. Compares against banked prior results (memo 16/28) only descriptively, not as loaded data.			relator R(A,B) = +I: True (the chi=+1 lift) longitude lambda = bABaaBAb: trace = (Fraction(-2, 1), Fraction(0, 1))  (banked: -2 on this lift) peripheral check: [mu, lambda] = 1: True beta(mu) = +mu: True beta(lambda) among {+-lambda^{+-1}}: ['+lambda^-1'] => Omega_cusp = [[1,0],[0,-1]] on H1(dM;Z) ...
D014	outside_bench/certificates/cusp_six_census.py	PASS	Numerical/exact enumeration via SnapPy: searches covers of m004 up to degree 6 for any with exactly six cusps and for any cover with nonzero Chern-Simons invariant (tolerance 1e-9); both outcomes are reported as the script's own verdict lines (no assert failures — it is a two-branch descriptive census, not a single pass/fail assertion), concluding no six-cusped cover exists to degree 6 and all covers examined have |CS|<1e-9 (i.e. CS=0 within tolerance).	snappy library (installed) computing m004 covers/volumes/Chern-Simons numerically; degree bound MAXDEG=6 (CLI overridable, default used); no external data files.			covers with EXACTLY SIX cusps: 0 OUTCOME: C1-NO-SIX   (searched to degree 6) covers examined                : 19 covers with |CS| > 1e-09        : 0 max |CS| over all covers       : 6.299e-16 OUTCOME: C2-ALL-ZERO SUMMARY: C1-NO-SIX | C2-ALL-ZERO
D014	outside_bench/certificates/d2_scope.py	CANNOT_RUN	Would perform statistical/exact tests (Kendall tau, 20000-shuffle permutation null, exact tolerance-based monotonicity/violation counts) on a banked JSON dataset of (p,q,vol,CS) census closings to compare the 'trajectory' vs 'variable' readings of the D2 clock-coherence question.	outside_bench/certificates/_oa_source.py helper module; a pinned git commit SHA (3c58527bc3851ae44fef4f48ecc1eac8aa9dd41b) that must contain frontier/B1197_clock_coherence/verification/b4_global.json (banked B1197 census data, rows of p,q,vol,abs_cs, n_violations); hardcoded constant CUSP=2.029883212819; TOL=1e-9.		Missing dependency: the script's PINNED_REF commit 3c58527bc3851ae44fef4f48ecc1eac8aa9dd41b (hardcoded in outside_bench/certificates/_oa_source.py) is not present as a git object in this worktree/clone, so it cannot materialize frontier/B1197_clock_coherence/verification/b4_global.json from that ref even though the file exists on disk at HEAD.	RuntimeError: git show 3c58527bc3851ae44fef4f48ecc1eac8aa9dd41b:frontier/B1197_clock_coherence/verification/b4_global.json failed: fatal: path 'frontier/B1197_clock_coherence/verification/b4_global.json' exists on disk, but not in '3c58527bc3851ae44fef4f48ecc1eac8aa9dd41b' (git cat-file -t on that SHA: 'fatal: bad object 3c58527bc3851ae44fef4f48ecc1eac8aa9dd41b' — the pinned commit object does not exist at all in this worktree's git history.)
D014	outside_bench/certificates/dark_beat.py	PASS	Exact computation (over Q via the E6 27-representation) of whether the beat operator U27 (nilpotent exponential of the bridge-root generator) preserves the family grading 16+10+1 and its Z/2 parity P on the 27 weight states, versus the object's own lock C_27; verdict measured (preregistered as a two-outcome test, not asserted to a specific side) as: beat does NOT preserve family class or parity P (6/27 states cross), but DOES preserve the lock C_27 (asserted and confirmed True on all 27 states).	Execs outside_bench/certificates/twisted_double.py (E6 algebra/27-rep construction) up to its stage-4 marker, in-repo; no external data files; exact rational (Fraction) arithmetic throughout.			beat (U27) on the 27: 6/27 basis states leave their family class;                       6/27 flip parity-P components; 21/27 untouched contrast — the lock C_27 is preserved by the beat on every state: True => the family/dark split (16+10+1) and its matter parity P are NOT beat-covariant...
D015	outside_bench/certificates/dark_carrier.py	PASS	Exact-arithmetic (Fraction/rational) check on the E6 27-dim rep that the internal ladder operator E27 connects only (16-bottom to 10-top) or (1-bottom to 16-top) family classes with charge shift -3 (rank-verified: rank 5 from 16-bottoms, rank 1 from singlet-bottom), that carrier slot counts by class (32/20/2) and locked-matter counts (12/10/2) match hardcoded expectations, and that the 12-dim joint cusp-fixed space decomposes by class with computed d_proj/d_int values — all via exact linear algebra over Q plus assert statements.	outside_bench/certificates/twisted_double.py (execs its stage-0..3 setup code: E6 root system, principal sl2 embedding, 27-dim crystal weights, rho27 representation); hardcoded expected values (16,8,0 principal strings; multiplicities 16/10/1; ranks 5,1; class sizes 32/20/2).			stage 1 VERIFY: rho27 respects ALL 3003 Chevalley brackets: PASS FACT 1: E27 support pairs by (bottom class -> top class): {('1', '16'): 1, ('16', '10'): 5}    chain census: rank from 16-bottoms = 5 (expect 5), from singlet-bottom = 1 (expect 1) FACT 2: carrier slots by class: {'1': 2, '16': 32, '10': 20}; locked (matter) per class: {'1': 2, '16': 12, '10': 10} FACT 3: joint cusp-fixed space dim = 12 (expect 12) ... EXIT:0
D015	outside_bench/certificates/dark_law_p2.py	PASS	Exact symbolic (Z[zeta_{p^2}] reduced mod cyclotomic polynomial) verification of Gauss-sum lemmas G1/G2 at p in {3,5,7}, an exact full sweep of a degenerate quadratic exponential sum classifier at p in {3,5} (every (j,l) point, N=p^2, matched via exact cyclotomic-integer arithmetic), a float (1e-5) sweep at p in {7,11,13}, sympy symbolic polynomial identities for the four count formulas, and a p=11 recursion check — all via assert statements.	sympy (cyclotomic_poly, Poly.rem) and numpy for exact/float arithmetic; no external data files; cites B534/B566-S1 banked results as motivation but does not import them, re-derives and checks independently.			EXACT SWEEP p=3: all 81 points match the classifier in Z[zeta]; counts exact EXACT SWEEP p=5: all 625 points match the classifier in Z[zeta]; counts exact FLOAT SWEEP p=7: all 2401 points match; counts exact FLOAT SWEEP p=11: all 14641 points match; counts exact FLOAT SWEEP p=13: all 28561 points match; counts exact COUNTS: the four formulas are polynomial identities summing to p^4 RECURSION p=11: 9 of 10 prime-dark classes wholesale dark; EXIT:0
D015	outside_bench/certificates/dark_ledger.py	PASS	Exact rational-arithmetic check that the E6 27-rep u(1) family charge takes exactly 3 values with multiplicities {16,10,1} satisfying two conservation identities, that the 45 weight-zero cubic triples (enumerated directly from crystal weights) split only into types {16,16,10} (40) and {10,10,1} (5), that a defined matter parity is conserved on all 45 triples, and a measured cross-table of family class vs. bridge weight showing the object's lock is independent of matter parity.	outside_bench/certificates/twisted_double.py (execs its stage-0..3 E6/27-rep setup); hardcoded expected multiplicities [1,10,16] and triple-type set.			FACT 1: u(1) charge multiset on the 27: {4: 1, 1: 16, -2: 10} FACT 2: the 45 cubic triples by family type: {('1', '10', '10'): 5, ('10', '16', '16'): 40} FACT 4: matter parity P (=-1 on 16, +1 on 10,1) conserved by all 45 triples: True    lock C_27 == P: False;  lock == -P: False    => INDEPENDENT Z/2s: joint distribution {(1, -1): 6, (-1, -1): 6, (-1, 1): 10, (1, 1): 5} EXIT:0
D015	outside_bench/certificates/dark_tower.py	PASS	Exact symbolic sweep (Z[zeta_27], all 729 points) at (p,e)=(3,3) plus float sweeps (tolerance 1e-5, 500k+ points total) at (3,4),(5,3),(7,3),(5,4) verifying a magnitude classifier |T(j,l)|=p^{a/2} for a family of quadratic exponential sums, including spectrum, unique-survivor location/loudness, and wholesale-dark-class checks — via assert statements comparing computed |T|^2 to the classifier.	sympy (cyclotomic_poly, Poly.rem) and numpy; no external data files; extends dark_law_p2.py's classifier to general prime-power depth e, self-contained.			EXACT SWEEP (p,e)=(3,3): all 729 points in Z[zeta_27] ...    PASS; shell counts {0: 101, 1: 567, 3: 54, 9: 6, 27: 1} FLOAT SWEEP (p,e)=(5,4): all 390625 points match; survivor (2,623) at |T|^2 = p^4; shells {0: 49479, 1: 328125, 5: 12500, 25: 500, 125: 20, 625: 1} EXIT:0
D015	outside_bench/certificates/dark_tower_counts.py	PASS	Sympy symbolic proof by induction that a geometric shell-count sum has closed form p(p^{2e-2}-1)/(p+1), a symbolic identity that ACTIVE+DARK+shells+survivor sums to p^{2e}, an e=2 specialization check against memo-87 formulas, and numeric verification of the closed-form shell counts against the direct classifier at twelve (p,e) depths — all via assert statements on exact sympy expressions and exact integer counts.	sympy (symbolic summation/simplify); the classify() function re-implemented inline (same logic as dark_tower.py's classifier); no external data files.			SYMBOLIC: sum_a shell(a) = p(p^{2e-2}-1)/(p+1) PROVED by induction (base + step) SYMBOLIC: ACTIVE + DARK + shells + survivor == p^{2e} identically   (p,e)=(13,3): all 5 shell counts match the closed forms exactly EXIT:0
D016	outside_bench/certificates/degree_ledger.py	PASS	That every quantity in a curated ledger of ~19 dimensionful/dimensionless quantities of the object's record has an INTEGER degree under length-scaling L->lam*L (rank-1 lattice, Gate A), that 8 banked cross-relations among them are symbolically degree-homogeneous in an indeterminate lam via sympy (Gate B), and that all tick-schedule rows have degree 0 (Gate C) -- exact/symbolic checks plus string-matching (has()) against hardcoded pure-number anchors in outputs/own_meter_out.txt.	hardcoded LEDGER table of 19 quantities with asserted degrees and citations (memo/B-number tags), hardcoded RELS list of 8 scaling relations, and a required file outside_bench/outputs/own_meter_out.txt containing specific pinned numeric strings (Vol=2.0298832128193072500424051085490405718833786150606, 1.08707014499574, 0.96242365011920689) cited to memo 91.	2		GATE A PASS: 19 ledger rows, degree set [-2, 0, 1, 3] — all integers,    generating a RANK-1 lattice: ONE scale suffices for the whole record. GATE B PASS: all 8 banked cross-relations are DEGREE-HOMOGENEOUS    under L -> lam L (symbolic, identically in lam) — no relation smuggles    a second scale.    (pure-number anchors re-pinned from memo 91's banked output.) GATE C PASS: every tick-schedule row has degree 0 — the schedule IN TICKS    is pure object structure (stretch phi, entropy 2 log phi, counts).
D016	outside_bench/certificates/depth_lock.py	PASS	Exact rational-arithmetic (Fraction) computation of the Jordan type of the meridian action N=rho_Psi(a)-I on the 54-dim carrier Psi=C^2 (x) 27 built from the E6 root system (via twisted_double.py, imported by exec): asserts N^3=0, rank N=27, rank N^2=6 giving Jordan type 6J3+15J2+6J1; that a diagonal sign operator C_Psi commutes exactly with both generators rho(a),rho(b); that restricted to the 24-dim '+1' sector the Jordan type is exactly 6J3+6J1 (odd chains only) and on the 30-dim '-1' sector exactly 15J2 (even chains only); and that a beat operator BtP commutes with C_Psi and preserves the filtration (via an exact matrix identity beta*rho(a)*beta^-1=rho(a)).	imports/execs code from outside_bench/certificates/twisted_double.py (E6 root data, rho27_Q representation, nilexp/toF helpers) up to a marker string '# ---------------- stage 4'; cites prior memo results (memo 46, memo 49) as motivating context but recomputes everything itself in exact Fraction arithmetic.	3		FACT A: rank N = 27, rank N^2 = 6, N^3 = 0   Jordan type of the meridian on Psi: 6 J3 (+) 15 J2 (+) 6 J1 FACT B: C_Psi commutes with rho_Psi(a): True; with rho_Psi(b): True FACT C: LOCKED sector (dim 24): 6 J3 (+) 0 J2 (+) 6 J1         UNLOCKED sector (dim 30): 0 J3 (+) 15 J2 (+) 0 J1 FACT D: BtP = W (x) U27 commutes with C_Psi: True         beta_Psi rho(a) beta_Psi^-1 = rho(a) re-verified: True
D016	outside_bench/certificates/dm_census.py	PASS	Exhaustive enumeration (exact modular arithmetic, brute-force product()) over 376,760 affine characters w -> zeta_n^(<a,w>+c) for n=2..6 on the 27 weights of E6's minuscule rep (built from twisted_double.py), asserting stab==0 for every n: no character's charged set is a nonempty subset of the two identified 'neutral' weight indices {N1,N2}, i.e. no abelian character stabilizes either dark-matter candidate slot.	imports/execs outside_bench/certificates/twisted_double.py for the 27-weight data (E6 root system); reuses memo-122 method to identify N1/N2 from grading-level sizes {16,10,1} and {10,5,1}.	3		     n  (a,c) pairs  stabilizers   min |charged|   max |level set|      2          128            0              11                16      3         2187            0              12                15      4        16384            0              11                16      5        78125            0              11                16      6       279936            0              11                16   Zero stabilizers out of 376760 (a, c) pairs tested.
D016	outside_bench/certificates/dm_stability.py	PASS	Exact computation, from E6 root data (twisted_double.py), of the two 'neutral' weight indices N1 (SO(10) singlet) and N2 (SU(5) singlet in the 16) by basis-independent grading, then a check of whether any of 4 hardcoded Klein-four-group sign characters (I, D2tw, D, D2tw*D, from memos 92/93) has its odd-set contained in {N1,N2}; the script's own printed verdict is 'ANY banked element stabilizes N1 or N2? NO', matching the computed table (no assert on the final verdict itself, but each odd-set/stab computation is exact).	imports/execs outside_bench/certificates/twisted_double.py for E6/27-weight data; hardcoded arrays B883 (27 weight vectors), D2_B883, D_B883 (Klein-group sign characters) cited to memos 92/93, checked via assert against the computed weight set.	3		S1/S2 — THE STABILITY TEST over the banked gauge 2-torsion:        element  |odd set|    N1   N2  odd VISIBLE   stabilizes?              I          0     -    -            0   no           D2tw         11     -    -           11   no              D         12     -  odd           11   no         D2tw*D         15     -  odd           14   no      ANY banked element stabilizes N1 or N2?  NO
D016	outside_bench/certificates/duality_index.py	PASS	(D1) mechanical git-grep census of '<X> duality' phrases across the repo's primary .md corpus (143 files, 243 occurrences); (D2/D3) exact Z[omega] and sympy-symbolic classification of 11 candidate operations on the Fricke point P0=(2,2,2-omega) via the invariant kappa(x,y,z)=x^2+y^2+z^2-xyz-2, proving via polynomial identity in Z[x,y,z] that letter-swap, the three SL2 sign flips, and the Fricke map T/T^-1 preserve kappa identically while the Thue-Morse map L does not; (D4) asserts exactly one operation (Galois conjugation/mirror) is EXTERNAL (moves kappa to its Galois-conjugate value 2-omega), reproducing a 'one-bit' duality count independently.	imports _oa_source.py (pinned helper for git grep against REF, the repo itself) to read the primary .md corpus at runtime; hardcoded candidate operation list and the fixed point P0=(2,2,2-omega) with kappa=1+omega cited to memo 86; cites but does not use memo 107/109/111's realizer-search result as the independent count it claims to reproduce.	4		D1: primary documents mentioning a duality: 143; occurrences: 243 across 51 heads. D3: kappa o Thue-Morse L - kappa = (x**2 - x*y*z + y**2 - 1)*(x**2 - x*y*z + y**2 + z**2 - 4)   NOT identically 0 (all other ops: identically 0) D4: kappa(P0) = 1+w; kappa(gal P0) = 2-w  distinct     EXTERNAL classes found: 1  ->  gal (complex conj)     ==> OUTCOME A.
D017	outside_bench/certificates/dump_theta.py	NOT_A_CERTIFICATE	Not a certificate: it constructs the theta-matrix (memo-10/B1134 closing mirror) for a specific involutive swapper (found by search) as an exact 78x78 rational matrix and writes it plus the ROOTS fingerprint to theta_dump.py. It contains no assertion or pass/fail verdict of its own — it is a stage-1 data-extraction step feeding a later stage-2 decision, and it exits 0 by virtue of not checking anything.	outside_bench/certificates/simul_verify.py (execs code from it up to the 'principal triple of S0' marker to get G_swap, solve_lift, color_sig, theta_matrix, apply, DIM, ROOTS, N); writes outside_bench/certificates/theta_dump.py as output for downstream cells.			involutive swappers: 48 theta dumped: swapper #13, 78x78 rational matrix, ROOTS fingerprint 72 entries EXIT:0
D017	outside_bench/certificates/e6_boundary.py	PASS	Exact (symbolic, sympy Fraction/rational arithmetic, no numerical tolerance) verification of four preregistered facts about the E6 root lattice: (F1) the order-12 Coxeter element's 4th power M satisfies M^2+M+I=0 exactly and E6 is a free rank-3 Z[omega]-module (unimodular basis found by exhaustive search); (F2) Smith normal form of the E6 Gram matrix is diag(1,1,1,1,1,3) and M acts trivially mod 3 on the discriminant group; (F3) exact enumeration (Fincke-Pohst over Fractions) of E6* up to norm 4 gives 72 norm-2 vectors and exactly 27+27 minimal vectors in the two nontrivial cosets; (F4) the exact vacuum character (theta/eta^6 q-expansion via exact rational series inversion) has level-1 coefficient 78 = dim(e6).	none (self-contained: hardcodes the Bourbaki E6 Cartan/Gram matrix and derives everything else internally via sympy)			F1a:...M^2 + M + I = 0 EXACTLY... F1b: FREE RANK 3...(det = 1)... F2: Smith(G) = diag(1,1,1,1,1,3)... F3: EXACT enumeration of E6* (norm <= 4): ... norm 4/3 coset 1: 27 vectors ... norm 4/3 coset 2: 27 vectors ... norm 2 coset 0: 72 vectors ... F4: vacuum character (exact, from the lattice alone): dims [1, 78, 729] — level 1 = 6 + 72 = 78 = dim e6 EXACTLY... EXIT:0
D017	outside_bench/certificates/e7_ladder.py	PASS	Builds a generic simply-laced Chevalley Lie algebra (roots, Frenkel-Kac cocycle, brackets) from a Cartan matrix over exact Fraction arithmetic, validates it against E6 by reproducing the previously-banked centralizer-dimension ladder 16/8/0 as a control, then computes the analogous ladder for E7 exactly (35/9/1, with the E7 hypercharge-room generator explicitly exhibited and verified by direct bracket computation to commute with all generators and be pure-Cartan) and for E8 via a mod-two-large-primes upper bound (78/16/8, using nullity_p >= nullity_Q as the rigorous sandwich argument, no exact E8 lower bound computed here beyond the mod-p ranks).	none (self-contained: hardcodes E6/E7/E8 Cartan matrices, builds everything else internally)			E6 (control): dim 78, roots 72; ... dim z(T1) = 16 [exact] / dim z(T1,T2) = 8 [exact] / dim z(T1,T2 u color) = 0 [exact] E7: dim 133, roots 126; ... dim z(T1) = 35 / dim z(T1,T2) = 9 / dim z(T1,T2 u color) = 1 [exact]   E7 hypercharge room generator: commutes with ALL of T1,T2,color: True; pure-Cartan (a u(1) direction): True E8: dim 248, roots 240; ... dim z(T1) <= 78 / <= 16 / <= 8 [mod p sandwich upper bound] EXIT:0
D017	outside_bench/certificates/essence_census.py	NOT_A_CERTIFICATE	Not a mathematical certificate — it is a corpus-introspection/reporting script with no assertions or hardcoded expected values to check against. It reads and counts arc_verdict.json files under frontier/ and markdown docs under docs/ in the repo (verdict distribution, citation-graph 'orphaned laws' check, term-frequency census, send-queue coverage) and prints descriptive statistics plus two derived labels (E2-NO-LOSS/E2-ORPHANS, E4-QUEUED/E4-UNQUEUED) that are themselves just categorizations of the counts, not pass/fail checks against any external truth.	live contents of the repo's own frontier/*/arc_verdict.json and frontier/*/FINDINGS.md files, and docs/*.md (including docs/SPECIALIST_SEND_QUEUE.md) at run time — the numbers reported (1122 arcs, 734 PROVED, etc.) are simply whatever the current worktree's corpus state contains, not a fixed target.			arcs with arc_verdict.json : 1122   734 PROVED 65.4% / 300 NEGATIVE 26.7% / 78 OPEN 7.0% / 10 RETRACTED 0.9% creates_law = True : 69 banked LAWS never cited by any later arc : 6 of 69 ... OUTCOME: E2-ORPHANS ... OUTCOME: E4-UNQUEUED SUMMARY: E2-ORPHANS | E4-UNQUEUED EXIT:0
D017	outside_bench/certificates/exchange_class.py	PASS	Exact (integer/Fraction arithmetic) verification of the exchange-symmetry structure of a three-family kinematic vertex S = eps_spin (x) T built from the E8 trilinear T (rebuilt from family_yukawa.py's 81-root family block and 270 zero-sum triples, kappa=-60): confirms |T|=1620 with values {+60,-60}, |S|=3240, S is symmetric under full-label exchange of slots 1 and 2 on all 3240 entries, that this follows from eps_spin being antisymmetric and T being antisymmetric in its first two arguments (sign product (-1)(-1)=+1), and that slot-1<->3 exchange is never a symmetry (1620 entries flip sign, 1620 exit S's support entirely), checked exhaustively over the full support rather than by sampling.	outside_bench/certificates/family_yukawa.py (execs its source up through the 'assert len(T)==1620' line to obtain T, FAM, triples, kap)			FACT 1: rebuilt T from family_yukawa.py's construction: |FAM|=81, 270 zero-sum triples, |T|=1620 ordered entries, values in {+--60}. FACT 2: |S| = 3240 = 2 * 1620 ... FACT 3: S symmetric under slot 1<->2 full-label exchange on all 3240 entries: True FACT 4c: local sign product = (-1) * (-1) = 1, matching the directly observed slot 1<->2 exchange sign +1. FACT 5 (full support): of 3240 entries, 1<->3 exchange gives SAME value for 0, DIFFERENT value for 1620, and leaves S's index set for 1620 ... EXIT:0
D018	outside_bench/certificates/family_census.py	PASS	Exact-rational (Fraction/sympy Rational) check inside the E6 root system: rebuilds a trinification frame of three orthogonal A2 slots on the 27, enumerates all 1728 candidate slot-cycling linear maps to find genuine root-system automorphisms (432 valid, 36 with T^3=1), picks the canonical order-3 cycler T, tests whether T preserves the 27's weight set (yes), computes T's orbits on the 27 states, and asserts every size-3 orbit meets all three distinct 9-blocks (BRANCH S) rather than staying within one block type (BRANCH F) — i.e. determines exactly, via exact arithmetic assertions, that the 27 carries no intra-multiplet family index.	twisted_double.py (source-included via exec, up to its 'stage 4' marker) for the E6 root/weight construction (ROOTS, weights, rho27_Q, ipr); no external data files or hardcoded physical constants beyond the E6 Cartan/root data built inside that shared module.			frame rebuilt: 3 orthogonal A2 slots; 27 blocks {('3b', '3b', '1'): 9, ('3', '1', '3b'): 9, ('1', '3', '3'): 9} (pairwise DISTINCT types) FACT 1: slot-cycling (0->1->2->0) root-system automorphisms: 432 of 1728;         with T^3 = 1: 36 FACT 2: canonical T preserves the 27 weight set: True FACT 3: T-orbit sizes on the 27: {3: 9}    size-3 orbits within ONE block type: 0; crossing all three: 9 BRANCH S: ... ONE 27 CARRIES NO FAMILY INDEX. ... EXIT:0
D018	outside_bench/certificates/family_portal_fine.py	PASS	Exact-Fraction/exact-linear-algebra check building on family_yukawa.py's E8 family-block construction (FAM=81 roots, kappa=-60, 270 zero-sum triples): constructs a positive/simple root system on the 72-root e6 complement, verifies its Cartan matrix has determinant 3 (E6), finds a minuscule simple node whose charge pattern gives the D5xu(1) branching 27=16+10+1 with multiplicities on each of 3 family copies, classifies all 270 support triples by class multiset (240 {16,16,10} + 30 {10,10,1}, matching 40x6+5x6 at the internal-triple level), verifies a uniformity fact about the distinguished leg's family distribution, and — after finding a naive raw-T antisymmetry check fails on 7/40 triples (Chevalley cocycle gauge issue, filed) — verifies the corrected sigma-degauged trilinear T_hat is exactly antisymmetric under family-swap on all 40 relevant triples.	twisted_double.py (source-included via exec up to its 'stage 4' marker) for the intrinsic E6/27 construction (ROOTS, weights, rho27_Q, omega1, ipr) used as a target-shape cross-check only; e7_ladder.py-style E8 construction rebuilt inline (same style as family_yukawa.py, reconstructed rather than imported); no external data files.			FACT 1a: comp ... has a 36/36 positive system ...; simple system has 6 roots; Cartan-matrix det = 3 (E6) FACT 1c: minuscule node(s) with charge multiplicities exactly {16,10,1}: [4, 5]; fixed j* = 4 FACT 2: root-level class multisets over 270 triples: {('10', '16', '16'): 240, ('1', '10', '10'): 30} ... FACT 4 (raw check, error filed): naive family-swap sign flip on raw T fails for 7/40 triples ... FACT 4 (corrected): ... verified EXACTLY on ALL 40 type-{16,16,10} internal triples (>= 20 required) EXIT:0
D018	outside_bench/certificates/family_rank.py	PASS	Exact-Fraction check in the E8 algebra: rebuilds the (3,27) family-triplet vertex T(x,y,z)=K(x,[y,z]) via Chevalley brackets and ad-trace Killing form (kappa=-60), then for all 45 internal weight-zero triples x 6 leg assignments x 3 Higgs-family choices (810 matrices total) asserts each 3x3 family Yukawa matrix has exactly 2 nonzero transposed off-diagonal entries, exact determinant 0, rank exactly 2, and kernel equal to the Higgs's own family basis vector — a rank theorem verified matrix-by-matrix in exact rational arithmetic.	e7_ladder.py (source-included via exec, code before 'CART={') supplying build_algebra/slots_and_triples helpers; a hardcoded E8 Cartan matrix literal in this file; no external data files.			vertex rebuilt: 1620 ordered entries (kappa = -60; memo 53 reproduced) THE THEOREM: 810 family matrices checked (45 internal triples x leg    assignments x 3 Higgs families): ALL with exactly 2 nonzero    transposed entries, det = 0, rank EXACTLY 2, kernel = the Higgs's own family: 810/810 EXIT:0
D018	outside_bench/certificates/family_yukawa.py	PASS	Exact-Fraction check in the 248-dim E8 algebra: verifies the family block FAM (81 roots = 3x27), the 270 zero-sum support triples (all cross-family), the ad-trace Killing constant kappa=-60 (same for all 81 roots), a Leibniz/derivation identity for the trilinear T under all 78 relevant root actions, total antisymmetry of T on all 1620 ordered entries, and a GF(2) linear-algebra construction of sign functions sigma/S under which T factorizes exactly as kappa*sgn(family order)*sigma*sigma*sigma*S (forward-verified on all 1620 entries), plus an independent linear-algebra computation that the space of sl3-invariant trilinears on 3x3x3 is 1-dimensional and totally antisymmetric.	e7_ladder.py (source-included via exec) for build_algebra/slots_and_triples; a hardcoded E8 Cartan matrix literal; no external data files or cited numeric inputs beyond the algebra construction it rebuilds itself.			FACT 3: kappa(r) = tr(ad e_r ad e_-r) = -60 for ALL 81 family roots (exact) FACT 4: derivation identity = 0 for all 78 generators (72 e6 + 6 family A2): True FACT 5: T totally ANTISYMMETRIC on all 270 x 6 entries: True ...GF(2) gauge system: 270 equations, 126 unknowns, rank 97, consistent: True         forward check T = kappa * sgn(fam) * sigma sigma sigma * S on all 1620 entries: True FACT 7: sl3-invariant trilinears on 3x3x3: dim = 1, survivor totally antisymmetric: True (= eps) EXIT:0
D018	outside_bench/certificates/fence_independence.py	PASS	Exact arithmetic over the quadratic ring Q(omega) (omega^2=omega-1) checking a claimed group-representation intertwiner rho(phi(x)) = g^-1 gal(rho(x)) g on 4 generators, then exactly (Fraction-based matrix arithmetic) for all 13120 reduced words of length up to 8 that gal(tr rho(w)) = tr rho(phi(w)); a relator search up to length 10 (found at length 10, verified exactly); and a 50-decimal-digit mpmath numerical check that complex geodesic lengths for 4 sample words have equal real part and negated imaginary part across the model pair (tolerance 1e-40), plus an exact check that kappa=1+omega and its Galois conjugate both satisfy X^2-3X+3=0.	Self-contained: hardcoded generator matrices Ma, Mb over Q(omega), hardcoded map PHI and intertwiner matrix gmat (cited from 'memo 108'); mpmath for the 50-dps numerical geodesic-length check; no external data files.			I1a: ... rho(phi(x)) = g^-1 gal(rho(x)) g for x in {a,b,A,B}. I1b: gal(tr rho(w)) = tr rho(phi(w)) verified for ALL 13120 reduced words to length 8 ... I2: relator FOUND at length 10: abaBAbabAB — and rho(phi(relator)) = +-I exactly ... I3a: ... complex length has Re EQUAL and Im NEGATED across the pair (50 dps) ... I3b: kappa = tr[a,b] = 1+omega and its gal-image BOTH satisfy X^2-3X+3 = 0 exactly ... EXIT:0
D019	outside_bench/certificates/first_beat_law.py	PASS	That for the SL2 record with beat (x,y,z)=(tr a, tr b, tr ab)=(2,2,2-omega), every reduced word's trace up to length 7/8 is exactly (integer-polynomial, exact pair/symbolic arithmetic, no tolerance) reproduced by the 4-dimensional {I,A,B,AB} algebra over Z[x,y,z], that the Fricke commutator polynomial evaluated at the beat gives exactly kappa=1+omega, and that among 13120 length<=8 words only 180 distinct trace values occur.	Self-contained: only sympy and fractions; hardcoded beat values (2,2,2-omega) and multiplication table derived in-file from Cayley-Hamilton/SL2 identities; no external data files.			P1: the four-dimensional multiplication table reproduces the true holonomy traces exactly on spot-checks — {I, A, B, AB} closes. P2: ALL 4372 reduced words to length 7 — trace polynomial has INTEGER coefficients in (x, y, z) and evaluates at the beat to the true trace.     Mismatches: 0.  Non-integer coefficient sets: 0. P3: the Fricke commutator polynomial x^2+y^2+z^2-xyz-2 evaluated at the beat (2, 2, 2-omega) gives EXACTLY 1 + omega = kappa P4: to length 8 the record has 13120 classes but only 180 distinct trace values
D019	outside_bench/certificates/fixed_twin.py	PASS	That the fiber-triple (tr U, tr V, tr UV) of an explicit SL2(Q(sqrt(-3)-like quadratic)) representation lies exactly on the cusped Fricke surface x^2+y^2+z^2-xyz=0, is a fixed point of the induced trace-map dynamics, and that its Galois conjugate is a distinct fixed point on the same surface reached by an explicit conjugation map — all via exact Fraction/quadratic-pair arithmetic, no tolerance.	Self-contained: hardcoded generator matrices A,B and words 'bA','abAA' defining U,V; fractions module only; no external data.			tr[U,V] = (Fraction(-2, 1), Fraction(0, 1))   (expect -2...) Fricke level x^2+y^2+z^2-xyz = (Fraction(0, 1), Fraction(0, 1))   (expect 0 ...) trace-map image of the triple: ... FIXED: True beat image of the triple: ... == Galois twin: True EXIT=0
D019	outside_bench/certificates/founding_torsor.py	PASS	That the four natural word-substitution founding rules {a->ab/a->b} form a free transitive K4-torsor under letter-swap C and word-reversal P (exact group-law checks), that all four abelianize to the same golden characteristic polynomial x^2-x-1, that word-reversal is trace-invisible for all 1364 words of length<=5 under an explicit Riley (figure-eight) SL2(Z[omega]) representation (exact Fraction/pair arithmetic), and that the substitution monoid's image (enumerated to depth 6) never contains letter b, proving non-surjectivity.	Self-contained: sympy, fractions; hardcoded Riley representation matrices for the figure-eight knot (a=[[1,1],[0,1]], b=[[1,0],[-omega,1]]) and hardcoded control trace value 2-omega attributed to memo 81.			FACT 1: ... orbit of the founding rule = 4 DISTINCT rules ... FREE + TRANSITIVE, trivial stabilizer FACT 3: tr(w) = tr(rev(w)) for ALL 1364 words of length <= 5 (exact, Z[omega]) FACT 5: the image submonoid of sigma (87 words to length 8) contains NO word starting with b ... NON-SURJECTIVE EXIT=0
D019	outside_bench/certificates/gamma5_reverser.py	PASS	That the exact Jacobian of the trace-map reverser R=(x,y,z)->(y,x,yx-z) at (2,2,2) maps the golden eigenvector v_u (eigenvalue phi^4) to a scalar multiple of its Q(sqrt5) Galois-conjugate eigenvector v_s (eigenvalue phi^-4) and vice versa (exact sympy symbolic/radical arithmetic), and that none of three candidate involutions (C=s, e', R) sends v_u to -v_u, i.e. none induces the claimed branch swap.	Self-contained: sympy only; hardcoded golden eigenvectors v_u, v_s and Jacobian base point (x,y,z)=(2,2,2); the T,T^2,e' maps are hardcoded formulas attributed to prior memos (97, 94).			FACT 1: DR(v_u) = (9 - 4*sqrt(5))*v_s and DR(v_s) = (4*sqrt(5) + 9)*v_u — the reverser R acts on the golden eigenframe EXACTLY as the Q(sqrt5) Galois conjugation C = s       : Dg(v_u) = off-line e'          : Dg(v_u) = off-line R = s o e'  : Dg(v_u) = -> STABLE line FACT 2: NO banked involution induces v_u -> -v_u EXIT=0
D019	outside_bench/certificates/gap_docs_currency.py	PASS	A mechanical keyword-retrieval scan (no exact/numerical mathematical claim) that searches the repo's arc-verdict database (via _oa_source.arc_verdicts() at pinned commit 89affd5bbd4b900397af2bf3b987ff8f05f5cb80) for PROVED/NEGATIVE arcs matching regexes for 13 previously-flagged open items, printing candidate closures split by whether they predate or postdate a reference document band (B1194); it contains no assert statements and its own output disclaims being an adjudicated result pending human reading.	outside_bench/certificates/_oa_source.py module and its arc_verdicts() retrieval from the git-pinned repo state (commit 89affd5bbd4b900397af2bf3b987ff8f05f5cb80, env var OA_REF); hardcoded item list ITEMS with regex patterns and DOC_BAND=1194 constant.			arcs at pin: 1119 ... N1..A6 rows printed with match counts and sample arc quotes ... This output is a DETECTOR'S OUTPUT, not a result. Every row above is adjudicated by reading in memos/GAP_DOCS_CURRENCY.md; rows the reading does not confirm are dropped. EXIT=0
D020	outside_bench/certificates/gate_d_numerics.py	PASS	Numerical check that the quantity kappa=1+omega (omega=e^{i pi/3}) equals sqrt(3)e^{i pi/6} exactly, that a trace map's invariant I is preserved under a coordinate change on random complex points (tolerance 1e-9/1e-13), that a periodic-approximant spectrum for the trace map reproduces Fibonacci-numbered band counts with shrinking measure at a positive-control real lambda (Damanik-Gorodetski regime), and then examines the same construction at the object's own (complex) lambda forced by kappa, comparing box-counting fractal dimension against same-modulus controls at other phase angles theta. All checks are numerical with hardcoded tolerances (1e-13, 1e-9) and printed PASS/OUTCOME verdicts.	none (self-contained numpy computation; no external data files or repo imports)	5		D-0 PASSES; proceeding. ... OUTCOME: D1-REPRODUCES ... OUTCOME: D2-STRUCTURED ... OUTCOME: D3-GENERIC SUMMARY: D-0 PASS | D1-REPRODUCES | D2-STRUCTURED | D3-GENERIC FENCE: a numerical picture is not a theorem. This says whether the object's cocycle has the SHAPE a Damanik-Gorodetski result describes, which nobody had looked at.
D020	outside_bench/certificates/gaudin_close.py	PASS	Numerical (KS-test) comparison of unfolded Riemann zeta and L(chi_-3) zero spacings against the EXACT Gaudin/Mehta GUE nearest-neighbor spacing law (computed via Nystrom/Gauss-Legendre discretization of the sine-kernel Fredholm determinant, cross-checked for convergence between m=40 and m=80 quadrature points), replacing an earlier Wigner-surmise approximation; reproduces banked Wigner-surmise KS statistics as anchors (tolerance 1e-3), verifies Nystrom convergence (<1e-10) and normalization (E(0)=1, E'(0)=-1 to 1e-6, mean spacing to 2e-3), then reports per-factor and merged KS statistics against the exact law and a control that single factors fit their own exact-single CDF at least as well as an exact two-fold superposition CDF.	committed zero data files outside_bench/certificates/c4data/c4_zeros_zeta.txt and c4_zeros_L.txt (2469 zeta zeros, 2991 L(chi_-3) zeros to T=3000); hardcoded banked anchor constants (D_zeta=0.0401, D_L=0.0487, D_merged_single=0.13365, D_merged_Wigner_super=0.02400) from a prior Wigner-surmise certificate; cited closed-form results (Bornemann's Nystrom method for RMT Fredholm determinants; Mehta's spacing-density identity)	8		M1: Nystrom convergence m=40 vs m=80 at s in {0.5,1.5,3.0}: ['1.11e-16', '1.04e-15', '2.27e-17'] M2: E(0)=1.0000000000 (exact 1)   E'(0)=-0.99999985 (expect -1) G1 branch: NEGATIVE (real per-factor deviation survives exact law) C1 control: single factors fit exact-single at least as well as exact-superposition -- PASS Gate 5: no measured physical constants used (pure zero-data + closed-form kernel).
D020	outside_bench/certificates/geodesic_tongue.py	PASS	Exact algebraic computation (Fraction/Z[w] pair-field arithmetic, no floating point in the core claims) of the complex-length spectrum of the banked m004 Riley holonomy: enumerates all conjugacy classes of words up to length 7, verifies every trace lies in the Eisenstein integers Z[w] (FACT 1), verifies every inner-ball (length<=4) class has a complex-conjugate-trace mirror partner findable by exhaustive search to length 9 (FACT 2, with an exact-arithmetic exhibit of equal lengths and negated torsions to 1e-9), counts loxodromic classes with nonzero vs zero torsion (FACT 3), and lists the shortest distinct complex lengths with exact traces (FACT 4, numeric length/torsion display only).	hardcoded banked Riley holonomy generator matrices a=[[1,1],[0,1]], b=[[1,0],[-w,1]] with w^2=w-1 (cited to memos 30/49 as the object's trace field Q(sqrt-3))	3		FACT 1: every class trace lies in Z[w] ... EVERY inner-ball class has a mirror partner ... exhibit lengths: 3.450219 vs 3.450219 (equal), torsions +1.843678 vs -1.843678 (negated) FACT 3: loxodromic classes with torsion (nonreal trace): 247; mirror-fixed (real-trace) loxodromics: 10 SYSTOLE (in this ball): word class [AB], exact trace 2+(-1)w, complex length 1.087070 + 1.722768 i
D020	outside_bench/certificates/golden_excess_ensemble.py	PASS	Numerical ensemble measurement (tight-binding/Sturmian-word reflection-asymmetry statistic via eigh_tridiagonal on chains up to a few thousand sites) testing whether the golden-slope's reversal asymmetry is an outlier among 15 Sturmian/quadratic slopes at each slope's own convergent-denominator windows, removing a commensurability confound from an earlier memo; the script itself computes and reports look-elsewhere (Sidak) and window-size-confound (linear regression residual) corrections and concludes, in its own printed verdict, that the corrected outcome is G-NOISE (no real excess) versus the naive/under-specified criterion's G-EXCESS. Purely descriptive statistics, no pass/fail assertions in code — it is an exploratory two-outcome measurement whose own preregistered analysis lands on the negative branch.	none beyond its own generated Sturmian sequences and hardcoded slope list (golden, silver, bronze, and other quadratic/transcendental irrationals); cites memo 143's parity theorem and memo 144's original 4-control lead as background, not as external data	10		==> OUTCOME G-EXCESS. ... (P(other >= it) = 0.067). memo 144's lead is upgraded. E4c — *** THE CORRECTED VERDICT: G-NOISE. *** under BOTH corrections the excess evaporates: Sidak-corrected P = 0.241, the N-trend explains the ordering, and a non-metallic slope beats golden outright. THE LEAD CLOSES NEGATIVELY.
D020	outside_bench/certificates/grammar_disc48.py	PASS	Exact (Fraction-based Q(omega) pair-field, omega^2=omega-1) algebraic derivation that the disc-48 Gauss class pair used elsewhere in the project is reachable from the {a,b} substitution grammar rather than imported cusp geometry: verifies the vendored Riley holonomy reproduces the banked systole trace 2-omega, exhaustively searches commutator-subgroup grammar words of length 4-8 for a parabolic, a-commuting longitude, asserts its cusp modulus tau equals exactly +-(4 omega-2)=+-2 sqrt(-3), derives the lattice norm form's discriminant -48 exactly, and enumerates reduced primitive forms of that discriminant, asserting the result is exactly {(1,0,12),(3,0,4)} i.e. class number h(-48)=2.	hardcoded banked Riley holonomy generator matrices Ma, Mb over Q(omega) (memo 98's vendored realization); banked systole-trace value 2-omega used as a control check	2		control: the vendored Riley holonomy reproduces the banked systole trace 2-omega. LONGITUDE FOUND BY GRAMMAR SEARCH: word baBAABab (length 8), holonomy -[[1, tau],[0, 1]] with tau = (Fraction(2, 1), Fraction(-4, 1)) THE CLASS PAIR: reduced primitive forms of disc -48 = [(1, 0, 12), (3, 0, 4)] — h(-48) = 2.
D021	outside_bench/certificates/grav_ablation.py	PASS	In the E6-derived rank-3 abelian complement (27-dim rep), re-derives memo-70's SM hypercharge forcing (V0: exactly 36 SM-pattern solutions, 0 non-SM, 0 higher-dim spaces) and then re-runs the same anomaly-cancellation system with the gravitational anomaly condition (grav^2 Y) ablated (V1) plus three control ablations (V2 no-cubic, V3 gauge-only, V4 no-SU(2)). Exact symbolic/rational arithmetic (sympy Rational/solve) over root/weight data of E6; verdict decided by comparing resulting solution counts to the anchor.	Imports and execs a prefix of outside_bench/certificates/twisted_double.py in the same directory (E6 root system, 27-weight construction, inner product routines); no external data files or measured constants (Gate 5 untouched, pure algebra).	5		ANCHOR: V0 reproduces memo 70 (36 SM, 0 non-SM, 0 higher-dim): PASS  BRANCH LB: GRAVITY IS LOAD-BEARING.  Without the grav^2 Y condition the forcing degrades (18 SM, 0 non-SM, 27 higher-dimensional solution spaces vs 36/0/0 with it). ... Gate 5 untouched.
D021	outside_bench/certificates/h_theorem.py	PASS	Tests whether the topological-entropy/local-expansion sequence e_n along forward orbits of T^2 (the SL(2) Fricke-coordinate trace map, T(x,y,z)=(z,x,zx-y)) on the unstable manifold of the trivial fixed point (2,2,2) is monotone (an H-theorem candidate). Combines exact symbolic checks (sympy: Jacobian eigenvalues exactly phi^2/phi^4, kappa-invariance proved symbolically) with high-precision numerical orbit integration (mpmath, dps=3000, 12 steps, 6 seeds) and a kappa-conservation integrity assertion at every step.	Self-contained: only sympy/mpmath and constants defined in-script (the Fricke map, kappa invariant, seed epsilons); no external data files.	15		OUTCOME (refined, the machine's own shape): S002's H-theorem AS STATED — monotone along ALL forward orbits — is REFUTED (the preregistered NOT-MONOTONE outcome).  But the violation is not noise; it is a clean TWO-BRANCH LAW ... Gate 5 untouched. (exit 0, all preregistered asserts including per-step kappa-conservation passed)
D021	outside_bench/certificates/habiro_at_zeta.py	PASS	Computes the exact Taylor germ (to order NMAX=8, cross-checked at NMAX_ROBUST=11) of the Habiro cyclotomic unified WRT invariant F(q) of the figure-eight knot at q=zeta_3 in Q(zeta_3)[eps], then compares it via exact resultant/valuation arithmetic against F evaluated at primitive 3*p^r-th roots of unity (p in {5,7}, r in {1,2}) to test whether base-1 germ coherence (from memo 40/c2b_ohtsuki_bridge.py) transports to base zeta_3. Exact symbolic/algebraic computation throughout (sympy, cyclotomic polynomials, resultants); no floating point.	Self-contained exact algebra in Q and cyclotomic extensions of Q; cites the Habiro cyclotomic form of the 4_1 invariant (Habiro's textbook example) and results from c2_habiro.py/c2b_ohtsuki_bridge.py as the baseline being compared against, but does not import those files.	20		branch test: at the 3 non-failing levels, v(N) >= N and strictly increasing for all N: True branch test: at modn=15 (p=5,r=1), v(1)=2 then v(N)=0 for all N=2..8: True ... collapse persists beyond the NMAX=8 boundary (not a truncation artifact): True  B3 CLOSED: ... RESULT: neither preregistered clean branch held uniformly -- the honest, exact, machine-verified finding is a SPLIT ...
D021	outside_bench/certificates/hd_exhaustion.py	PASS	Re-verifies memo-80's cubic coupling census on one 27 is closed (45 nonzero entries across 11 multiplet triples), enumerates the 3 couplings touching the Hd multiplet, identifies the unique canonical linear condition and the two matrix-valued (determinantal) rows, and checks whether the second determinantal cut (l.ec.Hd) is independent from B1205's det Y_d by comparing exact rational coefficient magnitudes and entry-count ratios. Exact rational (Fraction) arithmetic on hardcoded multiplet/coupling tables.	Execs a prefix of outside_bench/certificates/yukawa_texture.py in the same directory (defines MULT roster, Cval coupling function, Hu/Hd/nuS lists) up to the marker '# full triple census'; cites memo 80's sector triple table and B1205/B1206/B1196/B1161/B1134 results as context; no external data files, no measured constants.	5		E1 — ... memo 80's census re-verified CLOSED: 45 of 45 nonzero C entries accounted for by 11 multiplet triples. ... => EXACTLY 3 couplings touch Hd. ... => EXACTLY 1 canonical linear condition: Hu.Hd.N1 ... identical magnitudes: True      ratio = colour dim : 1 : True ==> ONE SHARED OPERATOR. ... B1206's ledger still STANDS at dim 1.
D021	outside_bench/certificates/hitind.py	PASS	For all 24 (0,8)-type hits among the involutive swap elements (memo 10/B1134), computes tr(theta_matrix) acting on the 78-dimensional representation via exact rational (Fraction) linear algebra, and asserts every hit gives trace exactly -2 (the inner sl2+sl6 involution class), i.e. that the mirror's inner-class assignment is independent of which hit realizes it.	Execs a prefix of outside_bench/certificates/simul_verify.py in the same directory (up to '# principal triple of S0': defines G_swap, solve_lift, color_sig, theta_matrix, apply, DIM); no external data files, exact arithmetic only.	2		involutive swappers: 48 hits examined: 24;  tr(theta) multiset: {Fraction(-2, 1): 24} ALL hits give tr(theta) = -2: the mirror's INNER (sl2+sl6) class is hit-independent
D022	outside_bench/certificates/inflation_probe.py	PASS	Symbolic (sympy, exact over Z[x,y,z] and Q(sqrt-3)) check that three named dynamical maps in the record's tower (T=Fricke/golden map, L=Thue-Morse/layering map, sigma=golden substitution matrix and its square) have Jacobian determinants that are identically -1, 0, and ±1 respectively (never >1 in magnitude anywhere), so no net phase-space volume growth exists in the tower; verified as a determinant identity (not a point evaluation) plus a 4-step numeric check along one named orbit.	Hardcoded map definitions (T, L, sigma) attributed to internal memos (memo 121/B496, memo 117, B721, memo 90); a hardcoded starting point P0=(2,2,2-omega); no external data files.	2		N2 — THE DETERMINANTS ... det J_T = -1 ... det J_L = 0 ... sigma^2 ... det = 1 ... N5 — THE VERDICT ... No tower map has |det J| > 1 anywhere. ==> OUTCOME I-B. ROW 2's FIRST PROBE RETURNS A STRUCTURAL OBSTRUCTION, NOT A STALL ... EXIT:0
D022	outside_bench/certificates/jordan_beat.py	PASS	Exact rational-arithmetic (Fraction) construction of the E6-invariant cubic form on the 27-dim crystal representation from derivation conditions for all 72 root generators, asserting the invariant-cubic solution space has dimension exactly 1 and the invariant-bilinear space has dimension exactly 0; then verifies exactly over Q(q) that the beat map Omega preserves the cubic under Galois transport (C(Omega u,Omega v,Omega w) = gal(C(u,v,w)) for all 3654 basis triples) and under the meridian A27=Omega^2.	Execs the first part of sibling file outside_bench/certificates/twisted_double.py (e6 root system, rho27_Q representation construction, Chevalley bracket verification) via source-slicing/exec; no external data files.	3		invariant-cubic solution space: dim = 1 (GREEN requires exactly 1) ... invariant-bilinear space on the 27 alone: dim = 0 (GREEN requires exactly 0) ... C(Omega u, Omega v, Omega w) = gal(C(u,v,w)) for ALL 3654 basis triples: True ... cross-check: C invariant under A27 = Omega^2 (the lifted meridian): True ... EXIT:0
D022	outside_bench/certificates/kappa_beat.py	PASS	Exact rational (Fraction) 2x2 matrix computation over Q(q) with q^2=q-1, verifying that the trace kappa=tr[A,B] of two named hyperbolic generators equals its Fricke-identity form, that a beat involution sends kappa to its Galois conjugate gal(kappa) (kappa != gal(kappa)), and that the trace/norm/minimal polynomial of kappa are exactly 3, 3, X^2-3X+3 with discriminant -3, matching a preregistered hand-derivation.	Hardcoded matrices A, B, W (attributed to K001/K007/the chi=+1 lift) and a preregistered hand-derived prediction (kappa=1+q, trace 3, norm 3); no external files.	1		=> kappa = 1 + q EXACTLY (preregistration confirmed) ... => THE BEAT REFLECTS THE FIRST INTEGRAL: kappa -> gal(kappa), not fixed ... kappa + gal(kappa) = (Fraction(3, 1), Fraction(0, 1)) ... kappa * gal(kappa) = (Fraction(3, 1), Fraction(0, 1)) ... minimal polynomial of kappa over Q: X^2 - 3X + 3; discriminant = -3 = d_K ... EXIT:0
D022	outside_bench/certificates/kind_row_adjudication.py	PASS	Exact symbolic (sympy, algebraic numbers in Q(phi)/Q(sqrt5)) comparison of two hardcoded 'banked' magnitude sets (5-element 'tones' and 8-element 'mirror'), rebuilding the mirror set independently from a 2T character-theory tensor product and checking it matches exactly, then checking set containment (all 5 tone magnitudes are contained in the mirror set, with the 3 remaining mirror magnitudes equal to the tone magnitudes halved) — this is bookkeeping/typing logic over hardcoded exact values, not a physical measurement comparison.	Hardcoded magnitude sets TONES and MIRROR (cited as banked results B1011 C5/C6) and a hardcoded 2T character table (CHI_2T); internal ledger citations (B1032, B1066, B1075, memo 135) used only as narrative framing, not as computational inputs.	1		invariant... equals B1011 C6's banked eight: True ... tone magnitudes ALSO in the mirror set : 5 of 5 ... mirror magnitudes NOT in the tone set : 3 of 8 ... and the 3 extras are exactly TONE MAGNITUDES HALVED: True ... K5 — THE ADJUDICATION: OUTCOME K-B. ... EXIT:0
D022	outside_bench/certificates/klein_parity.py	PASS	Exact-arithmetic check (execs shared e6/27-representation setup from twisted_double.py) that a vendored weight system (B883's rep27.json weights, hardcoded as a literal list) matches the lane's own computed crystal weights exactly as sets, that two independently vendored sign vectors (B916, B912, hardcoded lists) for a Klein-four-group's action agree after index-transport, that one generator D is a pure weight character found by exhaustive search, and computes 'beat parity' (even/broken under an involution) for all four Klein-group elements, verifying the parity is multiplicative (a group character).	Vendored hardcoded data cited as from external JSON files (B883 rep27.json 'weights', B916 results.json H_prime_diag_vs_H_plus.D2, B912 results.json D_diag) pasted as literal Python lists in the script itself — the actual JSON files are not read at runtime; execs part of sibling file twisted_double.py for the e6/27-rep construction.	3		CHECK 1: B883's full weight system == the lane's crystal weights ... CHECK 2: D2tw's two banked representations ... AGREE after transport ... CHECK 3: D IS a pure-family character: (b, polarity) = [((0, 1, 1, 1, 1, 0), 1)] ... parity is MULTIPLICATIVE on the Klein group ... VERDICT (F5 REFINED, structure banked) ... EXIT:0
D023	outside_bench/certificates/l132_trinification.py	PASS	Within e6's 27-dim rep in the trinification frame (3 orthogonal A2 slots), enumerates every SM-shaped 15-plet assignment and checks (via exact Fraction/sympy linear algebra over the rank-3 abelian complement) whether the SM anomaly-cancellation equations force the hypercharge ratio pattern (-4,2,-3,6); also runs a second frame as a covariance control. Exact/symbolic (Fractions and sympy Rational, no floats).	imports and execs a prefix of outside_bench/certificates/twisted_double.py (e6 root/weight construction) from the same directory; no external data files; compares results to the hardcoded SM hypercharge ratio tuples (-4,2,-3,6) and (2,-4,-3,6).	5		FACT 1: three orthogonal A2 slots found (6/6/6), crossing roots: 54 (expect 54)    27 block structure ...: {('3b', '3b', '1'): 9, ('3', '1', '3b'): 9, ('1', '3', '3'): 9} ...    frame A: {'solutions': 36, 'SM-pattern': 36}...    frame B: {'solutions': 36, 'SM-pattern': 36}... FACT 3: covariance: frame A counts == frame B counts: True VERDICT COUNTS: anomaly-consistent nonzero Y assignments = 36 (SM ratio pattern: 36, non-SM: 0, multidim: 0) BRANCH A, STRONG FORM: ... HYPERCHARGE FALLS OUT ... L132's question, in the trinification frame: YES.
D023	outside_bench/certificates/l173_gap_detector.py	PASS	Builds an old boundary-weight edge-state detector and a new three-clause (localization/boundary/gap) detector for a Fibonacci tight-binding chain (N=987, scipy eigh_tridiagonal), numerically scanning rho near alpha=2-phi to test whether the new detector is stable across the rho=alpha discontinuity where the old one flips; also directly compares the two hands' selected-energy sets. Numerical (double precision eigen-decomposition, no explicit tolerance beyond exact word-equality checks).	none beyond numpy/scipy; self-contained construction of the Fibonacci/Sturmian chain and both detectors.	3		distinct readings: [(7, 7), (7, 10)]     VOLATILE: True G3 ... ==> OUTCOME D-VOLATILE.  The new detector also flips... right-hand WORD differs across alpha at 0 sites: [] left-hand  WORD differs across alpha at 2 sites: [0, 1] IDENTICAL energy sets: True ... THE SPLIT IS 7-7, EVEN.
D023	outside_bench/certificates/l173_seal_path.py	PASS	Checks (M1) that mirror-isospectrality of a reversed hopping-chain Hamiltonian is an automatic linear-algebra identity (J-conjugation) for ANY word, verified numerically (tolerance 1e-12) on a random word; checks (M2) that every Fibonacci-word prefix of Fibonacci length becomes an exact palindrome after deleting its last two letters, checked exactly (string equality) for 10 Fibonacci lengths up to 4181.	none beyond numpy; self-contained word/Hamiltonian construction; cites Droubay 1995 as the classical-theorem attribution (not used computationally).	2		J H J == H(reversed word) : True max spectral difference    : 5.773e-15 ... holds at every Fibonacci length tested: True ==> OUTCOME D-B on part (1) PROVED and on part (2) AT RISK; D-A on part (3), which survives both arguments.
D023	outside_bench/certificates/lambda_rank.py	PASS	Re-derives (by exec'ing a prefix of yukawa_texture.py, memo 80's construction) the Jordan-cubic-coupling roster on e6's 27, then computes exact-rational ranks (Gaussian elimination over Fraction, no floats) of the lambda-term matrix C(N,Hu_i,Hd_j) and the exotic-mass matrix C(N,D_i,Dc_j), and verifies t3- and colour-conservation gates over all 45 nonzero coupling triples.	imports/execs a prefix of outside_bench/certificates/yukawa_texture.py (memo 80's e6 cubic construction) in the same directory; compares the computed rank (asserted ==2) against B1206's preregistered fork, a cited external record.	5		C rebuilt in-run: dim 1, 45 triples (memo 47 reproduced) ...N1 (state 1): ... nonzero entries: 2     RANK over Q: 2 ...t3-CONSERVATION GATE: all 45 nonzero C triples have t3 summing to 0: PASS COLOUR-CONSERVATION GATE: ... PASS THE RANK B1206 ASKS FOR: rank of C(N1, Hu_., Hd_.) = 2 ... B1206's ledger STANDS at dim 1
D023	outside_bench/certificates/law_declaration_audit.py	PASS	Loads ~1114 repo arc-verdict records via _oa_source.arc_verdicts(), and checks (a) a two-sided control that a law-shaped-vocabulary word-score discriminates declared-creates_law arcs (mean 2.20) from undeclared ones (mean 1.00), then (b) counts undeclared PROVED/NEGATIVE arcs scoring at/above the declared-law mean (102 candidates) as evidence the creates_law under-declaration is systemic rather than isolated. Comparison against hardcoded thresholds/word lists and cited arc IDs (B991, B1196), not a mathematical proof.	imports outside_bench/certificates/_oa_source.py which reads the repo's arc verdict files (metadata, ~1114 files) from disk; hardcoded LAW_WORDS vocabulary list and threshold logic (max(3, round(mean))); cites specific arc records B991 and B1196 by ID.	4		A1 — CORPUS LOADED: 1114 arcs with a parseable verdict file. mean law-word score, DECLARED law arcs   : 2.20 mean law-word score, UNDECLARED arcs     : 1.00 ... the criterion discriminates ... Proceed. ==> CREDIBLE CANDIDATE SET: 102 (10.5% of undeclared settled arcs) A6 — THE VERDICT ... candidates found: 102   ==> OUTCOME U-B   THE UNDER-DECLARATION IS NOT ISOLATED.
D024	outside_bench/certificates/layer_flow.py	PASS	Exact (sympy/rational, symbolic) check that the ab/ba 'layering' map L:(A,B)->(AB,BA) reduces to a closed-form 2-variable recursion z'=z^2-kappa, kappa'=z^2(2-kappa)+kappa^2-2 on the character invariants; it verifies this closed form against an independently-computed matrix tower for 9 levels (exact integer/pair arithmetic), symbolically checks kappa-preservation (found NOT preserved except on a curve), and solves for fixed points exactly via sympy.	Self-contained: hardcoded SL(2)-type generator matrices Ma, Mb over an exact pair-arithmetic ring, and sympy for symbolic algebra. Interprets results relative to memo 94/117's claims (cited context, not loaded as code).	2		D1 all 9 levels print MATCH; assert ok passes. D2: 'kappa' - kappa = -(k - 2)*(-k + z**2 - 1)' ... 'THE LAYER FLOW IS **NOT** KAPPA-PRESERVING.' D3: three fixed points printed (z=1,kappa=0), (z=-1,kappa=2), (z=2,kappa=2). Exit code 0, no exceptions.
D024	outside_bench/certificates/layer_tower.py	PASS	Exact integer/Z[omega] arithmetic iterating the layering map L:(A,B)->(AB,BA) for 9 levels starting from hardcoded SL(2,Z[omega]) generators, asserting the pair stays non-commuting at every level (T1), that tr(AB_n)=tr(BA_n) for n>=1 (T2), and that all invariants stay integral in Z[omega] (T3, allZ check), reporting the growth of kappa_n's digit length (T4).	Self-contained: hardcoded generator matrices Ma, Mb and pure-Python exact pair arithmetic; no external files. Cites memo 86/112/113/114 for interpretive framing only.	2		'T1: the pair is NON-COMMUTING at every level computed (0..8) ... the tower does NOT collapse' 'T2: x_n = y_n for EVERY level >= 1 (verified)' 'T3 ... every x_n, y_n, z_n, kappa_n lies in Z[omega] — verified exactly at every level.' All three asserts (ok, homog, allZ) pass; exit code 0.
D024	outside_bench/certificates/leap1_propagation.py	PASS	A mechanical git-grep sweep (via subprocess) over the bench's own markdown corpus at a pinned commit (38b5f578) for occurrences of 'LEAP-1', asserting at least 8 documents are hit and that 5 named conditional-statement documents exist at that commit (git cat-file -e); it then prints (non-computational, text) argument-verdicts for two propagation-overstatement checks (observer bit count unchanged; matter-over-antimatter is doubly not singly conditional). Not a numerical/physical result — a provenance/consistency check on the bench's own document corpus.	The repo's own git history (pinned commit 38b5f578 must exist with the outside_bench/*.md and outside_bench/memos/*.md files containing the cited strings); hardcoded lists of column/document names asserted to exist in that commit.	2		'LEAP-1 occurrences: 74 across 13 documents' with per-file counts; assert len(files) >= 8 passes. All 5 git cat-file -e checks pass (assert _r.returncode==0). Exit code 0; ends with 'Gate 5 untouched.'
D024	outside_bench/certificates/longitude_lock.py	PASS	Exact rational-field (Fraction-based, no floats) linear-algebra certificate that the boundary longitude word 'bABaaBAb' acting on an SL(2) holonomy has trace exactly -2 (FACT 0), that a computed sign operator C_27 (built from e6-root weight parities via an imported twisted_double.py construction) commutes with the internal generator images (FACT 1), that C_27 times the longitude's 27-dim representation is unipotent of nilpotency degree exactly 2 (FACT 2), that on a 54-dim tensor 'carrier' the analogous product is unipotent of degree exactly 3 (FACT 3), concluding by uniqueness of multiplicative Jordan decomposition that C_Psi is the semisimple part (FACT 4), and computes via exact rational Gaussian elimination that the joint cusp-fixed nullspace has dimension 12 and lies entirely in the 'locked'/matter sector (FACT 5).	Imports and executes a slice (up to '# ---------------- stage 4') of a sibling file outside_bench/certificates/twisted_double.py (an e6 root system / 27-representation construction) via exec of its source; hardcoded generator matrices/roots from that setup; pure Fraction arithmetic throughout, no external data files.	3		'FACT 0: tr rho_2(lambda) = -2 + 0 q' with assert trL==(F(-2),F(0)) passing. 'FACT 1: C_27 commutes with A27, B27 (and inverses): True' 'FACT 2: ... != 0: True; squared = 0: True' 'FACT 3: ... != 0: True; cubed = 0: True' 'FACT 5: joint cusp-fixed space dim {v : mu v = v, lambda v = v} = 12' and 'with vanishes-on-unlocked imposed: dim = 12' (assert 54-rk2==dfix passes). Exit code 0.
D024	outside_bench/certificates/menu_width.py	PASS	A combinatorial/high-precision-arithmetic (mpmath, 60 dps) enumeration certificate: builds all distinct real values reachable by composing 17 hardcoded 'banked' atoms with {+,-,*,/} up to 3 atom-occurrences (plus one optional outer sqrt), deduplicated at 40 significant digits, then counts how many distinct values land in the open interval (0,1) (W1=11720) and reports the decile histogram and nearest-neighbor gap statistics. This is a deterministic enumeration/count, not a comparison to any external measured value (script explicitly notes no measured value appears).	17 hardcoded 'banked' numeric atoms (rationals, phi, 2+sqrt3, etc., attributed in comments to other memos/results B928, B1188, B931/B910-928, memo 49/90, memo 99) and mpmath for high-precision arithmetic; otherwise self-contained.	3		'value pool: 17 atoms, 731 at size 2, 38769 at size 3 (distinct values, ordered-operand grammar)' 'W1 (THE TIER-1 MENU WIDTH) = 11720' 'menu resolution: median nearest-neighbor gap D = 3.53287e-5, minimum gap = 1.63157e-9' No assertions in this script but exit code 0 and all printed steps completed without error.
D025	outside_bench/certificates/minimal_factor.py	PASS	Exact symbolic (sympy Rational) computation of the Weyl dimension formula for e6 irreducibles over the paper's own 72-root e6 system: verifies dim(omega_1)=27, dim(omega_2)=78, dim(0)=1, and exhaustively checks all 84 dominant weights with sum a_i<=3, finding the minimum nontrivial dimension (27) is attained exactly at omega_1 and omega_6 (0-indexed [0,5]).	Imports/execs the stage-0/1 prelude of twisted_double.py (same worktree) for ROOTS (72 e6 roots), N, DIM, evec, rho27_Q, weights, omega1, ipr, simple; cites (not asserted) a standard Lie-theory monotonicity fact from Humphreys for weights outside the finite box.			root split: |Delta+|=36, |Delta-|=36 (of 72 total) rho cross-check: <rho, alpha_i> = 1 for all 6 simple roots  PASS ... dim(omega_1) = 27  (expect 27, the minuscule 27)  PASS dim(omega_2) = 78  (expect 78, the adjoint)  PASS dominant weight box {sum a_i <= 3}: 84 weights enumerated  (expect 84)  PASS minimum nontrivial dim in box = 27, attained exactly at omega_1 and omega_6 (the two minuscule 27 / 27bar fundamentals)  PASS ALL 83 nontrivial dominant weights in the box satisfy dim >= 27  PASS ... A5 CERTIFICATE: ALL PREREGISTERED ASSERTS PASSED.
D025	outside_bench/certificates/mirror_deepest.py	PASS	Exact (Fraction/pair-field over Q(q)/(q^2-q+1)) linear-algebra computation on the 54-dim carrier Psi=C^2⊗27: verifies rank/kernel of N^2 (48/6 split), that A_Psi induces the identity on the top graded layer gr3, that the induced semilinear beat map B satisfies B*gal(B)=I_6, computes the Q-dimension (6) of its semilinear fixed space, and checks a 5+1 family-class split of the 6 chain-top slots and whether beta preserves it.	Imports/execs stage-0/1 prelude of twisted_double.py (ROOTS, evec, rho27_Q, N, DIM, toF/nilexp/field ops, weights, omega1, ipr); banked prior claims from memo depth_lock.py (rank N=27, rank N^2=6) reverified here rather than assumed.			1a. rank_F(N^2) = 6  (banked expectation: 6)     dim ker N^2 = 48  (banked expectation: 48) ...matches I_6 exactly: A_Psi induces the identity on gr3... B * gal(B) = I_6 exactly: the induced beta is a semilinear involution on gr3. 4.  ... Q-dimension of the semilinear fixed space {v : B*gal(v)=v} = 6 ... class multiset: {'1': 1, '16': 5} ... the induced beta PRESERVES the 5+1 split on gr3
D025	outside_bench/certificates/mirror_kernel.py	PASS	Exact arithmetic over Q(omega) (pairs of Fractions, omega^2=omega-1) verifying: the Galois flip equals complex conjugation (field homomorphism checks on a batch); an exhaustive exact count of mirror-fixed vs mirror-flipped conjugacy classes among all 13120 reduced words of length<=8 in a 2-generator holonomy; that a specific trace invariant (kappa's minimal polynomial) is Galois-fixed while the coordinate flips; and that 14 hardcoded 'SM ledger' constants (dims 27/78/72, sin^2 theta_W=3/8, etc.) are all rational/integral hence pointwise Galois-fixed, plus rebuilding the E6 Gram's 72 roots by an integral quadratic-form search.	Hardcoded holonomy matrices Ma, Mb (presented as 'the record's' generators) and a hardcoded SM_LEDGER dict of 14 constants (27,78,72,64,2304,953,3/8,151/64,553/64,11,112,12,12,3) asserted rational -- these are cited/banked physics-model outputs, not derived in this file; also a hardcoded 6x6 E6 Cartan-type Gram matrix.			K2 (the reach audit, all 13120 reduced words to length 8):     MIRROR-FIXED (real trace, torsion-free): 604  (4.60%)     MIRROR-FLIPPED (torsion-carrying):       12516  (95.40%) ...K4 (THE SM LEDGER): all 14 banked SM-facing magnitudes verified     RATIONAL, and the E6 Gram with its 72 roots rebuilt INTEGRAL... Gate 5 untouched. EXIT=0
D025	outside_bench/certificates/occupant_type.py	PASS	Exact symbolic (sympy) computation of the solution space (nullspace) of the linear system YP=P^-1Y, YQ=Q^-1Y for various 2x2 matrix pairs, classifying whether a definite orientation-sign bit exists; reproduces a control result (dim1, epsilon=-1) for a hardcoded 'crown pair', shows a lone matrix or commuting/self-algebra partners give both signs (no bit), and scans 8 hardcoded real-quadratic-field unit matrices across two families, finding the families disagree on 6/8 fields (explicit counterexample at sqrt10), refuting a 'naive norm law'.	Hardcoded 2x2 matrices A (the 'object's monodromy'), M3 (the 'banked partner' from memo 99), and the FIELDS table of 8 (discriminant, trace, natural unit matrix, has-norm(-1)-unit flag, label) records for quadratic fields sqrt2..sqrt14, all cited as prior/banked data rather than derived here.			CONTROL (memo 99's crown pair, exact re-derivation): dim 1, SINGLE-SIGNED: A DEFINITE BIT, epsilon = -1 ...families AGREE on 2/8 fields.    the naive NORM LAW (bit exists IFF the field admits no norm(-1) unit):       family N: FAILS;  family C: FAILS    EXPLICIT COUNTEREXAMPLES to the naive law: [('sqrt10', 'admits N=-1', -1, 1)] EXIT=0
D025	outside_bench/certificates/odd_index_asymmetry.py	PASS	Numerical (numpy/scipy eigh_tridiagonal, exact-arithmetic-free but deterministic given fixed inputs) tight-binding spectral computation on Sturmian/Fibonacci chains, comparing localized-edge-state counts between mirrored halves at even vs odd Fibonacci window sizes (N up to 4181), and testing whether the odd-index asymmetry (6, 8) exceeds a control distribution from 4 other quasiperiodic slopes (silver/bronze/e-2/pi-3) at N=1597 -- concludes outcome O-GENERIC (asymmetry present but not distinctively golden), an assert-checked but 'not preregistered as PASS/FAIL' verdict script (no failing assert triggered; result is a reported classification, not a strict pass/fail claim about the underlying physics).	No external files; self-contained numpy/scipy computation with hardcoded slope constants (silver, bronze, e-2, pi-3) and a fixed RNG seed (20260829, though rng appears unused in the final control path); cites memo 143 and B1095 as prior banked context (not re-derived).			"assert all(a == b for N, (t, d, a, b) in even), ""even-index tie is memo 143's theorem"" ... golden asymmetry = 6;  other slopes = [3, 2, 2, 2] ==> OUTCOME O-GENERIC.  The theorem's one exception is real, and what   lives in it is not distinctive. ...NOTHING DISTINCTIVE HAS BEEN FOUND ANYWHERE TESTED. Gate 5 untouched. EXIT=0"
D026	outside_bench/certificates/one_bit.py	PASS	Exact symbolic check (over Q(q) / fractions) that on the pi1 image into rho27 of e6, chirality (27 vs 27-bar) is character-invisible on the radius-5 word ball (chi(w)=chi(w^-1) for all 484 words) while the Galois/orientation bit gal moves 396/484 characters and matches no word-level relabeling — so the two 'bits' are not one bit.	imports/execs the first part of twisted_double.py (e6 root system, rho27_Q representation, nilexp) from the same directory; no external data files; comparisons are internal exact asserts, not against external hardcoded records.			FACT 1: words with chi(w) != chi(w^-1): 0 ... FACT 2: words with chi^gal(w) != chi(w): 396 of 484 ... FACT 3 [...]: gal matches the relabeled trace on 88/484 words ... => gal is realized by NO word-level involution EXIT:0
D026	outside_bench/certificates/one_quadratic.py	PASS	Exact symbolic (sympy) derivation that the conserved pair (kappa, tr(ab^-1)) on the figure-eight-knot character variety satisfies one monic quadratic X^2-(x^2-1)X+G(x), specializing at x=2 to X^2-3X+3 (disc -3) and at x=0 to X^2+X-1 (disc 5, verified from scratch via a full relator check at s=i).	no external files; re-derives the Riley polynomial and component relation P(x,z) from a 2x2 matrix relator in-run via symbolic gcd/factor/interpolation; self-contained sympy computation.			FACT 3: at x=2 (hyperbolic/Riley): X**2 - 3*X + 3  disc -3 ...at x=0 (spherical/2I): X**2 + X - 1  disc 5 COROLLARY: (kappa-1)(tr(ab^-1)-1) - 1 mod P = 0 EXIT:0
D026	outside_bench/certificates/only_spinor.py	PASS	Exact rational-arithmetic check that the e6 27 and 78 representations have only even (integer-spin) bi-weights under a Lorentz-double A2xA2 subalgebra, and that the holonomy's own C^2 spinor's antiunitary square equals the meridian matrix exactly, while a minimal-A1 bridge is odd/fermion-capable and the Lorentz-slot bridge is even/lift-free.	imports/execs first part of twisted_double.py (e6 roots, rho27_Q, nilexp, br) from same directory; no external data; internal exact asserts only.			27 Lorentz bi-weight multiset: {...} ALL 27 bi-weights even (integer spin under the double): True 78 bi-weight multiset: {...} ALL 78 bi-weights even: True ...on the holonomy C^2: (W o conj)^2 = W conj(W) = A (the meridian) EXIT:0
D026	outside_bench/certificates/order_direction.py	PASS	Exact arithmetic (in Z[w] pairs and rational matrices) that ab != ba (nonabelian, order is object-forced) but ab and ba are conjugate (same trace) at both SL2 and 27-dim internal level, and that word-inversion, a strong-inversion relabeling, and the tick's nilpotent staircase are all direction-invariant on a radius-4 word ball, i.e. direction is free while order is forced.	imports/execs first part of twisted_double.py (e6 roots, rho27_Q, nilexp) from same directory; no external data files; purely internal exact asserts.			FACT 1: tr[a,b] = 1+(1)w — exact, != 2: True ...ab != ba as matrices... FACT 3(ii): ... 0 of 160 words change character FACT 3(iii): N' = A^-1 - I = -A^-1 N exactly => ker N'^k = ker N^k EXIT:0
D026	outside_bench/certificates/own_meter.py	PASS	Mixed exact-symbolic and high-precision numerical (mpmath, 60 digits, checked to 1e-50) verification: (1) the hyperbolic metric solves vacuum Einstein eq with Lambda=-1 exactly (sympy tensor calc); (2) four analytic expressions for a hyperbolic volume agree to 50 digits and one identity is proved symbolically; (3) an exact algebraic trace reproduces a previously banked numeric systole/torsion to ~13-15 digits; (4) a 2x2 integer matrix's exact spectral radius equals phi^2, giving entropy 2log(phi) matching a hardcoded numeric value; and pins/checks that specific strings are present in three separate output files from the same repo.	reads three pinned output text files from ../outputs/ (geodesic_tongue_out.txt, trace_three_out.txt, kappa_beat_out.txt) relative to the certificate, checking specific hardcoded substrings are present in them; also hardcodes several numeric literals (1.08707014499574, 1.72276844987, 0.9624236501192069) to compare against.			FACT 1: ... Lambda = -1 EXACTLY (symbolic...) FACT 2: Vol = 2.0298832128193072500424051085490405718833786150606 ... all four agree to 50 digits. FACT 3: trace 2-omega => complex length 1.08707014499574 + 1.72276844987009 i FACT 4: ... entropy standard 2 log phi = 0.96242365011920689 per tick. PINS: memo 81 (systole), memo 49 (tick polynomial), memo 41 (kappa) hold. EXIT:0
D027	outside_bench/certificates/p3_claim_trace.py	CANNOT_RUN	Not a correctness certificate: it token-matches each of 50 hand-extracted claims from 'THE PAPER' against the arc-verdict corpus at a pinned commit (89affd5b) to find candidate supporting/contradicting arcs by lexical overlap, and dumps the results to JSON for human review.	outside_bench/certificates/_oa_source.py (OA.arc_verdicts() reading the arc corpus at pinned commit 89affd5bbd4b900397af2bf3b987ff8f05f5cb80); hardcoded output path '/tmp/claude-0/-home-user-golden-gate/7aec077f-59a6-5129-b1a7-361cc5dcb800/scratchpad/trace_candidates.json' from a different (golden-gate) session's scratchpad, which does not exist in this environment; the 50-item CLAIMS list hand-transcribed from the paper.	2	FileNotFoundError: hardcoded output directory from an unrelated session's scratchpad does not exist in this worktree/environment; core matching logic ran to completion but the final json.dump write failed, exit code 1	"arc records at the paper's own commit 89affd5b: 1119 Traceback (most recent call last):   File "".../p3_claim_trace.py"", line 91, in <module>     json.dump(out, open(""/tmp/claude-0/-home-user-golden-gate/7aec077f-59a6-5129-b1a7-361cc5dcb800/scratchpad/trace_candidates.json"",""w""), indent=1) FileNotFoundError: [Errno 2] No such file or directory: '/tmp/claude-0/-home-user-golden-gate/7aec077f-59a6-5129-b1a7-361cc5dcb800/scratchpad/trace_candidates.json'"
D027	outside_bench/certificates/p3_hostile_h6.py	PASS	An exact combinatorial re-derivation (integer/Fraction arithmetic, no floats) of the paper's section-4 numbers 252/222/2 (candidate hypercharge contents, colour-anomaly kills, chiral+anomaly-free survivors) from a hand-entered 6-letter representation alphabet, cross-checked against a blind attempt to reproduce 252 from the paper's prose alone.	hand-entered REP alphabet table {A,a,B,b,C,D} with (multiplicity, [SU(3)]^3 index, SU(3)-fundamental count, SU(2)-doublet count) read off from the paper's field content; its own from-scratch anomaly/nullspace/cubic-root code (no external library beyond itertools/fractions/math).	1		own-code re-run:  examined = 252   killed by [SU(3)]^3 alone = 222   rigid+chiral+anomaly-free survivors = 2   paper says:       examined = 252         killed = 222                      survivors = 2   NUMBERS REPRODUCE: True ... OUTCOME: H6-DIVERGENT  (numbers CONFIRMED against corpus; NOT reproducible from the paper's text)
D027	outside_bench/certificates/p3_hostile_read.py	PASS	A multi-cell hostile audit (H1-H5,H7) of papers/P3_THE_PAPER/main.tex at pinned commit 89affd5b: exact sympy solves/polynomial identities for the section-4 forcing (H1), regex/text-structure checks of the draft's own wording for a census-vs-forcing conflation (H2), exact SL(2,Z/N) order computation and discriminant/conductor arithmetic for Theorem 2.1 (H3), a table-vs-abstract row count from parsed LaTeX (H4), a term-grounding check of the falsifier section against the body (H5), and a regex scan of section-4 numerals for measured inputs (H7). All of these are internal script checks (not paper-truth checks) and all completed without exception; several conclude the paper itself has defects (H1-DEFECT, H2-CONFLATION, H3-GAP, H4-MISMATCH, H5-DANGLING), which is the audit's intended output, not a script failure.	git show of papers/P3_THE_PAPER/main.tex at pin 89affd5b from the /home/user/origin-axiom repo (not the worktree); sympy; hand-declared term lists (falsifier terms, closure/limit regex patterns is absent here -- that's the other file); docs/OPEN_LEADS.md wording cited in the H3 addendum.	3		============================================================================== SUMMARY: H1-DEFECT | H2-CONFLATION | H3-GAP | H4-MISMATCH | H5-DANGLING | H7-CLEAN ==============================================================================
D027	outside_bench/certificates/paired_summary_check.py	FAIL	A self-test of a lexical closure-vs-limitation-language detector meant to flag arcs whose one-line claim/FINDINGS.md summary asserts more closure than the arc's own cell records support, run in two arms (A: claim vs FINDINGS.md; B: claim+FINDINGS vs machine-readable cell JSON) against a sealed positive control (B1196, a hand-found real instance) and two negative controls (B990, B1202) over the 1122-arc corpus in frontier/.	frontier/<arc>/arc_verdict.json and FINDINGS.md and verification/*.json or *_results.json cell records for all 1122 arcs; sealed control assignment from outside_bench/seals/PAIRED_SUMMARY_PREREG.md (positive B1196, negatives B990/B1202, and the exact sentence/cell text marks 'which is WHY they are anchors' / 'first hypothesis' that must be caught for the control to count as passed); hand-declared CLOSURE/LIMIT regex lexicons.	2		  caught B1220's actual pair (summary 'which is WHY they are anchors' vs cell 'first hypothesis'): NO   selectivity on own domain: 434 of 1121 arcs flagged (39%)   => P1-USELESS  [the sealed positive PAIR is not caught; negatives fired: ['B990', 'B1202']] ...   *** VACUITY: ['B990', 'B1202'] carry no text on this arm's cell side...   => P1-USELESS  [the sealed positive PAIR is not caught; negative control VACUOUS on this substrate: ['B990', 'B1202']; flags 9 of 9 arcs in its own domain (no negative capacity)]  ARM A : P1-USELESS | P-2 not run ARM B : P1-USELESS | P-2 not run
D027	outside_bench/certificates/paper/verify/check_charge_bracket.py	PASS	An exact (Fraction/sympy rational, no floats) reconstruction of the E6 Lie algebra from its Cartan matrix (72 roots via reflection closure, Chevalley basis via a Frenkel-Kac cocycle with antisymmetry and full Jacobi identity verified on all 76076 triples), the principal sl2 triple, the ad(h) exponent decomposition, the two 2T-invariant binary forms t,W checked invariant under all 24 elements of the binary tetrahedral group, an explicit sl2-equivariant embedding of the degree-14 and degree-22 charge polynomials into the corresponding weight blocks, and an exact computation that the Lie bracket [x14,x22] = 0.	self-contained; only sympy for rational/symbolic linear algebra; the Bourbaki E6 Cartan matrix and the choice of Frenkel-Kac cocycle B are hardcoded in the script.	3		  [PASS] ### [x14, x22] = 0 exactly ---------------------------------------------------------------------- PASS: the one certificate the cascade consumes reproduces exactly.
D028	outside_bench/certificates/pattern_ladder.py	PASS	Enumerates reduced words (length<=8) in a 2x2 integer-matrix presentation over Z[omega]; exactly counts trace-class degeneracy (G1), the fraction of word-pairs that are non-commuting and have distinct traces per memo 112's 'seat' type conditions at depths<=3,4,5 (G2), and re-checks all trace values lie in Z[omega] (G3). All arithmetic is exact integer-pair arithmetic; the one hard check is `assert mtr(mmul(Ma,Mb)) == (2,-1)` plus set/dict equality checks; the rest is descriptive counting printed to stdout with no other pass/fail verdict.	none (self-contained; matrices Ma,Mb hardcoded from 'the banked systole trace 2-omega' claimed to come from memo 112/113 but not imported)			largest degeneracy: 376 classes share ONE trace value; top five multiplicities: [376, 308, 280, 244, 240] ... <=5   116886   116480   109360   109344   0.9355 ... G3 (THE BUDGET IS STILL FIXED): all 180 distinct trace values lie in     Z[omega] (integer pairs, verified)... Gate 5 untouched. [exit code 0]
D028	outside_bench/certificates/peripheral_dims.py	PASS	For the 54-dim carrier rho_2⊗rho_27 (SL2 holonomy ⊗ exact e6-27 rep on bridge root r0), computes exact (exact-field, no floats) kernel dimensions of rho_Psi(a)-I (=27) and rho_Psi(lambda)-I (=12, longitude word bABaaBAb), containment of the two kernels, non-invariance of ker(a-I) under b, the 12/15 weight-parity split of the 27 vs. the lock-split of ker(a-I), and a structural rank-nullity derivation (N27^2=0, block structure, explicit 27-vector basis of the kernel checked to solve (a-I)v=0 and have full rank). All checks are asserts on exact rational/exact-field linear algebra.	outside_bench/certificates/twisted_double.py (execs the file's stage-0..3 code: e6 root system, 27-dim crystal rep rho27_Q, principal sl2 embedding, relator-acts-as-identity check) plus hardcoded longitude word LAM and root r0=ROOTS[0]			FACT 1: dim ker(rho_Psi(a) - I) = 27  (preregistered anchor: 27) FACT 2: dim ker(rho_Psi(lambda) - I) = 12  (measured; expect >= 12)         ker(lambda-I) subset ker(a-I): True  (rank 42 -> 42) FACT 3: ... invariant under rho_Psi(b): False FACT 4a/4b: locked=12, unlocked=15 => FACT 4a and FACT 4b agree numerically: 12=12, 15=15 FACT 4'.4: rank(N27|odd)=6, nullity(N27|odd)=6 rank of the explicit basis: 27 Gate 5 untouched: no measured physical constants entered any computation. [exit code 0]
D028	outside_bench/certificates/peripheral_identity.py	PASS	Two-part symbolic (sympy, exact rational/polynomial arithmetic) certificate: Part I derives the nonabelian-component Riley trace relator P(x,z) for a 2-generator SL2 presentation by exact factoring/GCD of relator conditions, verifies it at sample points, and checks whether tr(ab^-1)+tr[a,b]=3 holds identically mod P (found: no, defect x^2-4, but holds exactly on the parabolic scheme Q[z]/(z^2-5z+7)). Part II fits the memo-43 substitution's induced trace map (x,y,z)->(y,y',z') by exact polynomial interpolation (84 monomials, 140 exact rational samples, verified on 40 fresh samples), computes the full fixed-point locus on x^2+y^2+z^2-xyz=0 via Groebner elimination, confirms it equals memo43's conjugate pair plus a non-reduced origin, and checks complex-conjugation swaps the pair and fixes the origin.	none (self-contained; hardcoded relator word 'abABaBAbaB', hardcoded substitution word choices 'vUvv'/'vvUvv', a fixed random seed for sampling)			FACT 3: (S - 3) mod P  = x**2 - 4    BRANCH B: the identity is PERIPHERAL; defect = (x - 2)*(x + 2)    on the parabolic scheme Q[z]/(z^2-5z+7):  S - 3 = 0    ...    fixed locus on the level-0 surface: 3 points      fixed point: (0, 0, 0)      fixed point: (3/2 - sqrt(3)*I/2, ...)    contains the conjugate pair: True   contains (0,0,0): True FACT 5: conjugation swaps the kappa-pair: True; fixes (0,0,0): True Gate 5 untouched. [exit code 0]
D028	outside_bench/certificates/principal_witnesses.py	PASS	Independent elementary re-proof that the class number h(K)=1 for the cubic field defined by f=x^3-12x+5 (disc 6237): verifies disc(f)=6237 exactly, totally-real (3 real roots), an exact integer inequality pinning the Minkowski bound strictly between 17 and 18, re-derives the splitting shapes of f mod p for p in {2,3,5,7,11,13,17} by exact factorization, then brute-force searches integer coefficient triples (u,v,w) in a box of side 9 for explicit algebraic-integer generators (via resultant norm computation and a Hensel-lifting valuation to discriminate ramified/split primes) of all 8 prime ideals of norm<=17, asserting all 8 are found, hence every ideal class is principal.	none (self-contained sympy computation); cross-checks a specific hardcoded generator (-26,-1,2) claimed from 'memo 102'			witness hunt (box 9): 8/8 primes hit    p2   : alpha = -1 +2 theta +1 theta^2,  N = +2 ...    ... cross-pin: N(-26 - theta + 2 theta^2) = +-953 (memo 102's exhibit re-verified). h(K) = 1 INDEPENDENTLY CERTIFIED, ELEMENTARILY... [exit code 0]
D028	outside_bench/certificates/psi_survival.py	PASS	Rebuilds E6 root/weight machinery (via twisted_double.py) to find the 'forced' hypercharge direction and two SM-safe vev directions (nu^c-like, S-like) in a specific frame, then via exact (sympy Rational) linear algebra: (FACT1) checks the annihilator of the two vevs in the 6-dim Cartan equals span of the 4 SM generators (color Cartan, T3, Y, forced-u direction), i.e. no extra unbroken U(1) survives; (FACT2) computes psi-charges of the two vev states are (1,-2), checks gcd=1 (trivial discrete remnant), and cross-checks via a GF(2) nullspace computation that the psi-parity pattern is not among surviving Z/2 gradings; FACT3 prints a kinematic conclusion with no additional computed check.	outside_bench/certificates/twisted_double.py (execs stage-0..3: E6 roots, 27-dim weight/rep data, principal sl2); hardcoded ratio target ((-4,2,-3,6) or (2,-4,-3,6)) used to select the hypercharge direction, cited as forced by 'memo 70'			FACT 1: annihilator of the two vevs = dim 4; the 4 SM generators lie inside it    and are independent => the surviving torus IS the SM torus EXACTLY. FACT 2: psi-charges of the vev pair: [1, -2] ... gcd(|1|,|-2|) = 1 => ... Z/1 = TRIVIAL    cross-check (lattice side...): the psi-parity pattern is NOT among the surviving gradings [exit code 0]
D029	outside_bench/certificates/q2_staleness_recheck.py	PASS	Re-audits the bench's own memo-138 keyword-based staleness flag on queue item Q2: checks (via string/word matching against arc claim text pulled from _oa_source.arc_verdicts()) whether arcs B1198/B1209 actually name Q2's subject (J3(O)/exceptional domain/M(O,C)/Tier B), whether B1126's sealed period sweep already covered the complex volume against SM targets, and whether the complex volume is a basis element of B1137's combination sweep. This is a textual/logical consistency check over hardcoded arc claim strings, not a numerical or symbolic proof.	outside_bench/certificates/_oa_source.py module (arc_verdicts() pulling arc claim text for B1126, B1137, B1198, B1209) and the specific wording of those claims as strings in the repo's arc-claim database.			R1 — DO THE FLAGGED ARCS NAME Q2's SUBJECT AT ALL?     B1198: Q2-subject terms present -> NONE     B1209: Q2-subject terms present -> NONE ... R4 — THE DISPOSITION OF Q2.   MEMO 138's STALE FLAG ON Q2 IS CORRECTED: substantially a FALSE   POSITIVE of a keyword detector...   FENCE: nothing sent, no external contact.  Gate 5 untouched. (exit code 0, all asserts passed)
D029	outside_bench/certificates/q7_ledger_audit.py	TIMEOUT	Rebuilds B575's exact E6-in-gl(27) construction over Q(sqrt-3), reconstructs memo 161's stabilizer of a generic (x,y) pair as an exact nullspace (dim 28), verifies the stabilizer's own Lie bracket closes in its span (exact rational/quadratic-field arithmetic, no floating point), computes the exact Killing form rank (28/28, nondegenerate), and then computes the centroid dimension by reduction modulo two large primes (nullity_p >= nullity_Q, so a modular value of 1 would prove the centroid is exactly 1-dimensional, ruling out g2⊕g2 and Res_{L/F}(g2) as alternatives to a central simple algebra).	frontier/B575_bridge_obstruction/l51_obstruction.py (execs its stages 0-3 as a source-code prefix to build the E6 basis and its own internal gates G1a/G1b/G2a/G2b/G3), the hardcoded random seed 11 (matching memo 161's construction), and memo 161/162's claimed dim-28 stabilizer result which this script's own assert checks for reproduction.		Killed by the shell's `timeout 600` wrapper (exit code 124) partway through the second-prime modular nullity computation. It completed the exact build (120s), the exact bracket-closure and Killing-form computation (~230s), and the first prime's modular nullity (p=100003, nullity=1, took 176s), but was killed before computing nullity at the second prime (p=1000003), which the script's own logic requires (`nulmin = min(res.values())`) before it can print outcome A-CENTRAL/A-NONCENTRAL and the final SUMMARY line — no verdict was printed.	     A-1  CENTROID  dim_F {T : T[x,y] = [Tx,y]}   (784 unknowns, 21168 equations)           p =   100003  (sqrt(-3) = 14241)   rank 783 of 784  ->  nullity 1   [176s] EXIT: 124 (no further output; script terminated by timeout before the second prime and before printing any OUTCOME/SUMMARY line)
D029	outside_bench/certificates/q7_stabilizer_id.py	PASS	Rebuilds B575's exact E6-in-gl(27) construction over Q(sqrt-3) and computes, as an exact nullspace (no floating point), the stabilizer dimension of a generic pair (x in 27, y in 27*) for two random seeds (both give dim 28, matching memo 160's prediction), verifies the stabilizer's bracket closes in its own span (a genuine subalgebra, checked on all 729 coordinates per bracket), and computes the centraliser dimension of every basis element (all exactly 4, so no element has centraliser >=14, ruling out a g2(+)g2 decomposition and being consistent with a simple so(8)).	frontier/B575_bridge_obstruction/l51_obstruction.py (execs stages 0-3 to build the E6 basis with its own internal gate checks), hardcoded random seeds 11/29/5 for reproducibility of memo 160/161's construction.			     seed 11: dim = 28      seed 29 (control on 'generic'): dim = 28   same      OUTCOME: S1-28   (memo 160 predicted 28 by subtraction; this is by construction) ...      bracket CLOSES in the span for all 784 pairs -- it is a subalgebra      rank (centraliser dim of a generic element) = 4      OUTCOME: S2-RANK4      centraliser dims across the basis: min 4, max 4      elements whose centraliser is >= 14 (a whole g2 factor would force this): 0      OUTCOME: S3-SIMPLE   (so(8) is simple; g2 (+) g2 is not) SUMMARY: S1-28 | S2-RANK4 | S3-SIMPLE (exit code 0)
D029	outside_bench/certificates/q7_strong_approximation.py	PASS	Symbolic/exact computation (sympy) checking: the cubic field K=Q[x]/(x^3-12x-5) is irreducible with discriminant 6237=3^4*7*11 (matching cited B1093 value), fully real signature (3,0), non-square discriminant so Galois group S3; a dimension count along the E6->F4->Spin(8) chain (78-26=52=dim F4, 52-24=28=dim Spin(8), both exact integer identities); and a tabulated, hand-scored assessment of 5 strong-approximation hypotheses (3 hold conditionally/unconditionally, 2 explicitly left UNVERIFIED-HERE) with an explicit fenced verdict that Route A is NOT concluded to cross.	hardcoded standard Lie-group dimensions (dim E6=78, dim 27=27, dim F4=52, dim 26=26, dim D4=28), the cubic polynomial x^3-12x-5 cited to B990/B1093, and B904's separately-claimed construction of split octonions/tri(O) (cited, not recomputed here).			     irreducible over Q: True      discriminant = 6237   factored = {3: 4, 7: 1, 11: 1}   [B1093: 6237 = 3^4*7*11] ...     signature (r1, r2) = (3, 0)  =>  K (x) R = R x R x R  (totally real)      disc a rational square: False  =>  Galois group = S3 ...MATCH: True ... MATCH: True VERDICT: R-ROUTE-NAMED ...PER THE SEAL'S BINDING FENCE: this cell does NOT conclude that Route A crosses. (exit code 0)
D029	outside_bench/certificates/q7_triality.py	PASS	Rebuilds B575's exact E6-in-gl(27) construction and memo 161's stabilizer (dim 28, exact reproduction asserted), then computes: (T-1) the exact dimension of stabilizer-invariant vectors in the 27-dim representation (=3, matching the Spin(8) pattern 1+1+1+8v+8s+8c), and (T-2) the commutant dimension in gl(27) via modular reduction at 3 primes p=1 mod 3 (all giving nullity 12, consistent since reduction can only drop rank, i.e. nullity_p>=nullity_Q, so 12 is an upper bound at each prime and all three agree), concluding T2-TRIALITY (12, distinguishing Spin(8)'s triality structure from SO(8)'s expected 18).	frontier/B575_bridge_obstruction/l51_obstruction.py (execs stages 0-3 for the E6 basis build), hardcoded random seed 11 matching memo 161's stabilizer construction, hardcoded prime list (10007, 100003, 1000003).			stabilizer dim (memo 161 reproduction): 28      dim invariants = 3   (Spin(8) pattern 1+1+1+8v+8s+8c predicts 3)      OUTCOME: T1-THREE ...     p =   100003: rank 717, commutant dim = 12      p =  1000003: rank 717, commutant dim = 12      commutant dim across primes: {100003: 12, 1000003: 12}      OUTCOME: T2-TRIALITY SUMMARY: T1-THREE | T2-TRIALITY (exit code 0)
D030	outside_bench/certificates/queue_join_sweep.py	PASS	Measures, via git-pinned text search of a fixed commit (89affd5b) of the repo's own docs, whether specialist-shaped passages in the registers (docs/OPEN_PROBLEMS.md etc.) are 'joined' (reachable by keyword/arc-id) to the SPECIALIST_SEND_QUEUE.md; not a math proof, a mechanical text/keyword audit with a raw-count vs adjudicated-count reporting convention.	git history of the repo itself at pinned commit 89affd5bbd4b900397af2bf3b987ff8f05f5cb80 (docs/OPEN_PROBLEMS.md, OPEN_LEADS.md, CAMPAIGN_STATUS.md, THE_LADDER.md, THE_FRAMEWORK.md, SEAL_LEDGER.md, HINT_LEDGER.md, docs/views/REVIEWER.md, docs/SPECIALIST_SEND_QUEUE.md); requires the worktree's git object store to contain that commit.	3		QUEUE: 6 items ... SPECIALIST-MARKED PASSAGES across 8 registers: 55 ... RAW unreachable subjects: 28   ADJUDICATED live-and-unreachable: 24 Report BOTH numbers -- the gap between them is the detector's noise, and it is the point. (exit code 0, no assertion failures)
D030	outside_bench/certificates/queue_join_sweep.py	PASS	Text-mining audit of the git history (pinned commit 89affd5b) of the repo's own registers, checking whether every 'specialist-shaped' marked passage in docs (OPEN_PROBLEMS.md etc.) has its subject reachable via keyword match in SPECIALIST_SEND_QUEUE.md; not a mathematical proof, a bookkeeping/reporting script that prints counts and always exits 0 (no pass/fail assertion, it reports numbers for a human to adjudicate).	git history of the worktree's own repo at pinned commit 89affd5bbd4b900397af2bf3b987ff8f05f5cb80 (docs/OPEN_PROBLEMS.md, OPEN_LEADS.md, CAMPAIGN_STATUS.md, THE_LADDER.md, THE_FRAMEWORK.md, SEAL_LEDGER.md, HINT_LEDGER.md, views/REVIEWER.md, SPECIALIST_SEND_QUEUE.md); hardcoded keyword/marker regex lists.			RAW unreachable subjects: 28   ADJUDICATED live-and-unreachable: 24 Report BOTH numbers -- the gap between them is the detector's noise, and it is the point. (exit code 0)
D030	outside_bench/certificates/quine_build.py	PASS	Exact symbolic (sympy, exact algebra over Q(omega), omega=e^{i pi/3}) verification that: (1) the four founding substitution rules are one rule under a recoding group (checked on all 2047 words of length <=10); (2) which of three GL2(C) intertwiner slots (reversal, letter-swap, Galois-mirror) are realized, via exact nullspace/homogeneous-linear-system solves; (3) an 8-combo scan finds no letter-level recoding absorbing the Galois mirror. All assertions pass, yielding EXTERNAL BIT COUNT = 1.	Hardcoded banked Riley pair A=[[1,1],[0,1]], B=[[1,0],[-omega,1]] (cited as external/banked data from prior memos), and interpretive claims cited to memo 81/98/99/106/B1174/B1183/B1196 (not independently checked by this script, only the algebra is).	3		STAGE 1 (syntax): ... verified on all 2047 words to length 10 ... r (reversal): REALIZED ... s (letter swap): REALIZED ... gal (the mirror): NOT REALIZED (nullspace dim 0) ... STAGE 2b ... NO combo absorbs the mirror at letter level ... EXTERNAL BIT COUNT = 1. (exit code 0)
D030	outside_bench/certificates/quine_build.py	PASS	Exact symbolic (sympy, exact algebra over Q(omega)) computation: verifies 4 founding substitution rules are one rule under a Z2xZ2 recoding group (checked on all 2047 words up to length 10), then solves exact GL2(C) intertwiner systems (nullspace over exact field) to show reversal and letter-swap symmetries are internally realized but the Galois/mirror symmetry is not, concluding external bit count = 1.	none (fully self-contained: hardcoded matrices A,B representing a Riley pair with omega=e^{i pi/3}, and the four substitution rules); cites external memos (98,81) for interpretive framing only, not as computational inputs.			r   (reversal)     : REALIZED, ... nullspace dim 1 s   (letter swap)  : REALIZED, ... gal (the mirror)   : NOT REALIZED (nullspace dim 0: no invertible intertwiner) ...EXTERNAL BIT COUNT = 1. (exit code 0)
D030	outside_bench/certificates/relational_kappa.py	PASS	Exact arithmetic/symbolic verification (Fraction pair arithmetic over Q(omega) plus sympy matrix algebra) of three claims: K1 kappa-2 = omega^2 exactly; K2 Phi_3(kappa-2)=0 and Phi_3(conjugate)=0 exactly; K3 memo-104's M=Coxeter^4 (6x6 integer matrix) satisfies the same Phi_3 exactly; and E1, a conjugation-invariance ('selector-free') property of a realizer determinant set, checked symbolically for 5 explicit conjugators plus independent brute-force integer box searches (bounded, exact).	Hardcoded matrices/constants: G (6x6 Cartan-type matrix), A=[[2,1],[1,1]], M1=[[2,3],[1,2]], X0, and 5 conjugator matrices, all cited as banked from prior memos (98/99/104/106) and results B1195/B1196; no external data files.	3		K1: kappa - 2 = omega^2 = omega - 1 EXACTLY ... K2: Phi_3(kappa - 2) = 0 AND Phi_3(conj) = 0 ... K3: ... satisfies the SAME Phi_3 ... E1: SELECTOR-FREE CONFIRMED ... VERDICT: B1195's kappa law and B1196's selector-freedom both REPRODUCE exactly on this bench (exit code 0, no assertion failures)
D030	outside_bench/certificates/relational_kappa.py	PASS	Exact arithmetic (Fraction-pair arithmetic over Q(omega), plus sympy exact matrix algebra) verifying: K1 kappa-2=omega^2, K2 both roots of u^2+u+1=0 equal {kappa-2, conjugate}, K3 a rebuilt 6x6 Coxeter^4 matrix satisfies the same cubic, and E1 a conjugation-invariance ('selector-free') theorem tested symbolically/exactly plus brute-force integer box search on 5 explicit conjugators.	hardcoded matrices/constants (A, M1, X0, the 5 conjugator matrices, the 6x6 Coxeter Cartan-type matrix G) representing banked results from other memos (104, B1195/B1196) cited as prior context but not loaded from files — all computation is self-contained in the script.			K1: kappa - 2 = omega^2 = omega - 1 EXACTLY... K2: Phi_3(kappa - 2) = 0 AND Phi_3(conj) = 0... K3: ...satisfies the SAME Phi_3... E1: SELECTOR-FREE CONFIRMED... VERDICT: B1195's kappa law and B1196's selector-freedom both REPRODUCE exactly on this bench... (exit code 0)
D030	outside_bench/certificates/reversal_forces_symmetry.py	PASS	Numerical linear algebra (scipy eigh_tridiagonal on a 987-site Fibonacci/Sturmian tight-binding chain) verifying that at a reversal-closed window H_L=J H_R J holds (spectra match to <1e-9, participation ratio to <1e-6, gap structure to <1e-9, center-of-mass reflection to <1e-6), and that consequently three reflection-symmetric edge-detectors report equal left/right counts (7 vs 7) while one reflection-breaking detector splits (4 vs 3) — a numerical-with-tolerance certificate.	No external files; hardcoded N=987, golden ratio PHI, and detector threshold constants (N/10, 10*median gap, 20-site/5% windows) defined in-script.	4		S1 ... left word == reverse(right word): True ... max |E_R - E_L| ... (isospectral) ... both_ends True 7 7 True; both_ends_20 True 7 7 True; both_ends_frac True 7 7 True; near_only False 4 3 False ... every reflection-SYMMETRIC detector ties: True ... S4 — THE VERDICT: OUTCOME A-FORCED. (exit code 0)
D030	outside_bench/certificates/reversal_forces_symmetry.py	PASS	Numerical linear algebra (scipy eigh_tridiagonal, N=987 Sturmian/Fibonacci chain) verifying to tolerances (~1e-9 to 1e-6) that a reversal-closed window's left/right Hamiltonians are related by conjugation with the exchange matrix J, so energies/participation-ratio/gap-structure match and center-of-mass is exactly mirrored; then shows 3 reflection-symmetric edge-detectors always tie (7=7) while one reflection-breaking detector splits (4 vs 3).	none beyond hardcoded parameters (golden ratio PHI, N=987, detector thresholds like N/10, 10*median, 20-site window, 5% fraction) — fully self-contained numerical construction, no external data files.			max |E_R - E_L| = 1.332e-15 (isospectral) ... every reflection-SYMMETRIC detector ties: True ... the reflection-BREAKING one: [('near_only', 4, 3)] S4 — THE VERDICT: OUTCOME A-FORCED. ... (exit code 0)
D030	outside_bench/certificates/script_chain.py	PASS	Part A: re-asserts 12 banked textual anchors are still present verbatim in committed output files (a drift guard, string-containment check, not a recomputation). Part B: rebuilds the unique E6-invariant cubic coupling on the 27 representation from scratch (exact Fraction-based nullspace solve over the Chevalley basis, verified against all 3003 Chevalley brackets) and exactly censuses its 45 support triples, finding 0 diagonal (repeated-state) entries — an exact combinatorial/linear-algebra result.	Committed output text files under outside_bench/outputs (or outputs_mirror) — l132_trinification_out.txt, grav_ablation_out.txt, breaking_chains_out.txt, z2_census_out.txt, psi_survival_out.txt, family_census_out.txt, family_rank_out.txt, yukawa_texture_out.txt, cp_column_out.txt, atom_shape_out.txt, susy_test_out.txt — plus imports/execs code from twisted_double.py in the same directory (E6 root system, rho27_Q construction); cites memo 32/47/83 as banked prior results not reverified here.	5		twelve script anchors GREEN — the chain stands as banked. ... stage 1 VERIFY: rho27 respects ALL 3003 Chevalley brackets: PASS ... stage 3: relator acts as identity on the 27: PASS ... PART B: repeated-state census of the 45 support triples: 0 diagonal entries ... BRANCH DISTINCT: every support triple has three DISTINCT states ... (exit code 0)
D030	outside_bench/certificates/script_chain.py	PASS	Part A: drift-guard check that 12 specific substrings still appear in banked output text files (outputs_mirror or outputs dir) confirming prior banked results haven't silently changed. Part B: exact rational-arithmetic (Fraction) rebuild of the E6-27 representation's unique cubic invariant coupling via a from-scratch Gaussian-elimination nullspace computation over Q, then exact census of its 45 support triples for repeated-index (Majorana-shaped) diagonal entries. Part C is a printed non-computational gap ledger.	banked output text files under outside_bench/outputs (or outputs_mirror fallback): l132_trinification_out.txt, grav_ablation_out.txt, breaking_chains_out.txt, z2_census_out.txt, psi_survival_out.txt, family_census_out.txt, family_rank_out.txt, yukawa_texture_out.txt, cp_column_out.txt, atom_shape_out.txt, susy_test_out.txt (11 files, checked for 12 substrings); also execs code from twisted_double.py (same directory) up to a marked cut point to build the E6 representation machinery (rho27_Q, evec, DIM, N).			twelve script anchors GREEN — the chain stands as banked. ...stage 1 VERIFY: rho27 respects ALL 3003 Chevalley brackets: PASS ...PART B: repeated-state census of the 45 support triples: 0 diagonal entries    BRANCH DISTINCT: ... (exit code 0)
D031	outside_bench/certificates/second_climb.py	PASS	Exact symbolic (sympy) check that five banked polynomial maps (T,L,s,e,R) on the character-variety coordinates (x,y,z) form a non-commuting system: computes the full 5x5 commutation table (confirmed symbolically after a random-rational-point screen), checks each map's action on the Fricke invariant kappa, and searches words of length<=4 for relations, verifying the banked relation R T^2 R = T^-2 exactly.	sympy; hardcoded polynomial map definitions T,L,S,E,R and KAPPA cited to memos 94/97/113/117/118 (no external data files).			non-commuting pairs: 6 of 10 ... => LEVEL-2 ab/ba HAS CONTENT ... R T^2 R == T^-2 ?  True ... C4 — THE VERDICT: ... Gate 5 untouched.
D031	outside_bench/certificates/second_climb.py	PASS	That the 5 exact polynomial character-variety maps T (Fricke), L (layering), s (isometry swap), e (fourth-trace flip), R=s∘e do not all commute (checks composition equality symbolically after a random-rational-point pre-filter), classifies which preserve the Fricke invariant kappa=x^2+y^2+z^2-xyz-2, searches length<=4 words for identities, and re-verifies the banked relation R T^2 R = T^-2 exactly via sympy polynomial algebra.	sympy only; the map definitions (T,L,s,e,R) and kappa are hardcoded from cited memos 86/94/97/113/117/118; no external data files.			non-commuting pairs: 6 of 10 ...LEVEL-2 ab/ba HAS CONTENT... R T^2 R == T^-2 ?  True ...Gate 5 untouched. EXIT: 0
D031	outside_bench/certificates/send_queue_readiness.py	PASS	A mechanical staleness audit (not a math certificate): for 6 hardcoded 'queue bars' with keyword lists, scans the corpus's arc-verdict records (via _oa_source.arc_verdicts()) for any arc numbered above B1179 whose claim text matches the bar's keywords, and prints READY/STALE per bar plus a narrative verdict.	outside_bench/certificates/_oa_source.py (arc_verdicts() reading the repo's own arc/corpus records); hardcoded bar names, priorities, and keyword lists; hardcoded B1179 build cutoff.			"==> 2 of 6 bars are STALE: Q1, Q2 ... assert verdicts[""Q1""] (passed, exit 0) ... FENCE: nothing was sent ... Gate 5 untouched."
D031	outside_bench/certificates/send_queue_readiness.py	PASS	A mechanical staleness audit over the repo's own arc-verdict corpus (via _oa_source.arc_verdicts()): for each of 6 queue bars (Q1-Q6) with hardcoded keyword lists, checks whether any arc numbered above B1179 (the queue's build point) mentions the bar's subject in its claim_one_line; asserts >10 later arcs exist and that Q1 in particular is touched, then prints READY/STALE per bar.	outside_bench/certificates/_oa_source.py (present in worktree, pinned source module providing arc_verdicts()), and the corpus of banked arc records it reads; hardcoded bar names/keywords/priorities for Q1-Q6.			==> 2 of 6 bars are STALE: Q1, Q2 ...sending Q1 as written would hand a specialist a status line that omits 8 of our own subsequent arcs... Gate 5 untouched. EXIT: 0
D031	outside_bench/certificates/shadow_pairing.py	PASS	Exact integer/rational arithmetic over Z[omega] on all 4372 reduced words (length<=7) in the vendored Riley-holonomy representation of a, b: computes whether each class X commutes with its Galois conjugate gal(X) and whether tr(X) is non-real, tabulates the 2x2 contingency (refuting a preregistered prediction that the two conditions coincide), and verifies exactly that the Fricke invariant kappa_s of (X, gal X) is real for all 4372 classes.	Hardcoded 2x2 matrices Ma, Mb (vendored Riley holonomy over Z[omega]) with a banked control assertion tr(ab)=(2,-1); memo 110/112/113 definitions of shadow/gal and the Fricke invariant; no external files.			non-commuting BUT real-trace: 360 ... unlike BUT commuting: 12 ... kappa_s = ... REAL for ALL 4372 classes (non-real: 0) ... VERDICT ON THE OWNER'S HYPOTHESIS: ... ADMISSIBLE and CORRECT ... Gate 5 untouched.
D031	outside_bench/certificates/shadow_pairing.py	PASS	Exact integer/Z[omega]-arithmetic (no floats) census over all 4372 reduced words up to length 7 in a hyperbolic 2-bridge (Riley-type) representation: computes for each class X whether [X, gal(X)]!=0 (non-commuting with its Galois-conjugate 'shadow') and whether tr(X) is non-real, checks the two predicates are NOT identical (finds 372 discordant classes), and verifies exactly that the Fricke invariant kappa_s of the (X, gal X, X·gal X) triple is real for all 4372 classes.	Hardcoded 2x2 matrix generators Ma, Mb over Z[omega] (omega^2=omega-1) representing a banked Riley holonomy (control-checked against tr(ab)=2-omega); no file I/O.			[X, gal X] != 0 ...: 4280 tr X non-real...: 3932 ...THEY DO NOT: non-commuting BUT real-trace: 360 ... unlike BUT commuting: 12 ...kappa_s = ... is REAL for ALL 4372 classes (non-real: 0) ...C1 INTERNAL PASS ... C4 TESTABLE PASS Gate 5 untouched. EXIT: 0
D031	outside_bench/certificates/simul_closing.py	PASS	Exact rational-arithmetic (Fraction) construction inside the E6 root system (loaded from paper/verify/check_charge_bracket.py): verifies ad-invariance of a corrected Killing-type form on 300 random triples, enumerates the full Weyl group W(E6) (51840 elements, exact match), finds involutive root-permutations swapping two A2 blocks S0<->S1 while fixing a third S2, solves a GF(2) linear system for signed involutive Lie-algebra lifts theta of three specific maps (antipodal, permute, mixed), and computes exact signature diagnostics (global signature, color-slot signature, double-triple signature) for every lift, reporting per-class whether both a Lorentz-signature double and a compact (0,8) color signature occur simultaneously.	outside_bench/certificates/paper/verify/check_charge_bracket.py (E6 root data, bracket, evec/hvec/eps/ip helpers, ROOTS/IDX/N/DIM); hardcoded root-index choices for S0 (nodes 0,2) and the diagram-flip convention; no external data files beyond the vendored module.			|W(E6)| enumerated: 51840 (expect 51840) ... antipodal: solutions=64, compact-color=16, so(3,1)-double=0, BOTH=0 ... permute: ... BOTH=0 ... mixed: ... BOTH=0
D031	outside_bench/certificates/simul_closing.py	PASS	Exact rational-arithmetic computation on the E6 root system (72 roots, dim 78, imported from paper/verify/check_charge_bracket.py): verifies the invariant form's ad-invariance on 300 random triples, enumerates the full Weyl group W(E6) (asserts |W|=51840), finds involutive root-permutations swapping two A2 Levi factors S0<->S1 while fixing a third S2 setwise, solves a GF(2) linear system for signed involutive lifts theta of three specific maps (antipodal, permute, mixed=-w), and computes real-form character/signature and color-slot signature for each solution, reporting whether any solution achieves BOTH so(3,1) Lorentz signature and compact (0,8) color signature.	outside_bench/certificates/paper/verify/check_charge_bracket.py (imported module defining ROOTS, IDX, br/evec/hvec/eps/ip and E6 structure constants) — present in worktree; the specific root/node indices (0,2) for the Levi S0 are hardcoded per the paper's convention.			|W(E6)| enumerated: 51840 (expect 51840) ...corrected form ad-invariance (300 triples): PASS ...VERDICT ================ antipodal: solutions=64, compact-color=16, so(3,1)-double=0, BOTH=0 permute: solutions=8, compact-color=0, so(3,1)-double=8, BOTH=0 mixed: solutions=8, compact-color=0, so(3,1)-double=8, BOTH=0 EXIT: 0
D031	outside_bench/certificates/simul_sweep.py	PASS	Exhaustive (not sampled) version of simul_closing.py's search: over the full automorphism group Aut(Phi(E6)) = W union deltaW, finds all 48 involutive root-maps swapping S0<->S1 fixing S2, computes all involutive GF(2) sign lifts for each, and computes the exact color-slot signature for every (swapper, sign-solution) pair, reporting whether a compact (0,8) color signature ever co-occurs with the so(3,1)-double property.	outside_bench/certificates/paper/verify/check_charge_bracket.py (same E6 root data/bracket module as simul_closing.py); hardcoded S0/S2 root selections and diagram-flip convention; no external data files.			involutive swappers: 48 total (24 in W, 24 in deltaW) ... color signatures over ALL (swapper, sign-solution) pairs: {(4, 4): 216, (0, 8): 24, (5, 3): 240} ... SIMULTANEOUS CLOSING (so(3,1) + compact color (0,8)): 24 hits ... EXISTS — first hit at swapper 13
D031	outside_bench/certificates/simul_sweep.py	PASS	Exhaustive exact-rational sweep extending simul_closing.py: enumerates all involutions in Aut(E6 root system) = W ∪ deltaW (48 total, split 24/24) that swap Levi factors S0<->S1 fixing S2, solves the GF(2) sign-lift system for each, computes the color-slot signature for every (swapper, sign-solution) pair, and searches for any combination achieving compact color signature (0,8), asserting a spot-check that each lift is a genuine Lie-algebra automorphism.	outside_bench/certificates/paper/verify/check_charge_bracket.py (same shared E6 module as simul_closing.py); hardcoded root-index choices for S0/S2 slots consistent with simul_closing.py.			involutive swappers: 48 total (24 in W, 24 in deltaW) swappers with no involutive lift: 0/48 color signatures over ALL (swapper, sign-solution) pairs: {(4, 4): 216, (0, 8): 24, (5, 3): 240}  SIMULTANEOUS CLOSING (so(3,1) + compact color (0,8)): 24 hits >>> EXISTS — first hit at swapper 13 EXIT: 0
D032	outside_bench/certificates/simul_verify.py	PASS	Exact (Fraction) symbolic verification that all 24 'simultaneous closing' hits (swapper automorphisms g with sign-lift c on e6, 78-dim) satisfy theta^2=I exactly, are genuine Lie-algebra automorphisms on the full 3003 basis-bracket pairs (first hit) or 300 random pairs (rest), and have global signature/character -26 (E6(-26)), double signature (3,3,0), and color signature (0,8) — all via exact fraction arithmetic on a 78x78 basis.	imports outside_bench/certificates/paper/verify/check_charge_bracket.py (e6 root system, bracket, inner-product machinery) from the repo; no external data files or hardcoded physical constants beyond the E6 root system definitions in that imported module.	8		involutive swappers: 48 hit: swapper#13 [W] S2-action=nontrivial  theta^2=I OK  automorphism FULL-3003 OK  global sig (26,52) char -26 [E6(-26)=M(O,C)]  double (3, 3, 0)  color (0,8)  total hits verified: 24 summary {(char, double_sig, coset, S2-action): count}:    (-26, (3, 3, 0), 'W', 'nontrivial') : 24
D032	outside_bench/certificates/simul_verify.py	PASS	For each 'simultaneous-closing hit' (an involutive automorphism g of the E6 root system paired with a sign-cocycle solution c, giving theta with color signature (0,8)) it exactly verifies theta^2=I, that theta is a Lie-algebra automorphism (full 3003 bracket pairs on the first hit, 300 random pairs on the rest), computes the global signature/character of theta (real form), the double signature of the principal sl2-triple under theta (expects (3,3)=so(3,1)), and locates g in W vs the outer coset. All checks use exact Fraction arithmetic over the 78-dim e6 basis (no floating point).	imports outside_bench/paper/verify/check_charge_bracket.py (the E6 root system, bracket, inner product, and basis vector constructors ccb.br/add/smul/evec/hvec/eps/ip/ROOTS/IDX/N/DIM) from the same repo; no external data files or measured constants.	3		involutive swappers: 48 hit: swapper#13 [W] S2-action=nontrivial  theta^2=I OK  automorphism FULL-3003 OK  global sig (26,52) char -26 [E6(-26)=M(O,C)]  double (3, 3, 0)  color (0,8)  total hits verified: 24 summary {(char, double_sig, coset, S2-action): count}:    (-26, (3, 3, 0), 'W', 'nontrivial') : 24
D032	outside_bench/certificates/spacetime64.py	FAIL	Exact symbolic weight decomposition (reusing simul_verify.py's machinery) of the 64-dim complement of so(3,1)+su(3) inside e6 by (h1,h2)-weight and color content, intending to show the color-singlet (0,0)-weight content outside the algebra is exactly 0 (matching a 'no hypercharge room' prediction) and that theta glues the two spin-2 tops into one complex 10.	Sources (exec's) outside_bench/certificates/simul_verify.py up to a marker for its e6/root-system/swapper-search machinery; no external data files.	8	Script's own computed color-singlet (0,0) content is 2, not 0, directly contradicting the printed claim '(0 = NO hypercharge room; matches memo 11)' on the same line; the script has no assertion catching this, but its own numeric result falsifies its declared verdict.	complement dimension: 64 (expect 64) ... color-singlet (0,0) content in the complement: 2 (0 = NO hypercharge room; matches memo 11) spin-2 tops: S0-side weight-(4,0) roots: 1 ; S1-side (0,4): 1 theta maps S0 spin-2 top into sl3(S1) span: True -> sigma glues the two spin-2s into ONE complex spin-2 (real dim 10)
D032	outside_bench/certificates/spacetime64.py	FAIL	Loads the e6 machinery via simul_verify.py, finds the same theta hit, and decomposes the complex 64-dimensional complement of sl2(T1)+sl2(theta T1)+sl3(color) in e6 by (h1,h2)-weight and color type (exact Fraction arithmetic), checking the complement has dimension 64 and that theta maps the S0-side spin-2 top root into the sl3(S1) span. The file's own docstring declares a PREDICTION that this decomposition has 'ZERO color-singlet (0,0)-weight outside the algebra.'	imports outside_bench/paper/verify/check_charge_bracket.py (E6 root system/bracket machinery) via exec'ing the shared prefix of simul_verify.py; no external data files.	3	the script's own printed result (color-singlet content = 2) contradicts its declared PREDICTION of ZERO color-singlet content, and the code's inline comment claiming it 'matches memo 11' is false against its own computed number; there is no assert catching this, so it exits 0, but the certificate's stated verification target is not actually satisfied by its own output.	complement dimension: 64 (expect 64) ...    (0, 0, 'cartan') : 2 ... color-singlet (0,0) content in the complement: 2 (0 = NO hypercharge room; matches memo 11)
D032	outside_bench/certificates/stage2_unseal.py	PASS	Exact/symbolic integrity checks (minpoly annihilation of vendored B928 branch decimals at <1e-15, an exact Fraction sum rule Tr(m_S)+Tr(t_oct)=11, and a branch-wise identity t_oct=2m_A+2trM) plus a numerical comparison (with mpmath, 40 dps) of three sheet quantities against measured CKM/PMNS mixing under a pre-declared shape (T1) and factor-2 (T2) test, concluding an all-MISS verdict per its own sealed rules.	Hardcoded vendored B928 branch decimals and minimal polynomials (cited from frontier/B928_d2_decode/FINDINGS.md, not recomputed here); hardcoded measured CKM sines (0.22500,0.04182,0.00369) and PMNS sin^2 values (0.303,0.572,0.02203) entered as external targets; sympy/mpmath for symbolic/numeric arithmetic.	2		INTEGRITY 1: all nine vendored branch decimals annihilate their minpolys. INTEGRITY 2: Tr(m_S) + Tr(t_oct) = 151/64 + 553/64 = 11 EXACT (sum rule). INTEGRITY 3: t_oct = 2 m_A + 2 trM branch-wise... annihilate t_oct's own minpoly. ... m_S x CKM: pattern DESC vs DESC -> T1 PASS; ... T2 MISS [= B929 ...] ... VERDICT (per the sealed rules): ALL SIX primary readings MISS Tier 2 ... THE FULL-SHEET CLOSURE BANKS...
D032	outside_bench/certificates/stage2_unseal.py	PASS	Numerically verifies (via mpmath at 40 digits and exact Fraction/sympy arithmetic) that 9 vendored numeric branch values annihilate their stated cubic minimal polynomials, that a sum-rule Tr(m_S)+Tr(t_oct)=11 holds exactly from polynomial coefficients, and that a derived identity t_oct=2*m_A+2*trM holds branch-wise (tolerance 1e-12/1e-15); it then compares three banked algebraic-number families against measured CKM/PMNS mixing angles under a preregistered Tier-1 (shape-pattern) / Tier-2 (ratio-within-factor-2) test and a secondary chance-rate scan, printing a MISS verdict for all six primary cells.	hardcoded vendored decimal branch values and integer minimal-polynomial coefficients (cited as from B928 Q3 / frontier/B928_d2_decode/FINDINGS.md, not recomputed here); hardcoded measured CKM/PMNS mixing values (0.22500, 0.04182, 0.00369; sin^2 0.303, 0.572, 0.02203); sympy and mpmath.	2		INTEGRITY 1: all nine vendored branch decimals annihilate their minpolys. INTEGRITY 2: Tr(m_S) + Tr(t_oct) = 151/64 + 553/64 = 11 EXACT (sum rule). INTEGRITY 3: t_oct = 2 m_A + 2 trM branch-wise, and the derived branches ... annihilate t_oct's own minpoly. ... VERDICT (per the sealed rules): ALL SIX primary readings MISS Tier 2, and the five NEW Tier-1 cells all MISS on shape class...
D032	outside_bench/certificates/state_claim_linter.py	PASS	A regex-based lexical linter over outside_bench/**/*.md that flags sentences claiming an arc is unrun/unbuilt/uncommitted when that arc's own frontier/B####_* directory contains contradicting artifact files; verified via a two-sided control (--control) that it flags a known-bad pre-correction memo revision (fetched via git show) and does not flag the corrected version.	Live filesystem scan of outside_bench/**/*.md and frontier/B####_* directories in the worktree; git history (git show d0c8f11:... or git log --diff-filter=A) to fetch a historical memo revision for the positive control; both are repo-internal, no external data.	3		Default sweep: 'FLAGGED state claims...: 0' / 'OUTCOME: L2-CLEAN'. --control: 'FLAGGED state claims...: 1' (positive, memo 157 pre-correction, arc B632) and 'FLAGGED state claims...: 0' (negative, corrected memos) => 'CONTROL: positive flagged 1, negative flagged 0 => L1-DISCRIMINATES'
D032	outside_bench/certificates/state_claim_linter.py	PASS	A lexical linter (regex-based) that scans markdown files under outside_bench/ for prose sentences claiming an arc (B####) is 'unrun'/'unbuilt'/etc. while that arc's own frontier/B####_* directory contains contradicting artifact files, excluding quoted/corrected/self-referential claims; run in default mode it sweeps the live lane (reporting 0 flags = L2-CLEAN), and with --control it runs a two-sided self-test (a known-bad memo version must be flagged, its corrected version must not) reported as L1-DISCRIMINATES/L1-USELESS by string comparison, not a mathematical proof.	the live outside_bench/ markdown tree and frontier/B####_* directory listings on disk; in --control mode also `git show` of a specific historical commit/blob (d0c8f11) of outside_bench/memos/GATE_C_ADJUDICATION.md via subprocess, falling back to git log if that blob is missing.	2		Default sweep: 'FLAGGED state claims (named arc whose directory contradicts them): 0' ... 'OUTCOME: L2-CLEAN'. Control mode: 'FLAGGED state claims...: 1' (positive, memo157) and '...: 0' (negative) => 'CONTROL: positive flagged 1, negative flagged 0  =>  L1-DISCRIMINATES'
D032	outside_bench/certificates/structure_probe.py	PASS	Numerical test (no measured/observational data) on hardcoded, cited B168 growth-ratio and retention data: checks the ensemble's endpoint reconstruction agrees with a cited endpoint to <1%, that its log-log growth slope is non-constant (spread>3x, asserted) versus a near-constant log-linear slope (spread<1.5x, asserted), concluding the growth is exponential-class not power-law, hence no growth-of-structure exponent/scale exists (row 8 = structural mismatch).	Hardcoded RATIOS/RETENT arrays cited from B168 (not recomputed here) and N0/NEND constants; cites memo 132's determinant identities (det J_T=-1, det J_L=0, det sigma^2=1) as an external banked result, not recomputed in this script.	1		histories 96 -> 2488080 (reconstructed endpoint 2488685, agreement 99.98%) log-log slope spans 2.81 .. 10.14 -> ratio 3.6x (constant would be 1.0x) log-LINEAR slope spans 1.562 .. 1.946 -> ratio 1.25x ... REQUIREMENT (i) FAILS. ... REQUIREMENT (ii) FAILS, and fails by theorem rather than by search. S4 — THE VERDICT: OUTCOME G-B, with BOTH halves failing.
D032	outside_bench/certificates/structure_probe.py	PASS	Using hardcoded/cited numeric data (B168 growth ratios and retention rates), it computes log-log vs log-linear slope spreads to test whether the growth is power-law (requirement (i) for a growth-of-structure exponent to exist) and asserts spread_loglog>3 and spread_loglin<1.5 (found 3.6x and 1.25x), concluding the growth is exponential-class rather than power-law and that no scale variable exists (argued textually from other cited results, not computed here), so the analogy to a cosmological growth-of-structure exponent fails both required conditions (verdict G-B).	hardcoded RATIOS/RETENT arrays cited as B168's banked data (not recomputed), and textual citations of B168's G4 result and 'memo 132' determinant identities (not recomputed in this script) for requirement (ii).	2		log-log slope spans 2.81 .. 10.14  -> ratio 3.6x  (constant would be 1.0x) log-LINEAR slope spans 1.562 .. 1.946  -> ratio 1.25x ... S4 — THE VERDICT: OUTCOME G-B, with BOTH halves failing.
D033	outside_bench/certificates/susy_test.py	PASS	Exact (Fraction/rational) rep-theory computation on the e6 27-dim rep and the carrier Psi=C^2⊗27: (A) the pi1-equivariant odd commutant between the locked (content 6·spin1+6·spin0) and unlocked (15·spin1/2) sectors is zero (disjoint SL2-module content ⇒ Schur), so no Definition-A supercharge; (B) the e6-commutant on Psi is gl2⊗I (27's weights multiplicity-free + weight graph connected ⇒ scalar commutant), and (M⊗I)^2 can never equal the meridian A2⊗A27 since A27 has off-diagonal entries, so no Definition-B supercharge; (C) the 'beat' operator is verified EVEN (commutes with the lock) hence not an odd supercharge. All via exact Fraction arithmetic, no tolerances.	in-file exec of twisted_double.py (sourced from the same certificates dir, code before its '# ---------------- stage 4' marker) which builds ROOTS, rho27_Q, evec, toF, nilexp, fadd/fmul/fneg helpers, QQ; hardcoded root r0=ROOTS[0]; cited facts asserted as background (memo 46/48/50, OA-C1090) that are not themselves recomputed here			stage 1 VERIFY: rho27 respects ALL 3003 Chevalley brackets: PASS FACT A: locked content {'1': 6, '0': 6}, unlocked {'1/2': 15} ...dim(odd pi1-commutant) = 0 — NO Definition-A supercharge exists FACT B(i): 27 weights multiplicity-free and weight graph connected: 27/27 FACT B(iii): A_27 has 6 nonzero off-diagonal entries (e.g. (16, 0)) — A_27 != I, ...NO Definition-B supercharge exists FACT C: the beat commutes with the lock (is EVEN): True (exit code 0)
D033	outside_bench/certificates/susy_test.py	PASS	Exact (Fraction-based, symbolic) computation on the E6 27-dim representation and its C^2 tensor: shows no odd operator squaring to the 'meridian' exists under pi1-equivariance (Schur argument on disjoint SL2 content decompositions) or gauge-equivariance (commutant-is-scalar argument), and that the record's own square-root of the tick ('the beat') is even/semilinear rather than a supercharge. All three sub-facts are decided by exact rational-arithmetic assertions, not floating point.	imports/execs the local twisted_double.py module (up to its 'stage 4' marker) for the E6 Chevalley/root data and rho27_Q representation-construction routines; hardcoded root list ROOTS[0] and dimension constants from that shared module.	3		FACT A: locked content {'1': 6, '0': 6}, unlocked {'1/2': 15}    contents DISJOINT ... dim(odd pi1-commutant) = 0 — NO Definition-A supercharge exists FACT B(i): 27 weights multiplicity-free and weight graph connected: 27/27 FACT B(iii): A_27 has 6 nonzero off-diagonal entries (e.g. (16, 0)) — A_27 != I ... NO Definition-B supercharge exists FACT C: the beat commutes with the lock (is EVEN): True; ... a mirror, not a supercharge EXIT:0
D033	outside_bench/certificates/theta_dump.py	NOT_A_CERTIFICATE	Pure data module: defines ROOTS_FP (list of 72 root vectors), N_FP=6, DIM_FP=78, and a hardcoded 78x78 rational matrix TMAT. No assertions, no __main__ block, no printed verdict — it is a data source consumed (via exec of a prefix of twisted_double.py, a similarly-named sibling file) by other certificates, not a check in itself.	none (self-contained hardcoded data; not run standalone since there is nothing to execute/verify)			File contains only variable assignments (ROOTS_FP, N_FP, DIM_FP, TMAT) across all 84 lines; no code that performs or prints any check.
D033	outside_bench/certificates/theta_dump.py	NOT_A_CERTIFICATE	Pure data module: defines ROOTS_FP (72 root vectors), N_FP, DIM_FP, and TMAT (a 78x78 Fraction matrix), with no assertions, print statements, or __main__ block — it performs no check of any kind.	none (self-contained hardcoded data table)	1		Ran to completion with EXIT:0 and produced zero stdout/stderr output — confirms the file contains only data definitions and no verdict or assertion logic to evaluate.
D033	outside_bench/certificates/theta_even_fireability.py	PASS	A pre-registered fireability gate for a proposed one-shot measurement Λ→u→u†T_m u: checks (assert n_out==4) that all four required pre-work items are OUTSTANDING per hardcoded quoted status strings, and computes (via math.sin/sqrt, floating point) the Rayleigh-quotient range [-λ_m,+λ_m] for m=1,2,4 from hardcoded eigenvalues, concluding the contact quantity is indeterminate (box volume >0, asserted). Verdict printed is 'NOT FIREABLE / OUTCOME F-B'. This is a logical/bookkeeping certificate with one numeric floating-point range computation, not a numerical-tolerance physics check.	hardcoded PREWORK status list (quotes attributed to B1071/B1070/I3, not independently re-derived here); hardcoded SPEC eigenvalues (sin(2π/5), sqrt(3)/2) and ZERO_M attributed to B1070's banked even-sector spectra			P4 — THE VERDICT: OUTCOME F-B.  NOT FIREABLE.  THE ROW IS LEFT UNSPENT. (assert n_out == 4 passed; assert box > 0 passed; exit code 0)
D033	outside_bench/certificates/theta_even_fireability.py	PASS	Not a numerical/symbolic computation of a physical quantity, but a structured 'fireability' audit: it asserts that all 4 named pre-work items are OUTSTANDING (quoted from cited primary sources), computes (via elementary trig, math.sin/sqrt) the Rayleigh-quotient range [-lam,+lam] for banked eigenvalues at m=1,2,4 (giving a 3-box of volume ~6.267), and concludes/asserts the shot is NOT FIREABLE (outcome F-B) — a deliberate designed-non-computation.	hardcoded/cited claims and quotes from documents B1070, B1071, B1128, B1132, and I3's pre-work list (asserted as text, not verified against those documents by this script itself); hardcoded eigenvalue formulas SPEC = {1: sin(2pi/5), 2: sqrt(3)/2, 4: sin(2pi/5)} and ZERO_M=[3,5].	1		==> 4 of 4 pre-work items OUTSTANDING. ... => the shot's output lives in a box of volume 6.266619, and NOTHING IN THE RECORD SELECTS A POINT IN IT. P4 — THE VERDICT: OUTCOME F-B.  NOT FIREABLE.  THE ROW IS LEFT UNSPENT. EXIT:0
D033	outside_bench/certificates/trace_three.py	PASS	Exact rational/exact-search computation on the same pair-field/twisted_double machinery: (1) brute-force word search (length ≤5 over generators U,u,V,v) rediscovers a substitution word whose abelianized 2x2 matrix has trace 3, det 1 (asserted (tr_f,det_f)==(3,1)) — the 'golden end'; (2) the commutator-trace invariant kappa=1+q has minimal polynomial with trace 3, norm 3 (asserted (F(3),F(0))) — the 'Eisenstein end'; (3) exact matrix-power computation shows the meridian on the 54-dim carrier Psi is nilpotent of degree exactly 3 (asserted deg==3) via (rho_Psi(a)-I)^3=0. All exact Fraction arithmetic.	exec of twisted_double.py prefix (ROOTS, rho27_Q, evec, fadd/fmul/fneg/fsub helpers) from same dir; hardcoded generator words 'bA','abAA','abAB'; asserted relator identity word2('abABaBAbaB')==identity			characteristic polynomial: x^2 - 3x + 1   trace 3, det 1, disc 5 ...=> the GOLDEN end... kappa = 1+q: minimal polynomial X^2 - 3X + 3   trace 3, norm 3, disc -3 ...=> the EISENSTEIN end... meridian on the CARRIER: (rho_Psi(a) - I)^3 = 0 and ^2 != 0: nilpotency degree EXACTLY 3 (exit code 0)
D033	outside_bench/certificates/trace_three.py	PASS	Exact rational-arithmetic computation identifying two arithmetic invariants of the same carrier as instances of one 'trace 3' equation: (1) rediscovers via exact matrix-word search a 2x2 substitution matrix with characteristic polynomial x^2-3x+1 (disc 5, golden end); (2) computes the exact minimal polynomial of kappa=tr[a,b] as X^2-3X+3 (disc -3, Eisenstein end); (3) computes the exact nilpotency degree of (rho_Psi(a)-I) on the 54-dim carrier as exactly 3 via exact matrix exponentiation/multiplication.	imports/execs local twisted_double.py (E6 root data, rho27_Q) up to its 'stage 4' marker; hardcoded generator words 'abABaBAbaB' etc. and root ROOTS[0].	3		characteristic polynomial: x^2 - 3x + 1   trace 3, det 1, disc 5 kappa = 1+q: minimal polynomial X^2 - 3X + 3   trace 3, norm 3, disc -3 meridian on the CARRIER: (rho_Psi(a) - I)^3 = 0 and ^2 != 0: nilpotency degree EXACTLY 3 EXIT:0
D033	outside_bench/certificates/twist_parity.py	PASS	Exact pair-field (Fraction-pair) computation of beat/mirror parity of an affine sign character (D2tw) on the e6 27-rep: verifies a beat-parity criterion (<a,shift(r0)> mod 2) against direct matrix commutation for all 128 affine sign diagonals (assert even==pred_even for each), identifies the flip-count-11/polarity-(-1) class matching cited signatures (B928/B916), transports 11 hardcoded weight vectors (CC_FLIPS) from an external basis into the local weight coordinates via permutation search (asserting a unique embedding, len(distinct)==1, and that the identity permutation embeds), cross-checks a hardcoded affine-character formula against the transported flip set entrywise, and concludes (assert even_comm==even_full) that the actual D2tw is beat-EVEN.	exec of twisted_double.py prefix (rho27_Q, evec, toF, nilexp, N, DIM, QQ) from same dir; hardcoded CC_FLIPS (11 weight vectors) and CC_ASTAR=(1,0,1,0,1,1), both cited as vendored verbatim from an external file 'B916 frontier/B916_lambda_bridge/results.json' and 'B928 Q1a' (external provenance not independently verified, taken as given input)			criterion VERIFIED on all 128: beat-even  <=>  <a, shift(r0)> even (matrix = formula) ...11-flip eps=-1 candidates: ...; matching B916's flip weight-sum signature... PART 2: embeddings of B916's flip set into the lane's weight system: ... distinct transported flip SETS: 1 the IDENTITY permutation embeds... B928's formula VERIFIED in lane coordinates... beat parity of THE actual D2tw: EVEN (exit code 0)
D033	outside_bench/certificates/twist_parity.py	PASS	Exact rational-arithmetic computation on the E6 27-representation: verifies a beat-parity criterion (<a,shift> mod 2) matches matrix commutation for all 128 affine sign-diagonals; identifies the 15-candidate 'D2tw' signature class as parity-mixed; then transports B916's 11 hardcoded flip vectors into the lane's coordinates (finding a unique embedding, confirmed as the identity permutation), cross-checks B928's affine-character formula entrywise (27/27 match), and decides the actual D2tw is beat-EVEN (Omega D2 Omega^-1 = D2 exactly).	imports/execs local twisted_double.py up to 'stage 4' marker for E6 data; hardcoded vendored data CC_FLIPS (11 weight vectors) and CC_ASTAR=(1,0,1,0,1,1), cited as coming from external file B916_lambda_bridge/results.json and B928 Q1a (not read from disk in this run — hardcoded as a literal 'vendored verbatim' copy).	3		criterion VERIFIED on all 128: beat-even  <=>  <a, shift(r0)> even (matrix = formula) PART 1 RESULT: the signature class is parity-MIXED ... falling through to PART 2 PART 2: embeddings of B916's flip set into the lane's weight system: 2    distinct transported flip SETS: 1    the IDENTITY permutation embeds ...    beat parity of THE actual D2tw: EVEN EXIT:0
D034	outside_bench/certificates/twisted_double.py	PASS	Builds the exact 27-dim e6 representation (Chevalley basis, 78-dim, over Q(q)/(q^2-q+1)) via the crystal of omega_1, verifies rho respects all 3003 Chevalley brackets, checks the principal-sl2 string decomposition, verifies a group-rep relator identity, computes H^1 of the fig-8-knot-complement double (Mayer-Vietoris) with a dial twist at t in {0,1,2,omega} for both the 27 and dual 27-bar reps, and sweeps adjoint bracket-closure dimension (expecting full e6=78) for two dial slots x8/x16 at t in {1,2,omega}. All checks are exact/symbolic (exact rational-pair field arithmetic), no floating point.	none (self-contained: builds e6 root system and 27-rep internally; compares against hardcoded expected control values, e.g. H^1(M;27)=3, torus h^1=6, adjoint closure=78, cited as matching prior banked memos B662/B1036)	30		stage 1 VERIFY: rho27 respects ALL 3003 Chevalley brackets: PASS stage 3: relator acts as identity on the 27: PASS stage 4: h^1(M;27) = 3 (expect 3; B662 grammar) stage 6: torus: h^0 = 3, h^1 = 6 (expect 3 and 6) stage 8: ADJOINT SWEEP ... dial x8 (slot 4), t=1: closure dim = 78  = e6, FULL ... (all t values for x8 and x16 report closure dim = 78 = e6, FULL) EXIT: 0
D034	outside_bench/certificates/two_pulses.py	PASS	Compares two 'squared' maps exactly: (1) checks banked text pins asserting the beat's square equals the meridian and preserves the geodesic length spectrum (isometry, cannot drive expansion); (2) computes symbolically/exactly that the abelianized substitution matrix S=[[1,1],[1,0]] has char poly x^2-x-1 (Perron root phi), S^2=[[2,1],[1,1]] exactly with char poly x^2-3x+1; (3) does an exhaustive integer search (|entries|<=6, det=+-1) for a GL2(Z) conjugator between a hardcoded memo-49 matrix F=[[0,-1],[1,3]] and S^2, verifying the found conjugator exactly; (4) prints a non-computational 'typing' discussion (fences, not an assertion).	text files in outside_bench/outputs/ (carrier_out.txt, geodesic_tongue_out.txt, trace_three_out.txt) whose specific strings are asserted to be present (pins from other banked certificates/memos); hardcoded matrix F=[[0,-1],[1,3]] cited as 'memo-49's fiber tick'	3		FACT 1: banked pins hold ... THE BEAT CANNOT DRIVE EXPANSION FACT 2: ... S^2 = [[2,1],[1,1]] exactly; char poly x^2 - 3x + 1 FACT 3: FOUND — P = [[-3, -1], [5, 2]] (det -1) gives P F P^-1 = S^2 exactly EXIT: 0
D034	outside_bench/certificates/unfold_close.py	PASS	Tests whether a ~0.04 per-factor KS deviation from the exact Gaudin (sine-kernel) spacing distribution, seen in zeta and L(chi_-3) zero data, is an unfolding artifact. Builds the exact Gaudin CDF via Gauss-Legendre quadrature Fredholm determinant (numerical, convergence checked to 1e-10), reproduces baseline KS values D_zeta=0.0416/D_L=0.0502 to 1e-3, then recomputes KS statistics under theta-exact unfolding (mpmath Riemann-Siegel theta) and local-empirical (sliding-window) unfolding, and reports numerically which preregistered branch (I: artifact resolved, or II: residual survives) obtains.	data files outside_bench/certificates/c4data/c4_zeros_zeta.txt and c4_zeros_L.txt (zero locations); hardcoded baseline comparison values (D_zeta=0.0416, D_L=0.0502) cited as 'memo 68' results; numerical tolerances/thresholds for branch classification	5		ANCHOR baseline vs exact Gaudin: D_zeta=0.0416 (memo 68: 0.0416), D_L=0.0502 (0.0502) (B) vs exact Gaudin: D_zeta=0.0416 p=0.000383;  D_L=0.0502 p=5.49e-07 (C) vs exact Gaudin: D_zeta=0.0406 p=0.00057;  D_L=0.0513 p=2.81e-07 BRANCH II: the residual SURVIVES both the theta-exact and the local-empirical unfolding ... EXIT: 0
D034	outside_bench/certificates/uniqueness_chain.py	PASS	Reuses twisted_double.py's exact e6/27-representation machinery (via exec of a code slice) to compute, exactly over Q, the dimension of pi1-invariant trilinears on Psi x Psi x 27 by Clebsch-Gordan counting (6615), then computes the exact nullspace dimension of the full-tensor (non-symmetrized) e6-invariants on 27x27x27 (expected/asserted =1), and verifies that unique invariant is automatically permutation-symmetric.	imports/executes a code prefix of outside_bench/certificates/twisted_double.py (shares its exact e6/27-rep construction); hardcoded expected decomposition dict for Psi|_diag-sl2 ({1:6,1/2:15,0:6}) and 27|_int weights ({1:6,0:15}), and a cited count '4' from 'memo 35' for the trinification-gauge rung (not recomputed in this script)	30		RUNG 1: dim of pi1-invariant trilinears on Psi x Psi x 27  =  6615 RUNG 3: dim of FULL-TENSOR e6-invariants on 27 x 27 x 27  =  1 the unique full-tensor invariant is automatically SYMMETRIC: True EXIT: 0
D034	outside_bench/certificates/uniqueness_test.py	PASS	Exact-integer-arithmetic (Z[omega]) census over words of length<=7 in a free-group representation: enumerates 8 candidate occupation predicates (P1..P8), checks which are admissible (select a proper nonempty subset, gate C2), groups them into equivalence classes, and separately tests stability under a hardcoded automorphism word-map phi (gate C5), reporting the preregistered two-outcome verdict as computed. No hidden dependency; runs to completion with printed exact-arithmetic verdicts, not a pass/fail assertion in the classic sense (this is an exploratory/classification certificate, and no internal assertion fails).	hardcoded matrix generators MAT for group elements a,b,A,B over Z[omega]; hardcoded automorphism word-map PHI = {'a':'a','b':'bAB','A':'A','B':'baB'} (cited as memo 108's word map); no external data files	2		DISTINCT ADMISSIBLE SETS AT C1-C4: 6 COMPETITORS to A5 (admissible, inequivalent): 5 ADMISSIBLE AND phi-STABLE: 4 candidates, 3 distinct sets A5 IS NOT UNIQUE AT C1-C4 ... UNDER C5 A5'S OWN SET DOES NOT SURVIVE — the hypothesis fails the record's own stability requirement. Filed as a refutation. EXIT: 0
D035	outside_bench/certificates/unit_trichotomy.py	PASS	Exact/symbolic number-theory facts about the record's three quadratic fields (Q(sqrt-3) has unit group mu_6 exactly, Q(sqrt5)'s fundamental unit phi has norm -1, Q(sqrt3)'s fundamental unit 2+sqrt3 has norm +1 and norm -1 is insoluble mod 3) plus an exact 2x2-matrix linear-algebra verification that X0=[[2,-3],[1,-2]] is the unique (up to sign) involution simultaneously inverting A=[[2,1],[1,1]] and M1=[[2,3],[1,2]] (det -1), with control cases for (A,A) and a Q(sqrt2) partner matrix M2. All checks are exact integer/symbolic (sympy) assertions, no numerical tolerance.	sympy; hardcoded matrices A, M1, M2 and their claimed algebraic properties (all independently verified within the script itself); no external data files or repo imports			Ran to completion, exit 0, no AssertionError. Key lines: 'Q(sqrt-3): unit group = mu_6 exactly (6 solutions...)'; 'GC-16 VERIFIED: X0 = [[2,-3],[1,-2]] is an involution, det -1...'; 'CONTROLS: (A, A) realizers carry BOTH det signs [-1, 1] (no bit...); the norm-(-1)-field partner Q(sqrt2) gives realizer det set [1] in the box (...single-signed +1: mirror inside SL2(Z), bit ABSENT)'; final line 'THE UNIT TRICHOTOMY STANDS (exact) WITH GC-16 INDEPENDENTLY VERIFIED'.
D035	outside_bench/certificates/vev_ledger.py	PASS	Exact combinatorial/rational-arithmetic classification of the 27 weight-vectors of the E6 27-representation under two Z/2 gradings (matter parity P and a holonomy-lock C27=(-1)^wt), asserting exact counts (11 P-preserving, 15 C-preserving, 5 both-preserving, all class-10/wt-0), that the E6 singlet direction has wt=-1 (breaks the lock while preserving P), a cubic-triple incidence ledger (45 triples, singlet in 5), and that the both-preserving directions are annihilated by the principal-sl2 raising operator E27.	Executes (via exec of a source slice) code from outside_bench/certificates/twisted_double.py in the same directory, which builds the E6 root system, 27-weight crystal, and rho27 representation from scratch; no external data files. All exact rational arithmetic (Fraction/sympy.Rational), no numerical tolerance.			Ran to completion, exit 0. 'stage 1 VERIFY: rho27 respects ALL 3003 Chevalley brackets: PASS'; 'stage 3: relator acts as identity on the 27: PASS'; 'FACT 1: P-preserving directions: 11 ... lock-preserving: 15; BOTH: 5 (all class {\'10\'}, wt {0})'; 'FACT 2: the E6 singlet has wt = -1: P(+) preserved, lock C(-) BROKEN'; 'FACT 4: E27 annihilates all 5 both-preserving directions (bridge-singlets): True'. No AssertionError raised.
D035	outside_bench/certificates/vol_basis_extended.py	CANNOT_RUN	(Library/builder module, not a self-contained certificate) Assembles a fixed high-precision (mpmath) regulator/constant basis — L-values, zeta values, pi/sqrt3/sqrt5/logphi, and the hyperbolic volume Vol(m004) computed from the Bloch-Wigner dilogarithm — by calling regulators.compute_all(); its __main__ block just prints the pruned basis sizes and values with no assertions of its own beyond what regulators.compute_all() does internally.	import regulators as regmod — a module that lives only at frontier/B1137_regulator_probe/regulators.py in this worktree, not in outside_bench or the worktree root, and not on the PYTHONPATH specified for this run		ModuleNotFoundError: No module named 'regulators' (module only present under frontier/B1137_regulator_probe/, not importable with PYTHONPATH=<worktree>:<worktree>/outside_bench)	"Traceback (most recent call last):   File "".../outside_bench/certificates/vol_basis_extended.py"", line 5, in <module>     import regulators as regmod ModuleNotFoundError: No module named 'regulators'"
D035	outside_bench/certificates/vol_basis_probe.py	TIMEOUT	Numerical (mpmath, high precision, PSLQ-based) integer-relation search: re-derives B1137's regulator-probe machinery from a pinned git commit, extends the pruned regulator basis with the object's own Vol(m004) (computed from the dilogarithm, not quoted), and re-runs a grid over 18 sealed B743 targets x 3 degrees x 4 PSLQ maxcoeff bounds x {control 25-entry basis, extended 28-entry basis} (432 cells total), checking whether any found PSLQ relation involves_regulator, to test reproducibility of a previously-reported (uncommitted) headline result.	Materializes B1137_regulator_probe and B743_rung1_widened directories at pinned commit 89affd5bbd4b900397af2bf3b987ff8f05f5cb80 via git archive into /tmp/oa_b1137_*, then imports basis/targets/verify from there; loads 18 sealed B743 targets and asserts their sha256 = e93efeaa132bf7c1a6e0a3a9d41a436ff03d2aea5f626a2b404a5ef8a317e101 (a hardcoded seal check); uses mpmath's pslq with maxsteps 4000 per cell.		Exceeded 600s budget: at kill time had completed only 84/216 CONTROL-mode cells (of 432 total cells across CONTROL+EXTENDED modes); each cell runs a 4-worker ProcessPoolExecutor PSLQ search at high mpmath precision (dps scaling with maxcoeff H up to 1e6), which is inherently slow	sealed targets: 18  sha256 e93efeaa132bf7c1a6e0a3a9d41a436ff03d2aea5f626a2b404a5ef8a317e101 Vol(m004) computed from Li_2 = 2.02988321281930725004240510855  === CONTROL (25-entry basis): 216 cells ===   12/216  raw=0  reg=0   24/216  raw=0  reg=0   36/216  raw=0  reg=0   48/216  raw=1  reg=0   60/216  raw=12  reg=0   72/216  raw=12  reg=0   84/216  raw=12  reg=0 [process still running the CONTROL pass (84/216 cells) after 10 minutes; killed at timeout, EXTENDED pass never started]
D035	outside_bench/certificates/vol_hygiene.py	CANNOT_RUN	Numerical PSLQ-based independence check (mpmath, dps=220, H=1e6): tests whether the candidate volume-derived basis directions (vol, vol_pinorm, vol_over_zetaK2, built from the Bloch-Wigner dilogarithm at pi/3) are linearly dependent on B1137's existing pruned regulator basis, printing KEEP/DROP per direction; target-free (no SM value loaded).	import basis as basismod — expects a module literally named basis.py; the only such file in this worktree is frontier/B1137_regulator_probe/basis.py, which is not on the specified PYTHONPATH (and the sibling file outside_bench/certificates/vol_basis_extended.py, despite building an equivalent basis, is not importable as 'basis')		ModuleNotFoundError: No module named 'basis' (module only present under frontier/B1137_regulator_probe/basis.py, not importable with PYTHONPATH=<worktree>:<worktree>/outside_bench)	"Traceback (most recent call last):   File "".../outside_bench/certificates/vol_hygiene.py"", line 7, in <module>     import basis as basismod ModuleNotFoundError: No module named 'basis'"
D036	outside_bench/certificates/wave2_verifier_spot_check_a6.py	PASS	Independent float64 numpy rank-check spot-check of census_distinct.py's e6 orbit-dimension computation: for three sampled characteristic-vector rows it reconstructs the e6 root/weight data via exact Fraction arithmetic, builds an sl2 triple (e,h,f), then computes rank(ad e) numerically (numpy float64, tol=1e-8) and prints orbit dim = 78-rank. Comparison is against hardcoded expected orbit dims 22/72/40 from census_distinct.py (per the file's own header note the print labels for the two columns are swapped, but the numeric values match).	outside_bench/certificates/twisted_double.py (e6 Chevalley/root-system construction, executed via exec of its stage-0..3 prefix); numpy; hardcoded expected orbit dims 22/72/40 cited from census_distinct.py (not itself run).			stage 1 VERIFY: rho27 respects ALL 3003 Chevalley brackets: PASS stage 3: relator acts as identity on the 27: PASS (0, 1, 0, 0, 0, 0) numpy rank(ad e)= 22 orbit dim (numpy)= 56 (2, 2, 2, 2, 2, 2) numpy rank(ad e)= 72 orbit dim (numpy)= 6 (0, 0, 0, 1, 0, 0) numpy rank(ad e)= 40 orbit dim (numpy)= 38 [exit code 0]
D036	outside_bench/certificates/yin_transition.py	PASS	Exact integer/rational (Fraction-pair, representing Z[omega]) verification of three claims about a Fricke-type recursion tower built from two SL2(Z[omega]) matrices: (Y1) the level-1 coordinate z_1 equals exactly -(4*omega-2) and has zero real part; (Y2) the tower (z_n,kappa_n) is non-real for exactly levels 0-1 and real for all levels 2-6 checked, verified by exact assert over the integer pair recursion; (Y3) kappa_1 = -2 exactly (matches an external cited constant).	none beyond Python's Fraction; hardcoded constants TAU=(-2,4) (cited as 'memo 100's tau') and the claim kappa=-2 is 'B496's Markov surface' (external cited results, not verified here).			exit code 0, no AssertionError; final printed lines: ... => the tower is NON-REAL for exactly levels 0 and 1, and REAL from level 2 onward. ... Gate 5 untouched. (all Y1/Y2/Y3 assert statements passed silently before these prints)
D036	outside_bench/certificates/yukawa_carrier.py	PASS	Exact (Fraction / Q(q)) rebuild of the E6 Jordan cubic invariant C on the 27 (nullspace dimension 1, 45 nonzero +-1 triples) and of the symplectic form eps on a 2-dim carrier, then exact symbolic checks that C is invariant under three specific matrices (A27,B27,U27), eps is invariant under det=1 matrices, the assembled Y=eps⊗C is invariant under two group generators (120 random-coefficient trials each, exact arithmetic), Y is exactly antisymmetric under slot exchange (sampled grid), and a selection rule (parity split of the 45 triples into {0,2} odd internal slots, none with 1 or 3).	outside_bench/certificates/twisted_double.py (e6 construction, exec'd); Python random module with fixed seed(11) for the two 120-trial spot checks (not exhaustive over the group, sampled).			C invariant under A27: True C invariant under B27: True C invariant under U27 (the beat's unipotent): True det(A2) = 1 (eps-invariance): True ... assembled Y invariant under rho_Psi(a) x rho27(a) (120 random coefficients, exact): True assembled Y invariant under rho_Psi(b) x rho27(b) (120 random coefficients, exact): True exchange antisymmetry ...: True parity split of the 45 cubic triples ...: {2: 30, 0: 15} [exit code 0, all asserts passed]
D036	outside_bench/certificates/yukawa_clock.py	PASS	Exact (Fraction) rebuild of the same e6 Jordan cubic C (as a full 270-nonzero-ordered-triple tensor) and of a diagonal sl2 triple (E,F,H) on the 54-dim carrier tensor-27, then exact checks that Y=eps⊗C is annihilated by the sl2 derivation (FACT A), that chain-adapted string bases exist with the expected 6/15/6 and 6/15 lengths (FACT B), that Y vanishes exactly on all sl2-forbidden depth blocks (FACT C) and is nonzero on all 7 allowed blocks (FACT D), and that every nonzero block has odd total chain length (FACT E) — all computed exhaustively over the constructed string basis, not cited.	outside_bench/certificates/twisted_double.py (e6 construction, exec'd); no external data files; cites memo 50's chain-count claim (6/15/6) which the script itself also re-derives and matches via assert.			FACT A: Y invariant under diagonal E: True, F: True, H (weight-zero support): True FACT B: 27 string basis verified... FACT B: Psi string basis verified: chains {3: 6, 1: 6, 2: 15} (= memo 50's 6 J3, 15 J2, 6 J1) FACT C: forbidden blocks hit: [] (expect none) FACT D: allowed blocks NOT hit: [] (expected branch: none) FACT E: every nonzero block has s1+s2+s3 ODD: True [exit code 0, all asserts passed]
D036	outside_bench/certificates/yukawa_texture.py	PASS	Exact (Fraction/sympy Rational) rebuild of the Jordan cubic C (45 triples) and of a forced hypercharge-graded Standard-Model-like roster (q,uc,dc,l,ec,Higgs doublets,exotics,neutrals) from the e6 27-dim representation, then an exact 'Y-conservation gate' (every nonzero C triple's roster hypercharges sum to zero), a full census that all 45 triples are accounted for by roster multiplet pairs, and exact counts of nonzero couplings for 8 named Yukawa-type shapes (up-type, down-type, lepton, Dirac-nu, lambda-term, exotic mass, diquark, leptoquark).	outside_bench/certificates/twisted_double.py (e6 construction, exec'd); sympy for the roster-derivation linear algebra; hardcoded target hypercharge ratios (-4,2,-3,6)/(2,-4,-3,6) used to select the physical embedding direction; cites external claim 'SEAM-Y mu_u=0' (not verified here, only contrasted).			Y-conservation gate: every nonzero C triple sums to Y=0 on the roster: PASS SECTOR TRIPLE TABLE ... total 45, expect 45 ... [table sums to 45] THE SHAPES (nonzero entries...): 1 up-type q.uc.Hu: 6 ... 8 leptoquark uc.dc.Dc: 6 THE SHARP ONE: the record's OWN up-type Yukawa shape has 6 nonzero entries. IT EXISTS... [exit code 0, all asserts passed]
D037	outside_bench/certificates/z2_census.py	PASS	Exact symbolic/combinatorial classification of E6's 27-rep gradings surviving a fixed SM symmetry-breaking chain: verifies the 15 nontrivial surviving Z/2 gradings plus 0 form a GF(2) vector space of dimension exactly 4, that the hypercharge and weak-isospin mod-2 patterns coincide identically on all 27 states (so exactly 1 of the 15 is an SM-torus shadow and 14 are extra), that no surviving grading is odd on the full 15-plet of SM states (no R-parity substitute, BRANCH N), and reports psi-frame class constancy — all via exact rational/GF(2) linear algebra on rebuilt E6 root/weight data, no floating point.	outside_bench/certificates/twisted_double.py (execs its stage-0..3 code verbatim via source-slicing up to the '# ---------------- stage 4' marker, which builds the E6 root system, 27-weight rep, and forced trinification/Y machinery); sympy for exact rational arithmetic; no external data files.			stage 1 VERIFY: rho27 respects ALL 3003 Chevalley brackets: PASS stage 3: relator acts as identity on the 27: PASS FACT 1: grading space |16| = 16 (dim 4 over GF(2); map injective on h-space): True ... FACT 3: gradings odd on ALL 15 SM-plet states: 0    BRANCH N: NO surviving grading is odd on the whole 15-plet ... EXIT:0
D037	outside_bench/certificates/zeta_count.py	PASS	Data-integrity and numerical check of outside_bench/certificates/c4data/c4_zeros_zeta.txt: exactly 2469 strictly increasing lines, first 10 and last 2 (2468th, 2469th) values match mpmath.zetazero() to <1e-6 (measured exact match, 0.00e+00), the last value is <=3000, and the Riemann-von Mangoldt estimate N(3000)~2468.65 is within 1.1 of the file's 2469 count — concluding the file (2469 zeros) is correct against a cited prose claim of '2468 zeros to T=3000'.	outside_bench/certificates/c4data/c4_zeros_zeta.txt (2469-line data file of zeta-zero imaginary parts); mpmath.zetazero for ground-truth comparison; cited prose claim ('2468 zeta zeros to T=3000') being checked against the file.			[PASS] Fact 1: File contains exactly 2469 lines [PASS] Fact 2: All 2469 values are strictly increasing with no duplicates [PASS] Fact 3: First 10 zeros match mpmath to 1e-6 [PASS] Fact 5: Last entry 2999.494492994594566 is <= 3000 [PASS] Fact 4: Last two entries match mpmath.zetazero(2468) and zetazero(2469) [PASS] Fact 6: RvM estimate N(3000)=2468.65 ≈ 2469 actual zeros [SUCCESS] All preregistered facts verified. Exit code 0. EXIT:0
