{
 "m": 1,
 "o": 4,
 "n": 3,
 "exps": [
  0,
  1,
  3
 ],
 "eff": 4,
 "g": 1,
 "e": 4,
 "rng_seeds": [
  7,
  11
 ],
 "seeds_per_stream": 300,
 "n_irred": 300,
 "n_lox": 300,
 "geo": {
  "1,3": 300
 },
 "geo_unique": true,
 "k_values": [
  3
 ],
 "signs": [
  1
 ],
 "k": 3,
 "s": 1,
 "clean_geo_reps": 300,
 "lox_err_median": 2.3816850166121768e-14,
 "fin": {},
 "fin_orders": [],
 "sample": {
  "mu_abs": [
   1.1018,
   1.446,
   0.6277
  ],
  "err": 2.105078509706471e-12,
  "second": 1.9961915407373838,
  "cond_t": 3.7252236227613014
 },
 "secs": 5.0,
 "id": "m1_o4_n3_v"
}