{
 "m": 1,
 "o": 3,
 "n": 4,
 "exps": [
  0,
  0,
  1,
  2
 ],
 "eff": 3,
 "g": 1,
 "e": 3,
 "rng_seeds": [
  0,
  1
 ],
 "seeds_per_stream": 300,
 "n_irred": 193,
 "n_lox": 193,
 "geo": {
  "-1,4": 161
 },
 "geo_unique": true,
 "k_values": [
  4
 ],
 "signs": [
  -1
 ],
 "k": 4,
 "s": -1,
 "clean_geo_reps": 161,
 "lox_err_median": 1.190031330562944e-10,
 "fin": {},
 "fin_orders": [],
 "sample": {
  "mu_abs": [
   4.2225,
   0.2931,
   0.5953,
   1.3572
  ],
  "err": 1.5864063600248052e-10,
  "second": 326.6226649080042,
  "cond_t": 75.15007087465342
 },
 "secs": 75.6,
 "id": "m1_o3_n4"
}