{
 "m": 1,
 "o": 3,
 "n": 4,
 "exps": [
  0,
  0,
  1,
  2
 ],
 "eff": 3,
 "g": 1,
 "e": 3,
 "rng_seeds": [
  7,
  11
 ],
 "seeds_per_stream": 300,
 "n_irred": 207,
 "n_lox": 207,
 "geo": {
  "-1,4": 168
 },
 "geo_unique": true,
 "k_values": [
  4
 ],
 "signs": [
  -1
 ],
 "k": 4,
 "s": -1,
 "clean_geo_reps": 168,
 "lox_err_median": 1.523079604733541e-10,
 "fin": {},
 "fin_orders": [],
 "sample": {
  "mu_abs": [
   2.3125,
   1.9224,
   0.554,
   0.406
  ],
  "err": 1.0810466399193356e-11,
  "second": 18.057890362803438,
  "cond_t": 23.602231065847047
 },
 "secs": 14.6,
 "id": "m1_o3_n4_v"
}