{
 "m": 1,
 "o": 8,
 "n": 4,
 "exps": [
  1,
  3,
  5,
  7
 ],
 "eff": 4,
 "g": 1,
 "e": 4,
 "rng_seeds": [
  7,
  11
 ],
 "seeds_per_stream": 300,
 "n_irred": 300,
 "n_lox": 248,
 "geo": {
  "1,3": 65,
  "-1,3": 58
 },
 "geo_unique": true,
 "k_values": [
  3
 ],
 "signs": [
  -1,
  1
 ],
 "k": 3,
 "s": 1,
 "clean_geo_reps": 123,
 "lox_err_median": 1.1431871388738817,
 "fin": {
  "1,3": 15,
  "1,8": 24,
  "-1,3": 13
 },
 "fin_orders": [
  5,
  10,
  20
 ],
 "sample": {
  "mu_abs": [
   5.2285,
   1.0933,
   0.3391,
   0.5159
  ],
  "err": 4.329608071553637e-12,
  "second": 129.90906430757605,
  "cond_t": 32.568834591206965
 },
 "secs": 42.5,
 "id": "m1_o8_n4_v"
}