{
 "m": 1,
 "o": 8,
 "n": 4,
 "exps": [
  1,
  3,
  5,
  7
 ],
 "eff": 4,
 "g": 1,
 "e": 4,
 "rng_seeds": [
  0,
  1
 ],
 "seeds_per_stream": 300,
 "n_irred": 300,
 "n_lox": 255,
 "geo": {
  "1,3": 73,
  "-1,3": 63
 },
 "geo_unique": true,
 "k_values": [
  3
 ],
 "signs": [
  -1,
  1
 ],
 "k": 3,
 "s": 1,
 "clean_geo_reps": 136,
 "lox_err_median": 4.763166054584276e-12,
 "fin": {
  "1,8": 24,
  "1,3": 12,
  "-1,3": 9
 },
 "fin_orders": [
  5,
  10,
  20
 ],
 "sample": {
  "mu_abs": [
   2.916,
   0.9503,
   0.7041,
   0.5126
  ],
  "err": 5.549516171688151e-13,
  "second": 53.995842417379215,
  "cond_t": 70.38697355602328
 },
 "secs": 43.6,
 "id": "m1_o8_n4"
}