{
 "m": 1,
 "o": 3,
 "n": 3,
 "exps": [
  0,
  1,
  2
 ],
 "eff": 3,
 "g": 1,
 "e": 3,
 "rng_seeds": [
  0,
  1
 ],
 "seeds_per_stream": 300,
 "n_irred": 282,
 "n_lox": 282,
 "geo": {
  "1,4": 98
 },
 "geo_unique": true,
 "k_values": [
  4
 ],
 "signs": [
  1
 ],
 "k": 4,
 "s": 1,
 "clean_geo_reps": 98,
 "lox_err_median": 11.017025594664485,
 "fin": {},
 "fin_orders": [],
 "sample": {
  "mu_abs": [
   2.8092,
   0.3814,
   0.9334
  ],
  "err": 5.1993136282548306e-12,
  "second": 34.75302765382531,
  "cond_t": 12.132150820317241
 },
 "secs": 39.1,
 "id": "m1_o3_n3"
}