{
 "m": 1,
 "o": 5,
 "n": 5,
 "exps": [
  0,
  1,
  2,
  3,
  4
 ],
 "eff": 5,
 "g": 1,
 "e": 5,
 "rng_seeds": [
  7
 ],
 "seeds_per_stream": 350,
 "n_irred": 302,
 "n_lox": 302,
 "geo": {
  "1,2": 2
 },
 "geo_unique": true,
 "k_values": [
  2
 ],
 "signs": [
  1
 ],
 "k": 2,
 "s": 1,
 "clean_geo_reps": 2,
 "lox_err_median": 7.172252506535943,
 "fin": {},
 "fin_orders": [],
 "sample": {
  "mu_abs": [
   2.1325,
   1.981,
   0.5048,
   0.4689,
   1.0
  ],
  "err": 3.0819273928432635e-07,
  "second": 2.9296918505240184,
  "cond_t": 8.869455649834215
 },
 "secs": 108.3,
 "id": "m1_o5_n5_v"
}