{
 "m": 1,
 "o": 4,
 "n": 3,
 "exps": [
  0,
  1,
  3
 ],
 "eff": 4,
 "g": 1,
 "e": 4,
 "rng_seeds": [
  0,
  1
 ],
 "seeds_per_stream": 300,
 "n_irred": 300,
 "n_lox": 300,
 "geo": {
  "1,3": 300
 },
 "geo_unique": true,
 "k_values": [
  3
 ],
 "signs": [
  1
 ],
 "k": 3,
 "s": 1,
 "clean_geo_reps": 300,
 "lox_err_median": 2.0283702166429705e-14,
 "fin": {},
 "fin_orders": [],
 "sample": {
  "mu_abs": [
   1.8165,
   0.5806,
   0.9481
  ],
  "err": 6.87313465952093e-14,
  "second": 4.18529613050998,
  "cond_t": 5.923895752043757
 },
 "secs": 23.1,
 "id": "m1_o4_n3"
}