{
 "m": 1,
 "o": 3,
 "n": 3,
 "exps": [
  0,
  1,
  2
 ],
 "eff": 3,
 "g": 1,
 "e": 3,
 "rng_seeds": [
  7,
  11
 ],
 "seeds_per_stream": 300,
 "n_irred": 270,
 "n_lox": 270,
 "geo": {
  "1,4": 79
 },
 "geo_unique": true,
 "k_values": [
  4
 ],
 "signs": [
  1
 ],
 "k": 4,
 "s": 1,
 "clean_geo_reps": 79,
 "lox_err_median": 17.661310813732957,
 "fin": {},
 "fin_orders": [],
 "sample": {
  "mu_abs": [
   2.6447,
   0.5862,
   0.645
  ],
  "err": 7.88830452022698e-14,
  "second": 16.78071316530355,
  "cond_t": 10.26151193495799
 },
 "secs": 52.4,
 "id": "m1_o3_n3_v"
}