{
 "m": 1,
 "o": 5,
 "n": 5,
 "exps": [
  0,
  1,
  2,
  3,
  4
 ],
 "eff": 5,
 "g": 1,
 "e": 5,
 "rng_seeds": [
  0,
  1
 ],
 "seeds_per_stream": 350,
 "n_irred": 315,
 "n_lox": 313,
 "geo": {
  "1,2": 4
 },
 "geo_unique": true,
 "k_values": [
  2
 ],
 "signs": [
  1
 ],
 "k": 2,
 "s": 1,
 "clean_geo_reps": 4,
 "lox_err_median": 7.672478230279308,
 "fin": {},
 "fin_orders": [],
 "sample": {
  "mu_abs": [
   1.9275,
   1.4377,
   1.0,
   0.5188,
   0.6956
  ],
  "err": 5.128474564066612e-07,
  "second": 2.049966534002673,
  "cond_t": 8.79557027255013
 },
 "secs": 116.0,
 "id": "m1_o5_n5"
}