{
 "m": 2,
 "o": 4,
 "n": 3,
 "exps": [
  0,
  1,
  3
 ],
 "eff": 4,
 "g": 2,
 "e": 2,
 "rng_seeds": [
  0,
  1
 ],
 "seeds_per_stream": 300,
 "n_irred": 210,
 "n_lox": 210,
 "geo": {
  "1,2": 35
 },
 "geo_unique": true,
 "k_values": [
  2
 ],
 "signs": [
  1
 ],
 "k": 2,
 "s": 1,
 "clean_geo_reps": 35,
 "lox_err_median": 1.4760319756795215,
 "fin": {},
 "fin_orders": [],
 "sample": {
  "mu_abs": [
   1.3719,
   0.559,
   1.304
  ],
  "err": 1.2412670766236366e-15,
  "second": 1.2288225390237622,
  "cond_t": 5.855494745427515
 },
 "secs": 132.3,
 "id": "m2_o4_n3"
}