{
 "m": 2,
 "o": 4,
 "n": 3,
 "exps": [
  0,
  1,
  3
 ],
 "eff": 4,
 "g": 2,
 "e": 2,
 "rng_seeds": [
  7,
  11
 ],
 "seeds_per_stream": 300,
 "n_irred": 200,
 "n_lox": 200,
 "geo": {
  "1,2": 34
 },
 "geo_unique": true,
 "k_values": [
  2
 ],
 "signs": [
  1
 ],
 "k": 2,
 "s": 1,
 "clean_geo_reps": 34,
 "lox_err_median": 1.3257241024485822,
 "fin": {},
 "fin_orders": [],
 "sample": {
  "mu_abs": [
   0.9974,
   1.002,
   1.0006
  ],
  "err": 6.473657049138937e-16,
  "second": 0.9356912597404212,
  "cond_t": 4.782451012572745
 },
 "secs": 114.7,
 "id": "m2_o4_n3_v"
}