{
 "m": 2,
 "o": 8,
 "n": 4,
 "exps": [
  1,
  3,
  5,
  7
 ],
 "eff": 4,
 "g": 2,
 "e": 2,
 "rng_seeds": [
  0,
  1
 ],
 "seeds_per_stream": 150,
 "n_irred": 57,
 "n_lox": 57,
 "geo": {
  "-1,2": 2,
  "1,2": 10
 },
 "geo_unique": true,
 "k_values": [
  2
 ],
 "signs": [
  -1,
  1
 ],
 "k": 2,
 "s": 1,
 "clean_geo_reps": 12,
 "lox_err_median": 2.4880812839354885e-06,
 "fin": {},
 "fin_orders": [],
 "sample": {
  "mu_abs": [
   2.2617,
   1.2805,
   0.4422,
   0.7809
  ],
  "err": 8.024034273294363e-07,
  "second": 2.6144391124119335,
  "cond_t": 13.897331299734532
 },
 "secs": 288.6,
 "id": "m2_o8_n4"
}