{
 "m": 3,
 "o": 6,
 "n": 3,
 "exps": [
  0,
  1,
  5
 ],
 "eff": 6,
 "g": 3,
 "e": 2,
 "rng_seeds": [
  0,
  1
 ],
 "seeds_per_stream": 300,
 "n_irred": 135,
 "n_lox": 135,
 "geo": {
  "1,1": 40
 },
 "geo_unique": true,
 "k_values": [
  1
 ],
 "signs": [
  1
 ],
 "k": 1,
 "s": 1,
 "clean_geo_reps": 40,
 "lox_err_median": 1.312032751650711,
 "fin": {},
 "fin_orders": [],
 "sample": {
  "mu_abs": [
   2.0856,
   0.8613,
   0.5567
  ],
  "err": 6.7678088263037544e-15,
  "second": 2.027373324574215,
  "cond_t": 12.442598587492759
 },
 "secs": 304.3,
 "id": "m3_o6_n3"
}