{
 "m": 3,
 "o": 8,
 "n": 4,
 "exps": [
  1,
  3,
  5,
  7
 ],
 "eff": 4,
 "g": 1,
 "e": 4,
 "rng_seeds": [
  0,
  1
 ],
 "seeds_per_stream": 150,
 "n_irred": 4,
 "n_lox": 4,
 "geo": {
  "-1,3": 2
 },
 "geo_unique": true,
 "k_values": [
  3
 ],
 "signs": [
  -1
 ],
 "k": 3,
 "s": -1,
 "clean_geo_reps": 2,
 "lox_err_median": 1.6297818201656096,
 "fin": {},
 "fin_orders": [],
 "sample": {
  "mu_abs": [
   4.8242,
   0.4025,
   0.4747,
   1.0849
  ],
  "err": 2.119354513478505e-12,
  "second": 61.77512864397838,
  "cond_t": 565.8486226395855
 },
 "secs": 706.9,
 "id": "m3_o8_n4"
}