{
 "m": 3,
 "o": 4,
 "n": 3,
 "exps": [
  0,
  1,
  3
 ],
 "eff": 4,
 "g": 1,
 "e": 4,
 "rng_seeds": [
  0,
  1
 ],
 "seeds_per_stream": 300,
 "n_irred": 205,
 "n_lox": 205,
 "geo": {
  "1,3": 205
 },
 "geo_unique": true,
 "k_values": [
  3
 ],
 "signs": [
  1
 ],
 "k": 3,
 "s": 1,
 "clean_geo_reps": 205,
 "lox_err_median": 7.021666937153402e-15,
 "fin": {},
 "fin_orders": [],
 "sample": {
  "mu_abs": [
   1.9181,
   0.451,
   1.156
  ],
  "err": 5.30403167717203e-14,
  "second": 9.587159704169634,
  "cond_t": 49.7550876125444
 },
 "secs": 211.1,
 "id": "m3_o4_n3"
}