{
 "m": 3,
 "o": 4,
 "n": 3,
 "exps": [
  0,
  1,
  3
 ],
 "eff": 4,
 "g": 1,
 "e": 4,
 "rng_seeds": [
  7,
  11
 ],
 "seeds_per_stream": 300,
 "n_irred": 188,
 "n_lox": 188,
 "geo": {
  "1,3": 188
 },
 "geo_unique": true,
 "k_values": [
  3
 ],
 "signs": [
  1
 ],
 "k": 3,
 "s": 1,
 "clean_geo_reps": 188,
 "lox_err_median": 7.122593111041824e-15,
 "fin": {},
 "fin_orders": [],
 "sample": {
  "mu_abs": [
   1.2744,
   0.9953,
   0.7884
  ],
  "err": 2.7336071744532854e-15,
  "second": 1.170590157935496,
  "cond_t": 6.547682303096259
 },
 "secs": 189.9,
 "id": "m3_o4_n3_v"
}