{
 "s=+1 k=3": {
  "hits": 5,
  "of": 6,
  "sample": {
   "mu_abs": [
    2.5457,
    0.1014,
    3.8754
   ],
   "cond_t": 65.18566960959181,
   "resid": 6.056751679185112e-13
  }
 },
 "s=-1 k=3": {
  "hits": 0,
  "of": 6,
  "sample": null
 }
}