packet	i	arc	outcome	script	runtime_s	reason	evidence
C000	1	B5_wheeler_dewitt	PARTIAL	frontier/B5_wheeler_dewitt/probe.py	1		VOL_FIG8 = 2.0298832128193072 (src/origin_axiom/constants.py, hardcoded literal, not itself derived in this probe). Rerun printed: 'Lambda = 2*pi^2 / Vol(4_1) = 9.7243 (Planck units)' -- matches claim's 'Lambda ~= 9.724'. The '~10^120 times the observed cosmological constant' line is printed literally as a comment/NOTE string in the script, not computed against any numeric observed-Lambda value in the code -- so that half of the claim is asserted prose, not a live computation, as the packet's own 'why' already flags.
C000	2	B25_fibonacci_spectrum_anchor	CANNOT_RUN		0		README.md line ~51-53 states 'bandwidth-decay ratio ~= 0.8711(4)' and 'box-counting dimension D0 not converged -- bracketed [0.78, 0.93], Aitken ~0.86' as a cross-session addendum. The only committed script in this arc, probe.py, targets the original ~0.75 mid-scale-slope estimate (grep for '0.75' finds only main()/CLI scaffolding, no reference to 0.8711 or the [0.78,0.93] bracket or an Aitken extrapolation routine). No script/witness for the refined numbers exists in this arc; CANNOT_RUN, reason: no committed script produces the refined estimate.
C017	8	B58_sl4_tower_test	REPRODUCES	frontier/B58_sl4_tower_test/probe.py	1		Printed: 'IDENTITY-REP DEGENERACY (traces 2nd-order): OK -- d/de tr(W)~2.2e-10 (~0), d2/de2 tr(W)~54.2 (nonzero)'. Matches claim's 'd tr(W)~1e-10, d^2 tr(W)~50' (order of magnitude match: 2.2e-10 vs 1e-10, 54.2 vs 50). Also reproduced: identity recursion = (r-1)^4 and cubic derivative sequences, both OK. Overall 'B58 MECHANISM CHECKS: OK'.
C017	10	B59_sl4_factorization	DIFFERS	frontier/B59_sl4_factorization/probe.py	2	the qualitative factorization claim (5x char(M^k) k=-1..4, char(-M^2) sign sector, (t-1)^2(t+1) parity block) reproduces exactly and the check still passes its own 0.03 tolerance threshold, but the specific numeric value cited in the claim (0.0101) does not match this run's output (0.0061) -- likely a numpy/BLAS version difference from when the claim's number was recorded, but the exact quoted figure differs	Claim states 'max match 0.0101'. Actual printed (deterministic across 2 runs, numpy 2.4.6): 'SL(4) FACTORIZATION (numerical): OK -- max match 0.0061; char(M^k) k=-1,1,2,3,4; char(-M^2); (t-1)^2(t+1)'. Also 'METHOD VALIDATES ON SL(3) (B55 c=3): OK -- max match 0.0001'.
C000	11	B60_sln_tower	REPRODUCES	frontier/B60_sln_tower/probe.py	3		Output: 'SL(3) VALIDATION (B55 c=3): OK -- max match 0.0001; powers {-1,2,3}, parity (t-1)(t+1)' (threshold <0.02) and 'SL(4) REGRESSION (B59): OK -- max match 0.0061; powers {-1,1,2,3,4}, char(-M^2), parity (t-1)^2(t+1)' (threshold <0.03); final line 'B60 CHECKS: OK'. Matches the claim's cross-n factorization map (powers, sign sectors, parity degree) for n=3,4, self-labeled numeric/method-validated as claimed.
C018	12	B61_sl5_high_precision	REPRODUCES	frontier/B61_sl5_high_precision/probe.py	115		Printed: 'SL(3) VALIDATION (B55 c=3): OK -- max match 4.497e-14'; 'SL(4) REGRESSION (B59): OK -- max match 2.82e-9'; 'Computing SL(5) ... [82.6s]  22/24 multipliers resolved to the CH catalog'; 'worst resolved-mode distance: 1.823e-5'; final line 'SL(5) 22/24 RESOLVED to the CH catalog; 2 method-limited -> OK'. Matches claim exactly: 22/24 resolved, worst ~2e-5 (printed 1.823e-5), explicitly numeric/high-precision (dps=60) and not a symbolic proof, as the script's own docstring and prints state.
C000	14	B64_parity_mechanism	PARTIAL	frontier/B64_parity_mechanism/probe.py	1		Output: 'LAMBDA^2 OBSTRUCTION (localized): OK -- tr(W^2)=(trW)^2-2 tr(Lambda^2 W): the even-k/e_2 rows need the 6-dim Lambda^2 rep (depth-6); fundamental depth-4 alone does not close them'; final 'B64 CHECKS: OK'. This reproduces exactly the Newton identity check (symbolic 4x4 matrix, tr(W^2)-(tr(W)^2-2*e2) == 0) that the claim's own 'why' says is all the code verifies; no code in this file attempts to prove no other obstruction exists (no exterior-square-completeness search), consistent with the claim's caveat.
C020	15	B66_sl6_tower	REPRODUCES	frontier/B66_sl6_tower/probe.py	190		Ran probe.py fresh (mpmath high precision, ~3min runtime). Final printed line: 'KEY TEST -- |k|=3 multiplicity (char(M^3)+char(-M^3), roots +-4.236, -+0.236): 2.0' followed by 'max(n-d,1) with n=6,d=3 predicts 3; alternative 2.' -- matches claim exactly: mult=2, refuting the max(n-d,1)=3 formula. Confirmed as numeric-only (mpmath high-precision root extrapolation), matching the claim's caveat.
C022	17	B73_sl4_apoly	REPRODUCES	frontier/B73_sl4_apoly/probe.py	3		Printed table of shadow-match residuals across sampled x: 'x=3 shadow-match 5.6e-13', 'x=4 shadow-match 6.3e-13', 'x=5 shadow-match 4.7e-12', 'x=7 shadow-match 9.9e-11', 'x=-1 shadow-match 5.2e-15'. All at or below the claimed ~1e-12 scale (worst case 9.9e-11, still within order-of-magnitude of claim and monodromy/commutativity residuals ~1e-8..1e-14 as printed), confirming 'eig(t4) reproduces Sym^3 of the SL(2) monodromy' to ~1e-12-ish precision as claimed.
C001	20	B75_metallic_degree_rank	REPRODUCES	frontier/B75_metallic_degree_rank/probe.py	90		Printed: 'm=1 (5 reps): M^2=L:2e+00, M^3=L:5e-14, M^4=L:3e+00  <= M^3=L' and 'm=3 (5 reps): M^2=L:1e+00, M^3=L:6e-15, M^4=L:1e+00  <= M^3=L' on A-spectrum {1,i,-i}. Claim states 7.5e-15/2.7e-15 over 8 reps each; committed main() uses n_reps=5 (not 8), and the randomized rep-search gave devs of the same ~1e-14 order (5e-14, 6e-15) with identical qualitative conclusion (clean M^3=L for m=1 and m=3, nothing clean for m=2). Also cross-checked with pytest test_b75_metallic_degree_rank.py's dedicated m=1,3 -> M^3=L test (same live code path). Exact numeric values differ (different rep count/seed draw from a stochastic search) but the load-bearing law and magnitude match.
C001	21	B75_metallic_degree_rank	PARTIAL	frontier/B75_metallic_degree_rank/probe.py	90		Printed: 'm=2 (5 reps): M^2=L:2e+00, M^3=L:2e+00, M^4=L:2e+00 <= NONE clean' for BOTH SL(3) spectra tested ({1,i,-i} and {1,w,w^2}) -- confirms no clean k found on the two spectra the committed script actually sweeps. But grep of probe.py shows SL3_SPECS has only these 2 entries; the '61-spectrum sweep' cited in FINDINGS.md:39,51 and echoed in probe.py's own print string ('a broad sweep of 61 finite-order spectra') is NOT itself implemented in the committed script -- no loop or spec list of size 61 exists in probe.py. So the negative result on the 2 committed spectra reproduces, but the specific '61-spectrum sweep' claim rests on work not present in the committed code.
C001	22	B76_cusp_quantum_group	REPRODUCES	frontier/B76_cusp_quantum_group/probe.py	5		Printed: 'verified k=3..8: True  {3: True, 4: True, 5: True, 6: True, 7: True, 8: True}' -- exact sympy symbolic check of 2cos(pi/k)=[2]_q for k=3..8, matching the claim precisely.
C001	23	B77_degree_rank_mechanism	REPRODUCES	frontier/B77_degree_rank_mechanism/probe.py	60		Printed: 'SL(3) ... c = +1.00000-0.00000j (predict (-1)^2 = +1) scalar-dev <= 3e-09' and 'SL(4) ... c = -1.00000+0.00000j (predict (-1)^3 = -1) scalar-dev <= 1e-12'. c=(-1)^(n-1) matches exactly at n=3 and n=4; scalar-dev magnitudes (3e-9, 1e-12) are the same order as claimed range (~1e-10 to 1e-14), n=3 slightly higher (3e-9 vs ~1e-10) due to stochastic rep search but qualitatively identical robust result.
C001	24	B77_degree_rank_mechanism	REPRODUCES	frontier/B77_degree_rank_mechanism/probe.py	60		Printed: 'eig(mu) |.|-spread across reps = [0.243 0.287 0.503] (GENERIC/varying -> NOT fixed Dickson roots)' (n=3) and '[0.229 0.121 0.232 0.266] (GENERIC/varying -> NOT fixed Dickson roots)' (n=4) -- confirms meridian eigenvalues vary substantially (spread 0.1-0.5) across reps, i.e. generic and not fixed roots of unity/Dickson roots, exactly as claimed.
C024	25	B78_degree_rank_n5	REPRODUCES	frontier/B78_degree_rank_n5/probe.py	130		Live run of probe.py's reproduce() at n=3 spec {1,i,-i}: 'best M^3=L (dev 4e-13), c=+1.000+0.000j' -- matches claim c=+1 at n=3. Default-seed n=4 run this pass found no converged rep this stochastic attempt ('no rep this run (stochastic; budget-limited)'); a /tmp driver re-calling reproduce([1,1,w,w2],4,(3,4,5),seed=7,budget=250) converged and printed c=(-1.0000000000000002+1.7069679003611782e-15j) at best k=4 -- matches claim c=-1 at n=4. Both signs of the claimed law reproduce when the stochastic search converges; convergence is seed-dependent (as documented in the script itself: 'no rep this run (stochastic; budget-limited)' is a printed, honest outcome, not a discrepancy).
C024	26	B78_degree_rank_n5	REPRODUCES	frontier/B78_degree_rank_n5/probe.py	130		Printed: '{prim8 roots,1}: 28 bundle reps converged (res<1e-8), 0 IRREDUCIBLE', '{1,1,1,w,w2}: 33 bundle reps converged (res<1e-8), 0 IRREDUCIBLE', '{1,i,-i,w,w2}: 31 bundle reps converged (res<1e-8), 0 IRREDUCIBLE'. Matches claim: at n=5, across the swept spectra, every converged rep (dozens per spectrum) is reducible, 0 irreducible. (Convergence counts, ~30 per spectrum, are in the same ballpark as the FINDINGS' '~100 converged solutions per spectrum' -- exact count is starts/budget-dependent, but the qualitative claim, 0/N irreducible, reproduces exactly.)
C025	29	B81_sl5_adproof	REPRODUCES	frontier/B81_sl5_adproof/probe.py	5		Printed: 'SL(4): char(DT_0) seed-canonical (gauge-invariant) = True  -> B80's CRT route VALID (V62).' and 'SL(5): char(DT_0) seed-canonical = False  (24/25 coeffs differ across seeds)' -- exactly matches claim's '24/25 coeffs differ across seeds 20/99/123' (is_seed_canonical was run over all three seeds 20/99/123 for SL(5), returning False; the 24/25 count comes from the 20-vs-99 comparison). Also printed tagged-factor dict showing char(M^2) mult 1 not 2 and (t+1) mult 1 not 2, matching the 'degree-3 gap' description in probe.py's own docstring.
C001	31	B83_sln_apolynomial	REPRODUCES	frontier/B83_sln_apolynomial/probe.py	60		Printed: 'n=3: L = +M^3   median |L-(-1)^(n-1)M^n| = 7.1e-10  (5 reps)' and 'n=4: L = -M^4   median |L-(-1)^(n-1)M^n| = 2.1e-14  (5 reps)'. Sign law (-1)^(n-1) matches exactly (+ at n=3, - at n=4); n=3 dev 7.1e-10 matches claimed ~1e-10; n=4 dev 2.1e-14 is smaller than claimed ~1e-12 but same order-of-magnitude ballpark (very small, consistent with 'confirmed').
C028	33	B84_sl5_gauge_barrier	PARTIAL	frontier/B84_sl5_gauge_barrier/probe.py	8	probe.py's committed main() only exercises the gauge-invariant power-sum test (4 seeds: 20,33,44,55), not the 40-seed char(DT_0) coefficient-scatter test claimed in FINDINGS ('all 25 coefficients distinct across all seeds, mode-count 1/40, 0/40 give the tower'); that 40-seed run is not present as committed code/output in this arc_dir.	Ran `cd worktree && PYTHONPATH=worktree python3 frontier/B84_sl5_gauge_barrier/probe.py`. Output: 'SL(4): spectrum (power sums) seed-invariant = True', 'SL(5) seed 20: tr(DT^k) = [860502, 1994927, 875544, 16255, 54292]', seed 33: [1583872, 1974690, 289523, 539914, 309680], seed 44: [651986, 332163, 1613032, 1574180, 1011426], seed 55: [506905, 1728656, 70724, 924171, 170982], 'SL(5): spectrum (power sums) seed-invariant = False'. This confirms the load-bearing qualitative claim (SL(4) canonical, SL(5) power sums scatter across seeds, refuting I1) but does not exercise the separately-cited 40-seed char(DT_0) coefficient experiment.
C001	34	B85_tower_lynchpin	REPRODUCES	frontier/B85_tower_lynchpin/probe.py	5		Printed: 'n=4: |Lambda^2(A^2B)-(Lambda^2 A)^2(Lambda^2 B)| etc = 3e-15' and 'n=5: ... = 2e-15', matching the claimed ~1e-14 order of magnitude for Lambda^2 functoriality of the figure-eight substitution at n=4,5. (Note: the script's part (2), the CHAR_M2_MULTIPLICITY dict {3:1,4:1,5:2,6:2}, is a hardcoded lookup from B62, not computed live -- but claim 34 is specifically about the Lambda^2 functoriality number, which IS live-computed and reproduces.)
C002	41	B92_metallic_classification	CANNOT_RUN		0	No committed script computes the addendum's class-number table. probe.py only contains a separate census() (CF-period constancy check, unrelated to h(m^2+4)). FINDINGS.md ADDENDUM says the corrected table was produced via Sage BinaryQF_reduced_representatives (Sage not installed here) plus an ad-hoc PARI cross-check and a hand Gauss-reduction/class-number-formula route, none of which are saved as executable files in the arc_dir or elsewhere in the tree.	probe.py's only computation is census(max_entry=5) (period-1<=>det=-1 invariance census), which is unrelated to the h=1/h=2 class-number claim in the addendum; no file in frontier/B92_metallic_classification or the repo-wide grep for class_number/BinaryQF/h(m matches this arc.
C002	42	B94_tower_universality	REPRODUCES	frontier/B94_tower_universality/probe.py	3		SL(3): catalog char(N^k) dividing char(J^2): k=[1, 2, 3] (universal); sign sectors char(-N^k) present: k=NONE; (t+1) present: False. SL(4): catalog k=[1, 2, 3, 4] (universal); sign sectors k=NONE; (t+1) present: False. This exactly matches the claim (catalog factorization holds at SL(3) and SL(4), no sign sectors, no (t+1)). Both dependency modules (frontier/B54_general_c_exchange_structure/probe.py, frontier/B65_sl4_symbolic_jacobian/probe.py) exist and loaded successfully via importlib in probe.py.
C002	47	B101_hitchin_reframing	REPRODUCES	frontier/B101_hitchin_reframing/probe.py	2		R2 output: k=1 Sp(2,R); k=2 SO(2,1) LORENTZIAN; k=3 Sp(4,R); k=4 SO(3,2); k=5 Sp(6,R); k=6 SO(4,3); k=7 Sp(8,R); k=8 SO(5,4). Lorentzian rungs: [2]. Function bodies of ladder_signatures()/lorentzian_rungs() were read in full (not sample-mode) and executed live; matches the claim exactly (Lorentzian only at k=2, no tower).
C002	48	B101_hitchin_reframing	REPRODUCES	frontier/B101_hitchin_reframing/probe.py	2		R4 output: tangent split [markov_333]: H^1 = (8, 3, 5); tangent split [markov_3_3.5]: H^1 = (8, 3, 5) -- confirms the 3+5 split (V2 Teichmuller dim 3, V4 cubic dim 5, total 8). Deformation witnesses: offV0|x1-x4|=0.268/0.100/0.268/0.100 (all >0, i.e. leaves V0) with Anosov=True and SO21nulldim=0 for all 4 witnesses (the invariant SO(2,1) form's null space vanished, i.e. broken/no longer preserved). Function bodies of tangent_space_split() and cubic_deformation_witness() were read in full and executed live (not sample-mode). The 'honest scope' caveat (unconstrained deformation also moves cusp holonomy off unipotent) is independently visible in the printed cusp_tr values (9.53, 1.22, 20.82, -1.49; none near +-2), matching FINDINGS.md's disclosed limitation rather than contradicting the load-bearing claim.
C035	50	B105_n5_wall_and_convergence	PARTIAL	frontier/B105_n5_wall_and_convergence/probe.py	3		Numeric parts reproduce live: cusp_spectrum_facts prints n=3 collision=0, n=4 collision=0, n=5 collision=1 (matches {1,i,-i}/{1,1,w,w^2}/{1,1,1,-1,-1}, tr=trinv=det=1 True for all three); three_obstacle_distinction() prints degree_rank eigenvalue=-1.0 (onset n=5), tower/eps-series char(M^2)^2 golden roots [2.618,0.382] (onset n=5), trace-ring non-closure onset n=4, and 'distinct eigenvalues (-1 vs phi^2): True'. These self-contained computations match the claim's factual content (three obstacles, distinct eigenvalues -1 vs phi^2, distinct onsets n=5/n=5/n=4). But the claim's headline framing -- 'THREE distinct obstacles, not one collision' as the structural verdict -- rests, per the arc's own stated 'why', on citing three separate arcs (B95, B62, an engine-free trace-ring argument) whose underlying derivations are hardcoded here as given facts (forced_cusp_spectrum dict, the A_4 height-2 opposition-split combinatorics) rather than independently rederived from B95/B62's own scripts in this run.
C002	55	B125_snappy_arithmeticity	REPRODUCES	frontier/B125_snappy_arithmeticity/probe.py	180		probe.py main() [live] block (SnapPy present, guard branch actually taken, not skipped): m=1: deg=2 field=Q(sqrt-3) -> ARITHMETIC; m=2: deg=2 field=Q(sqrt-1) -> ARITHMETIC; m=3: deg=6 field=None -> non-arithmetic; m=4: deg=4 field=None -> non-arithmetic. Extended driver calling live_arithmeticity(mmax=6): m=5: deg=6 -> non-arithmetic; m=6: deg=6 -> non-arithmetic. All 6 live results match RECORD exactly (kM=Q(sqrt-3) m=1, Q(i) m=2, both arithmetic; m=3..6 non-arithmetic with degree>=4). vol_ok=True for all m=1..6.
C002	56	B126_ladder_to_physics	PARTIAL	frontier/B126_ladder_to_physics/probe.py	580		Live output (m=1..4, matches claim): m=1: kappa k-degrees [1]; m=2: [1]; m=3: [1, 3]; m=4: [1, 3] -- exactly the [1,1,3,3,...] portion of the claimed [1,1,3,3,7,6] sequence, with m=1,2 rational (degree 1, arithmetic) as claimed. m=5,6 in probe.py's own KAPPA_DEGREE_RECORD = {5: [1,3,7], 6: [1,3,6]} are NOT recomputed by main() (main() only loops range(1,5)); a direct call to kappa_degree(5) via Groebner elimination did not complete within a 580s budget (no output produced, confirming the script's own comment 'can be slow for m>=5'). So m=1..4 of the claim reproduce live; m=5,6 rest on the hardcoded RECORD dict, which the arc itself labels 'family-specific observation, not a law'.
C003	58	B127_chirality_arithmetic_naming	REPRODUCES	frontier/B127_chirality_arithmetic_naming/probe.py	6		Live SnapPy branch (cs_achiral_locus) ran, not skipped: 'metallic_all_CS_zero': True, metallic_CS m=1..6 = {1.55e-15,3.11e-15,1.78e-15,1.78e-15,2.89e-15,0.0} (machine zero), 'census_is_a_mix': True, census_CS = {'m003': 4.934802200544681, 'm004': 2.66e-15, 'm006': -2.252967226343791}. Matches claim exactly.
C003	59	B128_symmetry_breaking_chirality	REPRODUCES	frontier/B128_symmetry_breaking_chirality/probe.py	8		torsion_live() ran live SnapPy (not skipped) and homology exactly matched TORSION_TABLE: {'RLRRLL':'Z/13 + Z','RRLLRRRLLL':'Z/61 + Z','RLRRRLLL':'Z/25 + Z','RLRLRL':'Z/4 + Z/4 + Z','RRLLRRLLRRLL':'Z/14 + Z/14 + Z','RLRRLLRRRLLL':'Z/157 + Z'}, matches_record: True. Confirms achiral doubles (1,2),(2,3),(1,3) single-torsion; achiral periodic triples (RL)^3, (R^2L^2)^3 doubled torsion; chiral (1,2,3) single torsion.
C042	60	B129_sl3_tower_sealed	PARTIAL	frontier/B129_sl3_tower_sealed/probe.py	8		"The exact claim numbers (427 converged points, max dist 1.2e-6, 0 escapes beyond 1e-5, from a 15-seed x 30-start scan) live only as the hardcoded S1B_SCAN dict printed verbatim by main(): ""15-seed scan record: {'converged_points': 427, 'seeds': 15, 'max_dist_to_Q3': 1.2e-06, ...}"". scipy IS installed, so the live (non-fallback) branch of offsublocus_search() also ran, but main() only calls it for 2 seeds (20260608, 424242) x 80 starts, not 15x30: printed '{seed:20260608, converged:72, ... max_dist_to_Q3: 1.10e-06, genuine_escapes:0}' and '{seed:424242, converged:77, ... max_dist_to_Q3: 2.71e-06, genuine_escapes:0}'. So the live code confirms the qualitative result (0 genuine escapes, max distance same order ~1e-6) but the specific 427/15-seed/1.2e-6 figure is the banked hardcoded record, not something the committed code recomputes on this run."
C042	61	B129_sl3_tower_sealed	REPRODUCES	frontier/B129_sl3_tower_sealed/probe.py	8		"SnapPy IS installed, so silver_covers() ran the live branch (not the hardcoded SILVER_COVERS fallback): printed ""{'base_cusps': 1, 'base_homology': 'Z/2 + Z/2 + Z', 'degree2_covers': [(1, 1), (2, 2)], 'reaches_2_2': True, ...}"" -- (2,2) is in degree2_covers and reaches_2_2=True, matching the claim 'silver bundle b++RRLL degree-2 covers reach (cusps,free_rank)=(2,2)'."
C003	62	B130_no_forced_choice	REPRODUCES	frontier/B130_no_forced_choice/probe.py	40		m=2 (live in main()): {'m':2,'num_gens':6,'k_only_elimination_polys':[],'kappa_free':True}. Manually invoking the committed kappa_elimination() function for m=3 gave {'m':3,'num_gens':11,'k_only_elimination_polys':[],'kappa_free':True} in 38.8s (close to the noted ~80s); m=4 gave {'m':4,'num_gens':11,'k_only_elimination_polys':[],'kappa_free':True} in a few seconds. All three (m=2,3,4) reproduce kappa_free=True matching KAPPA_FREE_SYMBOLIC={2:True,3:True,4:True} -- the function is genuinely committed and callable, main() just defaults to m=2 for speed.
C003	64	B131_two_seed_fork	PARTIAL	frontier/B131_two_seed_fork/probe.py	2		The (1,2) fork DOES reproduce live: fork(1,2) via the committed apoly_relation/fork() functions gives [-4,-2], matching FORKS[(1,2)]=[-4,-2] exactly (main() output: 'distinct_(1,2): [-4, -2]'). But (1,3) and (2,3) CANNOT be computed from the committed code: apoly_relation(m) is a hardcoded dict {1:..., 2:...} only -- calling fork(1,3) raises 'ERROR KeyError 3' (verified directly). The docstring itself says m=3's A-polynomial is 'NOT rational' (irrational double cover), so no exact symbolic curve exists in the script to feed fork(). FORKS[(1,3)]=[-3.92,-2.0,(-1.845-2.229j),...] and FORKS[(2,3)]=[-4.397,-2.0,-1.427,3.824] are pure literal records with no live root-finder present anywhere in probe.py.
C003	66	B134_chirality_recursion_proved	REPRODUCES	frontier/B134_chirality_recursion_proved/probe.py	7		snappy_threeway() ran live (SnapPy present, branch not skipped) over all 16 sample sequences: every row printed 'OK' (cyc-pal, anti-pal, amphi all agree for each of (1,),(2,),(1,2),(2,3),(1,2,1),(1,2,2,1),(1,1,2,2),(2,1,1,2),(1,2,1,2),(2,1,3,1),(1,2,3),(1,3,2),(3,2,1),(1,2,3,4),(1,2,2,3),(2,3,3,2)), final line 'all agree: True'. Matches claim of 16 cases all agreeing.
C004	68	B136_general_amphichirality	REPRODUCES	frontier/B136_general_amphichirality/probe.py	2		lemma exhaustive: {'holds': True, 'checked': 7380}; specializes_to_metallic: {'reduces_to_B134': True}; SnapPy three-way on all 10 sample words (metallic and non-metallic, e.g. [(1,2),(2,1)] crit=True anti-pal=True amphi=True, [(1,2)] crit=False anti-pal=False amphi=False) all rows OK; 'all agree: True'. SnapPy live branch actually ran (not the None/absent branch).
C004	71	B139_firewall_cartography	REPRODUCES	frontier/B139_firewall_cartography/probe.py	3		Item1 mirror trace-equality: all 6 chiral words (RRL, RRRL, RRLRL, RRRLL, RRLLRL, RRRLRL) show tr==tr_mirror exactly (e.g. RRL tr=4=tr_mirror=4, disc=12) and mirror_is_transpose=True for every word; 'all traces equal: True   all mirror==M^T: True'. SnapPy live CS-flip control ran (not skipped): all 6 rows vol_inv=True, CS_flip=True, H1_inv=True, e.g. RRL CS=+0.411234 vs mirror CS=-0.411234 (equal magnitude opposite sign as required); RRLLRL is self-mirror-CS-zero (CS=+0.0), consistent. 'all (vol inv & CS flip & H1 inv): True'.
C043	74	B142_klein4_and_magic_cartography	PARTIAL	frontier/B142_klein4_and_magic_cartography/probe.py	15	Sage unavailable for trace_field_gens().find_field() -> that sub-claim CANNOT_RUN; Brunnian/pairwise-linking claim is asserted, not computed (NOT_A_COMPUTATION for that clause)	SnapPy branch (live, ran under real snappy): s776: {'vol': 5.33348956689812, 'cusps': 3, 'sym_order': 12, 'identify': ['s776','6^3_1','L6a5']}; is_isometric(s776,L6a4)=False. This reproduces 'magic manifold (L6a5=6^3_1), vol 5.33349' and 'not the Borromean rings' exactly. The trace field Q(sqrt-7) part is NOT reproduced: trace_fields_sage() printed {'skipped': 'needs Sage (run under sage-python)'} because Sage is absent from this environment. The '3-chain link (pairwise linked, NOT Brunnian)' descriptor is not computed by any function in probe.py (it is asserted prose in the docstring/note field), so that clause rests on assertion, not a rerun computation.
C043	75	B142_klein4_and_magic_cartography	PARTIAL	frontier/B142_klein4_and_magic_cartography/probe.py	15	the '14 obstruction classes' half is a live reproduced computation; the 'dim 6' half rests on an unsolved formula (2*cusps), not an actual decomposition of the geometric component	sl3_ptolemy_object() (SnapPy, live, no Sage needed) printed: {'sl3_ptolemy_obstruction_classes': 14, 'n_variables_first_class': 24, 'sl3_geom_component_dim_expected': 6, ...}. The 14 obstruction classes figure is genuinely computed live (len(M.ptolemy_variety(3,'all'))=14), matching the claim. The 'geometric component dim 6' is NOT a solved/verified dimension of the geometric component -- it is the label 'sl3_geom_component_dim_expected' computed purely as 2*num_cusps=2*3=6, an a-priori formula, not a result of actually solving/decomposing the size-14/24-variable Ptolemy variety. So the dim-6 figure is reproduced only as an unverified expected value, not as a computed property of a solved variety.
C004	78	B144_interaction_chirality	REPRODUCES	frontier/B144_interaction_chirality/probe.py	1		Live SnapPy branch ran (snappy import succeeded, not the recorded-fallback branch): {'amphichiral': {'b++RL': True, 'b++RRLL': True}, 'all_amphichiral': True}. Matches the claimed premise that b++RL and b++RRLL are amphichiral.
C004	80	B145_forced_chirality	PARTIAL	frontier/B145_forced_chirality/probe.py	5		catalog()/analyze() ran live via SnapPy (Sage absent, as expected): 'catalog n=39  GHH==SnapPy is_amphicheiral: True (39 cross-checked)' -- reproduces the load-bearing GHH-vs-SnapPy agreement on all 39 catalogued bundles exactly as claimed. minimal-volume bundle ('LR', 2.02988) is amphichiral, minimal chiral ('LLR', 2.66674). HOWEVER the trace-field-degree part of the claim (Sage-gated, 'trace-field degree needs Sage') did not run live: 'trace-field degrees -- amphichiral: []  chiral: []' (both empty since sage=False), so 'all QUADRATIC-trace-field bundles are amphichiral: True' is a vacuous True over an empty set, not a verified computation. The core claim in the packet ('GHH criterion matches SnapPy is_amphicheiral on all 39 catalogued bundles') reproduces exactly; the Sage-dependent trace-field-degree refinement rests on an absent dependency.
C004	84	B147_arithmetic_chiral_bundle	REPRODUCES	frontier/B147_arithmetic_chiral_bundle/probe.py	1		Live run (snappy+cypari both available, plain pyenv as required -- no SIGABRT): 'b++RRL [CHIRAL] invariant trace field Q(sqrt-7) (deg 2, imag_quad=True)  all traces integral: True => ARITHMETIC: True'; 'b++RLL [CHIRAL] invariant trace field Q(sqrt-7) ... all traces integral: True => ARITHMETIC: True'. Controls also matched: RL and RRLL both integral/ARITHMETIC=True; RRRL (non-imag-quadratic, deg 4) correctly ARITHMETIC=False. Method used actual polynomial degree for leading coefficient (actual_deg = minpoly.poldegree()) as documented, not search degree.
C004	85	B147_arithmetic_chiral_bundle	PARTIAL	frontier/B147_arithmetic_chiral_bundle/probe.py	1		The printed ratios come straight from the hardcoded dict VOLUME_BIANCHI_RATIOS = {'RL': ('Q(sqrt-3)', 12), 'RRLL': ('Q(i)', 12), 'RRL': ('Q(sqrt-7)', 3), 'RLL': ('Q(sqrt-7)', 3)}; printed output: 'vol(b++RL)/covol(Q(sqrt-3)) = 12', 'vol(b++RRLL)/covol(Q(i)) = 12', 'vol(b++RRL)/covol(Q(sqrt-7)) = 3', 'vol(b++RLL)/covol(Q(sqrt-7)) = 3' -- matching the claim's stated numbers exactly, but this file itself performs no volume or Bianchi-covolume computation (it is a recorded constant, as the probe's own comment and packet 'why' state: 'computed under sage-python separately'). No Sage is present in this environment to independently recompute it, so this half of the claim rests on a hardcoded record, not committed-and-rerun code.
C004	86	B147_arithmetic_chiral_bundle	REPRODUCES	frontier/B147_arithmetic_chiral_bundle/probe.py	1		arithmetic_scan(maxlen=7) printed exactly 4 bundles: 'b++LR Q(sqrt-3) amphichiral', 'b++LLR Q(sqrt-7) CHIRAL', 'b++LRR Q(sqrt-7) CHIRAL', 'b++LLRR Q(sqrt-1) amphichiral' -- these are the cyclic representatives of RL, RRL, RLL, RRLL respectively (LR~RL, LLR~RRL up to rotation, LRR~RLL, LLRR~RRLL), matching the claimed 'exactly 4 arithmetic bundles: RL, RRLL, RRL, RLL'.
C005	90	B153_degree_rank_degeneration	CANNOT_RUN	frontier/B153_degree_rank_degeneration/n3_exact_endpoint.sage	0	Script is a genuine .sage file (`#!/usr/bin/env sage`) requiring Sage's F_p field/matrix machinery; `sage` binary and `import sage` both absent in this environment (`sage: command not found`; `ModuleNotFoundError: No module named 'sage'`). No committed non-Sage path exists for this claim, so the exact tangent values (11 rigid/irreducible dim-5 component, 10 for the dim-3 reducible slice) could not be independently rerun.	which sage -> exit 1; python3 -c 'import sage' -> ModuleNotFoundError: No module named 'sage'
C005	92	B157_metallic_exponent	REPRODUCES	frontier/B157_metallic_exponent/r1_fig_sl3_o4_proof.py	2		Printed: 'family on variety (S=0 exactly over Q(i)): True'; 'det t = -q**2*(1 - I) + q*t22**2 - 4*I*q*t22 + q - t22**3*(2 - 2*I)'; and the two matrix identities '[A,B] = (+1) * (I/(...)) * mu^3' and '[A,B] = (-1) * (I/(...)) * mu^3' — i.e. k=3 exactly, over Q(i), matching the claim (m=1,o=4)->k=3 exact over Q(i) and FINDINGS.md Result 3's '[A,B]=c*mu^3'.
C005	96	B160_quasicrystal_bridge_corroboration	REPRODUCES	frontier/B160_quasicrystal_bridge_corroboration/fib_spectrum.py, silver.py, bronze_indep.py	5		golden (fib_spectrum.py, lambda=1 column): measures 2.135,1.616,1.226,0.931,0.706,0.536 at k=5,7,9,11,13,15 -> successive ratios ~0.757,0.759,0.759,0.758,0.759 (claim: 0.759). silver.py printed explicit ratios directly: 'x0.774','x0.780','x0.779','x0.779','x0.779' (claim: 0.779). bronze_indep.py printed explicit ratios: 'x0.716','x0.719','x0.718','x0.719' and 'stable ratio ~ 0.719' plus 'ALL BRONZE CHECKS PASS' (claim: 0.719). All three distinct geometric decay rates match the claimed 0.759/0.779/0.719.
C005	117	B197_figure_eight_volume_torsionfree	REPRODUCES	frontier/B197_figure_eight_volume_torsionfree/volume_selection.py	8		snappy 3.3.2 is installed, so HAVE_SNAPPY=True and the live (not the recorded-constants fallback) branch ran. Printed: 'C1 ... b++LR == m004 == 4_1 (figure-eight), vol 2.0298832128, H1=Z, 1 cusp' [PASS]; 'C3 ... vmin ['LR'] (2.029883); m003 vol=2.029883 H1=Z/5 + Z b++?=False' [PASS]; 'C4 ... RRL (2.66674478344906, 0.020833333333333325); RLL (2.6667447834490603, -0.02083333333333335)' [PASS] (0.0208333=1/48). Final line: 'ALL CHECKS PASS'. Matches claim's b++LR=m004 volume/H1, m003 torsion tie, and chiral CS=+-1/48.
C005	118	B198_metallic_exponent_CAS	CANNOT_RUN	frontier/B198_metallic_exponent_CAS/sage_groebner.py	0	Script does `from sage.all import CyclotomicField, PolynomialRing, matrix, ideal` and needs the sage-python runner per its own docstring ('Run with: sage-python sage_groebner.py (NOT the pyenv python)'); Sage is not installed in this environment (`sage` binary absent, `import sage` -> ModuleNotFoundError). Cannot independently verify the Groebner-based exact k=4 (o3) / k=3 (o4) claim.	which sage -> exit 1; python3 -c 'import sage' -> ModuleNotFoundError: No module named 'sage'; script header line: 'from sage.all import CyclotomicField, PolynomialRing, matrix, ideal'
C043	120	B201_silver_sl3_charvar	CANNOT_RUN	frontier/B201_silver_sl3_charvar/charvar.sage	0.1	requires Sage (PolynomialRing/ideal/minimal_associated_primes over Sage), which is not installed in this environment	ModuleNotFoundError: No module named 'sage'; no sage/sage-python binary found on PATH either
C006	133	B234_handoff_verification	CANNOT_RUN	frontier/B234_handoff_verification/e7_fs_indicator.py		missing dependency: sage (WeylCharacterRing) not installed; no committed pure-Python fallback	ModuleNotFoundError: No module named 'sage' -- confirmed Sage is not present in this environment (only snappy/cypari/sympy/mpmath/numpy/scipy/networkx are, per task spec), and e7_fs_indicator.py:16 hard-imports sage.all.WeylCharacterRing with no non-Sage fallback, so the FS-indicator computation cannot be executed here.
C006	134	B235_metallic_table	CANNOT_RUN	frontier/B235_metallic_table/l47_snappy_probe.py		missing dependency: sage (PolynomialRing/find_field/roots) not installed; script is not runnable under plain CPython+snappy	"l47_snappy_probe.py:14 imports `from sage.all import QQ, PolynomialRing` and uses R.gen()/find_field/.roots(F) which are Sage-only; `python3 -c ""import sage""` -> ModuleNotFoundError: No module named 'sage'. snappy itself is present (snappy 3.3.2 imports fine) but this script's field-finding logic (get_field/contains_sqrt/fingerprint) is Sage API, not plain-SnapPy, so it cannot be run in this environment."
C006	136	B243_levelrank_conjugation_general	PARTIAL	frontier/B243_levelrank_conjugation_general/levelrank_general.py	1	the k range self-check (universal level-rank=conjugation mechanism, exact V(k) numeric values at k=3,6,8,10) is live pure-Python code that reproduced; the specific quadratic-only-at-{3,6,10} classification and the bronze degree-6 refutation rest entirely on the hardcoded FIELD_LABEL dict / a comment citing an uncommitted Sage computation, not on any polynomial-degree code in this script	Ran clean, pure Python/numpy, all asserts passed, ended with 'ALL CHECKS PASS'. FINDING 1 loop k=2..10 printed 'fig8 exact=True  trefoil conjugate=True' for every k (matches claim's universal-conjugation part). FINDING 2 printed V(k) table incl. 'k= 3 (kappa= 5): V=-1.23607   sqrt5 (GOLDEN, m=1)  metallic m=1', 'k= 6 (kappa= 8): V=-0.41421   sqrt2 (SILVER, m=2)  metallic m=2', 'k=10 (kappa=12): V=+0.26795   sqrt3', and 'k=11 (kappa=13): V=+0.36522   deg>2 (non-quadratic)  metallic m=3' with closing line '...BUT bronze (kappa=13,m=3) is degree 6, NOT in Q(sqrt13): the metallic ladder is a 2-case coincidence...'. These numeric V(k) values and the conjugation asserts are genuinely computed here. BUT the field labels (rational/quadratic-field name, and specifically the 'degree 6' assertion for k=11 bronze) come only from the hardcoded FIELD_LABEL dict and a source comment '# Sage-verified algebraic degrees of V(k)...' -- the script never computes a minimal polynomial or its degree; 'deg>2 (non-quadratic)' for k=11 is just the fallback string in FIELD_LABEL.get(k, 'deg>2 (non-quadratic)'), not a computed degree.
C006	137	B244_quantization_edge	CANNOT_RUN	frontier/B244_quantization_edge/sl3_volumes.py	2	missing dependency: Magma executable required by SnapPy's Ptolemy variety compute_solutions()/compute_decomposition() path; not present in this environment	"Script only imports snappy (no sage.all), so it started, printed nothing (crashed before first print) and raised: 'File .../snappy/ptolemy/processMagmaFile.py"", line 228, in run_magma / raise ValueError('Sorry, could not find the Magma executable')' -- traceback root: V.compute_solutions() -> compute_decomposition() -> run_magma() needs the Magma binary, which per task spec is not installed here. No SL(2) or SL(3) volume value (e.g. 8.11953285) was produced."
C043	138	B247_v1_holonomy_adjudication	PARTIAL	frontier/B247_v1_holonomy_adjudication/adjudication.py	2	the arithmetic combining the branching data into centralizer dims runs live and reproduces 35/11 exactly; the branching data itself (G2->A1xA1, E6->A2xG2) is a hardcoded constant sourced from e6_branchings_sage.py, which requires Sage (absent) and was not independently rerun	Live run printed: 'factor 1: index 3 (SHORT) -> C_E6 dim 11 = SU(3)xSU(2) (rank 3, NO U(1))' and 'factor 2: index 1 (LONG) -> C_E6 dim 35 = SU(6) ...' and '=> neither is SU(3)xSU(2)xU(1)^2 (dim 13)'. This matches the claim's dim35/dim11 figures exactly and both asserts (centralizer_dim(2)==35, embedding_index(2)==1, centralizer_dim(1)==11, embedding_index(1)==3) pass with no AssertionError. However centralizer_dim()/embedding_index() consume hardcoded constants SEVEN_A1A1/FOURTEEN_A1A1 (the G2->A1xA1 branchings), which per e6_branchings_sage.py's own docstring are 'consumed (hardcoded)' from a Sage WeylCharacterRing computation that is not re-run here -- Sage is absent (ModuleNotFoundError: No module named 'sage'), so the underlying branching data itself is unverified in this rerun.
C043	139	B247_v1_holonomy_adjudication	PARTIAL	frontier/B247_v1_holonomy_adjudication/adjudication.py	2	the pure-Python complex-trace computation (test1_traces) reproduces exactly; the SnapPy ground-truth cross-check script crashes as committed (API mismatch: TypeError: must be real number, not SimpleMatrix) and could not be reproduced cleanly even with a non-committed compatibility shim	Live run printed: 'tr(ab) = +2.5000 -0.8660i   complex: True' and 'tr([a,b]) = +1.5000 -0.8660i   complex: True' -- exactly matching the claim's 'tr[a,b]=3/2-sqrt3/2 i' (1.5 - 0.866i). This is pure-Python (cmath/numpy), reproduced live, no gating. The SnapPy independent cross-check (holonomy_ground_truth_sage.py) does NOT run: 'python3 holonomy_ground_truth_sage.py' crashed with 'TypeError: must be real number, not SimpleMatrix' at mats = {g: np.array(G.SL2C(g), dtype=complex) for g in gens} -- a SnapPy API/version incompatibility, not a missing dependency (snappy itself is installed and used successfully elsewhere in this rerun, e.g. B142). A driver rewritten to convert SimpleMatrix entries element-by-element ran but produced tr(ab) = -2.5000-0.8660j (opposite sign/branch from the claim's hardcoded SNAPPY_MERIDIAN_TR_AB = 2.5+0.866j), so even a patched rerun does not cleanly confirm the committed hardcoded SnapPy witness value; that value (SNAPPY_MERIDIAN_TR_AB) is a hardcoded constant in adjudication.py, not obtained by re-running the SnapPy script in this rerun.
C006	140	B251_metallic_specificity	PARTIAL	frontier/B251_metallic_specificity/metallic_specificity_sage.py	1	H1(4_1)=Z is live-verified via plain snappy; M.alexander_polynomial() (needed for det=|Delta(-1)|=5 and the b(5,2)/L(5,2) identification) requires SnapPy running inside Sage, which is not installed, so that part is missing dependency: sage (SnapPy's alexander_polynomial is a Sage-only method)	"Printed '4_1 (= m=1 metallic bundle):' then 'H1 = Z   (knot complement in S^3 => Z)' (matches the H1=Z / knot-complement part of the claim), then crashed on the very next line computing the Alexander polynomial: 'File .../snappy/sage_helper.py"", line 102, in _sage_method / raise SageNotAvailable(\'Sorry, this feature requires using SnapPy inside Sage.\')'. So det=5, the identify()=b(5,2), and the L(5,2) double-cover claims were never printed/computed in this run."
C007	141	B252_chirality_obstruction	CANNOT_RUN	frontier/B252_chirality_obstruction/chirality_obstruction_sage.py		Script hard-imports sage.all.WeylCharacterRing; Sage is not installed in this environment (ModuleNotFoundError: No module named 'sage'; no sage/sage-python binary present). Cannot execute even one line of the script.	"`python3 -c ""import sage""` -> ModuleNotFoundError: No module named 'sage'. `which sage sage-python` -> nothing found."
C007	156	B272_verification_and_gaps	PARTIAL	frontier/B272_verification_and_gaps/verification_and_gaps.py		File is only 91 lines total (the packet's cited line range 1002-1018 does not exist in this file, confirming the mismatch flagged in 'why'). The script runs cleanly and prints the CONFIRMED dict's text verbatim, plus passes its own internal asserts (len(CONFIRMED)==8, len(CORRECTIONS)==3, crux/absent sets match). But the actual claimed computation -- mod-p Fox calculus over primes {61,103,9973,99991} plus exact Q(sqrt-3) arithmetic -- is NOT present as executable code anywhere in this file; it is only a hardcoded description string inside CONFIRMED['dim H^1(Sym^2k)=1 all k']. So the part that ran is: the verdict-dict printing and its internal consistency asserts (all passed, printed 'PASS'); the part that does NOT run from committed code is the underlying Fox/mod-p re-derivation itself.	Printed: 'CONFIRMED (independently re-derived): 8' listing '[OK] dim H^1(Sym^2k)=1 all k' among 8 items; final line '=> core math survived; ... PASS'; asserts `len(CONFIRMED) == 8 and len(CORRECTIONS) == 3` passed (no AssertionError). No mod-p / Fox / prime-number computation appears in stdout or in the file's source (grep for 9973/99991/Fox in the file returns only the CONFIRMED dict string, not code).
C043	162	B280_2T_higher_spin	CANNOT_RUN		0.2	the script named as the source of this claim (branchings.py) does not exist in the committed tree; there is no committed code to rerun for this specific claim	FINDINGS.md states the branching '27 = (15,1) + (6bar,2)' is 'Weyl-character verified, branchings.py' but no file named branchings.py, nor any .py file containing this decomposition, exists anywhere in the worktree. The arc_dir (B280_2T_higher_spin) contains only FINDINGS.md, README-equivalent, arc_verdict.json, spin_content_2T_gap.py (GAP-gated; GAP not installed) and spin_content_verdict.py -- neither of which contains this E6/SU(6)xSU(2) branching computation.
C007	184	B313_fibonacci_bridge_and_no_forced_choice	PARTIAL	frontier/B313_fibonacci_bridge_and_no_forced_choice/fibonacci_bridge_and_no_forced_choice.py		branching_27_refutes_matter_equals_anyons() is exactly `return 7 * 3 + 1 * 6 == 27`, confirming the 'why': it only checks the arithmetic dim identity 21+6=27, not a derivation that the E6->G2xSU(3) branching of the 27 actually equals (7,3)+(1,6) (that decomposition is asserted via the module-level comment/docstring, not computed here). The arithmetic identity part reproduces true; the representation-theoretic branching-rule assignment itself rests on an uncomputed citation to Slansky (1981), not on code in this file.	Printed: '27 -> (7,3)+(1,6) dims 21+6=27 (matter=anyons refuted): True'; also 'central charges  SU(2)_3, (G2)_1, (E6)_1 = (9/5, 14/5, 6) | chain exact: True'; final 'verdict: True'. Function body confirmed by direct read: `return 7 * 3 + 1 * 6 == 27` -- pure arithmetic, no branching-rule computation.
C007	193	B326_congruence_torsion	REPRODUCES	frontier/B326_congruence_torsion/congruence_torsion.py		snappy IS installed here, so the live branch of snappy_crosscheck() (the try body, not the except fallback) actually executed -- confirmed by the absence of any '(snappy unavailable: ...)' text in stdout, and by the presence of a real homology string. Note (per 'why'): the result is indeed only printed, not asserted/fed into a verdict() -- there is in fact no verdict() function in this file (confirmed by reading the whole 60-line file) -- so this remains a live, un-gated cross-check as flagged.	Printed: 'SnapPy H1(3-fold cyclic cover): Z/4 + Z/4 + Z' which matches the claimed group Z + Z/4 + Z/4 (same isomorphism type, order of summands differs cosmetically). Also confirms the companion exact computation: 'Smith normal form of Z[t]/(Delta,t^3-1): [[4, 0], [0, 4]] => (Z/4)^2' and 'deck char poly mod 4 = [1, 1, 1]  order-3: True'.
C007	194	B327_mckay_branching_gate	REPRODUCES	frontier/B327_mckay_branching_gate/mckay_branching_gate.py		Full file read (110 lines, not just the import header): it computes the E6 Weyl orbit of the 27 (via explicit Cartan matrix A and orbit BFS) and grades it by the principal sl(2) grading vector, then buckets into SU(2) spins. This independently confirms the exact claim.	Printed: 'orbit: 27  principal spins: {8: 1, 4: 1, 0: 1}' i.e. spins 8,4,0 each with multiplicity 1, matching the claimed V(16)+V(8)+V(0) (dims 2*8+1=17, 2*4+1=9, 2*0+1=1; 17+9+1=27). Also printed 'chi_27(order-3)= 0 (real => n1=n2)' and the 2T class list showing two distinct order-3 classes both with SU(2) trace -1 -- '(4, -1, 3)' appearing twice -- directly confirming the self-duality/n1=n2 argument in part (2) of the claim.
C008	195	B329_mckay_branching_embeddings	REPRODUCES	frontier/B329_mckay_branching_embeddings/mckay_embeddings.py	1		Printed: '2T character table orthonormal: True  sum dim^2 = 24'; '(a) principal 27|_2T = {1: 3, 1prime: 3, 1primeprime: 3, 3: 6}  n1,n2 = (3, 3)  n1==n2: True'; '(b) trinification 27|_2T = {1: 9, 1prime: 3, 1primeprime: 3, 2prime: 3, 2primeprime: 3}  n1,n2 = (0, 0)  n1==n2: True'; non-vacuity SU(3) 3|_2T char complex=True. All match claim (both embeddings n1=n2, principal (3,3), trinification (0,0), 24 Hurwitz quaternions, orthonormal table verified).
C008	197	B331_ambivalence_closure	REPRODUCES	frontier/B331_ambivalence_closure/ambivalence_closure.py	1		Printed: 'g: order-3 = True  ambivalent (g ~ g^-1) = True'; 'chi_27(g) holomorphic = 0   compact = 0   identical & real => True'; 'chi_27(central z) = -27/2 + 27*sqrt(3)*I/2  complex => True'. Matches claim: g order 3, ambivalent (eigenvalues omega,omega^2 inverse-closed via charpoly==inv charpoly check), chi_27(g)=0 real identically for both compact and holomorphic lifts.
C008	198	B332_two_letters_two_ends	REPRODUCES	frontier/B332_two_letters_two_ends/two_letters_two_ends.py	1		"Printed: 'g = -R L^-1 : True   g^-1 a = -L : True'; ""ends (trace, disc): {'product RL': (3, 5), 'ratio g=-RL^-1': (-1, -3)}"". Matches claim exactly: g=-R*L^-1 exact, R*L trace 3 disc 5, g trace -1 disc -3."
C008	200	B333_compositum_seam	REPRODUCES	frontier/B333_compositum_seam/compositum_seam.py	2		Printed: 'h(-15) = 2  (Chat-1 claimed 2)'; 'NULL TEST: 14 of 123 fundamental disc (to -400) share h=2 -> GENERIC'. Matches claim exactly (h(-15)=2; 14 of 123 discriminants down to -400 share h=2).
C008	201	B334_seam_hilbert_class_field	REPRODUCES	frontier/B334_seam_hilbert_class_field/seam_hcf.py	1		Printed: 'splitting law: principal p mod 15 in [1, 4]  non-principal in [2, 8] (expect {1,4} / {2,8})'; 'form cross-check mismatches: 0 (0 = HCF = compositum confirmed)'. Matches claim: two independent methods (Legendre/Jacobi splitting law via sympy jacobi_symbol, and binary-quadratic-form representation x^2+xy+4y^2) agree with 0 mismatches, confirming H(Q(sqrt-15))=Q(sqrt5,sqrt-3).
C008	202	B334_seam_hilbert_class_field	REPRODUCES	frontier/B334_seam_hilbert_class_field/seam_hcf.py	1		Printed: '137 -> non-principal;  non-principal fraction = 0.556 (~1/2, coin flip) -> 137 DEAD as prediction'. Confirms 137 mod 15 = 2 (non-principal, since 2 is in the non-principal residue class {2,8}) and that ~55.6% of split primes up to 400 are non-principal, i.e. a coin flip with no distinguishing signal -- matches the FINDINGS.md claim exactly, computed by committed code (not merely prose).
C009	203	B335_generation_symmetry_exact	REPRODUCES	frontier/B335_generation_symmetry_exact/generation_symmetry_exact.py	5		Committed script as-shipped (live=False) prints: 'vol ratio = 3.0  geodesic mults = (3, 3)' and '|cusp shape|^2 = 12'. Independently drove the script's own live=True code path: vol M=2.0298832128, vol C=6.0896496385, ratio=3.0000000000; C.length_spectrum(1.5) gave two geodesics each multiplicity 3 (mults (3,3)); M.cusp_info()[0] shape imag part 3.4641016151 (=2*sqrt3, squared=12). Matches claim exactly. Note: default execution path uses the hardcoded RECORD dict, not live snappy -- verified live matches it.
C009	204	B335_generation_symmetry_exact	PARTIAL	frontier/B335_generation_symmetry_exact/generation_symmetry_exact.py	8		Committed cover_group_is_not_2T() only string-compares the hardcoded RECORD['cover_sym_ab']='Z/2 + Z/2' to the literal 'Z/3' -- no live computation of the symmetry group's abelianization exists anywhere in the committed script (unlike volume/geodesics, there is no live=True branch for this field). Independently drove live snappy: C.symmetry_group() is nonabelian order 24; G.abelianization()='Z/2 + Z/2', G.center()='Z/2', G.is_abelian()=False -- these DO match RECORD and DO confirm the claim's substance, but this verification rests entirely on code I wrote, not on any live path in the committed file.
C009	207	B337_structure_xor_ordering	REPRODUCES	frontier/B337_structure_xor_ordering/structure_xor_ordering.py	3		multiplicity_overlap() prints Matrix([[2, 3, 6], [3, 2, 3], [6, 3, 2]]); multiplicity_spectrum() eigenvalues rounded: [10.2, -4.0, -0.2]. Fully live sympy computation (no hardcoded RECORD), exact match to claim's matrix and eigenvalues {10.2,-4,-0.2}.
C009	209	B339_cs_flow_subleading	REPRODUCES	frontier/B339_cs_flow_subleading/cs_flow_subleading.py	30		Script's live fit_c3_live() ran the full snappy loop n=6..140 on m004(1,n) (135 fillings) and printed 'live fit c3 = 0.041664  (1/24 = 0.041667)'; independently computed c3*24 = 0.9999300898792562, i.e. 0.99993, exactly matching the claim's fitted c3*24=0.99993. Leading-law and c_even=0 checks (against recorded 9-digit CS_1n table) also printed True.
C009	210	B339_cs_flow_subleading	NOT_A_COMPUTATION	frontier/B339_cs_flow_subleading/cs_flow_subleading.py	0		even_coefficients_vanish() is 'return True' with a comment restating the algebraic argument (CS(1,-n)=-CS(1,n) => a_k(-1)^k=-a_k => a_k=0 for even k). No numeric/symbolic check is performed by committed code; it is a bare assertion of a prose theorem, not a computation that could differ.
C009	211	B340_cp_phase_along_flow	REPRODUCES	frontier/B340_cp_phase_along_flow/cp_phase_along_flow.py	6		Committed script's live_kappa(8) spot-check printed 'live kappa(1,8) = (1.5238+0.8495j)  arg = 29.14', matching recorded FLOW[8]=(29.14, 1.7446, -0.06242) (|k|=sqrt(1.5238^2+0.8495^2)=1.7446). Extended the same live_kappa() function (committed code, just called for more n) to n=20,12,5,3,2 and got: (20: 1.7343,29.86),(12: 1.738,29.62),(5: 1.7601,27.83),(3: 1.7907,24.38),(2: 1.8205,18.82) -- identical to every entry in the committed FLOW table. cusp_is_extremal_cp_phase(), chirality_lowers_the_phase(), deviation_is_second_order() all printed True, and full re-run of the FLOW-derived checks holds since FLOW itself is now shown to be live-reproducible in full, not just at n=8.
C043	212	B342_z3_trimaximal_symmetry	REPRODUCES	frontier/B342_z3_trimaximal_symmetry/z3_trimaximal_symmetry.py	0.3		Printed: '3. TM2 correlation: theta_12 = 35.72 deg (vs obs 33.4)' and 'HONEST: TM1 -> 34.34 deg, TM2 -> 35.72 deg, obs 33.4 -> data favours TM1: True'. Matches claim's 'TM2 predicts theta_12=35.7 deg (vs observed 33.4), TM1 predicts 34.3 deg -- TM1 fits ~1 deg better' (|34.34-33.4|=0.94 vs |35.72-33.4|=2.32, so TM1 is indeed ~1 deg closer and TM2 is off by ~2.3 vs TM1's ~0.9). Uses hardcoded THETA13_DEG=8.57 and THETA12_OBS=33.4 as quoted external inputs (not derived), consistent with the claim's own caveat that the observed value is a quoted external number.
C009	213	B343_exact_tbm_irreducibility	REPRODUCES	frontier/B343_exact_tbm_irreducibility/exact_tbm_irreducibility.py	4		Fully live sympy/numpy, no snappy/RECORD dependency. Printed: '1. 2-torsion = Klein Z2xZ2: True', '2. deck Z/3 3-cycles the three Z2s (irreducible, fixes none): True' (uses sp.Poly(x**2+x+1, modulus=2).factor_list() to confirm irreducibility over F2), '3. T (charged-lepton Z/3) does NOT normalize the neutrino Klein: True', '4. full Klein -> exact TBM: theta13=0: True  sin^2 th12=1/3: True'. All four sub-claims match the claim text exactly.
C010	215	B344_deviation_symplectic_pairing	REPRODUCES	frontier/B344_deviation_symplectic_pairing/deviation_symplectic_pairing.py	2		printed: 'det(dTa)= 1  det(dTb)= 1'; 'det(d phi_m)=1 for m=1,2,3: [True, True, True]'; 'fixed-point deviation modes {1, L, 1/L}: has unit(kappa) = True , L*(1/L) = 1'; 'kappa is the Casimir ... True' -- matches claim exactly (det=1 for m=1,2,3; fixed-point eigenvalues {1,lambda,1/lambda})
C044	216	B345_z3_deviation_texture	REPRODUCES	frontier/B345_z3_deviation_texture/z3_deviation_texture.py	1		Printed: 'deviation Z/3 charges: [0, 1, 2]', 'selection rule -- allowed (charge-conserving): [(0, 0), (1, 2), (2, 1)]', 'forbidden: [(0, 1), (0, 2), (1, 0), (1, 1), (2, 0), (2, 2)]', and 'B265 exponent split aligns with Z/3 charge?: False'. Matches claim exactly: charge-0 direction (1,-1,1), anti-diagonal allowed set {0-0,1-2,2-1}, and escape{4,8}={1,2} mod3 vs trapped{5,7,11}={1,2} mod3 do NOT separate (False).
C010	217	B346_cross_structure_map	REPRODUCES	frontier/B346_cross_structure_map/cross_structure_map.py	2		printed: 'center eigenvalue charges + reciprocals: [(1.0, 0, 0), (-0.5, 2, 1), (-0.5, 1, 2)]'; 'LINKED: symplectic conjugation == Z/3 charge conjugation: True' -- matches claim (reciprocal pair carries Z/3 charges 1,2; unpaired eigenvalue-1 direction charge 0)
C044	218	B347_e6_tangent_gradings	PARTIAL	frontier/B347_e6_tangent_gradings/e6_tangent_gradings.py	45		Printed: 'geometric rep residual : 8.01e-71' (matches claimed self-verification to ~1e-70), 'dim H^1(Sym^2m) per exponent: {1: 1, 4: 1, 5: 1, 7: 1, 8: 1, 11: 1} total = 6 (rank E6 = 6)' (matches claim of dim H^1=1 for all six E6 exponents {1,4,5,7,8,11}), and 'hyperelliptic sign: {1:1,4:-1,5:1,7:1,8:-1,11:1} (-1)-eigenspace=[4,8]'. The mpmath high-precision Fox-calculus branch actually ran (no snappy/gate skip). However the claim's specific 'singular-value rank gaps of 10^85-10^119' figure is not printed by this script (it uses a fixed SVD tolerance of 1e-40 internally, not a reported gap magnitude) so that particular numeric detail was not independently confirmed, only the dim=1x6 result and residual order-of-magnitude.
C044	219	B347_e6_tangent_gradings	NOT_A_COMPUTATION		0		"FINDINGS.md line 5-6: 'the *correct* replacement for a cross-session handoff whose ""E6 dictionary"" rested on a mis-computed E6 Cartan spectrum (the claimed eigenvalues {2-sqrt3,3,2+sqrt3} are the G2⊕A2 spectrum, not E6's...)'. This is an assertion/correction in prose about a prior handoff's error, not a script output; no code in the arc computes or checks this comparison."
C010	220	B348_bloch_class_galois	REPRODUCES	frontier/B348_bloch_class_galois/bloch_class_galois.py	2		printed: '(ii) THE SEAM: 1 - z0 = z0bar exactly (True)'; '(iii) orbit = (+2.029883212819307, -2.029883212819307); sum=0: True; |.|=Vol(4_1): True' -- matches claim (1-z0=z0bar exact; D(z0bar)=-D(z0) at 30dps giving orbit {+Vol,-Vol}, sum=0). Note: CS(4_1)=0 in step (iv) is a hardcoded constant (cs_fig8 = 0.0 in source), not recomputed live -- but that value is not part of this specific claim's numbers (the claim only concerns (ii) and (iii), both of which ran live at 30 dps via mp.workdps).
C010	223	B368_cover_tower	CANNOT_RUN			the fixed-point binary-form/discriminant computation (giving forms (8,-8,-8) disc 5 vs (4,-16,-4) disc 20) is referenced only in FINDINGS.md prose and in a comment header of cover_tower.py; no script performing this computation exists among the arc's files (cover_tower.py, concat_kill_shim.py, identify_triple.py-none present here, cover_tower.json). Confirmed by grep: cover_tower.py contains only comment-level restatement of the result, no code computing discriminants/binary forms.	grep of 'discriminant|content|binary|RL|primitive' in cover_tower.py returns only prose comment lines (lines 3-16), no executable computation.
C010	229	B394_support_walk	PARTIAL	frontier/B394_support_walk/singles_405.py	1		from committed singles_405.json, for p=30000781 the 12 support values (24694210,14717408,13089749 repeated 4x) sum to 1 mod p; for p=30015361 the 12 values (27732608,26968458,27841177 repeated 4x) sum to 1 mod p (verified with python3 -c sum(...)%p == 1 for both primes) -- confirms 'sum over support of singles = 1' at level 405 with 12 cells (matches FINDINGS.md's '12 x avg = 12 x 1/12 = 1' claim, though individual cells are NOT each exactly 1/12 -- e.g. 24694210*12 mod p = 26323491 != 1, so FINDINGS.md's 'avg=1/12' phrasing is a mean not a per-cell value). The 15/45/135-level legs of the four-level sum rule are NOT present in this arc's files (imported from banked arcs B382/B384/B392) and were not re-verified here.
C011	230	B397_last_census_facts	CANNOT_RUN		0	No relabel_search.py file exists in the arc directory (verified by directory listing: only defect_traceless.py and stabilizer_local.py are present as .py files); relabel_search.json exists but its producing code was never committed, only run inline per FINDINGS.md ('relabel_search.py (inline)'). Nothing to rerun.	dir listing: FINDINGS.md, PREREGISTRATION.md, arc_verdict.json, defect_traceless.{json,py}, relabel_search.json (no .py), stabilizer_local.{json,py} -- confirms packet's own note.
C011	233	B403_lead_package	CANNOT_RUN		0	No producer script for scrutiny.json exists anywhere in the arc (only FINDINGS.md, PREREGISTRATION.md, arc_verdict.json, scrutiny.json are present -- no .py). The lock test (tests/test_b403_leads.py) only re-asserts scrutiny.json's own fields against themselves (json.load then assert against the same file's values) -- it is not an independent recomputation of which primes are non-principal-form-represented or that denominators are confined to {2,3,5}. A wider grep across frontier/ for the V1/V2 machinery found no independent script either.	tests/test_b403_leads.py body: `R = json.load(open(scrutiny.json)); assert R['V1_bad_denominators']==[]; assert R['V1_reps']==...; assert R['V2_ok'] is True` -- circular, no live computation.
C011	235	B406_two_conductor	REPRODUCES	frontier/B406_two_conductor/bridge_check.py (mod2 part, run verbatim) + /tmp driver reusing its committed functions (mod4/agree_upto_200 extension, since no separate mod4_extension.py is committed)	1	bridge_check.py itself reproduces bridge.json exactly (agree=[13,17,19,29], disagree=[7,11,23,31,37,41,43], mod2_congruent=True). The mod4_extension.json claim has no committed standalone script, but its content is a direct extension of bridge_check.py's own committed a_p functions to primes<200; running that extension reproduced mod4_extension.json exactly.	bridge_check.py stdout: 'agree: [13, 17, 19, 29]  disagree: [7, 11, 23, 31, 37, 41, 43]' and 'MOD-2 CONGRUENCE ... True' -- matches bridge.json verbatim. Driver stdout: 'mod4_violations: []' and 'agree_upto_200: [13, 17, 19, 29, 59, 61, 79, 89, 101, 109, 179, 181]' -- matches mod4_extension.json verbatim.
C044	241	B416_tw2_dynamics	NOT_A_COMPUTATION		0		FINDINGS.md 'The bar check' section: 'CONTROL: the golden-Anosov structure with rate 4 log phi is GENERIC to hyperbolic once-punctured-torus bundles (the metallic family shares it) -- not even figure-eight-specific, so it fails bar (iv) too.' This is stated as an asserted mathematical fact/control comparison in prose; no script in the arc_dir (track_dynamics.py) computes a comparison against a 'metallic family' -- confirmed by inspecting track_dynamics.py which only computes the figure-eight's own trace-map flow, with no metallic-family comparison code.
C044	248	B446_thermo_d1_tower_moments	PARTIAL	frontier/B446_thermo_d1_tower_moments/pipeline.py	150		Rerun printed: 'N=15: N*Var=0.375000 kurt=3.750', 'N=45: N*Var=0.375000 kurt=4.592', 'N=135: N*Var=0.375000 kurt=4.905', 'N=405: N*Var=0.375000 kurt=6.510', 'N=1215: N*Var=0.375000 kurt=8.085' -- exact match to committed run_log.txt/results.json for N=15..1215 (all N*Var=0.375000=3/8, confirming the tower law golden N*Var=3/8 for these five in-sample points). The out-of-sample point N=3645 is NOT in the committed script's main() loop (which stops at N=1215), is absent from results.json/run_log.txt, and could not be run here either: timing shows superlinear cost (1215 took 116.4s, up from 7.3s reported originally on faster hardware), so N=3645 (3x larger, O(N^3) eigendecomposition) would need on the order of tens of minutes -- exceeds the 600s budget, so the claimed N=3645 out-of-sample value (0.375000) rests entirely on an assertion in FINDINGS.md not reproducible from the committed pipeline.py/results.json/run_log.txt.
C044	253	B451_thermo_d4_resonances	PARTIAL	frontier/B451_thermo_d4_resonances/resonances.py (cycle_expansion function) fed with committed frontier/B451_thermo_d4_resonances/orbits_certified.json	2		Rerun printed for N=8: leading z0=1.5551034989917554, gamma=0.44154210225339807 (matches FINDINGS.md 'N=8: leading (escape rate) 0.4415'); second root -2.0238299504017414, rate=0.7049917312956967 (matches claimed 'second Ruelle resonance rate 0.705'); third pair rate 0.8896570748018532 (matches FINDINGS 'rate 0.890'). For N=7: gamma=0.4457599719817069 (matches 0.4458), second rate 0.7862974369871635 (matches 0.786), third rate 0.8602617461660933 (matches 0.860). So the cycle-expansion arithmetic on the certified multiplier table exactly reproduces the FINDINGS.md table including the specific 0.705 figure. However this reproduction depends on the committed orbits_certified.json data file, which was itself produced by a Sage Groebner-basis certification (certify_counts.sage) that is NOT rerunnable here (Sage is not installed) -- so only the downstream cycle-expansion/root-finding step is independently re-verified; the underlying algebraic certification of the primitive-orbit counts/multipliers (especially the corrected n=6 orbit with |Lambda|~914.7) is taken on faith from the committed JSON, not recomputed.
C045	258	B456_ethogram_e4_catalog	REPRODUCES	frontier/B384_kashaev_bridge/kashaev_smalls.py (formula only; the committed script itself loops over N in (5,7,9,15,25,27,45,81,135), not 1..12, so a driver applying its exact numeric-loop to N=1..12 was used since no committed script in B456 or B384 directly emits the N=1..12 table)	1		Printed N=1: numeric=1, N=2: numeric=5, N=3: numeric=13, N=4: numeric=27, N=6: numeric=89 — exact integers at N in {1,2,3,4,6} as claimed. N=5: numeric=50.472136 (matches json's 50.472135955, i.e. 46+2sqrt5), N=7: 151.27903, N=8: 250.63961, N=9: 407.328855, N=10: 651.898594, N=11: 1030.20858, N=12: 1610.787 — all match kashaev_signatures.json's kashaev_4_1 values to displayed precision (1, 5, 13, 27, 50.472135955, 89, 151.279029546, 250.639610307, 407.328854874, 651.898593817, 1030.208579018, 1610.787002031).
C045	261	B460_relation_r1_child	REPRODUCES	frontier/B460_relation_r1_child/length_spectrum.py	15		4_1(5,1): len=0.5780824355 torsion=+2.1324306362 mult=1; 0.7215683663 -1.1512129899 mult=1; 0.8894429972 +2.9418590470 mult=2; 0.9983251885 -2.9210177858 mult=2; 1.0403151251 +0.9823718903 mult=1 — matches FINDINGS Cell1 row exactly. 4_1(7,1): 0.3566450336 -0.8043808779, 0.8578129477 +2.0058545656 — matches FINDINGS row. m003(-3,1) (the Weeks-manifold presentation used in the script): 0.5846036850 +2.4953704556 mult=3, 0.7941346630 -2.3048568167 mult=3 — matches FINDINGS 'Weeks' row including the x3 multiplicities. m007(3,1): 1.3169578969 torsion=+3.1415926536 (exactly pi) mult=1 — matches the claim's 'torsion exactly pi' note.
C011	264	B469_breath_campaign	PARTIAL	frontier/B469_breath_campaign/br1_br2.py	2	The symbolic BR2 part ran live and reproduced exactly. The SnapPy gate at m=1 (claimed 'Gieseking m000 orientation cover isometric to 4_1, volume ratio exactly 2') has NO committed script at all in this arc -- grep confirms only a comment in FINDINGS.md's Reproduce section: '# BR2 SnapPy gate: NonorientableCuspedCensus[0].orientation_cover() (session log)'. This is not a guarded branch that skipped; there is simply no committed code path for the SnapPy check, so it cannot be rerun from committed sources even though snappy is installed here.	br1_br2.py stdout: 'X_m^2 = A_m symbolically: True;  det X_m = -1: True' and 'ALL CHECKS PASS' -- matches claim's symbolic part. FINDINGS.md line 121: '# BR2 SnapPy gate: NonorientableCuspedCensus[0].orientation_cover() ≅ 4_1 (session log)' confirms no committed script for the volume-ratio-2 gate.
C011	265	B469_breath_campaign	PARTIAL	frontier/B469_breath_campaign/br3_wave2_exact.py (exact part, reproduces) and frontier/B469_breath_campaign/octic_test.py (numeric part, crashes)	3	The exact component-splitting part (br3_wave2_exact.py) ran live and reproduced wave2_exact_log.txt verbatim for m=1,2,3, confirming the m=3 disc -7 sigma-fixed quadratic component and swapped octic. The numeric fiber-character identification (octic_test.py) crashes on rerun with the SAME TypeError already recorded in octic_log.txt ('cannot create mpf from <complex>') -- snappy loaded fine (live branch, no guard skipped) but the script itself is broken and never produced the claimed numeric identification. So the 'geometric fiber character identified numerically as lying on the swapped octic' half of the claim is unsupported by any successful committed run.	br3_wave2_exact.py stdout for m=3: 'component F(z)=z**2 - z + 2 (deg 2, disc -7): T_m maps into [z**2 - z + 2]; pointwise-fixed=True' and octic component 'pointwise-fixed=False' -- matches wave2_exact_log.txt exactly. octic_test.py rerun stdout: 'TypeError: cannot create mpf from 0.547272470595750 - 1.195184148000686*I' -- matches the pre-recorded octic_log.txt traceback ('TypeError: cannot create mpf from 0.547272470595749 - 1.195184148000684*I') to 14 significant figures; confirms the script never got past line 16 to print any tr/octic/kappa values.
C011	266	B471_chain_verification	CANNOT_RUN		0	chain_verify.py (the arc's only .py file) contains no reference to X'=[[3,5],[2,3]], its determinant/trace/class-number claims, or a conjugator-to-A_6 search. The counterexample is asserted only in FINDINGS.md prose ('X' = [[3,5],[2,3]] (det -1, tr 6; Z[sqrt10], class number 2) ... narrow class number...'). A repo-wide grep for the matrix and 'narrow class number' found it only in this arc's FINDINGS.md (and unrelated hits elsewhere) -- no producer script exists.	"FINDINGS.md line 93: ""X′ = [[3,5],[2,3]] (det −1, tr 6; ℤ[√10], class number 2) gives B′ = [[19,30],[12,19]]""; chain_verify.py grep for '3, *5.*2, *3|X'' returns nothing -- the file only contains the Fricke/Cohn/chain checks (unrelated to this specific claim), confirmed by full read."
C012	268	B474_tier_commutator_law	CANNOT_RUN		0	no committed script produces master_log.txt's (gx,gy) table; only unrelated cross_table.py exists, which reproduces a different log (dark_closure_log.txt)	master_log.txt claims a 36-cell (gx,gy)=gcd(x,20),gcd(y,12) divisor-lattice table where 'kappa_q factors through (gx,gy): True' and 'tier factors through (gx,gy): True'. No committed file in frontier/B474_tier_commutator_law computes this. The only committed script, cross_table.py, was run (PYTHONPATH=<worktree> python3 frontier/B474_tier_commutator_law/cross_table.py) and produces a DIFFERENT table (tier x commutator-trace cross-tabulation matching dark_closure_log.txt: 'free {-5: 8, -1: 32, 3: 80, 15: 0}' ... 'ALL CHECKS PASS'), not the (gx,gy) master table. derivation_log.txt (also just a log, no producing script committed) even shows a DIFFERENT invariant (jl mod2, class5) fails to make tier single-valued ('tier factors through I: False'), which is a different/prior finding than the master_log.txt claim. No committed script reproduces the specific 36-cell (gx,gy) master-table claim.
C012	273	B483_fibonacci_anyon_face	CANNOT_RUN	frontier/B483_fibonacci_anyon_face/anyon_verify.py	1	no script for the n=55, 40dps lambda_chain recomputation exists among the 3 committed files; the only .py present (anyon_verify.py) computes an unrelated Fibonacci-fusion table	Ran the sole committed script anyon_verify.py; it prints only the SU(2)_3 anyon table and the phi^2=phi+1 fusion check: 'a=1: h=3/20, qdim=1.618034', 'a=2: h=2/5, qdim=1.618034', 'phi^2=phi+1: 2.61803 = 2.61803 -> tau x tau = 1+tau = a->ab', '3:8:15 = a(a+2)...'. It contains NO computation of lambda_chain and no n=55/40dps high-precision recomputation at all. The specific claim numbers (banked 1.57705744122666946 vs fresh recompute 1.57705744122666947, agreement to 18 digits) appear nowhere in any of the 3 committed files' code -- only as prose in FINDINGS.md.
C012	283	B492_verlinde_boundary_lens	CANNOT_RUN		0	no script or data file present in this 2-file arc to run the D=sqrt(2+phi), Verlinde fusion, or g-factor computation	ls of frontier/B492_verlinde_boundary_lens shows only FINDINGS.md and arc_verdict.json -- zero .py files or logs. FINDINGS.md itself labels the reproducer 'inline' with no script committed.
C012	285	B504_spacetime_functor	CANNOT_RUN		0	no .py script in this arc directory computes the SVD nullspace / tr(t)^2=2 result; only the external test file (not in this arc) is cited	ls of frontier/B504_spacetime_functor shows only FINDINGS.md, PREREGISTRATION.md, arc_verdict.json -- no .py reproducer. FINDINGS.md cites tests/test_b504_b505.py as the lock, but that path is outside the sampled arc directory and not present here.
C012	286	B504_spacetime_functor	CANNOT_RUN		0	no committed script in this arc directory to run; same missing-reproducer situation as claim 285	Same directory listing as claim 285: only FINDINGS.md, PREREGISTRATION.md, arc_verdict.json present, no .py reproducer for the Eisenstein/parabolic-time tr(t)^2=4.0 (singular-value 3e-31) computation.
C012	289	B507_beta_function	CANNOT_RUN		0	no script or results file present; matches the packet's own note that a later project log states this arc 'carries NO scripts' and 'has NO lock'	ls of frontier/B507_beta_function shows only FINDINGS.md, PREREGISTRATION.md, arc_verdict.json -- no script and no results file for the claimed 6M-Haar-sample run (E_Haar[g_M]=0.0003, E_Haar[g_D]=-1.9995, kappa*=0.001).
C013	290	B508_geometry_machine	CANNOT_RUN		0	arc_dir contains only FINDINGS.md, PREREGISTRATION.md, arc_verdict.json — no script; witness (test_b504_b505.py) lives outside this arc dir and is out of scope per packet note.	dir listing: FINDINGS.md PREREGISTRATION.md arc_verdict.json (no .py file)
C013	291	B509_square_time_curve	CANNOT_RUN		0	arc_dir contains only FINDINGS.md and arc_verdict.json — no script for the elliptic-curve computation (disc/conductor/j/torsion/rank/isogeny); relies on external tests/test_b509.py not in scope.	dir listing: FINDINGS.md arc_verdict.json (no .py file)
C013	292	B509_square_time_curve	CANNOT_RUN		0	same 2-file directory as claim 291; no script to rerun the j-invariant sign check.	dir listing: FINDINGS.md arc_verdict.json (no .py file)
C013	293	B510_convening_resolution	CANNOT_RUN		0	arc_dir contains only FINDINGS.md and arc_verdict.json — no script for the Cremona/j-invariant/twist-scan computation; relies on external test_b509.py extension not in scope.	dir listing: FINDINGS.md arc_verdict.json (no .py file)
C013	294	B510_convening_resolution	CANNOT_RUN		0	same 2-file directory as claim 293; no script to rerun the quadratic-twist scan that produced the correction.	dir listing: FINDINGS.md arc_verdict.json (no .py file)
C013	295	B511_physics_verdict	DIFFERS	frontier/B511_physics_verdict/d3_wild_access.py	8	script is committed and ran to completion (no missing deps), but its output does not match the claimed P(classical)>=0.84, P(wild)<=0.10. All three mixes overflowed to NaN/0 (RuntimeWarning: overflow in matmul/det, divide by zero in renormalization), producing classical=0.000 and wild-accessible=0.000 for every mix instead of the cited figures — the renormalization step (line 25, only every 20 steps) fails to control growth over 3000 steps with n=4000, seed=11 (the script's own defaults), giving numerical blow-up rather than the reported concentration near kappa=2.	printed: 'M10/D10/F80    classical=0.000 wild-accessible=0.000' / 'M20/F80        classical=0.000 wild-accessible=0.000' / 'D20/F80        classical=0.000 wild-accessible=0.000' — compared against claimed 'P(kappa~2 classical) >= 0.84; P(wild-accessible kappa) <= 0.10 across all mixes' in D3_FINDINGS.md
C013	296	B512_six_computation_pass	CANNOT_RUN		0	arc_dir contains only FINDINGS.md and arc_verdict.json — no script for the silver/golden ladder group-order computation ('computed independently' has no committed witness here).	dir listing: FINDINGS.md arc_verdict.json (no .py file)
C045	299	B515_golden_3d	CANNOT_RUN		0	arc_dir contains only FINDINGS.md and arc_verdict.json; no scan script or enumeration output is committed, so the claimed 46/46-coupling uniqueness scan cannot be run or checked.	No script present: `ls frontier/B515_golden_3d` shows only FINDINGS.md and arc_verdict.json.
C045	300	B516_golden_3d_ladder	CANNOT_RUN		0	arc_dir contains only FINDINGS.md and arc_verdict.json; no scan/computation script is committed for the dim-1/3/5 Pisot-inflation claim.	No script present: `ls frontier/B516_golden_3d_ladder` shows only FINDINGS.md and arc_verdict.json.
C045	301	B516_golden_3d_ladder	CANNOT_RUN		0	arc_dir contains only FINDINGS.md and arc_verdict.json; no reproducer script for the golden/silver/bronze/m=4 metallic-family comparison table is committed.	No script present: `ls frontier/B516_golden_3d_ladder` shows only FINDINGS.md and arc_verdict.json.
C014	302	B517_bootstrap_forcing	CANNOT_RUN			no committed script for this claim	Directory frontier/B517_bootstrap_forcing contains only FINDINGS.md, NOVELTY_GATE.md, SIGNATURE_HUNT.md, arc_verdict.json, and rauzy/ (data/plot outputs). No script implements the exhaustive 0..6 x 0..4 Pisot-unit box search.
C014	303	B517_bootstrap_forcing	CANNOT_RUN			no committed script for this claim	Same directory listing as claim 302 — no script computes the Signature Hunt control table (golden/silver/bronze/tetranacci/child-field trace-form controls).
C014	304	B517_bootstrap_forcing	CANNOT_RUN			no committed script for this claim	Same directory listing — no script re-derives the exact rational Stein form G=(1/11)[[12,-8,-5,-4],...] or checks M^T G M - G + I = 0.
C014	308	B519_re_mining	CANNOT_RUN			retracting computation's script is in a different arc (B578), absent from this worktree/batch	Directory frontier/B519_re_mining contains only CAMPAIGN.md, VERDICT.md, arc_verdict.json — no script. The retracting Gauss-sums-vs-Kubota-Leopoldt computation is stated (in the packet itself) to live in a different arc (B578) not present in this batch.
C014	309	B520_handoff_verification	CANNOT_RUN			no committed script for this claim	Directory frontier/B520_handoff_verification contains only FINDINGS.md and arc_verdict.json — no Monte Carlo script (Goldman-ergodic / Haar-conditional, 8M samples) is present to reproduce g(0)=+0.001 or g(0.764)=+0.266.
C014	310	B520_handoff_verification	NOT_A_COMPUTATION			no script; trivial closed-form value, matches by hand but nothing to execute	arccosh(5/2) is a one-line closed-form evaluation with no committed script; hand-check: arccosh(2.5) = ln(2.5+sqrt(2.5^2-1)) = ln(2.5+sqrt(5.25)) ≈ 1.5668, matching the claim, but this is prose arithmetic, not a run.
C014	314	B523_verdict_reexamination	REPRODUCES	tests/test_b523.py::test_amphichiral_signature_split			pytest: '1 passed'. Standalone recompute printed: Ad = [[1, -1, 0], [0, -1, 0], [-2, 1, -1]], eigenvals {-1: 2, 1: 1} (i.e. +1,-1,-1); Gram on -1 eigenspace = [[2, 4], [4, 0]], det = -16 (negative -> indefinite, signature (1,1)). Matches claim exactly (eigenvalues +1,-1,-1; Gram [[2,4],[4,0]]; indefinite (1,1) split).
C014	315	B524_iwip_and_higher_ptolemy	CANNOT_RUN	frontier/B524_iwip_and_higher_ptolemy/higher_ptolemy.py		missing dependency: sage (not installed; snappy alone is insufficient since compute_solutions(engine='sage') is hardwired)	Traceback: 'ModuleNotFoundError: No module named 'sage'' at 'from sage.all import QQ, PolynomialRing, squarefree_part'. Script requires Sage (for ptolemy_variety(...).compute_solutions(engine='sage')), which is not installed in this environment.
C015	324	B536_measurement_verify	REPRODUCES	frontier/B536_measurement_verify/verify_phase23.py	0.5		Printed: '<Par>(t): [1. 0.37 0.125 0.151 -0.25 0.25 0.125 -0.103 -0.25 -0.042 -0.5 -0.042 -0.25]' and 'state-period (up to phase): 20' — matches FINDINGS.md F2's claim exactly (natural lift gives period 20, not seat-1's claimed period 6). Also reproduced F1 (commutant dims 4 and 1), F3 (S=0.5623, not 1.0620), F4 (0/225 dark points for psi_bang), F5 (level 15: +-i*phi eigenvalues present; level 5: absent, |eigs| {1.272,0.618}), F6 (Par_15: +1 dim 8, -1 dim 7).
C015	325	B538_reframe_test_cycle	CANNOT_RUN			No committed script computes or checks the Perron-vector mass-ladder claim; and the literature-match to NMR/neutron/THz papers on BaCo2V2O8/CoNb2O6 is an imported citation with no committed experimental data file, so it cannot be independently checked from committed files regardless.	Directory listing of frontier/B538_reframe_test_cycle shows only FINDINGS.md and arc_verdict.json (no .py file).
C015	327	B538_reframe_test_cycle	CANNOT_RUN			No committed script performs the Jarlskog J=3.077e-5 recomputation from quoted CKM parameters; no .py file exists anywhere in frontier/B538_reframe_test_cycle.	Directory listing of frontier/B538_reframe_test_cycle shows only FINDINGS.md and arc_verdict.json (no .py file).
C015	330	B544_emergent_golden	CANNOT_RUN			No script present that runs the bisection to compute the critical circle-map winding number at Shenker's Omega*; no .py file exists in frontier/B544_emergent_golden.	Directory listing of frontier/B544_emergent_golden shows only FINDINGS.md and arc_verdict.json (no .py file).
C015	331	B545_ghost_census	CANNOT_RUN			FINDINGS.md attributes the proof to tests/test_b545.py but no such file, nor any other .py, exists in frontier/B545_ghost_census.	Directory listing of frontier/B545_ghost_census shows only FINDINGS.md and arc_verdict.json (no .py file).
C015	347	B565_gauge_behavior_campaign	PARTIAL	tests/test_b565_campaign.py	0.61	Covers only T1 (Z/11 does not descend), T6 (octonion door, no order 11), H2-F2, H2-F3, and the compactness split. Does NOT cover T3 (chiral index), T4 (trace-map beta-sign), T5 (loop observables, a_C=-0.1800+-0.0007 and FM ratio), T2 (centralizer stratification), or T8 (B71 vs HMP corroboration) — no test or script for these exists anywhere in the arc_dir (the 5 .py files there — h1iv_triality.py, verify_h1_triality.py, realform_adjoint_traces.py, spin9_centralizer_type.py, spin9_krasnov.py — cover H1-triality/realform/krasnov only, not T1-T8). The 123-item exhumation detail and specific numeric values (a_C, FM ratio) rest entirely on the uncommitted campaign journal wf_1529ebff-6c0, referenced in RESULTS.md but absent from the worktree.	5 passed: test_t1_gate_z11_does_not_descend, test_t6_octonion_door_no_order_11, test_f2_rung3_cuntz_identification, test_f3_tower_conjecture_refuted_at_rung3, test_two_faces_compactness_split — all PASSED (pytest: '5 passed in 0.61s').
C016	348	B566_self_interaction	PARTIAL	tests/test_b566_self_interaction.py::test_s1_prime_power_dark_law_N9	0.75	law verified computationally only at p=3; p in {5,7,11,13,17} and the float-free variant are prose-only, not exercised by any committed script	Committed test locks ONLY p=3 (N=9): counts.get(0.0)==11==(p-2)p^2+(p-1), counts.get(1.0)==63==p^2(p^2-p+1), counts.get(3.0)==6==p(p-1), counts.get(9.0)==1 -- all asserts PASSED. The claim's broader scope ('verified at p in {3,5,7,11,13,17} float and float-free at p=3,5') is asserted only in RESULTS.md prose; no committed script iterates p=5,7,11,13,17 or does the cyclotomic float-free reduction -- that part rests on RESULTS.md's say-so, not on rerun-able code in this tree.
C016	349	B566_self_interaction	REPRODUCES	tests/test_b566_self_interaction.py::test_s2_kms_weights_and_time_ladder	0.75		PASSED. Recomputed directly: pa=(5+sqrt5)/20 -> sp.N(pa)=0.361803398874989; f_a=tau-1 -> sp.N(tau-1)=0.272019649514069 (tau=sqrt(phi)). Matches claim's 0.362 vs 0.272 exactly (rounded), and the committed assert |pa-f_a|>0.05 passes, confirming the two values are provably distinct.
C016	350	B568_own_questions	CANNOT_RUN		0	no script or importable function anywhere in the tree computes the Boettcher coordinate L0 or lambda_0.5; the numbers exist only as RESULTS.md prose	Full-tree grep for both literal decimal strings (0.58427327891860925..., 2.37798422427971475...) hits ONLY frontier/B568_own_questions/RESULTS.md (prose). tests/test_b568_results.py locks Q2/Q4/Q7/CQ3/AQ1/AQ2/AQ4 but has no CQ5 test; the related B556 lock (tests/test_b556_three_half_law.py) verifies only the lambda-recursion g(lambda)=lambda(1+sqrt(lambda)) and never builds the Boettcher/Abel coordinate or lambda_0.5.
C016	351	B568_own_questions	PARTIAL	tests/test_b568_results.py::test_aq4_salience_exists	0.57	the committed 'test' is a hardcoded RECORD dict (no derivation from raw frequency/salience data present); confirms internal consistency of the recorded number, not that it is freshly computed	PASSED. Test body: salience = {'S_A': 1.8317, 'S_Bab': 1.4091, 'S_a': 1.1519, 'S_B': 0.9390}; assert salience['S_A']>1.5 and salience['S_B']<1.0 -- a hardcoded RECORD dict, not a live computation from source data. The number 1.8317 matches the claim's '1.83x' verbatim.
C016	352	B570_allowed_plays	PARTIAL	tests/test_b570_ap4.py	0.3	only the one principal-SL2 instance is computed; the claim's stronger 'theta-stable' and 'for ANY E6-embedding of the rank-1 holonomy' generality is argued in RESULTS.md prose, not independently verified by committed code	All 8 asserts PASS (printed 'PASS test_f4_selfdual' ... 'PASS test_trinification_chiral'). test_principal_27_decomposition confirms dims=[17,9,1] sum to 27, h-tops=[16,8,0] all even (-> integer spins -> self-dual), and neg_symmetric(eigenvalues) holds -- the 27 under the principal SL(2) is self-dual/vector-like, matching the claim's computational core.
C016	357	B578_debt_clearing	CANNOT_RUN	tests/test_b578_massey.py::test_third_order_massey_vanishes_exactly	600	timeout: script's own docstring states runtime ~11 min ('the B575 build ~6 min + the jets'), which exceeds the 600s cap; nothing had printed by the time it was killed	Process ran the full 600s budget at ~100% CPU (confirmed via ps: single python3 pytest worker, R state) with OA_SLOW=1 so the live (non-skipped) branch was active, then was killed by the timeout wrapper (exit 143). Output file contained no pytest result line -- only 'Terminated' -- stdout was block-buffered through the pipe and nothing had flushed before the kill.
C016	359	B578_debt_clearing	PARTIAL	tests/test_b578_kubota_retraction.py::test_kubota_retraction_and_432e3	0.61	only ONE of the claim's 'two independent methods' (the from-scratch Q(zeta9)/Bernoulli-sum method) is committed and runs; the second named method (Sage's DirichletCharacter.bernoulli cross-check) cannot run because Sage is not installed in this environment	1 passed in 0.61s. L(chi,0)=1/4 exactly; 12*L1=3x (=tau(chi)); 12*L2=-3x^5-3x^2; generalized-Bernoulli B2chi=(4/3)x^3+8/3; mul(L1_12,conj(L1_12))=9 while mul(B2chi,conj(B2chi))=16/3 (!=9, the retraction); rank(M)==4; and scal(4,add(L1,L2)) - e3_numerator == 0 (i.e. L1+L2 = 432*e3 exactly).
C016	360	B578_debt_clearing	REPRODUCES	tests/test_b578_k3_degree6.py	1.02		3 passed in 1.02s, with the snappy+cypari branch actually executed (not skipped -- both import successfully here). test_K3_is_degree_6_not_quadratic_bits400 and the bits800-independent-precision variant both return algdep degree d==6 (not 2) for manifold b++RRRLLL, at bits_prec=400 and 800 respectively -- matches the claim (degree 6, not 8/2) at two independent precisions exactly as stated.
C016	363	B580_chord_program	REPRODUCES	tests/test_b580_q1.py	0.27	this is a fresh in-repo RECONSTRUCTION of Q1 per the file's own docstring (the original Round-1 artifact was uncommitted), but it computes the same claimed result live and passes	4 passed in 0.27s. test_filling_covectors_span_theta_even_only sweeps all coprime (p,q), p in 1..20 (>=100 covectors), computes SVD singular values sv and asserts sv[1]/sv[0] > 1e-3 (rank >=2) and sv[2]/sv[0] < 1e-10 (rank exactly 2 -- theta-odd projection ~0) -- both PASSED, matching claim's SVD rank 2 to well under 1e-10.
C016	364	B580_chord_program	CANNOT_RUN		0	no committed script for G1 exists in this arc; ROUND1_TRANSCRIPT.md itself states 'one stage of the fresh rerun was time-boxed rather than run to completion', and the eventual code lives in a different, later arc outside this claim's scope	find returns zero .py files in frontier/B580_chord_program (only .md transcripts). Grep for the dial/mirror-double machinery across the whole tree hits only separate, later arcs (frontier/B582_chiral_play, frontier/B598_l85_campaign/step7_g1_finite.py) -- confirming the packet's note that the G1 code was never committed in this arc at claim time.
C016	365	B580_chord_program	CANNOT_RUN		0	the H128/H129/H130 blind-check comparison against 'every computed number in the transcript' is narrated entirely in ROUND1_TRANSCRIPT.md prose; no end-to-end or partial script performs the comparison anywhere in the tree, so there is nothing to run	find returns zero .py files anywhere in frontier/B580_chord_program.
C017	366	B582_chiral_play	CANNOT_RUN		0	no script present in worktree/arc_dir to run; the load-bearing G1 dial-map code this claim depends on is stated (and confirmed by directory contents) to be uncommitted	arc_dir contains only FINDINGS.md and arc_verdict.json -- no script/probe/compute file exists for this arc at all. The claim's own chain rests on prose ('The chain, every link banked or locked: (1) G1 computed...') citing a separate arc (#916/G1) whose dial-map code, per the packet's own note, was never committed. No committed code in this arc_dir computes or checks the Zariski-closure step.
C017	368	B583_chiral_content	CANNOT_RUN		0	no committed script in this arc_dir computes X1's tr27(a1b1) value or performs the banked-value comparison; only the unrelated X2R recompute script is present	arc_dir's only script is x2r_recompute.py, which computes the (separate) X2R quadrature-theorem cell, not X1's tr27(a1b1)/character-reality computation. No X1 script (the coupled-amalgam character/trace-computation code) exists in this arc_dir. READING_RAW.md itself: 'X1's verification is still in progress and everything said of it below is provisional... This cell must not bank until it does.'
C017	370	B583_chiral_content	CANNOT_RUN		0	verifying script for X3 (the independently-coded Kac-Peterson builder / exact rational-arithmetic proof) is not among the files in this arc_dir, matching the packet's own note that it was not among sampled files	arc_dir contains no Kac-Peterson builder or rational-arithmetic theta-preservation script; only x2r_recompute.py (unrelated to X3) is present alongside the markdown files.
C017	376	B596_cat_map	REPRODUCES	frontier/B656_digest_integration/verify_g1_g4.py	3	note: this script lives in frontier/B656_digest_integration/, not in this arc's arc_dir (frontier/B596_cat_map/), consistent with the packet's own note that the verifying code is in a different arc directory; cat_map_clock.py in B596's own arc_dir does not compute ord(A1 mod 3*kappa) (it computes ord(kappa), ord(2*kappa), ord(kappa^2) instead) -- I ran the actual B656 verifier since it exists in the same worktree and directly targets the claim	Printed: '  G4 law rows (kappa 6..15): 10/10 exact' with each row (kappa=6..15) marked EXACT (e.g. 'kappa=14: clock= 24  ord(A1 mod 42)= 24  EXACT', 'kappa=15: clock= 60  ord(A1 mod 45)= 60  EXACT'). Matches claim exactly: clock(kappa) = ord(A1 mod 3*kappa) for kappa=6..15, 10/10.
C018	380	B599_selection_rule	PARTIAL	tests/test_b599_selection_rule.py	0.31	claimed count (300) differs from committed script's count (120); the algebraic-face two-line proof itself is prose (locked via test_ingredients numerically, not a symbolic derivation in committed code)	Both tests PASSED: test_ingredients asserts C@C==I and C commutes with S,T (the 'C central, C^2=1' proof ingredients) -- confirmed. test_selection_rule_random_configurations runs 120 random Theta-homogeneous configurations on SU(3)_2 (not 300 as claimed): every odd-total-parity pairing has |A|<1e-10 (forced zero, exactly as claimed qualitatively), and >20 of the 120 even-total configs are generically nonzero. So the theorem's mechanism and the zero/nonzero dichotomy both verify, but the committed numerical-verification script uses 120 random configs, not the claimed 300 -- the specific count in the FINDINGS/claim text is not what the committed test runs. Also note: this test lives in tests/, not in arc_dir (frontier/B599_selection_rule), which itself has no committed script instantiating this verification (only r4b_extraction.py, which is the unrelated 'algebraic face' RELAYED-PENDING material, not the stage-face random-config check).
C018	387	B621_kappa_gating	REPRODUCES	frontier/B621_kappa_gating/scan2.py	480		Printed summary: 'RL (t=3, base=5): REFL bearing kappa = [5, 10, 15, 20, 25]' (OTHER bearing = [] for RL, so REFL is already exclusive) -- matches claim's {5,10,15,20,25} exactly. 'RRRL (t=5, base=21): REFL bearing kappa = [7, 14, 21]' (OTHER = [] too) -- matches claim's {7,14,21} exactly. For RRL: printed 'REFL bearing kappa = [4,5,7,8,11,12,13,16,17,19,20,23,24,25]' and 'OTHER bearing kappa = [5,7,11,13,17,19,23,25]'; applying the FINDINGS.md-stated EXCLUSIVITY control (REFL bearing AND NOT OTHER bearing) gives exactly {4,8,12,16,20,24}, matching the claim's quoted set precisely. So all three quoted bearing sets in FINDINGS.md are reproduced verbatim by this run, using the same exclusivity-control logic FINDINGS.md describes (the raw REFL-only set for RRL is contaminated by ambient sqrt(3) content, as documented, and the FINDINGS number is the exclusivity-corrected one).
C018	388	B622_silver_exterior	REPRODUCES	frontier/B622_silver_exterior/compute_m136_torsion.py	20		Printed: 'CALIBRATION PASSED' with 'T_(fig8, lambda) = -3 (reference/known value: -3)'; SnapPy live branch ran (no fallback -- printed 'm136: volume = 3.66386237671 ... bo+RRLL: ... isometric_to_m136=True'); then 'T_(m136, lambda) = -16' and 'numeric (50 digits): -16.000000000000...'; Jacobian eigenvalues printed as 1, 9-4*sqrt(5) (~0.0557), 4*sqrt(5)+9 (~17.944); robustness check 'All torsion values across every fixed-point-of-RRLL + Markov solution: [-16, 4]' and independent word 'LLRR' cross-check also gives [-16, 4]. All matches the claim exactly: exterior adjoint torsion = -16, fig-8 calibration = -3, via Tran-Yamaguchi/SnapPy.
C018	389	B623_reciprocity_progress	REPRODUCES	frontier/B623_reciprocity_progress/reduction_check.py and step2_conductor.py	15		reduction_check.py printed, for kap=5..12 (8 values) all lines 'kap=N: all 12 terms match: True' and final 'TOTAL mismatches: 0' -- i.e. 96/96 exact (8 kappa x 12 terms), matching claim's '96/96 exact, kappa=5..12 x 12 terms'. step2_conductor.py printed 12 rows (wi=0..5, pm=+-1) each with matching det(h)=|det(A tensor w - I4)| and ratio exactly +-1 (sign(w)): e.g. 'wi=0 pm=+1 det(h)=1 det(A x w - I4)=1 ratio=1', 'wi=1 pm=+1 det(h)=5 cond=-5 ratio=-1', all 12 rows exact-integer rational values with ratio in {1,-1} -- confirms 'det(h_w)=sign(w)*det(A tensor w - I4), 12/12, exact rational arithmetic'. Both scripts use weil_mechanism.py from B587 (the shared machinery); this worktree already contains B625's later float-label coset-enumeration bugfix, so the numbers reproduced here are from the corrected code and still match the FINDINGS.md-quoted 96/96 and 12/12 counts exactly -- i.e. the banked numbers are not artifacts of the pre-fix bug.
C019	390	B624_observable_bridge	REPRODUCES	frontier/B624_observable_bridge/step1_identity.py .. step5_full_table.py	5		step1: kappa=4,5,6,8,12,16,20,24 all print match=True (tr_odd == -(1/2)(TrW-TrCmW)) for word RRL. step5_full_table.py at kappa=4,8,12,16,20,24 (the kappa=4..24 ∩ 4Z set) each print '-> direct trace(B_odd) (b238 model) = ... match=True', i.e. 6/6 with 0 exceptions, matching FINDINGS.md's '6/6 with full twelve-term tables' / '0 exceptions at kappa=4..24 ∩ 4Z'. The kappa=28..40 sweep is not present in any script and was not run, consistent with FINDINGS' own caveat that it 'was resource-killed and is NOT claimed'.
C045	391	B625_reciprocity_3k	PARTIAL	frontier/B625_reciprocity_3k/step4_diagnosis.py	8	the 48/48 and 0/96 match counts reproduce, but the claimed kappa range (3..21) and exact worst-deviation figure (1.8e-9) do not match what the committed script actually computes (kappa=3..14, worst 1.58e-9)	Printed: '3 | kappa : match=48 fail=0 (worst |LHS-RHS| among matches: 1.58e-09)' and '3 nmid kappa : match=0 fail=96' — the 48/48 and 0/96 counts match the claim exactly, but the printed worst deviation is 1.58e-09, not the claimed 1.8e-9 (differs at the 2nd significant figure), and the script's own header/sweep loop covers kappa=3..14 ('for kap in range(3, 15)'), not kappa=3..21 as the claim states — no code in this file extends the sweep to kappa=21.
C019	392	B626_jacobian_reality	REPRODUCES	frontier/B626_jacobian_reality/run_batch.py (imports numeric.py)	60		RL: 'J = (5.00000000000000000000205424...+...j)' -> 5. RRLL: 'J = (18.0000000000000000000075744...j)' -> 18. RLRL: 'J = (23.000...+5.7e-21j)' and 'J = (9.000...+0j)' -> matches out_RLRL.txt's committed 8-entry set {None,23,9,9,None,9,23,9} (4x9, 2x23, 2xNone). RRRLLL default trials gave branches 27.64-1.78j, 4.636-0j, 54.08+0j (no -5 within 80 trials), but widening to trials=300 across seeds 1-5 surfaced 'Jsum: (-5.00000000000000000000011794997...+/-...j)' repeatedly -> confirms the claimed real J=-5 branch. RRL: 'J = (8.99999999999999999999568611884...+2.64575131106459059051167673...j)' matches 9+i*sqrt(7) (sqrt(7)=2.645751311...). RRRL and RRLLL both print only complex (non-real) J values (14.30-7.88j, 4.70-1.58j; 12.54+1.34j, 30.46+9.44j) with no real branch found, matching FINDINGS' 'RRRL, RRLLL all complex'. All numbers computed live via the committed mpmath random-search script; snappy not needed here.
C019	393	B627_silver_heldout	PARTIAL	frontier/B627_silver_heldout/run_m136_six.py + pipeline.py	400		m=1,4,5 REPRODUCE the claimed exact integers: my run printed 'm=1: tau=(-16.0000000000000000000000000000000000000000000000000000000000155...+...j)' -> -16; 'm=4: tau=(11682800639.99999999999999999999999999999999999999999644...+...j)' -> +11682800640; 'm=5: tau=(-1357126041600000.0000000000000000000000000117504645831909421...+...j)' -> -1357126041600000. These match cellF_full_result.md's -16, +11682800640, -1357126041600000 exactly. m=7,8,11 do NOT reproduce the specific committed 50+ digit values, only the qualitative character (complex, non-integer): my m=7 real part '-19633485709495167168282623994.828...' agrees with committed m7_line.txt's '-19633485709495167168282623995.692...' only to ~29 significant digits then diverges, and my m=7 imaginary part '-1.98956208997105...j' is a DIFFERENT number from committed m7_line.txt's '-3.03626992598112...j'. My m=8 real part '2502525465140358290489482764925284702.38...' vs committed m8_line.txt's '2502525465140358290282809720855596278.47...' diverges from digit ~20, and the imaginary part sign flips (mine +236958907682121189.40j vs committed -280895050746869353.66j). My m=11 tau leading mantissa '-1.651777976354907794655710641685577e51 - 4.38369560390313658597369105772518868e53j' vs SEALED_SILVER_TORSIONS.md's '-1.519818402359908041696091678081e51 - 8.897827401785689e50j' differs from the first significant digit (1.65 vs 1.52), same order of magnitude but a materially different number. I re-ran m=7 a second time via an independent driver script (same pipeline.py, same inputs) and got the IDENTICAL digit string both times, so the pipeline is internally deterministic here -- the divergence is between this environment's run and whatever produced the originally committed/sealed numbers (a different SnapPy/platform, per a stray /Users/dri/.pyenv path warning baked into a sibling arc's committed output, indicating the original runs were on a different machine). Net: the exact-integer claims (m=1,4,5) are solid and reproducible; the 'unidentified 50+ digit numerics' for m=7,8,11 are qualitatively right (genuinely complex, non-integer, not yet identified in closed form) but their specific banked digit strings are not independently reproducible from the committed code in this environment -- consistent with the packet's flag that the primary run logs/pipeline live only in a scratchpad, not the repo.
C019	414	B653_phase_c_probe	CANNOT_RUN		5	no derivation/derive.py present in this arc; only prose in PREDICTION.md	No script or 'derivation/' directory exists anywhere in this arc's committed files (frontier/B653_phase_c_probe contains only ARTIFACT_HASHES.txt, ADJUDICATION*.md, COMPARISON_DESIGN_C2.md, packets/{EXTRACTION,PREDICTION,REPORT}.md) -- confirmed via search for derive.py, which is absent. The claim's substantive content rests on a derivation chain through prior arcs (B640/B641/B642/B644) and an 'INDEPENDENT COMPUTATIONAL ANCHOR (derivation/derive.py)' that PREDICTION.md itself says is not among this arc's files. The bare arithmetic identity 1/(2*phi) == (sqrt(5)-1)/4 == 0.30901699437494742410... is trivially true (verified numerically to 60 digits) but that is not the physics claim under audit, and no script computing it from the physical derivation is present in this arc to run.
C019	415	B654_listening_synthesis	CANNOT_RUN		2	generating script for Q-FIELD not committed in this arc	The arc directory contains exactly one script, q_area_silver.py, which computes the Q-AREA cell (its own output q_area_output.txt) -- not the Q-FIELD cell. q_period_field_output.txt (which contains the Q-FIELD printout, e.g. 'silver predicts Q(zeta8) but OBSERVED Q(i) -> CANDIDATE REFUTED', 'shape 0 exact: 1/2 + i/2') carries a stray '/Users/dri/.pyenv/.../plink/gui.py' warning line, showing it was captured from a different machine's run whose generating script is not committed anywhere in this arc.
C019	416	B654_listening_synthesis	CANNOT_RUN		1	generating script for Q-PERIOD not committed in this arc	Same q_period_field_output.txt as claim 415's source; it does print 'N0 = 2311598520000 = {2: 6, 3: 3, 5: 4, 7: 2, 11: 2, 19: 2}', 'lcm(d^2) = 30821313600 = {2: 6, 3: 2, 5: 2, 7: 2, 11: 2, 19: 2}', 'N0 / lcm(d^2) = 75' exactly as the claim states, but no generating script for this cell (elementary-divisor extraction) is committed in this arc -- only q_area_silver.py is present and it computes a different cell.
C019	417	B654_listening_synthesis	CANNOT_RUN		1	generating script for resonance battery not committed in this arc	"resonance_battery_output.txt is committed and does show all the claimed printed results ('tone multiset ... MATCHES the banked tone census exactly: True', '<chi,chi> = 1 (Schur = 1, NOT dim = 2 as relayed)', ""claim 'every h-pair has opposite theta-parity': REFUTED (all SAME)"", 'det(A-I) = -1', 'SILVER: det(A+I) = 8, disc = 32 ... REFUTED', separation table '0.88 sigma / 6.01 sigma / 7.32 sigma', '|SL(2,3)| = 24: true. BUT ... REFUTED at the invariant level'), but the generating script that produced this output is not among this arc's committed files (only q_area_silver.py is present, a different cell)."
C020	430	B662_successor_campaign	CANNOT_RUN	frontier/B662_successor_campaign/cellC/l103_repair.py	1	missing data file cell3_double/stage1_classes.pkl (not in repo/worktree); confirmed absent via find	FINDINGS_CELL.md cellC lines 65-67: 'A re-run of the S4 evaluator itself is blocked in-repo: it requires cell3_double/stage1_classes.pkl from the seat workdir (not in the repo); the sealed exact output is the S4 side of record.' find for stage1_classes.pkl in worktree returned nothing.
C020	432	B662_successor_campaign	PARTIAL	frontier/B662_successor_campaign/cellI/gamma5_map.py	5	the exact Q(zeta_20) character/symmetric-power computation (Task 2, weight-5 forcing mechanism) is fully committed code and reproduces exactly; Task 1's chi_ear==chi_2hat' claim and the literature cross-check (Table 1, k=1..6) rest on hardcoded matrices/values transcribed from the external paper (arXiv:2011.03501) that cannot be independently verified from files in this repo alone	Reran gamma5_map.py verbatim (no edits). Output matched cellI_output.txt exactly, including: 'TASK-1 VERDICT: rho_hear IS the Gamma_5'-doublet 2-hat' (exact, all 9 classes)'; 'first n = 0 mod 5 with 2-hat in Sym^n: 25 -> weight 5' and same for 2-hat'; 'ALL SIX weights match Yao-Liu-Ding Table 1: True'; 'TASK-2 VERDICT: PASS'; final line 'TASK 2: doublets first at weight 5 (both), ... True'
C020	437	B666_leads_campaign	REPRODUCES	frontier/B666_leads_campaign/cell4/b666_cell4_verify.py	45		Ran b666_cell4_verify.py fresh. Output: 'W(D4): |W| = 192, rank 4' with 'S1 exact-charpoly vs sympy: 192 elements OK', 'S2 full cyclotomic factorization: 192/192 OK', 'S3 structure identity ...: 192/192 OK', 'S4 det w = (-1)^a2 and a1=a2 mod 2: 192/192 OK'; then 'W(E6): |W| = 51840, rank 6' with the same checks '51840/51840' each; ends 'ALL CHECKS PASSED'. The claim's 'm=3..50' symbolic identities correspond to the script's MLIST = [m for m in range(1,60) if totient(m)<=6] loop, which ran and printed psi_m coefficients for each relevant m (visible in output, e.g. m=12,14,18).
C020	445	B669_track_h_adjudication	REPRODUCES	frontier/B669_track_h_adjudication/h1_ladders.py	15	snappy IS available in this environment and the live (non-exception) branch executed, not the 'snappy unavailable' fallback	Ran h1_ladders.py fresh. Output: '== m136 amphichirality (SnapPy) ==' then '|Isom(m136)| = 8; amphichiral: True' -- exact match to claim ('|Isom(m136)| = 8; amphichiral: True'). Note: separately, this same run's C1 fig-8 control check printed 'C1 fig-8 control reproduces banked [1, 1, 1, 0, 1, 1, 2, 1]: False' -- a different, non-claimed part of the script's output that did NOT reproduce; this does not affect the m136 claim itself, which is a direct SnapPy symmetry-group computation independent of that control check.
C020	450	B675_hcusp_sweep	REPRODUCES	frontier/B675_hcusp_sweep/b675_hcusp.py	30		Ran full b675_hcusp.py (includes Part 3, THE SHADOW-CLASS TEST). Output: 'SU(4)_1 (level 8): Z(RRLL) = 2.00000000+0.00000000j, Z(R^10L^2) = 2.00000000-0.00000000j, equal: True' while 'SU(4)_2 (level 48): ... equal: False' and 'SU(3)_2 (level 15): ... equal: False'. High-precision (40 dps) corroboration: 'Im(Z) = 0 (to 30 digits): True ; pslq Re over [1, sqrt2]: [2, 0, -1]' and 'identified: Z(RRLL; SU(4)_1) = 2 (RATIONAL...)' with '40-dps residual |Z - (2)| = 2.5669e-41'. This exactly matches the claim: SU(4)_1 hears the two words as equal (mod-8 shadow class) while the other stages (level 48, level 15) distinguish them -- confirming SU(4)_1 is the conductor-8 stage that hears only the mod-8 shadow class. Matches FINDINGS.md's own characterization as 'Numeric at two precisions, flagged' (double precision + 40-dps mpmath, both shown).
C021	455	B679_engine_patch	CANNOT_RUN		0	The equivalence_locks_out.txt battery invokes downstream cells (b678_d4_ceiling, b673_d4_ceiling, b678_d4_level_k2, b651_d4_su3_run, b670_b4_landscape, b663_a3_stage, b670_c3_signtable, b646_* cells, and 4 pytest files) via a harness/runner script that is not present anywhere in this arc's directory. Only equivalence_proof.py (a separate, narrower bit-identity check between engine_v7_current.py and engine_v7_patched.py) is committed as a script; the lock-battery output (equivalence_locks_out.txt) has no committed driver to rerun. Confirmed by directory listing: only ARTIFACT_HASHES.txt, FINDINGS.md, PATCH_REPORT.md, arc_verdict.json, engine_v7_current.py, engine_v7_patched.py, equivalence_locks_out.txt, equivalence_out.txt, equivalence_proof.py, patch.diff exist -- no runner/harness script.	No runner script found; grep for the exact log strings ('b678_d4_ceiling', 'LOCK RERUN SUMMARY') matches only PATCH_REPORT.md and equivalence_locks_out.txt itself (the captured output), not a script.
C021	477	B696_eisenstein_campaign_close	CANNOT_RUN		0	No committed script computes rank(span{[c23],[c24],[c34]}) over Q(s,i) or the 7 exact 3x3 minors claimed. The cited source, d3_silvercup/d3_results.json (found in worktree under a DIFFERENT arc, B673_loop4_integration/packet/loop4/d3_silvercup/, not in this packet's arc_dir), contains a broader/different computation: a full 5x5 pattern grid with pattern_rank_in_superspace=5 and 18/20 nonzero off-diagonal pairs -- it does NOT contain a rank=3 result for the specific 3-vector span {c23,c24,c34}, nor the 7 minor determinants cited in the claim. That specific sub-analysis (the E4b GAP-1 silver sum-rule minors) exists only as prose in E4b_FINDINGS_CC2.md/FINDINGS.md with no witness script in either arc's committed files.	d3_results.json fields found: pattern_rank_in_superspace=5, nonvanishing_pairs (18 entries), verdict='PARTIAL/MIXED (18/20 off-diagonal pairs nonzero)'. This does not match or produce the claimed 'rank 3 of span{c23,c24,c34}, 7 exact 3x3 minors'.
C021	479	B700_fiber_functor	CANNOT_RUN	frontier/B700_fiber_functor/ref_golden_torsor.sage	0	ref_golden_torsor.sage imports 'from sage.all import SL, GF, CyclotomicField, QQ' -- Sage is not installed in this environment (ModuleNotFoundError: No module named 'sage'). No pure-Python/GAP-free equivalent is committed.	"python3 -c ""import sage"" -> ModuleNotFoundError: No module named 'sage'"
C021	480	B700_fiber_functor	CANNOT_RUN	frontier/B700_fiber_functor/ref_cell5_sl2p.sage	0	ref_cell5_sl2p.sage imports 'from sage.all import SL, GF, CyclotomicField, QQ, kronecker_symbol' and computes SL(2,p) character tables for p=5,7,11,13 -- Sage is not installed.	"python3 -c ""import sage"" -> ModuleNotFoundError: No module named 'sage'"
C021	481	B700_fiber_functor	CANNOT_RUN	frontier/B700_fiber_functor/ref_b701_phase2.sage	0	ref_b701_phase2.sage imports 'from sage.all import SL, GF, QQbar' -- Sage is not installed. phase2_cc2/phase2/ contains only markdown findings (FINDINGS_CC2.md, PHASE2_CLOSE_CC2.md, PREREG_PHASE2_CC2.md, SEALS.txt), no alternate script.	"python3 -c ""import sage"" -> ModuleNotFoundError: No module named 'sage'"
C021	484	B705_metallic_hearing_campaign	CANNOT_RUN		0	FINDINGS_B_CC2.md itself states (line 210-212): 'Scratch scripts used (not part of the repo, cc2 scratchpad only): kauffman.py ..., colored_jones2.py ...'. Neither file exists in this arc's directory or anywhere in the worktree.	FINDINGS_B_CC2.md line 210: 'Scratch scripts used (not part of the repo, cc2 scratchpad only): `kauffman.py` ..., `colored_jones2.py` ...'
C021	485	B705_metallic_hearing_campaign	CANNOT_RUN		0	FINDINGS_C_CC2.md line 306 states the SnapPy/PARI computation was run in a private scratchpad directory, not the repo; no script committed in the arc directory (only markdown findings files and arc_verdict.json present).	FINDINGS_C_CC2.md line 306: 'scratch computations were run in a private scratchpad directory, not [the repo]'
C021	486	B705_metallic_hearing_campaign	CANNOT_RUN		0	No script or output file committed for the MC N=1e6 + analytic Jacobian + mpmath 50-digit cross-check claimed in FINDINGS_D_CC2.md; directory listing shows only markdown/verdict files (CAMPAIGN_CLOSE_CC2.md, FINDINGS*.md, MASTERPLAN_AND_PREREG.md, SEALS.txt, arc_verdict.json), no .py or _out.txt for cell D.	Directory listing of frontier/B705_metallic_hearing_campaign contains no .py/.txt output file for Cell D; only prose FINDINGS_D_CC2.md.
C021	505	B727_base_rate_the_structure	CANNOT_RUN	frontier/B727_base_rate_the_structure/b727_probe3.py	0	b727_probe3.py explicitly requires Sage+GAP ('Run: sage-python b727_probe3.py (needs SnapPy + GAP via Sage)') and imports 'from sage.all import gap, Matrix, CartanType' throughout (used for GQuotients surjection census, GAP character tables/Indicator/KernelOfCharacter calls, and CartanType-based Coxeter-number logic in Parts A-F). Neither Sage nor GAP is installed in this environment; SnapPy alone (which IS installed) cannot substitute for the GAP calls this script makes.	"python3 -c ""import sage"" -> ModuleNotFoundError: No module named 'sage'. Script header line 10: 'Run: sage-python b727_probe3.py    (needs SnapPy + GAP via Sage)'. Body uses gap.eval(...) calls (e.g. 'Length(GQuotients(G, SL(2,3)))', 'CharacterTable', 'Indicator') and 'from sage.all import CartanType' -- none satisfiable without Sage/GAP."
C022	512	B733_observer_space	PARTIAL	frontier/B733_observer_space/b733_menu.py	2		Live pure-python parts reproduce: 'DOOR 4 ... |ker(SL_4->SL_2)|=64 ... => PSL congruence kernel |K_PSL| = |K_SL|/|center| = 16'; door-2 A_5 computation 'c=Frobenius ... sends a 5A-elt into 5B? True => c SWAPS 5A<->5B => OUTER'. BUT GAP is not installed in this sandbox: script prints '[GAP not found -- recorded results: |Out(G_4)|=24=S4=2^3*3; c OUTER order 2 onto Out(A5); ...]' and '[recorded: |Out(G_3)|=4=C2xC2 pure 2-group; being-flip c OUTER, inner-on-quotient]' -- i.e. the Out(G_4)=S4 and Out(G_3)=C2xC2 group-structure numbers that the decomposition (Z/2 x classical-diagonal x module-mult Z/3) rests on are HARDCODED FALLBACK STRINGS in this run, not live GAP output, since GAP 4.15 is absent from this environment (which/gap and micromamba path both empty). So the kernel-order correction (16) and the A5-level Galois-bit computation are genuinely reproduced live; the full-Out(G_n) growth numbers (Z/2->C2xC2->S4) and their decomposition are only asserted via the script's own recorded fallback, not recomputed here.
C022	516	B736_ABC_campaign	REPRODUCES	frontier/B736_ABC_campaign/p3_reduction.py	2		Full script (not just grepped lines) executed live: 'source A1 eigenvalues : [3/2 - sqrt(5)/2, sqrt(5)/2 + 3/2]  = {phi^2, phi^-2}, det 1 : True (real, |e| != 1, infinite order)'; 'target rho_hear(RL) trace ... target multiplicative order 10 (primitive 10th root spectrum)'; 'target eigenvalues |e| == 1 : True'; 'spectra DISJOINT : True'; 'Sylvester T*A1 = rho*T solution set : [{t0: 0, t1: 0, t2: 0, t3: 0}]'; '==> the ONLY equivariant linear map is T = 0 : True'. Exactly matches the claim.
C022	518	B737_candidate_zero	REPRODUCES	frontier/B737_candidate_zero/p2_cover.py	5		Full script executed live (not just grep-sampled): 'residue at s=1, eps-limit = 1.706552176628161608820573265788482210995'; 'residue at s=1, Cauchy integral = 1.706552176628161608820573265787897188738'; '2*pi^2/(9*zeta_K(2)) [S](2.14) = 1.706552176628161608820573265787897188738'; check line '[PASS] res_{s=1} phi = 2*pi^2/(9*zeta_K(2)) > 0'; and later 'res phi at s=1 = 2*pi^2/(9 zeta_K(2)) = 1.706552176628161608820573265787897188738', 'cusp-covol/vol = sqrt3/(6*vol_orb) = 1.706552176628161608820573265787897188738', '= 2*sqrt3/vol(m004) = 1.706552176628161608820573265787897188738'. All three routes agree to ~40 digits and match the claimed value 1.70655217662816... No [FAIL] lines in the run; script exited 0.
C022	519	B737_candidate_zero	REPRODUCES	frontier/B737_candidate_zero/p3_sister.py	4		Full script (using live snappy ManifoldHP, not grep-sampled) executed and printed: 'j(m004 cusp) = 2835807690.42228352772984605248...'; 'algdep (deg 2): x^2 - 2835810000*x + 6549518250000'; 'h(-48) = 2 (= degree: consistent; disc -48 = conductor 4^2 * (-3))'; 'm004 max-cusp lattice = i*(Z + 2sqrt(-3)Z)'; and downstream text 'm004: C/(Z + 2sqrt(-3)Z), j = 2835807690.42... (conductor-4 order, disc -48)'. Matches claim's cusp lattice, CM conductor-4 order, disc -48, h(-48)=2 exactly. (This run does not touch the separate downstream B850 correction mentioned in the packet, which concerns a different arc's Frobenius-generator sub-fact, not this script's output.)
C022	520	B738_pathfinder_compiler	NOT_A_COMPUTATION				kill_graph.json currently contains 774 records, not the 217 audited at the time FINDINGS.md/KILL_GRAPH_SUMMARY.md were written (confirmed via `json.load` len==774). This is a manual/LLM classification exercise over prose FINDINGS, not a deterministic script output; the 217-record snapshot is not preserved anywhere in the tree, so there is nothing to rerun and no committed script computes these per-record tag counts.
C022	521	B738_pathfinder_compiler	NOT_A_COMPUTATION				Claim is a diff between two independently-hand/LLM-compiled classification tables (this compiler vs 'cc3's independent compiler'); no committed script recomputes the 107/155 and 6/155 disagreement counts from source data in this worktree -- it is an interpretive/manual comparison over prose FINDINGS, not a rerunnable computation.
C023	534	B756_remaining_doors	CANNOT_RUN			cc_verify_door6_p4_rerun.txt is only a stdout log; no .py/executable script for the DOOR6 P4 sector-split rerun exists in frontier/B756_remaining_doors/ (only cc_verify_door2.py and cc_verify_m51_m32.py are committed, neither implements this rerun). p4_results.json referenced for byte-identity is also not present in the arc dir. Cannot regenerate or check the claimed (tr_odd,tr_even)(23)=(1,0), eps=+1, or the byte-identity claim from committed code.	ls of frontier/B756_remaining_doors shows: FINDINGS.md, PREREG_REMAINING_DOORS.md, RAW_WORKFLOW_OUTPUT.json, REDACTION_RECORD.md, SEALS.txt, SYNTHESIS_CC2.md, arc_verdict.json, cc_verify_door2.py, cc_verify_door6_p4_rerun.txt, cc_verify_m51_m32.py -- no script matching the p4 rerun.
C023	545	B770_closure_census	CANNOT_RUN			No script in frontier/B770_closure_census computes or re-derives the 16-closure refutation classification; the directory holds only CENSUS.md (prose), FINDINGS.md, PREREGISTRATION.md, arc_verdict.json and census.json (a data artifact, not executable code). The refutation rationale (e.g. 'never run anywhere in the repo' for OI-108) is an LLM-agent judgment from workflow wf_4f2f28dd-762 whose transcripts are not in this arc; there is no committed compute step to rerun.	ls of frontier/B770_closure_census: CENSUS.md, FINDINGS.md, PREREGISTRATION.md, arc_verdict.json, census.json -- zero .py files.
C023	553	B775_braver_questions	DIFFERS	frontier/B775_braver_questions/v4_genericity_test.py	180	Script ran to completion via the live snappy+cypari branch (no ImportError fallback). Actual output contradicts the claimed table in three ways: (1) m025 is not among the 21 manifolds the script tests at all (word list is R1L1..R6L6 metallic, RRL/RLL chiral, and SnapPy census m003,m004,m006,m007,m009,m010,m011,m015,m016,m017,m019,m022,m023) -- so the claim's 'R^2L^2' cannot be cross-checked against m025 as stated and the manifold set itself differs from the claim's implied 8-manifold set; (2) get_symmetry_info() throws AttributeError('SnapPy.SymmetryGroup object has no attribute symmetries') for every manifold (confirmed standalone: sym.symmetries() does not exist in installed SnapPy), so amphicheirality is never determined (symmetry order prints as None for all manifolds) and the script's own V4 logic therefore classifies ALL imaginary-quadratic-trace-field manifolds (m003, m004, m009, m010, R1L1, R2L2, RRL, RLL) as 'GALOIS ONLY', with 0 manifolds classified as V4-present; (3) this directly contradicts the claim that m004, m003, R^2L^2 have V4/amphicheiral while only m009/m010/RRL/RLL are Galois-only -- the actual run shows m003 and m004 (and R2L2) also Galois-only, matching none of the claimed V4-positive set.	"Printed: 'm004 (census)' volume printed earlier in run (not shown in tail) but summary block states: 'Imaginary quadratic trace field: 8' / 'V4 present (Galois + amphicheiral): 0' / 'Galois only (no amphicheirality): 8' and lists 'Galois-only manifolds (imag-quad but NOT amphicheiral): R1L1 (m=1, metallic): Q(sqrt-3) ... R2L2 (m=2, metallic): Q(sqrt-1) ... RRL (chiral): Q(sqrt-7) ... RLL (chiral): Q(sqrt-7) ... m003 (census): Q(sqrt-3) ... m004 (census): Q(sqrt-3) ... m009 (census): Q(sqrt-7) ... m010 (census): Q(sqrt-7)'. Verdict line: 'V4 is NOT generic ... m004's amphicheirality is a special property, not a class property. => V4 SPECIFICITY PARTIALLY VINDICATED'. Compared to claim's stated table (m004,m003,m025,R^2L^2 have V4 (amphicheiral); m009/m010/RRL/RLL Galois-only Z/2), the actual run gives m003 and m004 (and R2L2) as Galois-only, not V4, and m025 is absent from the tested set entirely. Standalone check of the AttributeError: python3 -c snippet reproduced 'ERR AttributeError(""'SnapPy.SymmetryGroup' object has no attribute 'symmetries'"")' for m004."
C023	557	B777_braver_questions	CANNOT_RUN			frontier/B777_braver_questions contains only prose/markdown files (CC_GATE_NOTE.md, CC_VERIFY_V4GENERICITY.md, FINDINGS_FINAL.md, FINDINGS_PARALLEL.md, FINDINGS_THREE_MOVES_cc3.md, MASTERPLAN.md) and no .py script. The claimed 'cc's own independent SnapPy re-computation' has no committed script, output log, or results file in this arc to execute or diff against; nothing here is independently rerunnable. (Separately, the sibling B775 script v4_genericity_test.py, when actually run, produced volumes/trace-fields/symmetry results that do not match this claim's table for m004/m003/m009/m010 amphicheirality -- see claim 553 -- underscoring that this arc's prose table is unverified and likely wrong.)	ls of frontier/B777_braver_questions: CC_GATE_NOTE.md, CC_VERIFY_V4GENERICITY.md, FINDINGS_FINAL.md, FINDINGS_PARALLEL.md, FINDINGS_THREE_MOVES_cc3.md, MASTERPLAN.md -- zero .py files.
C023	560	B779_convergence_probe	CANNOT_RUN			No compute script for R1 exists in frontier/B779_convergence_probe. The directory has R2_mixing_crosscheck.py and R6_maass_assessment.py (for R2 and R6 respectively) but no R1_galois_orbits.py or any script computing the F2^3 Galois-orbit/theta-coordinate claim; R1_galois_orbits.md is prose-only. 'cc re-computed it exactly' (CC_GATE_NOTE.md) is asserted with no committed distinct artifact.	ls of frontier/B779_convergence_probe: CC_GATE_NOTE.md, R1_galois_orbits.md, R2_mixing_crosscheck.md, R2_mixing_crosscheck.py, R3_scattering_assessment.md, R5_sl3_assessment.md, R6_maass_assessment.md, R6_maass_assessment.py, R7_functor_assessment.md -- no script for R1. grep for def/import in R1_galois_orbits.md returned 0 matches (pure prose).
C024	573	B790_maass_adjudication	REPRODUCES	frontier/B790_maass_adjudication/compute.py	20		Live snappy branch executed (snappy.ManifoldHP('m004'/'m003').length_spectrum(2.0) actually ran, not a guarded fallback). Printed: 'm004: ... (6 geodesics...)' vs 'm003: ... (4 geodesics...)', 'systole(m004) = 1.087070144995739', 'systole(m003) = 0.862554627662061', 'length spectra identical up to cutoff 2.0?  False', '=> VERDICT L1: m004 and m003 are NOT isospectral, despite EQUAL VOLUME'. Matches claim exactly: differing length spectra at equal volume, not isospectral.
C024	574	B790_maass_adjudication	REPRODUCES	frontier/B790_maass_adjudication/compute_l3_powered.py	320		Printed: 'm004: 134 geodesics ... every trace in Z[omega]? True (worst deviation 2.59e-15)' and 'm003: 150 geodesics ... every trace in Z[omega]? True (worst deviation 2.59e-15)' -- matches claim's 134/150/2.6e-15. Printed 'norms present for m004 only: [4, 16, 48, 64, 112, 144]' (all divisible by 4) and 'norms present for m003 only: [1, 9, 13, 21, 25, 37, 49, 57, 61, 73, 81, 93, 97, 109, 117, 121, 129, 133]' (all odd) -- matches the claimed mod-4 vs odd split exactly. FINDINGS.md's caveat that this split is 'an OBSERVATION on truncated data, not a law' is echoed verbatim in the script's own printed verdict ('EARNED negative...' framing for the companion L3' test) -- the arithmetic/split claim itself is fully reproduced live, not just asserted.
C024	576	B791_weyl_completeness	CANNOT_RUN	frontier/B791_weyl_completeness/verify_bank_structure.py	1		Script exits immediately with: 'set B788_BANK to the unpacked B788_maass_spectrum_programme directory (the external Gates 0-9R bank; not vendored here)'. A repo-wide `find / -iname coset_action.json` found no such file anywhere on the filesystem. Confirms the packet's own characterization: the input data is not vendored in this repo and cannot be reconstructed from committed code alone.
C024	583	B796_coupling_campaign	CANNOT_RUN		1		No file matching scanE/scanF (or any 'scan*' name) exists anywhere under frontier/B796_coupling_campaign/ in the worktree -- only cell9_*, cell2_*, cell3_*, tau_parity_* and similar files are present (confirmed by directory listing). WAVE1_FINDINGS.md CELL 1 text explicitly names 'scanE (r in (10,13.5))' and 'fine scanF' as the source of the 43-eigenvalue/4-parent-form/GH-rung numbers (r=11.00811336, 12.50010017, 13.29316271), but no such script is committed at any path in this arc. Cannot reproduce; the generating code is absent from the tree.
C024	586	B797_maass_spectrum_harvest	CANNOT_RUN		1		Directory listing of the arc_dir contains only FINDINGS.md, SM_COMPARISON_PREREGISTRATION.md, arc_verdict.json, eigenvalues_final.json, mode_count_certification.json, sector_projection_results.json, sm_comparison_results.json -- no .py script that could have produced sector_projection_results.json is present anywhere in the arc. Confirms the packet's characterization: result is committed as output JSON only, generating code lives elsewhere (attributed to cc3) and is not in this tree.
C024	587	B797_maass_spectrum_harvest	CANNOT_RUN		1		Same directory listing as i=586: sm_comparison_tests.py (named in SM_COMPARISON_PREREGISTRATION.md as the test-running script) is not present among the arc's committed files -- only its output sm_comparison_results.json and the preregistration doc are. Cannot rerun; generating script absent from the tree.
C025	591	B801_negative_census	CANNOT_RUN			no script committed in this arc's 3 files; classification is human judgment, not code	arc_dir contains only FINDINGS.md, arc_verdict.json, census.json — no script that drew the 60-arc sample or classified arcs is committed. The claim's core content (is a given arc 'negative') required human/LLM judgment per-arc; there is no computation to rerun.
C025	596	B805_forcing_graph	CANNOT_RUN			referenced generating script/data file not in this arc's committed files (confirmed via ls)	arc_dir contains only FINDINGS.md and arc_verdict.json. scripts/forcing/build.py and forcing_graph.json referenced in FINDINGS.md are not present anywhere under this arc's directory.
C025	597	B806_lexicon_blindness	CANNOT_RUN			referenced scoring script not in this arc's committed files (confirmed via ls)	arc_dir contains only FINDINGS.md and arc_verdict.json; no classifier script or the tests/test_b806_lexicon.py file exists in this arc's directory.
C025	598	B806_lexicon_blindness	CANNOT_RUN			underlying computation script absent from arc directory	Same directory as claim 597: only FINDINGS.md and arc_verdict.json present; motif-coverage computation script not in this arc's files.
C025	599	B806_lexicon_blindness	CANNOT_RUN			set-comparison script absent from arc directory	Same directory: only FINDINGS.md and arc_verdict.json present; no script computing the faces-vs-motifs set overlap is committed here.
C025	606	B815_kappa_precision_note	CANNOT_RUN			instrument script and synthetic data file both absent from this arc's single committed file; this is a pre-registration note, not a computation artifact	arc_dir contains only PRE_DATA_NOTE.md. Neither scripts/checks/fleiss_kappa.py nor any synthetic dataset is present in this arc's directory.
C026	608	B819_frame_gap	CANNOT_RUN		0	no committed script exists to rerun; claim rests entirely on prose tables in FINDINGS.md	Directory listing of frontier/B819_frame_gap shows only FINDINGS.md and arc_verdict.json; no script computes the 181/133/116/229 counts over the frontier/ tree or wave-2 assignment list.
C026	609	B821_lexicon_refresh	CANNOT_RUN		0	no committed script exists to rerun; the 5/7 and 345/746 counts cannot be independently verified from committed files	Directory listing of frontier/B821_lexicon_refresh shows only FINDINGS.md, PREREGISTRATION.md, arc_verdict.json; no script computes the 46.2% (345/746) figure against LEXICON/OBSTACLES dictionaries.
C026	610	B821_lexicon_refresh	CANNOT_RUN		0	no committed script exists to rerun these term-frequency percentages	Same 3 committed files (FINDINGS.md, PREREGISTRATION.md, arc_verdict.json) contain no grep/count script for the term-frequency decomposition (prereg 27.6%, audit 14.7%, census 11.6%, etc.).
C026	611	B822_lexicon_gate_fix	CANNOT_RUN		0	no committed script exists to rerun the >=2000 byte FINDINGS.md filter that allegedly reduces 22 blind arcs to 8	Directory listing of frontier/B822_lexicon_gate_fix shows only FINDINGS.md, PREREGISTRATION.md, arc_verdict.json; no size-floor filter script over the 22 blind arcs is present.
C026	612	B823_blind_triage	CANNOT_RUN		0	no committed script or gate-checker file exists to rerun the negative controls; claim rests on quoted prose/error messages in FINDINGS.md	Directory listing of frontier/B823_blind_triage shows only FINDINGS.md and arc_verdict.json; no test/script performs the 3 negative-control perturbations (remove B537 row, add non-blind row, delete registry) against a gate.
C026	613	B824_charvar_motif	PARTIAL	tests/test_b824_charvar_motif.py	0.58	this test is not among B824's 3 committed arc_dir files (FINDINGS.md, PREREGISTRATION.md, arc_verdict.json) -- it lives in tests/ and was added/modified later per B825; it confirms the qualitative direction (char_variety absent from LEXICON, term is comparatively pervasive vs a niche term, B537 covered by markov_cubic not char_variety) but does NOT recompute or verify the specific claimed figures 13.8% and 18.4% -- those exact percentages are asserted nowhere in committed, runnable code found in the tree.	All 3 tests PASSED: test_the_failed_motif_is_not_in_the_lexicon_under_this_name, test_character_variety_is_ambient_not_a_topic (asserts share >= 2.5*niche and n>=50, comment notes original absolute-threshold test observed 9.98%/1112 arcs on 2026-08-29 before drifting), test_b537_was_closed_by_the_NARROW_motif_not_this_one.
C027	614	B825_markov_motif	DIFFERS	scripts/atlas/atlas.py (via tests/test_b825_markov_motif.py's live atlas.mine()/LEXICON)	1		Claim: '8.3% (62/750)' corpus share and '75.8%' trace_map containment. Rerun today: total probes = 1135 (not 750), markov_cubic count = 70, share = 70/1135 = 6.17% (not 8.3%); worst-motif overlap = trace_map at 51/70 = 72.9% (not 75.8%). The 5 committed test assertions in tests/test_b825_markov_motif.py (<=15% ceiling, <90% overlap, etc.) still PASS at these new values -- so the arc's pass/fail verdict is unaffected -- but the specific numbers quoted in FINDINGS.md do not reproduce: the corpus has grown from 750 to 1135 probes since B825 ran (same drift pattern the packet already flags for B835), which moved both the share and the overlap percentage.
C027	622	B833_negative_routing	PARTIAL	frontier/B738_pathfinder_compiler/kill_graph.json read via glob-based driver matching tests/test_b833_negative_routing.py's logic, evaluated at commit ee8a5515 (B833's own commit)	3		At B833's commit: kill_graph = 217 records, 172 arc-id + 45 non-arc keys (MATCHES exactly). NEGATIVE-verdict arcs absent from kill graph = 137 (MATCHES exactly). Breakdown of the 172 arc-id records by authored verdict: none=38 (matches), PROVED=56 (matches), OPEN=3 (matches), but NEGATIVE=68 and RETRACTED=7 (claim states NEGATIVE=69, RETRACTED=6) and total NEGATIVE-verdict-arc count=205 (claim states 206). Traced the off-by-one to a genuine duplicate: two directories (frontier/B58_phaseA and frontier/B58_sl4_tower_test) both carry arc_verdict.json with id='B58' but opposite verdicts (NEGATIVE vs RETRACTED); the dict-keyed-by-id aggregation both the test and B833's own count use silently drops one via glob()'s filesystem-order-dependent overwrite, so which verdict 'wins' for B58 is not deterministic from committed code alone. All other reported numbers reproduce exactly.
C027	624	B835_lock_repairs	DIFFERS	scripts/atlas/atlas.py mine()/analyze() (live-mined), driven for an arc-number-based pre-B700/post-B700 split matching the FINDINGS.md table's stated method	1		Claim table: trace_map 0.463->0.375, golden 0.650->0.575, kappa 0.284->0.125, figure_eight 0.454->0.583(up); corpus-wide trace_map crossed to 0.449. Rerun today (N=1135 total probes, 640 pre-B700 / 495 B700+): trace_map 0.461->0.236 (claim's 'post' value 0.375 does not reproduce), golden 0.648->0.444 (claim's 0.575 does not reproduce), kappa 0.284->0.143 (pre matches exactly; post close but not 0.125), figure_eight 0.453->0.370 -- STILL DOWN, not up as the claim states (direction differs). Corpus-wide trace_map share today = 412/1135 = 0.363 (already well below both the original 0.45 floor and the claim's 0.449 reading). This is committed code's live behavior; the B700+ era has grown enormously since B835 (many more instrument-work arcs added), which is exactly the drift the arc itself was documenting -- so the direction of the finding (object motifs thinning in recent work) is corroborated, but the specific table numbers from FINDINGS.md do not reproduce. The related test (tests/test_atlas.py::test_measured_frequencies_hold) has itself since been rewritten (by a later arc, B1002) to loose bands + ordering-only assertions for exactly this reason, and it currently passes.
C027	625	B835_lock_repairs	REPRODUCES	frontier/B702_metallic_hearing_law/FINDINGS.md, checked via tests/test_b818_retracted_rule.py's whole-file search	1		'## RETRACTION + CORRECTION (cc2 self-correction, cc-verified, 2026-07-19)' is at line 45 of B702's FINDINGS.md, exactly as claimed. Character count before line 45 = 2387 chars, confirming it falls past a 1500-char read window. tests/test_b818_retracted_rule.py now does a whole-file regex search (with a comment citing this exact B702/B835 finding) and all 4 tests PASS, confirming the live (non-guarded, snappy irrelevant here) code path actually runs and finds the marker.
C027	626	B836_route_negatives	REPRODUCES	frontier/B738_pathfinder_compiler/kill_graph.json across the B836 commit (8f8f2b66)	2		kill_graph.json record count: 217 at commit 8f8f2b66^ (parent), 384 at commit 8f8f2b66 (B836's own commit) -- exactly matches the claimed '217->384'. Records with kill_form=='unrouted-unclassified' in the current tree = 167, exactly matching the claimed '167 arcs routed'. (Note: the kill graph has since grown further to 774 records as later arcs continued to be routed, which is expected continued activity, not a discrepancy in this claim.)
C027	628	B838_lexicon_regrounding	PARTIAL	tests/test_b838_regrounding.py's _share() function against frontier/*/FINDINGS.md, driven to reproduce the exact table values	1		All 4 committed tests PASS today (forcing/forced share > 25% threshold; held-slot/two-ingredients share < 3% threshold; lexicon not regrounded; finding text present). Exact numbers: total FINDINGS.md files = 1139 (grew from whatever N backed the original 41.9%/13.6% figures). forcing/forced combined share today = 497/1139 = 43.6% (claim: 41.9%); 'forces' alone = 169/1139 = 14.8% (claim: 13.6%); 'held slot' = 1/1139 = 0.088% (claim: 0.1%, close); 'two ingredients' = 2/1139 = 0.18% (claim: 0.1%, count doubled from 1 to 2 files). Qualitative structure of the claim (ambient vs near-absent, no middle band) holds via the passing tests, but the quoted percentages do not reproduce exactly -- again attributable to corpus growth (more FINDINGS.md files added since B838 ran) rather than a script defect.
C028	630	B840_close_loose_ends	CANNOT_RUN			arc_dir contains only FINDINGS.md and arc_verdict.json, no probe/compute/verify script and no before/after code diff or re-run log; the mdnewton/polish_mp bug-fix claim has no committed script to rerun.	ls frontier/B840_close_loose_ends/ -> FINDINGS.md, arc_verdict.json only; no .py file present
C028	631	B840_close_loose_ends	CANNOT_RUN			same arc_dir contains no script or raw output file for the R2/V3 blind Phi-orbit computation (9 orbits size 3, charge split 1/10/16, triple intersection 6, singlet profile (1,16,16)); nothing to execute.	ls frontier/B840_close_loose_ends/ -> FINDINGS.md, arc_verdict.json only
C028	633	B841_provenance_pass	CANNOT_RUN			arc_dir contains only FINDINGS.md, PREREGISTRATION.md, arc_verdict.json; no verification script and no 167-record rated dataset file present to rerun the pointer-resolution check.	ls frontier/B841_provenance_pass/ -> FINDINGS.md, PREREGISTRATION.md, arc_verdict.json; no data file, no .py script
C028	635	B842_face_attachment	REPRODUCES	(no committed script; independent driver over committed calibration_ratings.json)	0.3		calibration_ratings.json (contrary to the packet's 'why', it IS present in this worktree's arc_dir: 16 arcs x 12 raters, 9 categories used). No committed Fleiss-kappa script exists, so I wrote a standard Fleiss' kappa driver over the committed JSON: output 'Pbar 0.8910984848484849 Pbar_e 0.14105902777777776 Fleiss kappa = 0.873214203684138' -- rounds to 0.8732, matching the claim exactly. The bootstrap 95% CI [0.7388,0.9603] was not independently recomputed (no committed bootstrap code/seed to rerun) so that piece rests on prose only.
C028	636	B842_face_attachment	CANNOT_RUN			No corpus/kill-graph ground-truth attachment file for the 16 calibration arcs exists anywhere in this worktree (searched for kill_graph*/attachment* files; only unrelated arcs' own kill_graph.json files exist, none listing B59/B120/B237/.../B705's existing face attachments). Cannot compute the 58.3%/56.2% consistency percentages or the B296/B523 12/12 'none' claim from committed data.	find for kill_graph*/attachment* across worktree found no file mapping these 16 arc IDs to an existing face label
C028	640	B850_length_spectrum_type	REPRODUCES	frontier/B850_length_spectrum_type/length_spectrum_type.py	420		Ran main(): CELL 2 m004 prints 'DENSE (2 rational / 10 irrational ratios, pslq maxcoeff 1000000)' -- matches FINDINGS' corrected table (2 rational, 10 irrational, 12 tested), not the pre-fix '0 rational'. Then drove lengths_from_group/discreteness directly with the module-level global mp.mp.dps forced to 15, 25, 40, 60 before each call (the exact bug FINDINGS describes): all four printed 'verdict=DENSE n_rational=2 n_irrational=10 n_tested=12' identically, confirming the workdps fix is precision-invariant at dps 15/25/40/60 as claimed.
C028	642	B850_length_spectrum_type	CANNOT_RUN	frontier/B850_length_spectrum_type/length_spectrum_type.py	45	Committed script's Cell 3/Cell 4 controls loop only iterates over ('m003','m015') -- m009 and m136 are not present anywhere in the committed .py file, and results.json's cell4_multiplicity block likewise has no m009/m136 entries, confirming the packet's 'why'. Ran the unmodified script to check what IS committed: m004 max=4 mean=1.67 (27 lengths), m003 max=3 mean=1.47 (45 lengths), m015 max=2 mean=1.07 (82 lengths) -- these three numbers match the FINDINGS table row-for-row and REPRODUCE, but the SECTION 4a correction's headline numbers (m009 max=8, m136 max=4) have zero committed code computing them; they exist only in FINDINGS.md prose.	Script stdout: 'CELL 4 multiplicity ... m004 (arithmetic) max 4 mean 1.67' / 'm003 max 3 mean 1.47' / 'm015 max 2 mean 1.07'. grep of length_spectrum_type.py for 'm009|m136' returns no hits; results.json cell4_multiplicity keys are only m004/m003/m015.
C029	655	B866_charge_cubic	CANNOT_RUN		0	No committed script computes the section 2a claim. The arc contains only support_2T_third_route/{verify_group_fixed.py, nonprincipal_2T.py} which implement the B858 non-principal-sl2/2T-centralizer enumeration (a different computation, over the E6 Chevalley algebra) -- neither script builds the charge-cubic pencil, refines its middle root to 55 digits, or computes the pencil's kernel/derived-algebra/center dims. No occurrence of the section's key terms ('2208', '55-digit', 'structure tensor', 'middle root') exists in any .py file in the arc_dir; only in FINDINGS.md prose and arc_verdict.json's copied summary.	grep for '2208|55.digit|structure tensor|middle root' across frontier/B866_charge_cubic/ matches only FINDINGS.md and arc_verdict.json text, no .py file.
C029	657	B869_false_positive_control	REPRODUCES	frontier/B869_false_positive_control/false_positive_control.py	1		Live run of the committed generic engine (false_positive_control.py, no snappy/optional branches involved) printed: 'so(14) spinor 64  -> su(2) + su(2) + su(3) + 3 u(1)' and 'su(6) Sym2 family [NEGATIVE CONTROL] -> su(3) + 3 u(1)', matching FINDINGS.md's table rows 'so(14) 64 -> su(3)+su(2)+su(2) + 3 u(1) -- NOT the SM' and 'su(6), Sym2 family 21+10*6bar -> su(3) + 3 u(1) -- no weak sector at all' exactly (order-of-factors cosmetic only). Also reproduced: eligibility 21/31 dead at step 0, eligible {A2,A3,A4,A5,A6,A7,A8,D5,D7,E6}, and E6 27 -> su(2)+su(3)+3 u(1) via SO(10)xU(1) step-1 winner.
C029	664	B878_maass_upper_window	CANNOT_RUN		0	sm_comparison_tests.py, the script FINDINGS/branch_FINDINGS.md attribute the p-values and PSLQ results to, is not present anywhere in the worktree (find/grep for the filename and for 'sm_comparison' turn up nothing except the branch_FINDINGS.md prose reference). Only the prose summary ('THE LAST DOOR: SM COMPARISON') is inherited; no code to rerun.	"grep -n ""SM COMPARISON|sm_comparison"" branch_FINDINGS.md matches only the prose section; `find frontier/B878_maass_upper_window -type f -name '*.py' -exec grep -l sm_comparison {} \;` returned nothing."
C029	669	B894_meditation_trio	REPRODUCES	tests/test_c28_ramification.py	1		The addendum's own named lock, tests/test_c28_ramification.py (present at repo root, not inside the arc_dir but committed in the same worktree), passed all 4 tests: factorint(disc(mu)) == {2:32,3:10,5:2,7:3,11:1,13:6} with squarefree part 77; discriminant(x^3-12x-5) == 6237 and factorint(6237)=={3:4,7:1,11:1}; Dedekind index-1 check at 3 (gcd degree 0) confirming monogenicity; and 6237 % 5 != 0 with mod-5 factorization shape [1,2] confirming 5 unramified. Pytest output: '4 passed in 0.61s', all four test functions PASSED.
C029	672	B906_flavor_verification	PARTIAL	tests/test_b906_flavor.py	1	The committed lock tests/test_b906_flavor.py runs and passes (4/4), but it only asserts that results.json's stored verdict strings/numbers match the claimed values (VERIFIED, 48/48, lll_exact==6, k33_bipartite==True, I mod 40123 starts with '40122', rational_reconstruction==-1) -- it does not itself recompute glue1/glue2, probeA/probeA2, probeB, probeC/invar1, or invar639. FINDINGS.md's own Files section states those suite scripts are the solo seat's, left in session scratchpad, 'not re-banked' into this arc; a repo-wide search for probeA/probeB/probeC/glue1/glue2/invar1 found zero files. So the load-bearing arithmetic behind the wholesale rerun is not present in the committed tree; only a self-consistency check on the recorded results.json is reproducible.	pytest tests/test_b906_flavor.py -v -> 'test_instant_convergences PASSED', 'test_verification_lane_all_verified PASSED', 'test_w4_theorem_recheck_from_the_tower_pickle PASSED', 'test_invariant_is_minus_one_at_both_primes PASSED', '4 passed in 0.17s'. find for probeA*/probeB*/probeC*/glue1*/glue2*/invar1* across the worktree returned no files.
C030	676	B912_norm_cell	REPRODUCES	frontier/B912_norm_cell/norm_cell.py	241.8		All 26 checks PASS, verdict OUTCOME B, total signature (15,12). results.json atom gram_eigenvalues for the nine colorless (1-dim) atoms: atom0=1.0, atom9=19.142020743905498523723985498810106, atom14=1.6803202716718931117598649584069485, atoms3/4=53.078638438636745051644351684315117, atoms7/8=0.78626003406867602279393210822906932, atoms12/13=3.088935719893738181246625176033054 -- exact digit-for-digit match against DRAFT_FINDINGS sec4 table's 19.142020743905498523723... and 1.6803202716718931117598.... The dps=60 branch (mpmath mp.dps=60, invariance/scalarity residuals worst 1.38e-44, two-seed projector agreement max 1.84e-52) is committed live code, not a hardcoded record. NOTE: the script writes results.json into the tracked arc dir (HERE), not scratch, so my run overwrote the committed results.json in the shared worktree; I restored it via `git show HEAD:...results.json` (no git checkout/commit used) after diffing -- the only differences were the optional-HANDOFF5 note (absent since I did not set HANDOFF5_RUN) and runtime_s; all numeric content was identical, confirming reproducibility.
C030	678	B916_lambda_bridge	CANNOT_RUN	frontier/B916_lambda_bridge/bridge.py		bridge.py hard-requires env var HANDOFF7 pointing at a directory containing rep27.pkl, H27.pkl, cubic27.json, tauP.pkl (raises SystemExit if unset/missing, line 73-74). Searched the entire worktree for these filenames (find -iname) -- none present anywhere in the repo, and HANDOFF7 is unset. This is a genuine missing external dependency, not fakeable.	"grep of bridge.py: 'HANDOFF7 = os.environ.get(""HANDOFF7"")' / 'if not HANDOFF7 or not os.path.isdir(HANDOFF7): raise SystemExit(...)'; find for rep27.pkl/H27.pkl/cubic27.json/tauP.pkl across worktree returned no matches."
C030	679	B916_lambda_bridge	CANNOT_RUN	frontier/B916_lambda_bridge/bridge.py		Same HANDOFF7 dependency as claim 678 -- the lambda=2304/953 (solo H') vs lambda=1 (banked H+) checks are computed later in the same script, after the same HANDOFF7 load gate, so they never execute without those external pickle/json files.	Same SystemExit gate at bridge.py line 73-74 blocks execution before any lambda computation runs.
C030	682	B918_v_kummer	PARTIAL	frontier/B918_v_kummer/v_kummer.py	3		Ran cleanly end to end: stage0 e1*953^4=27609909080832, e2*953^4=264084438122496, e3*953^4=760840571584512 (distances to integer ~1e-74..1e-75, well under the assert threshold 1e-70); P9 anchor exact; stage1 HIER cubic pinned, irreducible, disc kernel {7,11} OK, roots match anchors to max err 7.33e-88, HG2 exactified mod mu; stage2 five-Kummer-class table consistent, alpha_V non-cube at all 9 twists (32 clean tests); stage3 H-B917-SPLIT: YES. HOWEVER the stage-0 anchor values (V2_STR, the three 95-digit v_g^2 strings) are HARDCODED literals in v_kummer.py, not regenerated by any committed script -- FINDINGS.md itself states the relay pipeline that produces them (solo norms.py atom construction + belt100 coupling loop, driver b918_belt.py, output b918_belt_out.json) 'lives in the session scratchpad per relay discipline' and is explicitly not committed here. So the exact-tier machinery (stages 1-3, the HIER cubic / Kummer / place-structure claims) reproduces from committed code given those anchors, but the claim under review here -- the identification of HIER's roots with the pipeline's live v_g^2 output -- rests on an unregenerable external numeric input, matching the arc's own self-declared 'numeric-certified tier, V-L2 exactification pending' status.
C030	683	B919_weinberg_traces	CANNOT_RUN	frontier/B919_weinberg_traces/traces.py		traces.py does RUN = os.environ['HANDOFF6_RUN'] then reads cw.py from that directory, patches in a different prime via string substitution, and subprocess-executes the patched copy -- it contains none of the actual trace computation itself. cw.py is not present anywhere in the worktree (find -iname cw.py returned nothing) and HANDOFF6_RUN is unset, so the script fails immediately on the KeyError for the env var, and even if set, the required cw.py does not exist in the committed tree.	"traces.py line 15: 'RUN = os.environ[""HANDOFF6_RUN""]'; find across worktree for cw.py: no matches."
C030	684	B921_branch_harvest	CANNOT_RUN	harvested/frontier/B796_coupling_campaign/cell2_hecke_gate.py		Script does `sys.path.insert(0, 'frontier/B792_maass_m004_eigenvalues'); from hejhal_m004 import (K_table, Lattice, System, build_moves, find_cusp_lattice)`. Neither frontier/B792_maass_m004_eigenvalues nor a hejhal_m004.py file exists anywhere in this worktree at all (searched with find -iname), including the paths B921's own reviewer note speculated might exist 'on main' -- the full arc B792 is simply absent from this worktree, not just unharvested.	find worktree-wide for hejhal_m004.py and for any B792 directory: zero results.
C030	685	B921_branch_harvest	NOT_A_COMPUTATION			sm_comparison_certified.txt is a plain committed stdout-capture witness file with no accompanying generator script anywhere in this harvest (or elsewhere in the worktree) -- there is nothing to execute. Read the file directly: content is internally consistent with the claim (0/2 direct matches shown as 'fails base rate', long list of ratio candidates all annotated 'fails base rate').	sm_comparison_certified.txt shows e.g. 'candidate: r = 3.93891686 ~ delta_CP = 3.700098014 (tau 3.2e-01, surrogate p = 0.650) -> fails base rate' and 18 similar ratio-candidate lines all ending 'fails base rate' -- consistent with the claimed '0/2 direct-match, 0/39 ratio candidates' but this is read verification of a witness file, not a rerun of code (no generating script is present).
C030	686	B921_branch_harvest	CANNOT_RUN	harvested/frontier/B792_maass_m004_eigenvalues/{certify_mode_count.py,sector_projection_test.py,weyl_scattering_check.py}		certify_mode_count.py imports hejhal_m004 (from a sibling dir that doesn't exist) and reads OUTDIR/eigenvalues_final.json and OUTDIR/scanD_refined.json, none of which are present in this harvest directory (only length_spectrum_m003.json, certify_mode_count.py, sector_projection_test.py, weyl_scattering_check.py, sm_comparison_certified.txt exist there). Confirmed via directory listing and grep of imports/opens in the script; the same missing-B792-arc gap as claim 684 applies to sector_projection_test.py and weyl_scattering_check.py as well (not individually re-verified line by line but same import pattern confirmed via grep).	"`ls` of harvested/frontier/B792_maass_m004_eigenvalues/ shows only 5 files, none of eigenvalues_final.json/eigenvalues_final.py/scanD_refined.json/hejhal_m004.py; grep of certify_mode_count.py shows 'from hejhal_m004 import (...)' and 'open(f""{OUTDIR}/eigenvalues_final.json"")' and 'open(f""{OUTDIR}/scanD_refined.json"")'."
C031	690	B923_exactification	REPRODUCES	frontier/B923_exactification/exactify.py	117.7		Printed: '[10] numeric identification against B912 (dps 80)...' PASS colorless_atoms_match_B912_bijectively {'A0m':3,'A0p':4,'A1m':8,'A1p':7,'A2m':13,'A2p':12,'S0':14,'S1':9,'S2':0}; PASS six_colored_atoms_match_B912_bijectively {(0,1):2,(0,-1):1,(1,1):6,(1,-1):5,(2,1):11,(2,-1):10}. And '[16] numeric certification (dps 110): belt anchors...' PASS belt_95digit_anchors_reproduced_at_belt_floor 'worst |sigma_g(V_ccl) - banked belt v_g^2| = 7.33e-88 = B918's registered belt residual (7.3e-88)'. All 62 CHK() calls passed (verdict CLOSED, no UNSTABLE raised), matching claim's stated dps 80 identification and 7.3e-88 belt-anchor floor exactly.
C031	696	B941_branch_symmetric	CANNOT_RUN		0		Directory frontier/B941_branch_symmetric contains only FINDINGS.md, arc_verdict.json, results.json -- no .py script or computation file of any kind is committed. There is no code to run; the numbers in results.json (N(V)/N(W)=2^32*3^11/5^12, numerator=27*2304^4) cannot be regenerated from anything in the tree.
C031	702	B949_ignorance_map	CANNOT_RUN		0		Directory frontier/B949_ignorance_map contains only FINDINGS.md, arc_verdict.json, results.json -- no arc-local script. The claim itself says the figures come from scripts/atlas/query.py's gaps() plus a manual full-table extension (the tool only prints six rows); no arc-committed script exists to invoke, and the manual extension step is by definition uncommitted/unscripted, so the full corpus-status/resolution-rate table cannot be regenerated from committed code in this arc directory.
C031	724	B962_vev_scout	CANNOT_RUN		0		Directory frontier/B962_vev_scout contains FINDINGS.md, PRIOR_ART_VEV.md, arc_verdict.json, prior_art_vev.json -- no .py script. The 27->10+5+5bar+5bar+1+1 SU(5) branching claim is stated in FINDINGS.md as 're-derived in-sandbox by the panel' with no committed witness script; there is nothing to execute.
C031	726	B963_tau_double_duty	CANNOT_RUN		0		Directory frontier/B963_tau_double_duty contains only FINDINGS.md, arc_verdict.json, results.json -- no .py script computing the E6 diagram automorphism tau=(5,1,4,3,2,0). Nothing to run; the claim notes this is 'the same object as B959/B960's tau' but no re-derivation script is committed in this arc's own directory.
C031	727	B963_tau_double_duty	CANNOT_RUN		0		Same directory contents as claim 726 (FINDINGS.md, arc_verdict.json, results.json only, no .py). The '63 inner sign-gradings of E6's root system fix the full Cartan' claim has no committed script in this arc directory; FINDINGS.md itself states it is 'the same number/claim as B959 sec.2 ... not independently re-verified here.'
C032	730	B965_lawmap_scope_audit	CANNOT_RUN		0	no committed script for the specific 'mechanical keyword scan over docs/LAW_MAP.md against each cited arc's verdict' described in the claim; only a later, differently-scoped gate exists	No script or output file exists in frontier/B965_lawmap_scope_audit/ (only FINDINGS.md, arc_verdict.json, results.json). The later B966 gate scripts/gates/gates.py:gate_lawmap_scope checks a different, current-state condition (scope markers on LAW_MAP rows citing heavily-scoped verdicts) -- running it now returns (True, 'ok'), which neither confirms nor contradicts the original one-time audit's counts (165 rows audited, 5 flagged, 3 fixed, 0 pre-existing) since that audit was a point-in-time manual/prose sweep, not something gate_lawmap_scope replays.
C032	731	B967_retraction_sweep	DIFFERS	scripts/checks/retraction_sweep.py	1	current tracked-.md count (2635) differs from the claimed 2,210, and current violation count is 0 vs the claimed 11 -- consistent with this being a historical 'first run' snapshot that the repo has since moved past (retractions were fixed and more files added), not a discrepancy in the algorithm itself. Note: the script lives in scripts/checks/retraction_sweep.py, not in the arc's own directory frontier/B967_retraction_sweep/ (which holds only FINDINGS.md and arc_verdict.json), consistent with the packet's stated reason for flagging this claim.	Claim: '11 violations found across 2,210 tracked .md files on first run'. Actual rerun output: 'registered retracted phrases: 9', 'tracked .md files swept: 2635', 'live-claim violations: 0'.
C032	749	B978_phaseA_bank	CANNOT_RUN		0	no committed script in the arc directory; the lattice-membership derivation is asserted only in FINDINGS.md prose with no witness file	frontier/B978_phaseA_bank/ contains only FINDINGS.md, arc_verdict.json, results.json -- no script or code file computing the omega_1 coordinate vector (4/3,1,5/3,2,4/3,2/3) or the lattice-membership check (1*omega_1, 2*omega_1 not in Q; 3*omega_1 in Q).
C032	758	B993_cornerstone_verified	CANNOT_RUN		0	no committed script in the arc directory to rerun the 48/24=2 computation	frontier/B993_cornerstone_verified/ contains only FINDINGS.md and arc_verdict.json -- no script implementing the described 'brute-force enumeration over generator images with relator checks and a subgroup-generation test' for pi_1(m004) -> 2T surjections.
C032	759	B993_cornerstone_verified	CANNOT_RUN		0	no committed script or data file in the arc directory to rerun the 37.2%/32.8% base-rate computation	frontier/B993_cornerstone_verified/ contains only FINDINGS.md and arc_verdict.json -- no script or results.json for the census sweep over the first 400 one-cusped manifolds.
C032	760	B996_grammar_control	CANNOT_RUN		0	no committed script in the arc directory; although |SL(2,Z/N)| has a standard closed form, the specific shadow-subgroup order computation (order 24 vs 1 by m mod 3) has no committed witness to rerun	frontier/B996_grammar_control/ contains only FINDINGS.md and arc_verdict.json -- no script for the '|SL(2,Z/N)| for N=2..9' table or the 'metallic shadow mod 3' subgroup-generated-by-R^m-and-L^m computation.
C033	761	B997_golden_conductor_uniqueness	REPRODUCES		5		No script is committed in this arc's directory (only ADDENDUM/FINDINGS/arc_verdict.json), so I wrote an independent verifier. SL(2,Z/4): order=48, order-distribution {4:24,6:8,3:8,1:1,2:7} -> 7 elements of order 2 (involutions), 0 of order 8. 2O (binary octahedral, unit quaternions): order=48, order-distribution {1:1,8:12,6:8,4:18,3:8,2:1} -> 1 involution, 12 elements of order 8. Both match the addendum's table exactly (SL(2,Z/4): 48/7/0; 2O: 48/1/12), confirming SL(2,Z/4) not isom to 2O.
C033	762	B1001_four_digit_blindspot	PARTIAL	tests/test_atlas.py (repo-wide, not among this arc's own two committed files) / scripts/atlas/atlas.py	4		pytest test_measured_frequencies_hold PASSED (loose sanity bands + ordering asserts all hold). Directly printing FREQ now gives N=1135 (corpus has grown since B1002): golden 635/1135=0.5595, figure_eight 473/1135=0.4167, trace_map 412/1135=0.3630, kappa 253/1135=0.2229 -- the ORDERING golden>figure_eight>trace_map>kappa still holds exactly as claimed, but the specific point numbers quoted for 'N=917' (0.5725/0.4340/0.3991/0.2377) cannot be reproduced now because the corpus is no longer at N=917 (it is at N=1135) and reverting the worktree to that historical commit was out of scope (no git reset/checkout permitted). The load-bearing structural claim (ordering) reproduces; the exact historical snapshot numbers do not re-run to the same figures at current corpus size, as B1002's own text predicts (dilution).
C033	763	B1003_axiom_prices	REPRODUCES		3		No script is committed in this arc's directory (ADDENDUM/FINDINGS/arc_verdict.json only). Independent sympy computation: tr=-1 -> eigs on unit circle, order 3; tr=0 -> order 4; tr=1 -> order 6; tr=+-2 -> eigenvalues degenerate to +-1 with max|eig|=1.0 in every case (printed 'max|eig|= 1.0' for all five traces) -- combined with the standard fact that a non-central unipotent (tr=2) or -unipotent (tr=-2) matrix over det=1 is non-diagonalizable hence infinite order, this matches the claim's 'orders 3/4/6, infinite order at tr=+-2, max|eigenvalue|=1 exactly' precisely.
C033	764	B1003_axiom_prices	REPRODUCES		3		No script accompanies the addendum in this arc's directory; ran SnapPy directly (available in the environment). Output: m000 vol 1.01494160641, m004 vol 2.0298832128, ratio 2.0000000000 -- matches the addendum's 'Gieseking (m000) volume 1.0149416064, m004 volume 2.0298832128, ratio exactly 2.000000' exactly.
C033	765	B1004_ssb_leak	PARTIAL		6		No script is committed in this arc's two files (FINDINGS.md, arc_verdict.json). Independent scan: 291 directories in the B500-B799 numeric range, 260 have an arc_verdict.json, and verdict tally = {'PROVED': 164, 'NEGATIVE': 86, 'OPEN': 6, 'RETRACTED': 4} -- matches the claim's '260 verdicted arcs -- 164 PROVED, 86 NEGATIVE, 6 OPEN, 4 RETRACTED' EXACTLY. The second half of the claim ('234 cited somewhere, 26 cited nowhere') did NOT reproduce under a naive independent citation check: grep -rlw '<BID>' over the whole worktree (excluding the arc's own directory) found all 260 IDs cited somewhere and 0 cited nowhere (cited_somewhere=260, cited_nowhere=0), because a plain grep also matches index/manifest listings that the original 'cited' methodology evidently excluded. That methodology (what counts as a 'citation' vs. a mere index entry) is not defined in any committed script in this arc, so the 234/26 split rests on an uncommitted, unreproduced counting rule.
C033	788	B1029_invariant_ring	PARTIAL	frontier/B1029_invariant_ring/b1029_cells.py	2		Script ran to completion. V1 output: 'reversal = the SAME (SU(2) traces real; unitary characters conj under inverse): True' -- the check the claim rests on. However, reading the code: rev_h is DEFINED as exp(-i*alpha)*B_tr (character conjugated, trace left as the same real symbol t) rather than derived from an independent SU(2)/character-theory computation, and conj_h is defined as sp.conjugate(h). The sympy assert is therefore checking that two hand-written symbolic expressions are algebraically equal (a tautology given the encoding), not an independent derivation of 'unitary characters conjugate under inverse and SU(2) traces are real' from first principles. So the script's live branch genuinely executed and printed True as claimed, but the group-theoretic premises themselves are asserted/encoded rather than proved by this code -- matching the packet's own caveat that the underlying fact 'is standard and plausible but not independently checked here.'
C034	793	B1033_generation_adjudication	REPRODUCES	frontier/B1033_generation_adjudication/b1033_cells.py	8		Live run printed for all 8 map/generator combinations (map0/map1 x theta,phi,theta*phi,theta*phi^2): 'orbit_sizes': {3: 9}, 'matches_9channel': False for every one, and the final line printed 'V2 OUTCOME: DISTINCT', matching the claim exactly (B299's triality orbits transported and compared to CH024 are DISTINCT, no map/generator combination hits the 9-channel).
C034	794	B1033_register_reconciliation	PARTIAL	frontier/B1033_register_reconciliation/verify.py	5		verify.py's own check for '234' (chk 'the_ledger_carries_both_counts_and_refuses_the_stratification') only asserts the literal substring '234' appears inside docs/consolidation/DEBT_LEDGER.md -- it does NOT compare the number to a live-recomputed value. verify.py DOES independently recompute the underlying set (ledger_set, built by scanning every frontier/B*/arc_verdict.json in the tree and applying the documented PROVED+not-instrument+not-cited rule) -- run today (worktree is banked through B1054, well past the arc's stated 'measured against the tree at B1032') this yields len(ledger_set) = 179, not 234. This mismatch is exactly the kind of drift the arc's own FINDINGS.md section 5 flags as expected ('the measurement is moving by construction... every consolidation row added retires a debt row'), so it is not evidence the fix is wrong, but it does mean the specific integer 234 is not independently verified by the committed script against the current corpus -- only string-matched against the ledger doc's own hardcoded text. All 24 verify.py checks (ALL PASS: True) pass, including the bug-narrative and structural-invariance checks (lowest above-bar row still B870, etc.), which are the parts that actually run live code.
C034	798	B1035_shadow_library	REPRODUCES	frontier/B1035_shadow_library/verify.py	3		Live run: 'PASS two_arcs_in_the_dense_band_share_a_byte_identical_kernel' and 'PASS so_agreement_between_them_is_not_independent_evidence'; introspecting the check dict gives {'pass': True, 'n_shared_functions': 44, 'pair': ['frontier/B930_overlap_matrix/overlap.py', 'frontier/B935_composition_hunt/compose.py'], 'shared_lines': 478} -- i.e. 44 function-level definitions with byte-identical source text (>2 lines each, 478 shared lines total) between B930's overlap.py and B935's compose.py, exceeding the script's own >30 threshold. ALL PASS: True across the whole file (20 checks).
C034	799	B1036_mirror_double	REPRODUCES	frontier/B1036_mirror_double/b1036_final.py	220		Live full run (E6-in-gl27 build from B575 prefix + six banked adjoint blocks, ~220s total) printed: '[V5] h1(M; ad): TOTAL h1(M; ad) = 6 (predicted 6)' and the final line '==== FINAL: V4 = 5; V5 = 6; V3 seam symmetric support PRESENT cells = 0 ===='. This matches the claim's stated value exactly (h1(M;ad) = 6, matching the block-count-theorem prediction of 6). All six per-block gates (G1a-G4) printed PASS during the run, and all three V(top) blocks' MV/double-Fox cross-gate matched (h1(dbl) computed both ways agree at V(16)=2, V(8)=2, V(0)=1).
C034	805	B1039_phi_fixed_and_metallic_exponent	REPRODUCES	frontier/B1039_phi_fixed_and_metallic_exponent/verify.py	140		verify.py line 378 computes id_ok = {m: PHI(COMM, m) == _mul(_pow(WA, m), COMM, _pow(WA, -m)) for m in range(1, 11)} (i.e. m = 1..10 inclusive) via explicit free-group word reduction (PHI/_mul/_pow are the committed free-group machinery, not a symbolic shortcut). Live run printed 'PASS B3_phi_m_of_the_commutator_is_A^m_[A,B]_A^-m_exactly_in_the_free_group' and the whole file finished 'ALL PASS: True   checks: 34', confirming the identity holds exactly for all ten sampled m.
C034	806	B1039_phi_fixed_and_metallic_exponent	REPRODUCES	frontier/B1039_phi_fixed_and_metallic_exponent/verify.py	140		The committed sym_power(M,d) function (lines 44-59) already implements the M^T fix, with an inline docstring explaining the anti-homomorphism bug it replaces ('Substituting the coordinates directly ... makes Sym^d an ANTI-homomorphism ... Acting through M^T restores covariance'). Its own functoriality+determinant control ran live and printed 'PASS instrument_control_Sym_is_functorial_and_graded_correctly' (checks Sym^d(MN)=Sym^d(M)Sym^d(N) and det Sym^d=(det)^{d(d+1)/2} symbolically to d=3 and against 4 explicit matrices at d=4,5). FINDINGS.md corroborates: 'the control ... failed on the first run' before the M^T fix. Whole-file run: 'ALL PASS: True   checks: 34'. This confirms the fix is live in committed code and passes its own control, but the original failing (pre-fix, anti-homomorphism) version is not itself re-run here -- only the corrected version and its control, so the 'found by its own control' narrative rests on FINDINGS.md's prose account of the pre-fix state, not a rerun of the buggy code path.
C035	810	B1040_isomonodromy_restored	REPRODUCES	frontier/B169_isomonodromy_flow/isomonodromy.py (invoked by frontier/B1040_isomonodromy_restored/verify.py P2 check)	3		printed: 'max invariant drift over s:2->3 = 4.25e-10' and 'wrong-ODE invariant drift = 1.63e+01 (>> Schlesinger 4e-10)'; matches claim '4.25e-10 vs non-Schlesinger control 1.63e1' exactly. verify.py's P2/P2b checks (regex-parsing these) both PASS; the snappy-independent live branch is the one that ran (no guarded skip).
C035	812	B1041_the_red_locks	CANNOT_RUN			the claim is a 4870.92s (81-min) full `pytest tests/` run; the 600s budget cannot reproduce it (the arc's own FINDINGS.md notes three prior attempts died at their own 50-min timeouts). No committed CI log backs the number; verify.py itself does not re-run the pytest suite either (it re-derives the mechanism finding from REVIEWS.md/results.json and re-runs three unrelated sub-probes, but never the 3891/119/3-failed full-suite count).	not run; timing/log gap confirmed by reading FINDINGS.md and verify.py (verify.py contains no pytest invocation)
C035	816	B1043_the_band_is_the_wrong_unit	REPRODUCES	frontier/B1043_the_band_is_the_wrong_unit/verify.py	5		check 'B232s_recursion_IS_B1038s_band_form_differentiated' PASSED: sp.simplify(band_form(n)-band_form(n-1)-h(n,V)-h(n-3,V))==0 for all n in range(3,13) (n=3..12), i.e. band(n)-band(n-1)=Sym^n(V)+Sym^{n-3}(V) verified symbolically for all 10 tested n. Run printed 'ALL PASS: True  checks: 9'.
C035	818	B1045_middle_band_mapped	REPRODUCES	frontier/B1045_middle_band_mapped/verify.py	4		check 'B485s_Alexander_law_IS_the_char_poly_of_M_m_squared' PASSED: sp.expand(charpoly_of_Msq - delta_m)==0 (Delta_m(a)=a^2-(m^2+2)a+1 equals charpoly(M_m^2) exactly, symbolically in m) and delta_m at a=lambda_m^2 simplifies to 0 (root=lambda_m^2 confirmed). Run printed 'ALL PASS: True  checks: 12'.
C035	819	B1045_middle_band_mapped	REPRODUCES	frontier/B1045_middle_band_mapped/verify.py	4		check 'the_keyword_map_misassigns_and_the_rate_is_measured' PASSED with len(MISASSIGNED)==5 ({B423,B345,B346,B316,B435}), rate printed '9%' (100*5/58); check 'and_TWO_of_the_five_are_arcs_whose_claim_line_DENIES_the_cluster' PASSED (len(denials)==2: B345, B316). Per-arc claim_one_line text is re-read live from each arc_verdict.json (chk 'B423_claim_line_is_read_not_quoted' etc., all PASS). Note: the 5-arc MISASSIGNED table itself is a hardcoded dict reflecting a prior manual read, not re-derived from scratch by this script, but the live claim-text pulls and the 2/5-denial arithmetic are computed here. Run printed 'ALL PASS: True  checks: 12'.
C036	830	B1067_rayclass_harvest	CANNOT_RUN			missing dependency/data: no .py script committed anywhere in frontier/B1067_rayclass_harvest (only FINDINGS.md, arc_verdict.json, w1_results.json present); the underlying computations are named in the JSON as scratchpad-only 's2.py, s3.py, s4.py (plus an inline heredoc)' which are absent from the tree	find frontier/B1067_rayclass_harvest -type f -> FINDINGS.md, arc_verdict.json, w1_results.json only (no .py)
C036	831	B1068_descent_inventory	CANNOT_RUN			missing dependency/data: no .py file committed in frontier/B1068_descent_inventory; w2_full_results.json itself labels the computations '(scratchpad) — pure-exact python3 (integer/Fraction)'	find frontier/B1068_descent_inventory -type f -> FINDINGS.md, arc_verdict.json, w2_full_results.json only (no .py)
C036	832	B1068_descent_inventory	CANNOT_RUN			missing dependency/data: claim rests on an 'independent cocycle construction' described in FINDINGS.md/w2_full_results.json but not committed as any script in the arc directory	find frontier/B1068_descent_inventory -type f -> FINDINGS.md, arc_verdict.json, w2_full_results.json only (no .py)
C036	833	B1069_hearing_biography	CANNOT_RUN			missing dependency/data: no .py file committed in frontier/B1069_hearing_biography; ledger described as 'executed fresh in-sandbox (python3/sympy...)' with no script present, only FINDINGS.md and w3_results.json	find frontier/B1069_hearing_biography -type f -> FINDINGS.md, arc_verdict.json, w3_results.json only (no .py)
C036	834	B1069_hearing_biography	CANNOT_RUN			missing dependency/data: the correcting computation for the B92 h=2->h=1 claim is scratchpad-only, no script committed to the arc directory to rerun	find frontier/B1069_hearing_biography -type f -> FINDINGS.md, arc_verdict.json, w3_results.json only (no .py); claim is otherwise a prose algebraic argument (lambda_4=2+sqrt5 generating same ring as f=2) with no committed verifying code
C036	835	B1070_listener_derivation	CANNOT_RUN			missing dependency/data: no .py file committed in frontier/B1070_listener_derivation; FINDINGS.md itself states 'The verifiers' scripts lived in the session scratchpad ... repo untouched by agents'	find frontier/B1070_listener_derivation -type f -> FINDINGS.md, arc_verdict.json, track_a_results.json only (no .py)
C036	836	B1070_listener_derivation	CANNOT_RUN			missing dependency/data: full 2880-element/all-complex-u theorem verification is scratchpad-only, same pattern as i=835, no committed script	find frontier/B1070_listener_derivation -type f -> FINDINGS.md, arc_verdict.json, track_a_results.json only (no .py)
C036	837	B1071_sealed_listener	CANNOT_RUN			missing dependency/data: no .py file committed in frontier/B1071_sealed_listener; FINDINGS.md states 'The independent implementations lived in the session scratchpad (READ-ONLY discipline...)'	find frontier/B1071_sealed_listener -type f -> FINDINGS.md, PREREGISTRATION_V1_SUPERSEDED.md, PREREGISTRATION_V2.md, arc_verdict.json, b1071_results.json only (no .py)
C037	838	B1072_silver_instrument	CANNOT_RUN			no committed script in arc directory (only prose/JSON narration of agent returns)	Directory contains only FINDINGS.md, arc_verdict.json, b1072_results.json — no .py script exists for the SU(4)_2 build, Goursat structure, or exceptional-orbit computation; nothing to run.
C037	839	B1072_silver_instrument	CANNOT_RUN			no committed script in arc directory	Same directory listing as above — no script computes or checks the B684 k=2 ladder correction; claim rests entirely on FINDINGS.md prose.
C037	843	B1074_residue_hunt	CANNOT_RUN			no committed script in arc directory	Directory contains only FINDINGS.md, arc_verdict.json, b1074_results.json — no .py script for the four canonical Hermitian frames computation.
C037	844	B1074_residue_hunt	CANNOT_RUN			no committed script in arc directory	Same listing — no script for the frame-blind W3 Gram matrix theorem or the 16 X^tau parity-law exhaustive check.
C037	846	B1075_moduli_crossing	CANNOT_RUN			no committed script in arc directory; FINDINGS.md's own pointer resolves to a JSON data file, not code	Directory contains FINDINGS.md, PREREGISTRATION.md, arc_verdict.json, b1075_execution.json — FINDINGS.md itself points to 'the script' as living inside b1075_execution.json (a results/data file), and no standalone .py exists.
C037	848	B1076_coboundary_sweep	CANNOT_RUN			no committed script in arc directory	Directory contains only FINDINGS.md, arc_verdict.json, b1076_results.json — no .py script computing the four lambda gauge values or the CCC=3!*lambda check.
C037	849	B1076_coboundary_sweep	CANNOT_RUN			no committed script in arc directory	Same listing — no script for the vacuity-control check that kills the coset-wide 77 candidate.
C037	850	B1077_intrinsic_split	CANNOT_RUN			no committed script in arc directory	Directory contains FINDINGS.md, arc_verdict.json, b1077_results.json, l154_results.json — no .py script implementing the 128^3 = 2,097,152 associativity brute-force check or the 128-blade center enumeration.
C037	851	B1077_intrinsic_split	CANNOT_RUN			no committed script in arc directory	Same listing — no script for the L154 sigma-identification (central charges equal at sigma:=1) computation, only l154_results.json narration.
C038	853	B1078_gauge_selection	CANNOT_RUN			No PARI/GP script committed in frontier/B1078_gauge_selection (only FINDINGS.md, arc_verdict.json, b1078_results.json, control_sweep_results.json). The nfinit/idealprimedec computation described (disc=6237=3^4*7*11, splitting of 953/59/277/7/11) exists only as prose in the 'f' block of b1078_results.json, not as a rerunnable file.	dir listing: FINDINGS.md arc_verdict.json b1078_results.json control_sweep_results.json -- no .py, .gp, or .sage file present
C038	854	B1078_gauge_selection	CANNOT_RUN			control_sweep_results.json is a results/output artifact (the 18-gauge sweep transcript); no generating script (e.g. B923's 'gauge-generic pipeline' or qCL) is committed in the arc directory to rerun the lambda computations or the rigidity closure check.	dir listing shows only FINDINGS.md/arc_verdict.json/b1078_results.json/control_sweep_results.json; control_sweep_results.json 's' block is narrative JSON, not code
C038	855	B1079_wilson_menu	CANNOT_RUN			The referenced generating script 'scratchpad/e6_menu_build.py' is not present anywhere in the worktree (searched by name and by arc path); frontier/B1079_wilson_menu contains only FINDINGS.md, arc_verdict.json, b1079_results.json. The 15,624-point (Z/5)^6 enumeration and the nine menu-row counts cannot be rerun.	find for '*e6_menu*' across worktree returned nothing; frontier/B1079_wilson_menu ls: FINDINGS.md arc_verdict.json b1079_results.json
C038	856	B1079_wilson_menu	CANNOT_RUN			Same missing generating script as claim 855; the E6 marks/Kac-labeling mechanism (marks 1,2,2,3,2,1) is stated in FINDINGS.md prose and checked only against the same uncommitted enumeration, not against any committed code.	no script found; frontier/B1079_wilson_menu dir has no .py file
C038	858	B1080_global_form	CANNOT_RUN			No standalone script for the Gamma=Z/6 kernel computation across the six Weyl realizations is committed in frontier/B1080_global_form; only b1080_results.json (results transcript), FINDINGS.md, and arc_verdict.json are present. The described group-closure self-check that caught the non-primitive u(1)-generator bug is not itself present as code.	dir listing: FINDINGS.md arc_verdict.json b1080_results.json -- no .py file
C038	859	B1080_global_form	CANNOT_RUN			Same directory, same absence of a generating script; row 4's Gamma=Z/5 kernel-search + elementary-divisor computation is only narrated in FINDINGS.md/b1080_results.json, not backed by a committed script to rerun.	dir listing: FINDINGS.md arc_verdict.json b1080_results.json -- no .py file
C038	862	B1081_hydrogen_audit	NOT_A_COMPUTATION			The neutrality identity 2(2/3)+(-1/3)+(-1)=0 is exact rational arithmetic restated from imported charges (B970/B864, not derived in this arc); no script computes it in frontier/B1081_hydrogen_audit (only FINDINGS.md, arc_verdict.json, b1081_results.json). It can be hand-checked trivially (2*2/3 - 1/3 - 1 = 4/3-1/3-1 = 1-1 = 0), but that is arithmetic on borrowed inputs, not a rerunnable arc computation, and the charges' own derivation lies outside this arc's committed code.	2(2/3)+(-1/3)+(-1) = 4/3 - 1/3 - 1 = 1 - 1 = 0 (verified by hand); no .py file present in frontier/B1081_hydrogen_audit
C038	871	B1086_spectrum_law	CANNOT_RUN			Arc itself flags this as its own residual/incomplete item: an own-code rebuild of the hv8/hv16 dial matrices has not been done. frontier/B1086_spectrum_law contains only FINDINGS.md and arc_verdict.json (no results JSON, no script), so there is nothing committed to execute for this claim.	frontier/B1086_spectrum_law dir listing: FINDINGS.md arc_verdict.json (no .py, no results json)
C039	875	B1090_partition_bridge	PARTIAL	tests/test_b1090_partition_bridge.py (no dedicated FINDINGS-2 script exists; drove the saddle equation directly from the stated formula)	1		Committed test (mp.mp.dps=40) PASSES: `assert abs(2*log(1+e^z)-z) < 1e-38` -> live value 4.129649452894821542173464617387816014917e-41 at z=2*pi*i/3 (all 3 tests in test_b1090_partition_bridge.py pass: test_saddle_is_omega, test_saddle_value_is_pi2_over_6_minus_i_vol, test_gk_closed_form_value). FINDINGS.md's specific '5x10^-51' figure is reproduced only by hand-running the saddle-equation formula at mp.dps=50: got 5.328503732504618409423329751861500600583323875527e-51 (matches to the stated digit). This scaling (residual shrinks ~10^-dps as precision increases) is expected floating-point behavior of an exact identity, not evidence beyond the committed test's 40-digit check. No committed script reproduces the '5e-51' figure verbatim; it was reconstructed by choosing dps=50 in an ad-hoc driver.
C039	881	B1098_nonabelian_hatch	CANNOT_RUN	frontier/B1098_nonabelian_hatch/b1098_sl2_strata.py	0	missing data file: (scratchpad)/cloud_handoff/certificates/twisted_double.py not present in committed tree, no substitute env var set	Confirmed by repo-wide find: no file named twisted_double.py exists anywhere in the worktree. b1098_sl2_strata.py reads CERT = os.environ.get('B1098_CERT_PATH', '(scratchpad)/cloud_handoff/certificates/twisted_double.py'); that certificate (the e6 Chevalley-bracket generator) is not committed, so the generating computation for the 20-class enumeration and the A2 dim=16/rank=4 result cannot be executed from this repo alone. Only the pre-baked b1098_results.json/b1098_a2_triple.json can be read (data, not a rerun).
C039	882	B1098_nonabelian_hatch	CANNOT_RUN	tests/test_b1098_nonabelian_hatch.py::test_a2_triple_relations_and_centralizer_live	1	missing data file: certificate path required by B1098_CERT_PATH env var not present; test self-skips	Test body: `cert = os.environ.get('B1098_CERT_PATH'); if not cert or not os.path.exists(cert): pytest.skip(...)`. With no B1098_CERT_PATH set and no such file present, the test SKIPS -- confirmed the guarded live branch never executes in the committed repo state, since snappy availability is irrelevant here (this is a missing-file skip, not a snappy-absent skip). The claimed 'live re-verification of Chevalley relations and 16-dim centralizer nullspace' is not exercised.
C039	885	B1100_landing_content	CANNOT_RUN	frontier/B1100_landing_content/b1100_exact_table.py	0	missing data file: cloud_handoff/certificates/twisted_double.py not present, no env override available in this script	b1100_exact_table.py hardcodes CERT='cloud_handoff/certificates/twisted_double.py' with no env-var override; confirmed via repo-wide find that twisted_double.py does not exist anywhere in the worktree. The generating script for the joint weight table (sum=27, sl2 multiset {-2:6,0:15,2:6}) and negation-asymmetry witness cannot be run; only the pre-computed b1100_exact_table.json can be read.
C039	886	B1100_landing_content	CANNOT_RUN	frontier/B1100_landing_content/b1100_hypercharge.py	0	missing data file: cloud_handoff/certificates/twisted_double.py not present	Same missing-certificate dependency as claim 885 (twisted_double.py absent from repo, no override). Additionally the arc itself labels this result 'float grade' with the exact solve deferred to B1102, so even with the certificate present this would only be a numeric hit, not the exact claim.
C039	898	B1112_projective_hatch	CANNOT_RUN	frontier/B1112_projective_hatch/parity_sweep.py	0	missing data file: external certificate (B1098_CERT_PATH) not committed	parity_sweep.py depends on B1098_CERT_PATH pointing to the same external twisted_double.py certificate confirmed absent from the repo. FINDINGS itself states 'Live re-run needs the session certificate.' Only parity_sweep.json (the pre-computed 9-of-20-projective, A2-projective/A1-not result) can be read as data; the generating sweep cannot be rerun from committed code alone.
C039	903	B1118_deflation	CANNOT_RUN		0	missing dependency: no generating script committed anywhere in the repository for this claim	Directory listing of frontier/B1118_deflation contains only: ohtsuki_out.txt, hyper_orbits_out.txt, DEFLATION_RUN_source.md, FINDINGS.md, arc_verdict.json -- no .py file anywhere in the arc directory. Confirmed no fork_theorem.py or hyper_orbits-generating script exists anywhere else in the worktree either. Only the committed stdout transcript (hyper_orbits_out.txt, containing 'solution-preserving factor swaps: [(3,2,1,0)]') can be read; there is no committed code to execute.
C039	904	B1118_deflation	CANNOT_RUN		0	missing dependency: no generating script committed anywhere in the repository for this claim	Same directory listing as claim 903: no .py generating script for the Ohtsuki one-loop coefficient exists in the arc directory or elsewhere in the repo. Only ohtsuki_out.txt (the stdout trace, c1~0.55421647780891 vs 11*pi/(36*sqrt3)=0.5542164724) is committed as text; nothing to run.
C040	905	B1119_anomaly_resolved	CANNOT_RUN			No .py generating script exists anywhere in the worktree for this computation. Only committed artifacts are anomaly_resolved_out.txt (captured stdout) and ANOMALY_RESOLVED_source.md. Repo-wide grep for E6(6)/E6(2) character-generating scripts turns up only unrelated arcs (B1125, B1134, B1135). Cannot rerun; committed .txt shows control tau=id -> character 6 (E6(6) split), variant A -> character 2 (E6(2)), variant B -> character 6 (E6(6) split), but no line for a 'compact involution -> -78' appears in the .txt at all, and there is no code to check it against.	anomaly_resolved_out.txt verbatim: 'control tau=id (expect split +6): dims 78/0; corrected sig (42+,36-); character 6 -> E6(6) split' / 'variant A (id on color): dims 36/42; corrected sig (40+,38-); character 2 -> E6(2)' / 'variant B (-1 on color): dims 38/40; corrected sig (42+,36-); character 6 -> E6(6) split'. No 'compact involution'/'-78' line found in the file.
C040	913	B1147_clane_harvest	CANNOT_RUN			Generating script c3_ohtsuki_large.py is not present anywhere in the worktree (confirmed by find -iname across the whole tree). The arc's own verification/reproduce_all.sh explicitly lists a fixed CERTS set (cp1_strata cusp_beat jordan_beat a2_glue64 a5_parity_lemma b2_yukawa a4_pin c5_qp1 c1_weyl c2_habiro c2b_ohtsuki_bridge) that does not include c3_ohtsuki_large, and no 'certificates/' subdirectory exists under this arc at all -- only b1147_results.json, FINDINGS.md, arc_verdict.json, and verification/{c3_ladder.txt,reproduce_all.sh}. Only the raw output ladder values (verification/c3_ladder.txt) can be inspected, not recomputed.	find over worktree for 'c3_ohtsuki_large.py' and 'certificates' returned no results under B1147; c3_ladder.txt contains 19 rows N=400..4000 e.g. '400:806708580196262771...216' and '4000:3.21293943833771624633543307803786492501994556737973623284424741004733914080828241180467530933063901996345283103482416245e+566' -- data present but ungenerated by any committed script.
C040	924	B1157_dynamics_null	PARTIAL	frontier/B1157_dynamics_null/verification/reproduce.sh	3	The arc's committed verification/reproduce.sh was run in full (live) and REPRODUCES its own two claims: (A) acyclicity table (H0,H1,H2)(M) = (1,1,0) at m=0 and (0,1,1) for m=1..5; (B) Vol(4_1)=2.029883212819307250042405..., exp(-4 Vol/pi)=0.07543170680114986480320179 (matches B8142b's quoted 0.0754), ending 'REPRODUCES'. But claim i=924 is specifically about the Sym-power Ruelle factorization R_{rho(m)}(s)=prod R(s-j,sigma_j) reproduced to |diff|<=5e-18 (credited to cc3 B8142, 'independently re-derived two ways by this seat') -- that computation is NOT in reproduce.sh (which computes acyclicity + Vol tautology only, not the factorization identity or any |diff| check) and no other script in this arc directory touches it. The bank-grade bullet in FINDINGS.md rests entirely on work attributed elsewhere/unreproduced here.	Live run printed: '0 |     1     |         1          |      2       |    1     |   (1, 1, 0)' through '5 |    11     |         1          |      2       |    1     |   (0, 1, 1)'; 'Vol(4_1) = 2*D(e^{i pi/3}) = 2.029883212819307250042405'; 'exp(-4 Vol/pi) = 0.07543170680114986480320179  (B8142b: 0.0754)'; final line 'REPRODUCES'. No line anywhere computes R_{rho(m)}(s) or any |diff|<=5e-18 figure -- that specific claim's numeric was not exercised by any committed script.
C040	930	B1161_frontier_sweep	CANNOT_RUN	frontier/B1161_frontier_sweep/verification/reproduce.sh	2	crown_p1p2.py is not present in this arc's directory or anywhere else in the worktree. The arc's own verification/reproduce.sh explicitly says in its header comment that 'the crown free-orbit theorem was own-run by the workflow (crown_p1p2.py, ...) + adversarially verified' and then only reproduces three OTHER cells (SEAM-A PSLQ vacuity, generation-index NULL, L132-B892 centralizer counting) -- none of which compute the free-orbit theorem itself. No committed script reproduces the V4 free/transitive action, the 4-branch count, or the no-invariant-selector claim.	reproduce.sh header: 'The crown free-orbit theorem was own-run by the workflow (crown_p1p2.py, 28->8 faithful pairs, 2 free V4 orbits, trivial stabilizers) + adversarially verified'. Live run of the script only printed the SEAM-A/generation-index/L132-B892 cells (ending 'REPRODUCES'); no free-orbit computation appears in stdout or in any file matching crown_p1p2.py found by find over the whole worktree.
C040	938	B1166_charter_attack	DIFFERS	frontier/B1166_charter_attack/verification/reproduce.sh	3	The committed verification/reproduce.sh WAS run live (snappy branch, not guarded/skipped) and does reproduce the qualitative claim (CS=0 to float precision => amphichirality, complex volume real) and the C3 dilaton-only conclusion. But the specific quoted numeric value differs: FINDINGS.md and the packet's claim state Im(complex volume) = 1.8e-15, while the live rerun (checked deterministic over 3 runs) prints |Im(cv)| = 2.6645352591003757e-15 -- a different digit string, same order of magnitude and same qualitative conclusion (CS=0 within float precision, assert passes).	Live stdout: 'C3 fact 1 (the phase pin): complex volume Vol + i*CS = 2.029883213 + 2.66453526 E-15*I' and '|CS| = 2.6645352591003757e-15 -> CS = 0'. Claim/FINDINGS.md quote 'own-verified 1.8e-15'. Repeated 3x independently: always 2.6645352591003757e-15, so the discrepancy is not run-to-run noise -- the committed FINDINGS.md number (1.8e-15) does not match what the committed script actually prints (2.66e-15).
C040	939	B1166_charter_attack	REPRODUCES	frontier/B1166_charter_attack/verification/reproduce.sh	3	The same reproduce.sh's C4 section computes disc(Q(zeta12))=144 factored as {2:4,3:2} (i.e. 2^4*3^2, only primes 2 and 3 ramify), lists the three quadratic subfields Q(sqrt-3), Q(sqrt3), Q(sqrt-1), and checks whether 5 ramifies in H=Q(zeta12) -- it does not, so Q(sqrt5) is confirmed not a subfield. All match the claim exactly.	"Live stdout: 'free-orbit field H = Q(zeta_12): disc = 144 = {2: 4, 3: 2} => ONLY primes 2,3 ramify'; 'three quadratic subfields: [""Q(sqrt-3)"", ""Q(sqrt3)"", ""Q(sqrt-1)""]'; 'does 5 ramify in H=Q(zeta_12)? False => Q(sqrt5) is NOT a subfield of Q(zeta_12)'."
C041	940	B1167_seat_harvest	PARTIAL	frontier/B1167_seat_harvest/verification/reproduce.sh	1	the character-arithmetic half of the claim is committed code and reproduces exactly; the cert-reproduction half of the claim is an uncomputed citation string, not executable here	Printed: 'k=4: up(Q.uc.Hu)=0 down(Q.dc.Hd)=0 lep(L.ec.Hd)=0 mu(Hu.Hd)=0 (all mod 12)' and identical zeros for k=8 -- matches claim 'every MSSM operator is C12-neutral'. But the same block only PRINTS the sentence 'CITED: codex's two certs verify_yukawa_cup_product_308_scope.py + _exact_spectrum_no_go.py reproduced ... -> PASS, byte-identical' -- it does not actually invoke those scripts. grep/find for verify_yukawa_cup_product_308_scope.py and verify_yukawa_exact_spectrum_no_go.py across the whole worktree returns nothing: the cert files are not present in this tree to rerun.
C041	942	B1167_seat_harvest	REPRODUCES	frontier/B1167_seat_harvest/verification/reproduce.sh	1		Printed: 'm004 cusp shape = 3.4641016151 i == 2*sqrt3 i = 3.4641016151 i : True'; 'UNIQUE in the 14-member Q(sqrt-3) family ... nothing within 1e-6): True'; 'real part = 1.1102230246251571e-15 -> PURELY IMAGINARY'; 'orientation-reversal ... == tau: True'. snappy is installed and the live (non-guarded) branch executed (no ImportError/skip). Matches claim's '2sqrt3*i unique, purely imaginary (mirror-fixed)' exactly.
C041	949	B1177_instrument_bundle	PARTIAL	frontier/B1177_instrument_bundle/verification/reproduce.sh	1		"reproduce.sh line: 'grep -q ""21 true no-runner-no-lock"" ../reproducer_debt.md && echo ""  OK L183 debt list (21)""' -- ran and printed 'OK L183 debt list (21)'. Confirms the packet's own diagnosis verbatim: the check only greps that the sentence exists in reproducer_debt.md; it never re-executes the two-stage heuristic scan (naive 176 -> 21) from committed code."
C041	955	B1187_depth_closure	PARTIAL	frontier/B1187_depth_closure/verification/b685_deep.py	45		Fast path exactly reproduces the flagged red flag: reproduce.sh crashed with 'FileNotFoundError: [Errno 2] No such file or directory: b685_deep.log' after WALL-7's block passed -- b685_deep.log is absent from the tree (git status shows no such file, .gitignore has *.log-style patterns) confirming the fast path cannot run from a fresh clone. But running verification/b685_deep.py directly (K=60, NC=240 as committed in the script) DOES complete and print: 'OBJECT side ... v5(denominator) = 0 at EVERY order n <= 60 ... HEARING side ... v5(denominator of c_n) = n + v5(n!) exactly (checked to n = 240)' and 'OVERALL: ALL CHECKS PASS' / 'VERDICT SIGNAL: RECONFIRMED'. So the underlying v5=0-vs-v5->infinity kind-mismatch and ALL CHECKS PASS reproduce when actually run; only the committed fast-path shortcut (reading a gitignored log) is broken as the packet states.
C041	978	B1201_lee_verified_and_harvest	NOT_A_COMPUTATION		0	literature citation, no committed code computes this	cells.json's R52-3 entry is a prose close-read with quoted line numbers from an external PDF/HTML (arXiv:2502.11950v1), e.g. 'a1 = +/-1 ... a2, b2 in Q(1)' and 'When a1 = 1, ... as many as |a1| choices'. No script in the arc computes |a1|=1 from primary data; the claim rests entirely on a human transcription of the paper's own boxed values, which are not committed to this repo (confirmed: no arXiv source file or Appendix-A data is checked into the worktree).
C041	980	B1201_lee_verified_and_harvest	CANNOT_RUN		1	no committed re-runnable script for this claim exists in the named arc_dir; the certificate lives in a different, uninspected arc	b1201_results.json states cloud.quine_cert = 'RE-RUNS CLEAN -- Q1 verified here'. No quine-cert script exists under frontier/B1201_lee_verified_and_harvest/ (only verification/cells.json, which contains only the Lee-paper reading, is committed there). The only quine-related files in the whole worktree are frontier/B1184_quine_synthesis/verification/quine.txt and tests/test_b1184_quine_synthesis.py -- a different arc, not in this packet's arc_dir.
C041	986	B1207_slow_lane_discharge	PARTIAL	frontier/B1207_slow_lane_discharge/verification/reproduce.sh	3		Ran and printed all 5 discharged-postcondition checks passing: '(1) verification scripts with absolute machine paths: 0', '(2) verdicts with no findings document: 0', '(3) NEGATIVE arcs: 303; unrouted: 0', '(4) B1113 REPO_ROOT dirname depth: 3 (needs 3...)', '(5) ID strip: flags a bare id=True, keeps a colon-free reason=True', ending 'REPRODUCES'. This exactly matches the claim's own caveat: it re-checks the 5 discharged fixes' after-effects, not the original '9 failed/5702 passed/5 skipped' 4h45m OA_SLOW suite run itself, which is not re-executed anywhere in committed code.
C041	987	B1207_slow_lane_discharge	CANNOT_RUN		1	missing data file (real_grid.jsonl) not present in the tree; no way to independently recompute the before/after Sidak-alpha halving from committed data	b1207_results.json .side_effects_class_E[0] (E1) states: 'aggregate re-derived M_grid_cells 216 -> 432 and halved the Sidak alpha (2.374e-4 -> 1.187e-4)' and 'grid restored to 216 unique rows; banked final_report.json reproduced EXACTLY' for arc B1137. No real_grid.jsonl exists anywhere in the worktree (find returns nothing) and it is not part of this arc's (B1207) committed file set at all -- it belongs to arc B1137_regulator_probe, whose results/final_report.json is committed but the raw witness grid is gitignored/absent.
C042	988	B1208_cross_seat_harvest	REPRODUCES	frontier/B1208_cross_seat_harvest/verification/verify_s5.py	1		printed: 'of those, exactly opposite (CS_i = -CS_j): 156/156' and 'window width 0.000264, |CS| spread 0.143205, ratio 541.5x' -- matches claim's '156/156 same-volume pairs carry exactly opposite CS' and 'a 541x |CS|/Vol witness'.
C042	989	B1208_cross_seat_harvest	REPRODUCES	frontier/B1208_cross_seat_harvest/verification/verify_r021.py	3		snappy branch ran live (snappy is installed): printed 'N = Gieseking (m000): orientable False, H1 = Z', 'M = (m004): orientable True, H1 = Z', 'm004 IS a degree-2 cover of the Gieseking: confirmed by isometry.', Smith normal form -> H1(N)=Z, and the generalization argument for any rank-1 H^1(-;F2) manifold printed in full; ends 'VERIFIED (topological half...)'. All matches the claim.
C042	990	B1210_paper_spine_sweep	CANNOT_RUN	frontier/B1210_paper_spine_sweep/verification/spine_sweep.py	2	the claim's specific numbers (85 arcs banked in the spec's last 10 days; 11 cited; 48 law-creating arcs; 1 cited) are stored only in b1210_results.json's 'coverage' block -- no committed script computes a 'banked in the spec's own last ten days' time-window metric anywhere in the arc (grep for timedelta/days=10/ten_days finds nothing but the banked JSON value itself). The only committed script, spine_sweep.py, computes a different quantity (pool = law-creating UNION on-surface-citation, with law-creating currently 75 and printed committed _out.txt showing 68; spec citations currently 36 vs committed _out.txt's 30) -- neither run ever prints '85' or '11'. Fresh run today: 'corpus: 1136 arcs', 'claim pool: 469 (law-creating 75...)', 'P3 spec cites 36 arcs...OF THOSE, 9 have a later arc...'.	b1210_results.json coverage = {arcs_in_last_ten_days:85, cited_by_spec:11, law_creating_arcs_in_corpus:48, cited_by_spec_of_those:1}; fresh spine_sweep.py run prints only law-creating=75, pool=469, spec cites=36, at-risk=9 -- no code path produces 85/11/48/1.
C042	991	B1213_claim_base_rebuilt	DIFFERS	frontier/B1213_claim_base_rebuilt/verification/claim_base.py	2		Claim: '919/1031 (89%) absent; declared true 55, declared false 57; control ratio 2.29x'. Fresh run prints: 'settled arcs: 1045   declared true: 75   declared false: 143   ABSENT: 827 (79%)' and 'control: declared-law mean 3.00 vs rest 1.07 = 2.81x'. All four headline numbers differ (75 vs 55 true, 143 vs 57 false, 827/79% vs 919/89% absent, 2.81x vs 2.29x control ratio) because the script recomputes live from the now-larger arc_verdict.json corpus (1045 settled now vs banked snapshot); reproduce.sh's gate only checks for the string VERIFIED so this drift is not caught, matching the claim's own 'reproducible_from_committed: no'.
C042	1009	B1231_identification_discipline	PARTIAL	scripts/checks/identification_audit.py	2		"Script found at scripts/checks/identification_audit.py (not omitted, contra the packet's 'why'; it exists and ran). --triage prints: 'TRIAGE of 63 candidates: MAP-LANGUAGE PRESENT 3 -- TYPING-LANGUAGE ONLY 6 -- BARE 54'. Claim states 61 candidates (3 map, 6 typing, 52 bare). Map(3) and typing(6) counts match exactly; bare(54 vs 52) and total(63 vs 61) differ because the corpus grew from 1179 to 1193 frontier/*/arc_verdict.json dirs since banking. The stated blind spot is directly confirmed live: --selftest prints '[PASS] KNOWN BLIND SPOT: bare ""X IS Y"" is NOT caught (declaration, not detection, is the mechanism)' and 'CONTROLS PASS', and the module docstring explicitly ties this to 'EXACTLY how this bench phrased the C-5b error the instrument was built for.'"
C000	1098	_frontier_root_files	REPRODUCES	frontier/B68_aj_conjecture/probe.py	4		Note: the packet's own claim says the generating script is absent from this arc's file list, but it IS committed elsewhere in the tree at frontier/B68_aj_conjecture/probe.py (writes exactly frontier/aj_conjecture_check.json). Rerun reproduced: minimal_order=2 for both sample q's, order_matches_A_L_degree=true, annihilation_residual_N2_5 ~3.97e-17..7.18e-16 (orig JSON had 3.96e-17..7.20e-16) and ~1.54e-17..1.61e-16 for q2 (orig 2.20e-17..1.04e-16) -- same order of magnitude (~1e-16/1e-17) as claimed; colored_jones J_1..J_5 strings match verbatim; verdict text identical.
C000	1099	_frontier_root_files	PARTIAL	frontier/B174_gluing_map_landscape/gluing_landscape.py; frontier/B143_interaction_feasibility/probe.py; frontier/B462_relation_r3_double/phi_scan.py; frontier/B488_dgg_family/dgg_family.py	5		Contrary to this arc's own claim that the underlying scripts (gluing_landscape.py, phi_scan.py) are 'not in this arc's file set', they and B143/B488's scripts ARE committed (in the B174/B462/B143/B488 arcs). Reran all four: B174 gluing_landscape.py -> 'ALL CHECKS PASS', fork sizes T=9, S=16, T^2=10, ST=32, TS=32, STS=32 (matches doc's '9/16/10/32/32'). B143 probe.py -> apoly_m1='t**4 - 5*t**2 + 2', apoly_m2='t**2 - 6', fork_(1,2)=['-4','-2'], trace-mirror-invariance True for all tested braid pairs (matches doc verbatim). B488 dgg_family.py -> m=1..8 gives rank U(1)^{2m-1} and H1=(Z/m)^2+Z for every m (e.g. m=3: rank U(1)^5, H1=Z/3+Z/3+Z), matching the doc's tets=2m/H1=(Z/m)^2+Z claim (cusps=1 assumed by the rank formula, not printed separately; census IDs m1->m004 etc. and trace=m^2+2 are NOT printed by this script, so those sub-details are unverified here). B462 phi_scan.py -> 'GATE PASSED', mine vs B441 tau_r matched to the printed 10 digits at r=5,7,9,11 (e.g. r=5: mine=0.6909830056+0.9510565163j = B441 exactly). HOWEVER the doc's regina-based claims for B462 (idealToFinite/doubleOverBoundary -> closed/irreducible/Haken/8 incompressible tori) and any Regina-based JSJ step for B143/B487 are CANNOT_RUN: B143's own probe.py output states regina_available: False, and Regina is confirmed absent from this environment, so that portion of the doc's 'independent recomputation' cannot be re-executed here. B487 is explicitly self-flagged by the document as a literature citation, not recomputed.
