{
 "N": 231,
 "n_theta_fixed": 21,
 "dim_odd": 105,
 "Z": [
  2.0,
  -5.88418203051333e-15
 ],
 "tr_odd": [
  1.0000000000000007,
  -2.9976021664879227e-15
 ],
 "off_block_norm": 3.936154892915367e-15,
 "S_odd_sq_plus_I": 9.820084344096419e-15,
 "B_odd_nonscalar": 10.24699342919708,
 "order_float": 36,
 "n_distinct_mags": 238,
 "ws_2K": [
  1.2775938048000002e-06,
  6.586565418200001e-06,
  7.1318235992e-06,
  8.793850322880002e-05,
  0.0001041194293958,
  0.00036096556605680005,
  0.0007099790971608001,
  0.0008213475707621999,
  0.0011905013795702,
  0.0012699585179999997,
  0.0012857494274582,
  0.0013211304026111998,
  0.0020757821580662003,
  0.0021413948726582,
  0.004068963985655,
  0.004229911946275201,
  0.0043862947301592,
  0.0044284056486102,
  0.004490912288254999,
  0.0047471709965237995,
  0.0051820008619717995,
  0.0055831570836902,
  0.005755892832855,
  0.006149064261374999,
  0.00688257731318,
  0.0069041141753048004,
  0.007465907230671199,
  0.008169344425675799,
  0.008178283828851801,
  0.010254322801402203,
  0.010552925274987801,
  0.0118250615024408,
  0.011834971165655,
  0.012227466401179998,
  0.0128259032642712,
  0.0132331630117592,
  0.014678464901019801,
  0.0146872491452102,
  0.014722053377495001,
  0.015068244363082201,
  0.0158816253796352,
  0.01673470650008,
  0.019362944235708803,
  0.019833240410850203,
  0.0221294484523238,
  0.0229294583861528,
  0.026062005355147803,
  0.0279354327380352,
  0.0281601822798422,
  0.0289522710829862,
  0.034480328101019996,
  0.03457141174356079,
  0.0364439884581062,
  0.0368002975071878,
  0.037262577795516796,
  0.03860011546549999,
  0.04231338693461999,
  0.0439895465828118,
  0.04430254474772479,
  0.0444178892999768,
  0.048432926247455,
  0.0488923897164758,
  0.0531273867295142,
  0.054467302635379806,
  0.054944715034098195,
  0.057538260749010195,
  0.0605292253489782,
  0.06063173098597979,
  0.062246483220975195,
  0.06343486584436078,
  0.0642125656143702,
  0.0655577358585462,
  0.0688245797035872,
  0.0706639489805912,
  0.0725524783657688,
  0.0733642241852952,
  0.07558377526929022,
  0.0770916873619478,
  0.08032670359904881,
  0.08969325055806321,
  0.09131066970432382,
  0.09420465965296881,
  0.0995988834454662,
  0.10015309256005822,
  0.10193355677520378,
  0.10526316210526318,
  0.11341835932785502,
  0.1159725602372678,
  0.1191791084188598,
  0.12011940499717999,
  0.1238619069922688,
  0.125280070078055,
  0.1331017337100632,
  0.13835836977831917,
  0.1423050462331928,
  0.14290270151023576,
  0.14661509066185502,
  0.1477565153327142,
  0.15673749028448003,
  0.1571559239014502,
  0.16051838555648,
  0.16160265541568883,
  0.1686741474152502,
  0.17385171544336323,
  0.19214693973517682,
  0.1958193497062872,
  0.2028288535052198,
  0.205754153271255,
  0.2118381253902182,
  0.21408420753501978,
  0.22294329565302723,
  0.22533342633580222,
  0.23152307868557825,
  0.23392978302955517,
  0.2339994360124928,
  0.23827635955489496,
  0.23906370012285016,
  0.2437010674230422,
  0.24810146148602477,
  0.25242011805164477,
  0.2545564699755542,
  0.2569369336743782,
  0.267532384740455,
  0.26849648331302,
  0.27266350800443423,
  0.2777317357832198,
  0.2855066914930838,
  0.28743147372251115,
  0.28859081125248,
  0.29090883920589183,
  0.2910193672583718,
  0.2978793933636888,
  0.30591150880579515,
  0.30955119815735277,
  0.3105255225567078,
  0.31368640555644384,
  0.3220018432191872,
  0.32543571064710786,
  0.3401883726439302,
  0.34464669957379584,
  0.35333508401185504,
  0.35567909575887424,
  0.35639274556513517,
  0.3660565536104918,
  0.3712788529959512,
  0.3868745375251238,
  0.39171371336910316,
  0.39443957401137025,
  0.39570425178762625,
  0.3999583221672038,
  0.4210526484210527,
  0.42887738792137503,
  0.4378835661157478,
  0.4522351434126848,
  0.4615159832407862,
  0.46890739867117676,
  0.4792010262648192,
  0.4881141837054902,
  0.49019009993905516,
  0.4918528804846838,
  0.4952883123224672,
  0.5175862924887392,
  0.519656171151455,
  0.5250555965646918,
  0.5289677147177478,
  0.5339743594222951,
  0.5384401954938072,
  0.5414397260552192,
  0.5496712029597528,
  0.5612990816568671,
  0.5701324880350591,
  0.5708621857896032,
  0.5782542980010279,
  0.5850564027074439,
  0.6055823844438821,
  0.6194882682354951,
  0.6386219170464726,
  0.6615939485734549,
  0.6666667098869088,
  0.6716555773879879,
  0.6793365788687767,
  0.6850783072524758,
  0.6997403068379998,
  0.7033199175890549,
  0.7108321606685791,
  0.72396988984928,
  0.7492316422506997,
  0.7645401018722648,
  0.7824916494412901,
  0.7830779515377153,
  0.785074987338988,
  0.799666681048815,
  0.8008685201557639,
  0.8095077586181078,
  0.8124180658817408,
  0.8326013868373383,
  0.8801631725708359,
  0.8894615360596833,
  0.916172902368455,
  0.9328212163376791,
  0.9347899702640742,
  0.9498972242275381,
  0.9654992661997953,
  0.9760048496223128,
  1.026700485050655,
  1.030040900179234,
  1.0457922656832677,
  1.1185781965932038,
  1.1325409746420037,
  1.136017014686669,
  1.1568905547380437,
  1.1624178544453716,
  1.188207388423753,
  1.2044231759564825,
  1.2616354288482903,
  1.2722173583645593,
  1.2839354152885236,
  1.2946505212345862,
  1.384345723240253,
  1.510031366168428,
  1.5109074705354675,
  1.5165842011858552,
  1.5238939947571353,
  1.567032177874055,
  1.6842105936842109,
  1.7480228872404038,
  1.7540226215721701,
  1.7924146783924118,
  2.131605492714223,
  2.1555337584969156,
  2.1924608382386075,
  2.199005109081533,
  2.309423381657917,
  2.3833129214724247,
  2.406410996799279,
  2.48742323263448,
  3.851983113088527,
  4.456978184481137
 ]
}