{
 "Ltriv": 0.24999999999999994,
 "L1_abs": 0.25,
 "L2_abs": 0.24999999999999992,
 "trivial": false,
 "twelveL1_norm2": 9.000000000000002
}