frontier/B1003_axiom_prices/FINDINGS.md	orientation	63	| **FRAGILE** | **F5 — A6, orientation** · **F6 — A5b, the puncture** |
frontier/B1003_axiom_prices/FINDINGS.md	orientation	65	> **Five cheap axioms, TWO load-bearing ones: orientation and the puncture.**
frontier/B1003_axiom_prices/FINDINGS.md	orientation	69	behind it — **M² = RL**, the golden matrix squared (B14) — so *"orientation = choosing the child of
frontier/B1003_axiom_prices/FINDINGS.md	gieseking	70	the parent"* is a matrix fact, and the discarded child is **Gieseking**.
frontier/B1003_axiom_prices/FINDINGS.md	orientation	76	ℤ[φ] order, and its satisfiability proof; that the two FRAGILE forks are exactly orientation and the
frontier/B1003_axiom_prices/FINDINGS.md	orientation	82	axioms — orientation and the puncture — and both alternatives are named objects.**
frontier/B1008_lexicon_epoch/FINDINGS.md	amphichiral	30	| B901–1010 | 103 | 0.709 | 0.893 | 3.10 | eisenstein, firewall, amphichiral_cp |
frontier/B1008_lexicon_epoch/FINDINGS.md	amphichiral	48	*(Both effects are present — the local top-3 does shift, `z3_generation` and `amphichiral_cp`
frontier/B1009_verification_pass/FINDINGS.md	amphichiral	49	> supplies the actual argument:** *amphichirality ⟹ Z_k(M) = Z_{−k}(M) ⟹ θ = 0.* **That is NOT the
frontier/B1009_verification_pass/FINDINGS.md	amphichiral	51	> half is real — m004 is amphichiral and CS = 0 is in the record (X25 carries it). **The failure is
frontier/B1009_verification_pass/FINDINGS.md	chern-simons	51	> half is real — m004 is amphichiral and CS = 0 is in the record (X25 carries it). **The failure is
frontier/B1009_verification_pass/FINDINGS.md	chern-simons	61	narrower: B303's sign = sign(CS). That is not θ_QCD = 0 parameter-free.)*
frontier/B1009_verification_pass/FINDINGS.md	chern-simons	91	- **S2 is the campaign's own X25/X21** (B250's CS vs Gukov's `I_CS`), independently re-derived —
frontier/B1010_consolidation_loss/FINDINGS.md	orientation	51	banked law where a value is *forced by the coupling* — the observer-coupling reorientation made
frontier/B1010_consolidation_loss/FINDINGS.md	spin	65	- **B132** — field content = word-spin-mod-4 quantum-group arithmetic; m = 1 uniquely coherent.
frontier/B1010_consolidation_loss/FINDINGS.md	chern-simons	70	exists *seam* · which-sign external, = the sign of the CS clock (two named [LEAP]s) · η_B
frontier/B1012_branch_verifications/FINDINGS.md	chern-simons	13	Gukov's split at level t = k + iσ on the geometric connection, ĉ = i(Vol + i·CS):
frontier/B1012_branch_verifications/FINDINGS.md	chern-simons	15	> **S = (t/2)ĉ + (t̄/2)ĉ̄ = −CS·k − Vol·σ — exact** (sympy, `b1012_verify.py`), and therefore
frontier/B1012_branch_verifications/FINDINGS.md	chern-simons	16	> **∂S/∂k = −CS identically.**
frontier/B1012_branch_verifications/FINDINGS.md	amphichiral	18	**The sharpening this bench adds: the object's k-blindness is EQUIVALENT to its amphichirality,
frontier/B1012_branch_verifications/FINDINGS.md	chern-simons	19	not merely implied by it** — ∂S/∂k = −CS, so blind-to-k ⟺ CS = 0 ⟺ the object equals its mirror
frontier/B1012_branch_verifications/FINDINGS.md	amphichiral	20	(B303's banked line: the cusped amphichiral object has CS = 0). One geometric property, read in
frontier/B1012_branch_verifications/FINDINGS.md	chern-simons	20	(B303's banked line: the cusped amphichiral object has CS = 0). One geometric property, read in
frontier/B1012_branch_verifications/FINDINGS.md	chern-simons	22	property that forces the CS-clock structure.** H11's *"firewall relocated to k"* upgrades to
frontier/B1012_branch_verifications/FINDINGS.md	chern-simons	27	## 2. VERIFIED — the CS normalisation closure (cc3 `8edefc63`): R4 is DISCHARGED
frontier/B1012_branch_verifications/FINDINGS.md	chern-simons	34	| (B) gravitational CS level | σ = ℓ/4G | named classical input |
frontier/B1012_branch_verifications/FINDINGS.md	chern-simons	35	| (C) on-shell action | I = ℓ·Vol/4πG | cc3's S2, Einstein–Hilbert only, **no CS input** |
frontier/B1012_branch_verifications/FINDINGS.md	chern-simons	38	assumed** · I = c·Vol/6π ≡ σ·Vol/π — (C) reproduced through the CS dictionary unchanged.
frontier/B1012_branch_verifications/FINDINGS.md	chern-simons	55	| `86010c6b` "the level IS the cusp conductor" | — | **TERMINOLOGY HAZARD registered (B1013): "level" now names two things** (congruence level vs CS level k), exactly as "conductor" named two (B1002) |
frontier/B1012_branch_verifications/FINDINGS.md	chern-simons	61	Items 1–2 are **exact algebra**: the named classical inputs (Brown–Henneaux, the gravitational CS
frontier/B1013_wall_resort/FINDINGS.md	chern-simons	28	| scale (ℓ, k) | boundary + specification | the object is **provably blind to k**: ∂S/∂k = −CS ≡ 0 (B1012) |
frontier/B1013_wall_resort/FINDINGS.md	chern-simons	48	(congruence level vs CS level k — different theories; identifying them is a category claim
frontier/B1014_proof_form/FINDINGS.md	chern-simons	26	(values frame-relative in the pair), B1012 (∂S/∂k = −CS ≡ 0). *A theory whose values live in the
frontier/B101_hitchin_reframing/FINDINGS.md	sl2c-lift	11	variety**. The principal embedding `PSL(2,ℝ)→SL(3,ℝ)` *is* the `Sym²` irrep, so `V0 = Sym²(Fuchsian)` is by
frontier/B1020_kind_rg_ledgers/FINDINGS.md	chern-simons	13	**B1016**); the hierarchy carriers (**B923/B928**); CS = 0 (**B303**). SM-side kinds and the RG
frontier/B1023_phase2_concessions/FINDINGS.md	spin	13	functors, not one.* **C4:** R11 licensed a continuous anchor on discrete theorems — the pin
frontier/B1023_phase2_concessions/FINDINGS.md	spin	16	## Round 2 — cc3's two blockers ON THE PIN, both verified here and conceded
frontier/B1025_input_derivability/FINDINGS.md	chern-simons	16	along the (1,n) ladder CS is same-signed: *the arrow PROPAGATES internally once seeded*. But the
frontier/B1025_input_derivability/FINDINGS.md	chern-simons	17	cusped object itself sits at **CS = 0, the symmetric origin** (`audit_checks.py`): the seed is the
frontier/B1025_input_derivability/FINDINGS.md	amphichiral	24	computed two ways, four hatches closed), amphichirality itself — the object *equals its mirror*
frontier/B1028_freedom_ledger/FINDINGS.md	spin	55	| hypercharge direction | **continuum pin** — the anomaly cone is exactly one line (B864·B991) | noted, not counted (C-B) |
frontier/B1028_freedom_ledger/FINDINGS.md	chern-simons	57	| CS=0; no dimensionful | controls, not SM-facing bits | 0 |
frontier/B1028_freedom_ledger/FINDINGS.md	spin	65	- **Conservative output floor: 4.585 bits**, excluding the continuum pin, the STRUCTURAL
frontier/B1028_freedom_ledger/FINDINGS.md	spin	70	outputs − consumed inputs > 0), with the continuum pin and every excluded structure all
frontier/B1032_type_law/FINDINGS.md	spin	5	Compute: `b1032_typecheck.py` — the 2T and 2I spin-character tables computed exactly
frontier/B1032_type_law/FINDINGS.md	amphichiral	54	**Fences:** dimensionful forced quantities (Vol; the CS = 0 amphichirality label) are
frontier/B1032_type_law/FINDINGS.md	chern-simons	54	**Fences:** dimensionful forced quantities (Vol; the CS = 0 amphichirality label) are
frontier/B1033_generation_adjudication/FINDINGS.md	orientation	52	Eisenstein end) remains orientation, not mechanism;
frontier/B1034_l154_sigma/FINDINGS.md	chern-simons	10	**Gravitational** (B1012's closure, phrase-checked): S = −CS·k − Vol·σ; G = ℓ/4σ; hence
frontier/B1034_l154_sigma/FINDINGS.md	amphichiral	12	(≡ amphichirality) and sighted in σ (∂S/∂σ = −Vol). **Stage**: c((E₆)₁) = 78/13 = **6**
frontier/B1034_l154_sigma/FINDINGS.md	amphichiral	35	- **(a) chirality**: the object is amphichiral (CS = 0, B303, phrase-checked);
frontier/B1034_l154_sigma/FINDINGS.md	chern-simons	35	- **(a) chirality**: the object is amphichiral (CS = 0, B303, phrase-checked);
frontier/B1034_l154_sigma/FINDINGS.md	spin	55	(quantization) adjudicated to a pin, not a clash. Nothing in the record blocks σ = 1.
frontier/B1034_l154_sigma/FINDINGS.md	orientation	70	σ = 1 of c = 6σ), and **B945's σ = the R↔L swap (fiber orientation flip = chirality — a
frontier/B1035_receipts_and_register/FINDINGS.md	amphichiral	19	branch; the withdrawal *strengthens* K-blindness (amphichirality deletes the
frontier/B103_tower_equivariance/FINDINGS.md	det-minus-1	26	iff `det N=+1`, `char(−N)` iff `det N=−1`; parity `(t−1)²` for `det=+1`, `(t−1)(t+1)` for `det=−1`. Verified
frontier/B103_tower_equivariance/FINDINGS.md	det-minus-1	27	on metallic (`det=−1`) **and genuine non-metallic** (`det=+1`, e.g. `N=[[3,2],[1,1]]=U²L`) monodromies. The
frontier/B1041_theta_leg/FINDINGS.md	spin	18	the leg under test — HOLDS inside the exhibited L.** The banked point-level pin
frontier/B1041_theta_leg/FINDINGS.md	spin	37	diagonal), (c) the consistency of the banked point-pin, (d) B766's rank-3
frontier/B1044_gamma_ledger/FINDINGS.md	knot-in-s3	19	**V3a: B993's "Reid-uniqueness is consumed at zero steps" is CONFIRMED by
frontier/B1044_gamma_ledger/FINDINGS.md	knot-in-s3	20	enumeration** — not only Reid-uniqueness: no group-level datum of any kind is
frontier/B104_dehn_twist_tower/FINDINGS.md	det-minus-1	22	`μ_d=[2≤d≤4]+[0≤d≤1]={0,1,2,3,4}`) with the **det-sign parity**, verified on metallic (`det −1`) **and
frontier/B105_n5_wall_and_convergence/FINDINGS.md	sl2c-lift	83	in 4d N=2\***; **SL(2,ℂ)** Chern–Simons only. *No higher-rank (SL(3)) construction, no Dehn-filling, no
frontier/B1062_bridge_cell/FINDINGS.md	sl2c-lift	14	lattice of PSL(2,ℝ) or PSL(2,ℂ), B-C ⟹ arithmetic; Gap > 0 ⟹ derived from a
frontier/B1062_bridge_cell/FINDINGS.md	knot-in-s3	17	The unit-box definition and Maclachlan–Reid's Theorem 2.3 verified verbatim.
frontier/B1062_bridge_cell/FINDINGS.md	knot-in-s3	23	**The verdict (exact, by field degree under Maclachlan–Reid's criteria, the
frontier/B1064_cusp_torus_repose/FINDINGS.md	chern-simons	12	theory of the banked complex CS?
frontier/B1064_cusp_torus_repose/FINDINGS.md	chern-simons	15	(B1012, banked exact).** S = −CS·k − Vol·σ with CS = 0 forced by
frontier/B1064_cusp_torus_repose/FINDINGS.md	amphichiral	16	amphichirality: ∂S/∂k ≡ 0 — "the integer-quantized term vanishes identically
frontier/B1064_cusp_torus_repose/FINDINGS.md	chern-simons	29	boundary theory of a complex, no-real-form CS is non-compact/continuous —
frontier/B1064_cusp_torus_repose/FINDINGS.md	amphichiral	45	amphichirality deletes the quantized sector of its own boundary action
frontier/B1064_cusp_torus_repose/FINDINGS.md	chern-simons	46	(CS = 0 ⟹ ∂S/∂k ≡ 0), and rational (E₆)₁ data is quantized-sector content;
frontier/B1064_cusp_torus_repose/FINDINGS.md	amphichiral	58	object's amphichirality does not delete — none is known, and B1012's
frontier/B1064_cusp_torus_repose/FINDINGS.md	chern-simons	75	quantized boundary sector surviving CS = 0 (none does — checked against
frontier/B1067_rayclass_harvest/FINDINGS.md	spin	66	- Dedekind zeta of the field: no zeta_{Q(sqrt5)} special value anywhere (no zeta_K(-1) = 1/30, no zeta_K(2)); every zeta_K in the corpus is Q(sqrt-3)'s (B737/B739 voice); B366's real 1/30 spin-twist shift is never connected to zeta_{Q(sqrt5
frontier/B1067_rayclass_harvest/FINDINGS.md	orientation	90	- B918's registered Galois-compatibility question is open: does the generation functor's S3-action permute V's three conjugates compatibly with the Kummer orientation — the value-layer edge of B910's wall-matching follow-up.
frontier/B1068_descent_inventory/FINDINGS.md	spin	21	| `a2-mu2` | mu_2 = <-1> ~ Z/2 | DESCENDS | PASS | CAUGHT | core stands; golden-mirror overlap amended: B206/B209 bank the spin-parity bipartition; new = the E6-end carry + the two-ended identification |
frontier/B1068_descent_inventory/FINDINGS.md	sl2c-lift	36	| `i4-res-p7` | O/(7) = F_7 x F_7 (split) | DESCENDS | CAUGHT | CAUGHT | DESCENDS-via-A stands (A/B survived every attack); the receiver field's e6-exclusion sentence QUALIFIED (never computed for the Lie-algebra route); overlap credits B66
frontier/B1069_hearing_biography/FINDINGS.md	spin	350	1/30 spin-twist shift (confirmed present, `frontier/B366_invariant_spin_sector/s_transformation.py:31`)
frontier/B1071_sealed_listener/FINDINGS.md	orientation	15	| C3 (the channels) | **HOLDS** | M_odd(g) = χ(g)·W(g) with W ∈ SU(2) EXACTLY for ALL 2880 elements (four exact criteria, 0 failures); Re = ½tr W proven + spot-verified at 3 complex ears; Im = ⟨n(g), Bloch(u)⟩ with exact axes m = 1..5, the 
frontier/B1079_wilson_menu/FINDINGS.md	knot-in-s3	53	to the m = 5 filling (trace 27), which is not a knot complement at all.** The census stands
frontier/B107_physics_connection_audit/FINDINGS.md	det-minus-1	59	of `M`), and `τ=0` at SL(3) is the generic `(t−1)` **parity factor** (every `det=−1` monodromy carries it), not
frontier/B1081_hydrogen_audit/FINDINGS.md	spin	27	EWSB (the Higgs layer — the ledger's own open row); **spin-statistics is an imported
frontier/B1082_order_comparison/FINDINGS.md	knot-in-s3	19	m004-specific step (Reid's uniqueness).
frontier/B1083_origin_torsor_typed/FINDINGS.md	gieseking	28	## 2. The tick (M² = RL) and the Gieseking purchase
frontier/B1083_origin_torsor_typed/FINDINGS.md	orientable	34	Gieseking manifold — non-orientable, one ideal tetrahedron, volume ≈ 1.0149; its
frontier/B1083_origin_torsor_typed/FINDINGS.md	gieseking	34	Gieseking manifold — non-orientable, one ideal tetrahedron, volume ≈ 1.0149; its
frontier/B1083_origin_torsor_typed/FINDINGS.md	orientation	35	orientation double cover is m004. **The object is the double tick.** Consequence, typed:
frontier/B1083_origin_torsor_typed/FINDINGS.md	double-cover	35	orientation double cover is m004. **The object is the double tick.** Consequence, typed:
frontier/B1083_origin_torsor_typed/FINDINGS.md	orientable	36	on the one-tick object chirality cannot be POSED (non-orientable); the second tick buys
frontier/B1083_origin_torsor_typed/FINDINGS.md	orientation	37	orientability and pays amphichirality — the deck involution restoring orientation is the
frontier/B1083_origin_torsor_typed/FINDINGS.md	amphichiral	37	orientability and pays amphichirality — the deck involution restoring orientation is the
frontier/B1083_origin_torsor_typed/FINDINGS.md	amphichiral	38	one that swaps the hands. **Orientability and amphichirality arrive in the same
frontier/B1083_origin_torsor_typed/FINDINGS.md	det-minus-1	46	reading (det = −1 is the tick's own signature, not a torsor bit's). The recurrence of
frontier/B1083_origin_torsor_typed/FINDINGS.md	det-minus-1	52	exhaustion, M²=RL, det −1). Certificates from the source session (origin_torsor.py 8/8,
frontier/B1085_edge_observability/FINDINGS.md	amphichiral	16	the hull theorems (phase-blindness, palindromy, amphichirality) made visible as a
frontier/B1088_action_card/FINDINGS.md	amphichiral	12	| CS | **0** | THEOREM (amphichirality; the computed witness is B1086's mirror = Galois identity gal(ρ(λ)) = ρ(λ)⁻¹); verified numerically at 50 digits — and EXACTLY: 2·R(e^{iπ/3}) = **π²/6 + i·Vol**, the CS part one lattice unit precisely 
frontier/B1088_action_card/FINDINGS.md	chern-simons	12	| CS | **0** | THEOREM (amphichirality; the computed witness is B1086's mirror = Galois identity gal(ρ(λ)) = ρ(λ)⁻¹); verified numerically at 50 digits — and EXACTLY: 2·R(e^{iπ/3}) = **π²/6 + i·Vol**, the CS part one lattice unit precisely 
frontier/B1088_action_card/FINDINGS.md	chern-simons	15	| **S** | **−Vol·σ** | S = −CS·k − Vol·σ with CS = 0: **the object's own symmetry deletes the k-coupling — the theory has one term** |
frontier/B1088_action_card/FINDINGS.md	chern-simons	30	bridge — quantum CS/state-integral, literature-typed), C3 (the matter sector: B1086's
frontier/B1088_action_card/FINDINGS.md	chern-simons	32	card: what lives on the cut), C5 (the arithmetic-CS hole, NEEDS-SPECIALIST, sharpened:
frontier/B1088_action_card/FINDINGS.md	chern-simons	33	CS = 0, so the arithmetic analogue of the VOLUME term is the whole question).
frontier/B1088_action_card/FINDINGS.md	chern-simons	36	lattice-unit CS identity, the Brown–Henneaux closure — all fast).
frontier/B1088_action_card/FINDINGS.md	chern-simons	38	*Corroboration 2026-08-20 (the audit seat's B8099, independent in-sandbox): CS(m004) =
frontier/B1088_action_card/FINDINGS.md	complex-volume	39	−5.6×10⁻¹⁷ machine zero, Vol exact to machine precision, the complex volume purely
frontier/B1088_action_card/FINDINGS.md	chern-simons	40	real — the card's CS = 0 and volume verified by the second seat's own build.*
frontier/B1089_matter_card/FINDINGS.md	chern-simons	12	| the matter field | the 27-local system on the object (E₆(ℂ)-CS coupled) | B715 (native gauge = complex CS of E₆(ℂ)); B662 (the dimension grammar) |
frontier/B1089_matter_card/FINDINGS.md	chern-simons	25	of h¹-classes with matter modes is the AW/CS dictionary (physics-standard register,
frontier/B1090_partition_bridge/FINDINGS.md	amphichiral	14	tetrahedra, one positive one negative — **the amphichirality is visible in the
frontier/B1090_partition_bridge/FINDINGS.md	chern-simons	57	- **C5**: the arithmetic-CS question inherits the quantum side's shape — GK's cyclic
frontier/B1091_observer_card/FINDINGS.md	orientable	10	| the clock | the monodromy beat: one tick M (det −1, non-orientable — chirality not posable), two ticks M² = RL = the object; orientability and amphichirality bought together at tick two | B1083 |
frontier/B1091_observer_card/FINDINGS.md	amphichiral	10	| the clock | the monodromy beat: one tick M (det −1, non-orientable — chirality not posable), two ticks M² = RL = the object; orientability and amphichirality bought together at tick two | B1083 |
frontier/B1091_observer_card/FINDINGS.md	det-minus-1	10	| the clock | the monodromy beat: one tick M (det −1, non-orientable — chirality not posable), two ticks M² = RL = the object; orientability and amphichirality bought together at tick two | B1083 |
frontier/B1091_observer_card/FINDINGS.md	chern-simons	42	(arithmetic-CS) fenced awaiting the owner-routed reading (cc3's lane 5). The named
frontier/B1091_observer_card/FINDINGS.md	spin	46	**Locks:** tests/test_b1091_observer_card.py (the card's rows pin to their source
frontier/B1094_two_route_wall/FINDINGS.md	knot-in-s3	8	- **Route 1 (structural, B955):** a knot complement has H₁ = ℤ, cyclic; abelian holonomy
frontier/B1097_first_step_losses/FINDINGS.md	orientable	13	orientability (a punctured-torus bundle is orientable iff its monodromy preserves
frontier/B1097_first_step_losses/FINDINGS.md	orientation	14	orientation; det −1 inadmissible) — CITED-grade bundle fact, their statement adopted:
frontier/B1097_first_step_losses/FINDINGS.md	det-minus-1	14	orientation; det −1 inadmissible) — CITED-grade bundle fact, their statement adopted:
frontier/B1097_first_step_losses/FINDINGS.md	orientation	38	(det = −1 is the Breath ℤ/2 — the orientation pulse). The settled typing:
frontier/B1097_first_step_losses/FINDINGS.md	det-minus-1	38	(det = −1 is the Breath ℤ/2 — the orientation pulse). The settled typing:
frontier/B1098_nonabelian_hatch/FINDINGS.md	sl2c-lift	5	non-abelian holonomy), first stratum: holonomies factoring π₁(M) → SL(2,ℂ) → E₆.
frontier/B1098_nonabelian_hatch/FINDINGS.md	sl2c-lift	23	The object's hyperbolic ρ: π₁ → SL(2,ℂ) is irreducible and non-elementary (banked:
frontier/B1098_nonabelian_hatch/FINDINGS.md	sl2c-lift	25	Zariski-dense in SL(2,ℂ) (CITED-standard). Therefore for ANY algebraic φ: SL(2) → E₆,
frontier/B1100_landing_content/FINDINGS.md	spin	12	**sum = 27 exactly; sl₂ multiset {+2: 6, 0: 15, −2: 6}** = six spin-1 triplets + nine
frontier/B1104_fourd_suspension/FINDINGS.md	amphichiral	26	- the **θ-filter** (centrality — compatibility with everything, the amphichiral
frontier/B1104_fourd_suspension/FINDINGS.md	orientation	28	orientation-preserving, and — the instrument fact below — the unique isometry
frontier/B1104_fourd_suspension/FINDINGS.md	orientation	30	- the **tick-filter** (B1083's pattern: orientation-reversing involutions,
frontier/B1104_fourd_suspension/FINDINGS.md	orient-reversing	30	- the **tick-filter** (B1083's pattern: orientation-reversing involutions,
frontier/B1104_fourd_suspension/FINDINGS.md	det-minus-1	31	det = −1) selects EXACTLY TWO: the reflections e4, e6;
frontier/B1104_fourd_suspension/FINDINGS.md	gieseking	40	**C3 — the Gieseking analog EXISTS (PASS).** Both tick-selected reflections give
frontier/B1104_fourd_suspension/FINDINGS.md	orientation	41	**non-orientable 4-manifolds M_ψ whose orientation double cover is M × S¹** — the
frontier/B1104_fourd_suspension/FINDINGS.md	orientable	41	**non-orientable 4-manifolds M_ψ whose orientation double cover is M × S¹** — the
frontier/B1104_fourd_suspension/FINDINGS.md	double-cover	41	**non-orientable 4-manifolds M_ψ whose orientation double cover is M × S¹** — the
frontier/B1104_fourd_suspension/FINDINGS.md	gieseking	42	one-tick/double-tick pattern (Gieseking ↔ m004, B1083) verbatim one level up; each
frontier/B1104_fourd_suspension/FINDINGS.md	orientation	50	size 2. Per element: cusp matrix, det (= orientation character), order, centrality,
frontier/B1104_fourd_suspension/FINDINGS.md	orientation	52	orientation-REVERSING (the amphichiral quarter-turns); their suspensions are
frontier/B1104_fourd_suspension/FINDINGS.md	orient-reversing	52	orientation-REVERSING (the amphichiral quarter-turns); their suspensions are
frontier/B1104_fourd_suspension/FINDINGS.md	amphichiral	52	orientation-REVERSING (the amphichiral quarter-turns); their suspensions are
frontier/B1104_fourd_suspension/FINDINGS.md	orientable	53	non-orientable with H₁ = ℤ ⊕ ℤ/2.
frontier/B1108_c5_archimedean/FINDINGS.md	amphichiral	14	C1 proved the object's CS term is ZERO exactly (amphichirality; 2R(e^{iπ/3}) =
frontier/B1108_c5_archimedean/FINDINGS.md	chern-simons	14	C1 proved the object's CS term is ZERO exactly (amphichirality; 2R(e^{iπ/3}) =
frontier/B1108_c5_archimedean/FINDINGS.md	chern-simons	15	π²/6 + i·Vol). So the arithmetic-CS meeting-point thesis (the "top-down twin")
frontier/B1108_c5_archimedean/FINDINGS.md	chern-simons	28	> analytic); arithmetic CS's term lives in (1/n)ℤ/ℤ (torsion, finite-place).
frontier/B1108_c5_archimedean/FINDINGS.md	chern-simons	29	> **Arithmetic CS supplies exactly the term the object proves vanishes, and lacks
frontier/B1108_c5_archimedean/FINDINGS.md	chern-simons	42	arithmetic) to VOLUME and CS invariants (archimedean, analytic), with
frontier/B1108_c5_archimedean/FINDINGS.md	chern-simons	47	asked: what does the stationary-phase = CS equality degenerate to when CS = 0
frontier/B1112_projective_hatch/FINDINGS.md	spin	4	OWNER's catch (the spin-structure bit B1098 priced over without naming), independently
frontier/B1112_projective_hatch/FINDINGS.md	sl2c-lift	11	B1098 composes the object's holonomy ρ: π₁(M) → SL(2,ℂ) with sl₂-embeddings and prices
frontier/B1112_projective_hatch/FINDINGS.md	sl2c-lift	13	CANONICAL holonomy is **PSL(2,ℂ)** — the geometric representation. The SL(2,ℂ) lift is
frontier/B1112_projective_hatch/FINDINGS.md	spin	15	**spin-structure bit the object does not supply**. A composed holonomy φ∘ρ is
frontier/B1112_projective_hatch/FINDINGS.md	spin	66	The lift bit IS a spin structure — the fermionic door. The object, being geometry, is a
frontier/B1112_projective_hatch/FINDINGS.md	sl2c-lift	67	PSL(2)-creature: bosonic, projective, lift-free on its main line. The strata that need
frontier/B1114_lorentz_double/FINDINGS.md	sl2c-lift	14	in one SL(2,ℂ) (CITED: B1086/B1098, tr[A,B] = 3/2 + (√3/2)i ≠ 2, irreducible
frontier/B1114_lorentz_double/FINDINGS.md	sl2c-lift	39	so(3,1) ≅ sl(2,ℂ)_ℝ, whose complexification is sl₂ ⊕ sl₂ with conjugation SWAPPING the
frontier/B1114_lorentz_double/FINDINGS.md	spin	53	traceless-symmetric rank-2 slot: the metric/spin-2 representation) ⊕ self-dual and
frontier/B1115_spending_order/FINDINGS.md	orientation	21	before — a spin structure requires an orientation, and the one-tick object
frontier/B1115_spending_order/FINDINGS.md	spin	21	before — a spin structure requires an orientation, and the one-tick object
frontier/B1115_spending_order/FINDINGS.md	gieseking	22	(Gieseking) has none. [B1083]
frontier/B1115_spending_order/FINDINGS.md	sl2c-lift	24	Einstein, B259) and signature-as-READING (PSL(2,ℂ) = SO⁺(3,1)) become available;
frontier/B1115_spending_order/FINDINGS.md	spin	27	- **D3 — the spin lift** (the projective/lift bit): the object refuses it (B1112 —
frontier/B1115_spending_order/FINDINGS.md	sl2c-lift	28	PSL(2,ℂ), the even-orbit criterion); an external leaf, the observer's first payment.
frontier/B1115_spending_order/FINDINGS.md	spin	74	a color-singlet metric/spin-2 slot ⊕ self-dual and anti-self-dual colored vectors.
frontier/B1116_asymptotic_channel/FINDINGS.md	chern-simons	20	| **k-blindness** (B1012) | the object's OWN action S, k-independent (∂S/∂k = −CS = 0) | **NO** — the rate = Vol, the object's own volume, which it does have |
frontier/B1116_asymptotic_channel/FINDINGS.md	chern-simons	54	limit.** Arithmetic CS lacks Vol level-by-level; the TOWER carries Vol as its
frontier/B1117_adelic_object/FINDINGS.md	sl2c-lift	13	gluing."* The license: m004 is THE arithmetic knot (Reid), Γ ⊂ PSL(2, ℤ[ω]), the
frontier/B1117_adelic_object/FINDINGS.md	knot-in-s3	13	gluing."* The license: m004 is THE arithmetic knot (Reid), Γ ⊂ PSL(2, ℤ[ω]), the
frontier/B1117_adelic_object/FINDINGS.md	knot-in-s3	15	(Reid-uniqueness "load-bearing at zero steps") inverts: it is load-bearing at EVERY
frontier/B1117_adelic_object/FINDINGS.md	chern-simons	22	the scrutiny's F1-corroborated gluing link); the CS term (B1108, finite-group-valued);
frontier/B1117_adelic_object/FINDINGS.md	spin	28	(signature, scale, cut, arrow, realification, the spin lift) is an act at infinity.
frontier/B1117_adelic_object/FINDINGS.md	chern-simons	52	S = −CS·k − Vol·σ is one term per place-type: CS finite-flavored (B1108), Vol
frontier/B1117_adelic_object/FINDINGS.md	amphichiral	53	archimedean. **Amphichirality kills the finite term EXACTLY (CS ≡ 0) — so the reason
frontier/B1117_adelic_object/FINDINGS.md	chern-simons	53	archimedean. **Amphichirality kills the finite term EXACTLY (CS ≡ 0) — so the reason
frontier/B1118_deflation/FINDINGS.md	spin	19	spin lift} and nothing else** — the freedom ledger closes.
frontier/B111_sign_structure/FINDINGS.md	det-minus-1	15	is **`(t−1)(t − det N)`** (`det=−1 → (t−1)(t+1)`; `det=+1 → (t−1)²`). The signs are **det-determined, not
frontier/B111_sign_structure/FINDINGS.md	det-minus-1	30	the `det=−1` identity `char(M^{−h}) = char(−M^h)` (odd `h`), `= char(M^h)` (even `h`):
frontier/B1122_liftbit_meter/FINDINGS.md	spin	10	PAIR. B1112: the spin lift (H¹(M;ℤ/2)=ℤ/2, the −I choice) is "the observer's first
frontier/B1122_liftbit_meter/FINDINGS.md	spin	43	family) the coupling can read; the spin lift is a discrete CENTRAL torsor choice the
frontier/B1122_liftbit_meter/FINDINGS.md	spin	55	coupling-readable (forced-of-pair); the spin lift is irreducibly the observer's, at a
frontier/B1123_forcedness_census/FINDINGS.md	orientation	29	> geometric carrier, orientation, **all BEFORE the knot** — and **C18**, the observer's
frontier/B1125_compact_color/FINDINGS.md	amphichiral	49	**The object HAS one antilinear structure — the mirror** (amphichirality, 27 ↔ 27̄, the
frontier/B1125_compact_color/FINDINGS.md	amphichiral	53	is the object's, supplied by its own amphichirality at a second level (the B1113
frontier/B1127_antilinear_completion/FINDINGS.md	amphichiral	13	amphichirality) supply it? Extended V-2's verified 48-element machinery to the antilinear
frontier/B1134_simultaneous_closing/FINDINGS.md	sl2c-lift	18	- **B1114 (Lorentz):** so(3,1) ≅ sl(2,ℂ)_ℝ exists only when the antilinear real structure
frontier/B1136_genericity_on_the_wins/FINDINGS.md	amphichiral	8	the amphichirality claim — they are family-level, not m004-specific. Gate 5 untouched (pure
frontier/B1136_genericity_on_the_wins/FINDINGS.md	orientable	22	**The shape-field family:** the orientable cusped census manifolds whose tetrahedron shape
frontier/B1136_genericity_on_the_wins/FINDINGS.md	amphichiral	37	| **amphichirality** | ✓ | **ALL thirteen others** | no |
frontier/B1136_genericity_on_the_wins/FINDINGS.md	chern-simons	38	| CS = 0 | ✓ | m203, m206, m208, s595, s596 | no |
frontier/B1136_genericity_on_the_wins/FINDINGS.md	knot-in-s3	40	So the ONE genuinely m004-specific fact is **H₁ = ℤ — that m004 is a knot complement in S³** —
frontier/B1136_genericity_on_the_wins/FINDINGS.md	amphichiral	49	(exactly one); vol(m004) = vol(m003) = 2.029883212819307; all 14 amphichiral; CS=0 a shared
frontier/B1136_genericity_on_the_wins/FINDINGS.md	chern-simons	49	(exactly one); vol(m004) = vol(m003) = 2.029883212819307; all 14 amphichiral; CS=0 a shared
frontier/B1136_genericity_on_the_wins/FINDINGS.md	chern-simons	51	(1) comparing CS by float-equality makes m004's 9e-17 differ from others' ~0 and would falsely
frontier/B1136_genericity_on_the_wins/FINDINGS.md	chern-simons	52	report CS as the separator — under tolerance CS=0 is shared; (2) testing torsion-freeness
frontier/B1136_genericity_on_the_wins/FINDINGS.md	amphichiral	58	trace field), the Vol = (3√3/2)·L(χ₋₃,2) identity, amphichirality — is the property of the
frontier/B1136_genericity_on_the_wins/FINDINGS.md	amphichiral	76	- **Amphichirality:** the object's amphichirality (θ-symmetry, the mirror) is shared by all 14
frontier/B1138_structural_completion/FINDINGS.md	spin	54	closing the freedom ledger holds the spin lift alone (B1122's pair-invisible bit).
frontier/B1140_the_64_organized/FINDINGS.md	spin	28	> **64 = (spin-2, 0; 1) ⊕ (0, spin-2; 1) ⊕ (1, 1; 3) ⊕ (1, 1; 3̄) = 5 + 5 + 27 + 27**
frontier/B1140_the_64_organized/FINDINGS.md	spin	30	Exactly four irreducibles, multiplicity 1 each. (The "27" = spin-1 × spin-1 × color-3 =
frontier/B1140_the_64_organized/FINDINGS.md	spin	33	- **(b) invariant content = 0** — no (spin-0, spin-0; singlet) term anywhere;
frontier/B1140_the_64_organized/FINDINGS.md	spin	34	- **(c)** exactly two **color-singlet spin-2** pieces (dim 5 each) — the graviton;
frontier/B1140_the_64_organized/FINDINGS.md	spin	60	now, in its 64, the **graviton** (a complex spin-2) with its colored bi-vectors.
frontier/B1140_the_64_organized/FINDINGS.md	spin	68	real spin-2's into one **complex spin-2 (10 real dims)** leaving 54 colored bi-vectors — a
frontier/B1141_spin_payment/FINDINGS.md	spin	1	# B1141 — THE SPIN PAYMENT: the object's own beat selects the spin structure; the last free discrete bit is assigned, not free (cloud memo 28, hostile-verified two-bench)
frontier/B1141_spin_payment/FINDINGS.md	spin	14	The discrete freedom ledger closed (B1118) to exactly {C, P, spin lift}. The **spin lift** —
frontier/B1141_spin_payment/FINDINGS.md	spin	15	the choice between the two SL(2,ℂ) lifts of m004's holonomy, i.e. the two spin structures
frontier/B1141_spin_payment/FINDINGS.md	sl2c-lift	15	the choice between the two SL(2,ℂ) lifts of m004's holonomy, i.e. the two spin structures
frontier/B1141_spin_payment/FINDINGS.md	spin	26	Vol=2.02988…, H₁=ℤ → exactly two spin structures. The **relator census**: R(A,B)=+I and
frontier/B1141_spin_payment/FINDINGS.md	spin	47	**So the Gieseking extension exists over EXACTLY ONE of the two spin structures.** The object's
frontier/B1141_spin_payment/FINDINGS.md	gieseking	47	**So the Gieseking extension exists over EXACTLY ONE of the two spin structures.** The object's
frontier/B1141_spin_payment/FINDINGS.md	orientable	48	own non-orientable ℤ/2 — the symmetry that descends every layer — **selects the lift.** For any
frontier/B1141_spin_payment/FINDINGS.md	spin	69	## Scope clause (cc3 B8132, verified this bench): the spin-structure COUNT is a FAMILY fact, not m004's
frontier/B1141_spin_payment/FINDINGS.md	spin	71	B8128's genericity instrument, turned on this arc's premise: the two-ness of the spin lift is
frontier/B1141_spin_payment/FINDINGS.md	spin	74	The general condition for **exactly two** spin structures is **rank 1 with odd (or no) torsion** —
frontier/B1141_spin_payment/FINDINGS.md	spin	81	*inherit* object-level status from the count. cc3 credited; the paper is unaffected (spin structures:
frontier/B1143_bl_fourth_cartan/FINDINGS.md	spin	26	f(β_L)≡0 along the family; β_R over-constrains). At the representative pin (c₁=0, c = [0,0,0,−⅓,1,0]):
frontier/B1143_bl_fourth_cartan/FINDINGS.md	spin	27	- **Tr(B−L) = 0 and Tr(B−L)³ = 0 identically for the WHOLE family** (stronger than one pin); all 27
frontier/B1143_bl_fourth_cartan/FINDINGS.md	spin	57	same set up to the same frame/pin freedom, not reconciled to the count here.)
frontier/B1144_adoption_audit/FINDINGS.md	spin	37	q-column. The spin-selection theorem (1-dim intertwiner, N≥0, χ-invariance) is basis-independent
frontier/B1144_adoption_audit/FINDINGS.md	spin	76	STAND: B8132's spin-count scope clause (count 2 is a family fact; the selection is m004's content);
frontier/B1145_sp2_fermion_seat/FINDINGS.md	spin	1	# B1145 — SP-2: the beat closes on the fermion-capable stratum's 27 over the selected lift (exact) — the last spin-lift bit is assigned; the physical-generation reading is thesis-level, not a theorem
frontier/B1145_sp2_fermion_seat/FINDINGS.md	spin	12	B1141 proved the object's beat SELECTS one of m004's two spin structures (χ_beat, the untwisted
frontier/B1145_sp2_fermion_seat/FINDINGS.md	sl2c-lift	24	fifteen weight-0 states are singlets. The beat **W = exp(q·e)** lives at the SL(2,ℂ) level,
frontier/B1145_sp2_fermion_seat/FINDINGS.md	spin	52	A1 stratum's 27 over the beat-selected spin lift — Ω²=A27, Ω·A27·Ω⁻¹=A27, Ω·B27·Ω⁻¹=ρ(w(B)), all
frontier/B1145_sp2_fermion_seat/FINDINGS.md	spin	53	exact. The last discrete spin-lift bit (B1122's freedom ledger) is thereby **assigned consistently
frontier/B1145_sp2_fermion_seat/FINDINGS.md	spin	62	- **no Pin structure** is constructed; **no Dirac operator or index**; **no 4d chirality**;
frontier/B1145_sp2_fermion_seat/FINDINGS.md	gieseking	78	say-so (the substance was verified). The beat trilogy (`gieseking_beat.py`, `beat_descent.py`,
frontier/B1146_seam_b/FINDINGS.md	spin	40	The beat (B1141) is the spin-selection of the lift of exactly this −I; SEAM-B places it correctly:
frontier/B1148_carrier_harvest/FINDINGS.md	spin	17	| **45** | the only spinor (the no-go half) | the 27 and 78 (hence the whole tensor tower) are **INTEGER-SPIN under the Lorentz double** (bi-weights all even); the record's **ONE spin-½ module is the holonomy's C²** (where (W·conj)² = the m
frontier/B1148_carrier_harvest/FINDINGS.md	spin	18	| **46** | the carrier + the lock | **Ψ = C²⊗27** verified DIRECT on 54×54 (relator +I₅₄; 24 spinor×doublet + 30 spinor×singlet slots); the beat closes with β² = the meridian; **C_Ψ = (−1)^{1+wt} is +1 EXACTLY on the 24 fermion-shaped slots
frontier/B1148_carrier_harvest/FINDINGS.md	spin	33	- **memo 45** proves the honest no-go half — the 27/78 are integer-spin, the *only* spin-½ object is
frontier/B1149_meridian_longitude_harvest/FINDINGS.md	det-minus-1	41	**det-1 (unit) and norm-3 (ramified) completions of the same trace-3 form**, produced by the object's
frontier/B1155_seam_a/FINDINGS.md	chern-simons	5	proved and banked; the MATCH-vs-MISMATCH **seal is gated on cc3's full arithmetic-CS reading (Gate 2,
frontier/B1155_seam_a/FINDINGS.md	chern-simons	24	- **GATE 2 — cc3's *full* arithmetic-CS action of m004 on ℚ(√−3): NOT satisfied (the missing gate).**
frontier/B1155_seam_a/FINDINGS.md	chern-simons	25	Only *partial* pieces exist: B708 (the observer seam in Kim's arith-CS but at F=ℚ, G=ℤ/2 — the linking
frontier/B1155_seam_a/FINDINGS.md	chern-simons	26	form lk(3,5)=1, not the full action; self-flags NEEDS-SPECIALIST); B800 (a perturbative CS of 4₁ over
frontier/B1155_seam_a/FINDINGS.md	chern-simons	29	over ℚ(√−3) — *cited*, not on-bench). **No unified computed Kim-style arithmetic-CS *action* invariant
frontier/B1155_seam_a/FINDINGS.md	chern-simons	46	1. **B1108 (main):** arithmetic CS is **finite-group-valued** by construction (action in μ_n(F)^D =
frontier/B1155_seam_a/FINDINGS.md	chern-simons	47	(1/n)ℤ/ℤ, torsion). It supplies exactly the term the object proves **vanishes** (CS ≡ 0 by
frontier/B1155_seam_a/FINDINGS.md	amphichiral	48	amphichirality) and **lacks** the term the object **carries** (Vol). The object's archimedean content
frontier/B1155_seam_a/FINDINGS.md	chern-simons	50	class-field CS.
frontier/B1155_seam_a/FINDINGS.md	chern-simons	51	2. **OA-C1045 (codex, PROVED):** codex's class-field E₈ CS is a **torsion phase** exp(2πi/6) — "a
frontier/B1155_seam_a/FINDINGS.md	chern-simons	60	CS sits on the **finite/torsion** side of the archimedean boundary, while the object's ∞-place content is
frontier/B1155_seam_a/FINDINGS.md	chern-simons	61	**Vol** — which arithmetic CS lacks. The prize (axiom → theorem) is **not** delivered by the banked
frontier/B1155_seam_a/FINDINGS.md	chern-simons	67	arithmetic-CS action (Gate 2, NEEDS-SPECIALIST). The √3 hinge is own-computed and rests on committed
frontier/B1156_seam_a_gate2/FINDINGS.md	chern-simons	13	Sealed by **WF-1** (the masterplan's first workflow, `SEAM-A Gate 2`): 3 scouts (banked Habiro/CS
frontier/B1156_seam_a_gate2/FINDINGS.md	chern-simons	15	structural) → **3 adversarial refuters** (does-the-action-reach-Vol · is-Kim-arith-CS-really-torsion-only
frontier/B1156_seam_a_gate2/FINDINGS.md	chern-simons	25	construction) was met in B1155; **Gate 2 is the full arithmetic-CS action.** This arc is Gate 2's
frontier/B1156_seam_a_gate2/FINDINGS.md	chern-simons	31	There is **no "arithmetic-CS action *of m004*."** Arithmetic CS is a functional of a **field** F and a
frontier/B1156_seam_a_gate2/FINDINGS.md	chern-simons	42	"Arithmetic CS **action**" names only the **finite** completion. Therefore **B800** (the state-integral
frontier/B1156_seam_a_gate2/FINDINGS.md	chern-simons	47	B1155 leaned MISMATCH on: *"arith-CS is torsion-valued (1/n)ℤ/ℤ, so it cannot reach the real
frontier/B1156_seam_a_gate2/FINDINGS.md	chern-simons	50	stipulating** "arithmetic CS names the finite row by definition." The **full/Arakelov-compactified**
frontier/B1156_seam_a_gate2/FINDINGS.md	chern-simons	51	arithmetic CS over the **closed** Spec O_F (∞-place included) carries a **real archimedean summand =
frontier/B1156_seam_a_gate2/FINDINGS.md	chern-simons	60	**type-match** only (both are order-3/6 root-of-unity secondary-CS characters — B708's lk(3,5)=1,
frontier/B1156_seam_a_gate2/FINDINGS.md	chern-simons	69	real archimedean summand the full arith-CS carries.
frontier/B1156_seam_a_gate2/FINDINGS.md	chern-simons	75	the **cusped** complement m004: construct (or refute) the Arakelov-compactified arithmetic CS over closed
frontier/B1156_seam_a_gate2/FINDINGS.md	chern-simons	78	the regulator of ξ. Two specialist sub-bars: **(i)** object side — a stationary-phase/CS bridge with
frontier/B1156_seam_a_gate2/FINDINGS.md	amphichiral	79	content when CS=0 by amphichirality (B1108's unwalked door); **(ii)** codex side — the marked H³ basis /
frontier/B1156_seam_a_gate2/FINDINGS.md	chern-simons	79	content when CS=0 by amphichirality (B1108's unwalked door); **(ii)** codex side — the marked H³ basis /
frontier/B1156_seam_a_gate2/FINDINGS.md	chern-simons	98	- **Relay:** the Gate-2 floor + the two sub-bars route to **cc3** (arithmetic-CS action) and note the
frontier/B1157_dynamics_null/FINDINGS.md	sl2c-lift	49	SL(2,ℂ) holonomy and the volume, **never** the arithmetic (ℚ(√−3), E₆, ξ=[e^{iπ/3}]∈K₃(ℚ(√−3))). The whole
frontier/B1158_cloud_wave2_harvest/FINDINGS.md	spin	57	the corpus builds a discrete-geodesic GMY form factor, **not** the cusped Einstein spin-2 determinant —
frontier/B1163_w0_attempt/FINDINGS.md	orientation	1	# B1163 — The W₀ construction attempt: the one obstruction is a single *definitional* datum — an object-canonical orientation of m004 — and the object is amphichiral, so it refuses to supply it
frontier/B1163_w0_attempt/FINDINGS.md	amphichiral	1	# B1163 — The W₀ construction attempt: the one obstruction is a single *definitional* datum — an object-canonical orientation of m004 — and the object is amphichiral, so it refuses to supply it
frontier/B1163_w0_attempt/FINDINGS.md	orientation	6	embedding ℚ(√−3)↪ℂ** (equivalently: an **orientation** of m004 / the selection of **+Vol over −Vol** / the
frontier/B1163_w0_attempt/FINDINGS.md	amphichiral	15	amphichirality CS=0 (geometric) — one obstruction.**
frontier/B1163_w0_attempt/FINDINGS.md	chern-simons	15	amphichirality CS=0 (geometric) — one obstruction.**
frontier/B1163_w0_attempt/FINDINGS.md	amphichiral	19	- **Geometric (the firewall refutation of R1):** m004 is **amphichiral** (Re V(u₀)=0, **CS=0 exactly**), so
frontier/B1163_w0_attempt/FINDINGS.md	chern-simons	19	- **Geometric (the firewall refutation of R1):** m004 is **amphichiral** (Re V(u₀)=0, **CS=0 exactly**), so
frontier/B1163_w0_attempt/FINDINGS.md	orientation	21	√−3 is +i√3 in ℂ — **the embedding = the orientation = "Vol>0"** — none of which is finite/arithmetic data.
frontier/B1163_w0_attempt/FINDINGS.md	orientation	23	**So W₀ = the choice of orientation / archimedean embedding, and the object provably refuses to make it.**
frontier/B1163_w0_attempt/FINDINGS.md	amphichiral	24	This is not a gap in the object; it is the object being *exactly what it is* — Galois-symmetric, amphichiral,
frontier/B1163_w0_attempt/FINDINGS.md	amphichiral	45	- **§A — the absence of W₀ is the observer's role, not a gap.** The object is amphichiral: it *cannot* pick
frontier/B1163_w0_attempt/FINDINGS.md	orientation	46	+Vol from its own arithmetic. The orientation/embedding is **the observer's** — the same bit as chirality
frontier/B1163_w0_attempt/FINDINGS.md	orientation	55	The single missing datum is identical across all three routes: an **object-canonical orientation** of m004,
frontier/B1164_cc_masterplan/FINDINGS.md	spin	3	**Status: banked (frontier). Verdict OPEN.** cc's three masterplan cells (MA2 census · MD1 firewall pin ·
frontier/B1164_cc_masterplan/FINDINGS.md	orientation	13	- **Discrete bit D1 — the orientation** (√−3): chirality-insertion ≡ orientation ≡ the +Vol/−Vol sign are
frontier/B1164_cc_masterplan/FINDINGS.md	orientation	18	**Correction to my meditation §A:** I said the open items were *one* bit (the orientation). That undercounts.
frontier/B1164_cc_masterplan/FINDINGS.md	orientation	19	The **branch-selection V₄** (B1161's free orbit) is **(ℤ/2)²** — orientation is *one leg* of it, not the
frontier/B1164_cc_masterplan/FINDINGS.md	spin	29	## MD1 — the firewall pin: PRINCIPLED and FALSIFIABLE (§D settled)
frontier/B1164_cc_masterplan/FINDINGS.md	spin	41	(B915) — an outcome-fitted line would have demoted it. **The falsifier** (the pin's teeth): the firewall
frontier/B1164_cc_masterplan/FINDINGS.md	chern-simons	49	angles: **place-separation** — the shape z=e^{iπ/3} is a primitive 6th root (z⁶=1, arg/2π=1/6), so the CS
frontier/B1164_cc_masterplan/FINDINGS.md	orientation	50	"phase" is torsion in μ₆ (finite place); the orientation is the *sign* of Bloch–Wigner (archimedean,
frontier/B1164_cc_masterplan/FINDINGS.md	orientation	51	mirror-odd, D(z)=−D(z̄)); the two orientation branches carry **identical torsion, opposite volume-sign**, so
frontier/B1164_cc_masterplan/FINDINGS.md	orientation	55	should be **re-scoped to modulus-only** (the orientation ℤ/2 + the scale). The phase route is closed.
frontier/B1164_cc_masterplan/FINDINGS.md	orientation	60	data** — the orientation bit (Bloch–Wigner is the archimedean regulator; +Vol/−Vol lives at the real
frontier/B1164_cc_masterplan/FINDINGS.md	chern-simons	62	forces is finite-place/torsion (the CS phase, μ₆) or place-independent structure.** The ∞-place is where the
frontier/B1164_cc_masterplan/FINDINGS.md	orientation	64	exactly the gravitational marking.** *Placement established; the identification "observer scale+orientation =
frontier/B1165_gravity_terminal/FINDINGS.md	sl2c-lift	13	M = m004 = ℍ³/Γ, Γ⊂PSL(2,ℤ[ω]) Bianchi (K=ℚ(√−3)). Five invariants:
frontier/B1165_gravity_terminal/FINDINGS.md	amphichiral	15	SL(2,ℂ) Chern–Simons **complex volume**, with **CS≡0 exactly by amphichirality** (B1108), so the whole
frontier/B1165_gravity_terminal/FINDINGS.md	chern-simons	15	SL(2,ℂ) Chern–Simons **complex volume**, with **CS≡0 exactly by amphichirality** (B1108), so the whole
frontier/B1165_gravity_terminal/FINDINGS.md	complex-volume	15	SL(2,ℂ) Chern–Simons **complex volume**, with **CS≡0 exactly by amphichirality** (B1108), so the whole
frontier/B1165_gravity_terminal/FINDINGS.md	sl2c-lift	15	SL(2,ℂ) Chern–Simons **complex volume**, with **CS≡0 exactly by amphichirality** (B1108), so the whole
frontier/B1165_gravity_terminal/FINDINGS.md	sl2c-lift	27	- **The dynamics (b–e) is GENERIC-RHYME** — built from SL(2,ℂ) holonomy + Vol only, never touching
frontier/B1165_gravity_terminal/FINDINGS.md	knot-in-s3	35	unique arithmetic knot** (Reid) — a non-arithmetic knot cannot reproduce *this*; (iii) but it is a
frontier/B1165_gravity_terminal/FINDINGS.md	orientation	37	- **The observer's two archimedean data are both generic**: the **orientation** (+Vol sign) is a bare ℤ/2
frontier/B1165_gravity_terminal/FINDINGS.md	orientation	56	observer's closing are provably not self-suppliable: the **orientation** (Vol two-valued, amphichirality
frontier/B1165_gravity_terminal/FINDINGS.md	amphichiral	56	observer's closing are provably not self-suppliable: the **orientation** (Vol two-valued, amphichirality
frontier/B1165_gravity_terminal/FINDINGS.md	orientation	57	makes self-orientation a theorem-level impossibility, B1163) and the **scale** (withheld by the scale-free
frontier/B1165_gravity_terminal/FINDINGS.md	orientation	59	dimensionless, un-oriented geometry; the observer is the archimedean closing (orientation + scale),
frontier/B1165_gravity_terminal/FINDINGS.md	chern-simons	77	not forced. Textbook statements (3d-gravity action = regularized Vol; complex volume = CS action;
frontier/B1165_gravity_terminal/FINDINGS.md	complex-volume	77	not forced. Textbook statements (3d-gravity action = regularized Vol; complex volume = CS action;
frontier/B1165_gravity_terminal/FINDINGS.md	amphichiral	80	verification note carried to the review:* SnapPy's `isometry_signature` returned amphichiral=True even for
frontier/B1165_gravity_terminal/FINDINGS.md	amphichiral	81	the chiral 5₂ — so the B1163 family-wide addendum's own 4/14 amphichirality spot-check was likely vacuous;
frontier/B1165_gravity_terminal/FINDINGS.md	orientation	93	gravitational geometry; the observer supplies the adelic closing (archimedean orientation+scale, finite
frontier/B1166_charter_attack/FINDINGS.md	chern-simons	15	- **The phase pin (U(1) is object-paid).** CS(m004) ≡ 0 exactly (own-verified: Im of the complex volume =
frontier/B1166_charter_attack/FINDINGS.md	spin	15	- **The phase pin (U(1) is object-paid).** CS(m004) ≡ 0 exactly (own-verified: Im of the complex volume =
frontier/B1166_charter_attack/FINDINGS.md	complex-volume	15	- **The phase pin (U(1) is object-paid).** CS(m004) ≡ 0 exactly (own-verified: Im of the complex volume =
frontier/B1166_charter_attack/FINDINGS.md	amphichiral	16	1.8×10⁻¹⁵; amphichirality, B1163). So the complex volume Vol + i·CS is **real** — the object supplies **no
frontier/B1166_charter_attack/FINDINGS.md	chern-simons	16	1.8×10⁻¹⁵; amphichirality, B1163). So the complex volume Vol + i·CS is **real** — the object supplies **no
frontier/B1166_charter_attack/FINDINGS.md	complex-volume	16	1.8×10⁻¹⁵; amphichirality, B1163). So the complex volume Vol + i·CS is **real** — the object supplies **no
frontier/B1166_charter_attack/FINDINGS.md	chern-simons	25	**⇒ ℂˣ = ℝ⁺ × U(1): the U(1) is object-paid (CS=0/μ₆), the ℝ⁺ is the scale (the one withheld continuous
frontier/B1166_charter_attack/FINDINGS.md	chern-simons	66	C3 rests on CS≡0 (own-verified 1.8e-15) + Mostow rigidity (standard) + the μ₆-torsion identification (cloud
frontier/B1166_charter_attack/FINDINGS.md	chern-simons	76	(CS=0) + B1164 (the 2+1 count). cc-side anchor for the charter's C3 row.
frontier/B1166_charter_attack/FINDINGS.md	spin	78	codex to pin the B1024 frame-V₄ leg in the disc-144 chase. If named-action, C4 needs re-scoping (perhaps to
frontier/B1167_seat_harvest/FINDINGS.md	orientation	1	# B1167 — two-seat harvest: codex R017 pays the SEAM-Y up-Yukawa provenance debt; cc3's cusp-shape second separator is ORIENTATION-BLIND (B1163 strengthened, not overturned)
frontier/B1167_seat_harvest/FINDINGS.md	orientation	30	## (B) cc3 B8138-extended — the cusp shape is a second object-level separator, but ORIENTATION-BLIND
frontier/B1167_seat_harvest/FINDINGS.md	orientation	35	here; the family table matches). cc3 explicitly handed cc the question: *"whether it yields an orientation is
frontier/B1167_seat_harvest/FINDINGS.md	orientation	36	your question, not mine — a modulus is not an orientation."*
frontier/B1167_seat_harvest/FINDINGS.md	orientation	39	**rectangular** cusp torus. Orientation-reversal acts τ ↦ −τ̄, and −(2√3 i)‾ = 2√3 i = τ: **the cusp shape is
frontier/B1167_seat_harvest/FINDINGS.md	orientation	41	chirality** (real part 0) — it is **orientation-blind** and cannot supply the missing W₀. **B1163 is
frontier/B1167_seat_harvest/FINDINGS.md	orientation	43	orientation-blind — the object still provably refuses to self-orient. cc3's "route list is now two"
frontier/B1167_seat_harvest/FINDINGS.md	orientation	52	(object-canonical), and withholds only the *orientation* (mirror-fixed). This refines B1165's G3 (frame =
frontier/B1167_seat_harvest/FINDINGS.md	orientation	53	orientation + scale): the **scale** and **orientation** are observer-supplied, but a canonical archimedean
frontier/B1167_seat_harvest/FINDINGS.md	orientation	60	the orientation-blindness rests on the standard τ↦−τ̄ orientation-reversal action + m004's shape being purely
frontier/B1167_seat_harvest/FINDINGS.md	orientation	69	- **cc3:** the cusp-shape second separator is confirmed + typed orientation-blind; B1163's W₀ conclusion
frontier/B1167_seat_harvest/FINDINGS.md	orientation	72	(2√3 i, √3-flavored) but not the orientation — the seed for probing object-vs-observer at the ∞-place.
frontier/B1168_c5_investigation/FINDINGS.md	orientation	12	orientation-reversing self-isometry — m004 is amphichiral) acts on it, and by whether it is dimensionless:
frontier/B1168_c5_investigation/FINDINGS.md	orient-reversing	12	orientation-reversing self-isometry — m004 is amphichiral) acts on it, and by whether it is dimensionless:
frontier/B1168_c5_investigation/FINDINGS.md	amphichiral	12	orientation-reversing self-isometry — m004 is amphichiral) acts on it, and by whether it is dimensionless:
frontier/B1168_c5_investigation/FINDINGS.md	orientation	20	| Chern–Simons | **odd** | dimensionless | observer (orientation's shadow; =0 amphichiral) |
frontier/B1168_c5_investigation/FINDINGS.md	amphichiral	20	| Chern–Simons | **odd** | dimensionless | observer (orientation's shadow; =0 amphichiral) |
frontier/B1168_c5_investigation/FINDINGS.md	orientation	22	| orientation (±Vol) | **odd** | dimensionless | **observer** |
frontier/B1168_c5_investigation/FINDINGS.md	chern-simons	26	mirror-invariant; the complex volume conjugates so CS→−CS, and CS≡0; the cusp shape τ=2√3 i satisfies −τ̄=τ;
frontier/B1168_c5_investigation/FINDINGS.md	complex-volume	26	mirror-invariant; the complex volume conjugates so CS→−CS, and CS≡0; the cusp shape τ=2√3 i satisfies −τ̄=τ;
frontier/B1168_c5_investigation/FINDINGS.md	orientation	27	lengths orientation-independent).
frontier/B1168_c5_investigation/FINDINGS.md	orientation	31	complement: the **mirror-odd** completion (the **orientation** bit — which, once chosen, fixes the sign of
frontier/B1168_c5_investigation/FINDINGS.md	chern-simons	32	*every* odd datum: CS, the torsion sign, the complex volume's phase) plus the **dimensionful scale**.
frontier/B1168_c5_investigation/FINDINGS.md	complex-volume	32	*every* odd datum: CS, the torsion sign, the complex volume's phase) plus the **dimensionful scale**.
frontier/B1168_c5_investigation/FINDINGS.md	orientation	41	no orientation and no scale chosen.
frontier/B1168_c5_investigation/FINDINGS.md	orientation	44	(orientation + scale) being observer-data, because the frame is *exactly* the mirror-odd + dimensionful
frontier/B1168_c5_investigation/FINDINGS.md	orientation	46	supplies only what the object provably cannot self-supply — the orientation (amphichirality, B1163) and the
frontier/B1168_c5_investigation/FINDINGS.md	amphichiral	46	supplies only what the object provably cannot self-supply — the orientation (amphichirality, B1163) and the
frontier/B1168_c5_investigation/FINDINGS.md	orientation	65	one requires exactly the orientation bit."* B1168 is C6's content, promoted from a *check* to the **C5
frontier/B1168_c5_investigation/FINDINGS.md	orientation	69	sharpened to "mirror-even" (forced-without-an-orientation-choice). Same classifier, one place deeper.
frontier/B1168_c5_investigation/FINDINGS.md	orientation	71	frame) = the mirror-odd orientation + the dimensionful scale. B1168 is the *decider* behind the G-split.
frontier/B1168_c5_investigation/FINDINGS.md	orientation	75	The core (Vol, cusp shape, CS, orientation, scale) is own-verified and textbook (CS(M̄)=−CS(M);
frontier/B1168_c5_investigation/FINDINGS.md	chern-simons	75	The core (Vol, cusp shape, CS, orientation, scale) is own-verified and textbook (CS(M̄)=−CS(M);
frontier/B1168_c5_investigation/FINDINGS.md	orientation	76	orientation-reversal conjugates the complex volume). **Fenced + relayed to cc3** (WebSearch budget exhausted,
frontier/B1168_c5_investigation/FINDINGS.md	complex-volume	76	orientation-reversal conjugates the complex volume). **Fenced + relayed to cc3** (WebSearch budget exhausted,
frontier/B1169_qualia_parity_synthesis/FINDINGS.md	orientation	11	(object-canonical); Chern–Simons and the orientation are **mirror-odd**; CS≡0 (amphichiral).
frontier/B1169_qualia_parity_synthesis/FINDINGS.md	amphichiral	11	(object-canonical); Chern–Simons and the orientation are **mirror-odd**; CS≡0 (amphichiral).
frontier/B1169_qualia_parity_synthesis/FINDINGS.md	chern-simons	11	(object-canonical); Chern–Simons and the orientation are **mirror-odd**; CS≡0 (amphichiral).
frontier/B1169_qualia_parity_synthesis/FINDINGS.md	orientation	13	**canonical shape**: 2√3·i (B1167), which is **mirror-even** (rectangular, orientation-blind). The
frontier/B1169_qualia_parity_synthesis/FINDINGS.md	orientation	17	- **B1163** (W₀): amphichiral ⇒ no object-canonical orientation.
frontier/B1169_qualia_parity_synthesis/FINDINGS.md	amphichiral	17	- **B1163** (W₀): amphichiral ⇒ no object-canonical orientation.
frontier/B1169_qualia_parity_synthesis/FINDINGS.md	orientation	18	- **B1168 / C5** (parity): the mirror-odd orientation is observer-only.
frontier/B1169_qualia_parity_synthesis/FINDINGS.md	orientation	27	proved it sees all of it); **CHOICE = the mirror-odd orientation, observer-supplied** (what QP-4 proved the
frontier/B1169_qualia_parity_synthesis/FINDINGS.md	orientation	28	object lacks). *The "choice the object lacks" is the mirror-odd orientation bit.* Two programs (qualia,
frontier/B1169_qualia_parity_synthesis/FINDINGS.md	orientation	33	The choice = **orientation** = **chirality** (B1164) = the observer's real-form selection forking **E₆(−26)
frontier/B1169_qualia_parity_synthesis/FINDINGS.md	orientation	45	(B1168, about orientation-parity) are linked only *through* "forced/object-canonical" — a **chain**, not a
frontier/B1169_qualia_parity_synthesis/FINDINGS.md	amphichiral	63	same ℤ/2 as amphichirality's?).
frontier/B1169_qualia_parity_synthesis/FINDINGS.md	orientation	64	- **codex** — best on the **fork/real-form + an independent recompute**: verify chirality≡orientation (B1164)
frontier/B1171_seam_harvest/FINDINGS.md	orientation	11	escapes — shrink the group, or add non-invariant structure. The **archimedean half (orientation)** has
frontier/B1171_seam_harvest/FINDINGS.md	orientation	14	a **finite label**. Own-verified against every banked cost (orientation ✓, scale ✓, VEV ✓, and the *paid*
frontier/B1173_digest_partial_close/FINDINGS.md	spin	18	OPEN_LEADS currency stamp ("next lead L175") corrected to L189. `test_b1060_digest` updated to pin the
frontier/B1174_z2_identification/FINDINGS.md	orientation	14	orientation-parity law's odd side); **S068 row 1**'s genus-ℤ/2 of ℚ(√−15) vs the breath/orientation bit.
frontier/B1174_z2_identification/FINDINGS.md	orientation	23	√3, flips √−3 — *the orientation leg*; the K-fixing leg (z↦z⁷, flips √3) is **B1067's form-class swap** —
frontier/B1174_z2_identification/FINDINGS.md	orientation	24	so **B1164's census is grounded leg-by-leg** (bit 1 = c = orientation/chirality; bit 2 = the √3 swap).
frontier/B1174_z2_identification/FINDINGS.md	orientation	32	hearing-side ℤ/2 can be the orientation. (Cell 2's ℚ(√−7) is imaginary — c does act there — but a shared
frontier/B1174_z2_identification/FINDINGS.md	orientation	41	(branch/ζ₁₂ and meeting/√−3·√5) sharing exactly the c-leg; everything the observer's *orientation* touches
frontier/B1174_z2_identification/FINDINGS.md	orientation	54	full branch V₄, and its **c-component is exactly the orientation bit** — the identification's c-half is
frontier/B1174_z2_identification/FINDINGS.md	orientation	65	conjugate-rep fact it witnesses is standard (orientation reversal conjugates holonomy). All Galois
frontier/B1175_charter_close_harvest/FINDINGS.md	spin	36	64** (both spin-2 strings and the colored 54 leak); Σ² = Ad(meridian) verified on all 78 basis inputs.
frontier/B1175_charter_close_harvest/FINDINGS.md	spin	39	- **R021 (Gieseking Pin⁻)** — the restriction is **CONSTANT**: p\*: H¹(N;𝔽₂)→H¹(M;𝔽₂) is zero (H₁(N)=ℤ⟨t⟩,
frontier/B1175_charter_close_harvest/FINDINGS.md	gieseking	39	- **R021 (Gieseking Pin⁻)** — the restriction is **CONSTANT**: p\*: H¹(N;𝔽₂)→H¹(M;𝔽₂) is zero (H₁(N)=ℤ⟨t⟩,
frontier/B1175_charter_close_harvest/FINDINGS.md	spin	40	a=b=2t); the Gieseking has two Pin⁻ structures, m004 two spin structures, and **one of m004's spin
frontier/B1175_charter_close_harvest/FINDINGS.md	gieseking	40	a=b=2t); the Gieseking has two Pin⁻ structures, m004 two spin structures, and **one of m004's spin
frontier/B1175_charter_close_harvest/FINDINGS.md	gieseking	41	structures does not extend** to the Gieseking. Codex's own fence carried verbatim: this does **not** yet
frontier/B1175_charter_close_harvest/FINDINGS.md	spin	42	identify the constant image with B1141's beat-selected sign lift (needs a tangent-frame Pin⁻ lift + the
frontier/B1175_charter_close_harvest/FINDINGS.md	gieseking	44	topological constraint on the spin payment from the Gieseking side.
frontier/B1175_charter_close_harvest/FINDINGS.md	orientation	49	orientation leg; k=7 the form-class swap), and R022's carrier typing + the (α₂,α₄) labels give the matching
frontier/B1175_charter_close_harvest/FINDINGS.md	spin	59	duplicated). R021's non-identification residual is honored — nothing spin-payment-related is claimed beyond
frontier/B1179_outreach_and_papers/FINDINGS.md	spin	20	**(1)** THE PAPERS RELAY SENT to cc3's assembly (discharging the R48-11 -> R49-7 carry lineage): the paper-grade results since their freeze (the mirror-parity law B1168/G-IDENT'; the arena rescope B1170 three-seat; the shared-involution the
frontier/B1179_outreach_and_papers/FINDINGS.md	gieseking	20	**(1)** THE PAPERS RELAY SENT to cc3's assembly (discharging the R48-11 -> R49-7 carry lineage): the paper-grade results since their freeze (the mirror-parity law B1168/G-IDENT'; the arena rescope B1170 three-seat; the shared-involution the
frontier/B1180_family_retraction/FINDINGS.md	orientation	6	dated addenda on B1167 (separator retracted; orientation-blindness untouched) and B1163 (family-wide
frontier/B1180_family_retraction/FINDINGS.md	amphichiral	11	**CLOSURE (same day, B1181):** the one residue this arc flagged — family-wide amphichirality at ≥83,
frontier/B1180_family_retraction/FINDINGS.md	amphichiral	12	unchecked — **closed by cc3: 83/83 amphichiral, zero exceptions, zero undecided** (spot-verified here 5/5
frontier/B1181_amphichirality_closure/FINDINGS.md	amphichiral	1	# B1181 — THE AMPHICHIRALITY DEBT CLOSED
frontier/B1181_amphichirality_closure/FINDINGS.md	amphichiral	18	THE AMPHICHIRALITY DEBT CLOSED (cc3 a0a349ef, harvested same-day as the B8147 retraction it completes). The one residue B1180 flagged -- family-wide amphichirality at the corrected >=83 family, UNCHECKED -- is now CHECKED BY cc3: 83 OF 83 A
frontier/B1182_c4prime_resolved/FINDINGS.md	orientation	18	C4' RESOLVED POSITIVE (the cell the three-seat convergence specified; run on the owner's back-to-the-math GO). THE THEOREM: the sqrt(-3)-internal pair -- the frame V4 = <c,r> (chirality x reversal, B1024/B1029) and the branch V4 = Gal(Q(zet
frontier/B1183_one_class_theorem/FINDINGS.md	orientation	18	THE ONE-CLASS THEOREM (cell 2 of the remaining-math queue; B1174's hatch 1; B1169's S1 last rung). THE THEOREM: the QP-4 no-self-closure obstruction (B760: no object-native operation canonically signs the chord/theta-odd sector) and the ORI
frontier/B1183_one_class_theorem/FINDINGS.md	amphichiral	18	THE ONE-CLASS THEOREM (cell 2 of the remaining-math queue; B1174's hatch 1; B1169's S1 last rung). THE THEOREM: the QP-4 no-self-closure obstruction (B760: no object-native operation canonically signs the chord/theta-odd sector) and the ORI
frontier/B1183_one_class_theorem/FINDINGS.md	orientation	22	**(2)** B1161's bypass-door label UPGRADED from SUPPORTED-CONJECTURAL to PROVED-AS-DECOMPOSED (addendum 2): the bypass door's obstruction = TWO bits typed adelically -- the archimedean c-leg = SEAM-A's W0 = the orientation = (now) the QP-4 
frontier/B1183_one_class_theorem/FINDINGS.md	orientation	24	**(3)** The qualia headline completes its promotion arc: 'awareness without choice' -> the parity law (B1168) -> the choice NAMED as the mirror-odd orientation (B1169) -> the choice's class PROVED ONE across geometry, Galois, values, and th
frontier/B1184_quine_synthesis/FINDINGS.md	orientation	40	| palette counts {1,2,8} | EVEN | ray-class orders (B1067) — arithmetic of K, not of an orientation |
frontier/B1184_quine_synthesis/FINDINGS.md	orientation	51	trivialization; and that missing sign IS c's class = the orientation = the qualia "choice."
frontier/B1186_family_is_112/FINDINGS.md	orientable	39	(`snappy.OrientableCuspedCensus`, 212,641), shape-denominator bound 256 (observed max 98 — the
frontier/B1186_family_is_112/FINDINGS.md	amphichiral	44	- **Amphichirality strengthens a third time: 112/112** (14/14 → 83/83 → 111/111 → 112/112), every
frontier/B1186_family_is_112/FINDINGS.md	amphichiral	52	(amphichirality, nestedness, separator failures).
frontier/B1186_family_is_112/FINDINGS.md	amphichiral	71	carrier list before trusting my own tool; narrated per MB12 practice. Amphichirality checks use
frontier/B1188_grand_retrieval/FINDINGS.md	orientation	11	Lenses: scale/units · orientation/coupling · clock/arrow/4d · listener/value-kernel ·
frontier/B1189_close_loop_batch1/FINDINGS.md	sl2c-lift	13	mechanism, exact**: Vol(m004) = **12 × Vol(H³/PSL(2,O₋₃))** (residual 4.3e-50, via the
frontier/B1189_close_loop_batch1/FINDINGS.md	knot-in-s3	16	arithmetic** (Maclachlan–Reid; explicit non-integral traces at 50 dps — e.g. t06829 tr(a²) =
frontier/B1189_close_loop_batch1/FINDINGS.md	det-minus-1	31	conjugator coset A→A⁻¹ = J·{±Bⁿ} carries **both determinant signs** (J det +1; K = JB det −1,
frontier/B118_theta_fixed_root_sign/FINDINGS.md	det-minus-1	49	For `2×2` `det=−1` monodromy, `M⁻¹ ∼ −M`, so `char(M^{−h}) = char(−M^h)` precisely for **odd `h`** (independently
frontier/B1190_close_loop_batch2/FINDINGS.md	chern-simons	13	projection, exact match; the 27-coset h = 2/3 with multiplicity 27); the object-side CS identity
frontier/B1190_close_loop_batch2/FINDINGS.md	orientable	57	The replication is a real re-verified theorem: both tick-selected reflections give non-orientable
frontier/B1190_close_loop_batch2/FINDINGS.md	orientation	58	mapping tori with orientation double cover exactly M × S¹, D₄-conjugate hence canonical. **But**
frontier/B1190_close_loop_batch2/FINDINGS.md	double-cover	58	mapping tori with orientation double cover exactly M × S¹, D₄-conjugate hence canonical. **But**
frontier/B1192_close_loop_batch4/FINDINGS.md	orientation	12	(A,M)→(A⁻¹,M⁻¹) is realizable in GL₂(ℤ) **only with orientation reversal**: the realizer module is
frontier/B1192_close_loop_batch4/FINDINGS.md	det-minus-1	13	rank 1, generated by X₀ = [[2,−3],[1,−2]] with det = −1; Z(A)∩Z(M₁) = {±I}; the full realizer set
frontier/B1192_close_loop_batch4/FINDINGS.md	orientation	18	relational, living exactly in the integral orientation layer. **Controls, two-sided**: the
frontier/B1192_close_loop_batch4/FINDINGS.md	det-minus-1	65	**WHAT IS UNTOUCHED — and it is the headline**: the **det = −1 sign result**. That one discriminates,
frontier/B1194_existence_audit/FINDINGS.md	chern-simons	20	**(1)** SEAM-A's CS=0 stationary-phase door;
frontier/B1195_close_loop_batch5a/FINDINGS.md	chern-simons	20	**(1)** SEAM-A's CS=0 DOOR SHARPENED (lens-scoped) -- the object's b=1 partition function factorizes as Z = (omega/sqrt-3) * 2 sinh(Vol/2pi) (GK-cited closed form confirmed at 7.6e-8 with specific competing phase-ansatze excluded at >= 5x10
frontier/B1197_clock_coherence/FINDINGS.md	chern-simons	9	Paying **LEAP-1** (CS-time conjugate to Λ, Alexander–Magueijo–Smolin) and **W1** (4-volume-time
frontier/B1197_clock_coherence/FINDINGS.md	chern-simons	10	conjugate to Λ, Hartle–Thorne) TOGETHER requires CS-time and volume-time to be **the same clock up
frontier/B1197_clock_coherence/FINDINGS.md	chern-simons	12	transformation. Testable: **along the (1,n) ladder CS must be monotone in Vol**, with the full check
frontier/B1197_clock_coherence/FINDINGS.md	chern-simons	24	census (0 closings) because SnapPy's CS fudge must be primed on the *unfilled* manifold before
frontier/B1197_clock_coherence/FINDINGS.md	chern-simons	25	filling (B289's instrument does exactly this: `_ = float(M.chern_simons())` then `dehn_fill`).
frontier/B1197_clock_coherence/FINDINGS.md	chern-simons	34	- **Positive control 2**: B289's banked sign law **CS(p,−q) = −CS(p,q)** holds **156/156** on the
frontier/B1197_clock_coherence/FINDINGS.md	chern-simons	36	- **Bite control**: shuffling |CS| against the same volume order yields **36 violations** — the
frontier/B1197_clock_coherence/FINDINGS.md	chern-simons	42	strictly increasing 1.398508884 → 2.026719753 (→ Vol_cusp = 2.029883212819), |CS| strictly
frontier/B1197_clock_coherence/FINDINGS.md	chern-simons	46	**The full census check FAILS.** Globally across the 78 closings sorted by volume, |CS| is **not**
frontier/B1197_clock_coherence/FINDINGS.md	chern-simons	50	| family | witness (|CS| rises as Vol rises) |
frontier/B1197_clock_coherence/FINDINGS.md	chern-simons	52	| p=2 | (2,−3) V=1.737124 \|CS\|=0.169123 → (2,5) V=1.919520 \|CS\|=0.200608 |
frontier/B1197_clock_coherence/FINDINGS.md	chern-simons	53	| p=3 | (3,4) V=1.863443 \|CS\|=0.126674 → (3,5) V=1.921027 \|CS\|=0.199099 |
frontier/B1197_clock_coherence/FINDINGS.md	chern-simons	54	| p=4 | (4,−5) V=1.923087 \|CS\|=0.101181 → (4,−7) V=1.973762 \|CS\|=0.142402 |
frontier/B1197_clock_coherence/FINDINGS.md	chern-simons	55	| p=5 | (5,−1) V=0.981369 \|CS\|=0.077038 → (5,−2) V=1.529477 \|CS\|=0.234622 |
frontier/B1197_clock_coherence/FINDINGS.md	chern-simons	56	| p=6 | (6,−1) V=1.284485 \|CS\|=0.067932 → (6,5) V=1.928668 \|CS\|=0.098310 |
frontier/B1197_clock_coherence/FINDINGS.md	chern-simons	57	| p=7 | (7,−1) V=1.463777 \|CS\|=0.060617 → (7,2) V=1.649610 \|CS\|=0.231986 |
frontier/B1197_clock_coherence/FINDINGS.md	chern-simons	58	| p=8 | (8,1) V=1.583167 \|CS\|=0.054637 → (8,3) V=1.824344 \|CS\|=0.174195 |
frontier/B1197_clock_coherence/FINDINGS.md	chern-simons	60	Structural observation (interpretive, labeled): the families sit at **different |CS| scales** — the
frontier/B1197_clock_coherence/FINDINGS.md	chern-simons	61	(p,±1) closings carry small |CS| at low volume while the (1,n) and (p,±2..) closings carry large
frontier/B1197_clock_coherence/FINDINGS.md	chern-simons	62	|CS| — so the global failure is a *family-stratification* effect, not noise.
frontier/B1197_clock_coherence/FINDINGS.md	amphichiral	68	B289/B303 single out, |CS| → 0 with Vol ↗ Vol_cusp toward the amphichiral origin) and fails
frontier/B1197_clock_coherence/FINDINGS.md	chern-simons	68	B289/B303 single out, |CS| → 0 with Vol ↗ Vol_cusp toward the amphichiral origin) and fails
frontier/B1197_clock_coherence/FINDINGS.md	chern-simons	84	CS is SnapPy's `chern_simons()` (mod 1), reduced to [−1/2, 1/2) and taken in absolute value; B289
frontier/B1198_lee_motives_retrieval/FINDINGS.md	complex-volume	21	equals the PSL₂(ℂ) Chern–Simons invariant — i.e. the complex volume — up to constant**. For a
frontier/B1198_lee_motives_retrieval/FINDINGS.md	chern-simons	22	manifold with a **single torus boundary**, under an assumption on the asymptotic behaviour of the CS
frontier/B1198_lee_motives_retrieval/FINDINGS.md	knot-in-s3	30	knot complements 4₁"* — **our object is the verified case.**
frontier/B1198_lee_motives_retrieval/FINDINGS.md	orientation	43	orientation theorem; B760/B1183's no-self-closure; the free-orbit theorem): *the marking is a
frontier/B1198_lee_motives_retrieval/FINDINGS.md	complex-volume	47	2.029883212819307250042405108549 = (3√3/2)·L(χ₋₃,2) = 9√3·ζ_K(2)/π², and the complex volume
frontier/B1198_lee_motives_retrieval/FINDINGS.md	chern-simons	48	2R(e^{iπ/3}) = π²/6 + i·Vol to 2.3e−41 — the **CS = 0** statement. So the quantity Lee's motive
frontier/B1198_lee_motives_retrieval/FINDINGS.md	chern-simons	50	arithmetically (B680, B1117, B1088). B707's test 3 asked: *"is the CS-invariant = regulator
frontier/B1198_lee_motives_retrieval/FINDINGS.md	amphichiral	71	(b) does the 4₁ confirmation use the **CS = 0 / amphichirality** degeneracy that B1195/GC-21 just
frontier/B1198_lee_motives_retrieval/FINDINGS.md	chern-simons	71	(b) does the 4₁ confirmation use the **CS = 0 / amphichirality** degeneracy that B1195/GC-21 just
frontier/B1199_register_reads_and_L188/FINDINGS.md	amphichiral	67	(LR/RL), zero mismatches. **C2 confirmed on all three named strata** (53/745 amphichiral; the eight
frontier/B1199_register_reads_and_L188/FINDINGS.md	amphichiral	68	prime-discriminant values realized by 47 classes, 11 jointly amphichiral; the 51-member minimal
frontier/B1201_lee_verified_and_harvest/FINDINGS.md	double-cover	28	construction requires is at the eigenvalue double cover, not at the tangent vector — and there it
frontier/B1201_lee_verified_and_harvest/FINDINGS.md	amphichiral	32	**(b) Appendix A makes NO use of CS = 0 or amphichirality.** Zero occurrences of "amphichir",
frontier/B1201_lee_verified_and_harvest/FINDINGS.md	chern-simons	32	**(b) Appendix A makes NO use of CS = 0 or amphichirality.** Zero occurrences of "amphichir",
frontier/B1201_lee_verified_and_harvest/FINDINGS.md	orientation	33	"chiral", or "orientation-revers" anywhere in the paper. The method is a z → 0 limit at ideal points
frontier/B1201_lee_verified_and_harvest/FINDINGS.md	chern-simons	34	of the Neumann–Zagier potential (via Hikami); the CS value at the geometric point never enters.
frontier/B1201_lee_verified_and_harvest/FINDINGS.md	chern-simons	37	CS = 0 degeneracy has **no counterpart** in his argument — another B1198 hope withdrawn.
frontier/B1201_lee_verified_and_harvest/FINDINGS.md	spin	52	64 — main's banked beat is the single-root one; no addendum needed. **R021** (Gieseking Pin⁻
frontier/B1201_lee_verified_and_harvest/FINDINGS.md	gieseking	52	64 — main's banked beat is the single-root one; no addendum needed. **R021** (Gieseking Pin⁻
frontier/B1201_lee_verified_and_harvest/FINDINGS.md	spin	54	against the F3/spin rows (B279's mirror-fixes-both-spin-structures; B1141's beat-selects-the-spin).
frontier/B1208_cross_seat_harvest/FINDINGS.md	chern-simons	92	- **S5b — signed CS was never a function of Vol.** On the 156-row signed census, **156 of 156**
frontier/B1208_cross_seat_harvest/FINDINGS.md	chern-simons	93	same-volume pairs carry **exactly opposite** CS (witness: Vol 1.977609277375 carries
frontier/B1208_cross_seat_harvest/FINDINGS.md	chern-simons	96	- **S5 — |CS|, the repair, is not a function of Vol either.** Their window reproduces **exactly**:
frontier/B1208_cross_seat_harvest/FINDINGS.md	chern-simons	98	**stronger** witness they did not report: a window of width **0.000264** carrying an |CS| spread
frontier/B1208_cross_seat_harvest/FINDINGS.md	orientation	142	conjugation acts on the character variety and reverses orientation. **⟹ mirror = conjugation = the
frontier/B1208_cross_seat_harvest/FINDINGS.md	spin	192	## LEG 7 — codex R021, the Gieseking Pin⁻ restriction: **CONFIRMED, and GENERALIZED**
frontier/B1208_cross_seat_harvest/FINDINGS.md	gieseking	192	## LEG 7 — codex R021, the Gieseking Pin⁻ restriction: **CONFIRMED, and GENERALIZED**
frontier/B1208_cross_seat_harvest/FINDINGS.md	spin	194	Their theorem: the Gieseking manifold N has two Pin⁻ structures, m004 has two spin structures, and
frontier/B1208_cross_seat_harvest/FINDINGS.md	gieseking	194	Their theorem: the Gieseking manifold N has two Pin⁻ structures, m004 has two spin structures, and
frontier/B1208_cross_seat_harvest/FINDINGS.md	orientable	198	Verified here on this bench: N is nonorientable with `H₁ = ℤ`, m004 is confirmed by isometry to be
frontier/B1208_cross_seat_harvest/FINDINGS.md	orientation	203	the orientation double cover is *by definition* the cover on which `w₁` pulls back to zero — so `p*`
frontier/B1208_cross_seat_harvest/FINDINGS.md	double-cover	203	the orientation double cover is *by definition* the cover on which `w₁` pulls back to zero — so `p*`
frontier/B1208_cross_seat_harvest/FINDINGS.md	orientable	208	> **THE THEOREM, in the form it actually holds**: *for any nonorientable manifold N with
frontier/B1208_cross_seat_harvest/FINDINGS.md	orientation	209	> `H¹(N;F₂)` of rank 1, the restriction of Pin⁻ structures to the orientation double cover is
frontier/B1208_cross_seat_harvest/FINDINGS.md	spin	209	> `H¹(N;F₂)` of rank 1, the restriction of Pin⁻ structures to the orientation double cover is
frontier/B1208_cross_seat_harvest/FINDINGS.md	double-cover	209	> `H¹(N;F₂)` of rank 1, the restriction of Pin⁻ structures to the orientation double cover is
frontier/B1208_cross_seat_harvest/FINDINGS.md	gieseking	210	> constant.* The Gieseking is one instance. **Control**: the rank-1 hypothesis is load-bearing — at
frontier/B1208_cross_seat_harvest/FINDINGS.md	spin	215	and naming it still needs their tangent-frame Pin⁻ lift plus the comparison with B1141's
frontier/B1208_cross_seat_harvest/FINDINGS.md	spin	222	`swapper#13`, `lift#0`), with both spin-two strings and the coloured 54 leaking, and verifies
frontier/B1209_lee_verification/FINDINGS.md	complex-volume	18	> trace field** whose Beilinson regulator is the complex volume.
frontier/B1209_lee_verification/FINDINGS.md	orientation	52	> and the programme's orientation bit (B1174 / B1182 / B1183). The hoped-for identification —
frontier/B1209_lee_verification/FINDINGS.md	chern-simons	61	## Q2 — Does the 4₁ confirmation use the CS = 0 degeneracy?
frontier/B1209_lee_verification/FINDINGS.md	chern-simons	69	**The CS = 0 degeneracy that B1195/GC-21 made exact plays no role**, so that hoped-for contact point
frontier/B1209_lee_verification/FINDINGS.md	complex-volume	85	**mixed Tate motive over ℚ(√−3) whose Beilinson regulator is our complex volume**, with 4₁ as a
frontier/B120_tower_determination/FINDINGS.md	orientation	15	the expansion rate), **swap-count mod 2 → det** (orientation, the parity sector). So the tower factors cleanly as
frontier/B120_tower_determination/FINDINGS.md	det-minus-1	21	change. The Sym content `μ_d` depends only on `(n, det=−1)`, not on `trace=m`. (This is B103's `ℚ[m]`-iso at `n=4`,
frontier/B1212_two_replies/FINDINGS.md	chern-simons	69	Δ|CS| = 0.143204579) is **adopted and credited**, replacing their 28× window figure.
frontier/B1216_parameter_closure_run1/FINDINGS.md	det-minus-1	32	**Scope, carefully**: this removes one of GC-16's three supporting legs. **The det = −1 sign result is
frontier/B1216_parameter_closure_run1/FINDINGS.md	det-minus-1	49	changes the outcome — **22 of 60** reproduce the headline DIRECT(det = −1); **38** fall into a
frontier/B1218_open_claim_sweep/FINDINGS.md	spin	63	are two polarizations, and L57 becomes a **spin-structure** question. Two further PROVED arcs
frontier/B1218_open_claim_sweep/FINDINGS.md	spin	67	> **Explicitly NOT claimed**: that L57's re-posed spin-structure question is the same ℤ/2 that
frontier/B1218_open_claim_sweep/FINDINGS.md	spin	68	> B1141 assigns. A boundary theta-characteristic and a 3-manifold spin structure are related
frontier/B1218_open_claim_sweep/FINDINGS.md	spin	79	**`B921-6` the Cell-3 spin fork.** B1141 selects *which* spin structure the beat picks; B921-6
frontier/B121_monodromy_grading/FINDINGS.md	det-minus-1	1	# B121 — the monodromy sl(2) grading of the adjoint: an external `det=−1` `GL(2,ℤ)`-rep, not the principal one
frontier/B121_monodromy_grading/FINDINGS.md	det-minus-1	34	- the monodromy uses the **seed `M_m` directly**, which sits in `GL(2,ℤ) ∖ SL(2,ℤ)` (`det=−1`).
frontier/B121_monodromy_grading/FINDINGS.md	det-minus-1	41	`char(−M^h)` sectors (B112), and this is the same `det=−1` parity that produces B118's fixed-root sign `(−1)^{h+1}`
frontier/B121_monodromy_grading/FINDINGS.md	det-minus-1	47	> `GL(2,ℤ)` (the tower, mixed parity, `det=−1` — the mapping class group)** are two inequivalent `SL(2)`-actions on
frontier/B121_monodromy_grading/FINDINGS.md	det-minus-1	48	> the **same** `(n²−1)`-dim adjoint, distinguished for all `n≥3` by the **`det=−1` parity obstruction** (the odd
frontier/B121_monodromy_grading/FINDINGS.md	det-minus-1	49	> `Sym^d`). So "tower ≠ Kostant" is now characterized **positively**: the monodromy is the `det=−1` external action.
frontier/B121_monodromy_grading/FINDINGS.md	det-minus-1	53	exactly the `det=−1` parity that the whole program already singled out (B93/B94/B118). The geometric-Langlands /
frontier/B121_monodromy_grading/FINDINGS.md	det-minus-1	57	Hitchin/Fuchsian), B112/B118 (the `det=−1` sign structure), B117 (the two-sequence).
frontier/B1222_symmetry_vanishing_thesis/FINDINGS.md	chern-simons	10	> The programme keeps *proving zero* — Δ = I, CS = 0, ∂S/∂k ≡ 0, θ trivial, the mirror trivial,
frontier/B1222_symmetry_vanishing_thesis/FINDINGS.md	amphichiral	23	group of order 8, both amphichiral, both volume 2.0298832128. What differs is the cusp shape, and
frontier/B1222_symmetry_vanishing_thesis/FINDINGS.md	orientable	29	400 one-cusped orientable census manifolds:
frontier/B1222_symmetry_vanishing_thesis/FINDINGS.md	amphichiral	48	Symmetry-forced: CS = 0 and ∂S/∂k ≡ 0 (amphichirality) · Δ = I (traciality) · θ trivial · the mirror
frontier/B1222_symmetry_vanishing_thesis/FINDINGS.md	chern-simons	48	Symmetry-forced: CS = 0 and ∂S/∂k ≡ 0 (amphichirality) · Δ = I (traciality) · θ trivial · the mirror
frontier/B1222_symmetry_vanishing_thesis/FINDINGS.md	amphichiral	62	Map cleanly: the chirality bit (amphichirality — and B717 already said it, *"the observer is what
frontier/B1222_symmetry_vanishing_thesis/FINDINGS.md	amphichiral	78	Amphichirality *does* force CS = 0. Traciality *does* force Δ = I. Those stand on their own arcs.
frontier/B1222_symmetry_vanishing_thesis/FINDINGS.md	chern-simons	78	Amphichirality *does* force CS = 0. Traciality *does* force Δ = I. Those stand on their own arcs.
frontier/B1224_amphichiral_cs_torsion/FINDINGS.md	amphichiral	1	# B1224 — A GATE OF OURS KILLED A POSITIVE: amphichirality forces CS to be 2-TORSION, and the thesis survives on its own quantity
frontier/B1224_amphichiral_cs_torsion/FINDINGS.md	chern-simons	1	# B1224 — A GATE OF OURS KILLED A POSITIVE: amphichirality forces CS to be 2-TORSION, and the thesis survives on its own quantity
frontier/B1224_amphichiral_cs_torsion/FINDINGS.md	orientable	19	Over the first 400 one-cusped orientable census manifolds, splitting on amphichirality (the symmetry
frontier/B1224_amphichiral_cs_torsion/FINDINGS.md	amphichiral	19	Over the first 400 one-cusped orientable census manifolds, splitting on amphichirality (the symmetry
frontier/B1224_amphichiral_cs_torsion/FINDINGS.md	chern-simons	22	| class | n | fraction with CS = 0 |
frontier/B1224_amphichiral_cs_torsion/FINDINGS.md	amphichiral	24	| **amphichiral** | 6 | **0.500** |
frontier/B1224_amphichiral_cs_torsion/FINDINGS.md	amphichiral	25	| non-amphichiral | 394 | **0.0025** |
frontier/B1224_amphichiral_cs_torsion/FINDINGS.md	amphichiral	31	The 3-of-6 is not noise, and it is not a partial result. Amphichirality gives CS ≡ −CS, so
frontier/B1224_amphichiral_cs_torsion/FINDINGS.md	chern-simons	31	The 3-of-6 is not noise, and it is not a partial result. Amphichirality gives CS ≡ −CS, so
frontier/B1224_amphichiral_cs_torsion/FINDINGS.md	chern-simons	32	**2·CS ≡ 0** — CS is **2-torsion**, not zero. In SnapPy's normalisation (CS defined mod ½) the
frontier/B1224_amphichiral_cs_torsion/FINDINGS.md	chern-simons	35	| manifold | CS |
frontier/B1224_amphichiral_cs_torsion/FINDINGS.md	amphichiral	46	> **So the banked statement "CS = 0, forced by amphichirality" is the special case.** The theorem is
frontier/B1224_amphichiral_cs_torsion/FINDINGS.md	chern-simons	46	> **So the banked statement "CS = 0, forced by amphichirality" is the special case.** The theorem is
frontier/B1224_amphichiral_cs_torsion/FINDINGS.md	chern-simons	47	> **CS ∈ {0, ¼}**, and m004 happens to sit at 0. B303's conclusion is right for our object and its
frontier/B1224_amphichiral_cs_torsion/FINDINGS.md	amphichiral	48	> stated *reason* is incomplete — amphichirality alone forces 2-torsion, not vanishing.
frontier/B1224_amphichiral_cs_torsion/FINDINGS.md	amphichiral	52	The paper says m003 and m004 share field, volume and amphichirality, and that *"what separates them
frontier/B1224_amphichiral_cs_torsion/FINDINGS.md	chern-simons	54	m004 has CS = 0 and m003 has CS = 1/4.** The pair sits at the two ends of the same 2-torsion set.
frontier/B1225_no_canonical_selector/FINDINGS.md	chern-simons	20	supply a point of it — the CS bit's {0, ¼}, the Higgs line, the hypercharge ray, the finite menus,
frontier/B1225_no_canonical_selector/FINDINGS.md	chern-simons	64	| the CS bit | {0, ¼} | β-**odd** ⇒ not canonical ⇒ the reader's, by B1168 |
frontier/B1226_the_beta_odd_box/FINDINGS.md	amphichiral	10	It began as a consequence-check on **B1224**, banked hours earlier the same day: amphichirality
frontier/B1226_the_beta_odd_box/FINDINGS.md	chern-simons	11	forces CS to be **2-torsion**, `CS ∈ {0, ¼}` — not `CS = 0`. Nobody drew the consequence. Drawing it
frontier/B1226_the_beta_odd_box/FINDINGS.md	chern-simons	17	**B1012 banked** (verified quote from its verdict): *"blind-to-k iff CS = 0 iff the object equals its
frontier/B1226_the_beta_odd_box/FINDINGS.md	chern-simons	25	| `blind-to-k ⟺ CS = 0` — the sympy identity `∂S/∂k = −CS` on Gukov's split `t = k + iσ` | **STANDS** |
frontier/B1226_the_beta_odd_box/FINDINGS.md	amphichiral	26	| `CS = 0 ⟺ amphichiral` | **REFUTED, BOTH DIRECTIONS** |
frontier/B1226_the_beta_odd_box/FINDINGS.md	chern-simons	26	| `CS = 0 ⟺ amphichiral` | **REFUTED, BOTH DIRECTIONS** |
frontier/B1226_the_beta_odd_box/FINDINGS.md	orientable	28	Counterexamples, exhibited on the one-cusped orientable census (600 scanned):
frontier/B1226_the_beta_odd_box/FINDINGS.md	chern-simons	30	| | CS ≡ 0 | CS ≡ ¼ |
frontier/B1226_the_beta_odd_box/FINDINGS.md	amphichiral	32	| **amphichiral** | m004, m136, m206 | **m003, m135, m207** ← kills `amph ⇒ CS=0` |
frontier/B1226_the_beta_odd_box/FINDINGS.md	chern-simons	32	| **amphichiral** | m004, m136, m206 | **m003, m135, m207** ← kills `amph ⇒ CS=0` |
frontier/B1226_the_beta_odd_box/FINDINGS.md	chern-simons	33	| **chiral** | **m208** ← kills `CS=0 ⇒ amph` | 593 others |
frontier/B1226_the_beta_odd_box/FINDINGS.md	orientation	36	it is **not a chirality test**: it finds *orientation-reversing* isometries. The authoritative test is
frontier/B1226_the_beta_odd_box/FINDINGS.md	orient-reversing	36	it is **not a chirality test**: it finds *orientation-reversing* isometries. The authoritative test is
frontier/B1226_the_beta_odd_box/FINDINGS.md	det-minus-1	38	its mirror all have `det = −1`; m004's and m003's carry **both** `+1` and `−1`. A seat trusting the
frontier/B1226_the_beta_odd_box/FINDINGS.md	chern-simons	46	**What survives.** *"No dimensionful quantity, by theorem"* **still holds for m004**: `CS = 0` is
frontier/B1226_the_beta_odd_box/FINDINGS.md	amphichiral	50	equally-amphichiral sister m003 — same volume, same trace field ℚ(√−3), same `|Sym| = 8` — is **not**
frontier/B1226_the_beta_odd_box/FINDINGS.md	chern-simons	55	> **blind-to-k ⟺ CS ≡ 0 ⟺ the object's complex volume `Vol + i·CS` is REAL.**
frontier/B1226_the_beta_odd_box/FINDINGS.md	complex-volume	55	> **blind-to-k ⟺ CS ≡ 0 ⟺ the object's complex volume `Vol + i·CS` is REAL.**
frontier/B1226_the_beta_odd_box/FINDINGS.md	amphichiral	57	The three-tier form, matching B1165/B1170's template: **(i)** amphichirality ⇒ `CS ∈ ℤ/2` — *forced*;
frontier/B1226_the_beta_odd_box/FINDINGS.md	chern-simons	57	The three-tier form, matching B1165/B1170's template: **(i)** amphichirality ⇒ `CS ∈ ℤ/2` — *forced*;
frontier/B1226_the_beta_odd_box/FINDINGS.md	chern-simons	58	**(ii)** m004 sits at `0` — *contingent, the object's own datum*; **(iii)** `CS = 0` ⇒ scale-blind —
frontier/B1226_the_beta_odd_box/FINDINGS.md	chern-simons	83	Box D is the only box where the object has an output at all. That output is `CS`, forced 2-torsion:
frontier/B1226_the_beta_odd_box/FINDINGS.md	chern-simons	90	| **B813** | CS(m004) = θ_QCD? | **a value** (a coefficient slot) | REFUTED ON TYPE |
frontier/B1226_the_beta_odd_box/FINDINGS.md	chern-simons	95	the source**, not the object. B813 is the sharpest case: it correctly refuted `CS = θ` because θ is a
frontier/B1226_the_beta_odd_box/FINDINGS.md	chern-simons	96	*coefficient* while CS is a *functional value* — and that refutation **stands untouched**. What it did
frontier/B1226_the_beta_odd_box/FINDINGS.md	chern-simons	103	literally the sign of Chern-Simons"* (PROVED). It sits on the correct side of the type boundary that
frontier/B1227_one_theorem_two_regimes/FINDINGS.md	amphichiral	8	Let `M` be amphichiral, so the mirror `μ` is a **self**-isometry: `μ(M) ≅ M`. Let `I` be an
frontier/B1227_one_theorem_two_regimes/FINDINGS.md	chern-simons	22	`¼`. Without them "CS is 2-torsion" would be indistinguishable from "CS is zero" and the
frontier/B1227_one_theorem_two_regimes/FINDINGS.md	amphichiral	33	The theorem deletes the mirror-even half of the hypothesis. **Real + amphichiral ⇒ mirror-even, for
frontier/B1228_S1_the_nomination/FINDINGS.md	chern-simons	40	- **k is provably NOT supplied** — `CS = 0 ⟹ ∂S/∂k = −CS ≡ 0` (B1012/B1088), and `CS = 0` is itself
frontier/B1228_S1_the_nomination/FINDINGS.md	amphichiral	41	forced: amphichirality gives 2-torsion `{0, ¼}` and m004 sits at 0 (**B1224/B1227, today**).
frontier/B1228_S1_the_nomination/FINDINGS.md	chern-simons	56	`S = −CS·k − Vol·σ` is the Chern–Simons action **of the geometric PSL(2,ℂ) connection**, so its
frontier/B1228_S1_the_nomination/FINDINGS.md	sl2c-lift	56	`S = −CS·k − Vol·σ` is the Chern–Simons action **of the geometric PSL(2,ℂ) connection**, so its
frontier/B122_W_symmetric_powers/FINDINGS.md	spin	9	3+1 / spin-2 readings are firewalled (`S028`); nothing to `CLAIMS.md`; the `ρ_n`/Sym-`μ_d` proof stays the prize;
frontier/B122_W_symmetric_powers/FINDINGS.md	det-minus-1	33	`det(W=V⊕1) = det(V)·1 = −1` → the **external `det=−1` parity** (B121); `det(Fricke = Sym²V) = +1` → the **internal
frontier/B122_W_symmetric_powers/FINDINGS.md	det-minus-1	36	parity, det−1). The tower's **odd weights** = `Sym^n(V⊕1)` including `V` (weight 1) = the **B121 parity obstruction,
frontier/B122_W_symmetric_powers/FINDINGS.md	det-minus-1	57	> signs `char(M^h)` vs `char(−M^h)` are the orthogonal **`det=−1` layer** (B118's `(−1)^{h+1}`).
frontier/B122_W_symmetric_powers/FINDINGS.md	det-minus-1	64	`(x,y)` (above), so it holds for `det=+1` as well as `det=−1` — it is **more general than the metallic ray**
frontier/B122_W_symmetric_powers/FINDINGS.md	det-minus-1	65	(not a `det=−1` feature). The multiplicity form matches `μ_d` **through n=14** (confirmation, past the banked
frontier/B122_W_symmetric_powers/FINDINGS.md	det-minus-1	67	- **Sign layer (the inversion identity `char(M⁻¹)=char(−M)`, the parity sector) is `det=−1`-SPECIFIC.** Symbolic:
frontier/B122_W_symmetric_powers/FINDINGS.md	det-minus-1	68	`char(M⁻¹)−char(−M) = 0` at `det=−1`, `= −2tτ` at `det=+1` (fails). The parity factor `(t−1)(t−det)` collapses
frontier/B122_W_symmetric_powers/FINDINGS.md	det-minus-1	69	`(t−1)(t+1) → (t−1)²` going golden (`det=−1`) → fig-8 (`det=+1=`golden²) — squaring squares the eigenvalues and
frontier/B122_W_symmetric_powers/FINDINGS.md	orientation	71	magnitude (`det`-independent); signs = the metallic/orientation feature (B118, `det=−1`).
frontier/B122_W_symmetric_powers/FINDINGS.md	det-minus-1	71	magnitude (`det`-independent); signs = the metallic/orientation feature (B118, `det=−1`).
frontier/B1231_identification_discipline/FINDINGS.md	chern-simons	15	| **B813** | CS(m004) = θ_QCD | dead **on type**: a functional *value* cannot fill a *coefficient* slot |
frontier/B123_arithmeticity_m1/FINDINGS.md	knot-in-s3	5	By **Reid (1991)** the figure-eight is the *unique* arithmetic knot complement (and there are exactly two arithmetic
frontier/B123_arithmeticity_m1/FINDINGS.md	knot-in-s3	23	not (Reid 1991).
frontier/B123_arithmeticity_m1/FINDINGS.md	knot-in-s3	30	| **cited (Reid 1991)** | the figure-eight is the *unique* arithmetic knot; m≥2 metallic manifolds are non-arithmetic | literature |
frontier/B123_arithmeticity_m1/FINDINGS.md	knot-in-s3	33	**Banked `SUPPORTED`, NOT `TESTED-POSITIVE`** — the in-house shape + Reid's theorem support it; the trace-field
frontier/B123_arithmeticity_m1/FINDINGS.md	det-minus-1	47	The **`det=−1` middle eigenvalue = −1** (vs `+1` at `det=+1`) is the proved **B121** parity (the external `det=−1`
frontier/B123_arithmeticity_m1/FINDINGS.md	det-minus-1	52	(systole), P004/B120 (expansion), B69/B109 (κ=−2 cusp), B121/B122 (the det=−1 parity). External: Reid 1991
frontier/B123_arithmeticity_m1/FINDINGS.md	knot-in-s3	52	(systole), P004/B120 (expansion), B69/B109 (κ=−2 cusp), B121/B122 (the det=−1 parity). External: Reid 1991
frontier/B123_arithmeticity_m1/FINDINGS.md	knot-in-s3	53	(arithmeticity of knot complements).
frontier/B124_time_reversal_reciprocity/FINDINGS.md	orientation	14	2-plane); `−1` is self-reciprocal (the parity/sign direction); `det = φ²·(−1)·φ⁻² = −1` (orientation-reversing,
frontier/B124_time_reversal_reciprocity/FINDINGS.md	orient-reversing	14	2-plane); `−1` is self-reciprocal (the parity/sign direction); `det = φ²·(−1)·φ⁻² = −1` (orientation-reversing,
frontier/B124_time_reversal_reciprocity/FINDINGS.md	det-minus-1	26	## §2 — METALLIC-SPECIFIC (the supplement): a det=−1 sign/chirality asymmetry — but **no arrow**
frontier/B124_time_reversal_reciprocity/FINDINGS.md	det-minus-1	28	At SL(2) the two directions are symmetric (generic, §1). At SL(n≥3), `det=−1`, the tower `ρ_n = ⊕_d Sym^d(M)^{μ_d}`
frontier/B124_time_reversal_reciprocity/FINDINGS.md	det-minus-1	30	n=2..10: the det=+1 spectrum has zero `−1` modes at every n). So there is a genuine `det=−1`-specific
frontier/B124_time_reversal_reciprocity/FINDINGS.md	orientation	33	amphichirality** (this asymmetry *is* the amphichirality / orientation-reversal surfacing in the mode counts).
frontier/B124_time_reversal_reciprocity/FINDINGS.md	amphichiral	33	amphichirality** (this asymmetry *is* the amphichirality / orientation-reversal surfacing in the mode counts).
frontier/B124_time_reversal_reciprocity/FINDINGS.md	amphichiral	40	structure breaks chirality (P-like, = amphichirality B118/B121) and preserves time-direction symmetry (T-like) in the
frontier/B124_time_reversal_reciprocity/FINDINGS.md	det-minus-1	51	So: **bank the qualitative det=−1 sign/chirality imbalance (`O(n/2)`, B112-backed); the exact constant is open.**
frontier/B124_time_reversal_reciprocity/FINDINGS.md	det-minus-1	55	- **Is:** a generic symplectic time-reversal structure (§1) + one real metallic-specific residue — a det=−1 *handedness*
frontier/B124_time_reversal_reciprocity/FINDINGS.md	det-minus-1	64	the inversion identity `char(M⁻¹)=char(−M)` and the det=−1 parity (B118/B121); the two-sequence middle-band doubling
frontier/B125_snappy_arithmeticity/FINDINGS.md	orientable	8	## §1 — the structural spine (pure numpy, the orientable metallic members are the `R^m L^m` bundles)
frontier/B125_snappy_arithmeticity/FINDINGS.md	orientable	10	`M_m = [[m,1],[1,0]]`, `det=−1`. Its orientable square is a positive `LR`-word:
frontier/B125_snappy_arithmeticity/FINDINGS.md	det-minus-1	10	`M_m = [[m,1],[1,0]]`, `det=−1`. Its orientable square is a positive `LR`-word:
frontier/B125_snappy_arithmeticity/FINDINGS.md	orientable	14	Verified exactly for `m=1..6`. For `m=1` this is `RL` = the figure-eight (`m004`). So the orientable metallic
frontier/B125_snappy_arithmeticity/FINDINGS.md	knot-in-s3	20	The arithmeticity criterion (Maclachlan–Reid, *The Arithmetic of Hyperbolic 3-Manifolds*, Thm 8.3.2, non-cocompact):
frontier/B125_snappy_arithmeticity/FINDINGS.md	knot-in-s3	25	Computed both via the **shape field** (Neumann–Reid: the field generated by the ideal-tetrahedron shapes = `kM`) and
frontier/B125_snappy_arithmeticity/FINDINGS.md	knot-in-s3	39	"exactly **two** arithmetic once-punctured-torus bundles" (Maclachlan–Reid); they are exactly `m=1` and `m=2`.
frontier/B125_snappy_arithmeticity/FINDINGS.md	knot-in-s3	46	reproduction (observed 4 or 8; the canonical Maclachlan–Reid value is 6) — it does **not** affect any verdict
frontier/B125_snappy_arithmeticity/FINDINGS.md	knot-in-s3	53	- **Reid 1991 — the figure-eight is the unique arithmetic *knot* — STANDS.** It concerns knot complements in `S³`;
frontier/B125_snappy_arithmeticity/FINDINGS.md	knot-in-s3	54	the `m≥2` metallic manifolds are once-punctured-torus **bundles**, generally not knot complements. `m=2`'s `R²L²`
frontier/B125_snappy_arithmeticity/FINDINGS.md	knot-in-s3	55	being arithmetic does **not** contradict Reid — it confirms the theorem's scope (`m=2` is necessarily not a knot,
frontier/B125_snappy_arithmeticity/FINDINGS.md	knot-in-s3	72	P004/B120 (expansion threshold), `knowledge/K002`, `K004`, `K009`. External: Maclachlan–Reid, *The Arithmetic of
frontier/B125_snappy_arithmeticity/FINDINGS.md	knot-in-s3	73	Hyperbolic 3-Manifolds* (Thm 8.3.2); Bowditch–Maclachlan–Reid 1995 (**three** commensurability classes of arithmetic
frontier/B125_snappy_arithmeticity/FINDINGS.md	knot-in-s3	75	Reid 1991 (the unique arithmetic
frontier/B125_snappy_arithmeticity/FINDINGS.md	knot-in-s3	76	knot); Neumann–Reid (shape field = invariant trace field). Tooling: SnapPy 3.3.2 + cypari 2.5.6, in-sandbox.
frontier/B126_ladder_to_physics/FINDINGS.md	orientable	15	`H₁(M_m) = ℤ ⊕ (ℤ/m)²` for the orientable metallic bundle `M_m² = R^m L^m`. **Proof:** the mapping-torus homology
frontier/B126_ladder_to_physics/FINDINGS.md	knot-in-s3	40	= adjoint Reidemeister torsion, an element of the trace field) is **proven for all once-punctured-torus bundles**
frontier/B126_ladder_to_physics/FINDINGS.md	sl2c-lift	51	SUSY phase**: when `M` has no irreducible `SL(2,ℂ)` flat connection, SUSY is spontaneously broken; `4₁` *has*
frontier/B126_ladder_to_physics/FINDINGS.md	knot-in-s3	90	hep-th/0604151; Bowditch–Maclachlan–Reid 1995 (the *three* arithmetic commensurability classes — see the B125/K009
frontier/B127_chirality_arithmetic_naming/FINDINGS.md	chern-simons	16	- **M-2 — the metallic family is the achiral (CS=0) + imaginary-quadratic corner** of the once-punctured-torus
frontier/B127_chirality_arithmetic_naming/FINDINGS.md	chern-simons	18	`m=1..6`), against a discriminating census **mix** (m003 CS=4.93, m006=−2.25, m004=0). Structural reason: `R^m L^m`
frontier/B127_chirality_arithmetic_naming/FINDINGS.md	orientation	19	is palindromic under reverse+swap (the swap conjugation sends `L^m R^m → R^m L^m`) — an orientation-reversing
frontier/B127_chirality_arithmetic_naming/FINDINGS.md	orient-reversing	19	is palindromic under reverse+swap (the swap conjugation sends `L^m R^m → R^m L^m`) — an orientation-reversing
frontier/B127_chirality_arithmetic_naming/FINDINGS.md	amphichiral	20	symmetry, hence amphichiral.
frontier/B127_chirality_arithmetic_naming/FINDINGS.md	chern-simons	22	complex-CS TQFT, and CS=0 → chiral central charge `c₋ = 0` → **non-chiral**. Physical anyons need a *unitary*
frontier/B127_chirality_arithmetic_naming/FINDINGS.md	det-minus-1	55	- **K-A/K-B — "det=−1 breaks chirality / selects the SM chiral structure": DEAD, and INVERTED.** Topologically
frontier/B127_chirality_arithmetic_naming/FINDINGS.md	orientation	56	`det=−1` is the orientation-**reversing symmetry** (the deck transformation of the orientation double cover) that
frontier/B127_chirality_arithmetic_naming/FINDINGS.md	det-minus-1	56	`det=−1` is the orientation-**reversing symmetry** (the deck transformation of the orientation double cover) that
frontier/B127_chirality_arithmetic_naming/FINDINGS.md	double-cover	56	`det=−1` is the orientation-**reversing symmetry** (the deck transformation of the orientation double cover) that
frontier/B127_chirality_arithmetic_naming/FINDINGS.md	amphichiral	57	makes `M_m²` amphichiral, and the chiral invariant (CS) is exactly the one that is **0**. The SM split is 8/7; the
frontier/B127_chirality_arithmetic_naming/FINDINGS.md	chern-simons	57	makes `M_m²` amphichiral, and the chiral invariant (CS) is exactly the one that is **0**. The SM split is 8/7; the
frontier/B127_chirality_arithmetic_naming/FINDINGS.md	det-minus-1	59	B124's "det=−1 breaks chirality" was the **algebraic P-parity** of the tower — the `char(−M^h)` sectors,
frontier/B127_chirality_arithmetic_naming/FINDINGS.md	chern-simons	60	representation theory — which is orthogonal to the manifold's CS and stands unchanged.)*
frontier/B127_chirality_arithmetic_naming/FINDINGS.md	det-minus-1	61	- **K-C — "figure-eight quantized = the *physical* Fibonacci order / det=−1 selects the braiding chirality": DEAD**
frontier/B127_chirality_arithmetic_naming/FINDINGS.md	chern-simons	63	the unitary Fibonacci (`c=+14/5`) invoked; CS=0 contradicts chirality selection; the `ζ5`-vs-`ζ3` arithmetic
frontier/B127_chirality_arithmetic_naming/FINDINGS.md	knot-in-s3	80	Damanik–Gorodetski (the Fibonacci-Hamiltonian horseshoe); Bowditch–Maclachlan–Reid 1995; Ostrik (Fibonacci
frontier/B128_symmetry_breaking_chirality/FINDINGS.md	chern-simons	5	forces it** — chirality (CS≠0, "broken parity") is reachable by composing metallic blocks into a generic *order*, but
frontier/B128_symmetry_breaking_chirality/FINDINGS.md	orientation	15	**Naive `M.is_isometric_to(M_mirror)` is orientation-blind and gives FALSE POSITIVES for amphichirality.** It returns
frontier/B128_symmetry_breaking_chirality/FINDINGS.md	amphichiral	15	**Naive `M.is_isometric_to(M_mirror)` is orientation-blind and gives FALSE POSITIVES for amphichirality.** It returns
frontier/B128_symmetry_breaking_chirality/FINDINGS.md	orientation	16	`True` for the **known-chiral** census knots m015/m016/m009 — it admits orientation-**reversing** isometries and the
frontier/B128_symmetry_breaking_chirality/FINDINGS.md	chern-simons	17	mirror map is always one. **Raw CS sign is also unsafe**: CS carries a period/modulus (an achiral manifold can read
frontier/B128_symmetry_breaking_chirality/FINDINGS.md	chern-simons	18	CS = π²/2, e.g. m003), and a *small* CS value can still be genuinely chiral.
frontier/B128_symmetry_breaking_chirality/FINDINGS.md	amphichiral	22	Validated controls (this session): m004=True, m003=True (amphichiral); m015=False, m016=False, m009=False (chiral) —
frontier/B128_symmetry_breaking_chirality/FINDINGS.md	chern-simons	23	all correct under `is_amphicheiral`, all **false-positive** under naive isometry. B127's "CS=0 ⟹ achiral" claims are
frontier/B128_symmetry_breaking_chirality/FINDINGS.md	chern-simons	24	*safe* (CS exactly 0 does mean achiral for these); but **every chirality determination going forward** must use
frontier/B128_symmetry_breaking_chirality/FINDINGS.md	chern-simons	25	`is_amphicheiral`, not CS sign or naive isometry.
frontier/B128_symmetry_breaking_chirality/FINDINGS.md	amphichiral	31	> **`W` is amphichiral (achiral) ⟺ the block-length sequence `(m₁,…,m_k)` is itself amphichiral** — i.e. its
frontier/B128_symmetry_breaking_chirality/FINDINGS.md	chern-simons	42	- **M-B — the order parameter is the ordering, not the count** *(corrects "CS ∝ #R−#L")*. CS is **not** a function of
frontier/B128_symmetry_breaking_chirality/FINDINGS.md	chern-simons	44	(CS = ±0.00888). So **achiral ⟹ #R=#L** (necessary), but **#R=#L does not imply achiral** (RRLRRLLL is balanced and
frontier/B128_symmetry_breaking_chirality/FINDINGS.md	chern-simons	48	- **M-C — exact `Z₂` mirror symmetry.** Block-reversal = the mirror image = negates CS, exactly (to machine zero:
frontier/B128_symmetry_breaking_chirality/FINDINGS.md	orientation	50	is the exact `Z₂` whose *choice of orientation* is the symmetry-breaking selection.
frontier/B128_symmetry_breaking_chirality/FINDINGS.md	chern-simons	64	object in the whole arc to break CS=0** — but palindromic arrangements (1,2,1),(2,1,3,1) stay achiral, and *which*
frontier/B128_symmetry_breaking_chirality/FINDINGS.md	amphichiral	83	kind: everything the forced chain produces (amphichirality, CS=0, equal-weight `|Z|=1`, the achiral subshift) is the
frontier/B128_symmetry_breaking_chirality/FINDINGS.md	chern-simons	83	kind: everything the forced chain produces (amphichirality, CS=0, equal-weight `|Z|=1`, the achiral subshift) is the
frontier/B128_symmetry_breaking_chirality/FINDINGS.md	chern-simons	94	B127/M-2's "`R^mL^m` palindromic ⟹ CS=0" is true for the **pure metallic words** (`k=1`, the single double). M-A is
frontier/B128_symmetry_breaking_chirality/FINDINGS.md	chern-simons	107	recomputations (method bug, 15/15 recursion, CS mirror, torsion table) **skip** when SnapPy is absent — the records
frontier/B128_symmetry_breaking_chirality/FINDINGS.md	chern-simons	114	**Anchors:** B127 (CS=0 pure-metallic locus; M-2 scoped by M-A), `K010` (the proper name), `S029` (the rank-1 abelian
frontier/B129_sl3_tower_sealed/FINDINGS.md	chern-simons	75	isometry/CS sign). All three live in `REPRODUCIBILITY.md` SCAN.
frontier/B130_no_forced_choice/FINDINGS.md	chern-simons	24	*single-valued/determined* (no choice); chirality (CS) is multivalued but (3) **fails** — the `Z₂` mirror relates
frontier/B130_no_forced_choice/FINDINGS.md	chern-simons	25	`+CS ↔ −CS` (B128). A forced choice needs an invariant whose multiple values are a **discrete, non-orbit** set.
frontier/B130_no_forced_choice/FINDINGS.md	det-minus-1	50	`trace = m` (distinct) and `det = −1` (common), so different m are **not** GL(2,ℤ)-conjugate (distinct trace ⟹ not
frontier/B130_no_forced_choice/FINDINGS.md	chern-simons	80	- **NOT proven:** that **no** invariant *whatsoever* (a higher cohomology class, a torsion refinement, a quantum/CS
frontier/B131_two_seed_fork/FINDINGS.md	double-cover	35	- **m=3:** `tr(t)²(x)` is **not rational** — B69's "irrational double cover" — so its `(κ,trT)` curve is higher/irrational.
frontier/B131_two_seed_fork/FINDINGS.md	sl2c-lift	37	Both m=1,2 relations were *also* re-derived here from explicit SL(2,ℂ) matrices (residual ~1e-14), an independent
frontier/B132_quantum_layer/FINDINGS.md	spin	5	> their *attribution to chirality* is wrong. The field content is **quantum-group arithmetic** (word spin-content mod 4,
frontier/B132_quantum_layer/FINDINGS.md	spin	18	spin-content mod 4 (the T-matrix twist `exp(·πi/4)`), present in achiral and chiral words alike, **not** a chirality or
frontier/B132_quantum_layer/FINDINGS.md	spin	55	**Achiral words alone span all three fields** — so the field tracks **word spin-content mod 4** (the SU(2)_k T-twist),
frontier/B132_quantum_layer/FINDINGS.md	chern-simons	75	- **S6 — commensurability (SnapPy).** silver (RRLL, 1-cusp, CS=0, achiral) and L5a1 (2-cusp, CS=−0.125, **chiral**)
frontier/B132_quantum_layer/FINDINGS.md	amphichiral	95	+ fork-free moduli (B130) + the quantum coherence Q1/Q2/Q3 (this batch); (ii) *det=−1* → amphichiral → CS=0 (B127);
frontier/B132_quantum_layer/FINDINGS.md	chern-simons	95	+ fork-free moduli (B130) + the quantum coherence Q1/Q2/Q3 (this batch); (ii) *det=−1* → amphichiral → CS=0 (B127);
frontier/B132_quantum_layer/FINDINGS.md	det-minus-1	95	+ fork-free moduli (B130) + the quantum coherence Q1/Q2/Q3 (this batch); (ii) *det=−1* → amphichiral → CS=0 (B127);
frontier/B132_quantum_layer/FINDINGS.md	chern-simons	115	this is its quantum refinement), B127/B125 (`K010`/`K009`, CS=0 + arithmetic), B129/B130 (`K012`/`K013`, sealing +
frontier/B134_chirality_recursion_proved/FINDINGS.md	amphichiral	12	amphichirality↔palindromic-monodromy *mechanism* is **published**: **Goodman–Heard–Hodgson 2008** (arXiv:0801.4815,
frontier/B134_chirality_recursion_proved/FINDINGS.md	orientation	14	monodromy word — **anti-palindromic** word (reverse = L↔R swap, cyclically) ⟺ orientation-**reversing** symmetry ⟺
frontier/B134_chirality_recursion_proved/FINDINGS.md	orientation	15	amphichiral; **palindromic** word ⟺ orientation-preserving π-rotation. (Also long-established for rational/2-bridge
frontier/B134_chirality_recursion_proved/FINDINGS.md	amphichiral	15	amphichiral; **palindromic** word ⟺ orientation-preserving π-rotation. (Also long-established for rational/2-bridge
frontier/B134_chirality_recursion_proved/FINDINGS.md	knot-in-s3	19	(arXiv:1904.02559, *Finiteness of the image of the Reidemeister torsion of a splice*) prove finiteness via the two
frontier/B134_chirality_recursion_proved/FINDINGS.md	amphichiral	32	> bundle is **amphichiral ⟺ the block-length sequence `(m₁,…,m_k)` is a cyclic palindrome** (its reversal is a cyclic
frontier/B134_chirality_recursion_proved/FINDINGS.md	amphichiral	35	**Proof.** By Goodman–Heard–Hodgson 2008, the bundle is amphichiral ⟺ `W` is **anti-palindromic** as a cyclic L/R
frontier/B134_chirality_recursion_proved/FINDINGS.md	orientation	44	has even length `2·Σmᵢ`, so GHH's even-length hypothesis for the orientation-reversing case is automatic.) **∎**
frontier/B134_chirality_recursion_proved/FINDINGS.md	orient-reversing	44	has even length `2·Σmᵢ`, so GHH's even-length hypothesis for the orientation-reversing case is automatic.) **∎**
frontier/B135_lee_yang_m_specific/FINDINGS.md	chern-simons	28	framework's object is the hyperbolic, non-unitary complex-CS quantization, related to M(2,5) via the quantum
frontier/B136_general_amphichirality/FINDINGS.md	amphichiral	1	# B136 — The amphichirality criterion for ALL once-punctured-torus bundles (general LR words) (V125)
frontier/B136_general_amphichirality/FINDINGS.md	amphichiral	9	**amphichiral ⟺ the block-pair sequence `((a₁,b₁),…,(a_k,b_k))` is invariant under (reverse the order **and** swap each
frontier/B136_general_amphichirality/FINDINGS.md	amphichiral	15	By GHH 2008 (arXiv:0801.4815), amphichiral ⟺ `W` anti-palindromic, i.e. `reverse(W) = swap_{L↔R}(W)` cyclically. Now
frontier/B136_general_amphichirality/FINDINGS.md	amphichiral	27	with SnapPy `is_amphicheiral` on metallic **and genuinely non-metallic** words (`(1,2),(2,1)` amphichiral; `(1,3),(3,1)`
frontier/B136_general_amphichirality/FINDINGS.md	amphichiral	28	amphichiral; `(1,2),(1,2)` chiral).
frontier/B136_general_amphichirality/FINDINGS.md	amphichiral	32	This is the full amphichirality criterion for once-punctured-torus bundles, in a clean combinatorial block-pair form —
frontier/B136_general_amphichirality/FINDINGS.md	amphichiral	41	python frontier/B136_general_amphichirality/probe.py
frontier/B136_general_amphichirality/FINDINGS.md	amphichiral	42	python -m pytest tests/test_b136_general_amphichirality.py -q
frontier/B138_s031_principal_lemma/FINDINGS.md	orientation	47	the reason. The metallic incidence `N = [[m,1],[1,0]]` has **`det = −1`** (orientation-reversing) and **`N² = RᵐLᵐ`**
frontier/B138_s031_principal_lemma/FINDINGS.md	orient-reversing	47	the reason. The metallic incidence `N = [[m,1],[1,0]]` has **`det = −1`** (orientation-reversing) and **`N² = RᵐLᵐ`**
frontier/B138_s031_principal_lemma/FINDINGS.md	det-minus-1	47	the reason. The metallic incidence `N = [[m,1],[1,0]]` has **`det = −1`** (orientation-reversing) and **`N² = RᵐLᵐ`**
frontier/B138_s031_principal_lemma/FINDINGS.md	det-minus-1	48	(verified m=1,2,3). So the **single** map `φ_m` (det −1) has **isolated/discrete** fixed points (S031's object —
frontier/B138_s031_principal_lemma/FINDINGS.md	det-minus-1	51	SL(2): a curve). "Discrete fixed points vs geometric components" is therefore principled: **`φ` (det −1, discrete) vs
frontier/B139_firewall_cartography/FINDINGS.md	chern-simons	14	| irreducible chirality | **STRUCTURALLY BLOCKED** (all computed invariants) | mirror = R↔L relabel → same trace/charpoly/Perron-field/volume; only CS-sign flips |
frontier/B139_firewall_cartography/FINDINGS.md	chern-simons	24	The SM-side view of P009's `det = −1 → CS = 0`: for any metallic-block word the mirror (`swap_{R↔L} ∘ reverse`) is a
frontier/B139_firewall_cartography/FINDINGS.md	det-minus-1	24	The SM-side view of P009's `det = −1 → CS = 0`: for any metallic-block word the mirror (`swap_{R↔L} ∘ reverse`) is a
frontier/B139_firewall_cartography/FINDINGS.md	chern-simons	25	relabeling preserving the trace ⟹ same char poly ⟹ same Perron field ⟹ same volume; **only CS flips sign**. The
frontier/B139_firewall_cartography/FINDINGS.md	chern-simons	26	bundle and its mirror are the **same geometry with opposite CS** (a symmetric pair). The SM's chirality-without-a-
frontier/B139_firewall_cartography/FINDINGS.md	chern-simons	31	too: `RL, RRLL, RLRRLL, RRRLLL`). SnapPy control: volume mirror-invariant, **CS flips sign**, `H₁` mirror-invariant
frontier/B139_firewall_cartography/FINDINGS.md	chern-simons	35	> computed (trace, char poly, Perron field, volume, CS)** — NOT a proof that no invariant distinguishes a chiral
frontier/B139_firewall_cartography/FINDINGS.md	chern-simons	36	> bundle from its mirror. Banked claim: **"chirality is a CS-sign, not an inequivalence, across all standard
frontier/B139_firewall_cartography/FINDINGS.md	chern-simons	61	The trace-level facts run unconditionally (pure sympy); the CS-flip control is SnapPy-gated (skips cleanly).
frontier/B139_firewall_cartography/FINDINGS.md	chern-simons	67	**Anchors:** `../../philosophy/P009` (det=−1→CS=0 / monadic closure), B128/`K011` (the chirality recursion, the Z₂
frontier/B139_firewall_cartography/FINDINGS.md	det-minus-1	67	**Anchors:** `../../philosophy/P009` (det=−1→CS=0 / monadic closure), B128/`K011` (the chirality recursion, the Z₂
frontier/B13_trace_map_character_variety/FINDINGS.md	orientation	89	- The `A`-sector is a symmetric-square phenomenon of the orientation-reversing
frontier/B13_trace_map_character_variety/FINDINGS.md	orient-reversing	89	- The `A`-sector is a symmetric-square phenomenon of the orientation-reversing
frontier/B13_trace_map_character_variety/FINDINGS.md	orientation	90	Fibonacci half-step `F=[[1,1],[1,0]]`, not of the direct orientation-preserving
frontier/B13_trace_map_character_variety/FINDINGS.md	orientation	101	orientation-reversing half-step contains the `A` sector."
frontier/B13_trace_map_character_variety/FINDINGS.md	orient-reversing	101	orientation-reversing half-step contains the `A` sector."
frontier/B13_trace_map_character_variety/FINDINGS.md	orientation	105	orientation-reversing structure, not an arbitrary feature of all trace maps.
frontier/B13_trace_map_character_variety/FINDINGS.md	orient-reversing	105	orientation-reversing structure, not an arbitrary feature of all trace maps.
frontier/B13_trace_map_character_variety/FINDINGS.md	orientation	117	primitive orientation-reversing Fibonacci half-step, contains the Origin Axiom
frontier/B13_trace_map_character_variety/FINDINGS.md	orient-reversing	117	primitive orientation-reversing Fibonacci half-step, contains the Origin Axiom
frontier/B140_compute_reconciliation/FINDINGS.md	orientation	10	load-bearing content is the **standard orientation-reversal theorem** (genus-independent): for an oriented hyperbolic
frontier/B140_compute_reconciliation/FINDINGS.md	orientation	12	(orientation reversal conjugates the complex volume). The genus-1 `M → Mᵀ` relabeling (B139) is a *genus-1 mechanism*;
frontier/B140_compute_reconciliation/FINDINGS.md	complex-volume	12	(orientation reversal conjugates the complex volume). The genus-1 `M → Mᵀ` relabeling (B139) is a *genus-1 mechanism*;
frontier/B140_compute_reconciliation/FINDINGS.md	chern-simons	15	**Verified in-sandbox:** genus-1 bundles `RRL, RRRL, RRLRL, RRRLL` and chiral knots `5_2, 6_1` — volume invariant, CS
frontier/B140_compute_reconciliation/FINDINGS.md	chern-simons	18	The earlier hedge ("genus ≥ 2 might be where chirality stops being a mere CS-sign") is **refuted by the theorem** — the
frontier/B140_compute_reconciliation/FINDINGS.md	orientation	24	**The crux (φ vs φ²).** The metallic incidence `N = [[m,1],[1,0]]` has **`det = −1`** (orientation-reversing) and
frontier/B140_compute_reconciliation/FINDINGS.md	orient-reversing	24	**The crux (φ vs φ²).** The metallic incidence `N = [[m,1],[1,0]]` has **`det = −1`** (orientation-reversing) and
frontier/B140_compute_reconciliation/FINDINGS.md	det-minus-1	24	**The crux (φ vs φ²).** The metallic incidence `N = [[m,1],[1,0]]` has **`det = −1`** (orientation-reversing) and
frontier/B140_compute_reconciliation/FINDINGS.md	det-minus-1	26	- the **single** map `φ_m` (det −1) has **isolated/discrete** fixed points — **S031's object**;
frontier/B140_compute_reconciliation/FINDINGS.md	amphichiral	63	bundles. The block sequence `(m,m)` is a cyclic palindrome ⟹ by **B134/K011** every metallic bundle is amphichiral
frontier/B140_compute_reconciliation/FINDINGS.md	chern-simons	64	(figure-eight CS=0). Ties the metallic family directly to the B128/B134 chirality criterion.
frontier/B140_compute_reconciliation/FINDINGS.md	chern-simons	81	CS-flip is SnapPy-gated (skips cleanly); the genus-2 illustration (twister) and Item-5 trace fields need
frontier/B140_compute_reconciliation/FINDINGS.md	orientation	91	(the principal Sym tower / the rigidity flavor), B125 (the m=2 field). External: orientation reversal conjugates the
frontier/B140_compute_reconciliation/FINDINGS.md	complex-volume	92	complex volume (Neumann–Zagier / standard); Lawton (SL(3) trace coordinates).
frontier/B141_s031_split/FINDINGS.md	sl2c-lift	33	`B = [[1,0],[−ω,1]]`, `ω = ½ + ½√−3` — **Zariski-dense** in SL(2,ℂ). `Sym^{n−1}` stays irreducible: verified
frontier/B141_s031_split/FINDINGS.md	det-minus-1	40	the same split as `det = −1` (φ, discrete fixed points) vs `det = +1` (φ² = RᵐLᵐ, hyperbolic bundle), one level
frontier/B142_klein4_and_magic_cartography/FINDINGS.md	sl2c-lift	24	A sibling computation claimed `s776` ("Borromean rings") shows SU(3) gauge enhancement (an S₃-invariant SL(2,ℂ)
frontier/B142_klein4_and_magic_cartography/FINDINGS.md	sl2c-lift	33	- **B.2 — structure ≠ gauge (MB10):** by Thurston, a k-cusped hyperbolic 3-manifold's SL(2,ℂ) character variety has
frontier/B142_klein4_and_magic_cartography/FINDINGS.md	sl2c-lift	36	8 — all dim 3). And SL(2,ℂ) dim ≠ rank(SU(3)): SU(3) gauge content is **SL(3,ℂ)** Chern–Simons (`T₃[M]`), not an
frontier/B142_klein4_and_magic_cartography/FINDINGS.md	sl2c-lift	37	SL(2,ℂ) dim/rank coincidence. The honest object — s776's **SL(3,ℂ) Ptolemy variety** — has **14 obstruction
frontier/B142_klein4_and_magic_cartography/FINDINGS.md	sl2c-lift	45	Banked as tombstone **K-I** + guard **MB10** (structure ≠ gauge, dimensional form: SL(2,ℂ) dimension does not
frontier/B142_klein4_and_magic_cartography/FINDINGS.md	chern-simons	46	establish SU(N) gauge content — that needs SL(N,ℂ) CS data). The genuine non-abelian-enhancement thread (SL(3,ℂ),
frontier/B142_klein4_and_magic_cartography/FINDINGS.md	chern-simons	53	S033 (Gate-1 — now tied to MB10: any SU(N) enhancement needs SL(N,ℂ)); K011 GHH-iff promotion (optional); genus-2 CS
frontier/B143_interaction_feasibility/FINDINGS.md	orientation	10	— and needs orientation-sensitive tooling not yet installed.** Concretely:
frontier/B143_interaction_feasibility/FINDINGS.md	orientation	12	- **The key gating fact (RIGOROUS).** Chirality splits into (i) *genuinely chiral manifold* (no orientation-reversing
frontier/B143_interaction_feasibility/FINDINGS.md	orient-reversing	12	- **The key gating fact (RIGOROUS).** Chirality splits into (i) *genuinely chiral manifold* (no orientation-reversing
frontier/B143_interaction_feasibility/FINDINGS.md	orientation	13	self-homeo — generic, already achieved by composites, B128) and (ii) *mirror = an orientation-independently distinct
frontier/B143_interaction_feasibility/FINDINGS.md	orientation	23	see (ii) (orientation-sensitive) but needs **Regina** (JSJ / normal surfaces) or manual triangulation. **Regina is
frontier/B143_interaction_feasibility/FINDINGS.md	chern-simons	25	- **(link) scout** — the ideal venue is a 2-cusped **hyperbolic** realization (SnapPy-native: `is_amphicheiral` + CS
frontier/B143_interaction_feasibility/FINDINGS.md	sl2c-lift	30	separate item, still subject to MB10 (SL(2,ℂ) dim ≠ rank SU(3)).
frontier/B143_interaction_feasibility/FINDINGS.md	orientation	33	build the closed JSJ composite; test whether an orientation-*independent* invariant — JSJ gluing data / torsion —
frontier/B144_interaction_chirality/FINDINGS.md	orientation	9	1. *"an **orientation-independent** invariant distinguishing M from M̄"* — **vacuous** (orientation-independent ⟹ equal
frontier/B144_interaction_chirality/FINDINGS.md	orientation	11	2. *"an **orientation-sensitive** invariant that does **more than flip sign/conjugate**"* — **also vacuous**:
frontier/B144_interaction_chirality/FINDINGS.md	orientation	12	`CS(M̄)=−CS(M)`, `WRT(M̄)=WRT(M)*`, `η(M̄)=−η(M)` for **every** 3-manifold (functoriality under orientation
frontier/B144_interaction_chirality/FINDINGS.md	chern-simons	12	`CS(M̄)=−CS(M)`, `WRT(M̄)=WRT(M)*`, `η(M̄)=−η(M)` for **every** 3-manifold (functoriality under orientation
frontier/B144_interaction_chirality/FINDINGS.md	orientation	14	3. The only non-vacuous topological notion is **chiral = no orientation-reversing self-homeo** (`is_amphicheiral`
frontier/B144_interaction_chirality/FINDINGS.md	orient-reversing	14	3. The only non-vacuous topological notion is **chiral = no orientation-reversing self-homeo** (`is_amphicheiral`
frontier/B144_interaction_chirality/FINDINGS.md	amphichiral	21	**Mirror-closure identity (verified, GL(2,ℤ)).** For two amphichiral pieces glued along a torus by `φ ∈ GL(2,ℤ)`, the
frontier/B144_interaction_chirality/FINDINGS.md	orientation	23	`M̄(m1,m2,φ) ≅⁺ M(m1,m2, h₂·φ·h₁⁻¹)`, where `h_i ∈ GL(2,ℤ)` (det −1) is the orientation-reversing peripheral action of
frontier/B144_interaction_chirality/FINDINGS.md	orient-reversing	23	`M̄(m1,m2,φ) ≅⁺ M(m1,m2, h₂·φ·h₁⁻¹)`, where `h_i ∈ GL(2,ℤ)` (det −1) is the orientation-reversing peripheral action of
frontier/B144_interaction_chirality/FINDINGS.md	det-minus-1	23	`M̄(m1,m2,φ) ≅⁺ M(m1,m2, h₂·φ·h₁⁻¹)`, where `h_i ∈ GL(2,ℤ)` (det −1) is the orientation-reversing peripheral action of
frontier/B144_interaction_chirality/FINDINGS.md	amphichiral	24	piece `i`'s amphichiral self-homeo. Since `h₂·φ·h₁⁻¹ ∈ GL(2,ℤ)` always (checked), **the mirror is just another
frontier/B144_interaction_chirality/FINDINGS.md	chern-simons	28	construction's `R↔L` mirror is a symmetry at **every** level: single seed (CS=0), B128 fiber-composite, and now
frontier/B144_interaction_chirality/FINDINGS.md	amphichiral	30	different axes.** Premise verified: both metallic pieces `b++RL`, `b++RRLL` are amphichiral (SnapPy `is_amphicheiral`,
frontier/B144_interaction_chirality/FINDINGS.md	orientation	31	both True), so an orientation-reversing `h_i` exists and the identity applies; and **chiral-(i) composites are generic**
frontier/B144_interaction_chirality/FINDINGS.md	orient-reversing	31	both True), so an orientation-reversing `h_i` exists and the identity applies; and **chiral-(i) composites are generic**
frontier/B144_interaction_chirality/FINDINGS.md	amphichiral	41	amphichirality + JSJ canonicality) is the load-bearing result and stands without the build. *(No surprise — the gate
frontier/B144_interaction_chirality/FINDINGS.md	amphichiral	59	The GL(2,ℤ) mirror-closure identity + the chiral-(i)-generic demo run unconditionally; the amphichirality premise is
frontier/B144_interaction_chirality/FINDINGS.md	orientation	67	B128/`K011` (chiral fiber-composites; the `R↔L` mirror symmetry), B139/B140 (the orientation-reversal facts that make
frontier/B144_interaction_chirality/FINDINGS.md	orientation	69	functoriality of CS/WRT/η under orientation reversal; Regina (truncation).
frontier/B144_interaction_chirality/FINDINGS.md	chern-simons	69	functoriality of CS/WRT/η under orientation reversal; Regina (truncation).
frontier/B145_forced_chirality/FINDINGS.md	amphichiral	6	(amphichiral) condition; chirality requires leaving the canonical locus.** MATH tier; firewalled; nothing to
frontier/B145_forced_chirality/FINDINGS.md	amphichiral	12	A once-punctured-torus bundle `b++W` is amphichiral ⟺ `W` is **anti-palindromic** (`swap_{R↔L}(W)` a cyclic rotation
frontier/B145_forced_chirality/FINDINGS.md	amphichiral	14	— the canonical/arithmetic family) is **exactly the self-mirror family**, so every metallic bundle is amphichiral.
frontier/B145_forced_chirality/FINDINGS.md	amphichiral	18	hold and "canonical ⟹ amphichiral" *could* fail — the test is real.
frontier/B145_forced_chirality/FINDINGS.md	amphichiral	26	- **The minimal-volume o-p-t bundle is the figure-eight `RL` (vol 2.02988) = metallic m=1 = amphichiral**; the
frontier/B145_forced_chirality/FINDINGS.md	amphichiral	31	- **Trace-field degrees: amphichiral ∈ {2, 8}; chiral ∈ {4, 6, 8, 12}.** Decisively, **every quadratic-trace-field
frontier/B145_forced_chirality/FINDINGS.md	amphichiral	32	(degree 2 = imaginary-quadratic = arithmetic-candidate) bundle is amphichiral** — there is **no arithmetic chiral
frontier/B145_forced_chirality/FINDINGS.md	amphichiral	33	o-p-t bundle** in range. So the strongest canonicity (arithmeticity) ⟹ amphichirality.
frontier/B145_forced_chirality/FINDINGS.md	det-minus-1	35	`[[m,1],[1,0]]` (det −1) squares to `RᵐLᵐ` (K011/B140, descriptive — **not** K-A's dead SM-selection reading).
frontier/B145_forced_chirality/FINDINGS.md	amphichiral	41	self-mirror (amphichiral) condition**. Chirality requires leaving the canonical locus (non-palindromic, larger,
frontier/B145_forced_chirality/FINDINGS.md	amphichiral	43	correlation, **not** a theorem that *every* conceivable canonicity principle forces amphichirality.
frontier/B145_forced_chirality/FINDINGS.md	amphichiral	54	K-A ("det=−1 selects SM chirality") is DEAD/inverted (det=−1 → CS=0 → amphichiral). B145 reaches the **opposite,
frontier/B145_forced_chirality/FINDINGS.md	chern-simons	54	K-A ("det=−1 selects SM chirality") is DEAD/inverted (det=−1 → CS=0 → amphichiral). B145 reaches the **opposite,
frontier/B145_forced_chirality/FINDINGS.md	det-minus-1	54	K-A ("det=−1 selects SM chirality") is DEAD/inverted (det=−1 → CS=0 → amphichiral). B145 reaches the **opposite,
frontier/B145_forced_chirality/FINDINGS.md	chern-simons	56	(K011/B140), never as an SM-selection reading. No metallic object with CS≠0 is claimed; chiral o-p-t bundles are
frontier/B145_forced_chirality/FINDINGS.md	amphichiral	74	Bowditch–Maclachlan–Reid (arithmetic once-punctured-torus bundles); palindromic continued fractions ↔ amphichirality.
frontier/B145_forced_chirality/FINDINGS.md	knot-in-s3	74	Bowditch–Maclachlan–Reid (arithmetic once-punctured-torus bundles); palindromic continued fractions ↔ amphichirality.
frontier/B146_b145_calibration/FINDINGS.md	amphichiral	11	`RLL` are axiom-satisfying **and chiral**. What forces amphichirality is the **metallic minimality criterion**
frontier/B146_b145_calibration/FINDINGS.md	amphichiral	18	- **A4 symmetric ⟹ amphichiral is sufficient, not necessary** — `RRLLRL` is amphichiral with non-symmetric monodromy
frontier/B146_b145_calibration/FINDINGS.md	amphichiral	19	`[[12,7],[5,3]]`. The metallic family's amphichirality is near-tautological (symmetric matrices); amphichirality in
frontier/B146_b145_calibration/FINDINGS.md	amphichiral	24	B145 claimed "every quadratic-trace-field o-p-t bundle is amphichiral / no arithmetic chiral o-p-t bundle." It used
frontier/B146_b145_calibration/FINDINGS.md	amphichiral	31	| `RL` | `x²−x+1` = ℚ(√−3) | amphichiral (metallic) |
frontier/B146_b145_calibration/FINDINGS.md	amphichiral	32	| `RRLL` | `x²+1` = ℚ(i) | amphichiral (metallic) |
frontier/B146_b145_calibration/FINDINGS.md	amphichiral	35	So an imaginary-quadratic **invariant** trace field does **not** imply amphichiral — there *is* a chiral o-p-t bundle
frontier/B146_b145_calibration/FINDINGS.md	orientation	43	orientation-independent invariant** — confirmed on the chiral pairs `RRL/RLL`, `RRRL/…`: equal volume, `H₁`, trace
frontier/B146_b145_calibration/FINDINGS.md	orientation	44	field; only **CS flips sign**. Hence **no selection using only orientation-independent invariants can prefer one of
frontier/B146_b145_calibration/FINDINGS.md	chern-simons	44	field; only **CS flips sign**. Hence **no selection using only orientation-independent invariants can prefer one of
frontier/B146_b145_calibration/FINDINGS.md	orientation	46	systole, word-length) is orientation-independent — none has a choice-free orientation-sensitive sign — so a canonical
frontier/B146_b145_calibration/FINDINGS.md	orientation	47	principle **cannot** prefer a handedness; preference requires an orientation-sensitive criterion = a **by-hand
frontier/B146_b145_calibration/FINDINGS.md	orientation	49	orientation-*independent*; a chirality-fork is always convention because handedness is orientation-*sensitive*.** (The
frontier/B146_b145_calibration/FINDINGS.md	chern-simons	50	selection/fork-level form of B144's notion-(ii) vacuity; **not** a K-A revival — "no canonical preference," not "CS
frontier/B146_b145_calibration/FINDINGS.md	knot-in-s3	54	quadratic invariant trace field is *necessary*; arithmeticity also needs **integral traces** (Maclachlan–Reid). If
frontier/B146_b145_calibration/FINDINGS.md	knot-in-s3	55	`RRL` is arithmetic, "no arithmetic chiral o-p-t bundle" is outright false; the Bowditch–Maclachlan–Reid
frontier/B146_b145_calibration/FINDINGS.md	knot-in-s3	74	Maclachlan–Reid (arithmeticity = imaginary-quadratic invariant trace field + integral traces);
frontier/B146_b145_calibration/FINDINGS.md	knot-in-s3	75	Bowditch–Maclachlan–Reid (arithmetic punctured-torus bundles are finite).
frontier/B147_arithmetic_chiral_bundle/FINDINGS.md	knot-in-s3	8	## The criterion (Maclachlan–Reid, *Arithmetic of Hyperbolic 3-Manifolds*, Thm 8.3.2, non-cocompact)
frontier/B147_arithmetic_chiral_bundle/FINDINGS.md	amphichiral	19	| `RL` (figure-eight, m=1) | `x²−x+1` = ℚ(√−3) | yes | **arithmetic** | amphichiral (metallic) |
frontier/B147_arithmetic_chiral_bundle/FINDINGS.md	amphichiral	20	| `RRLL` (silver, m=2) | `x²+1` = ℚ(i) | yes | **arithmetic** | amphichiral (metallic) |
frontier/B147_arithmetic_chiral_bundle/FINDINGS.md	knot-in-s3	26	(|leading coefficient| = 1). So `RRL/RLL` satisfy **both** Maclachlan–Reid conditions: **they are arithmetic CHIRAL
frontier/B147_arithmetic_chiral_bundle/FINDINGS.md	amphichiral	30	`RL` (ℚ(√−3), amphichiral), `RRLL` (ℚ(i), amphichiral), and the **chiral mirror pair `RRL/RLL`** (ℚ(√−7)).
frontier/B147_arithmetic_chiral_bundle/FINDINGS.md	amphichiral	49	(`RRL/RLL`). "Canonical ⟹ amphichiral" **fails for arithmeticity** — arithmeticity does *not* coincide with
frontier/B147_arithmetic_chiral_bundle/FINDINGS.md	amphichiral	51	palindromic-period arms (figure-eight is the amphichiral minimum), not on arithmeticity.
frontier/B147_arithmetic_chiral_bundle/FINDINGS.md	orientation	58	arithmetic. Arithmeticity is **orientation-independent** (the invariant trace field and integral-traces condition are
frontier/B147_arithmetic_chiral_bundle/FINDINGS.md	chern-simons	61	on the dichotomy + the volume/palindromic arms. **Not** a K-A revival (this is "no canonical preference," not "CS
frontier/B147_arithmetic_chiral_bundle/FINDINGS.md	knot-in-s3	82	The invariant trace field is computed via the shape field + `pari.algdep` (Neumann–Reid; the B125 method), so no Sage
frontier/B147_arithmetic_chiral_bundle/FINDINGS.md	knot-in-s3	114	B131 (the κ-fork), `K017`, `docs/STRATEGIC_SYNTHESIS.md`. External: Maclachlan–Reid (arithmeticity = imaginary-
frontier/B147_arithmetic_chiral_bundle/FINDINGS.md	knot-in-s3	116	Bowditch–Maclachlan–Reid (arithmetic punctured-torus bundles are finite).
frontier/B148_kappa_fricke_metallic/FINDINGS.md	chern-simons	13	(θ in the QCD vacuum, the CS level, quantized Hall conductance, anomaly coefficients) sets a **quantized/dimensionless
frontier/B148_kappa_fricke_metallic/FINDINGS.md	sl2c-lift	28	From generic SL(2,ℂ) matrices `A, B` with `det = 1` enforced, `(x,y,z) = (tr A, tr B, tr AB)`:
frontier/B148_kappa_fricke_metallic/FINDINGS.md	complex-volume	79	Verify in primary sources that, for the once-punctured-torus bundle (figure-eight, monodromy `RL`), the complex volume
frontier/B14_half_step_square_root_selector/FINDINGS.md	orientation	53	the same argument gives `tr(X)^2=ab` for an orientation-reversing square root.
frontier/B14_half_step_square_root_selector/FINDINGS.md	orient-reversing	53	the same argument gives `tr(X)^2=ab` for an orientation-reversing square root.
frontier/B14_half_step_square_root_selector/FINDINGS.md	orientation	63	B(a,b) has an integer orientation-reversing square root
frontier/B14_half_step_square_root_selector/FINDINGS.md	orient-reversing	63	B(a,b) has an integer orientation-reversing square root
frontier/B151_firewall_confirmation/FINDINGS.md	complex-volume	12	In the 3d–3d correspondence applied to the figure-eight bundle (the unit, monodromy `RL`), does the complex volume /
frontier/B151_firewall_confirmation/FINDINGS.md	amphichiral	20	volume) and **CS = 0** (the figure-eight is amphichiral).
frontier/B151_firewall_confirmation/FINDINGS.md	chern-simons	20	volume) and **CS = 0** (the figure-eight is amphichiral).
frontier/B151_firewall_confirmation/FINDINGS.md	orientation	24	**Pre-strengthening (banked).** The Chern–Simons part is the *candidate scale-carrier* — the orientation-sensitive, P-odd
frontier/B151_firewall_confirmation/FINDINGS.md	chern-simons	25	piece tied to the chirality axis. For the figure-eight **CS = 0 identically**, so the unit's complex volume is **purely
frontier/B151_firewall_confirmation/FINDINGS.md	complex-volume	25	piece tied to the chirality axis. For the figure-eight **CS = 0 identically**, so the unit's complex volume is **purely
frontier/B151_firewall_confirmation/FINDINGS.md	chern-simons	26	the real hyperbolic volume**, with no CS content to carry anything across. The unit is the **least** likely object to
frontier/B151_firewall_confirmation/FINDINGS.md	chern-simons	35	| **Dimofte** (arXiv:1409.0857) — complex CS *at level k* via 3d–3d; state-integral; `T_n[M]` on squashed lens spaces `L(k,1)` | the **level k (↔ ℏ)** and the lens / squashing geometry — *not* the invariant; `Vol_C` is the fixed exponent sa
frontier/B151_firewall_confirmation/FINDINGS.md	chern-simons	38	In every case the dimensionful/continuous content sits in `ℏ↔k` and the squashing/lens radius; the complex volume / CS
frontier/B151_firewall_confirmation/FINDINGS.md	complex-volume	38	In every case the dimensionful/continuous content sits in `ℏ↔k` and the squashing/lens radius; the complex volume / CS
frontier/B151_firewall_confirmation/FINDINGS.md	complex-volume	66	The probe re-asserts the unit's anchor (figure-eight complex volume, via SnapPy when present) and encodes the per-source
frontier/B152_cs_amphichirality_census/FINDINGS.md	chern-simons	3	**Date:** 2026-06-11. **Status:** NUMERICAL / census — a verified data extension of B128 (CS as a
frontier/B152_cs_amphichirality_census/FINDINGS.md	amphichiral	4	parity/chirality order parameter) and B136 (general amphichirality). Standalone low-dimensional
frontier/B152_cs_amphichirality_census/FINDINGS.md	amphichiral	6	Script: `probe.py`. Test: `tests/test_b152_cs_amphichirality_census.py`. Ledger: V141.
frontier/B152_cs_amphichirality_census/FINDINGS.md	orientable	13	`OrientableCuspedCensus[:240]` testing the one-sided law
frontier/B152_cs_amphichirality_census/FINDINGS.md	amphichiral	15	> **amphichiral ⟹ CS is 2-torsion** (i.e. `CS mod ½ ∈ {0, ¼}`),
frontier/B152_cs_amphichirality_census/FINDINGS.md	chern-simons	15	> **amphichiral ⟹ CS is 2-torsion** (i.e. `CS mod ½ ∈ {0, ¼}`),
frontier/B152_cs_amphichirality_census/FINDINGS.md	amphichiral	21	Amphichirality is read from `M.symmetry_group().is_amphicheiral()` **gated on `is_full_group()`**
frontier/B152_cs_amphichirality_census/FINDINGS.md	orientation	22	(REPRODUCIBILITY: naive `is_isometric_to(mirror)` is orientation-blind and false-positives on
frontier/B152_cs_amphichirality_census/FINDINGS.md	chern-simons	23	known-chiral census knots). CS is reduced modulo ½ and tested for 2-torsion by circular proximity to
frontier/B152_cs_amphichirality_census/FINDINGS.md	chern-simons	24	`{0, ¼}` (a tolerance of `1e-6`). The circular distance matters: a genuinely-zero CS can read as a tiny
frontier/B152_cs_amphichirality_census/FINDINGS.md	amphichiral	32	- **7 amphichiral:** `m003, m004, m135, m136, m203, m206, m207`.
frontier/B152_cs_amphichirality_census/FINDINGS.md	amphichiral	33	- **0 necessity violations:** every amphichiral manifold has 2-torsion CS — the law
frontier/B152_cs_amphichirality_census/FINDINGS.md	chern-simons	33	- **0 necessity violations:** every amphichiral manifold has 2-torsion CS — the law
frontier/B152_cs_amphichirality_census/FINDINGS.md	amphichiral	34	`amphichiral ⟹ CS ∈ {0,¼} mod ½` holds with no exception in the census.
frontier/B152_cs_amphichirality_census/FINDINGS.md	chern-simons	34	`amphichiral ⟹ CS ∈ {0,¼} mod ½` holds with no exception in the census.
frontier/B152_cs_amphichirality_census/FINDINGS.md	amphichiral	36	`is_amphicheiral=False`) yet has `CS ≈ 0` — so `CS` 2-torsion does **not** imply amphichirality.
frontier/B152_cs_amphichirality_census/FINDINGS.md	chern-simons	36	`is_amphicheiral=False`) yet has `CS ≈ 0` — so `CS` 2-torsion does **not** imply amphichirality.
frontier/B152_cs_amphichirality_census/FINDINGS.md	chern-simons	37	(No chiral manifold in the census has `CS ≈ ¼`; `m208`, at `CS=0`, is the unique converse failure.)
frontier/B152_cs_amphichirality_census/FINDINGS.md	amphichiral	38	- **Calibration (P9):** `m004` (figure-eight) `CS=0`, amphichiral; `m003` (sister) `CS=¼`, amphichiral.
frontier/B152_cs_amphichirality_census/FINDINGS.md	chern-simons	38	- **Calibration (P9):** `m004` (figure-eight) `CS=0`, amphichiral; `m003` (sister) `CS=¼`, amphichiral.
frontier/B152_cs_amphichirality_census/FINDINGS.md	amphichiral	42	The data confirm CS-2-torsion as a **necessary but not sufficient** condition for amphichirality — the
frontier/B152_cs_amphichirality_census/FINDINGS.md	chern-simons	42	The data confirm CS-2-torsion as a **necessary but not sufficient** condition for amphichirality — the
frontier/B152_cs_amphichirality_census/FINDINGS.md	chern-simons	44	fails. This is exactly what B128's "CS as a parity order parameter" predicts at the level of a real
frontier/B152_cs_amphichirality_census/FINDINGS.md	amphichiral	45	census: amphichirality forces the order parameter into its 2-torsion values, but a chiral manifold may
frontier/B152_cs_amphichirality_census/FINDINGS.md	chern-simons	46	land there too. No physics; a fact about the census. The figure-eight (`m004`, `CS=0`) and its chiral-CS
frontier/B152_cs_amphichirality_census/FINDINGS.md	chern-simons	47	twin sit on opposite sides of the converse, with `m208` the third corner (chiral but `CS=0`).
frontier/B152_cs_amphichirality_census/FINDINGS.md	amphichiral	52	python frontier/B152_cs_amphichirality_census/probe.py     # writes census.json
frontier/B152_cs_amphichirality_census/FINDINGS.md	amphichiral	53	python -m pytest tests/test_b152_cs_amphichirality_census.py -q
frontier/B156_omega_strict_full_cone/FINDINGS.md	orientation	5	**TC-1** Ω₄ unique minimal seed [exact], **TC-4** orientation no-go [proved]; strict-full survivor counts
frontier/B156_omega_strict_full_cone/FINDINGS.md	orientation	42	| 7 | **TC-4: orientation no-go (zero net Pfaffian residual)** | **[proved]** | `tc1_tc4_verify.py` |
frontier/B156_omega_strict_full_cone/FINDINGS.md	orientation	89	**7. TC-4 — orientation no-go.** Define the orientation `Ω(w)` of a history as the Pfaffian of the
frontier/B156_omega_strict_full_cone/FINDINGS.md	orientation	93	ensemble pairs each `w` (via an **odd** `π`) with a partner of opposite `Ω`, so the **net orientation residual
frontier/B156_omega_strict_full_cone/FINDINGS.md	orientation	95	all SC histories at L4 and L5). Consequence: orientation residuals are **boundary-induced, not internally
frontier/B156_omega_strict_full_cone/FINDINGS.md	orientation	175	(TC-1 minimal-seed uniqueness + TC-4 orientation no-go). The survivor counts:
frontier/B160_quasicrystal_bridge_corroboration/FINDINGS.md	chern-simons	19	(CS=0, B127). This is the **physics of aperiodic matter** (real, observed: quasicrystals, fractal electronic
frontier/B160_quasicrystal_bridge_corroboration/FINDINGS.md	knot-in-s3	71	- **κ = −2** (λ = 2i): **the complete hyperbolic structure on the figure-eight knot complement** — verified here:
frontier/B160_quasicrystal_bridge_corroboration/FINDINGS.md	chern-simons	100	identification + the headline negative), B124/B127 (horseshoe + Fricke–Vogt dictionary + CS=0), B148/V137
frontier/B164_isomonodromy_04cubic/FINDINGS.md	double-cover	41	- The **OPT↔(0,4) double-cover dictionary** — so that the metallic `M_m` maps to a *specific* `(0,4)` word whose
frontier/B167_conserved_no_scale_lemma/FINDINGS.md	sl2c-lift	14	> `SL(2,ℂ)` character variety (the trace map / the `SL(2,ℤ)` mapping-class action), and let `κ = x²+y²+z²−xyz−2`
frontier/B167_conserved_no_scale_lemma/FINDINGS.md	chern-simons	71	Dehn twists; dimensionless; κ=4·I_FV+2), B151/V140 (the scale lives in `ℏ/k` + the squashing radius; CS=0),
frontier/B16_record_swap_status/FINDINGS.md	orientation	37	orientation-reversing swap. They restrict updates to the orientation-preserving
frontier/B16_record_swap_status/FINDINGS.md	orient-reversing	37	orientation-reversing swap. They restrict updates to the orientation-preserving
frontier/B16_record_swap_status/FINDINGS.md	orientation	79	This leaves many orientation-reversing involutions in `GL(2,Z)`.
frontier/B16_record_swap_status/FINDINGS.md	orient-reversing	79	This leaves many orientation-reversing involutions in `GL(2,Z)`.
frontier/B16_record_swap_status/FINDINGS.md	orientation	90	contrast, asking only for an orientation-reversing involutive time-reversal of
frontier/B16_record_swap_status/FINDINGS.md	orient-reversing	90	contrast, asking only for an orientation-reversing involutive time-reversal of
frontier/B185_constraint_selection/FINDINGS.md	sl2c-lift	70	gluing of hyperbolic 3-manifolds; the SL(2,ℂ) character-variety canonical-component dimension = number of cusps
frontier/B190_iterated_gluing/FINDINGS.md	sl2c-lift	64	External: mapping-class-group action on the relative `SL(2,ℂ)` character variety; Dehn twists vs pseudo-Anosov
frontier/B193_sealing_field_scouts/FINDINGS.md	amphichiral	11	the bundle is amphichiral iff the block-length sequence is a **cyclic palindrome** (B128/B134), while the
frontier/B193_sealing_field_scouts/FINDINGS.md	spin	12	**SU(2)_k eigenvalue field** is the quantum mod-4 spin-content (B132). **All four (chirality, field) combinations
frontier/B193_sealing_field_scouts/FINDINGS.md	spin	23	(Q(√−3) → both amphi and chiral). So the field is **not** determined by chirality — it is the quantum spin-content
frontier/B193_sealing_field_scouts/FINDINGS.md	spin	54	`B132_quantum_layer` (the SU(2)_k field / mod-4 spin-content), `B134_chirality_recursion_proved` (the cyclic-palindrome
frontier/B193_sealing_field_scouts/FINDINGS.md	amphichiral	55	amphichirality), `B128` (chirality recursion), `B133`/`K015`/`K016` (field = quantum-group arithmetic, not chirality;
frontier/B193_sealing_field_scouts/FINDINGS.md	amphichiral	57	L5/L6/L8/L10. External: SU(2)_k / Reshetikhin–Turaev modular data; amphichirality of fibered bundles (GHH 2008);
frontier/B196_entropy_conformal_dimension/FINDINGS.md	double-cover	30	derived). The once-punctured torus is the ℤ₂ double cover of the 4-punctured sphere branched at 4 order-2 points,
frontier/B197_figure_eight_volume_torsionfree/FINDINGS.md	orientation	33	- **C4 [chiral seal corroboration]** the chiral pair `b++RRL` / `b++RLL` have equal volume (2.6667, orientation-even)
frontier/B197_figure_eight_volume_torsionfree/FINDINGS.md	orientation	34	and opposite Chern–Simons `CS = ±1/48` (orientation-odd) — the mirror-closure seal with real CS values.
frontier/B197_figure_eight_volume_torsionfree/FINDINGS.md	chern-simons	34	and opposite Chern–Simons `CS = ±1/48` (orientation-odd) — the mirror-closure seal with real CS values.
frontier/B197_figure_eight_volume_torsionfree/FINDINGS.md	chern-simons	75	C3 the volume tie broken by torsion-free (the increment); C4 the chiral CS seal; C5 the firewall/V145 framing.
frontier/B198_metallic_exponent_CAS/FINDINGS.md	spin	25	(pin the superdiagonal `t[i,i+1]=1`) removes the null space and Newton converges. For m=1 only `t` is
frontier/B204_metallic_wrt_period/FINDINGS.md	knot-in-s3	13	i.e. `R^m L^m`, with `m=1` the figure-eight knot complement):
frontier/B206_golden_spin_cover_e8/FINDINGS.md	sl2c-lift	4	divide of the golden metallic object is exactly `A₅ / 2I = PSL(2,𝔽₅) / SL(2,𝔽₅)`, the McKay realization of
frontier/B206_golden_spin_cover_e8/FINDINGS.md	sl2c-lift	19	| **classical / trace** (SO(3)) | `PSL(2,𝔽₅) = A₅` | **5** | 1,3,3,4,5 |
frontier/B206_golden_spin_cover_e8/FINDINGS.md	spin	26	cyclic order-10 piece, which alone does **not** pin `2I`). **[all verified: surjection 120, orders 120/60,
frontier/B206_golden_spin_cover_e8/FINDINGS.md	sl2c-lift	50	- **Standard ingredients:** `2I ≅ SL(2,𝔽₅)`, `A₅ ≅ PSL(2,𝔽₅)`, McKay `2I↔E₈`, congruence quotients of
frontier/B209_ktheory_classical_quantum_boundary/FINDINGS.md	double-cover	5	**4 spinorial irreps of the double cover `2I` — the ones that complete affine `E₈` — are absent.** Connects
frontier/B209_ktheory_classical_quantum_boundary/FINDINGS.md	spin	32	they require the **quantum/spin lift `2I`** (the `SL` level of B206, vs the classical `PSL=A₅` level).
frontier/B209_ktheory_classical_quantum_boundary/FINDINGS.md	double-cover	34	This is the same `ℤ/2` as B206 (the spin double cover `SU(2)→SO(3)`, `SL(2,𝔽₅)→PSL(2,𝔽₅)`), now made concrete
frontier/B209_ktheory_classical_quantum_boundary/FINDINGS.md	sl2c-lift	34	This is the same `ℤ/2` as B206 (the spin double cover `SU(2)→SO(3)`, `SL(2,𝔽₅)→PSL(2,𝔽₅)`), now made concrete
frontier/B211_metallic_arithmetic_geometric_faces/FINDINGS.md	double-cover	28	It is quadratic in `z` with **`z`-discriminant `(x²−1)(x²−5)`** — a double cover of the `x`-line branched at the
frontier/B211_metallic_arithmetic_geometric_faces/FINDINGS.md	sl2c-lift	35	So the figure-eight's non-abelian `SL(2,ℂ)` character variety is **birational to the elliptic curve `40a1`**:
frontier/B211_metallic_arithmetic_geometric_faces/FINDINGS.md	orientation	65	Every metallic bundle `RᵐLᵐ` (`m=1..6`) is **amphichiral** — *isometric to its orientation-reversal* (SnapPy
frontier/B211_metallic_arithmetic_geometric_faces/FINDINGS.md	amphichiral	65	Every metallic bundle `RᵐLᵐ` (`m=1..6`) is **amphichiral** — *isometric to its orientation-reversal* (SnapPy
frontier/B211_metallic_arithmetic_geometric_faces/FINDINGS.md	orientation	66	`is_isometric_to(reverse_orientation)` = `True`) — hence **`CS = 0`** (computed `|CS| < 1e-15` for all `m`). This
frontier/B211_metallic_arithmetic_geometric_faces/FINDINGS.md	chern-simons	66	`is_isometric_to(reverse_orientation)` = `True`) — hence **`CS = 0`** (computed `|CS| < 1e-15` for all `m`). This
frontier/B211_metallic_arithmetic_geometric_faces/FINDINGS.md	amphichiral	67	unifies the chirality work (B128–147) with the volume work (B207): the family is **uniformly amphichiral**, so the
frontier/B211_metallic_arithmetic_geometric_faces/FINDINGS.md	chern-simons	68	candidate scale-carrier (`CS`) vanishes for *all* `m`, not only the figure-eight — the firewall (L15: no invariant
frontier/B211_metallic_arithmetic_geometric_faces/FINDINGS.md	amphichiral	70	(amphichirality of `RᵐLᵐ` follows from the palindromic word / B128–147 machinery).
frontier/B211_metallic_arithmetic_geometric_faces/FINDINGS.md	amphichiral	104	- **L32** — `[num, SnapPy]` uniform amphichirality / `CS=0` (`m=1..6`); a characterization, not new math.
frontier/B211_metallic_arithmetic_geometric_faces/FINDINGS.md	chern-simons	104	- **L32** — `[num, SnapPy]` uniform amphichirality / `CS=0` (`m=1..6`); a characterization, not new math.
frontier/B211_metallic_arithmetic_geometric_faces/FINDINGS.md	amphichiral	114	- `sage-python geometric_limit_sage.py` — L31 (drill → Borromean) + L32 (CS / amphichirality). (Sage/SnapPy gated)
frontier/B211_metallic_arithmetic_geometric_faces/FINDINGS.md	chern-simons	114	- `sage-python geometric_limit_sage.py` — L31 (drill → Borromean) + L32 (CS / amphichirality). (Sage/SnapPy gated)
frontier/B217_borromean_bridge_resolved/FINDINGS.md	knot-in-s3	22	hyperbolic bundles (figure-eight knot complement m004 = 2 ideal tetrahedra; the metallic family = Borromean
frontier/B21_spacetime_wp_dictionary/FINDINGS.md	orientation	9	trace map is anti-Poisson because it is orientation-reversing. Its square, the
frontier/B21_spacetime_wp_dictionary/FINDINGS.md	orient-reversing	9	trace map is anti-Poisson because it is orientation-reversing. Its square, the
frontier/B221_golden_chain_susy/FINDINGS.md	spin	23	golden anyon `τ` is the spin-1 primary of `SU(2)₃`, `d=φ`), so the golden anyon sits *inside* the construction of
frontier/B222_golden_chain_operator_content/FINDINGS.md	spin	19	Calibrating the sound velocity `v` once on the stress tensor (lowest spin-2 state, `x_T=2`), the spinless (`j=0`)
frontier/B224_golden_unique_susy_metallic/FINDINGS.md	spin	12	su(2)_k spin-1/2 anyon chain (AFM)  →  M(k+1, k+2),  c = 1 − 6/((k+1)(k+2))   [Feiguin–Trebst–Ludwig]
frontier/B225_conductor_decomposition_test/FINDINGS.md	sl2c-lift	43	octahedral parent** — it is a **universal** feature of 2-bridge SL(2,ℂ) character varieties. (The naive
frontier/B226_two_susy_bridge_L43/FINDINGS.md	chern-simons	5	faces**, and the literature makes the separation sharp. Firewall: dimensionless CFT/CS bookkeeping + **cited**
frontier/B226_two_susy_bridge_L43/FINDINGS.md	sl2c-lift	15	| Chern–Simons | **unitary SU(2)₃** (coset) | **complex SL(2,ℂ)** = 3d gravity |
frontier/B226_two_susy_bridge_L43/FINDINGS.md	chern-simons	17	| invariant | `c = 7/10` (`SU(2)₃` WZW `c=9/5`) | `Vol = 2.0299`, `CS = 0` |
frontier/B226_two_susy_bridge_L43/FINDINGS.md	sl2c-lift	32	- **The figure-eight is hyperbolic**, so its 3d-3d theory `T[4₁]` is the **complex-SL(2,ℂ) / 3d-gravity** object
frontier/B226_two_susy_bridge_L43/FINDINGS.md	knot-in-s3	45	B228 sharpens this resolution. The "two faces" are **geometrically distinct** (a hyperbolic knot complement vs a
frontier/B22_spectrum_genericity_controls/FINDINGS.md	orientation	7	The `-1` sector is generic for orientation-reversing symmetric-square lifts:
frontier/B22_spectrum_genericity_controls/FINDINGS.md	orient-reversing	7	The `-1` sector is generic for orientation-reversing symmetric-square lifts:
frontier/B22_spectrum_genericity_controls/FINDINGS.md	orientation	22	This is the primitive orientation-reversing/minimal-discriminant case.
frontier/B22_spectrum_genericity_controls/FINDINGS.md	orient-reversing	22	This is the primitive orientation-reversing/minimal-discriminant case.
frontier/B231_nonsusy_metallic_chains/FINDINGS.md	spin	9	metallic chains — the `su(2)_k` spin-½ anyon chains at the metallic levels `k=m²+2` (silver `k=6`, bronze `k=11`,
frontier/B231_nonsusy_metallic_chains/FINDINGS.md	spin	13	The general **`su(2)_k` spin-½ anyon chain** (Feiguin–Trebst–Ludwig 2007) — the gap left by B220 (which built only
frontier/B231_nonsusy_metallic_chains/FINDINGS.md	spin	38	**The metallic mean is a quantum dimension** (i.e. `λ_m = d_{1/2} = 2cos(π/(m²+4))`, the spin-½ anyon's dimension
frontier/B232_rho_n_plethysm/FINDINGS.md	det-minus-1	22	`W=V⊕1` the `det=−1` external SL(2) fundamental (B121/B122): the degree-`n` Cayley–Hamilton relation removes the
frontier/B233_synthesis_split_and_five/FINDINGS.md	sl2c-lift	19	| **B226** | TCI minimal model on a **Seifert** 3-manifold (`T[SU(2)]`) | figure-eight `T[4₁]` (hyperbolic 3d-gravity, `SL(2,ℂ)`) | `SU(2)₃` (the golden level) |
frontier/B234_handoff_verification/FINDINGS.md	det-minus-1	37	unitary, `det=−1`, `F²=I`); *every* Fibonacci system (Read–Rezayi, `(G₂)₁`, Yang–Lee, TQC, Conway) shares it.
frontier/B234_handoff_verification/FINDINGS.md	det-minus-1	50	which is **always `≡1 (mod 4)`** (odd). The monodromy `M_1` (`det=−1`) gives `disc 5 → ℚ(√5) → E₈`; the cusp shape
frontier/B235_metallic_table/FINDINGS.md	sl2c-lift	27	`PSL(2,O₃)`), so all covers lie in one commensurability class and the invariant trace field does not enlarge.
frontier/B235_metallic_table/FINDINGS.md	det-minus-1	29	determinants — `det=+1` (holonomy, `SL(2,ℂ)`, `disc −3 → ℚ(√−3)`) and `det=−1` (homological monodromy,
frontier/B235_metallic_table/FINDINGS.md	sl2c-lift	29	determinants — `det=+1` (holonomy, `SL(2,ℂ)`, `disc −3 → ℚ(√−3)`) and `det=−1` (homological monodromy,
frontier/B235_metallic_table/FINDINGS.md	sl2c-lift	55	Literature: arithmeticity of `4₁` / Bianchi `PSL(2,O₃)` (standard); conformal-embedding central charges (standard).
frontier/B239_reconciled_trace_field_law/FINDINGS.md	det-minus-1	14	1. **`√5` is robust:** `RL` (trace 3, det +1 → disc 5) **and** `M_1` (trace 1, det −1 → disc 5) both give `ℚ(√5)`.
frontier/B239_reconciled_trace_field_law/FINDINGS.md	det-minus-1	20	3. **E₇'s `ℚ(√2)` (disc 8) needs EVEN trace** (`t=±2`, det −1 = silver `M_2`; also `t=±6`,…) → it lives at
frontier/B240_golden_jones_integrality/FINDINGS.md	amphichiral	25	- **Amphichirality ⇒ `ℤ[φ]` (the *class* property):** every amphicheiral knot gives a **real** `[N]·J_N = a+bφ`
frontier/B240_golden_jones_integrality/FINDINGS.md	amphichiral	27	subfield) — the amphichiral signature.
frontier/B241_twistknot_su3_vs_levelrank/FINDINGS.md	chern-simons	13	theory. → **universal** across the twist family; a *surprise* (not predicted from CS level structure).
frontier/B241_twistknot_su3_vs_levelrank/FINDINGS.md	chern-simons	19	1. **Type:** (A) is a *flavor* symmetry of an SCFT; (B) is a *gauge* group of a CS/WRT theory. Categorically
frontier/B241_twistknot_su3_vs_levelrank/FINDINGS.md	chern-simons	24	3. **Level:** (A) is independent of any CS level; (B) *is* the specific level-rank pair `SU(2)₃↔SU(3)₂` (`κ=5`).
frontier/B241_twistknot_su3_vs_levelrank/FINDINGS.md	chern-simons	27	hyperbolic twist knots and is explicitly a *surprise not predicted from CS level structure*, whereas (B) is a
frontier/B242_three_su3_trichotomy/FINDINGS.md	amphichiral	32	**This unifies the two themes:** *amphichirality* (the B240/B241 keeper) **is exactly the condition** for the
frontier/B242_three_su3_trichotomy/FINDINGS.md	amphichiral	46	firewalled. Anchors: B71/B129 (SL(3,ℂ)), B238 (SU(3)₂ WRT), B240 (golden colored Jones / amphichirality),
frontier/B243_levelrank_conjugation_general/FINDINGS.md	amphichiral	43	κ=5 case), B238 (level-rank WRT), B204 (metallic WRT period), B240/B241 (amphichirality). Literature: Naculich–
frontier/B244_quantization_edge/FINDINGS.md	complex-volume	20	reps: obstruction class `c0` has **3 reps** (matching B71's 3 components), with **distinct complex volumes**:
frontier/B244_quantization_edge/FINDINGS.md	chern-simons	26	distinct saddles* (one carrying all the volume, two with none — `CS=0` throughout, the figure-eight being
frontier/B244_quantization_edge/FINDINGS.md	amphichiral	35	variety), B238/B242 (SU(3)₂ quantum), B240 (amphichirality → `CS=0`). Literature: Garoufalidis–Thurston–Zickert
frontier/B244_quantization_edge/FINDINGS.md	chern-simons	35	variety), B238/B242 (SU(3)₂ quantum), B240 (amphichirality → `CS=0`). Literature: Garoufalidis–Thurston–Zickert
frontier/B244_quantization_edge/FINDINGS.md	complex-volume	36	(Ptolemy / SL(n) complex volumes); Witten, Gukov (WRT asymptotics = sum over flat connections).
frontier/B246_quantum_volume/FINDINGS.md	complex-volume	8	B244 found the SL(3,ℂ) **geometric** component of `4₁` has complex volume `8.1195 = 4·Vol` (the principal `Sym²`,
frontier/B246_quantum_volume/FINDINGS.md	complex-volume	37	The SL(3) geometric `8.1195` lives in **none** of these — it is the principal-rep classical complex volume (B244).
frontier/B247_v1_holonomy_adjudication/FINDINGS.md	sl2c-lift	4	This is Lie theory + SL(2,ℂ) character-variety arithmetic (math). The physics reading — "E₆ breaks to the
frontier/B247_v1_holonomy_adjudication/FINDINGS.md	sl2c-lift	54	So the connection that **selects E₆** (geometric SL(2,ℂ), `ℚ(√−3)`) is provably **not** the connection that could
frontier/B247_v1_holonomy_adjudication/FINDINGS.md	sl2c-lift	69	A sharper reading of the SL(2,ℂ)-vs-SU(2) distinction above. The answer has three layers:
frontier/B247_v1_holonomy_adjudication/FINDINGS.md	sl2c-lift	76	- **The holonomy is neither — it is `SL(2,ℂ)` (the complex group, real-dim 6), not a real form of `A₁`.** Its real
frontier/B247_v1_holonomy_adjudication/FINDINGS.md	sl2c-lift	78	verdict: (1) `SL(2,ℂ)` has **no nontrivial finite-dimensional unitary representation**, so there is *no*
frontier/B247_v1_holonomy_adjudication/FINDINGS.md	sl2c-lift	79	nontrivial homomorphism `SL(2,ℂ)→` compact `E₆` at all — the compact GUT `E₆` (the one with the complex `27`,
frontier/B247_v1_holonomy_adjudication/FINDINGS.md	sl2c-lift	81	non-compact `E₆`), `SL(2,ℂ)⊃SU(2)` forces `C(SL(2,ℂ))⊆C(SU(2))`, strictly smaller **and** non-compact.
frontier/B247_v1_holonomy_adjudication/FINDINGS.md	sl2c-lift	85	the centralizer's size**: there is no embedding to begin with (a compact group cannot host a non-compact `SL(2,ℂ)`).
frontier/B248_e6_e8_geometric_transition/FINDINGS.md	sl2c-lift	32	geometric holonomy) fails because the E₆-selecting connection (`SL(2,ℂ)`, hyperbolic) and a breaking-SU(2)
frontier/B248_e6_e8_geometric_transition/FINDINGS.md	double-cover	39	2-bridge double covers = lens spaces.
frontier/B249_niven_trinity/FINDINGS.md	knot-in-s3	29	knot complement in `S³`**; the `m≥2` bundles carry `ℚ(√(m²+4))` in their monodromy but have no knot structure to
frontier/B249_niven_trinity/FINDINGS.md	sl2c-lift	34	The direct bridge (knot → gauge group → Standard Model) is **dead** (B247): the geometric holonomy is `SL(2,ℂ)`, not
frontier/B250_volume_profile/FINDINGS.md	complex-volume	8	(real part of the complex volume) and the Chern–Simons (the framing/imaginary part):
frontier/B250_volume_profile/FINDINGS.md	chern-simons	10	| end | geometry | Vol | CS | arithmetic |
frontier/B250_volume_profile/FINDINGS.md	chern-simons	25	up to `1.9739` (spherical). The complex-volume *imaginary* part (CS) flips from the amphicheiral `0` (hyperbolic) to
frontier/B250_volume_profile/FINDINGS.md	chern-simons	30	volumes**: the "5" is the spherical volume/CS denominator and the "−3" is the hyperbolic tetra shape — a single
frontier/B250_volume_profile/FINDINGS.md	complex-volume	31	geometric quantity (the complex volume across the transition) carrying both. This is the quantitative form of the
frontier/B250_volume_profile/FINDINGS.md	chern-simons	32	program's "5 cascade" (PAPER §3.3) and the dimensionless-firewall statement (PAPER §5.1: complex volume / CS is a
frontier/B250_volume_profile/FINDINGS.md	complex-volume	32	program's "5 cascade" (PAPER §3.3) and the dimensionless-firewall statement (PAPER §5.1: complex volume / CS is a
frontier/B250_volume_profile/FINDINGS.md	complex-volume	36	The complex volume is the program's dimensionless invariant; nothing here produces a scale. The profile is a
frontier/B250_volume_profile/FINDINGS.md	chern-simons	40	Anchors: B248 (the transition), B249 (Niven forcing), B244/B151 (complex volume / CS dimensionless), PAPER
frontier/B250_volume_profile/FINDINGS.md	complex-volume	40	Anchors: B248 (the transition), B249 (Niven forcing), B244/B151 (complex volume / CS dimensionless), PAPER
frontier/B251_metallic_specificity/FINDINGS.md	knot-in-s3	1	# B251 — the E₆↔E₈ geometric transition is golden-specific: only m=1 is a knot complement
frontier/B251_metallic_specificity/FINDINGS.md	knot-in-s3	13	(`coker[[m²,m],[m,0]]` has Smith normal form `diag(m,m)`.) A knot complement in `S³` has `H₁=ℤ`, so **only `m=1`
frontier/B251_metallic_specificity/FINDINGS.md	knot-in-s3	14	(the figure-eight) is a knot complement in `S³`.** Only it has the meridian/longitude, the knot determinant, and
frontier/B251_metallic_specificity/FINDINGS.md	double-cover	17	double cover** — no transition. (`H₁(Mₘ)=ℤ⊕(ℤ/m)²` is the same fact banked at B126/S029, here used as the filter.)
frontier/B252_chirality_obstruction/FINDINGS.md	amphichiral	16	holonomy bridge (`B247`), extending the banked **S001** (`amphichirality→θ=0`) and grounded in the banked **H36**
frontier/B252_chirality_obstruction/FINDINGS.md	orientation	39	[PROVED universal], **B211/L32** [SnapPy: every `RᵐLᵐ` isometric to its orientation-reversal], **B92** [the
frontier/B252_chirality_obstruction/FINDINGS.md	amphichiral	40	*systole*, not amphichirality, selects `m=1`]). But the chain `amphicheirality → E₆ outer automorphism → 27↔27̄` is
frontier/B252_chirality_obstruction/FINDINGS.md	chern-simons	42	in its geometric form (`CS=0` / no CP-odd invariant) and **figure-eight-specific** in its rep-theory form
frontier/B252_chirality_obstruction/FINDINGS.md	chern-simons	51	| Chern–Simons of `4₁` | `CS=0` (amphicheiral ⟹ `CS=−CS`) | yes |
frontier/B252_chirality_obstruction/FINDINGS.md	chern-simons	52	| spherical-end CS values `{2/5,3/5}` (B250) | pair as `±2/5 mod 1` (`3≡−2 mod 5`) | yes |
frontier/B252_chirality_obstruction/FINDINGS.md	amphichiral	53	| double branched cover `L(5,2)` | **amphichiral**: `2²≡−1 (mod 5)` | yes |
frontier/B252_chirality_obstruction/FINDINGS.md	amphichiral	55	| knot handedness | `4₁` amphichiral+invertible — no handedness | yes |
frontier/B252_chirality_obstruction/FINDINGS.md	chern-simons	61	> Amphicheirality forces **every** complex-conjugation-odd invariant of the object to vanish or pair — `CS=0`,
frontier/B252_chirality_obstruction/FINDINGS.md	amphichiral	62	> `L(5,2)` amphichiral, the spherical CS values `±`-paired, the `E₈` decomposition conjugate-paired, the `27↔27̄`
frontier/B252_chirality_obstruction/FINDINGS.md	chern-simons	62	> `L(5,2)` amphichiral, the spherical CS values `±`-paired, the `E₈` decomposition conjugate-paired, the `27↔27̄`
frontier/B252_chirality_obstruction/FINDINGS.md	amphichiral	74	(`amphichirality→θ=0` = CP-symmetric) to the rep-theory/transition level and is consistent with **S002**
frontier/B252_chirality_obstruction/FINDINGS.md	amphichiral	81	McKay), B248/B249/B250 (the transition; `L(5,2)`, spherical CS), B211/L32 + B92 + S001 (amphichirality universal;
frontier/B252_chirality_obstruction/FINDINGS.md	chern-simons	81	McKay), B248/B249/B250 (the transition; `L(5,2)`, spherical CS), B211/L32 + B92 + S001 (amphichirality universal;
frontier/B253_chirality_capability/FINDINGS.md	orientation	48	**The proposed cheap discriminator (Chern–Simons) is inconclusive here.** `τ` reverses orientation ⟹ acts by
frontier/B253_chirality_capability/FINDINGS.md	chern-simons	49	`CS → −CS`; the figure-eight has `CS=0` (B250), so `τ` is **anomaly-free / gaugeable** — but *gaugeable ≠ gauged*,
frontier/B253_chirality_capability/FINDINGS.md	chern-simons	50	and `CS=0` leaves **both** branches open. It would be decisive only if `CS≠0` (obstructing the gauging ⟹ forcing
frontier/B253_chirality_capability/FINDINGS.md	chern-simons	65	Anchors: B247 (dead bridge), B248/B249/B250 (the transition; CS=0), B252 (the obstruction — refined here), H36/B210
frontier/B254_uniqueness_chain/FINDINGS.md	knot-in-s3	13	| `4₁ → ℚ(√−3)` | figure-eight is the **unique arithmetic knot** in `S³` (trace field `ℚ(√−3)`) | Reid 1991; **B125** |
frontier/B254_uniqueness_chain/FINDINGS.md	sl2c-lift	42	holonomy is `SL(2,ℂ)` not `SU(2)`, the `78` is vector-like → the holonomy bridge is dead (**B247**). The handoff's
frontier/B254_uniqueness_chain/FINDINGS.md	knot-in-s3	60	Anchors: B125 (Reid/arithmeticity), B204 (forced chain), B210/B249 (McKay E₆+E₈), B238 (SU(3)₂ level-rank), B247
frontier/B254_uniqueness_chain/FINDINGS.md	knot-in-s3	62	Lit: Reid 1991; Freedman–Larsen–Wang; conformal embeddings (Schellekens–Warner, Bais–Bouwknegt).
frontier/B255_dimensional_filter/FINDINGS.md	double-cover	29	The handoff's `d=2` line ("`ℤ₃ →` double cover `ℤ₆ → A₂ = SU(3)`") is inconsistent — `ℤ₆` McKay is affine `A₅ →
frontier/B256_metallic_arnold_trinity/FINDINGS.md	knot-in-s3	35	- **B251**: silver is **not a knot complement** → no orbifold, no double-branched-cover lens space.
frontier/B257_euclidean_point/FINDINGS.md	sl2c-lift	22	(order 6 in `SL(2)`, **order 3 in `PSL(2)`** — the ℤ/3 cone), and `ζ₆² = ω`, the primitive cube root / the
frontier/B257_euclidean_point/FINDINGS.md	complex-volume	26	3. **The complex volume vanishes.** `Vol→0` (Hodgson: the cone-manifold volume decreases from `6Λ(π/3)=2.0299` at
frontier/B257_euclidean_point/FINDINGS.md	chern-simons	27	`α=0` to `0` at `α=2π/3`) and `CS=0`. The Euclidean point is the **zero/origin of the B250 complex-volume
frontier/B257_euclidean_point/FINDINGS.md	complex-volume	28	profile** — the unique point where both parts of the complex volume vanish.
frontier/B257_euclidean_point/FINDINGS.md	chern-simons	45	| ∞ | 0 | parabolic (∞) | hyperbolic | `2.0299, CS=0` | `ℚ(√−3)` | **E₆** |
frontier/B257_euclidean_point/FINDINGS.md	chern-simons	47	| 2 | π | order 2 (`i`) | spherical | `π²/5, CS∈(1/5)ℤ` | `ℚ(√5)` | **E₈** |
frontier/B258_two_ended_unification/FINDINGS.md	knot-in-s3	18	> `ℚ(√−3)` is **figure-eight-specific** (the arithmetic-knot property, Reid B125 — only the figure-eight has a
frontier/B258_two_ended_unification/FINDINGS.md	sl2c-lift	49	join them**: the holonomy is `SL(2,ℂ)`, not the `SU(2)` that would break E₆ (B247); E₆ is a McKay label, not a
frontier/B258_two_ended_unification/FINDINGS.md	knot-in-s3	56	merger), B125 (Reid arithmeticity), B247/B252/B253 (the SM wall), K006 (3d-3d). Lit: Kashaev / Murakami–Murakami
frontier/B259_gravity_brick_wall_map/FINDINGS.md	chern-simons	3	**Status: banked observation (frontier). The MATH (Mostow metric solves 3d Einstein; action = complex CS) is
frontier/B259_gravity_brick_wall_map/FINDINGS.md	sl2c-lift	15	2. **Action (Witten–Gukov).** 3d gravity with Λ<0 = `SL(2,ℂ)` Chern–Simons; the action on the hyperbolic structure
frontier/B259_gravity_brick_wall_map/FINDINGS.md	complex-volume	16	= the **complex volume** `Vol + iCS = 2.0299 + 0i` (B250). Real, banked.
frontier/B259_gravity_brick_wall_map/FINDINGS.md	sl2c-lift	38	| 1 | `SL(2,ℂ)` holonomy vs **compact** E₆ | **THEOREM** | `SL(2,ℂ)` has no nontrivial finite-dim unitary rep → no nontrivial hom into compact E₆ (B247); the *holonomy-breaking* bridge can't start. *But:* the `SL(2,ℂ)` character variety **i
frontier/B259_gravity_brick_wall_map/FINDINGS.md	complex-volume	54	Anchors: B247 (compact-E₆ theorem), B250 (complex volume), B252/B253 (CP-symmetry / 3d-not-4d), B254 (coset, not
frontier/B259_gravity_brick_wall_map/FINDINGS.md	chern-simons	55	gauge group), K006/K018 (3d-3d / scale-free). Lit: Witten 1988 (2+1 gravity = CS); Gukov (complex CS = complex
frontier/B260_coulomb_branch_reframing/FINDINGS.md	sl2c-lift	4	`CLAIMS.md`.** The "next stone" from B259: is wall #1 (`SL(2,ℂ)` can't embed in compact E₆) even the right question?
frontier/B260_coulomb_branch_reframing/FINDINGS.md	sl2c-lift	8	In the 3d-3d correspondence (Dimofte–Gaiotto–Gukov), the `SL(2,ℂ)` character variety of the figure-eight **is the
frontier/B260_coulomb_branch_reframing/FINDINGS.md	sl2c-lift	11	branch is *supposed* to be complex and non-compact — so "embed `SL(2,ℂ)` in compact E₆" is a category error.
frontier/B260_coulomb_branch_reframing/FINDINGS.md	sl2c-lift	20	- **(+) It dissolves the false obstruction.** The `SL(2,ℂ)` was never a gauge holonomy, so compactness is
frontier/B260_coulomb_branch_reframing/FINDINGS.md	chern-simons	25	CS + chirals; flavor = the cusp `U(1)/SU(2)`). There is no E₆ on the gauge side. The McKay-E₆ stays *arithmetic*
frontier/B260_coulomb_branch_reframing/FINDINGS.md	sl2c-lift	45	| 1 | `SL(2,ℂ)` vs compact E₆ | THEOREM | **true theorem, but the wrong question** — *not* an obstruction to "object→physics"; it refutes one wrong bridge. |
frontier/B260_coulomb_branch_reframing/FINDINGS.md	complex-volume	49	Anchors: B247 (the #1 theorem), B250 (complex volume on the geometric component), B258 (the quantum two ends),
frontier/B262_t41_theory/FINDINGS.md	chern-simons	26	| CS levels | `−1/2` per chiral + gluing | integer gauge/mixed matrix fixed by the NZ symplectic frame (**Rung 1b**) |
frontier/B262_t41_theory/FINDINGS.md	complex-volume	38	**state integral**. Rung 3 will verify the `S³_b` partition function reproduces B250's complex volume and B261's
frontier/B262_t41_theory/FINDINGS.md	chern-simons	43	- **Rung 1b:** pin the integer CS matrix by completing the NZ symplectic frame.
frontier/B262_t41_theory/FINDINGS.md	spin	43	- **Rung 1b:** pin the integer CS matrix by completing the NZ symplectic frame.
frontier/B262_t41_theory/FINDINGS.md	complex-volume	49	Anchors: B260 (Coulomb branch / A-polynomial), B261 (AJ / colored Jones), B250 (complex volume), B247 (the wall),
frontier/B264_e6_character_variety/FINDINGS.md	sl2c-lift	9	*not* the geometric `SL(2,ℂ)` holonomy. Decisive sub-step: does `π₁(4₁)` have E₆ deformations **beyond** the named
frontier/B265_e6_integrability/FINDINGS.md	knot-in-s3	32	`dim H²(π₁(4₁), Sym^{2k}) = 1` for all `k` — consistent with the knot complement's Euler characteristic
frontier/B266_arithmetic_selects_e6/FINDINGS.md	knot-in-s3	15	1. **Trace field = `ℚ(√−3)`** — SnapPy: min. poly `x²−2x+4`, disc `−3` (classical, Maclachlan–Reid: the
frontier/B266_arithmetic_selects_e6/FINDINGS.md	knot-in-s3	49	selected type is *about*). Lit: McKay 1980 (binary polyhedral ↔ affine ADE); Maclachlan–Reid (arithmetic of
frontier/B266_arithmetic_selects_e6/FINDINGS.md	knot-in-s3	62	**PARTIALLY-KNOWN.** Reduction `knot group → SL(2, residue field of a trace-field prime)` is standard (Long–Reid
frontier/B266_arithmetic_selects_e6/FINDINGS.md	knot-in-s3	63	1998; Chinburg–Reid–Stover 2011 for *ramified* primes; Şengün; Riley for `4₁↠SL(2,𝔽₃)`); McKay `2T↔E₆/2I↔E₈`
frontier/B268_e6_bridge_consolidation/FINDINGS.md	chern-simons	14	| **B263** | the Chern-Simons frame pinned (Neumann-Zagier; unit BF coupling to the meridian) |
frontier/B268_e6_bridge_consolidation/FINDINGS.md	sl2c-lift	21	- **#1 SL(2,ℂ) vs compact E₆: THEOREM → DISSOLVED.** B260: it's the Coulomb branch, not a holonomy; B264/B265:
frontier/B269_t41_rungs_2_3/FINDINGS.md	amphichiral	11	(the Coulomb branch, B260), and `A(1,L) = (L+1)²` (the complete / amphichiral structure, double root `L=−1`).
frontier/B269_t41_rungs_2_3/FINDINGS.md	complex-volume	21	## Rung 3 — the partition-function saddle reproduces the complex volume, and centers on `e^{iπ/3}`
frontier/B269_t41_rungs_2_3/FINDINGS.md	amphichiral	26	> `Vol(4₁) = 2·Im Li₂(e^{iπ/3}) = 2.0298832…` `= ` B250's complex volume (CS `= 0` at the amphichiral point).
frontier/B269_t41_rungs_2_3/FINDINGS.md	chern-simons	26	> `Vol(4₁) = 2·Im Li₂(e^{iπ/3}) = 2.0298832…` `= ` B250's complex volume (CS `= 0` at the amphichiral point).
frontier/B269_t41_rungs_2_3/FINDINGS.md	complex-volume	26	> `Vol(4₁) = 2·Im Li₂(e^{iπ/3}) = 2.0298832…` `= ` B250's complex volume (CS `= 0` at the amphichiral point).
frontier/B269_t41_rungs_2_3/FINDINGS.md	complex-volume	41	Anchors: B262/B263 (`T[4₁]` definition), B260 (A-poly / Coulomb branch), B250 (complex volume), B261 (golden-root
frontier/B270_integrability_cup_product/FINDINGS.md	sl2c-lift	8	## (A) The cup-product obstruction (SL(2,ℂ)/Sym² — the geometric / exponent-1 foundation)
frontier/B270_integrability_cup_product/FINDINGS.md	sl2c-lift	18	> The figure-eight `SL(2,ℂ)` character variety is **smooth at the geometric rep — re-derived, not cited.**
frontier/B271_walls_3_4/FINDINGS.md	chern-simons	10	the E₆ outer automorphism, B210/H36); `CS=0` (B250), so the amphicheiral involution `τ` is *gaugeable but not
frontier/B271_walls_3_4/FINDINGS.md	chern-simons	54	(the `{4,8}` E₆-density directions), B267 (exponents), B268 (wall map v2), B250 (`CS=0`), K006/K018 (3d-3d / the
frontier/B271_walls_3_4/FINDINGS.md	amphichiral	60	textbook. The **identification** — a knot's amphichirality realized *as* the E₆ outer automorphism, chirality locus
frontier/B275_explicit_witness/FINDINGS.md	spin	20	cocycle Jacobian; the exp-4 coordinate is **pinned** to `s` each step — without the pin, the min-norm step
frontier/B277_4d_lift_obstruction/FINDINGS.md	spin	6	## Instead of asserting "wall #4 open" — pin down the obstruction
frontier/B278_consolidation_v3/FINDINGS.md	chern-simons	12	B262/B263 (`T[4₁]` + CS frame) → B264 (rank-dim tangent) → B265 (E₆-density) → B266/B267 (arithmetic selects E₆ =
frontier/B278_consolidation_v3/FINDINGS.md	sl2c-lift	19	| 1 | SL(2,ℂ) vs compact E₆ | **DISSOLVED** | Coulomb branch, not holonomy; E₆ connections exist **unconditionally** + explicit witness (B274/B275) |
frontier/B279_spin_structure_bit/FINDINGS.md	spin	1	# B279 — the spin-structure bit of 4₁: τ **FIXES** both (Chat-2 headline, resolved)
frontier/B279_spin_structure_bit/FINDINGS.md	spin	5	highest-value computation" was: *does the amphicheiral involution τ of 4₁ fix or swap its two spin structures?*
frontier/B279_spin_structure_bit/FINDINGS.md	spin	7	## Result: **FIX** (τ fixes both spin structures)
frontier/B279_spin_structure_bit/FINDINGS.md	spin	10	1. `H₁(4₁;ℤ)=ℤ` ⟹ `H¹(4₁;ℤ/2)=ℤ/2` ⟹ **exactly 2 spin structures**.
frontier/B279_spin_structure_bit/FINDINGS.md	spin	18	Spin structures on an oriented 3-manifold form a **torsor over `H¹(M;ℤ/2)`**. The figure-eight is a knot in `S³`,
frontier/B279_spin_structure_bit/FINDINGS.md	spin	19	and `S³` has a **unique** spin structure (`H¹(S³;ℤ/2)=0`). Its restriction to `M = S³∖N(4₁)` is a **canonical** spin
frontier/B279_spin_structure_bit/FINDINGS.md	orientation	22	τ is the restriction of an **ambient** orientation-reversing involution `τ̄` of `(S³, 4₁)` (input 2). `τ̄` acts on the
frontier/B279_spin_structure_bit/FINDINGS.md	orient-reversing	22	τ is the restriction of an **ambient** orientation-reversing involution `τ̄` of `(S³, 4₁)` (input 2). `τ̄` acts on the
frontier/B279_spin_structure_bit/FINDINGS.md	spin	29	Equivalently: spin structures on a knot complement are labelled by their `ℤ/2` meridian-holonomy (relative to `σ₀`),
frontier/B279_spin_structure_bit/FINDINGS.md	knot-in-s3	29	Equivalently: spin structures on a knot complement are labelled by their `ℤ/2` meridian-holonomy (relative to `σ₀`),
frontier/B279_spin_structure_bit/FINDINGS.md	spin	34	by accident: it holds for **every** ambient symmetry of **every** knot complement (the `S³`-bounding spin structure
frontier/B279_spin_structure_bit/FINDINGS.md	knot-in-s3	34	by accident: it holds for **every** ambient symmetry of **every** knot complement (the `S³`-bounding spin structure
frontier/B279_spin_structure_bit/FINDINGS.md	spin	39	Chat-2's chain *fix ⟹ a τ-invariant spin structure exists ⟹ η=0 in it ⟹ τ gaugeable-with-fermions ⟹ τ gauged ⟹
frontier/B280_2T_higher_spin/FINDINGS.md	spin	7	2T = SL(2,𝔽₃) (binary tetrahedral, order 24); irrep dims `{1,1,1,2,2,2,3}`. spin-1/2 = the faithful **quaternionic**
frontier/B280_2T_higher_spin/FINDINGS.md	spin	8	2-dim irrep (Frobenius–Schur indicator −1; `2T ⊂ SU(2)=Sp(1)`). spin-j = `Sym^{2j}` of it.
frontier/B280_2T_higher_spin/FINDINGS.md	spin	10	- **spin-1 |₂ₜ = ρ₃** (the 3-dim irrep). Under `ℤ/3 = A₄/V₄`, `ρ₃` splits `3 → 1+1′+1″` (three ℤ/3-charged
frontier/B280_2T_higher_spin/FINDINGS.md	spin	12	- **spin-3/2 |₂ₜ = 2 + 2** — two **distinct** 2-dim irreps (`ρ₂′ ⊕ ρ₂″`), each once. **NOT 3 + 1.**
frontier/B280_2T_higher_spin/FINDINGS.md	spin	15	Because spin-3/2 gives **2+2, not a triplet+singlet**, there is **no** "3 generations (triplet) + 1 Higgs
frontier/B280_2T_higher_spin/FINDINGS.md	spin	16	(singlet)" structure in the 2T spin-3/2. This **kills the "three generations + Higgs from A₄/2T spin-3/2"** reading.
frontier/B282_e6_is_arithmetic_not_geometric/FINDINGS.md	knot-in-s3	30	- **OBJECT-SPECIFIC** (what 5₂ lacks): the **arithmetic 2T atom** — 4₁ is the *unique arithmetic knot* (Reid), trace
frontier/B282_e6_is_arithmetic_not_geometric/FINDINGS.md	amphichiral	32	(needs amphichirality). These are *exactly* the two R6 NEEDS-SPECIALIST kernels.
frontier/B282_e6_is_arithmetic_not_geometric/FINDINGS.md	knot-in-s3	43	2. If the bridge to physics works, it **must** run through the arithmetic atom (Reid-uniqueness → ℚ(√−3) → 2T →
frontier/B283_selfgen_scoping/FINDINGS.md	knot-in-s3	41	τ = E₆ outer-automorphism) + **Reid's unique-arithmetic-knot theorem**. The two veins we had left both reduce to the
frontier/B284_2T_component/FINDINGS.md	sl2c-lift	24	wrongly gives 0 for the SL(2,ℂ) geometric rep — caught mid-verification.)*
frontier/B284_2T_component/FINDINGS.md	chern-simons	29	| 1 | Λ dynamical / conjugate to CS-time (the dynamics I dismissed) | **chat-1 RIGHT, I was wrong** | arXiv:1807.01381 (Alexander–Magueijo–Smolin 2018) is real and says exactly this. I mis-attributed by reading only the 2026 PRL. *Residual:
frontier/B284_2T_component/FINDINGS.md	chern-simons	30	| 2 | `Γ ~ exp(−k·Vol)` is standard semiclassical physics | **partially right** | the hyperbolic volume in CS/WRT asymptotics is real (volume conjecture). I over-dismissed the kernel. But reading it as a *cosmological tunneling rate* (4₁ = 
frontier/B284_2T_component/FINDINGS.md	chern-simons	32	| 5 | Λ-sign from the CS level (k>0 ⟹ Λ>0), not 4₁'s curvature | **conceptually fair (candidate wall-dissolution)** | in CSK `Λ=6π/(kG)` ⟹ `sign Λ = sign k`, Kodama = de Sitter (Λ>0); 4₁'s hyperbolicity is a *different* 3-manifold. So the B
frontier/B285_commutator_phase/FINDINGS.md	amphichiral	15	conjugate Riley roots `u ↔ u²` (the `e^{±2πi/3}` ambiguity), which is exactly the conjugation that **amphichirality
frontier/B286_the_seam/FINDINGS.md	amphichiral	19	| **chirality** | the closing breaks the mirror symmetry | cusped m004 `CS = 0` (amphichiral); **every generic filling is chiral** (`CS ∉ {0,½} mod 1`) |
frontier/B286_the_seam/FINDINGS.md	chern-simons	19	| **chirality** | the closing breaks the mirror symmetry | cusped m004 `CS = 0` (amphichiral); **every generic filling is chiral** (`CS ∉ {0,½} mod 1`) |
frontier/B286_the_seam/FINDINGS.md	chern-simons	20	| **the CP sign** | the *oriented* slope | the mirror slope `(p,−q)` carries **`CS = −CS(p,q)`** exactly — the oriented closing picks the handedness |
frontier/B286_the_seam/FINDINGS.md	amphichiral	35	amphichirality with a sign, the selection set is finite and forced, and scale is generated at the seam (all SnapPy).
frontier/B288_arithmetic_filling_census/FINDINGS.md	knot-in-s3	21	1. **Invariant trace field** via **traces of squares** (lift-independent, the Maclachlan–Reid commensurability
frontier/B288_arithmetic_filling_census/FINDINGS.md	amphichiral	55	ID to degree 32 + the amphichirality shortcut 4₁(p,q)≅4₁(−p,q), 7/7 isometries verified): **the
frontier/B289_cp_sign_law/FINDINGS.md	chern-simons	1	# B289 — Is the CP sign forced? The CS sign law and its ℚ(√−3) Galois meaning
frontier/B289_cp_sign_law/FINDINGS.md	chern-simons	3	**Status: banked. Math (CS sign law + Galois reading) verified two methods; physics firewalled; nothing to
frontier/B289_cp_sign_law/FINDINGS.md	amphichiral	4	`CLAIMS.md`.** Phase II of the seam arc (wall #3, chirality/CP). B286 found the cusped object amphichiral (`CS=0`)
frontier/B289_cp_sign_law/FINDINGS.md	chern-simons	4	`CLAIMS.md`.** Phase II of the seam arc (wall #3, chirality/CP). B286 found the cusped object amphichiral (`CS=0`)
frontier/B289_cp_sign_law/FINDINGS.md	chern-simons	5	and generic closings chiral with `CS(p,−q)=−CS(p,q)` on a sample; B289 makes it robust and reads its meaning.
frontier/B289_cp_sign_law/FINDINGS.md	chern-simons	9	every closed manifold is **chiral** (`CS ∉ {0,½} mod 1`) and obeys **`CS(p,−q) = −CS(p,q)`** exactly. The
frontier/B289_cp_sign_law/FINDINGS.md	chern-simons	10	**oriented slope forces the CP sign.** Two methods agree (mod ½): `chern_simons()` and
frontier/B289_cp_sign_law/FINDINGS.md	amphichiral	12	2. **Amphichiral locus empty.** No hyperbolic closing has `CS ∈ {0,½}` — **closing always breaks amphichirality/CP**.
frontier/B289_cp_sign_law/FINDINGS.md	chern-simons	12	2. **Amphichiral locus empty.** No hyperbolic closing has `CS ∈ {0,½}` — **closing always breaks amphichirality/CP**.
frontier/B289_cp_sign_law/FINDINGS.md	orientation	14	conjugation of the geometric holonomy** (orientation reversal → `CS → −CS`). At the cusp this complex conjugation
frontier/B289_cp_sign_law/FINDINGS.md	chern-simons	14	conjugation of the geometric holonomy** (orientation reversal → `CS → −CS`). At the cusp this complex conjugation
frontier/B289_cp_sign_law/FINDINGS.md	amphichiral	17	`τ`/amphichirality swap). So the **closing's `CS` sign and the cusp's `±π/6` sign are two faces of the same
frontier/B289_cp_sign_law/FINDINGS.md	chern-simons	17	`τ`/amphichirality swap). So the **closing's `CS` sign and the cusp's `±π/6` sign are two faces of the same
frontier/B289_cp_sign_law/FINDINGS.md	amphichiral	19	4. **But the sign is not object-derivable (NEGATIVE on forcing).** The object is amphichiral (`CS=0`) and CP-symmetric
frontier/B289_cp_sign_law/FINDINGS.md	chern-simons	19	4. **But the sign is not object-derivable (NEGATIVE on forcing).** The object is amphichiral (`CS=0`) and CP-symmetric
frontier/B289_cp_sign_law/FINDINGS.md	chern-simons	24	- **`chern_simons()`** (the SnapPea CS, mod 1) and the independent **`Im(complex_volume)/(2π²)`** (the Cheeger–Chern–
frontier/B289_cp_sign_law/FINDINGS.md	chern-simons	27	via `chern_simons`** regardless.
frontier/B289_cp_sign_law/FINDINGS.md	amphichiral	43	`cp_sign_law.py` (sage-python: SnapPy CS census, sign law, amphichiral search, complex-volume cross-check) ·
frontier/B289_cp_sign_law/FINDINGS.md	chern-simons	43	`cp_sign_law.py` (sage-python: SnapPy CS census, sign law, amphichiral search, complex-volume cross-check) ·
frontier/B289_cp_sign_law/FINDINGS.md	amphichiral	45	seam), `B285` (the ±π/6 magnitude), `B282` (ℚ(√−3) atom), `B252` (CP-symmetry), `B271` (τ/amphichirality), `B250`
frontier/B289_cp_sign_law/FINDINGS.md	complex-volume	46	(complex volume), `B287`/`B288` (the other selection axes).
frontier/B293_peripheral_clock/FINDINGS.md	sl2c-lift	10	`SL(2,ℂ)` character variety with `x=tr a, y=tr b, z=tr ab`:
frontier/B293_peripheral_clock/FINDINGS.md	chern-simons	35	## [HOOK — firewalled] the Λ ↔ CS-time resonance
frontier/B293_peripheral_clock/FINDINGS.md	chern-simons	61	`S044` (Alexander Λ↔CS-time).
frontier/B294_selection_verdict/FINDINGS.md	chern-simons	15	| **CP-sign law** (B289) | `CS(p,−q)=−CS(p,q)`, all 78 chiral; sign = ℚ(√−3) Galois | LAW forced / sign **free** | math / HELD |
frontier/B295_ssb_gauge_status/FINDINGS.md	amphichiral	15	- its `τ` is the **modular** parameter on ℍ (`A` acts by `τ→(2τ+1)/(τ+1)`), **not** the amphichiral involution;
frontier/B295_ssb_gauge_status/FINDINGS.md	spin	47	`B279` (the spin-structure FIX bit — the gauge premise), `P011`/`P15`/`P16`, `S038` (firewalled), `S043`/`S044`.
frontier/B296_seam_arc_verification/FINDINGS.md	knot-in-s3	25	(arithmeticity lost on closing / trace-field degree growth — **Garoufalidis–Jeon**, Hodgson, Neumann–Reid); claim 4a
frontier/B296_seam_arc_verification/FINDINGS.md	chern-simons	28	Galois conjugation = the `±π/6` Eisenstein phase flip); claim 4b (the Goldman/NZ clock ↔ Λ-conjugate-to-CS-time);
frontier/B297_consolidation_v4/FINDINGS.md	sl2c-lift	18	| 1 | SL(2,ℂ) vs compact E₆ | **DISSOLVED** | unchanged (E₆ connections exist + witness, B274/B275) |
frontier/B297_consolidation_v4/FINDINGS.md	amphichiral	20	| 3 | chirality / τ / CP sign | **OPEN → MECHANISM-AT-SEAM** | **relocated (B286/B289/B295):** closing breaks amphichirality with a **forced sign law** (handedness = ℚ(√−3) Galois = the ±π/6 swap); the **sign itself** stays external (CP-sym
frontier/B299_trinification_triality/FINDINGS.md	amphichiral	43	`B298` (the generation obstruction / the 9+9+9), `B266` (the arithmetic 2T→McKay-E₆), `B271` (amphichirality =
frontier/B300_cross_chat_sm_attempt/FINDINGS.md	det-minus-1	34	the Janus `k=3` minimum + `det=−1` reciprocity; dynamics = `σ`-is-expansion at one Hubble tick; with the Friedmann
frontier/B302_multiplicity_hidden_z3/FINDINGS.md	knot-in-s3	19	- **(A) the object has no order-3.** SnapPy: `Sym(m004) = D4` (order 8), and a knot complement group is torsion-free.
frontier/B302_multiplicity_hidden_z3/FINDINGS.md	knot-in-s3	20	- **(B) the commensurator does.** m004 is **the** arithmetic ℚ(√−3) knot (B282), so by **Neumann–Reid** its
frontier/B302_multiplicity_hidden_z3/FINDINGS.md	knot-in-s3	35	knot — Neumann–Reid's unique example (the figure-eight and the two dodecahedral knots are the only knots
frontier/B302_multiplicity_hidden_z3/FINDINGS.md	knot-in-s3	40	The **math** is solid and citable (Neumann–Reid hidden symmetries; Riley's index 12; the Eisenstein order-3). What is
frontier/B302_multiplicity_hidden_z3/FINDINGS.md	knot-in-s3	48	`S045` (the firewalled reading). Lit: Neumann–Reid (hidden symmetries, arithmetic of hyperbolic manifolds); Riley
frontier/B302_multiplicity_hidden_z3/FINDINGS.md	sl2c-lift	49	(figure-eight index 12 in PSL(2,O₋₃)); Humbert (Bianchi covolume).
frontier/B303_clock_is_the_cp_sign/FINDINGS.md	chern-simons	9	## The result (MATH — the CP sign is the sign of CS)
frontier/B303_clock_is_the_cp_sign/FINDINGS.md	amphichiral	10	- The **cusped (amphichiral) object has `CS = 0`** — the **CP-symmetric origin** of the clock (no sign).
frontier/B303_clock_is_the_cp_sign/FINDINGS.md	chern-simons	10	- The **cusped (amphichiral) object has `CS = 0`** — the **CP-symmetric origin** of the clock (no sign).
frontier/B303_clock_is_the_cp_sign/FINDINGS.md	chern-simons	11	- Every closing has `CS` with a **definite sign**: along the `(1,n)` scale ladder, `CS(1,n)` is **all the same sign**
frontier/B303_clock_is_the_cp_sign/FINDINGS.md	amphichiral	12	(`n>0 → CS<0`), with **`CS(1,−n) = −CS(1,n)`** (B289) and **`|CS| → 0` as `n→∞`** (back toward the amphichiral
frontier/B303_clock_is_the_cp_sign/FINDINGS.md	chern-simons	12	(`n>0 → CS<0`), with **`CS(1,−n) = −CS(1,n)`** (B289) and **`|CS| → 0` as `n→∞`** (back toward the amphichiral
frontier/B303_clock_is_the_cp_sign/FINDINGS.md	chern-simons	14	- So the **CP sign** (B289: handedness = ℚ(√−3) Galois = the `±π/6` / τ swap) is **literally the sign of `CS`.** There
frontier/B303_clock_is_the_cp_sign/FINDINGS.md	orientation	15	is no separate CP sign to choose and then correlate with a clock: closing in one orientation gives one sign of `CS`,
frontier/B303_clock_is_the_cp_sign/FINDINGS.md	chern-simons	15	is no separate CP sign to choose and then correlate with a clock: closing in one orientation gives one sign of `CS`,
frontier/B303_clock_is_the_cp_sign/FINDINGS.md	orientation	17	fixed-orientation history). The CP sign and the clock are **the same quantity.**
frontier/B303_clock_is_the_cp_sign/FINDINGS.md	amphichiral	21	| amphichiral object | `CS = 0` — the clock's zero / the CP-symmetric point |
frontier/B303_clock_is_the_cp_sign/FINDINGS.md	chern-simons	21	| amphichiral object | `CS = 0` — the clock's zero / the CP-symmetric point |
frontier/B303_clock_is_the_cp_sign/FINDINGS.md	orientation	22	| a closing (orientation +) | `CS < 0` — one CP sign |
frontier/B303_clock_is_the_cp_sign/FINDINGS.md	chern-simons	22	| a closing (orientation +) | `CS < 0` — one CP sign |
frontier/B303_clock_is_the_cp_sign/FINDINGS.md	orientation	23	| the mirror closing (orientation −) | `CS > 0` — the other CP sign |
frontier/B303_clock_is_the_cp_sign/FINDINGS.md	chern-simons	23	| the mirror closing (orientation −) | `CS > 0` — the other CP sign |
frontier/B303_clock_is_the_cp_sign/FINDINGS.md	orientation	24	| running the clock (n varies, fixed orientation) | `\|CS\|` changes, **sign constant** |
frontier/B303_clock_is_the_cp_sign/FINDINGS.md	chern-simons	24	| running the clock (n varies, fixed orientation) | `\|CS\|` changes, **sign constant** |
frontier/B303_clock_is_the_cp_sign/FINDINGS.md	chern-simons	27	*"Does the running clock gauge-fix the CP sign?"* — the CP sign **is** the clock's sign (both are `CS`), so the answer
frontier/B303_clock_is_the_cp_sign/FINDINGS.md	orientation	30	2. **`[LEAP]` (S045):** the arrow (the orientation of the closing = the clock's direction) is itself forced (σ
frontier/B303_clock_is_the_cp_sign/FINDINGS.md	chern-simons	36	here it has a specific mechanism: `CS` is *both* the CP-sign carrier and the cosmological clock.)
frontier/B303_clock_is_the_cp_sign/FINDINGS.md	chern-simons	40	- **CP sign** — the **sign of the CS-clock** = the **arrow of time** (B303): moved from *"external"* to *"the clock's
frontier/B303_clock_is_the_cp_sign/FINDINGS.md	chern-simons	41	sign, internal-conditional-on-(CS=clock)+(arrow-forced)"*;
frontier/B303_clock_is_the_cp_sign/FINDINGS.md	chern-simons	45	(`CS: 0 → ≠0`), and the **first value it emits is the CP sign** — because the CP sign is just the sign of the one
frontier/B303_clock_is_the_cp_sign/FINDINGS.md	amphichiral	49	**Is:** new math (the amphichiral object = the `CS=0` clock-origin; the CP sign = the sign of `CS`; the definite
frontier/B303_clock_is_the_cp_sign/FINDINGS.md	chern-simons	49	**Is:** new math (the amphichiral object = the `CS=0` clock-origin; the CP sign = the sign of `CS`; the definite
frontier/B303_clock_is_the_cp_sign/FINDINGS.md	chern-simons	54	`clock_is_the_cp_sign.py` (sage-python: the CS ladder) · `verdict.py` (pyenv) · `tests/test_b303_clock_is_the_cp_sign.py`.
frontier/B303_clock_is_the_cp_sign/FINDINGS.md	chern-simons	55	Related: `B289` (CS sign law = the CP sign), `B293` (the peripheral clock), `B295` (the SSB/gauge status — the forcing
frontier/B303_clock_is_the_cp_sign/FINDINGS.md	chern-simons	57	Alexander Λ↔CS-time; the forced arrow). Lit: Alexander–Magueijo–Smolin arXiv:1807.01381.
frontier/B304_gauge_dynamics_skeleton/FINDINGS.md	amphichiral	35	(N=2→N=1)** *and* **amphichirality-breaking (B286)** *and* **scale (B290)** *and* **the CP sign (B289)** as **one
frontier/B307_totally_real_obstruction/FINDINGS.md	sl2c-lift	20	conjugate into `PSL(2,ℝ)`) → **not totally real**. The two are disjoint. ∎
frontier/B307_totally_real_obstruction/FINDINGS.md	knot-in-s3	53	`S045` (the firewalled literature notes). Lit: Maclachlan–Reid (invariant trace fields have a complex place);
frontier/B313_fibonacci_bridge_and_no_forced_choice/FINDINGS.md	chern-simons	35	- **The genuine open target: S032-A** — the theorem-version, that *no invariant whatsoever* (incl. quantum/CS/Face IV)
frontier/B315_e7_exclusion_vs_heterotic/FINDINGS.md	det-minus-1	26	`det=+1`]`, 5` [E₈, monodromy `det=−1`]`}`; disc 8 needs **even** trace — it appears only at the silver bundle `m=2`,
frontier/B316_sqrt7_chirality_field/FINDINGS.md	amphichiral	8	broader family, as the *chirality* field (B147). Together they complete the picture: the ladder is amphichiral, `√−7`
frontier/B316_sqrt7_chirality_field/FINDINGS.md	amphichiral	17	So the imaginary metallic ladder **floors at `disc = −4`** (`|disc| ≤ 4`). These are the **amphichiral** fields.
frontier/B316_sqrt7_chirality_field/FINDINGS.md	amphichiral	29	of `ℚ(√−7)`). The amphichiral bundles in range give `RL → ℚ(√−3)`, `RRLL → ℚ(i)`.
frontier/B316_sqrt7_chirality_field/FINDINGS.md	amphichiral	33	floor. `ℚ(√−7)` is reached instead by **breaking amphichirality** (the non-palindromic `RRL/RLL` words, B147). So
frontier/B316_sqrt7_chirality_field/FINDINGS.md	amphichiral	36	the ladder. The object's arithmetic self-generation has two regimes: **amphichiral** (the metallic ladder — the two
frontier/B316_sqrt7_chirality_field/FINDINGS.md	amphichiral	38	quadratic *field* is a chirality signature: amphichiral floors at `{−3, −4}`; chirality gives `−7`.
frontier/B316_sqrt7_chirality_field/FINDINGS.md	amphichiral	47	**K020** (the two-ended amphichiral arithmetic). Lit: Maclachlan–Reid (arithmetic hyperbolic 3-manifolds; Bianchi
frontier/B316_sqrt7_chirality_field/FINDINGS.md	knot-in-s3	47	**K020** (the two-ended amphichiral arithmetic). Lit: Maclachlan–Reid (arithmetic hyperbolic 3-manifolds; Bianchi
frontier/B317_painleve_transcendental/FINDINGS.md	det-minus-1	15	**hyperbolic** (`M_m = [[m,1],[1,0]]`, `det −1`, eigenvalues `λ_m` and `−1/λ_m`, `|λ_m| > 1` for all `m ≥ 1` →
frontier/B318_amphichiral_mechanism/FINDINGS.md	amphichiral	1	# B318 — Amphichirality is the *geometric* firewall for the Eisenstein end; the golden end is arithmetic-only
frontier/B318_amphichiral_mechanism/FINDINGS.md	amphichiral	4	nothing to `CLAIMS.md`.** Chat-1 proposed "the amphichiral involution `τ` symmetrizes *every* invariant → the firewall
frontier/B318_amphichiral_mechanism/FINDINGS.md	amphichiral	5	*is* amphichirality — a geometric theorem." Checking it: **half right, and the half that fails is instructive.**
frontier/B318_amphichiral_mechanism/FINDINGS.md	orientation	8	The figure-eight is amphichiral (`CS = 0`), so it admits an orientation-reversing self-homeomorphism `τ`, which acts on
frontier/B318_amphichiral_mechanism/FINDINGS.md	orient-reversing	8	The figure-eight is amphichiral (`CS = 0`), so it admits an orientation-reversing self-homeomorphism `τ`, which acts on
frontier/B318_amphichiral_mechanism/FINDINGS.md	amphichiral	8	The figure-eight is amphichiral (`CS = 0`), so it admits an orientation-reversing self-homeomorphism `τ`, which acts on
frontier/B318_amphichiral_mechanism/FINDINGS.md	chern-simons	8	The figure-eight is amphichiral (`CS = 0`), so it admits an orientation-reversing self-homeomorphism `τ`, which acts on
frontier/B318_amphichiral_mechanism/FINDINGS.md	chern-simons	11	as a `τ`-odd `±`pair (the `±π/6` CP sign, B285; `CS = 0`; all `ℚ(√−3)` data), and `τ`-even invariants (volume, `|κ| =
frontier/B318_amphichiral_mechanism/FINDINGS.md	amphichiral	13	is not merely arithmetic — it is the *geometric* amphichiral involution (complex conjugation).**
frontier/B318_amphichiral_mechanism/FINDINGS.md	amphichiral	26	| Eisenstein | `ℚ(√−3)` (imaginary, the trace field) | `τ` = complex conjugation | **geometric** (the amphichiral involution) |
frontier/B318_amphichiral_mechanism/FINDINGS.md	amphichiral	30	firewall is amphichirality" is true for the Eisenstein end and false for the golden end.
frontier/B318_amphichiral_mechanism/FINDINGS.md	amphichiral	43	"amphichirality = the firewall" reading is honest only for the Eisenstein end. Nothing to `CLAIMS.md`.
frontier/B318_amphichiral_mechanism/FINDINGS.md	amphichiral	45	`amphichiral_mechanism.py` (pyenv) · `tests/test_b318_amphichiral_mechanism.py`. Related: **B285** (the CP-sign Galois —
frontier/B318_amphichiral_mechanism/FINDINGS.md	amphichiral	47	two-ends discriminant — corrected here), **K017** (amphichirality/chirality), **K020** (the two-ended Galois structure —
frontier/B318_amphichiral_mechanism/FINDINGS.md	amphichiral	48	refined), **B282** (the arithmetic atom — new `M=ζ₁₂` certificate). Lit: amphichirality and complex conjugation of the
frontier/B318_amphichiral_mechanism/FINDINGS.md	knot-in-s3	49	geometric representation (Maclachlan–Reid; the invariant trace field).
frontier/B320_chat1_three_points/FINDINGS.md	amphichiral	10	- **A** (the firewall / no-forced-choice) = the Galois conjugation `√−3 → −√−3` = complex conjugation = the amphichiral
frontier/B320_chat1_three_points/FINDINGS.md	sl2c-lift	24	run here. The chain is real math: `|PSL(2,𝔽₇)| = 168 = |GL(3,𝔽₂)| = |Aut(Fano)|`; the Fano's 7 points ↔ 7 imaginary
frontier/B320_chat1_three_points/FINDINGS.md	chern-simons	37	The complement/filling ↔ quantum-measurement parallel (complement = superposition, filling = measurement, CS = outcome)
frontier/B320_chat1_three_points/FINDINGS.md	sl2c-lift	51	standard `PSL(2,7)/Fano/octonion/G₂` facts. The observer=seam reading is firewalled. Nothing to `CLAIMS.md`.
frontier/B320_chat1_three_points/FINDINGS.md	sl2c-lift	56	absorbing loop). Lit: `PSL(2,7) ≅ GL(3,2) = Aut(Fano)`; the octonion/`G₂`/Fano correspondence; the Heawood map-color
frontier/B321_seam_geometry_adjudication/FINDINGS.md	orientation	37	orientation-preserving, so the flow cannot select a handedness) — a clean self-catch.
frontier/B323_four_levels_adjudication/FINDINGS.md	amphichiral	13	| **1** — the object (complement) | `π₁(4₁)` | **D₄, order 8** (SnapPy); carries the amphichiral `ℤ/2` | **no** (`3 ∤ 8`; knot group torsion-free) |
frontier/B323_four_levels_adjudication/FINDINGS.md	knot-in-s3	54	the commensurator `ℤ/3`). Lit: the McKay correspondence (`2T → E₆`); Neumann–Reid (the commensurator of `4₁`).
frontier/B324_omega_circulant_verified/FINDINGS.md	knot-in-s3	45	of the figure-eight; Neumann–Reid (the commensurator `PGL(2,𝒪₋₃)`).
frontier/B326_congruence_torsion/FINDINGS.md	orientation	43	1. **CP-sign "flow-selection" splice** [self-caught]: `σ` is orientation-preserving, cannot select handedness;
frontier/B326_congruence_torsion/FINDINGS.md	knot-in-s3	63	cyclic covers); Milnor (infinite cyclic cover / Alexander module); Reid (`4₁` unique arithmetic knot).
frontier/B327_mckay_branching_gate/FINDINGS.md	spin	36	- **Half-integrality does not help:** spin-½ is itself self-dual (real character on 2T). Only a **non-self-dual**
frontier/B330_s032a_galois_symmetrization/FINDINGS.md	knot-in-s3	38	**Untested classes (the residual, named).** Reidemeister/​Ptolemy torsion of the character-variety components;
frontier/B330_s032a_galois_symmetrization/FINDINGS.md	amphichiral	53	**B314** (golden Galois orbit), **B318** (Eisenstein amphichiral), **B326** (the cover-torsion), **OPEN_PROBLEMS.md**
frontier/B331_ambivalence_closure/FINDINGS.md	sl2c-lift	1	# B331 — the SL(2,ℂ) "complex escape" is closed at its root: the generation element is elliptic
frontier/B331_ambivalence_closure/FINDINGS.md	sl2c-lift	5	volumes, magnitudes); values live in phases* — and proposed an escape: the geometric holonomy is in **`SL(2,ℂ)`**, not
frontier/B331_ambivalence_closure/FINDINGS.md	sl2c-lift	15	**Verified:** the holomorphic principal `SL(2,ℂ)` lift gives `χ_27(g) = 0`, **identical** to the compact `SU(2)` value
frontier/B331_ambivalence_closure/FINDINGS.md	sl2c-lift	17	holomorphic and compact characters coincide. The `SL(2,ℂ)`-vs-`SU(2)` distinction only bites on **loxodromic**
frontier/B331_ambivalence_closure/FINDINGS.md	sl2c-lift	29	This closes the escape for **any lift factoring through `SL(2,ℂ) → E₆`** — which **includes the arithmetically-relevant
frontier/B331_ambivalence_closure/FINDINGS.md	sl2c-lift	30	one** (the Riley holonomy *is* an `SL(2,ℂ)` representation, `ρ: π₁(4₁) → SL(2,ℤ[ω])`). So **Chat-1's own proposed attack
frontier/B331_ambivalence_closure/FINDINGS.md	sl2c-lift	33	closes the `SL(2,ℂ)`-factoring family via one structural fact. **Level 4 is confirmed for the object's actual lift.**
frontier/B331_ambivalence_closure/FINDINGS.md	sl2c-lift	47	Exact `SL(2,ℂ)` / cyclotomic character computation (sympy). No physics values. Nothing to `CLAIMS.md`.
frontier/B336_chiral_sqrt15_hunt/FINDINGS.md	amphichiral	4	Firewalled; nothing to `CLAIMS.md`.** Chat-1's reframe is the best-stated wall we have — *structure is real (amphichiral),
frontier/B336_chiral_sqrt15_hunt/FINDINGS.md	amphichiral	5	value is imaginary (`√−15`), reachable only by breaking amphichirality.* The premise checks out; the **routes** to `√−15`
frontier/B336_chiral_sqrt15_hunt/FINDINGS.md	amphichiral	9	`J_N(4₁; ζ₁₅)` is **real** for all `N` (imaginary part exactly 0). The single amphichiral object carries **zero `√−15`
frontier/B336_chiral_sqrt15_hunt/FINDINGS.md	amphichiral	10	component**. (Amphichiral `J_N(q)=J_N(q⁻¹)`; at a root `q⁻¹=q̄`; integer Jones coefficients `⇒ J_N(q̄)=conj(J_N)` `⇒ J_N`
frontier/B336_chiral_sqrt15_hunt/FINDINGS.md	knot-in-s3	17	- **Route 2 (commensurator).** The invariant trace field is a **commensurability invariant** (Neumann–Reid). The whole
frontier/B336_chiral_sqrt15_hunt/FINDINGS.md	amphichiral	21	- **Route 1 (Dehn filling).** Fillings *do* break amphichirality — verified `CS ≠ 0` (e.g. `(1,2):−0.247`, `(1,3):−0.165`,
frontier/B336_chiral_sqrt15_hunt/FINDINGS.md	chern-simons	21	- **Route 1 (Dehn filling).** Fillings *do* break amphichirality — verified `CS ≠ 0` (e.g. `(1,2):−0.247`, `(1,3):−0.165`,
frontier/B336_chiral_sqrt15_hunt/FINDINGS.md	amphichiral	36	too** — the imaginary part is not merely hidden by amphichirality; it is not in the object's geometric arithmetic at all.
frontier/B336_chiral_sqrt15_hunt/FINDINGS.md	chern-simons	42	Exact colored-Jones at `ζ₁₅` (sympy, from B314) + monodromy discriminants + SnapPy shape/CS (recorded values). Trace
frontier/B336_chiral_sqrt15_hunt/FINDINGS.md	amphichiral	47	**B332/B334** (the compositum / Hilbert class field), **B316** (the amphichiral floor `{−4,−3}`, `√−7` chiral),
frontier/B336_chiral_sqrt15_hunt/FINDINGS.md	amphichiral	48	**B318** (amphichirality = geometric firewall), **B314** (colored Jones at roots), **B289/B286** (filling CS). Lit:
frontier/B336_chiral_sqrt15_hunt/FINDINGS.md	chern-simons	48	**B318** (amphichirality = geometric firewall), **B314** (colored Jones at roots), **B289/B286** (filling CS). Lit:
frontier/B336_chiral_sqrt15_hunt/FINDINGS.md	knot-in-s3	49	Neumann–Reid (invariant trace field is a commensurability invariant); Thurston (surgery gives non-arithmetic fillings);
frontier/B336_chiral_sqrt15_hunt/FINDINGS.md	knot-in-s3	50	Maclachlan–Reid (`4₁` arithmetic, `ℚ(√−3)`).
frontier/B338_the_bridge_flow/FINDINGS.md	amphichiral	10	symmetric, amphichiral object, `CS = 0`) to **filled/broken** configs (finite `n`: chiral, `CS ≠ 0`). The chiral **order
frontier/B338_the_bridge_flow/FINDINGS.md	chern-simons	10	symmetric, amphichiral object, `CS = 0`) to **filled/broken** configs (finite `n`: chiral, `CS ≠ 0`). The chiral **order
frontier/B338_the_bridge_flow/FINDINGS.md	chern-simons	15	CS(1,n)  ~  −1/(2n)          (verified: CS(1,n)·n → −0.5, to 3 digits by n=10)
frontier/B338_the_bridge_flow/FINDINGS.md	amphichiral	31	This closes the symmetry-broken sweep into a coherent picture: **symmetric object = UV structure (E₆, amphichiral,
frontier/B338_the_bridge_flow/FINDINGS.md	chern-simons	32	`CS=0`); Dehn filling = the flow (chirality `CS ~ 1/n` turning on); broken/filled = IR (chiral, orderable) — with the
frontier/B338_the_bridge_flow/FINDINGS.md	chern-simons	37	The math banked here is only: `CS(1,n) ~ −1/(2n)` along the filling flow, `CS=0` at the symmetric cusp, and that the
frontier/B338_the_bridge_flow/FINDINGS.md	chern-simons	42	SnapPy 3.3.2 CS of `m004(1,n)` (recorded values) + the asymptotic fit. No physics values. Nothing to `CLAIMS.md`.
frontier/B338_the_bridge_flow/FINDINGS.md	chern-simons	46	filling/CS/core-scale tooling), **B322** (the value hunt), **S047** (the reunification speculation). Lit: Neumann–Zagier
frontier/B338_the_bridge_flow/FINDINGS.md	chern-simons	47	(Dehn-surgery asymptotics of CS/volume); Thurston (hyperbolic Dehn surgery).
frontier/B339_cs_flow_subleading/FINDINGS.md	chern-simons	1	# B339 / H107 — the CS-flow sub-leading coefficient is rational (`1/24 = 1/(2·h(E₆))`), not √−3
frontier/B339_cs_flow_subleading/FINDINGS.md	chern-simons	4	Dehn-filling flow `CS(1,n) ~ −1/(2n)` (B338) is the chiral order parameter. H107 asked whether its **sub-leading** term
frontier/B339_cs_flow_subleading/FINDINGS.md	chern-simons	9	`CS(1,n) = −1/(2n) + 1/(24 n³) + O(1/n⁵)`.
frontier/B339_cs_flow_subleading/FINDINGS.md	amphichiral	10	- **`c₂ = 0` — a theorem, not a fit.** The CP sign law `CS(1,−n) = −CS(1,n)` (B289, amphichirality) makes `CS` **odd** in
frontier/B339_cs_flow_subleading/FINDINGS.md	chern-simons	10	- **`c₂ = 0` — a theorem, not a fit.** The CP sign law `CS(1,−n) = −CS(1,n)` (B289, amphichirality) makes `CS` **odd** in
frontier/B339_cs_flow_subleading/FINDINGS.md	chern-simons	11	`n`: writing `CS = Σ aₖ/nᵏ`, oddness forces `aₖ(−1)ᵏ = −aₖ`, so **`aₖ = 0` for every even `k`** (`c₂ = c₄ = … = 0`).
frontier/B339_cs_flow_subleading/FINDINGS.md	amphichiral	22	SnapPy 3.3.2 CS of `m004(1,n)` (recorded 9-digit values + the live 135-point fit) + the amphichirality argument for
frontier/B339_cs_flow_subleading/FINDINGS.md	chern-simons	22	SnapPy 3.3.2 CS of `m004(1,n)` (recorded 9-digit values + the live 135-point fit) + the amphichirality argument for
frontier/B339_cs_flow_subleading/FINDINGS.md	chern-simons	26	`CS~−1/(2n)`), **B289** (the CP sign law `CS(1,−n)=−CS(1,n)`), **B290** (the core-length `1/n²` coeff `π/√3`, `|τ|²=12`),
frontier/B339_cs_flow_subleading/FINDINGS.md	chern-simons	27	**B302** (`|τ|²=12=h(E₆)`), **B336** (`√−15` not reached). Lit: Neumann–Zagier (Dehn-surgery asymptotics of CS/volume).
frontier/B340_cp_phase_along_flow/FINDINGS.md	amphichiral	1	# B340 / H108 — the CP phase along the flow: `±π/6` is extremal at the amphichiral point
frontier/B340_cp_phase_along_flow/FINDINGS.md	chern-simons	5	along the `(1,n)` filling flow, the CP phase (`arg κ`) tracks the chirality (`CS`, B338) as chirality turns on. We
frontier/B340_cp_phase_along_flow/FINDINGS.md	sl2c-lift	6	instrumented `κ` via SnapPy's holonomy (the `SL(2,ℂ)` rep of `π₁`) at each filling. This is **object-internal** — no
frontier/B340_cp_phase_along_flow/FINDINGS.md	amphichiral	10	- **Cusp (`n→∞`, amphichiral, `CS=0`):** `κ = √3·e^{iπ/6}` → `arg κ = π/6` (**extremal**), `|κ| = √3`.
frontier/B340_cp_phase_along_flow/FINDINGS.md	chern-simons	10	- **Cusp (`n→∞`, amphichiral, `CS=0`):** `κ = √3·e^{iπ/6}` → `arg κ = π/6` (**extremal**), `|κ| = √3`.
frontier/B340_cp_phase_along_flow/FINDINGS.md	chern-simons	11	- **Filling turns on chirality (`CS ≠ 0`):** `arg κ` **decreases** from `±π/6` (30° → 18.8° at `n=2`); `|κ|` **grows**
frontier/B340_cp_phase_along_flow/FINDINGS.md	chern-simons	17	**even** in `CS` (`arg κ` is a function of `CS²`) while `CS` is **odd** (`CS(1,−n) = −CS(1,n)`, B289), the CP-phase
frontier/B340_cp_phase_along_flow/FINDINGS.md	orientation	18	*magnitude* does not distinguish the CP **sign** at leading order — **the sign lives in the orientation** (external),
frontier/B340_cp_phase_along_flow/FINDINGS.md	amphichiral	20	but not "both turn on together": the CP phase is **extremal (`±π/6`) at the symmetric amphichiral cusp**, and chirality
frontier/B340_cp_phase_along_flow/FINDINGS.md	amphichiral	29	the CP sign external), **B338** (`CS ~ −1/(2n)`), **B289** (`CS(1,−n)=−CS(1,n)`), **B318** (amphichiral involution =
frontier/B340_cp_phase_along_flow/FINDINGS.md	chern-simons	29	the CP sign external), **B338** (`CS ~ −1/(2n)`), **B289** (`CS(1,−n)=−CS(1,n)`), **B318** (amphichiral involution =
frontier/B340_cp_phase_along_flow/FINDINGS.md	chern-simons	30	conjugation), **B339** (the CS sub-leading). Lit: Riley (the parabolic rep); Thurston (Dehn-surgery deformation of the
frontier/B347_e6_tangent_gradings/FINDINGS.md	sl2c-lift	11	`ρ₀ : π₁(4₁) → SL(2,ℂ)` is the geometric (discrete-faithful) holonomy of the figure-eight. Compose with the
frontier/B347_e6_tangent_gradings/FINDINGS.md	orientation	28	**2. Amphichirality acts uniformly.** The orientation-reversing involution `σ₋` (`a→ababAB, b→baBA`, verified
frontier/B347_e6_tangent_gradings/FINDINGS.md	orient-reversing	28	**2. Amphichirality acts uniformly.** The orientation-reversing involution `σ₋` (`a→ababAB, b→baBA`, verified
frontier/B347_e6_tangent_gradings/FINDINGS.md	amphichiral	28	**2. Amphichirality acts uniformly.** The orientation-reversing involution `σ₋` (`a→ababAB, b→baBA`, verified
frontier/B347_e6_tangent_gradings/FINDINGS.md	amphichiral	29	`ρ∘σ₋ = D ρ̄ D⁻¹`) acts on each 1-dim line as a **real structure `J² = +1`** — uniformly, no split. So amphichirality
frontier/B347_e6_tangent_gradings/FINDINGS.md	orientation	33	**3. The hyperelliptic involution grades onto the E₆→F₄ split.** The orientation-*preserving* involution
frontier/B347_e6_tangent_gradings/FINDINGS.md	amphichiral	66	amphichirality-as-form: K022, B318, B289. Supersedes the cross-session E₆-dictionary handoff (its E₆ Cartan spectrum
frontier/B348_bloch_class_galois/FINDINGS.md	orientation	24	- **(iv) The residual "choice" is the orientation — and the object's own symmetry kills it.**
frontier/B348_bloch_class_galois/FINDINGS.md	orientation	25	The sign of `β` is the orientation of the manifold. 4₁ is **amphichiral** with `CS = 0`
frontier/B348_bloch_class_galois/FINDINGS.md	amphichiral	25	The sign of `β` is the orientation of the manifold. 4₁ is **amphichiral** with `CS = 0`
frontier/B348_bloch_class_galois/FINDINGS.md	chern-simons	25	The sign of `β` is the orientation of the manifold. 4₁ is **amphichiral** with `CS = 0`
frontier/B348_bloch_class_galois/FINDINGS.md	orientation	27	orientation-reversing self-map realizing the Galois swap **geometrically** (B318). So the orbit
frontier/B348_bloch_class_galois/FINDINGS.md	orient-reversing	27	orientation-reversing self-map realizing the Galois swap **geometrically** (B318). So the orbit
frontier/B348_bloch_class_galois/FINDINGS.md	amphichiral	28	`{β, −β}` is not merely symmetrizable — it is **self-identified**: B318's "amphichirality is the
frontier/B348_bloch_class_galois/FINDINGS.md	chern-simons	40	already owns (Vol from P9, the quadratic from P12, `CS = 0`). Nothing to `CLAIMS.md`.
frontier/B348_bloch_class_galois/FINDINGS.md	amphichiral	45	Related: **B330** (mechanism), **B318** (amphichirality = the geometric firewall), **P9** (Vol,
frontier/B348_bloch_class_galois/FINDINGS.md	amphichiral	46	CS, amphichirality), **P12** (the Eisenstein factor), **B285** (the CP `ℤ/2` on `ℚ(√−3)`),
frontier/B348_bloch_class_galois/FINDINGS.md	chern-simons	46	CS, amphichirality), **P12** (the Eisenstein factor), **B285** (the CP `ℤ/2` on `ℚ(√−3)`),
frontier/B349_irregular_covers_galois/FINDINGS.md	amphichiral	24	commensurator; the same self-identification pattern as B348's amphichiral sign-kill; cf. B323's
frontier/B349_irregular_covers_galois/FINDINGS.md	orientation	28	`is_isometric_to()` is orientation-**blind** (REPRODUCIBILITY MB/B128). That is *sufficient
frontier/B349_irregular_covers_galois/FINDINGS.md	amphichiral	31	would need the amphichirality protocol.)
frontier/B349_irregular_covers_galois/FINDINGS.md	chern-simons	36	torsion, CS/`η` beyond `CS=0`, `SL(n≥3)` gluing invariants, extended-Bloch/`K₃` torsion).
frontier/B350_cyclic_cover_torsion_galois/FINDINGS.md	knot-in-s3	9	probe seals one of those: **Reidemeister/abelian torsion of the cyclic covers**.
frontier/B356_sigma_stability_scan/FINDINGS.md	sl2c-lift	31	So **every `SL(2,ℂ)`-factoring route (holonomy, quaternion units) forces a quaternionic, self-dual 2** — the
frontier/B357_e6_boundary_restriction/FINDINGS.md	orientation	28	matched to 12 digits; the sign is the orientation convention) — **uniformly in `m`** (cross-block deviation
frontier/B364_theta_polarization/FINDINGS.md	spin	1	# B364 — the two lifts are two polarizations: L57 becomes a spin-structure question
frontier/B364_theta_polarization/FINDINGS.md	spin	30	the puncture endows it with a canonical **odd spin structure** — exactly the half-characteristic. If the
frontier/B364_theta_polarization/FINDINGS.md	spin	39	Analytic identities (the two lattice-shift computations) + numerics at `1e-15`. The spin-structure selection
frontier/B366_invariant_spin_sector/FINDINGS.md	spin	99	is a dichotomy between the two polarization conventions at level 15, plus the spin-sector lemmas — a
frontier/B416_tw2_dynamics/FINDINGS.md	sl2c-lift	7	The trace-map flow T₁² on the SL(2,ℂ) character variety leads to a **golden-Anosov
frontier/B422_mirror_frame/FINDINGS.md	amphichiral	9	Mercedes plane in the shared W₂-label space (cos² = 0, exact). The ℤ/2 (the amphichiral
frontier/B425_geometric_torsion/FINDINGS.md	sl2c-lift	13	discrete faithful SL(2,ℂ) rep, whose entries carry ω (Eisenstein). The geometric torsion is a
frontier/B425_geometric_torsion/FINDINGS.md	knot-in-s3	49	Reidemeister torsion at the discrete-faithful κ=−2 root: τ₁=−3, ℚ(√−3), |τ|=3=|disc|) and **V31**
frontier/B425_geometric_torsion/FINDINGS.md	knot-in-s3	86	cornerstone face (Reid's arithmetic-knot field), not onto physics. **The wall holds.**
frontier/B425_geometric_torsion/FINDINGS.md	knot-in-s3	92	identity of Paper 2 is stronger: **the object carries two Reidemeister-type torsions, one per
frontier/B428_upstairs_spin_walls/FINDINGS.md	sl2c-lift	21	Under SL(2,ℂ)=Spin(3,1) the canonical bridge ρ = principal∘ρ_geo therefore gives matter **no
frontier/B428_upstairs_spin_walls/FINDINGS.md	sl2c-lift	36	ρ (→E₆) and ρ_geo (→SL(2,ℂ)) descend from the **same π₁(4₁)**. The honest, computable frontier:
frontier/B430_sl2_landscape/FINDINGS.md	spin	11	- **Root sl2 (A₁ class):** 27 h-eigenvalues {−1:6, 0:15, +1:6} ⟹ **27 = 6 spin-½ doublets ⊕ 15
frontier/B432_filling_chirality/FINDINGS.md	amphichiral	3	**Status: banked.** The amphichiral object (cusped CS = 0) becomes **chiral under every sampled
frontier/B432_filling_chirality/FINDINGS.md	chern-simons	3	**Status: banked.** The amphichiral object (cusped CS = 0) becomes **chiral under every sampled
frontier/B432_filling_chirality/FINDINGS.md	chern-simons	4	hyperbolic Dehn filling** (31/31 with generic CS ∉ {0,½}). The intrinsic chirality walls
frontier/B432_filling_chirality/FINDINGS.md	chern-simons	9	5-filling conductor law is the standing candidate)? Method: CS initialized on the cusped
frontier/B433_3d3d_calibration/FINDINGS.md	sl2c-lift	14	exactly the two SL(2)-lifts of the geometric PSL(2) component. Two fully independent routes
frontier/B434_slope_selection/FINDINGS.md	orientable	16	orientable hyperbolic 3-manifold, vol 0.98136883, **CS = ±0.07703818** (the mirror pair — the
frontier/B434_slope_selection/FINDINGS.md	chern-simons	16	orientable hyperbolic 3-manifold, vol 0.98136883, **CS = ±0.07703818** (the mirror pair — the
frontier/B434_slope_selection/FINDINGS.md	amphichiral	22	- The chirality mechanism is now complete AS MATHEMATICS: **forced source** (amphichirality
frontier/B434_slope_selection/FINDINGS.md	chern-simons	24	output** (Meyerhoff, CS unit ±0.0770).
frontier/B436_child_identity/FINDINGS.md	chern-simons	17	## CS (registered outcome: NOT identified — honest)
frontier/B436_child_identity/FINDINGS.md	chern-simons	19	CS(child) = 0.0770381802637702225443959018109… (HP). No small rational (best cheap candidate
frontier/B436_child_identity/FINDINGS.md	chern-simons	42	the exact zeta-volume identity (this bud), CS unit recorded. Next floors: the abelian torsion
frontier/B438_foreign_control/FINDINGS.md	knot-in-s3	3	> **CORRECTION (B855, 2026-08-02): the phrase "commensurability" applied to {4₁, 5₂} in this arc is WRONG, and it inverts in the dangerous direction.** By **Reid**, 4₁ is the **unique arithmetic knot complement** in S³, and commensurability
frontier/B439_sl2_vacuum_book/FINDINGS.md	sl2c-lift	1	# B439 — C3: the child's SL(2,C) vacuum book (the figure-eight core + slope control; foreign control next)
frontier/B439_sl2_vacuum_book/FINDINGS.md	sl2c-lift	9	## The child's SL(2,C) vacuum spectrum (exact)
frontier/B440_foreign_vacuum_control/FINDINGS.md	sl2c-lift	1	# B440 — C3 foreign control: the SL(2,C) vacuum spectra of K(5,1) — no figure-eight-unique feature
frontier/B440_foreign_vacuum_control/FINDINGS.md	knot-in-s3	3	> **CORRECTION (B855, 2026-08-02): the phrase "commensurability" applied to {4₁, 5₂} in this arc is WRONG, and it inverts in the dangerous direction.** By **Reid**, 4₁ is the **unique arithmetic knot complement** in S³, and commensurability
frontier/B440_foreign_vacuum_control/FINDINGS.md	sl2c-lift	21	## The complete spectra (irreducible SL(2,C) characters of the closed manifolds)
frontier/B441_child_wrt/FINDINGS.md	amphichiral	3	**Status: banked (C5). Tool validated (τ(S³)=1, amphichirality), field method validated
frontier/B441_child_wrt/FINDINGS.md	amphichiral	11	`wrt.py` was validated two ways before any result — τ_r(S³)=1 and amphichirality
frontier/B441_child_wrt/FINDINGS.md	amphichiral	48	The genuine validations are amphichirality (non-trivial, passes to 1e-43) and the Kashaev match
frontier/B442_child_e6_lift/FINDINGS.md	knot-in-s3	24	**Structural:** the full E₆ adjoint Reidemeister torsion of the closed child at each vacuum is a
frontier/B442_child_e6_lift/FINDINGS.md	knot-in-s3	33	Reidemeister torsions are the specialist residue: **NAMED here, not computed** in-sandbox (the
frontier/B443_child_atlas/FINDINGS.md	knot-in-s3	3	> **CORRECTION (B855, 2026-08-02): the phrase "commensurability" applied to {4₁, 5₂} in this arc is WRONG, and it inverts in the dangerous direction.** By **Reid**, 4₁ is the **unique arithmetic knot complement** in S³, and commensurability
frontier/B444_sl3_field_control/FINDINGS.md	sl2c-lift	42	group PSL(2,ℤ[ω])); `5₂ =` the cubic `ℚ[x]/(x³−x²+1)` (disc −23, **non-arithmetic**)
frontier/B444_sl3_field_control/FINDINGS.md	knot-in-s3	43	(Maclachlan–Reid, standard). They are **not commensurable**. So SL(3) is not "the rung that
frontier/B444_sl3_field_control/FINDINGS.md	amphichiral	61	fig-8 *itself*. Note the tension: `4₁` is **amphichiral**, yet its higher-rank arithmetic surfaces
frontier/B444_sl3_field_control/FINDINGS.md	amphichiral	62	the **chirality** field. This is coherent with B316's two-regime picture (amphichiral ladder
frontier/B445_e6_h1_control/FINDINGS.md	amphichiral	57	of dimension `rank(G)`, for any `G`, any one-cusped `M`). `5₂` — not amphichiral, not
frontier/B448_heartbeat_adjudication/FINDINGS.md	chern-simons	48	2. *"The CS Hessian at the principal E₆ point = the mass matrix; eigenvalues = mass ratios;
frontier/B448_heartbeat_adjudication/FINDINGS.md	chern-simons	53	3. *Kashaev "phase = finite-T CS"* — vacuous: `⟨4₁⟩_N = Σ|(q)_k|²` is a sum of non-negative
frontier/B448_heartbeat_adjudication/FINDINGS.md	double-cover	78	| 4 | monodromy-period-2 (double cover) | **ℚ(√−7)**: `x²−x+2`, disc −7 | **the CHIRALITY field (B147/B316/B444) — its THIRD independent appearance.** The orbit in closed form: `(−1, (1+√−7)/2, −1, (1−√−7)/2)` |
frontier/B448_heartbeat_adjudication/FINDINGS.md	double-cover	101	double-cover orbit arithmetic). The silver control confirms the labels are object-specific and
frontier/B449_forcing_boundary/FINDINGS.md	amphichiral	42	(the B316 amphichiral floor) ⇒ predicted seam level **∈ {39, 52}**, decided by computing
frontier/B453_ethogram_e1_reproduction/FINDINGS.md	knot-in-s3	49	Reconciliation (the GATE, textbook — Maclachlan–Reid): the geometric invariant trace field is
frontier/B456_ethogram_e4_catalog/FINDINGS.md	chern-simons	12	no homeostasis — the retired card), the component set (component-CS-zero; the Sym² factor-4),
frontier/B457_ethogram_ez_verdict/FINDINGS.md	amphichiral	18	it IS the same child; the component-cs-zero object-only — laundered via amphichirality + the
frontier/B457_ethogram_ez_verdict/FINDINGS.md	chern-simons	18	it IS the same child; the component-cs-zero object-only — laundered via amphichirality + the
frontier/B458_ethogram_e5_component_cs/FINDINGS.md	chern-simons	1	# B458 — Ethogram E5: the per-component CS test — the decisive number is ZERO, and the control shows why that's the finding
frontier/B458_ethogram_e5_component_cs/FINDINGS.md	chern-simons	6	component level; the 5₂ control shows nonzero per-component CS is GENERIC, making the fig-8's
frontier/B458_ethogram_e5_component_cs/FINDINGS.md	chern-simons	19	| component | field | complex volume (Vol + i·CS) |
frontier/B458_ethogram_e5_component_cs/FINDINGS.md	complex-volume	19	| component | field | complex volume (Vol + i·CS) |
frontier/B458_ethogram_e5_component_cs/FINDINGS.md	chern-simons	26	**The decisive number: ΔCS = CS(V₁) − CS(V₂) = 0 — and stronger, CS(V₁) = CS(V₂) = 0
frontier/B458_ethogram_e5_component_cs/FINDINGS.md	chern-simons	32	Sym² geometric pair: ±11.312488 = 4·Vol(5₂) exactly ✓ (gate), CS = ∓0.582. The non-geometric
frontier/B458_ethogram_e5_component_cs/FINDINGS.md	chern-simons	33	components: volumes ±6.3327, ±3.6176, ±3.1773, ±1.0343 and **nonzero CS throughout** (±0.4810,
frontier/B458_ethogram_e5_component_cs/FINDINGS.md	chern-simons	34	±0.6580, ±0.4033, +0.6208, ±0.4831, ∓0.6765, +0.4112, +0.6518, +0.8225). **Per-component CS ≠ 0
frontier/B458_ethogram_e5_component_cs/FINDINGS.md	chern-simons	40	- **Outcome (a) of the handoffs' own prereg fired**: "both components have CS = 0 individually…
frontier/B458_ethogram_e5_component_cs/FINDINGS.md	amphichiral	41	the amphichiral symmetry holds ALL the way down… beautiful, symmetric, and empty."
frontier/B458_ethogram_e5_component_cs/FINDINGS.md	amphichiral	42	- **The fig-8's zero LAUNDERS through two banked/known structures**: (i) total amphichirality
frontier/B458_ethogram_e5_component_cs/FINDINGS.md	chern-simons	43	(CS(4₁) = 0, banked) forces the geometric tower's CS; (ii) **the ℚ(√−7) components are
frontier/B458_ethogram_e5_component_cs/FINDINGS.md	chern-simons	45	anchor) — real-form reps are complex-volume-degenerate; zero volume and zero CS is their
frontier/B458_ethogram_e5_component_cs/FINDINGS.md	chern-simons	48	CS is identically zero — there is no asymmetry to Galois-decompose and no observable for a
frontier/B458_ethogram_e5_component_cs/FINDINGS.md	chern-simons	55	("what's IN the components") is now answered at the CS resolution: zeros, for known reasons.
frontier/B458_ethogram_e5_component_cs/FINDINGS.md	complex-volume	60	python3 component_cs.py     # m004 exact branches -> complex volumes
frontier/B458_ethogram_e5_component_cs/FINDINGS.md	complex-volume	61	python3 m015_numeric.py     # the 5₂ control (multi-start Newton -> complex volumes)
frontier/B459_klein_four_verification/FINDINGS.md	chern-simons	57	- **The enhanced-Probe-2 request** (Galois-decompose CS(V₁/V₂); ℤ/2³ = "C×P×T"): folded into
frontier/B460_relation_r1_child/FINDINGS.md	chern-simons	1	# B460 — Relation R1: the child's own dynamics — the spectrum table + the per-vacuum CS (the live cell, fired)
frontier/B460_relation_r1_child/FINDINGS.md	chern-simons	20	## Cell 2 — the per-vacuum CS (LIVE; the method and the numbers)
frontier/B460_relation_r1_child/FINDINGS.md	chern-simons	23	from the complete structure to each solution of the (p,1)-filling equation; CS = Re(I)/2π²
frontier/B460_relation_r1_child/FINDINGS.md	chern-simons	25	**GATES BOTH FIRED:** (5,1) geometric → CS = +0.0770380 = the banked ±0.07703818 (B434) with
frontier/B460_relation_r1_child/FINDINGS.md	chern-simons	26	voldrop 1.04851 = Vol(4₁) − Vol(child) exactly; **(7,1) independent validation → CS =
frontier/B460_relation_r1_child/FINDINGS.md	chern-simons	31	**The child's per-vacuum CS values (the new numbers):**
frontier/B460_relation_r1_child/FINDINGS.md	chern-simons	33	| vacuum (meridian trace t) | type | CS (mod 1) | voldrop check |
frontier/B460_relation_r1_child/FINDINGS.md	chern-simons	38	| t = −2 (reducible) | abelian branch | +0.3000000 — **flagged, not banked** (the endpoint does not satisfy the odd-filling condition on the abelian branch; needs the classical abelian-CS closed form as its own gate) |
frontier/B460_relation_r1_child/FINDINGS.md	chern-simons	42	dependent as expected**; the per-vacuum-CS register behaves like every other: real structure,
frontier/B460_relation_r1_child/FINDINGS.md	chern-simons	48	own papers computed CS of flat SU(2) connections on figure-eight surgeries — these exact values
frontier/B462_relation_r3_double/FINDINGS.md	orientation	14	bilinear B(φ) = Zᵀρ(φ)Z = the same-orientation double.
frontier/B462_relation_r3_double/FINDINGS.md	amphichiral	28	| ST = TS | exact equality | bilinear: transpose invariance of a scalar (ANY knot). Sesquilinear for 4₁: the Z-vector is REAL — which is amphichirality. **The realness is the object datum; the equality is forced given it.** |
frontier/B462_relation_r3_double/FINDINGS.md	amphichiral	54	not a finding**: the left vector Z(4₁) is real (amphichirality), so the conjugation acts
frontier/B462_relation_r3_double/FINDINGS.md	amphichiral	92	R3a′: the φ-scan's exact structures are forced (KM symmetry; transpose; amphichirality);
frontier/B464_relation_verdict/FINDINGS.md	chern-simons	11	| R1 (B460) | per-vacuum CS of the child's vacua | Kirk–Klassen multi-path method VALIDATED (0.0606170 = SnapPy); new SU(2) CS values banked (lit-gate pending); spectrum table class-forced as prereg'd |
frontier/B464_relation_verdict/FINDINGS.md	amphichiral	13	| R3 (B462) | φ-scan phases; 5₂ chirality payload | every exact structure forced (KM symmetry, transpose, amphichirality); the 5₂ H/B split = the piece's own chirality re-expressed; κ-diagonal = derived curve data (silver control) |
frontier/B464_relation_verdict/FINDINGS.md	orientation	19	seeded B467's wall results and the orientation-bit convergence), the gluing κ-diagonal,
frontier/B464_relation_verdict/FINDINGS.md	orientation	32	single output is the orientation bit's persistence through the wall (B467-F3, found by
frontier/B466_sigma_equivariant/FINDINGS.md	gieseking	8	σ-story is the Gieseking double-cover deck action. No H1.**
frontier/B466_sigma_equivariant/FINDINGS.md	double-cover	8	σ-story is the Gieseking double-cover deck action. No H1.**
frontier/B466_sigma_equivariant/FINDINGS.md	gieseking	22	## The genuinely live residual: σ itself — and it is the Gieseking deck symmetry
frontier/B466_sigma_equivariant/FINDINGS.md	orientation	24	σ (a→ab, b→a) has abelianization [[1,1],[1,0]], **det = −1**: orientation-reversing, with
frontier/B466_sigma_equivariant/FINDINGS.md	orient-reversing	24	σ (a→ab, b→a) has abelianization [[1,1],[1,0]], **det = −1**: orientation-reversing, with
frontier/B466_sigma_equivariant/FINDINGS.md	det-minus-1	24	σ (a→ab, b→a) has abelianization [[1,1],[1,0]], **det = −1**: orientation-reversing, with
frontier/B466_sigma_equivariant/FINDINGS.md	gieseking	25	σ² = the fig-8 monodromy [[2,1],[1,1]]. Its mapping torus is the **Gieseking manifold**,
frontier/B466_sigma_equivariant/FINDINGS.md	orientation	26	and the figure-eight complement is its orientation double cover (standard since Gieseking;
frontier/B466_sigma_equivariant/FINDINGS.md	gieseking	26	and the figure-eight complement is its orientation double cover (standard since Gieseking;
frontier/B466_sigma_equivariant/FINDINGS.md	double-cover	26	and the figure-eight complement is its orientation double cover (standard since Gieseking;
frontier/B466_sigma_equivariant/FINDINGS.md	gieseking	28	action of a 2-cover**, and σ-fixed characters = characters that descend to Gieseking.
frontier/B466_sigma_equivariant/FINDINGS.md	gieseking	41	SL(3) characters that extend to the Gieseking manifold; W₁/W₂ do NOT descend individually
frontier/B466_sigma_equivariant/FINDINGS.md	orientable	53	deck action of the non-orientable quotient realizes the Galois flip).
frontier/B466_sigma_equivariant/FINDINGS.md	chern-simons	75	not a fingerprint); CS = 0 per component (B458); Hessian = 0 (B352/B370/B455). A
frontier/B467_family_residue_wall/FINDINGS.md	orientation	5	one uncancelable bit exists and is the ORIENTATION character (derivable, and it is the
frontier/B467_family_residue_wall/FINDINGS.md	gieseking	6	Gieseking/B466 bit again); F3 = Chat-1's two-parents-one-child premise VERIFIED with a
frontier/B467_family_residue_wall/FINDINGS.md	orientation	7	twist — the merge is orientation-REVERSING, so the wall merges everything EXCEPT the
frontier/B467_family_residue_wall/FINDINGS.md	orient-reversing	7	twist — the merge is orientation-REVERSING, so the wall merges everything EXCEPT the
frontier/B467_family_residue_wall/FINDINGS.md	orientation	8	orientation bit. The three thoughts converge on the same ℤ/2. No H1.**
frontier/B467_family_residue_wall/FINDINGS.md	det-minus-1	41	| **σ = [[1,1],[1,0]] (the Gieseking half-monodromy, det −1)** | **−1** |
frontier/B467_family_residue_wall/FINDINGS.md	gieseking	41	| **σ = [[1,1],[1,0]] (the Gieseking half-monodromy, det −1)** | **−1** |
frontier/B467_family_residue_wall/FINDINGS.md	orientation	43	The entire orientation-preserving dynamics is even; **the single odd permutation is the
frontier/B467_family_residue_wall/FINDINGS.md	orientation	44	orientation-reversing half-monodromy**. The table is derivable — sign = the Jacobi
frontier/B467_family_residue_wall/FINDINGS.md	orient-reversing	44	orientation-reversing half-monodromy**. The table is derivable — sign = the Jacobi
frontier/B467_family_residue_wall/FINDINGS.md	orientation	47	**one bit, and that bit is the orientation character** — the same ℤ/2 as B466's Gieseking
frontier/B467_family_residue_wall/FINDINGS.md	gieseking	47	**one bit, and that bit is the orientation character** — the same ℤ/2 as B466's Gieseking
frontier/B467_family_residue_wall/FINDINGS.md	chern-simons	52	## F3 — the wall transfer function (`f3_wall.py`; banked anchor CS = ±0.07703818 PASS)
frontier/B467_family_residue_wall/FINDINGS.md	orientation	59	- **The merge is orientation-REVERSING**: CS(4₁(5,1)) = +0.0770382, CS(5₂(5,1)) =
frontier/B467_family_residue_wall/FINDINGS.md	orient-reversing	59	- **The merge is orientation-REVERSING**: CS(4₁(5,1)) = +0.0770382, CS(5₂(5,1)) =
frontier/B467_family_residue_wall/FINDINGS.md	chern-simons	59	- **The merge is orientation-REVERSING**: CS(4₁(5,1)) = +0.0770382, CS(5₂(5,1)) =
frontier/B467_family_residue_wall/FINDINGS.md	chern-simons	61	isometry + CS equality to 14 digits). The wall merges two different parents into one
frontier/B467_family_residue_wall/FINDINGS.md	orientation	62	child **up to orientation — the one bit it refuses to merge is F2's bit.**
frontier/B467_family_residue_wall/FINDINGS.md	chern-simons	68	vol(p) increases monotonically to the parent's (Neumann–Zagier, cited); CS separates the
frontier/B467_family_residue_wall/FINDINGS.md	chern-simons	69	parents everywhere EXCEPT the merge point; exceptional-slope CS values are rational
frontier/B467_family_residue_wall/FINDINGS.md	orientation	79	orientation bit** — the residue no cancellation removes (F2), exactly the datum the wall
frontier/B468_z3_adjudication/FINDINGS.md	det-minus-1	4	which claimed to refute Chat-2's det = −1 and reported a color–darkness interaction with an
frontier/B468_z3_adjudication/FINDINGS.md	det-minus-1	19	So, by multiplicativity: **the word family Par·W₁ʲ·W₂ˡ has det = −1 UNIFORMLY (Chat-2
frontier/B468_z3_adjudication/FINDINGS.md	orientation	66	uniform; the one nonuniform ℤ/2 in the system remains the orientation bit (B466/B467).
frontier/B468_z3_adjudication/FINDINGS.md	orientation	71	with a sign is the orientation bit itself; track 5 answered here: independent).
frontier/B469_breath_campaign/FINDINGS.md	orientation	4	(committed before computation). The campaign object: the RESIDUE (the orientation
frontier/B469_breath_campaign/FINDINGS.md	orientable	18	## BR2 — the family Gieseking theorem: every metallic bundle double-covers a non-orientable bundle
frontier/B469_breath_campaign/FINDINGS.md	gieseking	18	## BR2 — the family Gieseking theorem: every metallic bundle double-covers a non-orientable bundle
frontier/B469_breath_campaign/FINDINGS.md	double-cover	18	## BR2 — the family Gieseking theorem: every metallic bundle double-covers a non-orientable bundle
frontier/B469_breath_campaign/FINDINGS.md	orientation	22	orientation double cover of the non-orientable bundle with half-monodromy X_m — the
frontier/B469_breath_campaign/FINDINGS.md	orientable	22	orientation double cover of the non-orientable bundle with half-monodromy X_m — the
frontier/B469_breath_campaign/FINDINGS.md	double-cover	22	orientation double cover of the non-orientable bundle with half-monodromy X_m — the
frontier/B469_breath_campaign/FINDINGS.md	orientable	24	**SnapPy gate (m=1): PASS** — the smallest non-orientable cusped census manifold m000
frontier/B469_breath_campaign/FINDINGS.md	m000	24	**SnapPy gate (m=1): PASS** — the smallest non-orientable cusped census manifold m000
frontier/B469_breath_campaign/FINDINGS.md	orientation	25	(the Gieseking manifold, vol 1.0149416) has orientation cover isometric to the
frontier/B469_breath_campaign/FINDINGS.md	gieseking	25	(the Gieseking manifold, vol 1.0149416) has orientation cover isometric to the
frontier/B469_breath_campaign/FINDINGS.md	gieseking	26	figure-eight (volume ratio exactly 2). Lit-gate: Gieseking-type quotients of
frontier/B469_breath_campaign/FINDINGS.md	chern-simons	33	From the banked B467 census (certified isometries + CS):
frontier/B469_breath_campaign/FINDINGS.md	orientation	35	| collision | orientation behavior |
frontier/B469_breath_campaign/FINDINGS.md	chern-simons	37	| 4₁(−5,1) = 5₂(5,1); 4₁(1,2) = 5₂(−1,1) = 6₁(1,1) | **preserving** (CS equal) |
frontier/B469_breath_campaign/FINDINGS.md	chern-simons	38	| 4₁(5,1) ~ 5₂(5,1); 4₁(−1,2) ~ {5₂(−1,1), 6₁(1,1)}; 5₂(−1,2) ~ 6₁(−1,2) | **reversing** (CS signs flip) |
frontier/B469_breath_campaign/FINDINGS.md	amphichiral	40	The law-shaped exhibit (derivable from amphichirality): **whenever the amphichiral parent
frontier/B469_breath_campaign/FINDINGS.md	chern-simons	42	slopes supply the partner: CS(4₁(p,1)) = −CS(4₁(−p,1)) — the banked B289 sign law,
frontier/B469_breath_campaign/FINDINGS.md	orientation	44	in only one orientation class (5₂(−1,2) = mirror of 6₁(−1,2) with no preserving partner
frontier/B469_breath_campaign/FINDINGS.md	chern-simons	45	in-window). The child is chiral at every hyperbolic slope in the window (CS ≠ 0
frontier/B469_breath_campaign/FINDINGS.md	orientation	46	throughout) — the wall breaks the parent's orientation symmetry, and the residue reappears
frontier/B469_breath_campaign/FINDINGS.md	orientation	82	set**; complex conjugation is orientation-reversing, and Vol is odd under it ⇒
frontier/B469_breath_campaign/FINDINGS.md	orient-reversing	82	set**; complex conjugation is orientation-reversing, and Vol is odd under it ⇒
frontier/B469_breath_campaign/FINDINGS.md	chern-simons	83	**Vol(Vᵢ) = 0 derived exactly**; CS is odd mod 1 ⇒ **CS(Vᵢ) ∈ {0, ½} derived** — the
frontier/B469_breath_campaign/FINDINGS.md	chern-simons	86	(B466: V₁ ↔ V₂) adds the consistency relation CS(V₁) = −CS(V₂). So the year's
frontier/B469_breath_campaign/FINDINGS.md	orientation	100	BR2's orientation bit and the field norm of the scaling unit are literally the same −1.
frontier/B469_breath_campaign/FINDINGS.md	orientable	104	power. The orientable cover A_m = X_m² has det = N(λ_m²) = +1: **norm −1 lives on the
frontier/B469_breath_campaign/FINDINGS.md	gieseking	105	half — the Gieseking floor — and the cover pays for orientability with norm +1.**
frontier/B469_breath_campaign/FINDINGS.md	det-minus-1	112	identity closes a loop across three registers: **norm −1 of the scale ⟺ det −1 of the
frontier/B469_breath_campaign/FINDINGS.md	orientable	113	half-monodromy ⟺ the non-orientable quotient exists** — arithmetic, linear algebra, and
frontier/B469_breath_campaign/FINDINGS.md	orientation	121	# BR2 SnapPy gate: NonorientableCuspedCensus[0].orientation_cover() ≅ 4_1 (session log)
frontier/B469_breath_campaign/FINDINGS.md	orientable	121	# BR2 SnapPy gate: NonorientableCuspedCensus[0].orientation_cover() ≅ 4_1 (session log)
frontier/B469_breath_campaign/FINDINGS.md	orientation	149	non-geometric pair — characters fixed by the orientation-reversing half-twist — absent
frontier/B469_breath_campaign/FINDINGS.md	orient-reversing	149	non-geometric pair — characters fixed by the orientation-reversing half-twist — absent
frontier/B470_reflection_campaign/FINDINGS.md	chern-simons	10	M(w₂) = b++RL reproduces the figure-eight exactly (vol 2.0298832, CS = 0, H₁ = ℤ).
frontier/B470_reflection_campaign/FINDINGS.md	chern-simons	14	## RF1 — the two towers (n ≤ 10 letter / n ≤ 8 body; exact CS, H₁; word-criterion exact)
frontier/B470_reflection_campaign/FINDINGS.md	chern-simons	16	- **LETTER tower** (a→R, b→L): chiral from n = 3 onward (CS ≠ 0), torsions
frontier/B470_reflection_campaign/FINDINGS.md	chern-simons	21	- **BODY chain** (a→RL, b→RRLL): **mirror-breath at EVERY rung** (CS = 0 exactly,
frontier/B470_reflection_campaign/FINDINGS.md	chern-simons	27	CS = −0.0012159).
frontier/B470_reflection_campaign/FINDINGS.md	chern-simons	34	letter-tower's order wanders (60, 90, 180, 30, …). The classical (CS) and quantum (det)
frontier/B470_reflection_campaign/FINDINGS.md	chern-simons	62	limit + the CS-sequence law) queued. RFZ closes the campaign.
frontier/B470_reflection_campaign/FINDINGS.md	gieseking	66	python3 rf1_towers.py         # both tower tables + the Gieseking descent quick table
frontier/B470_reflection_campaign/FINDINGS.md	chern-simons	106	statement about the fibered face / suspension flow (Thurston–Fried, CITED, not computed). CS(wₙ) mod 1
frontier/B470_reflection_campaign/FINDINGS.md	chern-simons	109	default precision — the tower's systole/CS beyond n=4 needs verified/high-precision geometry, priced
frontier/B470_reflection_campaign/FINDINGS.md	chern-simons	121	- **RF5 (bounded):** the geometric limit's computable face is bounded (systole) / inconclusive (CS);
frontier/B471_chain_verification/FINDINGS.md	sl2c-lift	26	membership certification: L = S·T⁻¹·S⁻¹ in PSL(2,ℤ), so every BALANCED R/L word (equal
frontier/B471_chain_verification/FINDINGS.md	sl2c-lift	28	abelianization = the commutator subgroup. ⟨g₁,g₂⟩ = [PSL(2,ℤ), PSL(2,ℤ)] = Cohn's modular
frontier/B471_chain_verification/FINDINGS.md	det-minus-1	48	breathing words (det −1) carry the metallic form v²+4; silent words (det +1) the cover
frontier/B471_chain_verification/FINDINGS.md	amphichiral	63	CS = 0 — the aba body is AMPHICHIRAL** (the reverse+swap criterion fixes RLRRLLRL
frontier/B471_chain_verification/FINDINGS.md	chern-simons	63	CS = 0 — the aba body is AMPHICHIRAL** (the reverse+swap criterion fixes RLRRLLRL
frontier/B471_chain_verification/FINDINGS.md	chern-simons	81	# aba body: snappy b++RLRRLLRL (session log; vol/CS/H1 as above)
frontier/B471_chain_verification/FINDINGS.md	amphichiral	88	chain-rung amphichirality data stands; the general metallic-word claim is retracted).
frontier/B471_chain_verification/FINDINGS.md	det-minus-1	91	with (A₁³−I)/4 integral of det −1 = X₁³ (verified); (ii) at the CLASS level, when
frontier/B471_chain_verification/FINDINGS.md	det-minus-1	93	X′ = [[3,5],[2,3]] (det −1, tr 6; ℤ[√10], class number 2) gives B′ = [[19,30],[12,19]]
frontier/B479_held_breath_torsion/FINDINGS.md	sl2c-lift	128	The mapping-class reading: σ_m acting on the relative SL(2,ℂ) character variety of the
frontier/B481_det_zeta5_kill/FINDINGS.md	spin	34	EIGENVALUE, not the determinant:** at k=3 the spin-1 anyon (a=2) has h₂ = 2/5, so its
frontier/B482_seat2_twisted_markov_intake/FINDINGS.md	det-minus-1	9	- **A2 Two-Teeth (headline).** The twisted (det −1) Markov spectrum ∩ (0,3) = {√5, 2√2} =
frontier/B482_seat2_twisted_markov_intake/FINDINGS.md	orientable	17	geodesics; non-orientable spectrum lit) before any priority claim.**
frontier/B482_seat2_twisted_markov_intake/FINDINGS.md	det-minus-1	21	det −1 letters (X_m, gap = m−n) as one mechanism. Value to P4: Lemma 2.2 becomes a
frontier/B482_seat2_twisted_markov_intake/FINDINGS.md	orientable	33	phantoms). Per seat-2's own Part E: these belong to a **standalone non-orientable Markoff
frontier/B483_fibonacci_anyon_face/FINDINGS.md	chern-simons	56	## Addendum — the real gift: the Weil ↔ Chern-Simons TORSION WALL (banked as insight)
frontier/B483_fibonacci_anyon_face/FINDINGS.md	chern-simons	64	- **Chern-Simons / TQFT side (SU(2)_3):** the conformal weights h_a = a(a+2)/20 and twists
frontier/B483_fibonacci_anyon_face/FINDINGS.md	spin	75	SU(2), SU(3), SU(4) — an algebraic identity about spin-j reps, not a gauge signal. And the
frontier/B485_metallic_apoly_family/FINDINGS.md	sl2c-lift	5	CLOSES the Alexander (abelian) half exactly and anchors the SL(2,ℂ) genus; the full-m A-poly
frontier/B485_metallic_apoly_family/FINDINGS.md	sl2c-lift	20	## ANCHORED — the SL(2,ℂ) A-polynomial genus (m=1)
frontier/B485_metallic_apoly_family/FINDINGS.md	sl2c-lift	26	## CONTINUING — the full SL(2,ℂ) A-polynomial for m ≥ 2 (the genuinely open edge)
frontier/B485_metallic_apoly_family/FINDINGS.md	sl2c-lift	27	snappy has no direct A-polynomial for m136/s464; the SL(2,ℂ) A-polynomial requires the
frontier/B485_metallic_apoly_family/FINDINGS.md	sl2c-lift	28	character-variety elimination (symbolic SL(2,ℂ) rep of π₁(bundle) + peripheral holonomy +
frontier/B485_metallic_apoly_family/FINDINGS.md	amphichiral	41	amphichiral symmetry).
frontier/B485_metallic_apoly_family/FINDINGS.md	sl2c-lift	42	3. **Genus anchor**: figure-eight (m=1) SL(2,ℂ) A-polynomial curve has geometric genus 3 (sage).
frontier/B485_metallic_apoly_family/FINDINGS.md	sl2c-lift	45	The full SL(2,ℂ) A-polynomial for m ≥ 2 via direct symbolic elimination is an 11-variable
frontier/B485_metallic_apoly_family/FINDINGS.md	sl2c-lift	55	and its geometry characterized (rectangular cusps, genus-3 anchor); the SL(2,ℂ) genus family
frontier/B487_dgg_su3_verdict/FINDINGS.md	chern-simons	12	- **T[S³\4₁] is a U(1) gauge theory** with two chirals of charge +1, no CS coupling. TRUE.
frontier/B487_dgg_su3_verdict/FINDINGS.md	knot-in-s3	60	KNOT complement. The higher metallic members (m≥2) are bundles, generally not knot complements.
frontier/B488_dgg_family/FINDINGS.md	chern-simons	11	**T[A_m] = U(1)^{2m−1}** (gauge rank = N − c = 2m − 1),  with matter/CS from the NZ matrix,
frontier/B489_self_interaction_tower/FINDINGS.md	double-cover	25	figure-eight's own knot determinant, surfacing in its double cover.
frontier/B489_self_interaction_tower/FINDINGS.md	knot-in-s3	36	knots** (m206 is not a knot complement), so Gang–Yonekura's twist-knot SU(3) theorem does not apply.
frontier/B490_the_no_go/FINDINGS.md	sl2c-lift	12	quantization at a level N; (iii) the SL(2,ℂ) character variety / trace-map dynamics of the one-holed
frontier/B490_the_no_go/FINDINGS.md	knot-in-s3	64	- **Class-laundering** (P2; Neumann–Reid commensurability invariance). Relational/surgery invariants of
frontier/B491_novelty_assessment/FINDINGS.md	sl2c-lift	19	Claim: on the one-holed-torus SL(2,ℂ) character variety, the finite-order mapping class σ_m (a↔b)
frontier/B496_tm_endomorphism/FINDINGS.md	det-minus-1	51	records and survives its own reflection (det −1: distinction survives). The singular monoid (TM) **destroys
frontier/B498_mixed_monoid_dynamics/FINDINGS.md	sl2c-lift	81	**matrix-level**: Fricke lift → the word as a substitution on SL(2,ℂ) matrices → trace residuals 0.0
frontier/B500_child_hunt/FINDINGS.md	spin	37	pin 115 analyzed / 35 unchecked).
frontier/B510_convening_resolution/FINDINGS.md	double-cover	5	- **THE MECHANISM, verified in corrected form:** the genus-1 double cover **d²=(c²−1)(c²−5)** — the
frontier/B510_convening_resolution/FINDINGS.md	double-cover	12	(scanned). The correct statement: **40a3 = Jac(the branch double-cover), 2-isogenous to 40a1**
frontier/B517_bootstrap_forcing/FINDINGS.md	det-minus-1	133	it: **the absence of a canonical metric is exactly the object's chirality** (the same det=−1 asymmetry
frontier/B521_audit_integration/FINDINGS.md	chern-simons	22	| B496_cs_eta_galois | Gate A / CS,η | §Gate A |
frontier/B521_audit_integration/FINDINGS.md	amphichiral	39	- **CS/η (B496):** amphichirality forces the 2-torsion values **{0,¼}**; the ± pairs sum to 0 (the member =
frontier/B521_audit_integration/FINDINGS.md	chern-simons	39	- **CS/η (B496):** amphichirality forces the 2-torsion values **{0,¼}**; the ± pairs sum to 0 (the member =
frontier/B521_audit_integration/FINDINGS.md	orientation	40	external orientation); mirror law 31/31. *Provenance:* the {0,¼} 2-torsion structure is the arithmetic
frontier/B521_audit_integration/FINDINGS.md	amphichiral	41	consequence of amphichirality (CS ↦ −CS); the 31/31 mirror table is on the audit's machine-checked run
frontier/B521_audit_integration/FINDINGS.md	chern-simons	41	consequence of amphichirality (CS ↦ −CS); the 31/31 mirror table is on the audit's machine-checked run
frontier/B521_audit_integration/FINDINGS.md	amphichiral	42	(`b495/b496 probe.py` + json), headline structure consistent with the amphichiral-forcing argument.
frontier/B521_audit_integration/FINDINGS.md	amphichiral	52	**Net Gate A:** SEALED — the invariants meet at the seam (disc −15), the amphichiral 2-torsion is {0,¼},
frontier/B521_audit_integration/FINDINGS.md	amphichiral	56	- **Theorem (audit B501):** the manifold's amphichiral involution **is θ on the tangent, canonically** —
frontier/B521_audit_integration/FINDINGS.md	amphichiral	58	ℤ/2 diagram automorphism (the E₆→F₄ folding); the theorem identifies the geometric amphichiral involution
frontier/B521_audit_integration/FINDINGS.md	spin	106	| R2 (4,7) blind prediction hit | **independently verified** (JSON timestamps 00:09:30 < 00:14:10, sha256 pin, 0 mismatches) |
frontier/B521_audit_integration/FINDINGS.md	chern-simons	107	| CS/η {0,¼}; extended-Bloch c²−c+1; SL(3) τ_V0=−84; DG data | cited on the audit's machine-checked run (heavy tooling); headline structure consistent with trunk |
frontier/B523_verdict_reexamination/FINDINGS.md	det-minus-1	63	F₂*F₂ = F₄**, claiming its substitution `φ: a→abAB, b→aA, A→abaAB, B→aA` is an automorphism (det = −1) whose
frontier/B523_verdict_reexamination/FINDINGS.md	sl2c-lift	66	- **SOUND:** the *direct-product obstruction* is real — every 2-dim SL(2,ℂ) irrep of F₂×F₂ tensor-factors
frontier/B523_verdict_reexamination/FINDINGS.md	det-minus-1	91	- **φ ∈ Aut(F₄) — VERIFIED (independently, 2026-07-12).** Not via the abelianization (det = −1 is necessary,
frontier/B523_verdict_reexamination/FINDINGS.md	amphichiral	131	## Addendum (chat-1 Session-4 Door 2, verified 2026-07-13): the amphichiral mapping-torus argument
frontier/B523_verdict_reexamination/FINDINGS.md	amphichiral	133	chat-1 re-approached the (3,1) question via the amphichiral mapping torus
frontier/B523_verdict_reexamination/FINDINGS.md	amphichiral	137	`tests/test_b523.py::test_amphichiral_involution`):
frontier/B523_verdict_reexamination/FINDINGS.md	amphichiral	144	- **The amphichirality is real; the correct matrix is C = [[1,0],[−1,−1]]**
frontier/B523_verdict_reexamination/FINDINGS.md	orientation	145	(det = −1, orientation-reversing): C·A₁·C⁻¹ = A₁⁻¹ exactly. A₁ ~ A₁⁻¹ (same
frontier/B523_verdict_reexamination/FINDINGS.md	orient-reversing	145	(det = −1, orientation-reversing): C·A₁·C⁻¹ = A₁⁻¹ exactly. A₁ ~ A₁⁻¹ (same
frontier/B523_verdict_reexamination/FINDINGS.md	det-minus-1	145	(det = −1, orientation-reversing): C·A₁·C⁻¹ = A₁⁻¹ exactly. A₁ ~ A₁⁻¹ (same
frontier/B523_verdict_reexamination/FINDINGS.md	amphichiral	146	char poly, tr 3 det 1) — the figure-eight's amphichirality holds independent
frontier/B523_verdict_reexamination/FINDINGS.md	amphichiral	159	A cross-seat computation of Ad(C) on sl(2,ℝ), with the correct amphichiral matrix
frontier/B523_verdict_reexamination/FINDINGS.md	amphichiral	161	Independently reproduced (`tests/test_b523.py::test_amphichiral_signature_split`):
frontier/B523_verdict_reexamination/FINDINGS.md	det-minus-1	167	[[2,4],[4,0]], det = −16 < 0, eigenvalues 1±√17 (one +, one −) = **signature
frontier/B523_verdict_reexamination/FINDINGS.md	amphichiral	170	- **Consequence (the honest sharpening).** The amphichiral involution does NOT
frontier/B523_verdict_reexamination/FINDINGS.md	amphichiral	172	S¹ realizes, the mapping torus signature can be **(3,1) OR (2,2)**. Amphichirality
frontier/B524_iwip_and_higher_ptolemy/FINDINGS.md	chern-simons	71	gluing data = abelian CS-matter) and *cited* for all K (Dimofte–Gabella–Goncharov, arXiv:1301.0192,
frontier/B526_crossing_package/FINDINGS.md	det-minus-1	18	det −1, Perron r = (φ,1,φ√φ,√φ), β = φ(1+√φ)):
frontier/B528_dgg_gauge_resolved/FINDINGS.md	chern-simons	16	**Abelian, computed.** Integer NZ data is the signature of an *abelian* CS-matter theory.
frontier/B528_dgg_gauge_resolved/FINDINGS.md	chern-simons	43	Chern–Simons — again the structure-group/CS side, not the T[M] gauge group.
frontier/B528_dgg_gauge_resolved/FINDINGS.md	chern-simons	48	| generic 3d gauge group of T_N[4₁] is abelian at all K | **TRUE** (computed SL(2); cited DGGon "abelian CS-matter" all K) |
frontier/B530_natural_history/FINDINGS.md	orientation	3	**A reorientation (owner, 2026-07-12).** We spent the recent arc forcing the object toward physics —
frontier/B530_natural_history/FINDINGS.md	orientation	35	## The one broken symmetry (the seed of its orientation)
frontier/B530_natural_history/FINDINGS.md	orientation	40	plausibly, where the program's recurring **ℤ/2 residue / orientation** ([[breath-campaign-standing-directive]],
frontier/B530_natural_history/FINDINGS.md	orientation	51	- **the single self-loop A→A** as the origin of orientation: does the ℤ/2 residue, the two ends, the seam
frontier/B530_natural_history/FINDINGS.md	orientation	76	**Reading (firewalled).** This is the program's **ℤ/2 orientation residue at its most primitive**: not imposed
frontier/B530_natural_history/FINDINGS.md	orientation	79	an orientation grafted on; its growth *is* symmetric-part + symplectic-part, and the symplectic part is where
frontier/B530_natural_history/FINDINGS.md	orientation	136	> interaction. The object's one silence is on its own orientation axis. **[MATH, rigorous]**
frontier/B530_natural_history/FINDINGS.md	orientation	142	- its **growth is a mirror plus that symplectic form** (Movement II) — its orientation is not imposed but the
frontier/B530_natural_history/FINDINGS.md	orientation	149	Growth, orientation, pulse, silence — four faces of one object, and each turns on the same golden-and-symplectic
frontier/B530_natural_history/FINDINGS.md	orientation	158	form. The symplectic D is therefore a **static orientation**; the dynamics M flows on it **dissipatively** —
frontier/B530_natural_history/FINDINGS.md	orientation	159	precisely the B517 Stein / arrow-of-time picture (q(Mx) = q(x) − |x|²). *Orientation is still; growth
frontier/B530_natural_history/FINDINGS.md	orientation	168	*unequally*, and that inequality is the whole orientation. **[MATH, rigorous]**
frontier/B530_natural_history/FINDINGS.md	orientation	171	spine — orientation = copy-exchange-break = the F/F² asymmetry = a static symplectic form under dissipative
frontier/B530_natural_history/FINDINGS.md	orientation	188	not its direction, that matters. So the **single F/F² asymmetry is the source of BOTH the object's orientation
frontier/B530_natural_history/FINDINGS.md	orientation	203	orientation, the self-recognizing pulse, the one unspoken interaction, and the breath. One golden object, one
frontier/B530_natural_history/FINDINGS.md	orientation	210	orientation mirror s∘reversal — at length 4/6/8, **every** factor lacks its orientation-mirror (13/13, 20/20,
frontier/B530_natural_history/FINDINGS.md	orientation	289	A full cross-seat package arrived (the "reorientation" handoff, 2026-07-12) synthesising both currents. Most of
frontier/B530_natural_history/FINDINGS.md	orientation	341	- **λ = −0.4401** — the fourth mode, a real **orientation-flip + contraction**.
frontier/B530_natural_history/FINDINGS.md	orientation	655	the specific copy-inequality that generates both the orientation and the breath.
frontier/B530_natural_history/FINDINGS.md	orientation	676	source of both orientation and breath).
frontier/B530_natural_history/FINDINGS.md	sl2c-lift	709	unity ω = e^{2πi/3} = (−1+√−3)/2. This comes from SL(2,ℂ) representation theory, NOT from the substitution's
frontier/B532_last_echo/FINDINGS.md	sl2c-lift	56	(the residual SL(2,C) gauge after fixing T diagonal), geometric dim = 2 real
frontier/B532_last_echo/FINDINGS.md	sl2c-lift	71	random full SL(2,C), conjugation-varied). The golden traces tr(a)=1, tr(b)=1/φ, κ=1
frontier/B532_last_echo/FINDINGS.md	det-minus-1	218	| GL(4,Z) conjugacy between M_orig and M_pair | **CONFIRMED** ✓ (handoff's P was wrong; correct P=[[0,1,1,-1],[1,-1,1,-1],[0,1,0,1],[1,0,0,1]], det=-1) |
frontier/B532_last_echo/FINDINGS.md	det-minus-1	232	charpoly + explicit P with det = -1). The "deep identity" claim is UNVERIFIED — it
frontier/B533_coupling_invariance/FINDINGS.md	det-minus-1	81	P₅ = [[1,0,0,0],[0,0,1,0],[2,1,−1,−1],[−1,0,1,1]]   (det −1)
frontier/B533_coupling_invariance/FINDINGS.md	orientation	179	det(M) = −1                 (orientation-reversing)
frontier/B533_coupling_invariance/FINDINGS.md	orient-reversing	179	det(M) = −1                 (orientation-reversing)
frontier/B533_coupling_invariance/FINDINGS.md	orientation	323	(d) The orientation (det = −1) → parity/chirality
frontier/B533_coupling_invariance/FINDINGS.md	det-minus-1	323	(d) The orientation (det = −1) → parity/chirality
frontier/B533_coupling_invariance/FINDINGS.md	det-minus-1	335	β·|λ₂| = φ, modulus identity, det = −1, sin θ = 1/φ,
frontier/B533_coupling_invariance/FINDINGS.md	spin	378	## h=1 PROVED end-to-end + convention pin (chat-2 floor, verified 2026-07-12)
frontier/B533_coupling_invariance/FINDINGS.md	spin	385	⟹ NO ideal of norm 2 ⟹ only (1) within the bound ⟹ **h=1**. **Convention pin:**
frontier/B533_coupling_invariance/FINDINGS.md	orientation	387	rows=letters), NOT its transpose — do not "fix" the orientation.
frontier/B534_dark_hyperbola/FINDINGS.md	orientation	46	anywhere in the derivation. (The sign of ±4 is the orientation convention
frontier/B538_reframe_test_cycle/FINDINGS.md	amphichiral	34	The object's banked mirror law (amphichiral; CS 2-torsion {0, ¼}; ± pairs
frontier/B538_reframe_test_cycle/FINDINGS.md	chern-simons	34	The object's banked mirror law (amphichiral; CS 2-torsion {0, ¼}; ± pairs
frontier/B559_blackhole_probes/FINDINGS.md	amphichiral	52	**Figure-eight facts.** Vol = 2.0298832128, **CS = 0** (amphichiral ⇒ the
frontier/B559_blackhole_probes/FINDINGS.md	chern-simons	52	**Figure-eight facts.** Vol = 2.0298832128, **CS = 0** (amphichiral ⇒ the
frontier/B559_blackhole_probes/FINDINGS.md	chern-simons	53	gravitational action Vol + i·CS is **REAL**, no framing phase). Its closed
frontier/B559_blackhole_probes/FINDINGS.md	sl2c-lift	55	in ℚ(√−3)** (Bianchi PSL(2,O₃)):
frontier/B559_blackhole_probes/FINDINGS.md	chern-simons	68	action 2.0298832, CS=0. It is **not one black hole** — it is a complete
frontier/B559_blackhole_probes/FINDINGS.md	amphichiral	80	CS = 0 for the figure-eight **is** its amphichirality — the SAME amphichirality
frontier/B559_blackhole_probes/FINDINGS.md	chern-simons	80	CS = 0 for the figure-eight **is** its amphichirality — the SAME amphichirality
frontier/B559_blackhole_probes/FINDINGS.md	chern-simons	81	chat-1 invoked for Door 2 (mapping-torus involution) and the SAME CS = 0 that
frontier/B559_blackhole_probes/FINDINGS.md	amphichiral	82	kills dark energy (no scale/θ, L15). Amphichiral ⇒ real action ⇒ no gravitational
frontier/B561_l50_crux/FINDINGS.md	amphichiral	13	E₆ exponents {1,4,5,7,8,11}; the amphichiral θ-grading (−1)^{m+1} (B353, the
frontier/B561_l50_crux/FINDINGS.md	amphichiral	124	automatically, not a codim-2 cut). **The E₆→F₄ split is the amphichiral symmetry θ
frontier/B567_hamiltonian_handoff/FINDINGS.md	double-cover	13	SL(2,ℤ/15) — or of its metaplectic double cover (order ≤ 40) — ρ(A₁)'s projective order
frontier/B569_complete_chain/FINDINGS.md	chern-simons	23	| 4 | compactness from E₆ CS quantization at level 1 | **CORRECTED + RE-PLACED** (below) |
frontier/B569_complete_chain/FINDINGS.md	knot-in-s3	59	A₁ (a Sol manifold — the fiber Dehn-filling of the knot complement), not of M₃
frontier/B569_complete_chain/FINDINGS.md	knot-in-s3	60	itself. The knot complement (a *punctured*-torus bundle) needs the
frontier/B569_complete_chain/FINDINGS.md	chern-simons	98	1. **CS computation** — done exactly; data corrected (above). Z = +1, not −1.
frontier/B572_eleven_clauses/FINDINGS.md	orientation	58	(forced)."** σ is real and free (it is the B469 orientation residue), but it buys
frontier/B572_eleven_clauses/FINDINGS.md	amphichiral	65	unbranched, is amphichiral). B470's chiral limbs are the LETTER tower.
frontier/B574_offprincipal/FINDINGS.md	sl2c-lift	32	refinement"; it is: **every SL(2,ℂ) representation is self-dual.** Any composition
frontier/B574_offprincipal/FINDINGS.md	sl2c-lift	50	Zariski closure has **rank ≥ 2** — one that does not factor through any SL(2,ℂ)
frontier/B579_session_handoff/FINDINGS.md	det-minus-1	13	- **T(F) (the rung-1 escalator, their "doubled object"): det = −1 ✓ (GL(4,ℤ)),
frontier/B579_session_handoff/FINDINGS.md	chern-simons	70	- **The dynamics proposal** (CS functional; Hessian = masses; cubic = Yukawas):
frontier/B579_session_handoff/FINDINGS.md	knot-in-s3	71	registered as **L72** with the MB13 sweep attached: Reidemeister torsion is a
frontier/B582_chiral_play/FINDINGS.md	amphichiral	10	> its own amphichiral map, with a θ-odd dial twist (slot 4 or 8) — is a coupled system
frontier/B582_chiral_play/FINDINGS.md	amphichiral	34	the coupling is FORCED (the amphichiral gluing is canonical; the dial is the
frontier/B583_chiral_content/FINDINGS.md	chern-simons	27	real growth rate and CS is the phase**; with CS = 0 the phase is trivial and
frontier/B583_chiral_content/FINDINGS.md	chern-simons	64	X2 as first computed inverted the Vol/CS roles (verifier catch, above). The
frontier/B583_chiral_content/FINDINGS.md	chern-simons	65	recompute (`x2r_recompute.py`, locks `tests/test_b583_x2r.py`): CS(4₁) = 0
frontier/B585_listener_law/FINDINGS.md	sl2c-lift	14	> SL(2,ℤ) lift −M of the object's PSL(2,ℤ) monodromy** — the (−A₁)-bundle,
frontier/B586_round3_handoff/FINDINGS.md	chern-simons	52	hyperbolic volume, no trace field, no hyperbolic CS. ℚ(√−15) does not arise
frontier/B586_round3_handoff/FINDINGS.md	chern-simons	57	**The "CS = cosmological constant of the chord" hook dies at the geometry
frontier/B586_round3_handoff/FINDINGS.md	orientation	65	in B279) and dual color = knot-orientation reversal (Reshetikhin–Turaev
frontier/B591_chord_manifold/FINDINGS.md	double-cover	31	Alexander determinant, and the branched double cover's homology are one 5.
frontier/B591_chord_manifold/FINDINGS.md	double-cover	33	## M3 — the branched double cover IS a mirror-pairing manifold: L(5,2)
frontier/B591_chord_manifold/FINDINGS.md	double-cover	36	verified in-sandbox: SnapPy's cyclic double cover of the complement, filled
frontier/B591_chord_manifold/FINDINGS.md	chern-simons	52	hyperbolic — the census-name/volume/CS/trace-field questions have no
frontier/B591_chord_manifold/FINDINGS.md	double-cover	63	the order of the branched double cover's torsion, and the Alexander
frontier/B592_mirror_listener/FINDINGS.md	amphichiral	52	the root (non-real — the amphichirality contrast at the state level); the
frontier/B592_mirror_listener/FINDINGS.md	amphichiral	55	the deafness is invertibility-universal, not an amphichirality artifact.
frontier/B593_round4_hearing/FINDINGS.md	amphichiral	80	- **V3 (semantic self-consistency):** 8₁₇ is negative-amphichiral (mirror =
frontier/B595_dictionary/FINDINGS.md	orientation	34	orientation alone, is what hears.
frontier/B598_l85_campaign/FINDINGS.md	spin	52	(the H¹ model for P1), B67 (the longitude convention to pin in P1).
frontier/B598_l85_campaign/FINDINGS.md	orientation	319	m=8 ↔ u₆ by Im-sign orientation under the frozen embedding. Three blind
frontier/B605_door2_involution/FINDINGS.md	amphichiral	1	# B605 — Door 2 settled: the amphichiral involutions are FREE (Gieseking
frontier/B605_door2_involution/FINDINGS.md	gieseking	1	# B605 — Door 2 settled: the amphichiral involutions are FREE (Gieseking
frontier/B605_door2_involution/FINDINGS.md	amphichiral	13	tetrahedra), |Isom(M)| = 8 = D₄, amphichirality.
frontier/B605_door2_involution/FINDINGS.md	orientation	24	From the step-1 certified rep over ℚ(√−3): the four orientation-reversing
frontier/B605_door2_involution/FINDINGS.md	orient-reversing	24	From the step-1 certified rep over ℚ(√−3): the four orientation-reversing
frontier/B605_door2_involution/FINDINGS.md	orientation	32	coset structure (two order-2 + two order-4 orientation-reversing).
frontier/B605_door2_involution/FINDINGS.md	orient-reversing	32	coset structure (two order-2 + two order-4 orientation-reversing).
frontier/B605_door2_involution/FINDINGS.md	gieseking	37	- **THE COMPUTED IDENTIFICATION closes it:** m000 (the Gieseking
frontier/B605_door2_involution/FINDINGS.md	m000	37	- **THE COMPUTED IDENTIFICATION closes it:** m000 (the Gieseking
frontier/B605_door2_involution/FINDINGS.md	orientable	38	manifold) is non-orientable, one ideal regular tetrahedron, volume =
frontier/B605_door2_involution/FINDINGS.md	orientation	40	computed). The free orientation-reversing involution is the Gieseking
frontier/B605_door2_involution/FINDINGS.md	orient-reversing	40	computed). The free orientation-reversing involution is the Gieseking
frontier/B605_door2_involution/FINDINGS.md	gieseking	40	computed). The free orientation-reversing involution is the Gieseking
frontier/B605_door2_involution/FINDINGS.md	gieseking	42	double of Gieseking's one. The free answer is therefore exact, not
frontier/B605_door2_involution/FINDINGS.md	gieseking	49	> mapping torus; the fiber quotient M/τ is the Gieseking-type
frontier/B605_door2_involution/FINDINGS.md	orientable	50	> non-orientable hyperbolic manifold), NOT an orbifold. The handoff's
frontier/B610_m136_weld/FINDINGS.md	amphichiral	21	mirror pairing and the fig-8 is amphichiral while m136 (R²L) is
frontier/B610_m136_weld/FINDINGS.md	amphichiral	23	hearing spectrum ⟺ amphichirality of the object** [EXPLORATORY —
frontier/B611_two_laws/FINDINGS.md	amphichiral	6	~30 s). Third/fourth objects via the banked B134 amphichirality theorem:
frontier/B611_two_laws/FINDINGS.md	amphichiral	7	RRLL (blocks (2,2), cyclic palindrome ⇒ AMPHICHIRAL, the silver metallic
frontier/B611_two_laws/FINDINGS.md	amphichiral	10	## P1 (amphichirality ⟺ conjugation-closure): FAIL as sealed — on a degenerate edge
frontier/B611_two_laws/FINDINGS.md	amphichiral	12	RL and RRLL (both amphichiral): closed at ALL 15 scanned levels. RRL
frontier/B611_two_laws/FINDINGS.md	amphichiral	18	future prereg with a fifth object): amphichiral ⟺ closed at every level
frontier/B611_two_laws/FINDINGS.md	amphichiral	43	- The amphichirality signature lives in the spectrum's PAIRING (P1's
frontier/B612_pairing_chirality/FINDINGS.md	amphichiral	8	RRRLLL amphichiral; RRL, RRRL, RRLLL chiral — all seven verified against
frontier/B612_pairing_chirality/FINDINGS.md	amphichiral	20	> **Amphichiral ⇒ conjugation-closed at EVERY scanned level (4 objects ×
frontier/B612_pairing_chirality/FINDINGS.md	amphichiral	26	amphichirality (on this data). Two refinement deaths in a row say the
frontier/B612_pairing_chirality/FINDINGS.md	amphichiral	38	the amphichiral ⇒ closed direction has never seen a counterexample at
frontier/B612_pairing_chirality/FINDINGS.md	amphichiral	39	any level, degenerate or not (70/70 level-rows across five amphichiral
frontier/B613_closure_theorem/FINDINGS.md	amphichiral	14	> torus bundle is AMPHICHIRAL, by B134/V123), then
frontier/B613_closure_theorem/FINDINGS.md	amphichiral	41	all four amphichiral witnesses (RL, RRLL, RLRL, RRRLLL — each has
frontier/B613_closure_theorem/FINDINGS.md	amphichiral	44	one-way: the CONVERSE — level-uniform closure ⇒ amphichiral — remains
frontier/B613_closure_theorem/FINDINGS.md	amphichiral	52	the object's amphichirality, as a theorem.** The three-layer picture now
frontier/B619_a5_bridge/FINDINGS.md	sl2c-lift	15	κ = 5 is PSL(2,5) ≅ A₅ (order 60)"** — ALSO REFUTED: the projective
frontier/B622_silver_exterior/FINDINGS.md	knot-in-s3	13	EXTERIOR adjoint Reidemeister torsion at the discrete rep, by the
frontier/B626_jacobian_reality/FINDINGS.md	amphichiral	13	amphichiral (cyclic-anti-palindromic) words and genuinely complex for
frontier/B626_jacobian_reality/FINDINGS.md	amphichiral	21	reframes — exterior adjoint torsions are REAL exactly for amphichiral
frontier/B635_audit_integration/FINDINGS.md	amphichiral	64	Amphichirality + the natural mirror operation; Δ(−1) = det(A₁+I) = 5;
frontier/B637_corrected_cell3/FINDINGS.md	orientation	56	The four B605 orientation-reversing families (two glides, two order-4),
frontier/B637_corrected_cell3/FINDINGS.md	orient-reversing	56	The four B605 orientation-reversing families (two glides, two order-4),
frontier/B637_corrected_cell3/FINDINGS.md	amphichiral	180	the conj∘θ-TWISTED double (glued through the amphichiral involution
frontier/B637_corrected_cell3/FINDINGS.md	orientation	231	the double — orientation-reversing, hence Y(σ·,σ·,σ·) = −Y — with the
frontier/B637_corrected_cell3/FINDINGS.md	orient-reversing	231	the double — orientation-reversing, hence Y(σ·,σ·,σ·) = −Y — with the
frontier/B638_swap_decomposition/FINDINGS.md	orientation	24	triples (the plus_conj law; the orientation-reversal sign is absorbed
frontier/B638_swap_decomposition/FINDINGS.md	amphichiral	78	the object's own amphichiral flip (R ↔ L exchange) acting on the
frontier/B643_flip_symmetry/FINDINGS.md	amphichiral	5	The amphichiral flip (a↦a, b↦baB with the certified U_φ companion),
frontier/B643_flip_symmetry/FINDINGS.md	orientation	35	flip Φ = swap ∘ φ (orientation-preserving, LINEAR companion).
frontier/B643_flip_symmetry/FINDINGS.md	amphichiral	61	> **The chord breaks both amphichiral flip classes.** For each of the
frontier/B643_flip_symmetry/FINDINGS.md	orientation	62	> two orientation-reversing involution families of the object, the
frontier/B643_flip_symmetry/FINDINGS.md	orient-reversing	62	> two orientation-reversing involution families of the object, the
frontier/B643_flip_symmetry/FINDINGS.md	amphichiral	77	spontaneous breaking itself is the finding: the object is amphichiral,
frontier/B643_flip_symmetry/FINDINGS.md	orientation	80	Residual (registered, not run): the two order-4 orientation-reversing
frontier/B643_flip_symmetry/FINDINGS.md	orient-reversing	80	Residual (registered, not run): the two order-4 orientation-reversing
frontier/B646_wave2_integration/FINDINGS.md	sl2c-lift	23	| Q2's mechanism arithmetic | A₁ mod 7: order 8 in SL(2,7), −I at 4 ⇒ order 4 in PSL ✓; PSL(2,7) 3-dim character on the order-4 class = +1 with eigenvalues {1,i,−i} ✓ (standard table) |
frontier/B646_wave2_integration/FINDINGS.md	sl2c-lift	89	of PSL(2,7) (clock = 4 = ord_{PSL(2,7)}(A₁), derived); P-Q2-a
frontier/B646_wave2_integration/FINDINGS.md	sl2c-lift	109	conductor's simple groups (2I and PSL(2,7) = GL(3,2)).
frontier/B647_core_mechanism/FINDINGS.md	spin	65	object a reality structure can pin.
frontier/B649_silver_holonomy/FINDINGS.md	det-minus-1	77	powers — works for any det-1 source directly) and the E₆ exec-prefix
frontier/B64_parity_mechanism/FINDINGS.md	spin	22	facts pin which `char(M^k)` lands where:
frontier/B658_order4_flips/FINDINGS.md	orientation	4	**Both order-4 orientation-reversing families of Isom(4₁) = D₄ break on
frontier/B658_order4_flips/FINDINGS.md	orient-reversing	4	**Both order-4 orientation-reversing families of Isom(4₁) = D₄ break on
frontier/B658_order4_flips/FINDINGS.md	det-minus-1	12	- φ(a) = A, b ↦ bAB (U = [[−1, ζ̄₆],[0,1]], det −1, PGL-valid lift):
frontier/B658_order4_flips/FINDINGS.md	orientation	26	> **The chord breaks every orientation-reversing symmetry of the
frontier/B658_order4_flips/FINDINGS.md	orient-reversing	26	> **The chord breaks every orientation-reversing symmetry of the
frontier/B658_order4_flips/FINDINGS.md	orientation	27	> object.** All FOUR orientation-reversing families of D₄ (two order-2
frontier/B658_order4_flips/FINDINGS.md	orient-reversing	27	> object.** All FOUR orientation-reversing families of D₄ (two order-2
frontier/B658_order4_flips/FINDINGS.md	amphichiral	33	The object is amphichiral; its chord is not — and now totally so:
frontier/B664_metallic_landscape/FINDINGS.md	amphichiral	34	mechanism is the mod-15 phase lattice, NOT amphichirality; the
frontier/B665_landscape_reconciliation/FINDINGS.md	sl2c-lift	40	simple (±I); PSL(2,5) = A₅ is; chat1's "prime conductor ⇒ simple
frontier/B669_track_h_adjudication/FINDINGS.md	amphichiral	1	# B669 — TRACK H ADJUDICATED: the amphichiral-suppression mechanism
frontier/B669_track_h_adjudication/FINDINGS.md	amphichiral	14	| 3 (fig-8, amphichiral) | the banked {1,1,1,0,1,1,2,1}… — **C1 CONTROL PASSES** | 2.236 | BOUNDED |
frontier/B669_track_h_adjudication/FINDINGS.md	amphichiral	24	amphichirality.** Steps 3–5 of their proof chain collapse: there is
frontier/B669_track_h_adjudication/FINDINGS.md	amphichiral	25	no chiral/amphichiral suppression ratio; the "cosmological constant
frontier/B669_track_h_adjudication/FINDINGS.md	amphichiral	28	## The second refutation: their amphichirality census was wrong too
frontier/B669_track_h_adjudication/FINDINGS.md	amphichiral	30	SnapPy: **m136 (RRLL, the true silver) IS AMPHICHIRAL** (|Isom| = 8).
frontier/B669_track_h_adjudication/FINDINGS.md	amphichiral	31	Chat1's "the golden is the ONLY amphichiral metallic word" rested on
frontier/B669_track_h_adjudication/FINDINGS.md	amphichiral	32	the invalid criterion "det(A−I) unit ⟺ amphichiral" (flagged in the
frontier/B669_track_h_adjudication/FINDINGS.md	amphichiral	33	prereg, tested, false). So even the framing "one amphichiral member
frontier/B678_d4_annex/FINDINGS.md	amphichiral	10	two methods, same Track-H refutation — chat1's amphichiral-
frontier/B67_figure_eight_apolynomial/FINDINGS.md	sl2c-lift	5	Cooper-Long 1996) -- is reproduced **exactly** from the metallic SL(2,C) trace map's
frontier/B67_figure_eight_apolynomial/FINDINGS.md	sl2c-lift	36	trace-map fixed locus is exactly the SL(2,C) character variety of the knot complement
frontier/B67_figure_eight_apolynomial/FINDINGS.md	knot-in-s3	36	trace-map fixed locus is exactly the SL(2,C) character variety of the knot complement
frontier/B67_figure_eight_apolynomial/FINDINGS.md	sl2c-lift	45	`t in SL(2,C)` (a 1-dim null space for irreducible `rho`, so `t` is unique up to
frontier/B680_arithmetic_meditation/FINDINGS.md	knot-in-s3	32	- **L91 ← Reid's uniqueness (1991):** the figure-eight is the UNIQUE
frontier/B680_arithmetic_meditation/FINDINGS.md	amphichiral	34	program's selection principles (amphichiral unit, prime conductor,
frontier/B698_the_meeting_probed/FINDINGS.md	orientation	45	The meeting is a **product that leaves a ℤ/2 residue** — an orientation
frontier/B698_the_meeting_probed/FINDINGS.md	orientation	47	ℤ/2 orientation/residue/c-pair spine ([[two-chiralities-c-vs-theta]],
frontier/B69_metallic_apoly_family/FINDINGS.md	double-cover	17	| 3 | degree-2 in κ (irrational double cover) |
frontier/B700_fiber_functor/FINDINGS.md	orientation	49	- cell 2: is this ℤ/2 = Gal(ℚ(√5)/ℚ) the SAME orientation bit as the being
frontier/B700_fiber_functor/FINDINGS.md	sl2c-lift	54	- cell 4: the same torsor at a second stage (E₆ level 2 / PSL(2,7)) ⇒
frontier/B700_fiber_functor/FINDINGS.md	orientation	83	IS the Galois group law. The orientation degree of freedom is V₄-structured:
frontier/B700_fiber_functor/FINDINGS.md	sl2c-lift	108	At the E₆ level-2 stage (shadow group PSL(2,7), θ-odd dim D=3, B666), the
frontier/B700_fiber_functor/FINDINGS.md	sl2c-lift	109	hearing selects one of the TWO 3-dim irreps of PSL(2,7). Verified:
frontier/B700_fiber_functor/FINDINGS.md	sl2c-lift	110	- **Exactly two** 3-dim irreps (dims of PSL(2,7) = [1,3,3,6,7,8]).
frontier/B700_fiber_functor/FINDINGS.md	sl2c-lift	140	ℚ(ζ_p)-subfield pattern across two stages; NOT "PSL(2,7) contains a ℤ/2".
frontier/B706_rung2_sm_freedom/FINDINGS.md	orientation	24	- **The seam (object):** a DISCRETE 𝔽₂-vector space — one orientation BIT per
frontier/B706_rung2_sm_freedom/FINDINGS.md	orientation	39	DISCRETE orientation freedom (a bit per audible stage, the 𝔽₂-seam); the SM
frontier/B706_rung2_sm_freedom/FINDINGS.md	orientation	67	DISCRETE (orientation / Galois bits); the SM's is CONTINUOUS (real
frontier/B707_meeting_points/FINDINGS.md	chern-simons	17	Kim (arXiv:1510.05818, 1609.03012, 1706.03336) builds Dijkgraaf–Witten CS
frontier/B707_meeting_points/FINDINGS.md	chern-simons	24	physics/observer side. THE BRIDGE (rung-3): instantiate Kim's arithmetic-CS
frontier/B707_meeting_points/FINDINGS.md	chern-simons	38	### THE THIRD — Dong Uk Lee (2025), motives whose regulator = the CS invariant
frontier/B707_meeting_points/FINDINGS.md	sl2c-lift	40	3-manifolds whose Beilinson REGULATOR EQUALS the PSL(2,ℂ) Chern–Simons
frontier/B707_meeting_points/FINDINGS.md	chern-simons	42	CS" in the search, dovetailing with B680/B683.
frontier/B707_meeting_points/FINDINGS.md	chern-simons	45	- **Witten (PARTIAL):** "Analytic Continuation of CS" (1001.2933) supplies the
frontier/B707_meeting_points/FINDINGS.md	chern-simons	46	ANALYTIC ENGINE (complex CS, Lefschetz thimbles, the figure-eight worked) —
frontier/B707_meeting_points/FINDINGS.md	chern-simons	49	conjecture"; the earliest arithmetic-CS is Garoufalidis solo, arXiv:0711.1716.]
frontier/B707_meeting_points/FINDINGS.md	chern-simons	51	(2402.07343) treats complexified CS as wall-crossing; the figure-eight's
frontier/B707_meeting_points/FINDINGS.md	knot-in-s3	57	our specific ℚ(√−3) knot complement.
frontier/B707_meeting_points/FINDINGS.md	chern-simons	66	the CS one. (His no-boundary instability is a live, unresolved debate; his
frontier/B707_meeting_points/FINDINGS.md	sl2c-lift	69	Euclidean quantum gravity, Λ<0 (Witten 1988: H³ isometry = PSL(2,ℂ) = the
frontier/B707_meeting_points/FINDINGS.md	chern-simons	75	the Habiro ring of ℚ(√−3) (Scholze), whose regulators are complex-CS invariants
frontier/B707_meeting_points/FINDINGS.md	chern-simons	77	Spec-O_F end. If Kim's arithmetic-CS torsor at ℚ(√−3) = our 𝔽₂ seam (the test),
frontier/B707_meeting_points/FINDINGS.md	chern-simons	82	1. **Kim × the seam:** instantiate arithmetic-CS at ℚ(√−3); does its H¹-torsor
frontier/B707_meeting_points/FINDINGS.md	chern-simons	86	3. **Lee × B680/B683:** is the CS-invariant = regulator identity our
frontier/B708_kim_seam/FINDINGS.md	chern-simons	14	H¹(G_ℚ, ℤ/2) = ℚ*/(ℚ*)² (Kummer theory) — Kim's arithmetic-CS torsor group.
frontier/B708_kim_seam/FINDINGS.md	chern-simons	20	The arithmetic-CS pairing (cup product H¹×H¹→H² = the Hilbert symbol =
frontier/B708_kim_seam/FINDINGS.md	chern-simons	33	| our bottom-up structure | = | Kim's arithmetic CS (top-down) |
frontier/B708_kim_seam/FINDINGS.md	chern-simons	36	| measurement = Galois torsor (B701) | = | the H¹(Gal,−)-torsor of arithmetic CS |
frontier/B708_kim_seam/FINDINGS.md	chern-simons	51	= SPECIFIC arithmetic-CS invariants (linking, infinite-prime linking) — that is
frontier/B708_kim_seam/FINDINGS.md	chern-simons	55	genuine new structural content. NEEDS-SPECIALIST: whether the full arithmetic-CS
frontier/B709_turok_marriage_adjudication/FINDINGS.md	amphichiral	10	amphichirality / strong-CP layer, rung 2–3), but at the layer that would carry
frontier/B709_turok_marriage_adjudication/FINDINGS.md	amphichiral	16	- **ℤ/2-A = amphichirality** (K = K̄, CS = 0 at the geometric point): CANONICAL —
frontier/B709_turok_marriage_adjudication/FINDINGS.md	chern-simons	16	- **ℤ/2-A = amphichirality** (K = K̄, CS = 0 at the geometric point): CANONICAL —
frontier/B709_turok_marriage_adjudication/FINDINGS.md	amphichiral	27	**I1 / T1 — CPT = amphichirality, embedded 3D→4D (the crux, cc's task): STRUCTURAL-ANALOGY-ONLY.**
frontier/B709_turok_marriage_adjudication/FINDINGS.md	amphichiral	29	pseudo-Anosov σ = [[2,1],[1,1]] (tr 3 > 2), and its amphichiral symmetry reverses
frontier/B709_turok_marriage_adjudication/FINDINGS.md	chern-simons	32	CS = 0). **But the physical embedding fails on two counts that no construction in
frontier/B709_turok_marriage_adjudication/FINDINGS.md	orientation	70	(conjugation/orientation/time) and is θ-symmetric — a c-type CPT is therefore not
frontier/B709_turok_marriage_adjudication/FINDINGS.md	amphichiral	86	- **Strong-CP-by-mirror.** CS = 0 by amphichirality ↔ θ_QCD = 0 by CPT: the SAME
frontier/B709_turok_marriage_adjudication/FINDINGS.md	chern-simons	86	- **Strong-CP-by-mirror.** CS = 0 by amphichirality ↔ θ_QCD = 0 by CPT: the SAME
frontier/B709_turok_marriage_adjudication/FINDINGS.md	chern-simons	90	> upgrade"* clause below is load-bearing. **Any identification** (the object's CS = 0
frontier/B709_turok_marriage_adjudication/FINDINGS.md	amphichiral	100	- LAW_MAP: the two-ℤ/2 partition (amphichirality CANONICAL vs fiber-torsor
frontier/B709_turok_marriage_adjudication/FINDINGS.md	amphichiral	108	Turok's CPT = our ℤ/2-A (amphichirality), never our ℤ/2-B (the B701 torsor).
frontier/B710_analytic_t1_thimbles/FINDINGS.md	amphichiral	18	4e-32). CS(4₁)=0 (amphichirality). The two non-abelian (geometric + conjugate)
frontier/B710_analytic_t1_thimbles/FINDINGS.md	chern-simons	18	4e-32). CS(4₁)=0 (amphichirality). The two non-abelian (geometric + conjugate)
frontier/B710_analytic_t1_thimbles/FINDINGS.md	amphichiral	31	CS(4₁)=0 (amphichirality — the *canonical* ℤ/2-A of B709) forces the object's
frontier/B710_analytic_t1_thimbles/FINDINGS.md	chern-simons	31	CS(4₁)=0 (amphichirality — the *canonical* ℤ/2-A of B709) forces the object's
frontier/B710_analytic_t1_thimbles/FINDINGS.md	chern-simons	41	2. CS(4₁)=0 and the Garoufalidis–Gu–Mariño peacock lattice are CITED (CS=0 is the
frontier/B710_analytic_t1_thimbles/FINDINGS.md	amphichiral	42	textbook amphichirality consequence), not recomputed.
frontier/B710_analytic_t1_thimbles/FINDINGS.md	amphichiral	43	3. The "real actions" property is 4₁'s amphichirality specifically (a generic
frontier/B710_analytic_t1_thimbles/FINDINGS.md	chern-simons	44	knot has CS≠0 → complex actions) — object-specific, not a generic
frontier/B711_two_z2_degeneration/FINDINGS.md	amphichiral	1	# B711 (Path 2) — the TWO-ℤ/2 DEGENERATION: amphichirality and Galois are ORTHOGONAL (V₄)
frontier/B711_two_z2_degeneration/FINDINGS.md	amphichiral	9	On the SL(2,ℂ) character variety X(4₁), **amphichirality and the ℚ(√−3) Galois
frontier/B711_two_z2_degeneration/FINDINGS.md	sl2c-lift	9	On the SL(2,ℂ) character variety X(4₁), **amphichirality and the ℚ(√−3) Galois
frontier/B711_two_z2_degeneration/FINDINGS.md	amphichiral	11	geometric point.** B709's koan resolves cleanly: the still point (amphichirality,
frontier/B711_two_z2_degeneration/FINDINGS.md	chern-simons	12	CS=0) and the groundlessness (the Galois/measurement swap) are *independent*, not
frontier/B711_two_z2_degeneration/FINDINGS.md	amphichiral	15	## The discriminating fact: the orbit of Galois on Fix(amphichirality)
frontier/B711_two_z2_degeneration/FINDINGS.md	chern-simons	17	of π₁(4₁)=⟨a,b | aw=wb⟩, w=bABa; Alexander poly −(t²−3t+1), SnapPy CS=0, D₄
frontier/B711_two_z2_degeneration/FINDINGS.md	amphichiral	18	amphichiral. **Geometric point:** x=2 → y=(3±√−3)/2 ∈ ℚ(√−3).
frontier/B711_two_z2_degeneration/FINDINGS.md	amphichiral	19	- **Fix(amphichirality):** amphichirality τ = conj∘j₂, where j₂:(x,y)→(x,x²−1−y)
frontier/B711_two_z2_degeneration/FINDINGS.md	amphichiral	33	the golden point) is Galois-*fixed and real* on the amphichiral slice — the two
frontier/B711_two_z2_degeneration/FINDINGS.md	amphichiral	40	- amphichirality=j₂ rests on three anchors (unique holomorphic involution
frontier/B711_two_z2_degeneration/FINDINGS.md	amphichiral	41	ρ_geom→ρ̄_geom; realized by group endomorphisms; SnapPy amphichirality), not on
frontier/B711_two_z2_degeneration/FINDINGS.md	chern-simons	42	a peripheral A-polynomial computation (not carried out). "Fix(τ)=CS=0 slice" is
frontier/B711_two_z2_degeneration/FINDINGS.md	chern-simons	43	anchored at the geometric point, not by a CS evaluation along the whole slice.
frontier/B711_two_z2_degeneration/FINDINGS.md	amphichiral	44	- CITED (SnapPy): CS=0, D₄-amphichirality, shape e^{iπ/3}. Everything else COMPUTED
frontier/B711_two_z2_degeneration/FINDINGS.md	chern-simons	44	- CITED (SnapPy): CS=0, D₄-amphichirality, shape e^{iπ/3}. Everything else COMPUTED
frontier/B711_two_z2_degeneration/FINDINGS.md	amphichiral	49	amphichirality), with the golden ℚ(√5) point as the Galois-fixed real end.
frontier/B712_object_continuum/FINDINGS.md	amphichiral	19	in both M and L (= amphichiral), not merely cited.
frontier/B712_object_continuum/FINDINGS.md	sl2c-lift	23	embedding.** Cross-checked a second, fully independent way (explicit SL(2,ℂ)
frontier/B713_chirality/FINDINGS.md	amphichiral	10	**Chirality is NOT in the θ-symmetric (amphichiral) object; it is the observer's
frontier/B713_chirality/FINDINGS.md	amphichiral	43	**σ_ω(4₁)=0 on the ENTIRE unit circle, FORCED by amphichirality** (σ_ω(mK)=−σ_ω(K),
frontier/B713_chirality/FINDINGS.md	amphichiral	44	and 4₁=mK). Amphichirality is witnessed three ways: an exact integer anti-congruence
frontier/B713_chirality/FINDINGS.md	amphichiral	49	evadable** (σ≠0 requires breaking amphichirality = leaving the object). A chiral
frontier/B714_physics_spine/FINDINGS.md	knot-in-s3	21	| 0 | the axiom σ:a→ab (fig-8 = the unique arithmetic knot, Reid 1991) | OBJECT-FORCED |
frontier/B714_physics_spine/FINDINGS.md	knot-in-s3	35	ℤ/3 — an arithmetic knot has a dense commensurator (Margulis/Reid), so an order-3
frontier/B714_physics_spine/FINDINGS.md	amphichiral	42	chiral index ≡ 0 (B565), σ_ω(4₁)=0 on the whole circle forced by amphichirality
frontier/B714_physics_spine/FINDINGS.md	amphichiral	55	B711): two ℤ/2's (amphichirality canonical ↔ CPT; the fiber-torsor non-canonical =
frontier/B715_native_gauge/FINDINGS.md	chern-simons	13	it is a different KIND of gauge object — its own complex/arithmetic CS — exactly what
frontier/B715_native_gauge/FINDINGS.md	chern-simons	14	it should be as 3d Euclidean quantum gravity (Witten 1988) and the arithmetic-CS
frontier/B715_native_gauge/FINDINGS.md	chern-simons	17	## Probe 2 — inherently COMPLEX (complex CS), no compact slice (OUTCOME B, high)
frontier/B715_native_gauge/FINDINGS.md	chern-simons	26	The KIND is complex Chern–Simons (Witten: 3d gravity = complex CS with gauge group
frontier/B715_native_gauge/FINDINGS.md	chern-simons	27	Isom⁺(H³)=PSL(2,ℂ), promoted to E₆(ℂ)); consistent with B708 (arithmetic CS on
frontier/B715_native_gauge/FINDINGS.md	sl2c-lift	27	Isom⁺(H³)=PSL(2,ℂ), promoted to E₆(ℂ)); consistent with B708 (arithmetic CS on
frontier/B715_native_gauge/FINDINGS.md	orientation	39	= 0). The FULL content T7 (ℤ/11 + orientation ℤ/2 + types) is NOT cleanly resolved:
frontier/B715_native_gauge/FINDINGS.md	orientation	41	that orientation INVERTS the ℤ/11 — but a skeptic refuted the premise (the "check"
frontier/B715_native_gauge/FINDINGS.md	orientation	43	in REAL ℚ(√5), which conjugation FIXES, B469) suggests orientation acts TRIVIALLY,
frontier/B715_native_gauge/FINDINGS.md	orientation	45	gaugeability stands (B565-T1); the twisted-content T7 with orientation is OPEN,
frontier/B715_native_gauge/FINDINGS.md	sl2c-lift	54	(a NEW location — the ℤ/3 in PSL(2,𝔽₃)=A₄) is killed by B685: A₄ is a mod-3 BEING
frontier/B715_native_gauge/FINDINGS.md	chern-simons	62	LAW_MAP: the native gauge system = complex CS of E₆(ℂ), not Yang–Mills (vector-like,
frontier/B716_time_gap/FINDINGS.md	amphichiral	18	h(f)=h(f⁻¹) generically, so this alone is weak*); (2) **amphichiral time-reversal** —
frontier/B716_time_gap/FINDINGS.md	chern-simons	40	saddle actions are REAL (CS=0) — the object sits AT the conjugation fixed point; the
frontier/B717_observer_emergence/FINDINGS.md	amphichiral	18	| TIME | the no-arrow ANOSOV suspension flow (compact S¹, amphichiral σ~σ⁻¹, entropy log φ²) — a thermal/modular time with no beginning, no arrow | B716 |
frontier/B717_observer_emergence/FINDINGS.md	orientation	34	2. **c-as-SWAP.** The observer's orientation-reversal c is a SWAP wherever it acts —
frontier/B717_observer_emergence/FINDINGS.md	chern-simons	43	timeless, vector-like, valueless, complex-CS (not Yang–Mills) 3d arithmetic geometry
frontier/B718_child_program/FINDINGS.md	amphichiral	27	The complete finite arithmetic sub-family of fillings 4₁(p,q) (up to amphichiral
frontier/B718_child_program/FINDINGS.md	knot-in-s3	28	symmetry), via the full Maclachlan–Reid cocompact criterion, is **exactly three**:
frontier/B719_scale_multiplicity/FINDINGS.md	knot-in-s3	31	OUTCOME B: GENERIC, not inherited from the √−3 parent's prime 3.** The Maclachlan–Reid
frontier/B719_scale_multiplicity/FINDINGS.md	sl2c-lift	51	- The d=6 gap is NOT "homologically forced": S₆ ⊃ A₅≅PSL(2,5) (transitive index-6,
frontier/B71_sl3_apoly/FINDINGS.md	sl2c-lift	43	**Ground truth (offline, exact).** `Sym² : SL(2,C)→SL(3,C)` of the B67 figure-eight SL(2) holonomy
frontier/B71_sl3_apoly/FINDINGS.md	spin	171	version-pin is required (the `requirements.txt` `>=` bounds stand).
frontier/B720_coupling_path/FINDINGS.md	chern-simons	18	| **Holography** (AdS/CFT, RT, HKLL) | **NO-MATCH — dimensional** | needs a higher-dim continuum bulk; our object is a 3-manifold and 3d gravity has NO local DOF, so locality cannot come from it in principle (the licensed complex-CS corner 
frontier/B720_coupling_path/FINDINGS.md	sl2c-lift	41	continued fractions (PSL(2,ℤ) hyperbolic dynamics). Our object is BOTH a knot
frontier/B722_resurgence_coupling/FINDINGS.md	chern-simons	29	PROVEN in-sandbox (exact, via the Riccati recursion for the quantum-CS potential
frontier/B723_build_the_observer/FINDINGS.md	sl2c-lift	117	NOT m004's specific Bianchi/Kleinian holonomy (PSL(2,O₃) + the cusp, finer than the field). So
frontier/B723_build_the_observer/FINDINGS.md	sl2c-lift	125	OBJECT-level observer — a KMS/Galois structure on m004's OWN Bianchi arithmetic (PSL(2,O₃) +
frontier/B723_build_the_observer/FINDINGS.md	knot-in-s3	127	primary-source confirm of m004's trace field + Bianchi structure, Neumann–Reid/Maclachlan–Reid).
frontier/B724_seeing_readjudication/FINDINGS.md	amphichiral	15	| **C3 arrow** | refuted | refuted | **REFUTED (computed)** — Fibonacci word p(n)=n+1 (Sturmian, ZERO topological entropy); letter entropy → 0.9594 (converges, not increasing); cat map amphichiral (Mσ M⁻¹=σ⁻¹) ⇒ entropy(σ)=entropy(σ⁻¹), no 
frontier/B725_born_rule/FINDINGS.md	spin	51	recomputed in-sandbox this pass, pin the gap:
frontier/B727_base_rate_the_structure/FINDINGS.md	knot-in-s3	46	arithmetic knot (Reid) → ℚ(√−3) → ramified prime 3 → 𝔽₃ → 2T. Everything "E₆" in the program is
frontier/B727_base_rate_the_structure/FINDINGS.md	amphichiral	56	nonabelian, *amphichiral* vs the chiral CP-violating universe — it points the wrong way on two
frontier/B727_base_rate_the_structure/FINDINGS.md	knot-in-s3	64	is "ℚ(√−3) is the trace field of the unique arithmetic knot" (Reid/B266) — a beautiful *mathematical*
frontier/B728_stokes_resummation/FINDINGS.md	knot-in-s3	45	| **FORM** (\|·\|² conjugation-norm) | ℚ(√−3) | **FORCED-CLOSED** — the hyperbolic trace field (σ₁,σ₂; Neumann–Reid) |
frontier/B729_amplitude_sector/FINDINGS.md	knot-in-s3	38	Reidemeister torsion) → ℚ(√−3); homology (Alexander Δ=t²−3t+1, branched-cover orders |H₁(Σₙ)|=
frontier/B729_amplitude_sector/FINDINGS.md	sl2c-lift	67	The object-level observer (m004's Bianchi PSL(2,O₃) arithmetic + cusp — cc2's long-flagged door)
frontier/B730_forced_faces_and_cosmos/FINDINGS.md	knot-in-s3	23	1. **Neumann–Reid rigidity** (cc2 capstone): m004's trace field is *rigidly* ℚ(√−3) (the complete
frontier/B730_forced_faces_and_cosmos/FINDINGS.md	sl2c-lift	24	commensurability invariant); ℚ(√−7)/PSL(2,7) is the E₆-level-2 fiber-functor field, external.
frontier/B730_forced_faces_and_cosmos/FINDINGS.md	amphichiral	34	Base-rate (E20): the object is AMPHICHIRAL yet ℚ(√−7) is a CHIRALITY field — exactly what an
frontier/B730_forced_faces_and_cosmos/FINDINGS.md	amphichiral	35	amphichiral object cannot force. The SL(n) tower otherwise adds NO native face (it is
frontier/B730_forced_faces_and_cosmos/FINDINGS.md	orientable	52	manifold** = the #2-smallest closed orientable hyperbolic 3-manifold (OrientableClosedCensus
frontier/B730_forced_faces_and_cosmos/FINDINGS.md	sl2c-lift	76	yet is non-isometric) by its **congruence LEVEL** in PSL(2,O₃) — a low-base-rate ray-class
frontier/B731_object_observer_noncongruence/FINDINGS.md	sl2c-lift	23	Γ = π₁(m004) ⊂ PSL(2, O₃), O₃=ℤ[ω] Eisenstein integers, geometric index [PSL(2,O₃):Γ]=12. The
frontier/B731_object_observer_noncongruence/FINDINGS.md	sl2c-lift	28	Γ **surjects** onto PSL(2,O₃/3) and PSL(2,O₃/5) (index 1); it is **stuck at index 6 at every
frontier/B731_object_observer_noncongruence/FINDINGS.md	knot-in-s3	34	Consistent with: Baker–Reid (m004 ⊉ Γ(2) — my level-2 index 6 reproduces it); Serre (Bianchi
frontier/B731_object_observer_noncongruence/FINDINGS.md	sl2c-lift	52	with quotient PSL(2,𝔽₄)≅A₅ (cc2, computed 3 ways + cross-checked by C₅-image ↔ H₁=ℤ/5). So the
frontier/B731_object_observer_noncongruence/FINDINGS.md	sl2c-lift	56	object-level observer, if it exists, is the NON-ABELIAN Bianchi congruence tower (PSL(2,𝔽₄)=A₅),
frontier/B731_object_observer_noncongruence/FINDINGS.md	sl2c-lift	68	automorphism of A₅ = PSL(2,𝔽₄) at m003's level (2)? (cc2's next-stage 2 — untested, no level-
frontier/B732_conjugation_is_out_A5/FINDINGS.md	sl2c-lift	9	(2), and PSL(2,O₃)/Γ((2)) ≅ PSL(2,𝔽₄) ≅ A₅ (order 60). B701's conjugation = complex conjugation on
frontier/B732_conjugation_is_out_A5/FINDINGS.md	sl2c-lift	29	automorphism generates Out(PSL(2,𝔽₄))=ℤ/2. No choice, no resemblance.
frontier/B732_conjugation_is_out_A5/FINDINGS.md	sl2c-lift	33	clean claim is about the AMBIENT level-(2) quotient PSL(2,O₃)/Γ((2))=A₅ (where m003's own image
frontier/B733_observer_space/FINDINGS.md	sl2c-lift	11	G_n=PSL(2,O₃/n) and is unaffected; it applies to both m003 (level 2) and m004 (level 8).]
frontier/B733_observer_space/FINDINGS.md	sl2c-lift	22	G₂ = PSL(2,O₃/(2)) = PSL(2,𝔽₄) = A₅ (order 60). B701's conjugation c₂ (ω↦ω²) = the 𝔽₄-Frobenius =
frontier/B734_m004_is_congruence/FINDINGS.md	sl2c-lift	9	Γ=π₁(m004)⊂PSL(2,O₃), geometric index 12. The rigorous PSL image-index (accounting for the SL/PSL
frontier/B734_m004_is_congruence/FINDINGS.md	sl2c-lift	39	automorphism on m004's OWN level-(8) observer? — the order-2560 image in PSL(2,O₃/(8)) of order
frontier/B734_m004_is_congruence/FINDINGS.md	sl2c-lift	43	because H³=PSL(2,ℂ)/PSU(2) is not Hermitian symmetric; a bare Bianchi-Hecke KMS is open).
frontier/B735_emittance/FINDINGS.md	sl2c-lift	21	PSL(2,O₃)\H³ ([PSL(2,O₃):Γ]=12, B734) → the being's whole automorphic spectrum pulls back into
frontier/B736_ABC_campaign/FINDINGS.md	sl2c-lift	14	π₁(m004) in G₈=PSL(2,O₃/(8)), index 12 — reproduces B734) carry a genuine Bost–Connes β=1 SSB with
frontier/B736_ABC_campaign/FINDINGS.md	sl2c-lift	23	H³=SL(2,ℂ)/SU(2) has ODD real dim 3 ⇒ no complex structure ⇒ (Res_{K/ℚ}GL(2), H³) is NOT a
frontier/B736_ABC_campaign/FINDINGS.md	knot-in-s3	62	ℚ(√−3) atom/Reid-B266; the V₄ measurement torsor B701/B704/B730 with the bounded ≤8-observer menu
frontier/B740_b288_stragglers/FINDINGS.md	amphichiral	22	**amphichirality shortcut** — `4₁(p,q) ≅ 4₁(−p,q)` (the mirror isometry; **verified 7/7 by
frontier/B740_b288_stragglers/FINDINGS.md	amphichiral	32	1. **The amphichirality shortcut**: for any mirror-symmetric census over m004, the (−p,q) half is
frontier/B740_b288_stragglers/FINDINGS.md	amphichiral	41	output (7/7 isometries). Credit cc2 (the crack); the amphichiral closure (this seat).
frontier/B742_negatives_hunt_p1/FINDINGS.md	sl2c-lift	49	| B225 | dead | proxy | **REVIVED** | Direction 1 (reproduces): re-derived the Riley trace-coordinate pipeline from B225's declared conventions (independent code + a numerical SL(2,C) rep-check the arc never ran; residuals <1e-40 at dps 60)
frontier/B742_negatives_hunt_p1/FINDINGS.md	knot-in-s3	61	| TOMB-L267 | tomb | asserted | **RECONFIRMED** | Both identifications recompute dead. K-N: tr(R^m L^m) = m^2+2 symbolically (sympy), so kappa_1=3, kappa_2=6; shape fields (SnapPy 220-bit shapes + pari.algdep, residual+height guarded, Neuma
frontier/B742_negatives_hunt_p1/FINDINGS.md	chern-simons	69	| TOMB-L57 | tomb | cited-unverified | **RECONFIRMED** | Discriminating fact re-derived, not cited: the CS-crossover level is m-dependent across the metallic family. Under the repo's own conventions (metallic manifold at seed m = the R^mL^m
frontier/B742_negatives_hunt_p1/FINDINGS.md	chern-simons	71	| TOMB-L67 | tomb | asserted | **RECONFIRMED** | Quantum side: the SU(2)_k CS rep of SL(2,Z) on torus blocks gives rho(RL)=T(ST^-1S^-1) unitary at every level k=1..12 (unitarity dev <=1.4e-15), max ||lambda|-1| = 2.2e-15; the identity is th
frontier/B745_revivals_crossverify/FINDINGS.md	det-minus-1	54	One instrument lesson recorded: the C1 matrix-convention trap (det −1 Fibonacci vs det +1
frontier/B747_mirror_sweep/FINDINGS.md	amphichiral	16	verified amphichirality isometry 4₁(3,8) ≅ 4₁(−3,8) (shared field, √5-free) AND the
frontier/B749_genesis_forks/FINDINGS.md	orientation	19	| F5 orientability | **FRAGILE — the parent** | the det −1 sibling IS the Gieseking (m000): vol 1.0149… = half of m004's, one ideal tet, Klein-bottle cusp, dilatation φ (not φ²); orientation_cover ≅ m004 by BOTH sealed routes; exactly one o
frontier/B749_genesis_forks/FINDINGS.md	orientable	19	| F5 orientability | **FRAGILE — the parent** | the det −1 sibling IS the Gieseking (m000): vol 1.0149… = half of m004's, one ideal tet, Klein-bottle cusp, dilatation φ (not φ²); orientation_cover ≅ m004 by BOTH sealed routes; exactly one o
frontier/B749_genesis_forks/FINDINGS.md	det-minus-1	19	| F5 orientability | **FRAGILE — the parent** | the det −1 sibling IS the Gieseking (m000): vol 1.0149… = half of m004's, one ideal tet, Klein-bottle cusp, dilatation φ (not φ²); orientation_cover ≅ m004 by BOTH sealed routes; exactly one o
frontier/B749_genesis_forks/FINDINGS.md	gieseking	19	| F5 orientability | **FRAGILE — the parent** | the det −1 sibling IS the Gieseking (m000): vol 1.0149… = half of m004's, one ideal tet, Klein-bottle cusp, dilatation φ (not φ²); orientation_cover ≅ m004 by BOTH sealed routes; exactly one o
frontier/B749_genesis_forks/FINDINGS.md	m000	19	| F5 orientability | **FRAGILE — the parent** | the det −1 sibling IS the Gieseking (m000): vol 1.0149… = half of m004's, one ideal tet, Klein-bottle cusp, dilatation φ (not φ²); orientation_cover ≅ m004 by BOTH sealed routes; exactly one o
frontier/B749_genesis_forks/FINDINGS.md	double-cover	19	| F5 orientability | **FRAGILE — the parent** | the det −1 sibling IS the Gieseking (m000): vol 1.0149… = half of m004's, one ideal tet, Klein-bottle cusp, dilatation φ (not φ²); orientation_cover ≅ m004 by BOTH sealed routes; exactly one o
frontier/B749_genesis_forks/FINDINGS.md	orientation	31	are "geometry buys being" (A5) and "orientation buys the child of the Gieseking" (A6).**
frontier/B749_genesis_forks/FINDINGS.md	gieseking	31	are "geometry buys being" (A5) and "orientation buys the child of the Gieseking" (A6).**
frontier/B74_higher_spin_grading/FINDINGS.md	spin	16	"trace-map eigenvalues = growth rates of spin-`n` modes.")
frontier/B74_higher_spin_grading/FINDINGS.md	spin	22	spin-s currents and the Dickson P-grading of char(M^k) ARE THE SAME involution
frontier/B74_higher_spin_grading/FINDINGS.md	spin	27	higher-spin counterpart; W_N (sl, not gl) has no spin-1.  Clean bijection only
frontier/B74_higher_spin_grading/FINDINGS.md	spin	36	**(1) The W_N charge-conjugation grading, from first principles.** In W_N Toda the spin-`s` current is
frontier/B74_higher_spin_grading/FINDINGS.md	spin	51	| 4 | `{2,3,4}` | `{1,2,3,4}` | `{2,3,4}` | ✓ | spin-1 `char(M)`; `char(M^−1)`; sign `char(−M²)` |
frontier/B74_higher_spin_grading/FINDINGS.md	spin	52	| 5 | `{2,3,4,5}` | `{1,1,2,2,3,4,5}` | `{2,3,4,5}` | ✓ | spin-1 `×2`, spin-2 `×1` extra; `char(M^−1)`; signs `char(−M²),char(−M³)` |
frontier/B74_higher_spin_grading/FINDINGS.md	spin	63	by the same involution `−w0`. The spin-`s` W_N current and the `char(M^k)` factor carry the *same*
frontier/B751_iterated_hearing_adjudication/FINDINGS.md	spin	41	assignment), state an object-side scale pin, and the composite becomes a checkable claim —
frontier/B752_qualia_handoff_receipt/FINDINGS.md	spin	22	per-letter weight from B593's complex amplitude + an object-side scale pin → L91 functor)
frontier/B752_qualia_handoff_receipt/FINDINGS.md	spin	25	E20 trap; the pin must be forced object-side first.
frontier/B753_mixing_structure/FINDINGS.md	spin	7	pin). Nothing to CLAIMS.
frontier/B753_mixing_structure/FINDINGS.md	spin	41	- **The pin (cell 5, co-signed cc + cc3): one observable, one registered number.** The
frontier/B753_mixing_structure/FINDINGS.md	spin	68	The pin is unchanged: 0.30902 registered; 1/(φ√5) program-internal; nature decides.
frontier/B755_carried_recomputes/FINDINGS.md	chern-simons	9	## Cell 1 — B140: the genus-2 mirror CS-flip witness — WITNESSED
frontier/B755_carried_recomputes/FINDINGS.md	chern-simons	14	the E25-era rule: (1) the CS obstruction — 2·CS = +0.01192 is not in (1/2)ℤ, so no
frontier/B755_carried_recomputes/FINDINGS.md	orientation	15	orientation-preserving isometry to the mirror exists; (2) the isometry-orientation route —
frontier/B755_carried_recomputes/FINDINGS.md	orientation	16	every isometry M → M̄ found has an orientation-reversing cusp map. And the discriminating
frontier/B755_carried_recomputes/FINDINGS.md	orient-reversing	16	every isometry M → M̄ found has an orientation-reversing cusp map. And the discriminating
frontier/B755_carried_recomputes/FINDINGS.md	chern-simons	17	pattern holds exactly: vol(M̄) = vol(M) (|Δ| < 1e−60 at high precision), CS(M̄) = −CS(M)
frontier/B755_carried_recomputes/FINDINGS.md	orientation	18	(sum exactly 0). The banked citation (the orientation-reversal theorem) now has its first
frontier/B755_carried_recomputes/FINDINGS.md	orientation	62	and its entries are ±2, not ±1 — finite-MUTATION but not an ADE orientation, i.e. not
frontier/B755_carried_recomputes/FINDINGS.md	orientation	102	isometries orientation-reversing).
frontier/B755_carried_recomputes/FINDINGS.md	orient-reversing	102	isometries orientation-reversing).
frontier/B756_remaining_doors/FINDINGS.md	double-cover	63	claim)**, totally 5-inert, non-isometric to the double cover b++(RL)² (verified).
frontier/B757_two_z3_identity/FINDINGS.md	orientation	13	torsion (companion of Δ mod 4) EQUALS g mod 4 entry-for-entry, orientation t ↔ g —
frontier/B757_two_z3_identity/FINDINGS.md	orientation	17	beyond membership; even the orientation dissolves under conjugacy. The entry-for-entry
frontier/B758_theorem_ledger/FINDINGS.md	spin	16	links (the threefold lack; the SM record with the pin stated as a HINT, not a link) · 1
frontier/B759_qp3_integration/FINDINGS.md	knot-in-s3	9	At the discrete faithful representation of the figure-eight knot complement,
frontier/B759_qp3_integration/FINDINGS.md	sl2c-lift	59	The 3×3 adjoint action Ad_B on sl(2,ℂ) in the basis {h, e, f}:
frontier/B761_qp2_private/FINDINGS.md	sl2c-lift	14	For the figure-eight complement M at the geometric SL(2,C) representation,
frontier/B762_qp1_self_naming/FINDINGS.md	orientable	8	m004 is the only 1-cusped manifold in the SnapPy OrientableCuspedCensus
frontier/B762_qp1_self_naming/FINDINGS.md	orientable	23	| Start | 1-cusped OrientableCuspedCensus | 203,123 |
frontier/B762_qp1_self_naming/FINDINGS.md	sl2c-lift	31	disc = -3). They are commensurable — both cover the PSL(2, O_3) orbifold.
frontier/B762_qp1_self_naming/FINDINGS.md	double-cover	49	| 2.0 | 2 | m206, m207 (double covers) |
frontier/B763_branch_reconciliation/FINDINGS.md	spin	33	deleted after this record (tip hash above = the recovery pin).
frontier/B766_measurement_torsor/FINDINGS.md	spin	39	computation (the stopping rule + the pin).
frontier/B766_measurement_torsor/FINDINGS.md	gieseking	41	lives in T3's own bit) — stated, not blurred. The Gieseking control PASSES structurally:
frontier/B766_measurement_torsor/FINDINGS.md	orientation	42	T4's axis exists only downstream of the orientation choice (C5) — the torsor's axes are
frontier/B766_measurement_torsor/FINDINGS.md	amphichiral	65	the T1 door probed against amphichiral τ (central, τ = −I — the door is genuine).
frontier/B768_correspondence_crosstest/FINDINGS.md	orientation	92	temporal orientation preserved + identity disrupted, or the converse? The courier's
frontier/B769_t1_structure/FINDINGS.md	amphichiral	17	amphichiral τ = −I central, per cc3's audit). TRIVIAL-REALIZED: the frame choice is
frontier/B76_cusp_quantum_group/FINDINGS.md	spin	51	**is** the W_N charge-conjugation grading of the spin-`k` current by `(−1)^k` — both are `−w0` of
frontier/B771_phase1_wave1/FINDINGS.md	spin	12	| OI-055 B685 3-int | **RESOLVED-B → EXTERNAL** | the conditional kill PROVED all-n in-cell (5 inert in ℤ[ω], norm valuation ≥0 vs the hearing law's ≥1); the single premise (all-order 3-integrality) is EXACTLY the GSWZ Habiro-ring theorem (
frontier/B771_phase1_wave1/FINDINGS.md	orientation	16	| OI-092 genus-2 CS | **RESOLVED-A → CLOSED** | the re-run succeeds (the historical None was a usage artifact): vol equal, CS opposite, CS≠0 — the banked orientation-reversal structure numerically confirmed on two triangulations. |
frontier/B771_phase1_wave1/FINDINGS.md	chern-simons	16	| OI-092 genus-2 CS | **RESOLVED-A → CLOSED** | the re-run succeeds (the historical None was a usage artifact): vol equal, CS opposite, CS≠0 — the banked orientation-reversal structure numerically confirmed on two triangulations. |
frontier/B772_negatives_adequacy/FINDINGS.md	spin	56	(depth 100)** pending the pin.
frontier/B773_chord_recompute/FINDINGS.md	chern-simons	34	charge tower lights up at the "loaded (Kim H³ arithmetic-CS / triple-Massey) level."
frontier/B773_chord_recompute/FINDINGS.md	chern-simons	35	The verifier caught it: the bridge lemma (8-rank ≡ Kim's CS action) was **cited, not
frontier/B774_chord_pass/FINDINGS.md	amphichiral	26	| **CP-E5-chiral** | chiral index ≡ 0 (vector-like) | a GENUINE zero: C=S² central ⇒ ρ block-diagonal across the θ-split ⇒ even↔odd chiral transport identically 0 (leak 4e-15), NOT a cancellation. The genuine non-abelian θ-odd object (SU(3)
frontier/B774_chord_pass/FINDINGS.md	amphichiral	37	| CP-S032A | no fork-indexed invariant | the genuine θ-odd invariant (SL(2,ℂ) CS / complex volume) is structurally ZERO across the fork by amphichirality. |
frontier/B774_chord_pass/FINDINGS.md	chern-simons	37	| CP-S032A | no fork-indexed invariant | the genuine θ-odd invariant (SL(2,ℂ) CS / complex volume) is structurally ZERO across the fork by amphichirality. |
frontier/B774_chord_pass/FINDINGS.md	complex-volume	37	| CP-S032A | no fork-indexed invariant | the genuine θ-odd invariant (SL(2,ℂ) CS / complex volume) is structurally ZERO across the fork by amphichirality. |
frontier/B774_chord_pass/FINDINGS.md	sl2c-lift	37	| CP-S032A | no fork-indexed invariant | the genuine θ-odd invariant (SL(2,ℂ) CS / complex volume) is structurally ZERO across the fork by amphichirality. |
frontier/B774_chord_pass/FINDINGS.md	amphichiral	46	zero for a structural reason (central charge, block-diagonality, amphichirality)
frontier/B774_chord_pass/FINDINGS.md	spin	53	nothing to CLAIMS; the one-number pin untouched.
frontier/B775_phase2_wave1/FINDINGS.md	spin	30	Nothing to CLAIMS; the one-number pin untouched.
frontier/B776_b685_homework/FINDINGS.md	spin	54	Gate 5/5-Q: pure number theory. Nothing to CLAIMS; the one-number pin untouched;
frontier/B778_cleanup/FINDINGS.md	chern-simons	15	| **CL-W3082** | **RESOLVED-B → EXTERNAL** | W3-082c confirmed honest EXTERNAL: the Kim H³ arithmetic-CS bridge is genuinely NEEDS-SPECIALIST (uncomputed, self-flagged in LAW_MAP); reframed to the exact class-group fact **Sylow₂(Cl(−8899))=
frontier/B778_cleanup/FINDINGS.md	spin	35	Gate 5 / Gate 5-Q clean. Nothing to CLAIMS; the one-number pin untouched.
frontier/B781_m003_sister/FINDINGS.md	knot-in-s3	16	| structure | **knot complement**, the σ-manifold | not a knot complement |
frontier/B787_interaction_programme/FINDINGS.md	spin	5	the one pin, untouched.** Base-rate honesty is the first law: a clean recorded NEGATIVE
frontier/B787_interaction_programme/FINDINGS.md	orientation	19	| **D2 — R-matrix braiding** | **MISS (OUTCOME B)** | No Born number = JUNO at any V4 orientation / principled state. The diagonal-R self-overlap Born is EXACTLY V4-invariant (c only conjugates, theta only relabels channels) with floor **si
frontier/B787_interaction_programme/FINDINGS.md	orientation	38	1. **Orientation-vs-arithmetic split.** iota flips T7 (time): monodromy t->t^-1 inverts the
frontier/B787_interaction_programme/FINDINGS.md	spin	123	clock is label-independent. The test-lock (tests/test_b787_interaction.py) is written. Nothing went to CLAIMS; the JUNO pin
frontier/B790_maass_adjudication/FINDINGS.md	sl2c-lift	61	Laplace eigenvalues for PSL(2,O₃) itself, λ up to 675. Finite-element; the authors caveat
frontier/B790_maass_adjudication/FINDINGS.md	sl2c-lift	74	By Humbert's formula, vol(PSL(2,O₃)\H³) = |d|^{3/2}ζ_K(2)/(4π²) = 0.169156934401608937…, and
frontier/B790_maass_adjudication/FINDINGS.md	sl2c-lift	76	[PSL(2,O_3) : Gamma_41] = 2.029883212819307 / 0.169156934401609 = 12.000000000000000
frontier/B790_maass_adjudication/FINDINGS.md	sl2c-lift	85	PSL(2,𝔽₃) ≅ A₄. Γ₄₁ and Γ(√−3) both have index 12 and are different subgroups. Any
frontier/B790_maass_adjudication/FINDINGS.md	sl2c-lift	107	**Honesty note: this is forced, not discovered.** Γ₄₁ ⊂ PSL(2,O₃) *makes* traces lie in ℤ[ω];
frontier/B790_maass_adjudication/FINDINGS.md	knot-in-s3	176	> Individual Maass eigenvalues for the **figure-eight knot complement m004** = Γ₄₁\H³, where
frontier/B790_maass_adjudication/FINDINGS.md	sl2c-lift	177	> Γ₄₁ ⊂ PSL(2,O₃) is Riley's index-12 **non-congruence** subgroup, to ≥20 significant digits.
frontier/B790_maass_adjudication/FINDINGS.md	sl2c-lift	191	PSL(2,O) for Gaussian **or** Eisenstein integers — d=3 is one of two, so the handoff's
frontier/B790_maass_adjudication/FINDINGS.md	sl2c-lift	266	**S1 — PARENT-SPECTRUM INJECTION.** Γ₄₁ ⊂ PSL(2,O₃) is a genuine **subgroup** of index 12, so a
frontier/B790_maass_adjudication/FINDINGS.md	sl2c-lift	269	spec_disc(PSL(2,O_3)\H^3)  ⊆  spec_disc(m004)
frontier/B791_weyl_completeness/FINDINGS.md	sl2c-lift	61	W = Vol(PSL(2,O_3)\H^3)/(6 pi^2) = 0.002856530136
frontier/B791_weyl_completeness/FINDINGS.md	spin	96	characterises it. Two heights at one r cannot pin **r-dependent** truncation, and Gate 8 died on
frontier/B791_weyl_completeness/FINDINGS.md	sl2c-lift	116	cc3 committed `89fc6794` "B788 Step 2: [PSL(2,O₃):Γ₄₁] = 12 exact" **hours after cc banked the
frontier/B794_congruence_level4/FINDINGS.md	sl2c-lift	22	| \|PSL(2,ℤ[ω]/4)\| | **1920** | = the bank's coset-image order, verified in B791 |
frontier/B794_congruence_level4/FINDINGS.md	sl2c-lift	25	| [PSL(2,ℤ[ω]/4) : H̄] | **12** = [PSL(2,O₃):Γ₄₁] | ⇒ Γ₄₁ = preimage(H̄) ⇒ **Theorem 1** |
frontier/B794_congruence_level4/FINDINGS.md	sl2c-lift	33	> ⚠ **NAMING CORRECTED 2026-07-29 (Chat-1's catch).** This is **NOT** PSL(2,ℤ[ω]/4). The centre of
frontier/B794_congruence_level4/FINDINGS.md	sl2c-lift	35	> order **960**. cc and cc3 both used the right group under the wrong name. PSL(2,O₃) maps into
frontier/B794_congruence_level4/FINDINGS.md	sl2c-lift	42	> computations are correct **in their own groups**; ours is the one PSL(2,O₃) actually maps to. The B788 bank's coset action is
frontier/B794_congruence_level4/FINDINGS.md	sl2c-lift	90	cc3 observes that the mod-2 image is **D₅ inside PSL(2,𝔽₄) ≅ A₅**, and notes A₅ also carries
frontier/B795_eigenvalue_verification/FINDINGS.md	sl2c-lift	65	under S ∈ PSL(2,O₃)∖Γ₄₁, which separates by nine orders of magnitude — can decide that. The
frontier/B797_maass_spectrum_harvest/FINDINGS.md	sl2c-lift	31	(S ∈ PSL(2,O₃)∖Γ₄₁; the form is S-invariant to 7×10⁻¹⁰ while all others break it at order 1 —
frontier/B799_uncomputed_doors/FINDINGS.md	det-minus-1	25	monodromy `A = [[1,1],[1,0]]` has trace 1, det −1, **`det(A − I) = −1`** (the prereg's named fact),
frontier/B799_uncomputed_doors/FINDINGS.md	chern-simons	86	**S019 (Fisher metric on the CS level).** No discriminating fact was ever computed because **none
frontier/B803_commensurability_audit/FINDINGS.md	knot-in-s3	20	field is a commensurability invariant (Reid), so *everything derived downstream of it* — the
frontier/B803_commensurability_audit/FINDINGS.md	amphichiral	27	4₁ is the unique arithmetic knot (Reid), so knottedness and hence **amphichirality** are
frontier/B803_commensurability_audit/FINDINGS.md	knot-in-s3	27	4₁ is the unique arithmetic knot (Reid), so knottedness and hence **amphichirality** are
frontier/B803_commensurability_audit/FINDINGS.md	amphichiral	175	| **MANIFOLD** (input = Γ) | **character varieties**, cohomology, torsion at the E₆ exponents, homology, knottedness ⟹ **amphichirality**, congruence data, **the spectra** |
frontier/B803_commensurability_audit/FINDINGS.md	knot-in-s3	189	| **B302** | June | *"the generation ℤ/3 is not in the object — it is in the object's relation to its arithmetic siblings, the commensurability class."* m004 has **no** order-3 element (Sym = D₄, order 8; knot groups are torsion-free); the 
frontier/B804_dirac_spectrum/FINDINGS.md	spin	28	**bounding** one — for **every** spin structure on the 3-manifold. Hence for **both** of m004's two
frontier/B804_dirac_spectrum/FINDINGS.md	spin	31	**Consequence:** the Dirac spectral *type* is determined, identical across both spin structures, and
frontier/B804_dirac_spectrum/FINDINGS.md	knot-in-s3	36	Geom.* **54** (2000) 439, restated via Martelli–Reid). This arc does **not** re-derive it and does
frontier/B804_dirac_spectrum/FINDINGS.md	spin	58	spinor-valued Fourier–Bessel expansions on the cusp and a spin-structure-dependent boundary
frontier/B806_lexicon_blindness/FINDINGS.md	amphichiral	152	golden, torsion, quasicrystal, symplectic, wrt_quantum, apolynomial, z3_generation, amphichiral_cp,
frontier/B812_physics_path_map/FINDINGS.md	amphichiral	18	| θ_QCD = 0 from amphichirality | · | · | · | **✗** | **M** |
frontier/B812_physics_path_map/FINDINGS.md	chern-simons	47	`CS → θ_QCD` map.**
frontier/B812_physics_path_map/FINDINGS.md	chern-simons	51	cusp↔gauge dictionary, and **nothing registered** for the CS↔θ_QCD map that this arc's most advanced
frontier/B812_physics_path_map/FINDINGS.md	amphichiral	72	*symmetric point* rather than a fitted value (V = no), and **amphichirality is genuinely
frontier/B812_physics_path_map/FINDINGS.md	amphichiral	73	manifold-level** — m003 is not a knot, so it fails amphichirality where m004 holds it (C = no).
frontier/B812_physics_path_map/FINDINGS.md	chern-simons	74	`CS = 0` for the cusped object **is computed and banked** (B286/B289/B303).
frontier/B812_physics_path_map/FINDINGS.md	chern-simons	76	**It fails M, and only M.** The identification `CS ↔ θ_QCD` is a **postulated dictionary**
frontier/B813_cs_theta_type_audit/FINDINGS.md	chern-simons	1	# B813 — L110 Cells 0–1: the CS ↔ θ_QCD dictionary is refuted ON TYPE, with a stated mechanism
frontier/B813_cs_theta_type_audit/FINDINGS.md	complex-volume	20	**The object side.** For a complete finite-volume hyperbolic 3-manifold the complex volume is
frontier/B813_cs_theta_type_audit/FINDINGS.md	chern-simons	22	> `Vol_ℂ(M) = Vol(M) + i·CS(M) ∈ ℂ/2π²iℤ` (closed) or **`ℂ/π²iℤ` (with boundary — m004's case)**
frontier/B813_cs_theta_type_audit/FINDINGS.md	chern-simons	24	with `CS(M) := π²·cs(M)`. The universal **Cheeger–Chern–Simons class** lives on
frontier/B813_cs_theta_type_audit/FINDINGS.md	sl2c-lift	25	`H₃(PSL(2,ℂ)^δ; ℤ)` (Neumann), valued in `ℂ/4π²ℤ` for SL(n,ℂ) representations. **The connection is
frontier/B813_cs_theta_type_audit/FINDINGS.md	sl2c-lift	26	the geometric holonomy — flat, fixed by the hyperbolic structure, in PSL(2,ℂ).**
frontier/B813_cs_theta_type_audit/FINDINGS.md	chern-simons	38	`Φ_θ(A) = e^{iθW(A)} Ψ₀(A)`, with `W(A)` the CS form of that dynamical colour field, shifting by an
frontier/B813_cs_theta_type_audit/FINDINGS.md	chern-simons	40	Historically the 3d CS term entered 4d physics exactly here — *"in the Schrödinger-picture
frontier/B813_cs_theta_type_audit/FINDINGS.md	chern-simons	45	| | `CS(m004)` | `θ_QCD` |
frontier/B813_cs_theta_type_audit/FINDINGS.md	sl2c-lift	49	| group | **PSL(2,ℂ)** | **SU(3)** colour |
frontier/B813_cs_theta_type_audit/FINDINGS.md	chern-simons	55	A dictionary asserting `CS(m004) = θ_QCD` would place a Chern–Simons quantity in the **coefficient**
frontier/B813_cs_theta_type_audit/FINDINGS.md	chern-simons	60	1. **Kind** — a fixed invariant cannot be a free coupling. θ is an *input* to the theory; `CS(m004)`
frontier/B813_cs_theta_type_audit/FINDINGS.md	sl2c-lift	62	2. **Group** — PSL(2,ℂ) geometric holonomy versus SU(3) colour. The same shape as **B736's
frontier/B813_cs_theta_type_audit/FINDINGS.md	chern-simons	71	**Closed:** the direct `CS(m004) = θ_QCD` identification. B812's most advanced target now has a
frontier/B813_cs_theta_type_audit/FINDINGS.md	sl2c-lift	78	m004 **the spatial slice** *and* the geometric PSL(2,ℂ) holonomy **the colour field**. Both look
frontier/B813_cs_theta_type_audit/FINDINGS.md	sl2c-lift	89	Neumann abstract for the PSL(2,ℂ) target), not primary papers read end to end. **For a type audit
frontier/B813_cs_theta_type_audit/FINDINGS.md	complex-volume	94	**Sources:** [complex volume (nLab)](https://ncatlab.org/nlab/show/complex+volume) ·
frontier/B83_sln_apolynomial/FINDINGS.md	orientation	35	- **The sign `(−1)ⁿ⁻¹`** is fixed by the determinant/orientation: it is the scalar `c` in B77's
frontier/B848_handoff_verification/FINDINGS.md	amphichiral	11	arrow/amphichirality census — is the one the sending seat **got wrong four times before getting
frontier/B848_handoff_verification/FINDINGS.md	amphichiral	27	| word | tr | disc | sym | cycle leads | amphichiral | **arrow** | box dets | vs handoff |
frontier/B848_handoff_verification/FINDINGS.md	amphichiral	49	which is **amphichirality**. *No arrow* requires the **det = −1** conjugator, and symmetry does
frontier/B848_handoff_verification/FINDINGS.md	det-minus-1	49	which is **amphichirality**. *No arrow* requires the **det = −1** conjugator, and symmetry does
frontier/B848_handoff_verification/FINDINGS.md	amphichiral	56	proves amphichirality (true, and already in the table) and is silent on the arrow.
frontier/B848_handoff_verification/FINDINGS.md	det-minus-1	63	> so the order contains a unit of norm −1, so the det form represents −1, so the det = −1
frontier/B848_handoff_verification/FINDINGS.md	amphichiral	81	| length | classes | arrow | | non-amphichiral |
frontier/B848_handoff_verification/FINDINGS.md	amphichiral	101	Second computed fact, offered as a pattern on the tested range only: **amphichirality never occurs
frontier/B848_handoff_verification/FINDINGS.md	amphichiral	137	repo's banked amphichiral matrix" under the other convention gets a false mismatch.
frontier/B848_handoff_verification/FINDINGS.md	amphichiral	172	one.** The symmetry argument is true and proves amphichirality; say that, and say the other.
frontier/B849_order_parameter/FINDINGS.md	amphichiral	8	This seat argued, in conversation, that the object's **amphichirality** makes the order parameter
frontier/B849_order_parameter/FINDINGS.md	amphichiral	14	against it. **m004's amphichirality is the ℤ/2 existing, which is exactly what SSB requires.**
frontier/B849_order_parameter/FINDINGS.md	amphichiral	21	| manifold | vol | CS | class | amphichiral |
frontier/B849_order_parameter/FINDINGS.md	chern-simons	21	| manifold | vol | CS | class | amphichiral |
frontier/B849_order_parameter/FINDINGS.md	chern-simons	33	> **Positive control PASSES: nine chiral members return CS ≠ 0.**
frontier/B849_order_parameter/FINDINGS.md	chern-simons	35	That clause was sealed in advance for a reason — *"CS(m004) = 0" from an instrument that returns
frontier/B849_order_parameter/FINDINGS.md	orientation	41	The lemma: for amphichiral M, an orientation-odd invariant satisfies I(M) = −I(M), so 2·I(M) = 0 —
frontier/B849_order_parameter/FINDINGS.md	amphichiral	41	The lemma: for amphichiral M, an orientation-odd invariant satisfies I(M) = −I(M), so 2·I(M) = 0 —
frontier/B849_order_parameter/FINDINGS.md	chern-simons	42	**I is zero *or* 2-torsion.** CS is defined mod π², so the 2-torsion subgroup is **{0, π²/2}**.
frontier/B849_order_parameter/FINDINGS.md	chern-simons	44	**The first implementation checked only `CS == 0`.** It reported **m003 as a lemma violation**.
frontier/B849_order_parameter/FINDINGS.md	amphichiral	51	Corrected to test what was sealed: **5 of 5 amphichiral members are 2-torsion, zero violations.**
frontier/B849_order_parameter/FINDINGS.md	chern-simons	57	**CS(m004) = 0, exactly.** By the sealed criteria: **ORDER PARAMETER ABSENT (manifold level).**
frontier/B849_order_parameter/FINDINGS.md	amphichiral	61	> **m003 and m004 have the same volume, are both amphichiral, and sit in DIFFERENT 2-torsion CS
frontier/B849_order_parameter/FINDINGS.md	chern-simons	61	> **m003 and m004 have the same volume, are both amphichiral, and sit in DIFFERENT 2-torsion CS
frontier/B849_order_parameter/FINDINGS.md	chern-simons	66	It costs one line of SnapPy. **Flagged, not claimed:** CS is a classical invariant and this
frontier/B849_order_parameter/FINDINGS.md	orientation	98	1. The order parameter **cannot be a topological invariant of M** — every orientation-odd
frontier/B849_order_parameter/FINDINGS.md	amphichiral	99	invariant is 2-torsion by amphichirality, and m004 sits at 0.
frontier/B849_order_parameter/FINDINGS.md	chern-simons	134	2. **Prior-art gate on the m003/m004 CS separation** before it is described as anything new.
frontier/B853_two_faces_ssb/FINDINGS.md	amphichiral	11	**amphichirality** and the **ℚ(√−3) Galois involution**. I matched the phrase *"two ℤ/2's … not one
frontier/B853_two_faces_ssb/FINDINGS.md	amphichiral	55	Galois-**fixed and real** on the amphichiral slice."* B711 adds that the golden point sits at
frontier/B855_wrong_null_audit/FINDINGS.md	knot-in-s3	12	invariant (Reid), any property downstream of it is shared **by theorem**, and the comparison could
frontier/B855_wrong_null_audit/FINDINGS.md	sl2c-lift	19	Humbert covolumes recomputed here: `covol PSL(2,O₋₃) = 0.169156934401608938`,
frontier/B855_wrong_null_audit/FINDINGS.md	sl2c-lift	20	`covol PSL(2,O₋₁) = 0.305321864725739672`.
frontier/B855_wrong_null_audit/FINDINGS.md	sl2c-lift	31	> **m129 is index 12 in PSL(2,O₋₁) — the silver's class-mate.** It is a valid control for the
frontier/B855_wrong_null_audit/FINDINGS.md	amphichiral	37	**m003 is amphichiral.** `is_amphicheiral() = True`, computed. `B296/VERDICTS.md` describes it as a
frontier/B855_wrong_null_audit/FINDINGS.md	amphichiral	38	*"non-amphichiral control"* in the line concluding that the CS sign law is *"object-specific, not a
frontier/B855_wrong_null_audit/FINDINGS.md	chern-simons	38	*"non-amphichiral control"* in the line concluding that the CS sign law is *"object-specific, not a
frontier/B855_wrong_null_audit/FINDINGS.md	knot-in-s3	42	**No knot complement is commensurable with 4₁.** By Reid, the figure-eight is the **unique**
frontier/B855_wrong_null_audit/FINDINGS.md	knot-in-s3	43	arithmetic knot complement in S³, and commensurability preserves arithmeticity. Yet **B438, B440,
frontier/B855_wrong_null_audit/FINDINGS.md	amphichiral	57	Different invariant trace field from **both** rows. Candidates, with `amphichiral` computed:
frontier/B855_wrong_null_audit/FINDINGS.md	amphichiral	59	| candidate | field (reported) | amphichiral |
frontier/B855_wrong_null_audit/FINDINGS.md	orientation	66	Amphichirality matters independently: if a verdict turns on an orientation-odd property, the null
frontier/B855_wrong_null_audit/FINDINGS.md	amphichiral	66	Amphichirality matters independently: if a verdict turns on an orientation-odd property, the null
frontier/B855_wrong_null_audit/FINDINGS.md	amphichiral	67	must be matched on amphichirality **as well as** non-commensurable, or the comparison confounds two
frontier/B855_wrong_null_audit/FINDINGS.md	chern-simons	85	- **B289/B296's CS sign law** reportedly holds 164/164 on **m136** and 168/168 on **m135**
frontier/B855_wrong_null_audit/FINDINGS.md	amphichiral	88	is **amphichirality plus an aligned basis**.
frontier/B859_sm_handoff_scrutiny/FINDINGS.md	spin	35	f = 4. A4's DG pin — P(t) = t(t−1)(t²−5t+1), P(1) = 0, **P′(1) = −3**, matching B581's τ₁. And the
frontier/B868_three_involutions/FINDINGS.md	det-minus-1	14	| **θ (matrix form)** | linear outer automorphism realizing C: X ↦ −Xᵀ on A-type; Ad(det = −1 reflection) on D-type | the same involution, in its matrix presentation |
frontier/B868_three_involutions/FINDINGS.md	det-minus-1	26	realization, X ↦ −Xᵀ is the *identity*; the outer involution is conjugation by a det = −1
frontier/B870_lift_obstruction/FINDINGS.md	sl2c-lift	32	- **Prior art named:** the p = 2 ancestor is Culler's lifting theorem (PSL(2,ℂ) → SL(2,ℂ)
frontier/B870_lift_obstruction/FINDINGS.md	knot-in-s3	33	holonomy lifts for hyperbolic 3-manifolds); for knot complements it follows from exactly this
frontier/B870_lift_obstruction/FINDINGS.md	chern-simons	41	arithmetic-CS meeting point: H¹ = torsor = measurement) appearing at the global-form layer —
frontier/B879_selection_cochain/FINDINGS.md	amphichiral	14	| **C2** deflation strata | **VERIFIED** | amphichiral = 53; prime-fundamental-discriminant set = exactly {5,13,17,29,37,53,173,229} (8 values; d prime, d ≡ 1 mod 4); joint with amphichirality = 11 |
frontier/B879_selection_cochain/FINDINGS.md	amphichiral	16	| **C4** silver corollary | **VERIFIED** | own scan: exactly one entangled-amphichiral class — R²L² at d = 2 |
frontier/B879_selection_cochain/FINDINGS.md	amphichiral	30	minimality), with amphichirality / field-cleanliness / landscape-minimality as corroborating
frontier/B879_selection_cochain/FINDINGS.md	amphichiral	42	3. cc3's V5 (SnapPy geometric-amphichirality cross of the 53) — optional consistency pass.
frontier/B87_m3_genus/FINDINGS.md	double-cover	17	The spectral curve is the hyperelliptic double cover `w² = disc_L(M)` of the degree-2-in-`L`
frontier/B87_m3_genus/FINDINGS.md	double-cover	24	m=3 (`R³L³`) is degree-2 in `κ` (an irrational double cover). The **trace-relation curve `F_3(x,κ)`** is
frontier/B87_m3_genus/FINDINGS.md	double-cover	25	the double cover `w² = disc3(x)` with
frontier/B87_m3_genus/FINDINGS.md	double-cover	29	A squarefree **quartic** gives a **genus-1 (elliptic)** double cover — so the **m=3 trace-relation curve
frontier/B87_m3_genus/FINDINGS.md	sl2c-lift	54	Attempted the m=3 (s464 = b++RRRLLL, vol 4.81382, 6 tets) SL(2,ℂ) A-polynomial genus via SnapPy's
frontier/B87_m3_genus/FINDINGS.md	sl2c-lift	58	banked metallic law Δ_m = a² − (m²+2)a + 1 at m=3 (m²+2 = 11). The **SL(2,ℂ) A-polynomial genus for
frontier/B87_m3_genus/FINDINGS.md	sl2c-lift	62	mis-computed genus. m=1 anchor: fig-8 SL(2,ℂ) A-poly geometric genus = 3 (B485). Status: OPEN, boundary
frontier/B896_s3_harmonics/FINDINGS.md	orientation	9	**standard** (frame-breaking, 2-dim — mixing-shaped), **sign** (orientation).
frontier/B899_hierarchy_check/FINDINGS.md	orientation	11	comparison — nothing here could be more than a registered orientation; four
frontier/B89T_tower_route/FINDINGS.md	det-minus-1	31	**structural** tower (B62) at n=5 — B58 had checked only `m=1` (the Fibonacci `det=−1` case). Degrees
frontier/B901_c_stabilizers/FINDINGS.md	orientation	8	C. Which symmetries DO — and can any of them carry c (conjugation/orientation)
frontier/B904_barton_sudbery/FINDINGS.md	spin	42	pure same-summand triples that pin ν) gives the symmetric solution
frontier/B905_kim_litgate/FINDINGS.md	chern-simons	12	Kim's Arithmetic CS I (arXiv:1510.05818), Chung–Kim–Kim–Park–Yoo ACS II
frontier/B905_kim_litgate/FINDINGS.md	chern-simons	37	**Q3 — any published connection magic-square (𝕆,ℂ) = E₆ ↔ arithmetic CS or
frontier/B906_flavor_verification/FINDINGS.md	spin	57	Their FA3 atom-census seal (theirs); the exactness pin for I (their V2 — the
frontier/B908_exactness_pin/FINDINGS.md	spin	1	# B908 — the I-exactness pin: three legs, two closed — I = −1 IS THE LEIBNIZ SIGN
frontier/B908_exactness_pin/FINDINGS.md	orientation	44	> the odd ones — I = −1 is the determinant's orientation parity, one −1 per
frontier/B910_kappa_class/FINDINGS.md	orientation	19	the charge orientation or the vacuum orientation.
frontier/B910_kappa_class/FINDINGS.md	orientation	84	> element of the Knus–Paques group, same orientation. Consequently
frontier/B910_kappa_class/FINDINGS.md	orientation	106	e ∈ {0,1}. The same-orientation ratio μ/gen is untwisted and rational
frontier/B910_kappa_class/FINDINGS.md	orientation	144	orientation (the triality-echo question from ledger §LVI GEO)?
frontier/B914_ratio_table/FINDINGS.md	spin	228	locks in `tests/test_b914_table.py` pin: 51/51 checks, the one-number collapse
frontier/B916_lambda_bridge/FINDINGS.md	spin	87	4. For future cross-seat work: **pin the H by its equivariance pattern**, not by
frontier/B916_lambda_bridge/FINDINGS.md	spin	105	The cross-seat convention rule is adopted programme-wide: **pin the Hermitian
frontier/B918_v_kummer/FINDINGS.md	orientation	93	> orientation. The One-Class theorem extends to the value layer: all
frontier/B918_v_kummer/FINDINGS.md	orientation	192	compatibly with the Kummer orientation?
frontier/B922_lambda2_receipt/FINDINGS.md	sl2c-lift	18	> 3. **The pullback caveat**: Γ₄₁ ⊂ PSL(2,O₃) at index 12, so every published *parent*
frontier/B922_lambda2_receipt/FINDINGS.md	knot-in-s3	27	> > *The second Maass **cusp form** eigenvalue of the figure-eight knot complement,
frontier/B922_lambda2_receipt/FINDINGS.md	sl2c-lift	30	> > **not inherited** from the parent Bianchi group PSL(2,O₃).*
frontier/B922_lambda2_receipt/FINDINGS.md	knot-in-s3	44	precedent-setting number, on the figure-eight knot complement's spectrum.
frontier/B926_crossing_anatomy/FINDINGS.md	amphichiral	22	| W1 | **L15 scale firewall** — the complex volume/CS invariant is a dimensionless element of ℂ/4π²ℤ; in 3d–3d all dimensionful content rides the level k↔ℏ and squashing, none the invariant; fig-8 CS = 0 (amphichiral) | B151 (OPEN_LEADS L15
frontier/B926_crossing_anatomy/FINDINGS.md	chern-simons	22	| W1 | **L15 scale firewall** — the complex volume/CS invariant is a dimensionless element of ℂ/4π²ℤ; in 3d–3d all dimensionful content rides the level k↔ℏ and squashing, none the invariant; fig-8 CS = 0 (amphichiral) | B151 (OPEN_LEADS L15
frontier/B926_crossing_anatomy/FINDINGS.md	complex-volume	22	| W1 | **L15 scale firewall** — the complex volume/CS invariant is a dimensionless element of ℂ/4π²ℤ; in 3d–3d all dimensionful content rides the level k↔ℏ and squashing, none the invariant; fig-8 CS = 0 (amphichiral) | B151 (OPEN_LEADS L15
frontier/B926_crossing_anatomy/FINDINGS.md	spin	218	not own — running/scheme-stable — and that the object's boundary relations pin?
frontier/B928_d2_decode/FINDINGS.md	spin	78	**(d) The classification — the census does NOT pin D₂; one level up, it
frontier/B928_d2_decode/FINDINGS.md	spin	98	alone leaves freedom. The pin is (c)/(a): the equation φ\* = τ∘φ₊∘φ₋ is
frontier/B929_third_crossing/FINDINGS.md	orientation	14	off by factors ≈ 5–9 in both orientations — far outside the sealed
frontier/B929_third_crossing/FINDINGS.md	orientation	17	orientation) and the broad T1 band weighing the result DOWN by design:
frontier/B92_metallic_classification/FINDINGS.md	det-minus-1	17	period-1 ⟺ det = −1**; then `trace = m`, eigenvalue `= λ_m`. Verified for **all 66 such matrices with
frontier/B92_metallic_classification/FINDINGS.md	det-minus-1	23	class over the census; for `det=−1`, every trace-`m` matrix has period 1 with repeat-block `(m)` and
frontier/B92_metallic_classification/FINDINGS.md	det-minus-1	27	> **⚠ CORRECTION (2026-06-15, self-audit).** The original inference "period 1 ⟹ **all** trace-`m` det=−1
frontier/B92_metallic_classification/FINDINGS.md	spin	34	> invariant) does not pin a unique class beyond `m≤3`." The det=−1 ⟺ tower-parity result (B93) and the
frontier/B92_metallic_classification/FINDINGS.md	det-minus-1	34	> invariant) does not pin a unique class beyond `m≤3`." The det=−1 ⟺ tower-parity result (B93) and the
frontier/B92_metallic_classification/FINDINGS.md	det-minus-1	38	## Refinement (a) — det=−1 is the operative *extra* condition
frontier/B92_metallic_classification/FINDINGS.md	det-minus-1	41	automorphism, det `+1`). The operative extra condition is exactly **`det=−1`**; it is not derivable from
frontier/B92_metallic_classification/FINDINGS.md	det-minus-1	56	census + the known invariant," and the metallic det=−1 classes are the clean part.
frontier/B92_metallic_classification/FINDINGS.md	det-minus-1	57	- The link `det=−1 ⟺ the tower's parity` is **B93** (Phase C); G1 (universality) is **B94**.
frontier/B92_metallic_classification/FINDINGS.md	det-minus-1	95	and **narrow = wide class number for the entire family** — the defining det = −1
frontier/B92_metallic_classification/FINDINGS.md	det-minus-1	99	**Scope.** The det = −1 ⟺ tower-parity result (B93), the systole selection, and every
frontier/B933_spinor_hejhal_design/FINDINGS.md	spin	13	computation on m004 with spin structure ρ₁ = (A,B): the operator in the
frontier/B938_unity_and_sign/FINDINGS.md	orientation	19	- Orientation reversal moves only COLORED weight: tr W18 goes 6 → 10, the flip
frontier/B93_det_parity_bridge/FINDINGS.md	det-minus-1	1	# B93 — det=−1 is exactly the tower's parity (Paper 0, Phase C)
frontier/B93_det_parity_bridge/FINDINGS.md	det-minus-1	6	The bridge from the foundation (B92) to the tower: `det=−1` is not merely "the simplest slice" — it is
frontier/B93_det_parity_bridge/FINDINGS.md	det-minus-1	10	## MyCalc-1 — `det=−1 ⟺ the parity sectors`
frontier/B93_det_parity_bridge/FINDINGS.md	det-minus-1	14	`det=−1`. So the tower's two-sheeted (CPT) structure is a `det=−1` phenomenon — verified per-eigenvalue,
frontier/B93_det_parity_bridge/FINDINGS.md	det-minus-1	15	and at the Jacobian level in **B94** (squaring the det=−1 tower to det=+1 removes every `char(−Nᵏ)` and
frontier/B940_dirac_sealed/FINDINGS.md	amphichiral	167	> J ∘ (a lift of the amphichiral symmetry of m004). Consequence if confirmed:
frontier/B940_dirac_sealed/FINDINGS.md	spin	217	eigenvalue they pin is zero — precisely the object this seal EXCLUDES.**
frontier/B942_l113_bc_falsifier/FINDINGS.md	amphichiral	190	B713, the amphichirality/θ material, and the standing distinction between c and θ).
frontier/B943_maass_priority_correction/FINDINGS.md	sl2c-lift	29	> **r = 6.6221193402528** — the Picard orbifold PSL(2,ℤ[i])\\H³ ground state, read from
frontier/B943_maass_priority_correction/FINDINGS.md	sl2c-lift	51	The panel raised a caveat the arc had to absorb rather than wave away: **Γ₄₁ ⊂ PSL(2,O₃)
frontier/B943_maass_priority_correction/FINDINGS.md	sl2c-lift	63	| vol(PSL(2,O₃)\\H³) (Humbert) | 0.169156934401609 |
frontier/B943_maass_priority_correction/FINDINGS.md	knot-in-s3	100	> **The second Maass cusp form eigenvalue of the figure-eight knot complement,
frontier/B943_maass_priority_correction/FINDINGS.md	sl2c-lift	104	> the parent Bianchi group PSL(2,O₃) (screened: the parent's Weyl count at this height is
frontier/B944_dynamics_chirality_sweep/FINDINGS.md	chern-simons	33	| the object contains **its own symmetric-to-broken flow** — Dehn filling with CS(1,n) ~ −1/(2n) | B338 |
frontier/B944_dynamics_chirality_sweep/FINDINGS.md	amphichiral	49	| a closing *supplies* chirality: **all 31** sampled hyperbolic Dehn fillings make the amphichiral object chiral | B432 |
frontier/B944_dynamics_chirality_sweep/FINDINGS.md	amphichiral	51	| **√−7 is the chirality field** — reached by *breaking* amphichirality | B316 |
frontier/B944_dynamics_chirality_sweep/FINDINGS.md	amphichiral	54	| amphichirality ⊥ the ℚ(√−3) Galois involution: two **orthogonal commuting ℤ/2 legs of a V₄** | B711 |
frontier/B944_dynamics_chirality_sweep/FINDINGS.md	amphichiral	59	> **B303**: the CP *sign* is literally the sign of Chern–Simons (CS = 0 ⟺ amphichiral).
frontier/B944_dynamics_chirality_sweep/FINDINGS.md	chern-simons	59	> **B303**: the CP *sign* is literally the sign of Chern–Simons (CS = 0 ⟺ amphichiral).
frontier/B944_dynamics_chirality_sweep/FINDINGS.md	amphichiral	60	> **B340**: the CP *phase* arg κ is extremal at **π/6** at the amphichiral cusp and
frontier/B944_dynamics_chirality_sweep/FINDINGS.md	amphichiral	67	cannot chirally sign *itself*. B713 (chirality is not in the amphichiral object), B760
frontier/B944_dynamics_chirality_sweep/FINDINGS.md	chern-simons	69	itself), B252 (every conjugation-odd invariant vanishes or pairs), B849 (CS(m004) = 0;
frontier/B944_dynamics_chirality_sweep/FINDINGS.md	orientation	70	amphichirality forces every orientation-odd invariant to 2-torsion). **Not "chirality
frontier/B944_dynamics_chirality_sweep/FINDINGS.md	amphichiral	70	amphichirality forces every orientation-odd invariant to 2-torsion). **Not "chirality
frontier/B944_dynamics_chirality_sweep/FINDINGS.md	amphichiral	79	> because of **amphichiral time-reversal** (σ ~ σ⁻¹).
frontier/B944_dynamics_chirality_sweep/FINDINGS.md	amphichiral	81	**The flow has no arrow for the same reason the object has no handedness: amphichirality.**
frontier/B944_dynamics_chirality_sweep/FINDINGS.md	chern-simons	89	phase to second order in the same closing's CS. Three of the programme's named gaps
frontier/B944_dynamics_chirality_sweep/FINDINGS.md	orientation	105	| target | det +1 (orientation-preserving) | det −1 (orientation-reversing) |
frontier/B944_dynamics_chirality_sweep/FINDINGS.md	orient-reversing	105	| target | det +1 (orientation-preserving) | det −1 (orientation-reversing) |
frontier/B944_dynamics_chirality_sweep/FINDINGS.md	det-minus-1	105	| target | det +1 (orientation-preserving) | det −1 (orientation-reversing) |
frontier/B944_dynamics_chirality_sweep/FINDINGS.md	orientation	112	separate them by orientation, which is precisely the discriminator the question turns on.
frontier/B944_dynamics_chirality_sweep/FINDINGS.md	amphichiral	118	level**, where the amphichiral condition is the GHH anti-palindromic criterion already
frontier/B944_dynamics_chirality_sweep/FINDINGS.md	orientation	119	banked (B134, B136, B613) and where fiber-orientation and base(S¹)-orientation reversal
frontier/B944_dynamics_chirality_sweep/FINDINGS.md	orientation	120	are genuinely distinct ℤ/2's whose *product* is the total orientation reversal.
frontier/B944_dynamics_chirality_sweep/FINDINGS.md	amphichiral	145	- **L126 — THE ONE-ℤ/2 QUESTION.** Is the amphichiral time-reversal of the Anosov
frontier/B944_dynamics_chirality_sweep/FINDINGS.md	orientation	146	suspension the *same* involution as the chirality/orientation ℤ/2? Must be posed at
frontier/B944_dynamics_chirality_sweep/FINDINGS.md	chern-simons	148	closing supplies arrow + handedness, and B340 fixes the CP phase from the same CS.
frontier/B944_dynamics_chirality_sweep/FINDINGS.md	chern-simons	153	in CS) is the programme's cleanest already-banked ratio law touching a measured-side
frontier/B945_l126_one_z2/FINDINGS.md	amphichiral	29	| ρσ (GHH amphichirality) | RL | yes |
frontier/B945_l126_one_z2/FINDINGS.md	amphichiral	31	So the object is amphichiral (as banked), **and** it is separately invariant under
frontier/B945_l126_one_z2/FINDINGS.md	amphichiral	48	| stabilizer | count | amphichiral? |
frontier/B945_l126_one_z2/FINDINGS.md	amphichiral	55	Of the **31 amphichiral** classes, **18 sit in the LOCKED class** — fixed by the product
frontier/B945_l126_one_z2/FINDINGS.md	amphichiral	58	> **So the locking is real, it is the MAJORITY behaviour among amphichiral bundles
frontier/B945_l126_one_z2/FINDINGS.md	amphichiral	71	Consequently GHH's criterion reads: **amphichiral ⟺ W is conjugate to Wᵀ**. And indeed
frontier/B945_l126_one_z2/FINDINGS.md	amphichiral	90	**Kept, and newly registered:** the LOCKED class exists and is generic among amphichiral
frontier/B945_l126_one_z2/FINDINGS.md	orientation	115	orientation flip ↔ chirality) are the standard fibered-3-manifold readings and are
frontier/B949_ignorance_map/FINDINGS.md	orientation	73	| A3 | det = +1 (SL(2,ℤ)) | orientation-preserving |
frontier/B949_ignorance_map/FINDINGS.md	orientation	107	(ii) A7 may be doing its work somewhere the word level cannot see (an orientation or a
frontier/B94_tower_universality/FINDINGS.md	det-minus-1	1	# B94 — tower universality: catalog universal, parity det=−1-specific (Paper 0, G1)
frontier/B94_tower_universality/FINDINGS.md	det-minus-1	16	SL(3):  char(J)   = (t−1)(t+1)·char(M⁻¹)·char(M²)·char(M³)        [metallic det=−1: WITH parity]
frontier/B94_tower_universality/FINDINGS.md	det-minus-1	23	## The conclusion — "universal catalog, det=−1 parity"
frontier/B94_tower_universality/FINDINGS.md	det-minus-1	30	- **The parity / sign sectors `char(−Nᵏ)` (and the `(t+1)` Cartan-parity factor) are det=−1-SPECIFIC** —
frontier/B94_tower_universality/FINDINGS.md	det-minus-1	32	So the tower's two-sheeted (CPT) structure is a **metallic (det=−1) phenomenon**, making the
frontier/B94_tower_universality/FINDINGS.md	det-minus-1	33	foundational `det=−1` condition (B92) **structurally distinguished** — exactly what B93 predicted.
frontier/B94_tower_universality/FINDINGS.md	det-minus-1	38	tower's det=−1-specific parity. The tower and degree=rank answer "universal?" differently ⇒ **two
frontier/B953_two_seeds_rank/FINDINGS.md	amphichiral	56	(chirality is not in the amphichiral object), **B582** (chiral matter *was* constructed —
frontier/B955_l133_scout/FINDINGS.md	knot-in-s3	14	> A **knot complement has H₁ = ℤ** — *cyclic*. So every abelian flat connection has **cyclic
frontier/B96_geometry_invariants/FINDINGS.md	orientation	9	(orientation-preserving, det=+1): `m=1→[[2,1],[1,1]]=4_1` (figure-eight), `m=2→[[5,2],[2,1]]=m136`,
frontier/B96_geometry_invariants/FINDINGS.md	knot-in-s3	32	- **`|τ₃|` (adjoint Reidemeister torsion of `s464`):** algebraically **branch-ambiguous** (the
frontier/B975_cc3_render_audit/FINDINGS.md	spin	43	separately is meaningless without the pin. cc3's fix is verified on their seat (residual falls
frontier/B97_sl2r_lorentzian/FINDINGS.md	sl2c-lift	7	B96 computed the volume Hessian on the **SL(2,ℂ) geometric** (hyperbolic-3-manifold) component and found
frontier/B97_sl2r_lorentzian/FINDINGS.md	sl2c-lift	23	parabolic) — distinct from the SL(2,ℂ) geometric 3-manifold rep B96 used.
frontier/B980_k3_conflation/FINDINGS.md	sl2c-lift	78	The SL(2,ℂ) Chern–Simons functional evaluated on the geometric representation of a hyperbolic
frontier/B980_k3_conflation/FINDINGS.md	chern-simons	79	3-manifold is its **complex volume** — the honest gravitational CS quantity. **B250** has it:
frontier/B980_k3_conflation/FINDINGS.md	complex-volume	79	3-manifold is its **complex volume** — the honest gravitational CS quantity. **B250** has it:
frontier/B980_k3_conflation/FINDINGS.md	amphichiral	82	> known value) — **and CS = 0 exactly**, because the figure-eight is **amphichiral**, so its
frontier/B980_k3_conflation/FINDINGS.md	chern-simons	82	> known value) — **and CS = 0 exactly**, because the figure-eight is **amphichiral**, so its
frontier/B980_k3_conflation/FINDINGS.md	amphichiral	87	the true content of "the gravity brick", and it is a statement about *amphichirality* — the
frontier/B980_k3_conflation/FINDINGS.md	amphichiral	96	volume, with **CS = 0 by amphichirality**.
frontier/B980_k3_conflation/FINDINGS.md	chern-simons	96	volume, with **CS = 0 by amphichirality**.
frontier/B981_two_ended_correction/FINDINGS.md	chern-simons	48	ends: Vol=6Λ(π/3), **CS=0 vs π²/5**."*
frontier/B981_two_ended_correction/FINDINGS.md	chern-simons	50	The seat quoted B250 for `Vol = 6Λ(π/3), CS = 0` **in the same session** — and then drew a
frontier/B98_geometric_jacobian/FINDINGS.md	knot-in-s3	30	The transverse pair `{μ,1/μ}` (`μ+1/μ=5`) gives the **adjoint Reidemeister torsion**
frontier/B993_cornerstone_verified/FINDINGS.md	knot-in-s3	43	**Does NOT touch:** **Reid's theorem** — m004 *is* the unique arithmetic knot complement in S³,
frontier/B993_cornerstone_verified/FINDINGS.md	knot-in-s3	49	**And Reid-uniqueness is load-bearing at ZERO steps** — cc3's REID probe found it consumed nowhere.
frontier/B994_rule_variation/FINDINGS.md	amphichiral	55	- **B713 [NEGATIVE]** — *"Chirality is **not in** the amphichiral object … 'which chirality' is a
frontier/B996_grammar_control/FINDINGS.md	spin	55	this cell **did not pin down that notion** — it computed the shadow at a fixed modulus instead.
frontier/B997_golden_conductor_uniqueness/FINDINGS.md	spin	90	step is limit 2: pin down whether m²+4 is *the* conductor, from a definition rather than from two
docs/CAMPAIGN_STATUS.md	chern-simons	32	**Anderson–Moore/Vafa is a PHYSICS-ARGUMENT, unread, and does not automatically cover a CS boundary
docs/CAMPAIGN_STATUS.md	chern-simons	75	lattice and provably no `k` (CS = 0 ⇒ ∂S/∂k ≡ 0; CS = 0 forced by B1224/B1227), and only level 1
docs/CAMPAIGN_STATUS.md	chern-simons	77	that pins σ**, not the obstacle. **σ = 1 RETRACTED in-session**: the geometric PSL(2,ℂ) CS action's
docs/CAMPAIGN_STATUS.md	sl2c-lift	77	that pins σ**, not the obstacle. **σ = 1 RETRACTED in-session**: the geometric PSL(2,ℂ) CS action's
docs/CAMPAIGN_STATUS.md	amphichiral	82	RECORD)**: owner asked to stop the paper and crystallise. **The theorem**: for an amphichiral object
docs/CAMPAIGN_STATUS.md	chern-simons	96	following B1224's undrawn consequence hit the same thing. **B1012's `blind-to-k ⟺ CS = 0 ⟺
docs/CAMPAIGN_STATUS.md	amphichiral	97	amphichiral` is refuted at the second link in both directions** — m003/m135/m207 are amphichiral with
docs/CAMPAIGN_STATUS.md	chern-simons	98	CS = ¼, m208 is chiral with CS = 0. The scale wall **stands for m004** but its reason is corrected
docs/CAMPAIGN_STATUS.md	complex-volume	99	from a symmetry theorem to a contingent datum; cleanly, **blind-to-k ⟺ the complex volume is real**.
docs/CAMPAIGN_STATUS.md	chern-simons	116	cannot distinguish among invariants.** One law explains six stuck rows — MENU-1 (G-trivial), the CS
docs/CAMPAIGN_STATUS.md	amphichiral	134	**Chern–Simons**, the quantity the mechanism names: amphichiral 0.500 vs non-amphichiral 0.0025 —
docs/CAMPAIGN_STATUS.md	amphichiral	135	**a factor of ~200 in the predicted direction** — and sharper than the thesis said: **amphichirality
docs/CAMPAIGN_STATUS.md	chern-simons	136	forces CS to be 2-TORSION, exactly {0, ¼}, six of six**. This **sharpens B303** (CS = 0 is the
docs/CAMPAIGN_STATUS.md	chern-simons	143	the corpus, ~65 arcs were noticed to *prove a vanishing* (CS = 0, Δ = I, ∂S/∂k ≡ 0, θ trivial, the
docs/CAMPAIGN_STATUS.md	orientable	148	first 400 one-cusped orientable census manifolds, **r(|Sym|, H₁-torsion) = +0.50** where the thesis
docs/CAMPAIGN_STATUS.md	amphichiral	151	both amphichiral — and its cusp is the **hexagonal** ω, the most symmetric torus.) Tests 1 and 2
docs/CAMPAIGN_STATUS.md	amphichiral	154	what was never in doubt** — amphichirality does force CS = 0, traciality does force Δ = I — but they
docs/CAMPAIGN_STATUS.md	chern-simons	154	what was never in doubt** — amphichirality does force CS = 0, traciality does force Δ = I — but they
docs/CAMPAIGN_STATUS.md	chern-simons	180	> **Review 49 (2026-08-26):** window B1135–B1155 reviewed (the carrier/coupling harvest, C4 neg→pos, the cost class, the two seams); the discipline held (six in-window errors all caught + corrected); **SEAM-A's Gate 2 is the one live crossi
docs/CAMPAIGN_STATUS.md	amphichiral	210	**LATEST (2026-08-28, B1201 — THE LEE VERIFICATION CORRECTS B1198)**: the named step ran and came back against us — **the tangential base point is UNIQUE for 4₁** (|a₁| = 1 at all four ideal points), so B1198's non-canonicity headline is **
docs/CAMPAIGN_STATUS.md	chern-simons	210	**LATEST (2026-08-28, B1201 — THE LEE VERIFICATION CORRECTS B1198)**: the named step ran and came back against us — **the tangential base point is UNIQUE for 4₁** (|a₁| = 1 at all four ideal points), so B1198's non-canonicity headline is **
docs/CAMPAIGN_STATUS.md	double-cover	210	**LATEST (2026-08-28, B1201 — THE LEE VERIFICATION CORRECTS B1198)**: the named step ran and came back against us — **the tangential base point is UNIQUE for 4₁** (|a₁| = 1 at all four ideal points), so B1198's non-canonicity headline is **
docs/CAMPAIGN_STATUS.md	complex-volume	216	**LATEST (2026-08-28, B1198 — THE SPECIALIST BAR'S LITERATURE HALF)**: WebSearch restored; B707's never-run **Lee's-motives** test retrieved. Lee (arXiv:2502.11950) builds a mixed Tate motive over the invariant trace field whose Beilinson r
docs/CAMPAIGN_STATUS.md	chern-simons	218	**LATEST (2026-08-28, B1197 — THE CLOCK-COHERENCE RUN, the D2 gate): SPLIT**. The (1,n) ladder is MONOTONE over 29 rungs (Vol ↗ Vol_cusp, |CS| ↘ 0) — cloud's named primary test passes; the FULL 78-closing census FAILS globally (15 violation
docs/CAMPAIGN_STATUS.md	det-minus-1	228	**LATEST (2026-08-29, B1216 — THE PARAMETER-CLOSURE LOOP, RUN 1)**: 9 agents, ~686k tokens. **Zero rows deleted, one gate written, one regression, one refutation** — and the pre-registration was wrong (the cell predicted least likely to mov
docs/CAMPAIGN_STATUS.md	chern-simons	242	**LATEST (2026-08-29, B1209 — THE LEE VERIFICATION: the bridge to the observer's bit is CLOSED)**: R52-3 discharged and B1198's E37 grade paid — the paper **read on-bench** (78pp). The admissible tangential-base-point set is a **torsor unde
docs/CAMPAIGN_STATUS.md	complex-volume	242	**LATEST (2026-08-29, B1209 — THE LEE VERIFICATION: the bridge to the observer's bit is CLOSED)**: R52-3 discharged and B1198's E37 grade paid — the paper **read on-bench** (78pp). The admissible tangential-base-point set is a **torsor unde
docs/CAMPAIGN_STATUS.md	chern-simons	248	**LATEST (2026-08-28, B1193 — THE TWO CAMPAIGNS RECONCILED)**: both seats ran the directive blind and CONVERGE (λ = THE residue, per both — the strongest cross-seat signal; arrow external-≠-c, interlocking halves; one clock generator; meter
docs/CAMPAIGN_STATUS.md	det-minus-1	250	**LATEST (2026-08-28, B1192 — THE RELATIONAL BIT EXISTS)**: for (the object, the √3-partner) the mirror is GL₂(ℤ)-realizable ONLY with det −1 — **ε = −1 a mirror-odd dimensionless ℤ/2 class of the PAIR, restricting to c** (both Galois actio
docs/CAMPAIGN_STATUS.md	amphichiral	266	**LATEST (2026-08-27, B1186 — THE FAMILY IS 112; cc3's B8152 verified + corrected)**: the family-definition cell closed. Criteria STRICTLY NESTED (77 all-regular ⊊ shape-field-ℚ(√−3)); Paper IV means the latter; independent full-census enum
docs/CAMPAIGN_STATUS.md	orientation	272	**LATEST (2026-08-27, B1183 — THE ONE-CLASS THEOREM)**: **the QP-4 obstruction IS the orientation obstruction** — one ℤ/2-torsor class under the one involution c (the eigenvalue swap, the ±√3 sign, and the orientation flip are all c through
docs/CAMPAIGN_STATUS.md	orientation	274	**LATEST (2026-08-27, B1182 — C4′ RESOLVED POSITIVE; the arrow typed FINITE-PLACE)**: the √−3-internal pair is **one named-action torsor** by the **unique** iso **(c,r,θ)→(k11,k7,k5)** — c→k11 (B1174); **r→k7 forced by trace-reversal invari
docs/CAMPAIGN_STATUS.md	amphichiral	276	**LATEST (2026-08-27, B1181 — the amphichirality debt CLOSED, 83/83; ALL SENDS HELD; back to the math)**: cc3 closed B1180's residue — **83/83 amphichiral** on the corrected family (spot-verified 5/5 here by mirror-isometry incl. both separ
docs/CAMPAIGN_STATUS.md	orientation	278	**LATEST (2026-08-27, B1180 — cc3's B8147 adopted: the family was ≥83, not 14)**: both separators DEAD (o10_150700 kills H₁≅ℤ — single-cusped, 5×Vol, verified; four manifolds carry the 2√3·i cusp — verified); main corrected by addenda (B116
docs/CAMPAIGN_STATUS.md	spin	288	**LATEST (2026-08-27, B1175 — THE CHARTER-CLOSE HARVEST)**: the inbounds landed within hours — **cloud filed Addendum 1: every charter row moved** (G-IDENT re-typed per B1165 accepted; C1+arena adopted; **C3 VERIFIED**; **C4 REFUTED-AS-STAT
docs/CAMPAIGN_STATUS.md	gieseking	288	**LATEST (2026-08-27, B1175 — THE CHARTER-CLOSE HARVEST)**: the inbounds landed within hours — **cloud filed Addendum 1: every charter row moved** (G-IDENT re-typed per B1165 accepted; C1+arena adopted; **C3 VERIFIED**; **C4 REFUTED-AS-STAT
docs/CAMPAIGN_STATUS.md	orientation	290	**LATEST (2026-08-27, B1174 — the ℤ/2-identification cell, R50-3)**: **NOT ONE TORSOR — ONE SHARED INVOLUTION.** The literal four-way identification REFUTED; proved: **c = mirror = chirality = Gal(K/ℚ)** = the shared c-leg of both V₄'s (bra
docs/CAMPAIGN_STATUS.md	orientation	302	**LATEST (2026-08-27, B1169 — the qualia/parity synthesis: this week's four arcs fold back into the observer-closure spine)**: owner-directed ("run it, all seats to verify"). SOLID core: the parity facts (B1168); the Markov blanket IS the c
docs/CAMPAIGN_STATUS.md	orientation	304	**LATEST (2026-08-27, B1168 — the C5 investigation: the ∞-place object/observer boundary is a MIRROR-PARITY × DIMENSION law, not a choice)**: owner-directed ("C5 is not just a choice, investigate further"). Classify each datum the object ca
docs/CAMPAIGN_STATUS.md	amphichiral	304	**LATEST (2026-08-27, B1168 — the C5 investigation: the ∞-place object/observer boundary is a MIRROR-PARITY × DIMENSION law, not a choice)**: owner-directed ("C5 is not just a choice, investigate further"). Classify each datum the object ca
docs/CAMPAIGN_STATUS.md	chern-simons	304	**LATEST (2026-08-27, B1168 — the C5 investigation: the ∞-place object/observer boundary is a MIRROR-PARITY × DIMENSION law, not a choice)**: owner-directed ("C5 is not just a choice, investigate further"). Classify each datum the object ca
docs/CAMPAIGN_STATUS.md	orientation	306	**LATEST (2026-08-26, B1167 — two-seat harvest: codex R017 pays SEAM-Y provenance; cc3's cusp separator is orientation-blind)**: owner-approved integrate-don't-merge. **(A) codex R017** closes the SEAM-Y up-Yukawa **provenance debt** (B1154
docs/CAMPAIGN_STATUS.md	chern-simons	308	**LATEST (2026-08-26, B1166 — cc's attack on cloud's GRAVITY_CHARTER: C3 verified, C4 refutation-candidate)**: cloud relayed THE_GRAVITY_CHARTER (the §E identification as preregistered falsifiable sub-claims), assigning **C3** + **C4** to c
docs/CAMPAIGN_STATUS.md	spin	308	**LATEST (2026-08-26, B1166 — cc's attack on cloud's GRAVITY_CHARTER: C3 verified, C4 refutation-candidate)**: cloud relayed THE_GRAVITY_CHARTER (the §E identification as preregistered falsifiable sub-claims), assigning **C3** + **C4** to c
docs/CAMPAIGN_STATUS.md	complex-volume	308	**LATEST (2026-08-26, B1166 — cc's attack on cloud's GRAVITY_CHARTER: C3 verified, C4 refutation-candidate)**: cloud relayed THE_GRAVITY_CHARTER (the §E identification as preregistered falsifiable sub-claims), assigning **C3** + **C4** to c
docs/CAMPAIGN_STATUS.md	orientation	310	**LATEST (2026-08-26, B1165 — the terminal gravity close (§E): GENERIC-RHYME, gravity is the WHERE)**: the owner-directed terminal probe of gravity, run to a typed close. **Verdict NEGATIVE, seal GENERIC-RHYME** — the observer's archimedean
docs/CAMPAIGN_STATUS.md	amphichiral	310	**LATEST (2026-08-26, B1165 — the terminal gravity close (§E): GENERIC-RHYME, gravity is the WHERE)**: the owner-directed terminal probe of gravity, run to a typed close. **Verdict NEGATIVE, seal GENERIC-RHYME** — the observer's archimedean
docs/CAMPAIGN_STATUS.md	chern-simons	310	**LATEST (2026-08-26, B1165 — the terminal gravity close (§E): GENERIC-RHYME, gravity is the WHERE)**: the owner-directed terminal probe of gravity, run to a typed close. **Verdict NEGATIVE, seal GENERIC-RHYME** — the observer's archimedean
docs/CAMPAIGN_STATUS.md	complex-volume	310	**LATEST (2026-08-26, B1165 — the terminal gravity close (§E): GENERIC-RHYME, gravity is the WHERE)**: the owner-directed terminal probe of gravity, run to a typed close. **Verdict NEGATIVE, seal GENERIC-RHYME** — the observer's archimedean
docs/CAMPAIGN_STATUS.md	sl2c-lift	310	**LATEST (2026-08-26, B1165 — the terminal gravity close (§E): GENERIC-RHYME, gravity is the WHERE)**: the owner-directed terminal probe of gravity, run to a typed close. **Verdict NEGATIVE, seal GENERIC-RHYME** — the observer's archimedean
docs/CAMPAIGN_STATUS.md	orientation	317	**orientation** of m004 (+Vol over −Vol / the embedding ℚ(√−3)↪ℂ), which every marking smuggles. **One
docs/CAMPAIGN_STATUS.md	amphichiral	319	two-valuedness** (analytic, Bloch–Wigner odd) = the **amphichirality CS=0** (geometric — the object doesn't
docs/CAMPAIGN_STATUS.md	chern-simons	319	two-valuedness** (analytic, Bloch–Wigner odd) = the **amphichirality CS=0** (geometric — the object doesn't
docs/CAMPAIGN_STATUS.md	chern-simons	391	**FLOOR**, and **B1155's "leaning MISMATCH" is withdrawn**. The a-priori MISMATCH ("arith-CS is
docs/CAMPAIGN_STATUS.md	chern-simons	393	μ_n truncation only** (Artin–Verdier), secured only by *defining* arith-CS as the finite row; the
docs/CAMPAIGN_STATUS.md	chern-simons	394	**full/Arakelov** arithmetic CS over closed Spec O_F=ℤ[√−3] (∞-place included) carries a **real summand =
docs/CAMPAIGN_STATUS.md	chern-simons	396	(no map finite-phase→Vol). **Category correction:** arith-CS is a functional of a field+Galois rep, not
docs/CAMPAIGN_STATUS.md	chern-simons	399	(m004), decide the finite-phase→Vol map — two specialist sub-bars (object: CS=0 stationary-phase bridge;
docs/CAMPAIGN_STATUS.md	chern-simons	410	full arithmetic-CS action) not**; the **√3 hinge** is banked (ζ₁₂=K(√3), √3=√|disc K|, the same √3 in
docs/CAMPAIGN_STATUS.md	chern-simons	412	(B1108: arith-CS is finite/torsion, lacks Vol; codex's own OA-C1002 refutes derivability). Codex's
docs/CAMPAIGN_STATUS.md	spin	457	spin-½ is the holonomy's C²; 27/78 integer-spin; bridge = one sharp question, no-go half exact),
docs/CAMPAIGN_STATUS.md	spin	458	**memo 46** (the carrier **Ψ=C²⊗27**; matter sector = lift-independent sector, a spin-internal
docs/CAMPAIGN_STATUS.md	spin	477	odd A1/su(6) stratum's 27 over the beat-selected lift; the last discrete spin-lift bit is
docs/CAMPAIGN_STATUS.md	spin	481	sharpens the fence: the A₁ is su(2) *internal* to E₆, not the 4d Lorentz group — **no Pin
docs/CAMPAIGN_STATUS.md	spin	517	selects the spin structure, so the freedom ledger's **last free discrete bit is
docs/CAMPAIGN_STATUS.md	gieseking	520	The Gieseking beat closes over **exactly one** of m004's two SL(2,ℂ) lifts:
docs/CAMPAIGN_STATUS.md	sl2c-lift	520	The Gieseking beat closes over **exactly one** of m004's two SL(2,ℂ) lifts:
docs/CAMPAIGN_STATUS.md	spin	530	complement) hold **a graviton (two color-singlet spin-2) + 54 colored bi-vectors**,
docs/CAMPAIGN_STATUS.md	spin	537	closed two ways. Scope: the antilinear complex-spin-2 gluing NOT checked. Routed to the
docs/CAMPAIGN_STATUS.md	chern-simons	637	CARD locked -- S = -Vol sigma (CS = 0 by the object's own mirror;
docs/CAMPAIGN_STATUS.md	det-minus-1	681	bit; det = −1 the Breath pulse); the blanket re-filed as MATH (S072/B761:
docs/CAMPAIGN_STATUS.md	spin	963	assembly creates seven interface classes where the pin demanded at least six — and
docs/CAMPAIGN_STATUS.md	spin	1050	**LATEST — B1034 (2026-08-12): L154 ADJUDICATED — the σ question lands on the honest middle, and the prize is priced at exactly one bridge.** Plan Arc 1 ran sealed with no declared prior and the audit seat recused: the map hunt returns **NO
docs/CAMPAIGN_STATUS.md	spin	1072	**LATEST — B1023 (2026-08-10): Phase 2's first full exchange — and inside the second-round blocker hides the week's biggest conditional prize.** Round 1: the audit seat's two hits on this seat's constructions, conceded and fixed at the sour
docs/CAMPAIGN_STATUS.md	amphichiral	1084	**LATEST — B1011–B1013 (2026-08-10): the hearing data is McKAY⊗McKAY — and the walls are re-sorted down to ONE.** **B1011** (sealed `fc807f11`, prior OUTCOME A held): on B593's instrument, **⟨R,L⟩ = 2T×2I exactly** and **ρ₆ ≅ (χ⊗V₂(2I)) ⊕ (
docs/CAMPAIGN_STATUS.md	chern-simons	1084	**LATEST — B1011–B1013 (2026-08-10): the hearing data is McKAY⊗McKAY — and the walls are re-sorted down to ONE.** **B1011** (sealed `fc807f11`, prior OUTCOME A held): on B593's instrument, **⟨R,L⟩ = 2T×2I exactly** and **ρ₆ ≅ (χ⊗V₂(2I)) ⊕ (
docs/CAMPAIGN_STATUS.md	knot-in-s3	1124	**LATEST (2026-08-06): λ₂ — a number nobody has ever had.** After 58 hours inside a sealed protocol, cc3's instrument delivered the first Maass eigenvalue ever computed to 25 digits on ANY hyperbolic 3-manifold — on our knot complement: λ =
docs/CAMPAIGN_STATUS.md	orientation	1200	— CS(m004) = 0 and amphichirality forces every orientation-odd invariant to 2-torsion (nine chiral
docs/CAMPAIGN_STATUS.md	amphichiral	1200	— CS(m004) = 0 and amphichirality forces every orientation-odd invariant to 2-torsion (nine chiral
docs/CAMPAIGN_STATUS.md	chern-simons	1200	— CS(m004) = 0 and amphichirality forces every orientation-odd invariant to 2-torsion (nine chiral
docs/CAMPAIGN_STATUS.md	amphichiral	1207	be separated by their 2-torsion CS class (0 vs π²/2) despite equal volume and shared amphichirality.
docs/CAMPAIGN_STATUS.md	chern-simons	1207	be separated by their 2-torsion CS class (0 vs π²/2) despite equal volume and shared amphichirality.
docs/CAMPAIGN_STATUS.md	amphichiral	1210	arrived from the review seat. The headline (the arrow/amphichirality census) **reproduces exactly,
docs/CAMPAIGN_STATUS.md	amphichiral	1214	symmetry gives amphichirality. The conclusion survives via the real mechanism — disc = m²+4 and
docs/CAMPAIGN_STATUS.md	knot-in-s3	1304	dossier + six-group sweep (Q-FIELD answered by NEUMANN-REID; the
docs/CAMPAIGN_STATUS.md	amphichiral	1359	- **B643 (L93 CLOSED)**: the chord breaks BOTH amphichiral flip classes — the
docs/CAMPAIGN_STATUS.md	chern-simons	1542	- **The corrected X2 closed (the review queue's item 3).** CS = 0 kills the phase; the sign law
docs/CAMPAIGN_STATUS.md	chern-simons	1576	unifier is L82), the C-twisted torus is Sol (−A₁ bundle; no census/CS/trace-field — the "CS =
docs/CAMPAIGN_STATUS.md	sl2c-lift	1671	principal SL(2,ℂ); vector-like for ANY rank-1 E₆-embedding**) ∧ D passes the clock (**THEOREM:
docs/CAMPAIGN_STATUS.md	amphichiral	1679	C4: every cyclic cover amphichiral (the handoff's cover-row refuted); C5QC quarantined —
docs/CAMPAIGN_STATUS.md	amphichiral	1680	Q-C's transport stays OPEN. Registry T-θTANGENT wording corrected (amphichiral = conj∘θ
docs/CAMPAIGN_STATUS.md	orientation	1696	(orientation/conjugation/time) abundantly and is symmetric under **θ** (27↔27̄) — the θ-grading content welds amphichirality to vector-like-ness (involution
docs/CAMPAIGN_STATUS.md	amphichiral	1696	(orientation/conjugation/time) abundantly and is symmetric under **θ** (27↔27̄) — the θ-grading content welds amphichirality to vector-like-ness (involution
docs/CAMPAIGN_STATUS.md	amphichiral	1697	identifications per the corrected T-θTANGENT: amphichiral = antilinear conj∘θ; linear θ =
docs/CAMPAIGN_STATUS.md	chern-simons	1703	CS at level 1"): the handoff's modular data was INCONSISTENT (SU(3)₁'s h=1/3 pasted onto E₆'s
docs/CAMPAIGN_STATUS.md	sl2c-lift	1975	(CORRECTED by adversarial review 2026-07-05).** The SL(2,C) vacuum spectra of K(5,1),
docs/CAMPAIGN_STATUS.md	sl2c-lift	1985	- **B439 — C3: the child's SL(2,C) vacuum book (figure-eight core + slope control).** The child's
docs/CAMPAIGN_STATUS.md	sl2c-lift	1986	irreducible SL(2,C) vacua = the Cooper–Long A-polynomial on `L=M⁻⁵`, in the meridian trace:
docs/CAMPAIGN_STATUS.md	knot-in-s3	2022	- **B425 — the object has TWO E₆ torsions = the two cornerstone sides (a correction that TIGHTENS the papers).** A cross-chat catch was RIGHT: B423's golden "E₆ torsion" is the **dynamical zeta** of the *monodromy* A (golden by construction
docs/CAMPAIGN_STATUS.md	orientation	2098	earned negative; parity residue = the orientation bit; the wall merge VERIFIED
docs/CAMPAIGN_STATUS.md	orientation	2099	orientation-reversing; collision census — p=5 not isolated, one TRIPLE).
docs/CAMPAIGN_STATUS.md	orient-reversing	2099	orientation-reversing; collision census — p=5 not isolated, one TRIPLE).
docs/CAMPAIGN_STATUS.md	gieseking	2100	- **B469 Breath Campaign**: BR1 two-register breath law; BR2 family Gieseking theorem;
docs/CAMPAIGN_STATUS.md	amphichiral	2107	the Markov spine; aba body amphichiral.
docs/CAMPAIGN_STATUS.md	orientation	2119	Kirk–Klassen per-vacuum machinery, the collision census (→ the wall/orientation-bit
docs/CAMPAIGN_STATUS.md	orientation	2237	## 2026-07-12 — REORIENTATION → the object's natural history (B530)
docs/CAMPAIGN_STATUS.md	orientation	2241	unspoken interaction (bB) on the orientation axis; grouped into two golden copies the growth = the B517
docs/CAMPAIGN_STATUS.md	spin	2391	(iii) LOCKED pending cc2's gate; the V_k-reading pin awaits their
docs/CAMPAIGN_STATUS.md	spin	2501	registration stays 0.30902 under the co-signed one-number pin. GATE 5-Q
docs/CAMPAIGN_STATUS.md	chern-simons	2505	facts now computed in-repo — the genus-2 CS-flip witnessed, the 1/4 null
docs/CAMPAIGN_STATUS.md	gieseking	2606	> **B1104 + R48 CLOSE (2026-08-21).** L177 run to the end same-day: NO-SECTION over the complete D₄ menu (θ-filter and tick-filter select disjoint suspensions; empty joint witness); the genesis act cannot repeat at 4d (Mostow finiteness); t
docs/CAMPAIGN_STATUS.md	spin	2616	> **B1112 THE PROJECTIVE HATCH (2026-08-21).** The owner's spin-structure catch, verified three ways (owner + outside bench + this bench's 20-strata sweep): the object's PSL(2,C) geometry SELECTS the A2 landing without an inserted choice (9
docs/CAMPAIGN_STATUS.md	sl2c-lift	2616	> **B1112 THE PROJECTIVE HATCH (2026-08-21).** The owner's spin-structure catch, verified three ways (owner + outside bench + this bench's 20-strata sweep): the object's PSL(2,C) geometry SELECTS the A2 landing without an inserted choice (9
docs/CAMPAIGN_STATUS.md	amphichiral	2626	> **V-2 banked (B1125, 2026-08-21) — a LINEAR negative that names its successor.** Compact su(3) color is unreachable by any of the object's 48 sign-lifts (exhaustive, both lattice classes; the color A2 stays (5,3), never (0,8), even at E₆(
docs/CAMPAIGN_STATUS.md	amphichiral	2640	> **THE GENERICITY CONTROL ON THE WINS (B1136, 2026-08-22) — the red-team turned on our own successes, and it bit.** cc3's B8128 (owner-elected), verified two-bench via an independent SnapPy census. Over the 14-manifold ℚ(√−3) shape-field f
docs/CAMPAIGN_STATUS.md	chern-simons	2640	> **THE GENERICITY CONTROL ON THE WINS (B1136, 2026-08-22) — the red-team turned on our own successes, and it bit.** cc3's B8128 (owner-elected), verified two-bench via an independent SnapPy census. Over the 14-manifold ℚ(√−3) shape-field f
docs/CLOSURE_2026-07-11.md	amphichiral	24	| audit | Gate A (13 invariant classes) | does any peripheral invariant force a choice the object doesn't make? | **SEALED** — the ends meet at the seam (disc −15); amphichiral 2-torsion {0,¼}; SL(3) τ_V0 = −84 |
docs/CLOSURE_2026-07-11.md	amphichiral	25	| audit | Gate B (T[4₁;E₆] realization) | — | **REDUCED** + theorem: the amphichiral involution *is* θ on the tangent (Out E₆ = ℤ/2) |
docs/CLOSURE_2026-07-11.md	amphichiral	84	- **The θ-tangent theorem (audit, Gate B).** The manifold's amphichiral involution = θ, canonically.
docs/CLOSURE_MASTERPLAN.md	spin	6	mathematics survives), the one-number pin untouchable. This supersedes the tactical
docs/CLOSURE_MASTERPLAN.md	gieseking	56	mechanism, the p-adic L-function, the Gieseking descent, the dark-hyperbola THEOREM
docs/CLOSURE_MASTERPLAN.md	chern-simons	100	the SL(5) exponent, the silver A-polynomial, the class-S state integral, the arith-CS
docs/CLOSURE_MASTERPLAN.md	spin	120	| The one-number pin (0.30902) | SEALED | ⛔ untouchable; no post-hoc registration |
docs/CLOSURE_PROGRAM.md	spin	46	**the JUNO timestamping AMENDED — see the pin note**; the final gold-standard pass
docs/CLOSURE_PROGRAM.md	spin	49	## THE PIN NOTE (a governance refusal, banked)
docs/CLOSURE_PROGRAM.md	spin	51	the co-signed one-number pin (B753, cc+cc3, in HINT_LEDGER) says one observable, one
docs/COMPUTE_THE_PROGRAM.md	knot-in-s3	25	| **the class** | the invariant trace field is a **commensurability invariant** (Reid) ⟹ everything downstream of it is a statement about the **class**, not the member | **B803**, B855 |
docs/COMPUTE_THE_PROGRAM.md	sl2c-lift	27	| **the rows** | the **family has two rows**: golden in PSL(2,𝒪₋₃), silver in PSL(2,𝒪₋₁) — **not commensurable** | B855; the only true genericity control the repo has |
docs/COSMOLOGY_LEDGER.md	orientation	67	T4 (golden slope, Hurwitz-extremal fixed point) → A5/A5b (carrier + puncture) → A6 (orientation) →
docs/COSMOLOGY_LEDGER.md	knot-in-s3	68	T7 (Thurston/Riley/Reid: the figure-eight complement, forced). Re-priced exactly: **two owned
docs/COSMOLOGY_LEDGER.md	orientation	69	choices (orientation, puncture) + theorems**, not thirteen unexamined premises.
docs/COSMOLOGY_LEDGER.md	amphichiral	76	internal time is the Anosov suspension of σ = [[2,1],[1,1]], **amphichiral** (14+ independent
docs/COSMOLOGY_LEDGER.md	amphichiral	79	past, no beginning-as-an-event. (Independently re-derived kappa arithmetic and the amphichirality
docs/COSMOLOGY_LEDGER.md	amphichiral	111	= 0, at the amphichirality fixed point).
docs/COSMOLOGY_LEDGER.md	amphichiral	250	dimensionless constants** (B1088): CS(m004) = 0 exactly (amphichirality, a theorem not a numerical
docs/COSMOLOGY_LEDGER.md	chern-simons	250	dimensionless constants** (B1088): CS(m004) = 0 exactly (amphichirality, a theorem not a numerical
docs/COSMOLOGY_LEDGER.md	chern-simons	269	CS = 0 exactly.
docs/COSMOLOGY_LEDGER.md	orientable	332	filling child, m004(5,1), **IS** the Thurston manifold (the #2-smallest closed orientable hyperbolic
docs/CROSSING_REQUIREMENTS.md	chern-simons	53	| **R4** | **the normalisation is fixed before the seal** — **DISCHARGED 2026-08-10 (B1012):** the three-entry closure (Brown–Henneaux · the gravitational CS level · S2's Einstein–Hilbert action) verified exactly; **c = 6σ forced**; the sur
docs/CROSSING_REQUIREMENTS.md	orientation	56	| **R7** | **every designer freedom priced** in a look-elsewhere ledger, orientation choices included | B929's ledger (it worked) |
docs/CROSSING_REQUIREMENTS.md	spin	60	| **R11** | **THE ANCHOR RULE (owner-approved 2026-08-10; pin v2 after two cc3 blockers, both conceded):** anchors come in two types. **(T1) FRAME-SELECTORS — discrete.** B782's torsor bits (conjugation, reversal; the third spent on A7) ARE
docs/CROSSING_REQUIREMENTS.md	chern-simons	71	2. ~~X25/X21 — the CS/grav normalisation~~ **DONE — R4 discharged (B1012)**
docs/CROSS_SESSION_2026-06-11_disposition.md	amphichiral	29	| **F4** CS 240-census, m208 converse | **NEW, verified** | **banked as probe B152** (`../frontier/B152_cs_amphichirality_census/`, V141): 7 amphichiral, 0 necessity violations, m208 the unique converse counterexample (chiral, CS=0) → CS-2-
docs/CROSS_SESSION_2026-06-11_disposition.md	chern-simons	29	| **F4** CS 240-census, m208 converse | **NEW, verified** | **banked as probe B152** (`../frontier/B152_cs_amphichirality_census/`, V141): 7 amphichiral, 0 necessity violations, m208 the unique converse counterexample (chiral, CS=0) → CS-2-
docs/CROSS_SESSION_2026-06-11_disposition.md	chern-simons	62	Exhaustive treatment, thin bank: the one real new result is **B152** (the CS census + m208). **R2b** is a
docs/CRYSTALLIZATION_2026-07-09.md	knot-in-s3	47	2. **Topology:** The figure-eight knot complement 4₁, the simplest hyperbolic 3-manifold
docs/CRYSTALLIZATION_2026-07-09.md	chern-simons	48	3. **TQFT:** SU(2)₃ Chern-Simons theory, the golden level
docs/CRYSTALLIZATION_2026-07-09.md	orientation	88	Par·D·Par = D·Z^{cm}. The parity involution conjugates the D-operator by a central character. Chirality is the residue of the orientation choice.
docs/CRYSTALLIZATION_2026-07-09.md	amphichiral	119	ALL metallic bundles have purely imaginary cusp shapes: 2√3·i, 2i, 1.662i, 1.600i for m=1,2,3,4. Rectangularity = geometric amphichirality.
docs/CRYSTALLIZATION_2026-07-09.md	knot-in-s3	145	**Class-laundering:** relational invariants forget the parent (Neumann-Reid)
docs/CRYSTALLIZATION_2026-07-09.md	amphichiral	160	The figure-eight is AMPHICHIRAL — it equals its own mirror image. In Chern-Simons: amphichirality gives Z_k(M) = Z_{-k}(M), forcing θ = 0. The object's topology FORBIDS CP violation in its own gauge theory.
docs/CRYSTALLIZATION_2026-07-09.md	chern-simons	160	The figure-eight is AMPHICHIRAL — it equals its own mirror image. In Chern-Simons: amphichirality gives Z_k(M) = Z_{-k}(M), forcing θ = 0. The object's topology FORBIDS CP violation in its own gauge theory.
docs/CRYSTALLIZATION_2026-07-09.md	chern-simons	183	The object IS gravitational: Chern-Simons IS 2+1 gravity (Witten). sl(2,ℂ) ≅ so(3,1) puts geometry in the connection. BUT: our data is 3-manifold. 3+1 needs a 4d decompactification we cannot do from a fixed moduli space.
docs/CRYSTALLIZATION_2026-07-09.md	sl2c-lift	183	The object IS gravitational: Chern-Simons IS 2+1 gravity (Witten). sl(2,ℂ) ≅ so(3,1) puts geometry in the connection. BUT: our data is 3-manifold. 3+1 needs a 4d decompactification we cannot do from a fixed moduli space.
docs/CRYSTALLIZATION_2026-07-09.md	chern-simons	198	**16. Measurement/collapse** = vacuum selection. The geometric representation dominates at large k. Standard Chern-Simons; torsion data gives weights.
docs/CRYSTALLIZATION_2026-07-09.md	amphichiral	317	- "Strong CP from amphichirality" — does Z_k = Z_{-k} hold at SL(3)? (Listed as pending verification)
docs/ERROR_LEDGER.md	spin	14	| E4 | **Necessary-read-as-sufficient** | a necessary/cited/proxied fact treated as the discriminating computation | compute the discriminating fact in-sandbox (the B525 audit rule) | 3/10 banked negatives cracked by the B525 audit (B519 re
docs/ERROR_LEDGER.md	sl2c-lift	40	| E21 | **SL-level over-read before the PSL/center bookkeeping (B731)** — a research agent AND cc's first pass both concluded "m004 is congruence of level (2)²=(4)" from the SL image order 320 = |SL(2,O₃/4)|/12 = 3840/12, reading "index 12"
docs/ERROR_LEDGER.md	sl2c-lift	44	| E23 | **Level-convention ambiguity (adopted 2026-07-22, R27-5; cc3's proposal, cc's formalization)** — a "congruence level" statement silently depends on WHICH filtration it names: the standard SL-kernel level (Γ ⊇ ker(SL(2,O)→SL(2,O/I)),
docs/ERROR_LEDGER.md	amphichiral	62	| E34 | **Apparatus-inflation (adopted 2026-07-29; review seat's proposal, cc's verification and two-layer merge)** — **a property of the INSTRUMENT or of a LARGER STRUCTURE, read off the results as if it were a property of the object.** Th
docs/ERROR_LEDGER.md	knot-in-s3	62	| E34 | **Apparatus-inflation (adopted 2026-07-29; review seat's proposal, cc's verification and two-layer merge)** — **a property of the INSTRUMENT or of a LARGER STRUCTURE, read off the results as if it were a property of the object.** Th
docs/ERROR_LEDGER.md	spin	68	| E40 *(number assigned at the digest port 2026-08-13 — the consolidation branch coined it "E39", which main's same-day rekey had taken; their intended E38 pairing is honored here: E38 is a lock that FAILS when it should not, E40 is a lock 
docs/ERROR_LEDGER.md	spin	83	| E53 the SURFACE NON-PROPAGATION class — a banked result never reaches the surfaces that assert the opposite (named at Review 53; found because the owner refused the seat's answer) | 2026-08-30 (Review 53; B1218 the instrument, `5ec66cf0`/
docs/ERROR_LEDGER.md	spin	84	| E53 instances #8–#9, and an independent same-day arrival from another bench | 2026-08-30 (the cloud seat's digest + their Gate C finding; both verified on this bench) | **#8 — the class arrived twice on one day, from two benches, neither 
docs/FALSIFIER_REGISTER.md	chern-simons	16	| P1 | θ_QCD = 0 | nonzero nEDM implying strong-CP phase ≠ 0 | **S4** — tests θ̄ = θ_QCD + arg det M_q, not θ_QCD | **WITHDRAWN** (the object→physics functor step refused — B1009; the mathematics CS = 0 stands, X25 carries it) | dead at bot
docs/GRAND_COMPUTATION_LEDGER.md	orientable	30	| A1. dimension from the object | **THE LAW FOUND (B1189/GC-4)**: the DEFICIT of transitive reach survives degree-preserving nulls and DEEPENS to z≈49–59; localized (81% = the two longest jumps into the terminal shell); **the charpoly-LOCAL
docs/GRAND_COMPUTATION_LEDGER.md	double-cover	30	| A1. dimension from the object | **THE LAW FOUND (B1189/GC-4)**: the DEFICIT of transitive reach survives degree-preserving nulls and DEEPENS to z≈49–59; localized (81% = the two longest jumps into the terminal shell); **the charpoly-LOCAL
docs/GRAND_COMPUTATION_LEDGER.md	knot-in-s3	47	| C2. scale as relation | **ANSWERED-SHARP (B1189/GC-1)**: NOT one class — 11/35 non-regular members fail Maclachlan–Reid (exact non-integral traces); the ladder unifies ACROSS classes | the multiples-of-3 sharpness + the 24 unrefuted membe
docs/GRAND_COMPUTATION_LEDGER.md	orientation	63	| E1. values from the object alone | **IMPOSSIBLE-BY-THEOREM** — V-3 (B1126): 16 periods × 22 targets, no object period is an SM ratio; B1129: natural values disjoint; ancestry B533 | **the re-frame: values = invariants of the OBJECT+CLOSER
docs/GRAND_COMPUTATION_LEDGER.md	orientation	72	| F2. relational supply | **NEGATIVE for self-coupling (B1189/GC-2, the crown): THE GOLDEN-UNIT KILLER** — the twisted double carries a genuine pair-datum (H₁ ℤ/5) but it is mirror-EVEN: centralizer(A) = ±φⁿ with N(φ) = −1 ⇒ both-sign conju
docs/GRAND_COMPUTATION_LEDGER.md	amphichiral	72	| F2. relational supply | **NEGATIVE for self-coupling (B1189/GC-2, the crown): THE GOLDEN-UNIT KILLER** — the twisted double carries a genuine pair-datum (H₁ ℤ/5) but it is mirror-EVEN: centralizer(A) = ±φⁿ with N(φ) = −1 ⇒ both-sign conju
docs/GRAND_COMPUTATION_LEDGER.md	det-minus-1	72	| F2. relational supply | **NEGATIVE for self-coupling (B1189/GC-2, the crown): THE GOLDEN-UNIT KILLER** — the twisted double carries a genuine pair-datum (H₁ ℤ/5) but it is mirror-EVEN: centralizer(A) = ±φⁿ with N(φ) = −1 ⇒ both-sign conju
docs/GRAND_COMPUTATION_LEDGER.md	orientation	73	| F3. spin vs orientation | **PROVED, off-surface (B279)**: the mirror FIXES both spin structures — the spin ℤ/2 is NOT the orientation ℤ/2; and the beat SELECTS the spin structure (B1141) | fold into the F2 cell's frame (two distinct ℤ/2's
docs/GRAND_COMPUTATION_LEDGER.md	spin	73	| F3. spin vs orientation | **PROVED, off-surface (B279)**: the mirror FIXES both spin structures — the spin ℤ/2 is NOT the orientation ℤ/2; and the beat SELECTS the spin structure (B1141) | fold into the F2 cell's frame (two distinct ℤ/2's
docs/GRAND_COMPUTATION_LEDGER.md	chern-simons	127	**twist-forcing** · **the (Vol, CS) coherence run** · **the branch↦r identification cell**. The
docs/GRAND_COMPUTATION_LEDGER.md	complex-volume	134	The NEEDS-SPECIALIST bar (row H/the sign row's wall) now has its reading list **in hand rather than absent**: Lee arXiv:2502.11950 constructs the motive whose regulator is our complex volume and realizes it on a path torsor whose **tangenti
docs/GRAND_COMPUTATION_LEDGER.md	orientation	142	V₄: there is NO contact with the orientation bit (B1174/B1182/B1183), and B1198's "outside instance
docs/GRAND_COMPUTATION_LEDGER.md	chern-simons	144	the source. **(2)** the 4₁ confirmation does **not** use the CS = 0 degeneracy (Hikami's
docs/GRAND_COMPUTATION_LEDGER.md	complex-volume	148	**mixed Tate motive over ℚ(√−3) whose Beilinson regulator is our complex volume**, 4₁ a verified
docs/GRAND_COMPUTATION_v0.md	gieseking	52	| square-root covering | **X₁² = A₁, det X₁ = −1** — the Breath ℤ/2 is a **covering-degree parity** (single-tick Gieseking / double-tick m004); "the object IS the double tick" | X₁=[[1,1],[1,0]]; always order 2, κ-free; X₁ itself infinite-o
docs/GRAND_COMPUTATION_v0.md	chern-simons	69	its propagation internal once seeded (B303: same-signed CS along the (1,n) ladder; the cusped
docs/GRAND_COMPUTATION_v0.md	chern-simons	70	object sits at CS = 0, the symmetric origin — B1025 I1).
docs/GRAND_COMPUTATION_v0.md	orientation	77	tick-selected order-2 orientation-reversing isometries of m004 give non-orientable mapping
docs/GRAND_COMPUTATION_v0.md	orientable	77	tick-selected order-2 orientation-reversing isometries of m004 give non-orientable mapping
docs/GRAND_COMPUTATION_v0.md	orient-reversing	77	tick-selected order-2 orientation-reversing isometries of m004 give non-orientable mapping
docs/GRAND_COMPUTATION_v0.md	orientation	78	tori whose orientation double cover is **exactly M × S¹**; the two tick representatives are
docs/GRAND_COMPUTATION_v0.md	double-cover	78	tori whose orientation double cover is **exactly M × S¹**; the two tick representatives are
docs/GRAND_COMPUTATION_v0.md	sl2c-lift	98	**V_reg = 6 · Vol_orb**, where Vol_orb = Vol(H³/PSL(2,O₋₃)) = |d_K|^{3/2} ζ_K(2)/(4π²) =
docs/GRAND_COMPUTATION_v0.md	knot-in-s3	113	**NOT arithmetic** (Maclachlan–Reid, exact non-integral traces at 50 dps — e.g. t06829
docs/GRAND_COMPUTATION_v0.md	amphichiral	129	| CS | **0** | THEOREM (amphichirality; exactly 2·R(e^{iπ/3}) = π²/6 + i·Vol, re-verified at 60 dps in GC-6: residuals 4.7e-61 / 3.1e-61) |
docs/GRAND_COMPUTATION_v0.md	chern-simons	129	| CS | **0** | THEOREM (amphichirality; exactly 2·R(e^{iπ/3}) = π²/6 + i·Vol, re-verified at 60 dps in GC-6: residuals 4.7e-61 / 3.1e-61) |
docs/GRAND_COMPUTATION_v0.md	chern-simons	132	| **S** | **−Vol·σ** | CS = 0 deletes the k-coupling — **the theory has one term** |
docs/GRAND_COMPUTATION_v0.md	chern-simons	135	quantized level k (∂S/∂k = −CS ≡ 0): σ is the ONE unquantized ℝ⁺ closing the observer can set
docs/GRAND_COMPUTATION_v0.md	chern-simons	139	with an exclusion control → 0; GC-6 V3), consistent with B1064 (CS=0 deletes the quantized sector).
docs/GRAND_COMPUTATION_v0.md	orientation	170	| **values from the object alone** | **IMPOSSIBLE-BY-THEOREM** — 16 periods × 22 targets: no object period is an SM ratio (V-3, exhaustive); natural values disjoint. **The re-frame: values = invariants of the OBJECT+CLOSER pair** — the coup
docs/GRAND_COMPUTATION_v0.md	chern-simons	184	| **the r-label** (arrow) | one ℤ/2 seed, FINITE-place | B1182: r → k7 (fixes K pointwise, flips √3), finite orbits; B1025 I1: the SEED is external (B782 no-equivariant-section; the object sits at CS = 0, the symmetric origin), **propagatio
docs/GRAND_COMPUTATION_v0.md	orientable	192	| **the 4d filling** | a closer-LABEL (nothing selects among infinitely many fillings, Ω₃^SO = 0); the tick-selected non-orientable lift is canonical up to diffeo but pattern-degenerate | B716; B1104/GC-10 | label row |
docs/GRAND_COMPUTATION_v0.md	chern-simons	240	**the level forced by inventory** — the object supplies a lattice and provably no `k` (CS = 0 ⇒
docs/GRAND_COMPUTATION_v0.md	sl2c-lift	242	*geometric* PSL(2,ℂ) Chern–Simons action is type A₁ (rank 1 — the "one cusp-boson unit"), while E₆
docs/GRAND_COMPUTATION_v0.md	orientation	287	- **F3 (spin vs orientation)** — PROVED (B279): the mirror fixes BOTH spin structures — the spin
docs/GRAND_COMPUTATION_v0.md	spin	287	- **F3 (spin vs orientation)** — PROVED (B279): the mirror fixes BOTH spin structures — the spin
docs/GRAND_COMPUTATION_v0.md	orientation	288	ℤ/2 is NOT the orientation ℤ/2; the beat selects the spin structure (B1141): one closer-paid
docs/GRAND_COMPUTATION_v0.md	spin	288	ℤ/2 is NOT the orientation ℤ/2; the beat selects the spin structure (B1141): one closer-paid
docs/HINT_LEDGER.md	amphichiral	96	| H32 | **lead:** does `ℚ(√−7)` (the next trace-1 imaginary rung) appear in the object's data — a deeper cusp field, a covering, a Markov-level field? (chat2) | QUESTION | 2026-06-27 | **CLOSED (B235) + REFINED (B316)** | **`√−7` is the CHI
docs/HINT_LEDGER.md	amphichiral	108	| H35 | **golden integrality of the colored Jones** — `[N]·J_N(4₁;e^{2πi/5})={1,−2,−2,1}` (`φ` cancels `1/φ`; mechanism `sin(π/5)sin(3π/5)=√5/4`) | MATH | 2026-06-27 | **CHECKED + CLOSED** | **VERIFIED → B240** | re-computed; **then closed 
docs/HINT_LEDGER.md	chern-simons	111	| H38 | does the Gang–Yonekura twist-knot `SU(3)` (the §6 horizon lead) equal our level-rank `SU(3)₂` (B238)? | QUESTION | 2026-06-27 | **CHECKED** | **RESOLVED (B241): DISTINCT** | **No** — GY [arXiv:1803.04009] is a global *flavor* symmet
docs/HINT_LEDGER.md	amphichiral	112	| H39 | the **three-SU(3) trichotomy**: SL(3,ℂ) char variety (B71) ‖ level-rank `SU(3)₂` (B238) ‖ GY flavor `SU(3)` (B241) — distinct? related? | QUESTION | 2026-06-28 | **CHECKED** | **RESOLVED (B242): three distinct objects + the new edge
docs/HINT_LEDGER.md	complex-volume	114	| H41 | the trichotomy's (1)↔(2) edge: does the quantum `SU(3)₂` see the 3 components of the SL(3,ℂ) char variety (B71)? | QUESTION | 2026-06-28 | **CHECKED** | **RESOLVED (B244): no at level 2; it's quantization** | the `SU(3)₂` fundamenta
docs/HINT_LEDGER.md	chern-simons	116	| H43 | does the large-color quantum SU(3) invariant of `4₁` grow at the SL(3) geometric rate `4·Vol=8.1195` (a "SL(3) volume conjecture")? | QUESTION | 2026-06-28 | **CHECKED** | **RESOLVED (B246): NO — symmetric VC gives the complement vo
docs/HINT_LEDGER.md	sl2c-lift	117	| H44 | (chat1/chat2 V1 handoff) does the figure-eight holonomy break `E₆` to the SM gauge group via `C_{E₆}(SU(2))`? | QUESTION | 2026-06-28 | **CHECKED** | **RESOLVED (B247): bridge FAILS; both desks' centralizer corrected** | **FIREWALLE
docs/HINT_LEDGER.md	knot-in-s3	119	| H46 | (push from B248) sweeping the full orbifold tower — which McKay fields appear, and is E₇ really absent? | QUESTION | 2026-06-28 | **CHECKED** | **RESOLVED (B249): Niven's theorem forces exactly E₆+E₈; E₇ geometrically impossible** |
docs/HINT_LEDGER.md	chern-simons	120	| H47 | (push from B249) quantify the transition — what are the volume + Chern-Simons along E₆→Euclidean→E₈? | QUESTION | 2026-06-28 | **CHECKED** | **RESOLVED (B250): the arithmetic invariants ARE the end-volumes** | **FIREWALLED.** Comple
docs/HINT_LEDGER.md	double-cover	121	| H48 | (push from B249/B250) is the transition really golden-specific — does any m≥2 metallic bundle host it? | QUESTION | 2026-06-28 | **CHECKED** | **RESOLVED (B251): golden-specific by a homology obstruction** | **FIREWALLED.** `Mₘ`=map
docs/HINT_LEDGER.md	knot-in-s3	121	| H48 | (push from B249/B250) is the transition really golden-specific — does any m≥2 metallic bundle host it? | QUESTION | 2026-06-28 | **CHECKED** | **RESOLVED (B251): golden-specific by a homology obstruction** | **FIREWALLED.** `Mₘ`=map
docs/HINT_LEDGER.md	amphichiral	122	| H49 | (Chat-2 handoff) is chirality (27↔27̄ preference) the located firewall — does any 4₁-specific structure break the matter–antimatter symmetry? | QUESTION | 2026-06-28 | **CHECKED** | **ADJUDICATED (B252): chat-2 right on all 4 steps;
docs/HINT_LEDGER.md	chern-simons	122	| H49 | (Chat-2 handoff) is chirality (27↔27̄ preference) the located firewall — does any 4₁-specific structure break the matter–antimatter symmetry? | QUESTION | 2026-06-28 | **CHECKED** | **ADJUDICATED (B252): chat-2 right on all 4 steps;
docs/HINT_LEDGER.md	chern-simons	123	| H50 | (Chat-2 handoff, follow-up) does chirality REDUCE to gauged-vs-SSB of the amphicheiral τ, and is it decidable (cheaply, via CS)? | QUESTION | 2026-06-28 | **CHECKED** | **ADJUDICATED (B253): Part A banked; the reduction is firewalle
docs/HINT_LEDGER.md	chern-simons	127	| H54 | (deep-dive hunt) what is at the Euclidean transition point (n=3, ℤ/3 orbifold) — the missing middle of B248→B256? | QUESTION | 2026-06-28 | **CHECKED** | **BANKED (B257): the order-3 Eisenstein discriminant branch point** | **FIREWA
docs/HINT_LEDGER.md	complex-volume	127	| H54 | (deep-dive hunt) what is at the Euclidean transition point (n=3, ℤ/3 orbifold) — the missing middle of B248→B256? | QUESTION | 2026-06-28 | **CHECKED** | **BANKED (B257): the order-3 Eisenstein discriminant branch point** | **FIREWA
docs/HINT_LEDGER.md	chern-simons	129	| H56 | (build request + two adversarial digests) does the figure-eight's CS/Mostow structure carry the simplicity constraints / close into Einstein at k=3; and are the physics walls theorems or gaps? | QUESTION | 2026-06-28 | **CHECKED** |
docs/HINT_LEDGER.md	sl2c-lift	129	| H56 | (build request + two adversarial digests) does the figure-eight's CS/Mostow structure carry the simplicity constraints / close into Einstein at k=3; and are the physics walls theorems or gaps? | QUESTION | 2026-06-28 | **CHECKED** |
docs/HINT_LEDGER.md	sl2c-lift	130	| H57 | (B259 next stone) is wall #1 (SL(2,ℂ) can't embed in compact E₆) even the right question — the Coulomb-branch reframing? | QUESTION | 2026-06-28 | **CHECKED** | **BANKED (B260): wall #1 is a true theorem but the WRONG QUESTION** | *
docs/HINT_LEDGER.md	chern-simons	132	| H59 | (systematic T[4₁] build, Rung 1) reconstruct the actual 3d N=2 theory T[4₁] from the triangulation — by our own computation, not citation | QUESTION | 2026-06-28 | **CHECKED** | **BANKED (B262): T[4₁] = U(1) gauge, 2 chirals, flavor
docs/HINT_LEDGER.md	chern-simons	133	| H60 | (T[4₁] build, Rung 1b) the Chern-Simons structure of T[4₁] from the Neumann-Zagier symplectic frame | QUESTION | 2026-06-28 | **CHECKED** | **BANKED (B263): U(1)₀ + unit BF coupling to the meridian** | **FIREWALLED.** Exact log-chan
docs/HINT_LEDGER.md	sl2c-lift	134	| H61 | (chat-1's insight, decisive sub-step) does π₁(4₁) have E₆ deformations beyond the named SL(2)-composed ones — i.e. is the E₆ character variety rich? | QUESTION | 2026-06-28 | **CHECKED** | **BANKED (B264): YES — tangent dim = rank(E
docs/HINT_LEDGER.md	amphichiral	138	| H65 | (T[4₁] Rungs 2-3, deferred from B262) does the cusp Weyl Z/2 enhance U(1)_m→SU(2), and does the partition-function saddle close the B250/B260/B261 loop? | QUESTION | 2026-06-28 | **CHECKED** | **BANKED (B269): NO SU(2) (abelian wall
docs/HINT_LEDGER.md	sl2c-lift	139	| H66 | (rigor upgrade, deferred from B265) is the integrability obstruction actually computed (cup product) or only cited (MFP smoothness)? | QUESTION | 2026-06-28 | **CHECKED** | **BANKED (B270): COMPUTED — cup product vanishes + cusp mec
docs/HINT_LEDGER.md	knot-in-s3	148	| H75 | (CRUX through the seam) does any CLOSED filling re-see the cusped E₆ atom ℚ(√−3)→2T→McKay-E₆? | QUESTION | 2026-06-29 | **CHECKED** | **BANKED (B288): NO — E₆ is an open-object property, lost on closing (leaning catalogue)** | **FIR
docs/HINT_LEDGER.md	amphichiral	149	| H76 | (seam, wall #3) is the CP SIGN forced by the closing, and what does it mean arithmetically? | QUESTION | 2026-06-29 | **CHECKED** | **BANKED (B289): forced sign LAW (mechanism) + Galois meaning; the SIGN itself external** | **FIREWA
docs/HINT_LEDGER.md	chern-simons	149	| H76 | (seam, wall #3) is the CP SIGN forced by the closing, and what does it mean arithmetically? | QUESTION | 2026-06-29 | **CHECKED** | **BANKED (B289): forced sign LAW (mechanism) + Galois meaning; the SIGN itself external** | **FIREWA
docs/HINT_LEDGER.md	amphichiral	150	| H77 | (Chat-2) is the CP-sign externality a CURIE wall, an SSB loophole, or GAUGE redundancy (τ gauged)? | QUESTION | 2026-06-29 | **CHECKED** | **BANKED (B295): NOT a Curie wall; SSB potential ABSENT; τ-gauged a stop-gate; sign external,
docs/HINT_LEDGER.md	chern-simons	155	| H81 | (seam, dynamics) is there an emergent CLOCK from the peripheral symplectic structure? | QUESTION | 2026-06-29 | **CHECKED** | **BANKED (B293): the clock = the peripheral symplectic pairing (Goldman=NZ); trajectory stop-gate** | **FI
docs/HINT_LEDGER.md	chern-simons	157	| H83 | (Arc II verification) does the seam arc survive adversarial attack + is the math correctly attributed? | QUESTION | 2026-06-30 | **CHECKED** | **BANKED (B296): all probes SURVIVE; classical math KNOWN/cited; novel connections flagge
docs/HINT_LEDGER.md	knot-in-s3	163	| H89 | (multiplicity thread, root insight) where does the generation ℤ/3 live, if not in the object? | QUESTION | 2026-06-30 | **CHECKED** | **BANKED (B302): it's the figure-eight's HIDDEN SYMMETRY — relational, not internal** | **FIREWALL
docs/HINT_LEDGER.md	orientation	165	| H90 | (the one live forcing, Wall A) does the running clock gauge-fix the CP sign? | QUESTION | 2026-06-30 | **CHECKED** | **BANKED (B303): the CP sign IS the sign of the CS clock; forcing REDUCED to one firewalled identification** | **FI
docs/HINT_LEDGER.md	amphichiral	165	| H90 | (the one live forcing, Wall A) does the running clock gauge-fix the CP sign? | QUESTION | 2026-06-30 | **CHECKED** | **BANKED (B303): the CP sign IS the sign of the CS clock; forcing REDUCED to one firewalled identification** | **FI
docs/HINT_LEDGER.md	chern-simons	165	| H90 | (the one live forcing, Wall A) does the running clock gauge-fix the CP sign? | QUESTION | 2026-06-30 | **CHECKED** | **BANKED (B303): the CP sign IS the sign of the CS clock; forcing REDUCED to one firewalled identification** | **FI
docs/HINT_LEDGER.md	amphichiral	166	| H91 | (two peer handoffs, fresh-eyes on the bottleneck) does the object force gauge DYNAMICS (running), not just kinematics? | QUESTION | 2026-06-30 | **CHECKED** | **BANKED (B304): YES (generic-GUT) + the 24=\|2T\| gem + 1 refutation + 1
docs/HINT_LEDGER.md	chern-simons	180	| H100 | (three-seat parallel run) the Fibonacci/(G₂)₁ bridge Face IV↔content + the upstream "is the figure-eight FORCED?" meditation | QUESTION | 2026-06-30 | **CHECKED** | **BANKED (B313): bridge REAL but GENERIC (+B261); upstream reduces
docs/HINT_LEDGER.md	amphichiral	182	| H102 | (Chat-1 Result 3 + Chat-2 Part 1/3) is the firewall a single geometric theorem via the amphichiral involution τ? + the "absorbing loop" meta-caveat | QUESTION | 2026-07-01 | **CHECKED** | **BANKED (B318 + K020 §6a): amphichirality 
docs/HINT_LEDGER.md	chern-simons	182	| H102 | (Chat-1 Result 3 + Chat-2 Part 1/3) is the firewall a single geometric theorem via the amphichiral involution τ? + the "absorbing loop" meta-caveat | QUESTION | 2026-07-01 | **CHECKED** | **BANKED (B318 + K020 §6a): amphichirality 
docs/HINT_LEDGER.md	amphichiral	185	| H105 | (S046 path 3) **one "seam ℤ/2" behind all the value-choices?** — CP sign (amphichiral), self-duality (σ), Galois `√−3`/`√5`: one group or independent? | MATH | 2026-07-01 | NOTICED | — | compute the group generated by these involut
docs/HINT_LEDGER.md	amphichiral	187	| H107 | (S047 path 1) does the chiral-flow law `CS(1,n) = −1/(2n) + c₂/n² + …` carry a `√3`/`ℚ(√−3)` sub-leading coefficient? (B290 found the *volume* `1/n²` coeff `= 2π/\|τ\|`, `\|τ\|²=12`) | MATH | 2026-07-01 | **PROMOTED** | — | **banke
docs/HINT_LEDGER.md	chern-simons	187	| H107 | (S047 path 1) does the chiral-flow law `CS(1,n) = −1/(2n) + c₂/n² + …` carry a `√3`/`ℚ(√−3)` sub-leading coefficient? (B290 found the *volume* `1/n²` coeff `= 2π/\|τ\|`, `\|τ\|²=12`) | MATH | 2026-07-01 | **PROMOTED** | — | **banke
docs/HINT_LEDGER.md	orientation	188	| H108 | (S047 path 3) do the two order parameters — chirality `CS ~ 1/n` (B338) and the CP phase `±π/6` (B285) — turn on *together* along the `(1,n)` flow? (chirality → CP selection) | MATH | 2026-07-01 | **PROMOTED** | — | **banked B340:*
docs/HINT_LEDGER.md	amphichiral	188	| H108 | (S047 path 3) do the two order parameters — chirality `CS ~ 1/n` (B338) and the CP phase `±π/6` (B285) — turn on *together* along the `(1,n)` flow? (chirality → CP selection) | MATH | 2026-07-01 | **PROMOTED** | — | **banked B340:*
docs/HINT_LEDGER.md	chern-simons	188	| H108 | (S047 path 3) do the two order parameters — chirality `CS ~ 1/n` (B338) and the CP phase `±π/6` (B285) — turn on *together* along the `(1,n)` flow? (chirality → CP selection) | MATH | 2026-07-01 | **PROMOTED** | — | **banked B340:*
docs/HINT_LEDGER.md	amphichiral	196	The narrative: substitution self-reference → amphichiral self-recognition → variety →
docs/HINT_LEDGER.md	knot-in-s3	228	gain the class-field language (choices ↔ ideal classes; Reid-uniqueness ↔ which class
docs/HINT_LEDGER.md	orientation	283	| H128 | (B658, 2026-07-17) **the broken mirrors' common retreat = the portal's source.** All FOUR orientation-reversing families of D₄ break on the double's 27 with the SAME singular intertwiner d = (0,0,1) — supported exactly on the invar
docs/HINT_LEDGER.md	orient-reversing	283	| H128 | (B658, 2026-07-17) **the broken mirrors' common retreat = the portal's source.** All FOUR orientation-reversing families of D₄ break on the double's 27 with the SAME singular intertwiner d = (0,0,1) — supported exactly on the invar
docs/HINT_LEDGER.md	chern-simons	491	| H-MEET | (B707, 2026-07-19) **the top-down twin of our object is ARITHMETIC CHERN–SIMONS (Kim), on the Habiro ring of ℚ(√−3) (Scholze), whose regulators are complex-CS invariants (Lee/B680/B683).** Our bottom-up "measurement = Galois tors
docs/HINT_LEDGER.md	spin	505	object-side scale pin selects M_Z); base-rate: 2 hits / 0.75 expected, Poisson
docs/HINT_LEDGER.md	spin	522	- THE ONE-NUMBER PIN (B753, 2026-07-22; co-signed cc + cc3): one observable, one
docs/HINT_LEDGER.md	spin	539	to CLAIMS, JUNO pin untouched. Four staged hints:
docs/HINT_LEDGER.md	sl2c-lift	576	billiard with PSL(2,O) for Gaussian OR Eisenstein integers — so the handoff's "the knot
docs/HINT_LEDGER.md	sl2c-lift	591	(8) H-B794-A5 (type HOOK): the mod-2 image of Γ₄₁ is D₅ inside PSL(2,𝔽₄) ≅ A₅, and A₅
docs/HINT_LEDGER.md	orientation	637	resolvent's factorization heard as an orientation. No cell designed yet; listen more
docs/IDENTIFICATION_LEDGER.md	chern-simons	21	| I-4 | CS(m004) ↔ θ_QCD | a fixed PSL(2,ℂ) geometric invariant | the coefficient of the winding functional | ✘ | ✘ | **REFUTED** | B813 | dead on type: a functional *value* cannot fill a *coefficient* slot |
docs/IDENTIFICATION_LEDGER.md	sl2c-lift	21	| I-4 | CS(m004) ↔ θ_QCD | a fixed PSL(2,ℂ) geometric invariant | the coefficient of the winding functional | ✘ | ✘ | **REFUTED** | B813 | dead on type: a functional *value* cannot fill a *coefficient* slot |
docs/KIND_TABLE.md	chern-simons	29	| CS = 0, θ-structure | **topological phase** (no running) | quantized | — | object-level |
docs/KIND_TABLE.md	chern-simons	40	| θ_QCD | **topological phase** | admissible: CS-type — BUT the functor gate (B1009) fronts it |
docs/LAW_MAP.md	sl2c-lift	42	| **THE HEARING LANDSCAPE THEOREM (SU(3)₂)** | for every metallic word R^{n−2}L: tr_odd = t₁^{n−2}X₁₁ + t₂^{n−2}X₂₂ on the 2-dim θ-odd block, T-phases EXACTLY e^{2πi·2/15}, e^{2πi·8/15} (h-arithmetic) ⇒ **\|tr_odd(n)\| = (2√3/D)·\|cos(π(4n−
docs/LAW_MAP.md	amphichiral	67	| **The Jacobian reality law** | J = μ+1/μ real ⟺ amphichiral word (the classical face of the pairing law) | **LAW** (8 words) | B626 | proof; discrete-branch IDs |
docs/LAW_MAP.md	sl2c-lift	73	| **THE mod-4 TRACE LAW / Γ₄₁ CONGRUENCE THEOREM** | Γ₄₁ is a congruence subgroup of level **exactly (4) IN THE SL-KERNEL CONVENTION** (E23 requires the filtration be named; this is Γ ⊇ ker(SL(2,O)→SL(2,O/I)), index 3840/320 = 12 — the conv
docs/LAW_MAP.md	amphichiral	81	| **The closure theorem** | amphichiral weld ⟹ conjugation-closed odd hearing spectrum at EVERY level (modular-data axioms + GHH anti-palindromicity) | **THEOREM** (one-way) | B613; 16/16 + 12/12 controls | the converse (empirical 7/7) |
docs/LAW_MAP.md	spin	86	| **THE McKAY TENSOR LAW: THE HEARING DATA IS (E₆ McKAY)⊗(E₈ McKAY) (B1011, sealed `fc807f11`, prior OUTCOME A held)** | on B593's instrument (R = T, L = S⁻¹T⁻¹S over SU(3)₂), **⟨R,L⟩ = 2T×2I exactly** (order 2880 at two primes + Serre inje
docs/LAW_MAP.md	sl2c-lift	95	| **The stage-split clock law** | the clock = ord of A₁'s image through the block's NON-ABELIAN core (abelian character factors are provably A₁-blind); k ≥ 3: ord(A₁ mod ord(T_k)) with stage-typed central kills; the k ≤ 2 anomaly zone DISSO
docs/LAW_MAP.md	det-minus-1	97	| **The mirror generic law + the sector-carry law** | mirror channel (P = −3): Z₋₃(r) = ((r\|5) − 1)/2 = −Z₊₃(r) for r coprime to {2,3,5,7,17} (the mirror's generic voice is NEGATIVE — no det-1 class; B_id = −5I, det = det(A₁+I)⁶); ⇒ tr_eve
docs/LAW_MAP.md	amphichiral	107	| **THE CP RATIO LAW (already banked, collected here for the first time)** | CP **sign** = sign of Chern–Simons, CS = 0 ⟺ amphichiral (B303); CP **phase** arg κ extremal at **π/6** at the amphichiral cusp, decreasing as **3.8·CS²** — second
docs/LAW_MAP.md	chern-simons	107	| **THE CP RATIO LAW (already banked, collected here for the first time)** | CP **sign** = sign of Chern–Simons, CS = 0 ⟺ amphichiral (B303); CP **phase** arg κ extremal at **π/6** at the amphichiral cusp, decreasing as **3.8·CS²** — second
docs/LAW_MAP.md	amphichiral	109	| **TIME-REVERSAL AND CHIRALITY ARE INDEPENDENT *HERE* (B945 — L126 closed negative)** | on cyclic LR-words ρ = reversal (base S¹ ⟹ time) and σ = R↔L (fiber flip ⟹ chirality) generate a Klein group; GHH amphichirality = ρσ. **Stab(m004) = F
docs/LAW_MAP.md	knot-in-s3	115	| **The subfield law (the chord's field of definition)** | the chord data — the σ*-matrix AND the full Y-tensor — is defined over the object's INVARIANT TRACE FIELD k(Γ) (fig-8: ℚ(√−3); silver: ℚ(i)), inside trace fields of degree 2 and 8 r
docs/LAW_MAP.md	chern-simons	136	| **THE PROGRAM IS ARITHMETIC CHERN–SIMONS AT ℚ(√−3) (B708, Kim × the seam)** | the bottom-up observer-coupling seam is a substructure of Minhyong Kim's top-down arithmetic Chern–Simons theory (F=ℚ, G=ℤ/2), with an exact dictionary: the sea
docs/LAW_MAP.md	sl2c-lift	140	| **MEASUREMENT = FIBER FUNCTOR (B700 cell 1, the golden torsor)** | the object's golden hearing (B640, ρ_hear→2I) selects one of the TWO 2-dim golden irreps of 2I=SL(2,5); they have character field EXACTLY ℚ(√5) and are swapped SIMPLY-TRAN
docs/LAW_MAP.md	sl2c-lift	142	| **The congruence-shadow theorem (the conductor is the ear's modulus)** | on ker(det), ρ_hear = χ_golden ∘ (reduction mod 5): the ear at the minimal bearing stage hears the Anosov monodromy through its congruence shadow AT THE CONDUCTOR; t
docs/LAW_MAP.md	amphichiral	146	| **TUROK: INVERTED, NOT MARRIED (B709)** | the object has TWO ℤ/2's — amphichirality (K=K̄, CS=0, CANONICAL) and the fiber-functor torsor (√5→−√5, NON-canonical, B701); Turok's CPT (fixes the bang, canonical) MATCHES the first and INVERTS 
docs/LAW_MAP.md	chern-simons	146	| **TUROK: INVERTED, NOT MARRIED (B709)** | the object has TWO ℤ/2's — amphichirality (K=K̄, CS=0, CANONICAL) and the fiber-functor torsor (√5→−√5, NON-canonical, B701); Turok's CPT (fixes the bang, canonical) MATCHES the first and INVERTS 
docs/LAW_MAP.md	amphichiral	147	| **ANALYTIC-T1 = METHOD-MEETING + STRUCTURE-INVERSION (B710)** | the fig-8 state integral and Turok's FRW lapse integral share the 1-dim Picard–Lefschetz method + a conjugation ℤ/2, but their saddle skeletons invert: fig-8 has 2 REAL-actio
docs/LAW_MAP.md	chern-simons	147	| **ANALYTIC-T1 = METHOD-MEETING + STRUCTURE-INVERSION (B710)** | the fig-8 state integral and Turok's FRW lapse integral share the 1-dim Picard–Lefschetz method + a conjugation ℤ/2, but their saddle skeletons invert: fig-8 has 2 REAL-actio
docs/LAW_MAP.md	amphichiral	148	| **THE TWO ℤ/2's ARE ORTHOGONAL (V₄) (B711)** | on X(4₁), amphichirality (τ, CS=0) and the ℚ(√−3) Galois swap are the two orthogonal legs of a V₄; Galois freely swaps ρ_geom↔ρ̄_geom inside Fix(τ); the golden ℚ(√5) point (√5,2) is the Galoi
docs/LAW_MAP.md	chern-simons	148	| **THE TWO ℤ/2's ARE ORTHOGONAL (V₄) (B711)** | on X(4₁), amphichirality (τ, CS=0) and the ℚ(√−3) Galois swap are the two orthogonal legs of a V₄; Galois freely swaps ρ_geom↔ρ̄_geom inside Fix(τ); the golden ℚ(√5) point (√5,2) is the Galoi
docs/LAW_MAP.md	amphichiral	150	| **CHIRALITY IS THE OBSERVER'S, NOT THE OBJECT'S (B713)** | the θ-symmetric (amphichiral) object is robustly VECTOR-LIKE (σ_ω(4₁)=0 on the whole circle, forced by amphichirality; N–N-rigid, B565); the triality/multiplicity route is GAUGE-O
docs/LAW_MAP.md	chern-simons	152	| **THE NATIVE GAUGE SYSTEM = COMPLEX CHERN–SIMONS, NOT YANG–MILLS (B715)** | the object's geometric holonomy lands in E₆(ℂ) in NO real form (non-real adjoint trace tr Ad(ρ(a))=37437270+38799960√3·i excludes all real forms; regular-unipoten
docs/LAW_MAP.md	amphichiral	154	| **TIME IS THE OBSERVER'S, NOT THE OBJECT'S (B716)** | the object is TIMELESS Euclidean 3d being: its only intrinsic time is the no-arrow Anosov suspension flow (entropy log φ², amphichiral time-reversal, compact S¹ — a Connes–Rovelli ther
docs/LAW_MAP.md	chern-simons	161	| **THE RESURGENCE COUPLING — two phases = being/hearing, continuum RIGID (B722)** | the Kashaev/CS ħ-resurgence is the ONE machine that consumes the object's A-poly today; its two phases ARE being/hearing exactly (rung-1: A-poly/volume/ℚ(√
docs/LAW_MAP.md	knot-in-s3	165	| **THE E₆-ACROSS-THREE-FACES CLAIM IS FORCED, NOT A SIGNAL (B727, self-audit)** | the base-rate discipline that killed number-matching (B724), run on the FLAGSHIP STRUCTURAL claim — cross-verified with cc2's odds-measurement (both GENERIC)
docs/LAW_MAP.md	chern-simons	167	| **THE BORN LEDGER COMPLETES: classical=object's quadratics, quantum=imported quartics (B729)** | the amplitude sector (B728's last open leg) is ALSO an overlay: the figure-eight does NOT natively produce √(2+φ) (PSLQ over 33 filling trace
docs/LAW_MAP.md	sl2c-lift	167	| **THE BORN LEDGER COMPLETES: classical=object's quadratics, quantum=imported quartics (B729)** | the amplitude sector (B728's last open leg) is ALSO an overlay: the figure-eight does NOT natively produce √(2+φ) (PSLQ over 33 filling trace
docs/LAW_MAP.md	amphichiral	168	| **THE FORCED FACES = A KLEIN-FOUR V₄; THE COSMIC-TOPOLOGY MEETING POINT IS REAL-MATH/PHYSICS-NIL (B730)** | owner's three-question message, asked to cc + cc2 SEPARATELY; THREE-WAY converged. **Q1:** the object's OWN intrinsic arithmetic f
docs/LAW_MAP.md	sl2c-lift	168	| **THE FORCED FACES = A KLEIN-FOUR V₄; THE COSMIC-TOPOLOGY MEETING POINT IS REAL-MATH/PHYSICS-NIL (B730)** | owner's three-question message, asked to cc + cc2 SEPARATELY; THREE-WAY converged. **Q1:** the object's OWN intrinsic arithmetic f
docs/LAW_MAP.md	knot-in-s3	168	| **THE FORCED FACES = A KLEIN-FOUR V₄; THE COSMIC-TOPOLOGY MEETING POINT IS REAL-MATH/PHYSICS-NIL (B730)** | owner's three-question message, asked to cc + cc2 SEPARATELY; THREE-WAY converged. **Q1:** the object's OWN intrinsic arithmetic f
docs/LAW_MAP.md	sl2c-lift	169	| **m004 IS CONGRUENCE at level (2)³=(8) — the sisters at successive 2-adic depths (B734, correcting B731)** | the object-level observer door (R26-5): Γ=π₁(m004)⊂PSL(2,O₃), geometric index 12. The PSL image-index (with the SL/PSL center) is
docs/LAW_MAP.md	sl2c-lift	170	| **B701's CONJUGATION IS Out(A₅) AT THE SISTER'S CONGRUENCE LEVEL (B732)** | [framing corrected by B734: m004 is ALSO congruence, at level (8)] computed on the sister m003, congruence at level (2), PSL(2,O₃)/Γ((2))≅A₅. B701's conjugation (
docs/LAW_MAP.md	sl2c-lift	171	| **THE MENU OF OBSERVERS IS A BOUNDED DISCRETE 𝔽₂-SPACE (B733)** | the observer-space (the torsor of B701-conjugation symmetry-breakings on G_n=PSL(2,O₃/n)) is a BOUNDED discrete 𝔽₂-space, DEPTH-INDEPENDENT — never the continuous ~19–20-pa
docs/LAW_MAP.md	amphichiral	176	| **the COURIER-SEAT SEEING STRATEGY — RE-ADJUDICATED BY COMPUTATION (B724)** | every verdict recomputed in-sandbox (corrects the cited-negative first pass, E19): C1 SOUND (=B713, chirality is the observer's — the ONE sound piece); C2 BLOCK
docs/LAW_MAP.md	spin	200	| **THE UNIMODULARITY IDENTITY + THE TWIST-NORM LAW** | in the charge-equivariant gauge λ = 1 exactly (c² = −q_iq_jq_k); the τ-twisted gauge gives 2304/953; ∏d_i = −(953/2304)² = N_{K/ℚ}(d) — value primes are the norm arithmetic of the H-tw
docs/LAW_MAP.md	knot-in-s3	224	| **ABELIAN HOLONOMY CANNOT REDUCE RANK HERE (B955 — knot-specific)** | a knot complement has **H₁ = ℤ**, so every abelian flat connection has **cyclic** image, whose centralizer contains a maximal torus ⟹ **rank-preserving necessarily** (c
docs/LAW_MAP.md	amphichiral	263	| **THE ONE-WAY FAMILY TEST (B8147/B1181)** | enlarging an enumerated family is a ONE-WAY test: it can only HURT object-level claims (more members can share the property — exactly how both Paper-IV separators died at 14→≥83) and only HELP f
docs/LAW_MAP.md	orientation	272	11. THE STRUCTURAL-BRIDGE NO-MATCH (B706, the Listening Protocol's deepest door, RUN): the SM flavor freedom does NOT match the object at rung 1 (the precise flavor ratios — lepton masses, Koide Q, sin²θ_W — are GENERIC over the audible fie
docs/LAW_MAP.md	orientation	285	8. THE TOTAL MIRROR WALL: the chord breaks EVERY orientation-reversing
docs/LAW_MAP.md	orient-reversing	285	8. THE TOTAL MIRROR WALL: the chord breaks EVERY orientation-reversing
docs/LAW_MAP.md	sl2c-lift	309	such G (verified exactly on Gal(L/ℚ(i)), 2I, PSL(2,7), 2I×ℤ/3,
docs/LAW_MAP.md	amphichiral	322	| **THE OBJECT'S GRAVITATIONAL CONTENT IS ITS VOLUME, AND ITS CS IS ZERO (B980)** | The banked chain *golden `k=3` → Smolin `k = 6π/(GΛ)` → `GΛ = 2π` → a Planck-scale Λ → **122 orders** from observation* (B259 wall #5) is **withdrawn as a s
docs/LAW_MAP.md	chern-simons	322	| **THE OBJECT'S GRAVITATIONAL CONTENT IS ITS VOLUME, AND ITS CS IS ZERO (B980)** | The banked chain *golden `k=3` → Smolin `k = 6π/(GΛ)` → `GΛ = 2π` → a Planck-scale Λ → **122 orders** from observation* (B259 wall #5) is **withdrawn as a s
docs/LAW_MAP.md	complex-volume	322	| **THE OBJECT'S GRAVITATIONAL CONTENT IS ITS VOLUME, AND ITS CS IS ZERO (B980)** | The banked chain *golden `k=3` → Smolin `k = 6π/(GΛ)` → `GΛ = 2π` → a Planck-scale Λ → **122 orders** from observation* (B259 wall #5) is **withdrawn as a s
docs/LAW_MAP.md	chern-simons	325	| **THE OBJECT SPANS ALL THREE CURVATURE SIGNS — IT IS NOT HYPERBOLIC-ONLY (B981)** | **B248 proves a cone-angle transition through all three signs:** hyperbolic ℚ(√−3)/2T/**E₆** at α=0 → **EUCLIDEAN** (flat; trace field degenerates to ℚ) a
docs/LAW_MAP.md	knot-in-s3	329	| **THE CORNERSTONE IS GENERIC: THE OBJECT-SPECIFIC ATOM IS 1-IN-3 (B993)** | Verified on this bench before acceptance. **Reproduced:** π₁(m004) ↠ **2T** = SL(2,3) gives **48 raw surjections / |Aut(2T)|=24 = EXACTLY 2**, matching B266. **Ba
docs/LAW_MAP.md	orientation	336	| **THE AXIOM CHAIN COSTS EXACTLY TWO AXIOMS, AND BOTH ALTERNATIVES ARE NAMED OBJECTS (B1003)** | **Correction to B998 first:** B998 was right that `test_b749_genesis_forks.py` locks only F4–F7, but it read as though **F2 and F8's COMPUTATI
docs/LAW_MAP.md	gieseking	336	| **THE AXIOM CHAIN COSTS EXACTLY TWO AXIOMS, AND BOTH ALTERNATIVES ARE NAMED OBJECTS (B1003)** | **Correction to B998 first:** B998 was right that `test_b749_genesis_forks.py` locks only F4–F7, but it read as though **F2 and F8's COMPUTATI
docs/LAW_MAP.md	chern-simons	357	language. **THE ACTION CARD** (B1088) — S = −Vol·σ with CS = 0 exact; c = 6σ
docs/LEAD_REGISTER.md	chern-simons	6	> **Review 49 (2026-08-26):** this window registered **L182** (the three seams — SEAM-A the one live crossing), **L183** (the reproducer sweep), **L184** (the suite-collection lazy-fy). SEAM-Y closed MISMATCH; SEAM-A OPEN (gated on cc3's ar
docs/LEAD_REGISTER.md	sl2c-lift	47	— twisted Alexander / Reidemeister torsion at any SL(2,ℂ) rep, and polynomial/eliminant
docs/LEAD_REGISTER.md	knot-in-s3	47	— twisted Alexander / Reidemeister torsion at any SL(2,ℂ) rep, and polynomial/eliminant
docs/LEAD_REGISTER.md	amphichiral	54	amphichiral/hyperelliptic signs, minuscule decompositions.
docs/LEAD_REGISTER.md	chern-simons	189	> **Review 35 (2026-07-30)** — no new leads. **L110 closed**: the `CS(m004) = θ_QCD` dictionary is
docs/LEAD_REGISTER.md	sl2c-lift	190	> **refuted on type** (B813) — computed invariant vs free coupling, PSL(2,ℂ) vs SU(3), and a **role
docs/LISTENER_MAP_SPEC.md	chern-simons	112	F6 — TERMINOLOGY HYGIENE. "Conductor" names at least two distinct corpus quantities (the elliptic-curve conductor of 15A8, LAW_MAP/B509-510; and the word-indexed "unique prime conductor" of the hearing-landscape theorem, LAW_MAP/B664-665) a
docs/LITERATURE_CONTEXT_2026-07-15.md	amphichiral	57	- Trace-level reality (Z(−M) = conj Z(M); amphichiral ⇒ real) is
docs/LITERATURE_GAUGE_SM_2026-07-13.md	orientation	25	the observer-coupling reorientation.
docs/LITERATURE_GAUGE_SM_2026-07-13.md	orientation	28	ℤ/11 charge, the orientation ℤ/2) has been assessed only at the **bookkeeping pole** —
docs/LITERATURE_GAUGE_SM_2026-07-13.md	amphichiral	47	| **T3** | **Chiral index over the ℚ(√φ) gap labels** (Kellendonk Bragg↔gap-label pairing) — amphichirality/CS=0 predicts ZERO | index ≡ 0 → the object is *vector-like*, SM matter is chiral (N–N-rigid) → a **fourth, mechanism-level wall**; 
docs/LITERATURE_GAUGE_SM_2026-07-13.md	chern-simons	47	| **T3** | **Chiral index over the ℚ(√φ) gap labels** (Kellendonk Bragg↔gap-label pairing) — amphichirality/CS=0 predicts ZERO | index ≡ 0 → the object is *vector-like*, SM matter is chiral (N–N-rigid) → a **fourth, mechanism-level wall**; 
docs/LITERATURE_GAUGE_SM_2026-07-13.md	orientation	52	| **T7** | **Lohitsiri–Tong Diophantine gaugeability** of the object's own charges (ℤ/11 + orientation ℤ/2 + B533 types as "matter") | is the object's charge content self-consistently gaugeable at all? |
docs/LITERATURE_GAUGE_SM_2026-07-13.md	chern-simons	71	*Bench: Mkrtchyan arXiv:2007.09346 (the only exceptional-CS construction — on S³ via Vogel; author corrected from a fabricated Aganagic/Shakirov attribution); Bershadsky et al. hep-th/9605200 + Katz–Klemm–Vafa hep-th/9609239 (ADE/McKay); Di
docs/LITERATURE_SWEEP2_2026-07-13.md	chern-simons	54	Kim-school arithmetic-CS template (Chung–Kim–Kim–Park–Yoo arXiv:1609.03012 Thm 5.13:
docs/LITERATURE_SWEEP2_2026-07-13.md	chern-simons	55	CS = ½ ⟺ (t/809) = −1 — mechanical once t is chosen from the disc −400 data) ·
docs/LITERATURE_SWEEP2_2026-07-13.md	chern-simons	73	· N6 arithmetic-CS at p=809 (+ the twisted Rédei gap for 11) · N7 B565-T1 cross-check via
docs/LITERATURE_SWEEP2_2026-07-13.md	orientation	93	consistent with the observer-coupling reorientation.
docs/MASTERPLAN.md	chern-simons	6	> **Review 49 currency (2026-08-26, B1155):** the carrier/coupling/peripheral harvest (cloud memos 41–55) + C4 + the two seams landed. Next specialist step: **SEAM-A Gate 2** — cc3's full arithmetic-CS action of m004 on ℚ(√−3) (the heteroti
docs/MASTERPLAN.md	orientation	74	> **4. The crux, stated so it can be held honestly.** The observer-coupling reorientation says values
docs/NOVELTY_AUDIT.md	amphichiral	21	**Claim audited:** a metallic-block bundle `R^{m₁}L^{m₁}…R^{m_k}L^{m_k}` is amphichiral ⟺ the block-length sequence
docs/NOVELTY_AUDIT.md	orientation	26	L/R monodromy word: **anti-palindromic** word (reverse = L↔R swap, cyclically) ⟺ orientation-**reversing** symmetry
docs/NOVELTY_AUDIT.md	orientation	27	(amphichiral); **palindromic** word ⟺ orientation-preserving π-rotation. The figure-eight `RL` is the canonical
docs/NOVELTY_AUDIT.md	amphichiral	27	(amphichiral); **palindromic** word ⟺ orientation-preserving π-rotation. The figure-eight `RL` is the canonical
docs/NOVELTY_AUDIT.md	amphichiral	28	anti-palindromic/amphichiral example. **This is the exact engine** behind the recursion → the *principle* is not new.
docs/NOVELTY_AUDIT.md	amphichiral	30	knots ⟺ even-palindromic continued fractions (called a "well-known result"); palindrome↔amphichirality is
docs/NOVELTY_AUDIT.md	amphichiral	33	in the located literature (Guéritaud–Futer math/0406242 give the LR-word formalism but no amphichirality criterion;
docs/NOVELTY_AUDIT.md	knot-in-s3	46	- **Prior art (the mechanism):** **Kitano–Nozaki, "Finiteness of the image of the Reidemeister torsion of a splice,"
docs/NOVELTY_AUDIT.md	spin	60	T-matrix root of unity (word spin-content mod 4), not chirality.
docs/NOVELTY_AUDIT.md	spin	68	specific "ℚ(i) at spin-content 2 mod 4" is a corollary-level refinement (verify directly from the T-matrix
docs/NOVELTY_AUDIT.md	knot-in-s3	236	standard (Long–Reid; Chinburg–Reid–Stover *ramified*; Şengün; Riley `4₁↠SL(2,𝔽₃)`); McKay `2T↔E₆/2I↔E₈/2O↔E₇`
docs/NOVELTY_AUDIT.md	amphichiral	242	- **CLAIM 4 — amphichirality = E₆ outer automorphism (B271): PARTIALLY-KNOWN.** Symmetry-on-character-variety
docs/NOVELTY_AUDIT.md	amphichiral	244	(amphichirality realized as the E₆ outer automorphism; chirality locus = the 26) **not found** — APPEARS-NOVEL as
docs/NOVELTY_AUDIT.md	knot-in-s3	250	Long–Reid / Chinburg–Reid–Stover / Dechant / Garoufalidis–Zagier; claim no novelty for existence/dimension/
docs/NOVELTY_AUDIT.md	amphichiral	269	not confirmed novelty); the components (amphichirality; the `(E₆,F₄)=EIV` symmetric pair) are individually
docs/NOVELTY_AUDIT.md	knot-in-s3	292	but light.** Constituents standard (disc 5 → `Q(√5)`; trace field `Q(√−3)` — Riley/Thurston/Maclachlan–Reid). No source
docs/OPEN_LEADS.md	chern-simons	11	> **Review 49 currency (2026-08-26):** all three seams walked (L182) — SEAM-B discharged, SEAM-Y MISMATCH, **SEAM-A the one live crossing**, now **sharpened to a precise FLOOR** by B1156 (WF-1): the a-priori MISMATCH is refuted (a finite-tr
docs/OPEN_LEADS.md	amphichiral	67	| **L24** | **The WRT level-period law — proof + novelty + reach** — B204 (V197) established **`per|Z(a,b)| = lcm(a,b)·(4+ab)/gcd(4+ab,4)`** for all once-punctured-torus bundles `RᵃLᵇ` (metallic diagonal `P(m)=m(m²+4)/gcd(m²+4,4)`), predict
docs/OPEN_LEADS.md	orientation	75	| **L32** | **The Chern–Simons / complex-volume spectrum** — `CS(RᵐLᵐ)` across the family (figure-eight `CS=0`, amphichiral), unifying the chirality work (B128–147) with the volume work (B207). | MATH (hyperbolic geom) | ★ | **DONE (B211, V
docs/OPEN_LEADS.md	amphichiral	75	| **L32** | **The Chern–Simons / complex-volume spectrum** — `CS(RᵐLᵐ)` across the family (figure-eight `CS=0`, amphichiral), unifying the chirality work (B128–147) with the volume work (B207). | MATH (hyperbolic geom) | ★ | **DONE (B211, V
docs/OPEN_LEADS.md	chern-simons	75	| **L32** | **The Chern–Simons / complex-volume spectrum** — `CS(RᵐLᵐ)` across the family (figure-eight `CS=0`, amphichiral), unifying the chirality work (B128–147) with the volume work (B207). | MATH (hyperbolic geom) | ★ | **DONE (B211, V
docs/OPEN_LEADS.md	amphichiral	80	| **L37** | **Synthesis consolidation — B210 dual-McKay + B211 results + the V212 correction + on-site (kill the "agreed-then-dropped" pattern, all layers)** — (B) `SYNTHESIS.md` §9 states only golden→`E₈` and *refutes* `E₆` ("arithmeticall
docs/OPEN_LEADS.md	chern-simons	80	| **L37** | **Synthesis consolidation — B210 dual-McKay + B211 results + the V212 correction + on-site (kill the "agreed-then-dropped" pattern, all layers)** — (B) `SYNTHESIS.md` §9 states only golden→`E₈` and *refutes* `E₆` ("arithmeticall
docs/OPEN_LEADS.md	chern-simons	81	| **L38** | **The do-or-die program — the Higgs side and the scale (firewalled, `speculations/S039`)** — cross the one bridge `B164/B169` built up to and stopped at (the Hitchin/Higgs side, where the scale would live), using `B211`'s key (t
docs/OPEN_LEADS.md	sl2c-lift	86	| **L43** | **The two-SUSY connection — is the figure-eight's licensed 3d-3d SUSY the same as its emergent chain SUSY?** — the same golden/figure-eight object carries SUSY twice: the licensed 3d-3d SUSY (`K006`, `M_SUSY≅M_flat`, `T[4₁]` unb
docs/OPEN_LEADS.md	det-minus-1	90	| **L47** | **The `ℚ(√−7)` probe — the trace-1 ladder's next rung (from H27/B234)** — the trace-1 congruence law (`disc=1−4·det ≡1 mod 4`) gives the object's two fields `ℚ(√5)` (det −1, E₈) and `ℚ(√−3)` (det +1, E₆) and forbids E₇'s `ℚ(√2)`
docs/OPEN_LEADS.md	sl2c-lift	90	| **L47** | **The `ℚ(√−7)` probe — the trace-1 ladder's next rung (from H27/B234)** — the trace-1 congruence law (`disc=1−4·det ≡1 mod 4`) gives the object's two fields `ℚ(√5)` (det −1, E₈) and `ℚ(√−3)` (det +1, E₆) and forbids E₇'s `ℚ(√2)`
docs/OPEN_LEADS.md	spin	94	| **L8** | **Chiral compositions** — for composite (concatenated-block) words, how do chirality (B128/B134) and the eigenvalue field content (B132/K016, corrected) interact across the composition? Distinct from S032-B's boundary gluing — th
docs/OPEN_LEADS.md	amphichiral	100	| **L15** | **Firewall confirmation** — does the complex volume / CS invariant of the unit carry a SCALE across the (now real) L14 bridge? | MATH (physics-boundary) | ★★ | **CONFIRMED — FIREWALL HOLDS (B151, V140).** Reading of GTZ (1111.28
docs/OPEN_LEADS.md	chern-simons	100	| **L15** | **Firewall confirmation** — does the complex volume / CS invariant of the unit carry a SCALE across the (now real) L14 bridge? | MATH (physics-boundary) | ★★ | **CONFIRMED — FIREWALL HOLDS (B151, V140).** Reading of GTZ (1111.28
docs/OPEN_LEADS.md	complex-volume	100	| **L15** | **Firewall confirmation** — does the complex volume / CS invariant of the unit carry a SCALE across the (now real) L14 bridge? | MATH (physics-boundary) | ★★ | **CONFIRMED — FIREWALL HOLDS (B151, V140).** Reading of GTZ (1111.28
docs/OPEN_LEADS.md	orientation	101	| **B139-G** | **Does the chirality block survive the genus ladder?** — Item 1's chirality block (B139/P009) rests on the mirror being a *simple R↔L relabeling that preserves the trace* (`M → Mᵀ`), special to **genus-1** (once-punctured tor
docs/OPEN_LEADS.md	chern-simons	101	| **B139-G** | **Does the chirality block survive the genus ladder?** — Item 1's chirality block (B139/P009) rests on the mirror being a *simple R↔L relabeling that preserves the trace* (`M → Mᵀ`), special to **genus-1** (once-punctured tor
docs/OPEN_LEADS.md	chern-simons	102	| **s776/SU(3)** | "The Borromean rings (`s776`) show SU(3) gauge enhancement (SL(2,ℂ) char-variety dim 2 = rank SU(3))". | MATH (emergent shadow) | — | **DEAD (B142) — tombstone K-I.** Three kills: misidentified manifold (s776 = magic mani
docs/OPEN_LEADS.md	sl2c-lift	102	| **s776/SU(3)** | "The Borromean rings (`s776`) show SU(3) gauge enhancement (SL(2,ℂ) char-variety dim 2 = rank SU(3))". | MATH (emergent shadow) | — | **DEAD (B142) — tombstone K-I.** Three kills: misidentified manifold (s776 = magic mani
docs/OPEN_LEADS.md	amphichiral	120	*canonical* object is chiral (figure-eight is the amphichiral minimum; chirality first appears strictly above it),
docs/OPEN_LEADS.md	orientation	122	orientation-*independent* invariant, so **no canonical selection can prefer a handedness** (κ-fork genuine — κ
docs/OPEN_LEADS.md	orientation	123	orientation-independent; chirality-fork convention — handedness orientation-sensitive; `../knowledge/K017`). **B146
docs/OPEN_LEADS.md	knot-in-s3	128	Maclachlan–Reid conditions hold — imaginary-quadratic invariant trace field **and integral traces** (every
docs/OPEN_LEADS.md	amphichiral	131	**refuted outright** ("arithmetic ⟹ amphichiral" is false). The cited "exactly two o-p-t bundles" is corrected (it is
docs/OPEN_LEADS.md	orientation	133	`RRL/RLL` are a mirror pair, both arithmetic, and arithmeticity is orientation-independent → it cannot prefer a
docs/OPEN_LEADS.md	chern-simons	189	arithmetic-CS at p=809 (twisted Rédei gap for 11≡3 mod 4); **N7** B565-T1 cross-check
docs/OPEN_LEADS.md	det-minus-1	222	| **S031a full-locus** (φ-fixed entirely reducible at SL(n)) | principal stratum **RIGOROUS** (B142 Klein-4); full locus **CONJECTURE** | **symbolic elimination** of the φ-fixed system `A g⁻¹ A g = g A g⁻¹` (B=g⁻¹Ag), 0-dim (det=−1 ⟹ isolat
docs/OPEN_LEADS.md	knot-in-s3	225	| **H4 — why is the figure-eight minimal along every axis?** (seeing question) | **OPEN (MATH); SHARPENED — mostly deflates.** | Under the project's own blade, the "minimal along every axis at once" convergence is largely **one axis in cost
docs/OPEN_LEADS.md	sl2c-lift	226	| **H5 — the GL(2,ℤ) gluing / interaction landscape** (seeing question) | **MAIN LANE CHARACTERIZED (B174, V168); H5-c done (B164/B169); H5-a NESTING CHARACTERIZED at the trace-ring level (B191, V187) — geometric connector + large-N NEEDS-S
docs/OPEN_LEADS.md	chern-simons	229	| **S033** — Gate-1 / Whitehead cusp-swap → SU(2)? | tool-gated, prior LOW | **now tied to MB10:** any SU(N) enhancement needs the **SL(N,ℂ)** CS data (`T_N[M]`), not SL(2,ℂ) dimension-matching. Sage/GKLP now available. |
docs/OPEN_LEADS.md	sl2c-lift	229	| **S033** — Gate-1 / Whitehead cusp-swap → SU(2)? | tool-gated, prior LOW | **now tied to MB10:** any SU(N) enhancement needs the **SL(N,ℂ)** CS data (`T_N[M]`), not SL(2,ℂ) dimension-matching. Sage/GKLP now available. |
docs/OPEN_LEADS.md	orientation	231	| **Genus-2 CS numeric** (B140 soft spot) | optional, low priority | retriangulate + re-run the genus-2 twister `complex_volume` (it returned None); the orientation-reversal theorem is the load-bearing content. |
docs/OPEN_LEADS.md	chern-simons	231	| **Genus-2 CS numeric** (B140 soft spot) | optional, low priority | retriangulate + re-run the genus-2 twister `complex_volume` (it returned None); the orientation-reversal theorem is the load-bearing content. |
docs/OPEN_LEADS.md	chern-simons	269	| **L54 — gate A residual classes** | Eight classes sealed (B330/B348/B349/B350). Named residual: nonabelian Ptolemy/adjoint torsion; CS/η beyond `CS=0`; irregular covers beyond index 6; `SL(n≥3)` gluing-variety invariants; extended-Bloch/`
docs/OPEN_LEADS.md	spin	293	| **B364 — the two lifts are two polarizations** | the L57 geometric-lift test | **DONE**: the triangular theta family (`E=n(n−1)/30`, the **half-characteristic/odd** lattice `(2n−1)²/120`) carries **exactly the theta lift's multiplier**; t
docs/OPEN_LEADS.md	spin	294	| **L57 — is the theta-characteristic forced?** | the seam-sector question B358 opens | The seam coefficient is a function of the lift's theta-characteristic (`Par W Par⁻¹W⁻¹ = X¹Z²` vs commuting). **Open:** does the pairing geometry (theta
docs/OPEN_LEADS.md	chern-simons	349	| C1–C4 — completion sweep | Chern/pump validation table (theorem-foreclosed; extends path1b) · E1 confirm (B419/B425) + E2 pairing-check-then-CS-value (ℚ(√−7) dilog) + E3 = 5₂ control on B352 · TQFT entanglement (BFLP gate) · F3 boundary-n
docs/OPEN_LEADS.md	amphichiral	373	| **E5 (B458) — the per-component CS test** | the handoffs' Probe 2 / Tests 1+3, merged; pairing gate; GGZ lit-gate; database bypass | **DONE (PR #602)** — **the decisive number is ZERO**: fig-8's ℚ(√−7) pair has Vol=CS=0 on BOTH components
docs/OPEN_LEADS.md	chern-simons	373	| **E5 (B458) — the per-component CS test** | the handoffs' Probe 2 / Tests 1+3, merged; pairing gate; GGZ lit-gate; database bypass | **DONE (PR #602)** — **the decisive number is ZERO**: fig-8's ℚ(√−7) pair has Vol=CS=0 on BOTH components
docs/OPEN_LEADS.md	chern-simons	383	SL(3) fields, R3a′'s phases, R1's per-vacuum CS; pre-forced cells labeled as gates/tables.
docs/OPEN_LEADS.md	chern-simons	394	| R1 (B460) — the child's own dynamics | length spectrum (table cell, pre-forced) + per-vacuum CS (LIVE) | **BANKED**: Kirk–Klassen multi-path validated (0.0606170 = SnapPy); child SU(2) vacua CS = −0.4415870, −0.3407670 (new numbers, lit-g
docs/OPEN_LEADS.md	orientation	398	| RZ (B464) — the verdict | campaign CLOSED | **NO relational invariant escaped class-laundering**; residual live cells = the two named boundaries (L6a4 census; certified resonance enumeration); deepest output = the orientation bit through 
docs/OPEN_LEADS.md	det-minus-1	424	was load-bearing, not unvisited). The live residual — σ itself (det −1, half-monodromy) — is
docs/OPEN_LEADS.md	orientation	425	the GIESEKING deck symmetry (fig-8 = orientation double cover; lit-gated). **Computed exactly:
docs/OPEN_LEADS.md	gieseking	425	the GIESEKING deck symmetry (fig-8 = orientation double cover; lit-gated). **Computed exactly:
docs/OPEN_LEADS.md	double-cover	425	the GIESEKING deck symmetry (fig-8 = orientation double cover; lit-gated). **Computed exactly:
docs/OPEN_LEADS.md	gieseking	428	Gieseking. The geometric rep is NOT σ-fixed: its characters (3±√−3)/2 are σ-swapped — the
docs/OPEN_LEADS.md	orientation	441	orientation-preserving is even; **the single odd bit is σ (det −1, the Gieseking half-monodromy)**;
docs/OPEN_LEADS.md	det-minus-1	441	orientation-preserving is even; **the single odd bit is σ (det −1, the Gieseking half-monodromy)**;
docs/OPEN_LEADS.md	gieseking	441	orientation-preserving is even; **the single odd bit is σ (det −1, the Gieseking half-monodromy)**;
docs/OPEN_LEADS.md	orientation	443	4₁(5,1) ≅ 5₂(5,1)** (= m003(−2,3)); the merge is **orientation-REVERSING** (CS ±0.0770382;
docs/OPEN_LEADS.md	orient-reversing	443	4₁(5,1) ≅ 5₂(5,1)** (= m003(−2,3)); the merge is **orientation-REVERSING** (CS ±0.0770382;
docs/OPEN_LEADS.md	chern-simons	443	4₁(5,1) ≅ 5₂(5,1)** (= m003(−2,3)); the merge is **orientation-REVERSING** (CS ±0.0770382;
docs/OPEN_LEADS.md	orientation	446	ℤ/2 orientation bit — real, exact, derivable; names HELD.** `frontier/B467_family_residue_wall/`.
docs/OPEN_LEADS.md	det-minus-1	451	seat-1's claimed refutation of seat-2's det = −1 + a "color–darkness interaction" + A₄/neutrino
docs/OPEN_LEADS.md	orientation	461	tower oscillation is the level mod 4, derivable; the one nonuniform ℤ/2 remains the orientation
docs/OPEN_LEADS.md	amphichiral	476	(prereg-4): vol 7.6417106, torsion 37 ✓, CS = 0 — AMPHICHIRAL: the body-chain breathes
docs/OPEN_LEADS.md	chern-simons	476	(prereg-4): vol 7.6417106, torsion 37 ✓, CS = 0 — AMPHICHIRAL: the body-chain breathes
docs/OPEN_LEADS.md	chern-simons	505	DELIVERED: Vol(Vᵢ) = 0 derived exactly + CS(Vᵢ) ∈ {0,½} derived from real-form conjugation-
docs/OPEN_LEADS.md	gieseking	508	the ledger; Gieseking descent proper). `docs/ROADMAP_TOE.md` written (owner's meditation ask):
docs/OPEN_LEADS.md	orientation	520	| **L71 — what ARE the θ-odd deformations?** *(reg. as "L61", renumbered; NOTE: B270 banked "deformations are cusp deformations" — start there)* | The deformed reps are not discrete faithful. Their geometric meaning (Dehn-surgery-adjacent? 
docs/OPEN_LEADS.md	orientation	521	| **L63 — Q-C transport (SHARPENED by B578-D2: the deliverable is the constructed transport MAP from the B469 residue object into the E₆ structure — elimination arguments do not discharge it; a potential in-lineage conflict flagged by the v
docs/OPEN_LEADS.md	sl2c-lift	524	| **L66 — V5 global duality — CLOSED (B578-D10): the biconditional holds for reductive G with descent obstruction Ĥ⁰(Gal, Z(G)) = ℤ/gcd(2,N); for E₆ (Z=μ₃) TRIVIAL — unconditional. The PC25/PC26 citation theorem exists.** | The global gap⟺c
docs/OPEN_LEADS.md	chern-simons	529	| **L72 — the CS-functional/dynamics program (phase 1: E₆-principal torsion)** | The handoff's dynamics proposal, MB13-swept: Reidemeister torsion is a banked five-thread (B126 — adjoint torsion PROVEN for all once-punctured-torus bundles; 
docs/OPEN_LEADS.md	knot-in-s3	529	| **L72 — the CS-functional/dynamics program (phase 1: E₆-principal torsion)** | The handoff's dynamics proposal, MB13-swept: Reidemeister torsion is a banked five-thread (B126 — adjoint torsion PROVEN for all once-punctured-torus bundles; 
docs/OPEN_LEADS.md	amphichiral	552	| **L80 — level-1 completion hygiene** | (a) commit the Q1 artifacts + lens-space-gated locks (Q2 stays a banked null until then); (b) the in-sandbox R-matrix/braid computation of the colored 4₁ invariant at level 1 (converts the cited abel
docs/OPEN_LEADS.md	amphichiral	573	| **L93 — the flip-symmetry cell (the 24ζ₆ forcing)** | B638 proved the swap fixes the chord 3-form's phase geometry but leaves a 10-dim residual — one more symmetry would force the magnitudes. Candidate: the object's amphichiral R↔L flip a
docs/OPEN_LEADS.md	knot-in-s3	604	(1) **L91 ← Reid 1991**: the figure-eight is THE UNIQUE arithmetic knot
docs/OPEN_LEADS.md	chern-simons	680	> **L110 — the CS↔θ_QCD dictionary has NO registered obligation set (opened 2026-07-30, B812).** *(ID-COLLISION NOTE, B1176/R50-4: this CLOSED lead shares its number with the LIVE Maass row "the parent r₂-above-10 question" in the R32-8 tab
docs/OPEN_LEADS.md	amphichiral	682	> supplies the *symmetric point* rather than a fitted value, **amphichirality is genuinely
docs/OPEN_LEADS.md	chern-simons	683	> manifold-level** (m003 is not a knot), and **`CS = 0` is computed and banked** (B286/B289/B303).
docs/OPEN_LEADS.md	chern-simons	684	> **Three of four axes clear.** It fails only on the missing mechanism: `CS ↔ θ_QCD` is a
docs/OPEN_LEADS.md	sl2c-lift	699	> coupling), **group** (PSL(2,ℂ) geometric holonomy vs SU(3) colour — B736's wall shape), **slot**
docs/OPEN_LEADS.md	chern-simons	759	| L119 | **B849 carried #2** — the m003/m004 2-torsion CS prior-art gate. | B849 | OPEN |
docs/OPEN_LEADS.md	spin	776	| B921-6 | Cell 3 spin fork (= L7): the two spin structures of m004 are DISTINGUISHED by cusp data (ρ₁ trace pattern (2,−2), ρ₂ (−2,−2)); ρ₁ is non-Lie under BOTH conventions ⇒ discrete Dirac spectrum ⇒ spinor-Hejhal is AUTHORIZED  | OPEN —
docs/OPEN_LEADS.md	chern-simons	778	| B921-8 | [MAIN-STATE] L9 dropped forward obligations: B878 §4.5 items (a_π census, Steil read, parity census, J-normalization); B849's carried list (BC/CMR test, CS-torsion prior-art gate, the 370-geodesic phantom); B787 §4 items | OPEN —
docs/OPEN_LEADS.md	sl2c-lift	797	| B921-27 | [MAIN-STATE] Bianchi-IX name collision: Fan–Fathizadeh–Marcolli spectral-action papers (1506.06779, 1511.05321) concern the Bianchi classification of homogeneous cosmologies, NOT Bianchi groups PSL(2,O_K); citing them as | OPEN 
docs/OPEN_LEADS.md	amphichiral	825	> amphichirality thread); design a cell that can fail.
docs/OPEN_LEADS.md	amphichiral	828	> **L126 — THE ONE-ℤ/2 QUESTION. CLOSED 2026-08-07 by B945 — OUTCOME INDEPENDENT, the unification WITHDRAWN.** Is the amphichiral time-reversal of the Anosov
docs/OPEN_LEADS.md	orientation	830	> chirality/orientation ℤ/2 (B713: chirality is not in the amphichiral object)? B717's
docs/OPEN_LEADS.md	amphichiral	830	> chirality/orientation ℤ/2 (B713: chirality is not in the amphichiral object)? B717's
docs/OPEN_LEADS.md	orientation	835	> fiber- and base-orientation reversal are distinct ℤ/2's whose product is total
docs/OPEN_LEADS.md	orientation	836	> orientation reversal. **If YES: one closing supplies both the arrow and the handedness,
docs/OPEN_LEADS.md	chern-simons	837	> and B340 then fixes the CP phase to second order in the same closing's CS** — three
docs/OPEN_LEADS.md	chern-simons	842	> **L128 — THE CP RATIO CHAIN.** B303 (CP sign = sign CS) + B340 (arg κ extremal at π/6,
docs/OPEN_LEADS.md	amphichiral	848	> from the full-Klein class among amphichiral once-punctured-torus bundles?** B945 found
docs/OPEN_LEADS.md	amphichiral	849	> that of the 31 amphichiral cyclic LR-words of length ≤ 10, **18 are fixed by ρσ but by
docs/OPEN_LEADS.md	chern-simons	853	> Does the split persist beyond length 10? And is there a geometric invariant (CS, trace
docs/OPEN_LEADS.md	orientation	878	> Isom(m004), and A7 may act somewhere the word level cannot see (an orientation or a
docs/OPEN_LEADS.md	knot-in-s3	916	> is DEAD**: a knot complement has H₁ = ℤ, so every abelian flat connection has *cyclic* image,
docs/OPEN_LEADS.md	knot-in-s3	1122	| **L1** | m004 extremal **along the metallic diagonal m = 1..7** | "m004 is *the* selected object" | K016's five criteria on **m003, m206** (golden) and **m136/m129/m135** (silver). Criterion 3 (arithmeticity) is **class-invariant by Reid/
docs/OPEN_LEADS.md	sl2c-lift	1123	| **L57** | the polarization dichotomy **at level 15** = the *meeting face's* conductor | probation discharged for **every** seam-arc result, including the (2,3) silver×bronze pair at **level 8** | S-closure of the two polarization families
docs/OPEN_LEADS.md	orientation	1125	| **L93** | no intertwiner over **Isom⁻(m004) ∪ swap**, in the Sym⁰ block of m004's weld double | "the 24ζ₆ magnitude is not forced by **any** symmetry" | extend the search to the **commensurator** of the class (hidden symmetries; the index
docs/OPEN_LEADS.md	orient-reversing	1125	| **L93** | no intertwiner over **Isom⁻(m004) ∪ swap**, in the Sym⁰ block of m004's weld double | "the 24ζ₆ magnitude is not forced by **any** symmetry" | extend the search to the **commensurator** of the class (hidden symmetries; the index
docs/OPEN_LEADS.md	amphichiral	1261	its diagonal, and **B136** characterises amphichirality across them by a word condition.
docs/OPEN_LEADS.md	spin	1541	**The gap:** the pin's T1 identified the frame-theorems' discrete deficit with the input list's
docs/OPEN_LEADS.md	amphichiral	1594	NOT-POSABLE (B1064-O3: amphichirality deletes the quantized sector; the surviving
docs/OPEN_LEADS.md	chern-simons	1598	mechanism restoring a quantized sector that survives CS = 0; (iii) an impossibility
docs/OPEN_LEADS.md	knot-in-s3	1722	**ARITHMETICITY leads** (H4's "one non-deflatable axis"; Reid's uniqueness — the
docs/OPEN_LEADS.md	knot-in-s3	1723	figure-eight is THE arithmetic knot complement: golden-specific, banked, and unlike
docs/OPEN_LEADS.md	det-minus-1	1876	| **L170 — the two §6 arcs awaiting relays: the anomaly cancellation and the orientability bit** | From the consolidated relay's §6, unrelayed in full: (a) their B8089 — the anomaly layer over the derived 16 is identically zero and ⟨ν^c⟩ is
docs/OPEN_LEADS.md	chern-simons	1895	action form forced (S = −CS·k − Vol·σ, c = 6σ, B1012; native gauge = complex CS of
docs/OPEN_LEADS.md	amphichiral	1896	E₆(ℂ), B715); **the action's VALUE computable today** (CS(4₁) = 0 by amphichirality ⇒
docs/OPEN_LEADS.md	chern-simons	1896	E₆(ℂ), B715); **the action's VALUE computable today** (CS(4₁) = 0 by amphichirality ⇒
docs/OPEN_LEADS.md	chern-simons	1907	| **C1 — the parameter-free action card** | **DONE (B1088, 2026-08-19):** S = −Vol·σ locked; CS = 0 exact (one lattice unit precisely: 2R(e^{iπ/3}) = π²/6 + i·Vol); c = 6σ derived twice; zero free dimensionless constants, σ = the ledger's p
docs/OPEN_LEADS.md	chern-simons	1911	| **C5 — the arithmetic-CS hole** | the one true specialist gap (B708, Kim's bar), now SHARPENED: the object's CS value is 0, so the arithmetic analogue of the σ/volume term is the whole question | NEEDS-SPECIALIST, honestly fenced |
docs/OPEN_LEADS.md	gieseking	1955	Gieseking one-tick/double-tick pattern replicates verbatim. The FILLING route (B716)
docs/OPEN_LEADS.md	chern-simons	2000	**STATUS UPDATE (2026-08-26) — all three seams now WALKED:** SEAM-B **DISCHARGED** (B1146, the −I on 27 & 78). SEAM-Y **RESOLVED = MISMATCH** (B1154: codex's up-Yukawa=0 is a cohomological emptiness, ours an arithmetic non-overlap — two ind
docs/OPEN_LEADS.md	amphichiral	2002	**SHARPENED (2026-08-26, B1156 — WF-1 adversarial workflow, 10 agents):** SEAM-A Gate 2 is now a **precise FLOOR**, and B1155's "leaning MISMATCH" is **withdrawn**. The a-priori MISMATCH — "arith-CS is torsion-valued (1/n)ℤ/ℤ, so it cannot 
docs/OPEN_LEADS.md	chern-simons	2002	**SHARPENED (2026-08-26, B1156 — WF-1 adversarial workflow, 10 agents):** SEAM-A Gate 2 is now a **precise FLOOR**, and B1155's "leaning MISMATCH" is **withdrawn**. The a-priori MISMATCH — "arith-CS is torsion-valued (1/n)ℤ/ℤ, so it cannot 
docs/OPEN_LEADS.md	amphichiral	2162	output at all**, and that output is `CS`, forced 2-torsion by amphichirality (B1224): **one bit**.
docs/OPEN_LEADS.md	chern-simons	2162	output at all**, and that output is `CS`, forced 2-torsion by amphichirality (B1224): **one bit**.
docs/OPEN_LEADS.md	chern-simons	2165	B1027 (δ₁₃ = 120°/240°, MISS 11.4σ/38.0σ), B1137 (algebraic combinations, DISJOINT), B813 (CS =
docs/OPEN_LEADS.md	chern-simons	2171	level** ("the CP sign is literally the sign of Chern-Simons", PROVED) and was never connected to
docs/OPEN_LEADS.md	chern-simons	2177	a bit that cannot come out "CP-violating" is vacuous, and m003's `CS = ¼` is the natural bite
docs/OPEN_PROBLEMS.md	chern-simons	6	> **Review 49 (2026-08-26):** the one live crossing is **SEAM-A's Gate 2** — a full Kim-style arithmetic-CS *action* of m004 on ℚ(√−3) (not just B708's linking form / B800's unnormalized Habiro series); NEEDS-SPECIALIST. codex's up-Yukawa=0
docs/OPEN_PROBLEMS.md	chern-simons	61	> computation; (4) C5, the arithmetic-CS hole, now sharpened (CS=0 exactly, so the
docs/OPEN_PROBLEMS.md	chern-simons	62	> arithmetic analogue of the *volume* term, not the CS integer, is the whole question);
docs/OPEN_PROBLEMS.md	orientation	129	> **4. The crux, stated so it can be held honestly.** The observer-coupling reorientation says values
docs/OPEN_PROBLEMS.md	sl2c-lift	197	this paragraph describes but from the object's own SL(2,ℂ) holonomy composed with an exceptional embedding — a
docs/OPEN_PROBLEMS.md	chern-simons	206	**Probation P1 (B562, 2026-07-13): the LITERAL universal form is TOMBSTONED** — topological/dynamical invariants (|H₁|-torsion, gap-label module) are single-valued on the (1,2) fork where κ is 2-valued, so "no invariant escapes" is false. T
docs/OPEN_PROBLEMS.md	knot-in-s3	206	**Probation P1 (B562, 2026-07-13): the LITERAL universal form is TOMBSTONED** — topological/dynamical invariants (|H₁|-torsion, gap-label module) are single-valued on the (1,2) fork where κ is 2-valued, so "no invariant escapes" is false. T
docs/OPEN_PROBLEMS.md	amphichiral	210	B318: for the Eisenstein end this is the *geometric* amphichiral involution `τ`), the **cover-torsion** class (B330,
docs/OPEN_PROBLEMS.md	orientation	217	`{+Vol,−Vol}`, sum 0, and the residual sign = *orientation* is killed by the object's own amphichirality — *self*-
docs/OPEN_PROBLEMS.md	amphichiral	217	`{+Vol,−Vol}`, sum 0, and the residual sign = *orientation* is killed by the object's own amphichirality — *self*-
docs/OPEN_PROBLEMS.md	chern-simons	228	Chern–Simons/`η` beyond the banked `CS=0`; **irregular covers beyond index 6**; `SL(n≥3)` gluing-variety invariants;
docs/OPEN_PROBLEMS.md	amphichiral	247	three breaking scales" reading; the relay's `{2−√3,3,2+√3}` spectrum was **G₂⊕A₂**, not E₆); amphichirality acts as a
docs/OPEN_PROBLEMS.md	chern-simons	282	both (B337); and the **bridge is a flow** (Dehn filling, `CS~−1/(2n)`) whose parameter is **external** (B338). So the
docs/OPEN_PROBLEMS.md	sl2c-lift	293	SL(2,ℂ) quantum-Teichmüller invariant** (the hyperbolic-volume-conjecture object), not an exceptional-gauge state
docs/OPEN_PROBLEMS.md	knot-in-s3	350	Neumann–Reid). **Does this intrinsic `ℤ/3` realize as three generations?**
docs/OPEN_PROBLEMS.md	amphichiral	456	amphichirality-theorem* — with four named gates (one in-sandbox hard theorem A; three specialist B/C/D) — **C closed 2026-08-30, so three remain: A, B, D** — where values
docs/PHASE1_WRAP.md	chern-simons	41	- **W3-082c** (chord-carry): NEEDS-SPECIALIST (Kim's arithmetic-CS bridge uncomputed).
docs/PRACTICES.md	spin	197	caught the spin-count instance of it — then walked into a different instance of the same family:
docs/PRACTICES.md	amphichiral	222	and hence **amphichirality**, congruence data, and the **spectra**.
docs/PRACTICES.md	knot-in-s3	228	other side: **B302** (the generation ℤ/3 is in the *commensurator*, not the object — Neumann–Reid,
docs/PRACTICES.md	amphichiral	247	construction*. Only homology, knottedness (hence **amphichirality**), congruence data and the
docs/PRACTICES.md	amphichiral	307	"no arrow". It cannot: `det S = +1`, so it supplies the **amphichirality** conjugator, while "no
docs/PRACTICES.md	det-minus-1	308	arrow" needs the **det = −1** one. The counterexample was already inside the same document's own
docs/PRICED_DOORS.md	spin	3	> **Review 53 (2026-08-30, anchor `c0e9a4a0`).** **Three doors were priced that were already paid.** The A2 stratum (≈4.3 bits), the hypercharge direction (≈4.17 bits — a straight double-count of the P bit listed beside it) and the spin lif
docs/PRICED_DOORS.md	chern-simons	6	> **Review 49 (2026-08-26):** **SEAM-A** (the heterotic axiom → the adelic ∞-place) is the priced crossing — Gate 1 met (codex's ζ₁₂=K(√3) ring class field), Gate 2 owed (cc3's arithmetic-CS action, NEEDS-SPECIALIST); the √3 hinge is banked
docs/PRICED_DOORS.md	amphichiral	52	> card, S = −Vol·σ with the k-coupling deleted by the object's own amphichirality; the
docs/PRICED_DOORS.md	orientation	162	> **4. The crux, stated so it can be held honestly.** The observer-coupling reorientation says values
docs/PUBLICATION_CAMPAIGN.md	spin	13	closed** (the A2 stratum, the hypercharge direction, the spin lift);
docs/PUBLICATION_CAMPAIGN.md	orientation	170	M² = RL *is* the orientation axiom rather than merely illustrating it; the four-route failure and
docs/REBASE_2026-07-16.md	orientation	83	orientation-reversing ⇒ Y(σ·,σ·,σ·) = −Y — should PROVE the core
docs/REBASE_2026-07-16.md	orient-reversing	83	orientation-reversing ⇒ Y(σ·,σ·,σ·) = −Y — should PROVE the core
docs/RECONTEXT_AUDIT_AND_MASTERPLAN_2026-07.md	chern-simons	63	9. **B1's Chern-Simons-level / Λ "open prize"** (handoff Step 6: *which figure-eight invariant sets Λ?*).
docs/RECONTEXT_AUDIT_AND_MASTERPLAN_2026-07.md	chern-simons	93	- **Phase 4 — Optional legacy physics.** B1's CS-level/Λ prize; paths E15/E16/E18; paper1's φ-extremality numerics.
docs/RECURRENCE_ATLAS.md	amphichiral	16	top recurring motifs: golden(632), firewall(618), eisenstein(616), figure_eight(470), metallic(425), amphichiral_cp(412)
docs/RECURRENCE_ATLAS.md	amphichiral	34	| amphichiral_cp | 412 | 36% | symmetry | structural | topology | amphichirality / the CP sign +-pi/6 / CS=0 |
docs/RECURRENCE_ATLAS.md	chern-simons	34	| amphichiral_cp | 412 | 36% | symmetry | structural | topology | amphichirality / the CP sign +-pi/6 / CS=0 |
docs/RECURRENCE_ATLAS.md	det-minus-1	42	| dickson_tower | 105 | 9% | structure | structural | representation | the Dickson tower rho_n / degree=rank / the det=-1 parity |
docs/RELAY_LEDGER.md	amphichiral	60	| `CC3_TO_CC_2026-08-10_K_BLINDNESS.md` | BANKED | 2026-08-10 | verified exactly and sharpened by B1012 (dS/dk = -CS identically, so blindness ⟺ CS ≡ 0; the further ⟺ amphichirality is REFUTED by B1226); L15's verb propagated by B1013; the 
docs/RELAY_LEDGER.md	chern-simons	60	| `CC3_TO_CC_2026-08-10_K_BLINDNESS.md` | BANKED | 2026-08-10 | verified exactly and sharpened by B1012 (dS/dk = -CS identically, so blindness ⟺ CS ≡ 0; the further ⟺ amphichirality is REFUTED by B1226); L15's verb propagated by B1013; the 
docs/RELAY_LEDGER.md	spin	68	| `outside_bench/` memos 30–40 (cloud→cc, origin/outside-bench dc937010) | BANKED | 2026-08-26 | Campaigns A/B/C continuation reproduce-verified on our bench (11/11 self-contained certs, verdicts byte-identical) → **B1147**; load-bearing th
docs/RELAY_LEDGER.md	amphichiral	72	| `CC3_TO_CC_2026-08-26_THE_FOUR_PAPER_SERIES_IS_DRAFTED.md` (cc3→cc, their branch @ c1dc81c3) | OPEN | 2026-08-26 | Read on this bench. Papers **I–IV** drafted, all build (0 overfull, 0 undef refs), each with a reproducer + register append
docs/RELAY_LEDGER.md	spin	72	| `CC3_TO_CC_2026-08-26_THE_FOUR_PAPER_SERIES_IS_DRAFTED.md` (cc3→cc, their branch @ c1dc81c3) | OPEN | 2026-08-26 | Read on this bench. Papers **I–IV** drafted, all build (0 overfull, 0 undef refs), each with a reproducer + register append
docs/RELAY_LEDGER.md	orientation	82	| cc3 **B8144 price reconciliation** (cc3→cc, paper/structure-genesis-first 0a5ab83b) | BANKED | 2026-08-26 | Caught that **B1164's census disagrees with the banked price ledger by two items** — verified + adopted (B1164 addendum). B1164 sa
docs/RELAY_LEDGER.md	orientation	83	| cc3 **B8138 W₀ family-wide** (cc3→cc, paper/structure-genesis-first 00cadb11) | BANKED | 2026-08-26 | Strengthens **B1163**: all **14** orientable cusped census manifolds with shape field ℚ(√−3) are **amphichiral** (cc3's check_family.py,
docs/RELAY_LEDGER.md	orientable	83	| cc3 **B8138 W₀ family-wide** (cc3→cc, paper/structure-genesis-first 00cadb11) | BANKED | 2026-08-26 | Strengthens **B1163**: all **14** orientable cusped census manifolds with shape field ℚ(√−3) are **amphichiral** (cc3's check_family.py,
docs/RELAY_LEDGER.md	amphichiral	83	| cc3 **B8138 W₀ family-wide** (cc3→cc, paper/structure-genesis-first 00cadb11) | BANKED | 2026-08-26 | Strengthens **B1163**: all **14** orientable cusped census manifolds with shape field ℚ(√−3) are **amphichiral** (cc3's check_family.py,
docs/RELAY_LEDGER.md	knot-in-s3	83	| cc3 **B8138 W₀ family-wide** (cc3→cc, paper/structure-genesis-first 00cadb11) | BANKED | 2026-08-26 | Strengthens **B1163**: all **14** orientable cusped census manifolds with shape field ℚ(√−3) are **amphichiral** (cc3's check_family.py,
docs/RELAY_LEDGER.md	orientation	86	| `outside_bench/` WAVE-3 §E (memos 76–82 + THE_GRAVITY_CHARTER, cloud→cc, origin/outside-bench 60bcf01d) | INTEGRATED | 2026-08-26 | Verified-read alongside the B1165 §E close. **Convergence:** cloud's **G-IDENT** (observer contribution = 
docs/RELAY_LEDGER.md	amphichiral	90	| `outside_bench-adjacent: cc3 a0a349ef (THE_AMPHICHIRALITY_DEBT_CLOSED_83_OF_83)` | BANKED | 2026-08-27 | cc3→cc (**B1181**). The B1180 residue CLOSED: **83/83 amphichiral, zero exceptions/undecided** on the corrected family — spot-verifie
docs/RELAY_LEDGER.md	orientation	92	| `CC_TO_CC3_2026-08-27_B8147_ADOPTED.md` | BANKED | 2026-08-27 | cc→cc3 (**B1180**); harvests cc3 B8147 (63a463e1). **The family-denominator retraction ADOPTED**: ≥83 not 14 (spot-verified on this bench: o10_150700 = single-cusped H₁=ℤ at 
docs/RELAY_LEDGER.md	amphichiral	92	| `CC_TO_CC3_2026-08-27_B8147_ADOPTED.md` | BANKED | 2026-08-27 | cc→cc3 (**B1180**); harvests cc3 B8147 (63a463e1). **The family-denominator retraction ADOPTED**: ≥83 not 14 (spot-verified on this bench: o10_150700 = single-cusped H₁=ℤ at 
docs/RELAY_LEDGER.md	spin	93	| `CC_TO_CC3_2026-08-27_PAPERS_RELAY.md` | OPEN | 2026-08-27 | cc→cc3 (**B1179**, R50-7's GO half; discharges the R48-11→R49-7 carry lineage). The paper-grade results since cc3's freeze handed to the assembly: the mirror-parity law (B1168/G
docs/RELAY_LEDGER.md	spin	94	| `CODEX_TO_CC_2026-08-27_V4_TORSORS.md` | BANKED | 2026-08-27 | codex→cc (**B1175**); R022 the V₄ named-action audit, cert re-run **byte-identical** (standalone stdlib): the √3-vs-√5 separator exact (ram {2,3} vs {5}); three-way claim ILL-
docs/RELAY_LEDGER.md	gieseking	94	| `CODEX_TO_CC_2026-08-27_V4_TORSORS.md` | BANKED | 2026-08-27 | codex→cc (**B1175**); R022 the V₄ named-action audit, cert re-run **byte-identical** (standalone stdlib): the √3-vs-√5 separator exact (ram {2,3} vs {5}); three-way claim ILL-
docs/RELAY_LEDGER.md	orientation	96	| `CC_TO_CLOUD_CODEX_2026-08-27_C4_CONSTRUCTIVELY_RESOLVED.md` | OPEN | 2026-08-27 | cc→cloud+codex (**B1174**, R50-3). **C4 constructively resolved: NOT ONE TORSOR — ONE SHARED INVOLUTION.** Proved: c = mirror = chirality = Gal(K/ℚ) = the 
docs/RELAY_LEDGER.md	orientation	98	| `CC_TO_ALL_SEATS_2026-08-27_B1169_QUALIA_PARITY_VERIFY.md` | OPEN | 2026-08-27 | cc→all (**B1169**), owner-routed. The qualia/parity synthesis for three-seat verification: CONFIRM the SOLID core (parity facts; blanket=cusp-torus S072 with
docs/RELAY_LEDGER.md	orientation	103	| `CC_TO_CLOUD_2026-08-27_C5_RESOLVED_C6_IS_THE_DECIDER.md` | OPEN | 2026-08-27 | cc→cloud (**B1168**). C5 resolved to a mirror-parity × dimension LAW (object-canonical IFF mirror-even ∧ dimensionless; observer = mirror-odd orientation + di
docs/RELAY_LEDGER.md	orientation	104	| `CC_TO_CC3_2026-08-27_TORSION_MIRROR_PARITY_ASK.md` | OPEN | 2026-08-27 | cc→cc3 (**B1168**). The one fenced piece of the C5 law (WebSearch exhausted, per owner "relay to cc3 if no websearch"): confirm the mirror-parity of the Ray–Singer/
docs/RELAY_LEDGER.md	chern-simons	104	| `CC_TO_CC3_2026-08-27_TORSION_MIRROR_PARITY_ASK.md` | OPEN | 2026-08-27 | cc→cc3 (**B1168**). The one fenced piece of the C5 law (WebSearch exhausted, per owner "relay to cc3 if no websearch"): confirm the mirror-parity of the Ray–Singer/
docs/RELAY_LEDGER.md	orientation	106	| `CC_TO_CC3_2026-08-26_CUSP_SEPARATOR_IS_ORIENTATION_BLIND.md` | BANKED | 2026-08-26 | cc→cc3 (**B1167B**); harvests cc3 B8138-extended (paper/structure-genesis-first dd8adea1). Verified cc3's cusp-shape second object-level separator (m004
docs/RELAY_LEDGER.md	chern-simons	107	| `CC_TO_CLOUD_CODEX_2026-08-26_CHARTER_C3_VERIFIED_C4_REFUTATION_CANDIDATE.md` | OPEN | 2026-08-26 | cc→cloud+codex (**B1166**). cc's attack on the two cc-assigned charter sub-claims. **C3 (one dilaton, not two moduli) = VERIFIED** (phase 
docs/RELAY_LEDGER.md	spin	107	| `CC_TO_CLOUD_CODEX_2026-08-26_CHARTER_C3_VERIFIED_C4_REFUTATION_CANDIDATE.md` | OPEN | 2026-08-26 | cc→cloud+codex (**B1166**). cc's attack on the two cc-assigned charter sub-claims. **C3 (one dilaton, not two moduli) = VERIFIED** (phase 
docs/RELAY_LEDGER.md	amphichiral	109	| `CC3_TO_CC_2026-08-27_CELL_2_CLOSED_THE_FAMILY_IS_111.md` | BANKED | 2026-08-27 | cc3→cc (their branch, B8152 bfcb7a1d; dual-homed their side). Cell 2 of `THE_REMAINING_MATH.md` run by cc3 within the hour: criteria nested, family = 111, s
docs/RELAY_LEDGER.md	spin	113	| `CC_TO_CC3_2026-08-28_WELCOME_BACK_STATE_HANDOFF.md` | OPEN | 2026-08-28 | cc→cc3. **SEAT REACTIVATED (owner, same day as the retirement).** Full state handoff for the interval they missed (the grand-computation campaign B1188–B1201 + Rev
docs/RELAY_LEDGER.md	orientation	124	| `CC_TO_CODEX_2026-08-30_R028_VERIFIED_R029_IS_OURS.md` | OPEN | 2026-08-30 | cc→codex.  **R028 VERIFIED on this bench** — their dependency-free certificate runs unmodified, reproducing ordered-ray orientation counts {−1:18, 1:18}, chart a
docs/RELAY_LEDGER.md	orientation	128	| `CC_TO_CODEX_2026-08-31_FINAL_HOSTILE_READ_COMMISSION.md` | OPEN | 2026-08-31 | cc→codex. **S5 of the submission campaign: the final hostile read, commissioned on the FINAL text.** Their Wave-8 read inspected main@4cc38d8a, before §3 and 
docs/RELAY_LEDGER.md	gieseking	128	| `CC_TO_CODEX_2026-08-31_FINAL_HOSTILE_READ_COMMISSION.md` | OPEN | 2026-08-31 | cc→codex. **S5 of the submission campaign: the final hostile read, commissioned on the FINAL text.** Their Wave-8 read inspected main@4cc38d8a, before §3 and 
docs/RELAY_LEDGER.md	amphichiral	129	| `CC_TO_CLOUD_2026-08-31_HEARTBEAT_H9_CORRECTION.md` | OPEN | 2026-08-31 | cc→cloud. **The Heartbeat Atlas has one internal contradiction and fixing it strengthens the thesis.** H9 says β *kills* the gravitational phase (CS = 0); the two-c
docs/RELAY_LEDGER.md	chern-simons	129	| `CC_TO_CLOUD_2026-08-31_HEARTBEAT_H9_CORRECTION.md` | OPEN | 2026-08-31 | cc→cloud. **The Heartbeat Atlas has one internal contradiction and fixing it strengthens the thesis.** H9 says β *kills* the gravitational phase (CS = 0); the two-c
docs/REPRESENTATION_TRIAGE.md	sl2c-lift	28	| `B855` | PENDING | the genericity controls were family members — m003 is commensurable with m004 (index 12 in PSL(2,O₋₃)). A real structural fact about the programme's own controls. |
docs/REPRESENTATION_TRIAGE.md	orientation	78	observer/closure arcs (B279 spin-vs-orientation, B552 the conserved ℤ/11 along the observer flow,
docs/REPRESENTATION_TRIAGE.md	spin	78	observer/closure arcs (B279 spin-vs-orientation, B552 the conserved ℤ/11 along the observer flow,
docs/RETRACTED_PHRASES.md	chern-simons	43	| 6 | `the object is hyperbolic` *(as a claim about the object as a whole)* | **B981** | Half-face reading. **B248 proves a cone-angle transition through all three curvature signs**: hyperbolic ℚ(√−3)/E₆ at α=0, **Euclidean** at α=2π/3, **s
docs/RETRACTIONS.md	knot-in-s3	29	| "{4₁, 5₂} form a commensurability class" / "the forced child inherits its parent's commensurability class" | B438, B440, B443; docs/CAMPAIGN_STATUS.md | WITHDRAWN (polarity inverted) — no knot complement is commensurable with 4₁ (Reid: th
docs/ROADMAP_TOE.md	orientation	27	(escape rate, gap labels), and residue (the orientation character and its breath) are all
docs/ROADMAP_TOE.md	orientation	52	orientation-reversing merge, the collision census incl. the triple, the transfer
docs/ROADMAP_TOE.md	orient-reversing	52	orientation-reversing merge, the collision census incl. the triple, the transfer
docs/SEAL_LEDGER.md	sl2c-lift	237	| B700 cell 4 PREREG (the second-stage torsor) | frontier/B700_fiber_functor/PREREG_CELL4.md | 7323661c | 2026-07-19 | sealed before the verdict; outcome = STAGE-UNIFORM (PSL(2,7) two 3-dim irreps, field Q(sqrt-7), simply-transitive Z/2 tor
docs/SEAL_LEDGER.md	amphichiral	250	| B709 PREREG (the Turok-marriage adjudication) | frontier/B709_turok_marriage_adjudication/PREREGISTRATION.md | 93879b9d | 2026-07-19 | sealed pre-verdict; outcome = ALL-B: NOT a marriage, an INVERSION (Turok CPT = amphichirality canonical
docs/SEAL_LEDGER.md	chern-simons	256	| B710 VERDICT (Path 1 thimbles) | frontier/B710_analytic_t1_thimbles/FINDINGS.md | outcome=B | 2026-07-19 | method-meeting + structure-INVERSION: fig-8 2 REAL-action saddles (CS=0) vs FRW 4 COMPLEX; Turok=method-only computed at thimble le
docs/SEAL_LEDGER.md	amphichiral	257	| B711 VERDICT (Path 2 two-ℤ/2) | frontier/B711_two_z2_degeneration/FINDINGS.md | outcome=B | 2026-07-19 | amphichirality ⊥ Galois (V₄); Galois swaps ρ_geom↔ρ̄_geom free on Fix(τ); golden √5 point = the Galois-fixed real end; verified, not 
docs/SEAL_LEDGER.md	amphichiral	262	| B713 VERDICT (Frontier 1: chirality) | frontier/B713_chirality/FINDINGS.md | outcome=B | 2026-07-19 | chirality is the OBSERVER'S, not the object's: triality gauge-only (no ℤ/3 acts, D₄ order 8, two-seat w/ cc2); chirality = non-canonical
docs/SEAL_LEDGER.md	amphichiral	274	| B716 VERDICT (Frontier 4: the time gap) | frontier/B716_time_gap/FINDINGS.md | outcome=B | 2026-07-19 | time/4d/Lorentzian-signature are the OBSERVER'S, not the object's: intrinsic time = no-arrow Anosov/thermal suspension (compact S¹, am
docs/SEAL_LEDGER.md	knot-in-s3	284	| B719 probe-1 CONTROL RESOLVED (h=3 inherited-vs-generic) | frontier/B719_scale_multiplicity/b719_control.py | outcome=B GENERIC | 2026-07-20 | the h=3 filter is GENERIC not inherited: single-agent Maclachlan–Reid control (validated on 4₁/
docs/SEAL_LEDGER.md	amphichiral	302	| B724 VERDICT (SEEING-STRATEGY re-adjudication) | frontier/B724_seeing_readjudication/FINDINGS.md | outcome=B (all computed) | 2026-07-20 | chat-1's SEEING STRATEGY re-adjudicated by COMPUTING every discriminating fact (corrects E19 cited-
docs/SEAL_LEDGER.md	amphichiral	322	| B740 PREREG (the B288 stragglers — completing the no-filling-re-sees-ℚ(√−3) grid) | frontier/B740_b288_stragglers/PREREGISTRATION.md | 14847ec1 | 2026-07-21 | VERDICT B on the COMPLETED grid (78/78): 60 fields deg≤24 + 11 deep deg 19–31 +
docs/SEAL_LEDGER.md	spin	348	| RESERVED: B753 (cc — the mixing-structure adjudication: chat-1's eigenphase claim vs the explicit weld odd-block; the well-posed overlap; the one-number pin) | — | — | 2026-07-22 | number reservation per the collision protocol |
docs/SEAL_LEDGER.md	spin	350	| B753 VERDICT (mixing structure) | frontier/B753_mixing_structure/ | output.txt | 2026-07-22 | block UNITARY, eigenphases **±72°** (chat-1's 108° FALSE; the distinction EMPTY — Re λ = Re B₀₀ = 1/(2φ) identically); the kind-correct mixing m
docs/SEAL_LEDGER.md	chern-simons	354	| B755 VERDICT (the five carried recomputes) | frontier/B755_carried_recomputes/ | cell outputs | 2026-07-22 | **5/5 LOCATED-BY-RECOMPUTE**: B140 genus-2 CS-flip WITNESSED (two chirality routes); B332 1/4-null computed (0 hits, declared set
docs/SEAL_LEDGER.md	chern-simons	399	| B771 VERDICT (phase 1 wave 1) | frontier/B771_phase1_wave1/ | wave1_results.json | 2026-07-23 | **11 verdicts banked, 2 carry**: e₃ = cos(2π/9)/864 EXACT (the ζ₂₇ Chebyshev rung); B685's conditional kill PROVED all-n, premise = GSWZ (EXTE
docs/SEAL_LEDGER.md	gieseking	417	| B775 PREREG ADDENDUM (phase 2 wave 2) | frontier/B775_phase2_wave1/PREREG_WAVE2.md | cc7e3b48 | 2026-07-23 | 8 structural cells (dark-hyperbola proof, Latin-square hearing matrix, mirror mechanism, p-adic L, bright/dark, Gieseking descent
docs/SEAL_LEDGER.md	gieseking	420	| B775 VERDICT (phase 2 wave 2) | frontier/B775_phase2_wave1/ | wave2_results.json | 2026-07-23 | **6 banked / 1 downgrade-carry / 1 dropped**: MIRROR non-Galois mechanism + (2,3)-stabilizer=Gal(ℚ(ζ₆₀)/ℚ(√5)) via phantom unit 49 (both repro
docs/SEAL_LEDGER.md	knot-in-s3	440	| B775 VERDICT (phase 2 wave 3) | frontier/B775_phase2_wave1/ | wave3_results.json | 2026-07-24 | **7 banked / 1 carry**: L53 all-orders smoothness reduced to MFP+PL+Kostant (formality, indep certificate h*=(0,6,6)); L56 triple-phase realit
docs/SEAL_LEDGER.md	chern-simons	444	| B775 PREREG ADDENDUM (phase 2 wave 5) | frontier/B775_phase2_wave1/PREREG_WAVE5.md | e1510ac7 | 2026-07-24 | 8 structural cells (B465 construct, heredity law, L72 CS-functional, clock κ-law, Landsberg–Schaar, all-chiral condition, L98 new
docs/SEAL_LEDGER.md	knot-in-s3	446	| B775 VERDICT (phase 2 wave 4) | frontier/B775_phase2_wave1/ | wave4_results.json | 2026-07-24 | **4 banked / 4 carry (corrected)**: L54 adjoint Reidemeister torsion of 4₁ computed exactly (2 ways); **R2 sealing FAILS** (fixed locus positi
docs/SEAL_LEDGER.md	orientation	449	| C23 MINTED (the T1-mover no-go) | docs/THEOREM_LEDGER.md | tests/test_b783_c23.py | 2026-07-24 | **the door C21 opened is now CLOSED**: the subgroup of Out(V₄)=S₃ realized by the object's native operations is exactly {identity} — the thre
docs/SEAL_LEDGER.md	spin	457	| B804 Dirac spectrum of m004 | frontier/B804_dirac_spectrum/PREREGISTRATION.md | b955c637ae6a46ba | 2026-07-29 | sealed BEFORE compute, and REVISED before sealing after a literature-first review: the first draft's Cell-2 falsifier was EXCL
docs/SEAL_LEDGER.md	orientation	472	| B849 order parameter for the claimed SSB | frontier/B849_order_parameter/PREREGISTRATION.md | facb8c0355d8b422 | 2026-08-02 | sealed BEFORE computing. Tests whether the observer/SSB reframe has an ORDER PARAMETER at all -- a claimed SSB w
docs/SEAL_LEDGER.md	amphichiral	472	| B849 order parameter for the claimed SSB | frontier/B849_order_parameter/PREREGISTRATION.md | facb8c0355d8b422 | 2026-08-02 | sealed BEFORE computing. Tests whether the observer/SSB reframe has an ORDER PARAMETER at all -- a claimed SSB w
docs/SEAL_LEDGER.md	chern-simons	472	| B849 order parameter for the claimed SSB | frontier/B849_order_parameter/PREREGISTRATION.md | facb8c0355d8b422 | 2026-08-02 | sealed BEFORE computing. Tests whether the observer/SSB reframe has an ORDER PARAMETER at all -- a claimed SSB w
docs/SEAL_LEDGER.md	knot-in-s3	473	| B850 length spectrum -> foliation type | frontier/B850_length_spectrum_type/PREREGISTRATION.md | f9d13b4d880301f7 | 2026-08-02 | sealed BEFORE computing. Claims a COMPUTABLE SHADOW of the foliation-algebra question the incoming bundle fil
docs/SEAL_LEDGER.md	knot-in-s3	517	| B1062 | `frontier/B1062_bridge_cell/PREREGISTRATION.md` | `ad8d60f181a49d11418985cfc2fefc379e1fed1b14ce0e5074e5d3647be9dad0` | 2026-08-13 | **THE BRIDGE CELL** (L161's control gate + L164's externality, jointly): V0 CLOSED-POSITIVE pre-se
docs/SEAL_LEDGER.md	knot-in-s3	518	| B1062-A1 | `frontier/B1062_bridge_cell/ADDENDUM_PRECOMPUTE_2026-08-13.md` | `1b110f0a7e75cc9dcc98c489a00ecd1acd91f9b5e9f6d1e81ffead9379656719` | 2026-08-13 | **PRE-COMPUTE ADDENDUM (binding; the seal untouched)**: the m=1 arm RELABELLED a
docs/SM_SPECIFICATION_LEDGER.md	orientation	21	marking W₀ = an observer *orientation* (B1163, a theorem: amphicheiral ⇒ un-self-suppliable). The firewall
docs/SM_SPECIFICATION_LEDGER.md	chern-simons	112	| CP | sign = sign(CS) (B303); phase second-order as 3.8·CS² (B340) | **ratio-shaped, untested against measurement** |
docs/SM_SPECIFICATION_LEDGER.md	spin	213	spin-1 triplets plus nine singlets — (3,3̄,1)⊕(3̄,1,3) as triplets, (1,3,3̄) as singlets under the
docs/SM_SPECIFICATION_LEDGER.md	amphichiral	366	| **D** **β-odd** | **3** | **θ_QCD, δ_CKM, δ_PMNS** | **OBJECT CONSTRAINS** — amphichirality forces a ℤ/2 (**B1224**): a *bit*, not a value |
docs/SM_SPECIFICATION_LEDGER.md	chern-simons	380	(algebraic combinations over 18 sealed targets, DISJOINT), B813 (CS = θ_QCD, REFUTED ON TYPE).
docs/SM_SPECIFICATION_LEDGER.md	chern-simons	388	equivalent to `CS ≡ 0`, i.e. to the object's complex volume being **real**, and **not** to
docs/SM_SPECIFICATION_LEDGER.md	complex-volume	388	equivalent to `CS ≡ 0`, i.e. to the object's complex volume being **real**, and **not** to
docs/SM_SPECIFICATION_LEDGER.md	amphichiral	389	amphichirality (m003 is amphichiral with CS = ¼; m208 is chiral with CS = 0). The wall stands for
docs/SM_SPECIFICATION_LEDGER.md	chern-simons	389	amphichirality (m003 is amphichiral with CS = ¼; m208 is chiral with CS = 0). The wall stands for
docs/SPECIALIST_SEND_QUEUE.md	chern-simons	11	| Q1 | **SEAM-A Gate 2** (the prize crossing) | Does the Andersen–Hansen closed-surgery↔Vol correspondence extend to the cusped m004 — i.e. can a Kim-style arithmetic-CS *action* over ℚ(√−3) carry a finite-phase→Vol map? Status: FLOOR (B115
docs/STRATEGIC_SYNTHESIS.md	orientation	54	*An earlier version of this section ("notion (ii) = an orientation-independent invariant distinguishing M from M̄") was
docs/STRATEGIC_SYNTHESIS.md	orientation	55	**vacuous** and is withdrawn — an orientation-independent invariant is equal on M and M̄ by definition. So is its
docs/STRATEGIC_SYNTHESIS.md	orientation	56	"fix" ("an orientation-sensitive invariant doing more than flip sign"): `CS(M̄)=−CS(M)`, `WRT(M̄)=WRT(M)*`,
docs/STRATEGIC_SYNTHESIS.md	chern-simons	56	"fix" ("an orientation-sensitive invariant doing more than flip sign"): `CS(M̄)=−CS(M)`, `WRT(M̄)=WRT(M)*`,
docs/STRATEGIC_SYNTHESIS.md	orientation	60	- **chiral = no orientation-reversing self-homeo** (`is_amphicheiral` False): **generic, already achieved** by
docs/STRATEGIC_SYNTHESIS.md	orient-reversing	60	- **chiral = no orientation-reversing self-homeo** (`is_amphicheiral` False): **generic, already achieved** by
docs/STRATEGIC_SYNTHESIS.md	amphichiral	67	(`M̄(m1,m2,φ) ≅⁺ M(m1,m2, h₂φh₁⁻¹)`, the mirror is just the mirrored-gluing composite of the same amphichiral pieces),
docs/STRATEGIC_SYNTHESIS.md	amphichiral	81	**no single canonical object is chiral** (figure-eight is the minimal o-p-t bundle, amphichiral; chirality first
docs/STRATEGIC_SYNTHESIS.md	knot-in-s3	86	- **RESOLVED (B147):** **the chiral pair `RRL/RLL` (ℚ(√−7)) is fully *arithmetic*** — both Maclachlan–Reid conditions
docs/STRATEGIC_SYNTHESIS.md	amphichiral	89	B145's arithmeticity arm is **refuted outright** ("arithmetic ⟹ amphichiral" false), the cited "exactly two o-p-t
docs/STRATEGIC_SYNTHESIS.md	orientation	91	(`RRL/RLL` a mirror pair, both arithmetic, arithmeticity orientation-independent). A sub-claim correction, not a
docs/STRATEGIC_SYNTHESIS.md	amphichiral	112	is chiral (figure-eight is the amphichiral minimum), and the **preferred-handedness dichotomy** makes "no preferred
docs/STRATEGIC_SYNTHESIS.md	orientation	113	handedness" rigorous: M and M̄ agree on every orientation-*independent* invariant, so **no canonical (orientation-
docs/STRATEGIC_SYNTHESIS.md	orientation	114	independent) selection can prefer a handedness** — κ-fork genuine (κ orientation-independent), chirality-fork always
docs/STRATEGIC_SYNTHESIS.md	orientation	115	convention (handedness orientation-sensitive). *Calibration:* B145's arithmeticity arm was refuted (wrong field; `RRL`
docs/STRATEGIC_SYNTHESIS.md	chern-simons	149	precedent where dimensionless topology touches a dimensionful observable (θ-vacuum, CS level, quantized Hall, anomaly
docs/STRATEGIC_SYNTHESIS.md	complex-volume	163	HOLDS.** GTZ/Dimofte/Córdova–Jafferis: the complex volume `∈ ℂ/4π²ℤ` enters the 3d–3d partition function only as the
docs/STRATEGIC_SYNTHESIS.md	chern-simons	165	invariant (and CS=0 for the unit — the candidate scale-carrier vanishes). **No κ-/volume-type invariant of the unit
docs/STRATEGIC_SYNTHESIS.md	complex-volume	179	trace map (B148 proved the Dehn twists preserve it) and the complex volume is a **topological invariant** (fixed in
docs/STRATEGIC_SYNTHESIS.md	chern-simons	219	instance: scale-free (B151), no action/running (B148), Riemannian-not-Lorentzian (B101/B96), CS=0-not-gauge (B127),
docs/STRUCTURE_TO_NATURE_MASTERPLAN.md	chern-simons	55	mathematics, not doctrine. Lane: INLINE-DEEP + WF-PANEL on the arithmetic-CS literature.
docs/STRUCTURE_TO_NATURE_MASTERPLAN.md	spin	61	crossing would come here, under the full prereg/firewall stack. OWNER-gated at the pin.
docs/STRUCTURE_TO_NATURE_MASTERPLAN.md	spin	235	- V-E: I = −1 (invar1/invar639: two-prime, invariance-gated) + THE EXACTNESS PIN (their
docs/SUBMISSION_CAMPAIGN.md	orientation	93	stretch, the M² = RL identity's status as *the* orientation axiom rather than an illustration of it,
docs/THEOREM_LEDGER.md	orientation	41	**C5 [AXIOM — orientation; PRICED, the most expensive].** The monodromy is taken
docs/THEOREM_LEDGER.md	orientation	42	orientation-preserving (golden SQUARED). Price computed (B749/F5 FRAGILE): the discarded
docs/THEOREM_LEDGER.md	orientation	43	det −1 sibling IS the Gieseking manifold — m004's own orientation double cover parent
docs/THEOREM_LEDGER.md	det-minus-1	43	det −1 sibling IS the Gieseking manifold — m004's own orientation double cover parent
docs/THEOREM_LEDGER.md	gieseking	43	det −1 sibling IS the Gieseking manifold — m004's own orientation double cover parent
docs/THEOREM_LEDGER.md	double-cover	43	det −1 sibling IS the Gieseking manifold — m004's own orientation double cover parent
docs/THEOREM_LEDGER.md	orientation	45	**Orientation = choosing the child of the parent.** Lock: same file.
docs/THEOREM_LEDGER.md	knot-in-s3	48	once-punctured torus under [[2,1],[1,1]] is the figure-eight knot complement: unique
docs/THEOREM_LEDGER.md	spin	119	The ONE registered forward item is a HINT, not a chain link (the pin: 0.30902; H-TUROK
docs/THEOREM_LEDGER.md	chern-simons	139	arithmetic-CS home), plus the c-into-θ crux's remaining routes. Locks:
docs/THEOREM_LEDGER.md	orientation	210	the orientation homomorphism (holo/antiholo) and the geometric-pair orbit type
docs/THEOREM_LEDGER.md	orientation	213	the universal spine is the orientation homomorphism I1 (which needs only that the operation
docs/THEOREM_LEDGER.md	orientation	332	> **LOCK AUDIT, B998 (2026-08-09).** `tests/test_b749_genesis_forks.py` tests **F4, F5, F6, F7**. It contains **no F3 test** (cited above), **no F2 test** — C3's only real price — and **no F8 test** — C4's entire price. **So C1, C2 and C4 c
docs/THEOREM_REGISTRY.md	amphichiral	15	| T-MIRROR | **CORRECTED (P4 panel)**: the palindromic-alphabet argument is TWO-BLOCK only (counterexample A₁A₂A₃ = RLRRLLRRRLLL); chain rungs word-mirror verified ≤ 8 (standard-word lemma = the open proof route); word criterion sufficient-
docs/THEOREM_REGISTRY.md	orientation	16	| T-GIES-FAM | X_m = [[m,1],[1,0]], X_m² = A_m, det −1 ∀m: every metallic bundle orientation-double-covers a non-orientable bundle (m=1: Gieseking; SnapPy gate m000 ✓) | B469 BR2 | `br1_br2.py` | **NEEDS-LIT**: "non-orientable punctured tor
docs/THEOREM_REGISTRY.md	orientable	16	| T-GIES-FAM | X_m = [[m,1],[1,0]], X_m² = A_m, det −1 ∀m: every metallic bundle orientation-double-covers a non-orientable bundle (m=1: Gieseking; SnapPy gate m000 ✓) | B469 BR2 | `br1_br2.py` | **NEEDS-LIT**: "non-orientable punctured tor
docs/THEOREM_REGISTRY.md	det-minus-1	16	| T-GIES-FAM | X_m = [[m,1],[1,0]], X_m² = A_m, det −1 ∀m: every metallic bundle orientation-double-covers a non-orientable bundle (m=1: Gieseking; SnapPy gate m000 ✓) | B469 BR2 | `br1_br2.py` | **NEEDS-LIT**: "non-orientable punctured tor
docs/THEOREM_REGISTRY.md	gieseking	16	| T-GIES-FAM | X_m = [[m,1],[1,0]], X_m² = A_m, det −1 ∀m: every metallic bundle orientation-double-covers a non-orientable bundle (m=1: Gieseking; SnapPy gate m000 ✓) | B469 BR2 | `br1_br2.py` | **NEEDS-LIT**: "non-orientable punctured tor
docs/THEOREM_REGISTRY.md	m000	16	| T-GIES-FAM | X_m = [[m,1],[1,0]], X_m² = A_m, det −1 ∀m: every metallic bundle orientation-double-covers a non-orientable bundle (m=1: Gieseking; SnapPy gate m000 ✓) | B469 BR2 | `br1_br2.py` | **NEEDS-LIT**: "non-orientable punctured tor
docs/THEOREM_REGISTRY.md	double-cover	16	| T-GIES-FAM | X_m = [[m,1],[1,0]], X_m² = A_m, det −1 ∀m: every metallic bundle orientation-double-covers a non-orientable bundle (m=1: Gieseking; SnapPy gate m000 ✓) | B469 BR2 | `br1_br2.py` | **NEEDS-LIT**: "non-orientable punctured tor
docs/THEOREM_REGISTRY.md	orientation	17	| T-COLLIDE | 4₁(5,1) ≅ −5₂(5,1) = m003(−2,3); in-window census: 3 collision children incl. the TRIPLE 4₁(1,2) = 5₂(−1,1) = 6₁(1,1) (ℤHS); merge orientation classified | B467 (+census) | `f3_wall.py`, `census.py` | **NEEDS-LIT**: Brakes 198
docs/THEOREM_REGISTRY.md	det-minus-1	20	| T-TWOTEETH | the twisted (det −1) Markov spectrum ∩ (0,3) = **exactly {√5, 2√2}** = {μ(X₁), μ(X₂)} (golden, silver); (2√2, 3) a maximal gap. Via Markov's theorem + axis-form correspondence (disc v²+4) + negative-Pell unit-squeeze (v²−D_m 
docs/THEOREM_REGISTRY.md	det-minus-1	21	| T-COMM-UNIFIED | tr[A,B] = 2 − gap²/(det A·det B) for symmetric A,B of ANY determinant (gap = M₁₂−M₂₁, M = AB): unifies P4's Lemma 2.2 (det +1 bodies A_m, gap = mn(n−m)) with the det −1 letters (X_m, gap = m−n) as ONE transpose mechanism.
docs/THEOREM_REGISTRY.md	sl2c-lift	27	| T-COHN | ⟨A₁,A₂⟩ = ⟨g₁,g₂⟩ = the commutator subgroup of PSL(2,ℤ) (Nielsen identities; balanced words ∈ kernel) | B471 | `chain_verify.py` | KNOWN core (Cohn 1955); the metallic reading NEEDS-LIT |
docs/THEOREM_REGISTRY.md	gieseking	32	| T-SIGMA | σ exchanges the Dehn-filling pair W₁ ↔ W₂ (= the ℚ(√−7)/D(3,3,4) pair, B444); fixed locus = the p=q line ∋ all-ones triple point; the geometric rep's σ-orbit = the B448 heartbeat pair (3±√−3)/2 | B466 | `sigma_action.py` | mecha
docs/THEOREM_REGISTRY.md	chern-simons	34	| T-P2B | real-form conjugation-stability + parity oddness ⟹ Vol(Vᵢ) = 0 exactly, CS(Vᵢ) ∈ {0,½}: the emptiness is a σ-parity selection rule | B469 Ph2 | FINDINGS §P2b | DERIVABLE from banked anchors (Falbel real-form) |
docs/THEOREM_REGISTRY.md	amphichiral	38	| T-θTANGENT | **(wording corrected 2026-07-14, B570-C1 verifier catch)** the manifold's amphichiral involution acts on the tangent ANTILINEARLY, as conj∘θ (its ℂ-linear part is θ); the ℂ-LINEAR θ itself is realized by the HYPERELLIPTIC inv
docs/THEOREM_REGISTRY.md	knot-in-s3	180	| T-ATOM-SPLIT | E₆-programme genericity split: only the arithmetic atom (4₁ the unique arithmetic knot, ℚ(√−3)) is object-specific; the remainder generic to hyperbolic knots | B282 | `tests/test_b282_e6_arithmetic.py` | **PARTIALLY-KNOWN**
docs/THEOREM_REGISTRY.md	orientation	187	| T-GENESIS-PRICE | The genesis chain priced: F2/F3/F4/F7 ROBUST, F5 (orientation) + F6 (puncture) FRAGILE; x²+3 irreducible over ℚ(√5) — ℚ(√−3) is bought at geometrization | B749 (+B998/B1003 lock repair) | `tests/test_b749_f2_f8_locks.py`
docs/THEOREM_REGISTRY.md	orientable	193	| T-ARROW-NOT-BIT | The origin torsor typed: C (swap) and P (reversal) are the two spendable bits; THE ARROW IS NOT ON THE TORSOR — it is the positive monoid's non-surjectivity (unspendable structure T); det M = −1 is the tick's signature, 
docs/THEOREM_REGISTRY.md	gieseking	193	| T-ARROW-NOT-BIT | The origin torsor typed: C (swap) and P (reversal) are the two spendable bits; THE ARROW IS NOT ON THE TORSOR — it is the positive monoid's non-surjectivity (unspendable structure T); det M = −1 is the tick's signature, 
docs/THEOREM_REGISTRY.md	amphichiral	198	| T-ACTION | The parameter-free action: S = −Vol·σ with CS = 0 exact (2R(e^{iπ/3}) = π²/6 + i·Vol, one lattice unit) on the object's own Λ = −1 geometry | B1088 | `tests/test_b1088_action_card.py` | NEEDS-LIT: amphichiral CS vanishing, Bloc
docs/THEOREM_REGISTRY.md	chern-simons	198	| T-ACTION | The parameter-free action: S = −Vol·σ with CS = 0 exact (2R(e^{iπ/3}) = π²/6 + i·Vol, one lattice unit) on the object's own Λ = −1 geometry | B1088 | `tests/test_b1088_action_card.py` | NEEDS-LIT: amphichiral CS vanishing, Bloc
docs/THEOREM_REGISTRY.md	orientable	209	| T-4D-NOSECTION | The 4d suspension selection theorem: over the COMPLETE menu MCG(m004) = D₄ (Mostow), (i) no infinite-order element — the genesis act cannot repeat at 4d via mapping tori; (ii) the θ-filter (centrality) and the tick-filter
docs/THEOREM_REGISTRY.md	gieseking	209	| T-4D-NOSECTION | The 4d suspension selection theorem: over the COMPLETE menu MCG(m004) = D₄ (Mostow), (i) no infinite-order element — the genesis act cannot repeat at 4d via mapping tori; (ii) the θ-filter (centrality) and the tick-filter
docs/THEOREM_REGISTRY.md	double-cover	209	| T-4D-NOSECTION | The 4d suspension selection theorem: over the COMPLETE menu MCG(m004) = D₄ (Mostow), (i) no infinite-order element — the genesis act cannot repeat at 4d via mapping tori; (ii) the θ-filter (centrality) and the tick-filter
docs/THEOREM_REGISTRY.md	spin	217	| T-PROJECTIVE-HATCH | The selection theorem (B1112, the owner's spin-structure catch + 3-way convergence): the object's PSL(2,ℂ) holonomy composes into a stratum WITHOUT an inserted spin-lift iff all 27-weights are even; 9 of 20 e6 strata 
docs/THEOREM_REGISTRY.md	sl2c-lift	217	| T-PROJECTIVE-HATCH | The selection theorem (B1112, the owner's spin-structure catch + 3-way convergence): the object's PSL(2,ℂ) holonomy composes into a stratum WITHOUT an inserted spin-lift iff all 27-weights are even; 9 of 20 e6 strata 
docs/THEOREM_REGISTRY.md	knot-in-s3	222	| T-ADELIC | The object is adelic (B1117, verified 32 digits): m004 is arithmetic (Reid), its finite shadow is structure (E₆ = reduction mod the ramified √−3) and its archimedean shadow is physics, glued by quantum modularity (proven for 4₁
docs/THEOREM_REGISTRY.md	spin	225	| T-LIFTBIT | The spin-lift bit is PAIR-INVISIBLE (B1122/L179): the lift's whole content is the central sign operator S = φ(−I), which commutes with everything and produces no twist, so no seam-word trace on the coupled pair reads it — a st
docs/THEOREM_REGISTRY.md	amphichiral	228	| T-COLOR-COMPACTNESS | Compact su(3) color is a SECOND-LEVEL (antilinear) closing, not the object's linear datum (B1125/V-2): exhaustive over 48 sign-lifts (both lattice classes, θ²=I verified) — the color A2 form is always (5,3), never co
docs/THEOREM_REGISTRY.md	amphichiral	232	| T-M004-UNIQUENESS | **THE OBJECT'S UNIQUENESS IS H₁ = ℤ** (B1136, cc3's B8128 verified two-bench via an independent SnapPy census): over the 14-manifold ℚ(√−3) shape-field family, of seven elementary properties **exactly one separates m00
docs/THEOREM_REGISTRY.md	chern-simons	232	| T-M004-UNIQUENESS | **THE OBJECT'S UNIQUENESS IS H₁ = ℤ** (B1136, cc3's B8128 verified two-bench via an independent SnapPy census): over the 14-manifold ℚ(√−3) shape-field family, of seven elementary properties **exactly one separates m00
docs/THEOREM_REGISTRY.md	spin	238	| T-Y-SPEND | **THE HYPERCHARGE SPEND** (B1138, memo 13 = G-1, verified two-bench): the gauge closing spends the last hypercharge bit itself. Of the 128 factor-preserving involutions, **16 (all in the δW coset)** admit a gauge-row lift; the
docs/THEOREM_REGISTRY.md	spin	242	| T-64-ORGANIZED | **THE 64 ORGANIZED — the spacetime branch holds a graviton, not hypercharge** (B1140, memo 27, the finale, verified two-bench, slot-independent; verdict NEGATIVE): the E₆(−26) spacetime branch's 64 = 78−14 (Killing-comple
docs/THEOREM_REGISTRY.md	spin	243	| T-SPIN-PAYMENT | **THE SPIN PAYMENT — the object's beat assigns the last free discrete bit** (B1141, memo 28, hostile-verified two-bench, three engines): the freedom ledger's last free bit (the spin lift = the two SL(2,ℂ) lifts of m004's 
docs/THEOREM_REGISTRY.md	gieseking	243	| T-SPIN-PAYMENT | **THE SPIN PAYMENT — the object's beat assigns the last free discrete bit** (B1141, memo 28, hostile-verified two-bench, three engines): the freedom ledger's last free bit (the spin lift = the two SL(2,ℂ) lifts of m004's 
docs/THEOREM_REGISTRY.md	sl2c-lift	243	| T-SPIN-PAYMENT | **THE SPIN PAYMENT — the object's beat assigns the last free discrete bit** (B1141, memo 28, hostile-verified two-bench, three engines): the freedom ledger's last free bit (the spin lift = the two SL(2,ℂ) lifts of m004's 
docs/THEOREM_REGISTRY.md	spin	246	| T-SP2-SEAT | **SP-2 — the beat closes EXACTLY on the fermion-capable stratum's 27 over the selected lift; the last discrete spin-lift bit is assigned** (B1145, cloud memo 29, sealed prereg `c384dd3e` derived blind, verified three independ
docs/THEOREM_REGISTRY.md	orientation	247	| T-ONE-CLASS-OBSERVER | **THE ONE-CLASS THEOREM — the object's two independent no-self-closure obstructions are ONE ℤ/2 class** (B1183, PROVED): B760's QP-4 chord-sign obstruction and B1163's orientation obstruction are the same ℤ/2-torsor
docs/THEOREM_REGISTRY.md	amphichiral	247	| T-ONE-CLASS-OBSERVER | **THE ONE-CLASS THEOREM — the object's two independent no-self-closure obstructions are ONE ℤ/2 class** (B1183, PROVED): B760's QP-4 chord-sign obstruction and B1163's orientation obstruction are the same ℤ/2-torsor
docs/THEOREM_REGISTRY.md	det-minus-1	249	| T-RELATIONAL-BIT | **THE RELATIONAL BIT EXISTS** (B1192, PROVED): for the heterogeneous pair (the object, its √3-partner) the mirror is GL₂(ℤ)-realizable **only with det −1**, so **ε = −1 is a mirror-odd, dimensionless ℤ/2 class OF THE PA
docs/THEOREM_REGISTRY.md	orientation	252	| T-V4-TORSOR-IDENT | **C4′ — THE FRAME AND BRANCH V₄s ARE ONE NAMED-ACTION TORSOR** (B1182, PROVED): the √−3-internal pair — the frame V₄ = ⟨c, r⟩ and the branch V₄ = Gal(ℚ(ζ₁₂)/ℚ) — are identified by the **unique label-preserving isomorph
docs/THEOREM_REGISTRY.md	amphichiral	267	| T-CS-TORSION | **Amphichirality forces the Chern--Simons invariant to be 2-torsion, not zero.** For an amphichiral cusped hyperbolic 3-manifold CS = -CS, so 2*CS = 0; in the mod-1/2 normalisation the admissible values are exactly {0, 1/4}
docs/THEOREM_REGISTRY.md	chern-simons	267	| T-CS-TORSION | **Amphichirality forces the Chern--Simons invariant to be 2-torsion, not zero.** For an amphichiral cusped hyperbolic 3-manifold CS = -CS, so 2*CS = 0; in the mod-1/2 normalisation the admissible values are exactly {0, 1/4}
docs/THEOREM_REGISTRY.md	amphichiral	269	| T-BETA-ODD-IS-BIT-VALUED | **The object's β-odd channel is bit-valued, so value-questions fired at it are type-mismatched at the source.** Two parts. (i) *The equivalence break*: B1012's chain `blind-to-k ⟺ CS = 0 ⟺ amphichiral` fails at 
docs/THEOREM_REGISTRY.md	chern-simons	269	| T-BETA-ODD-IS-BIT-VALUED | **The object's β-odd channel is bit-valued, so value-questions fired at it are type-mismatched at the source.** Two parts. (i) *The equivalence break*: B1012's chain `blind-to-k ⟺ CS = 0 ⟺ amphichiral` fails at 
docs/THEOREM_REGISTRY.md	complex-volume	269	| T-BETA-ODD-IS-BIT-VALUED | **The object's β-odd channel is bit-valued, so value-questions fired at it are type-mismatched at the source.** Two parts. (i) *The equivalence break*: B1012's chain `blind-to-k ⟺ CS = 0 ⟺ amphichiral` fails at 
docs/THEOREM_REGISTRY.md	amphichiral	270	| T-MIRROR-ODD-VANISHES | **For an amphichiral object, every mirror-odd invariant is 2-torsion in its value group — so the group's torsion decides the conclusion.** The mirror μ is a *self*-isometry (μM ≅ M), so a mirror-odd invariant obeys
docs/THEOREM_REGISTRY.md	chern-simons	270	| T-MIRROR-ODD-VANISHES | **For an amphichiral object, every mirror-odd invariant is 2-torsion in its value group — so the group's torsion decides the conclusion.** The mirror μ is a *self*-isometry (μM ≅ M), so a mirror-odd invariant obeys
docs/THE_CAMPAIGN.md	chern-simons	58	| 12 | **X25** the two ends' quantized asymmetry | **CS = 0 at E₆ vs π²/5 at E₈.** Does the integer-quantized CS term survive at one end and die at the other? *(First: the normalisation check X21 owes — B250's CS vs Gukov's `I_CS`.)* |
docs/THE_CLAIM.md	orientation	11	> up to orientation; B14, the uniqueness chain), plus **five** typed external data: **two 𝔽₂ bits**
docs/THE_CLAIM.md	amphichiral	29	> | θ-structure: CS = 0 — amphichirality forces CS into ℤ/2 = {0, ¼}, and *this* object sits at 0 | **THEOREM** | B303 · B1224 · B1226 |
docs/THE_CLAIM.md	chern-simons	29	> | θ-structure: CS = 0 — amphichirality forces CS into ℤ/2 = {0, ¼}, and *this* object sits at 0 | **THEOREM** | B303 · B1224 · B1226 |
docs/THE_CLAIM.md	amphichiral	30	> | **no dimensionful quantity — by theorem, not failure** (∂S/∂k = −CS ≡ 0, i.e. the object's complex volume Vol + i·CS is **real**). *Corrected B1226: this is NOT a symmetry theorem — m003 is amphichiral with CS = ¼, m208 is chiral with C
docs/THE_CLAIM.md	chern-simons	30	> | **no dimensionful quantity — by theorem, not failure** (∂S/∂k = −CS ≡ 0, i.e. the object's complex volume Vol + i·CS is **real**). *Corrected B1226: this is NOT a symmetry theorem — m003 is amphichiral with CS = ¼, m208 is chiral with C
docs/THE_CLAIM.md	complex-volume	30	> | **no dimensionful quantity — by theorem, not failure** (∂S/∂k = −CS ≡ 0, i.e. the object's complex volume Vol + i·CS is **real**). *Corrected B1226: this is NOT a symmetry theorem — m003 is amphichiral with CS = ¼, m208 is chiral with C
docs/THE_CLAIM.md	spin	46	continuum pin, the STRUCTURAL generation triple, and the Yukawa pattern all uncounted. Under the
docs/THE_END_TO_END_CHAIN.md	orientation	47	description, the geometric carrier, orientation, **all BEFORE the knot** — and **C18**,
docs/THE_END_TO_END_CHAIN.md	orientation	100	- **C5 [AXIOM — orientation; PRICED, the most expensive]** Monodromy taken
docs/THE_END_TO_END_CHAIN.md	orientation	101	orientation-preserving (golden *squared*). Price (F5, FRAGILE): the discarded
docs/THE_END_TO_END_CHAIN.md	orientation	102	sibling is the Gieseking manifold — m004's own orientation double-cover parent.
docs/THE_END_TO_END_CHAIN.md	gieseking	102	sibling is the Gieseking manifold — m004's own orientation double-cover parent.
docs/THE_END_TO_END_CHAIN.md	double-cover	102	sibling is the Gieseking manifold — m004's own orientation double-cover parent.
docs/THE_END_TO_END_CHAIN.md	orientation	103	*Orientation = choosing the child of the parent.*
docs/THE_END_TO_END_CHAIN.md	knot-in-s3	105	torus under [[2,1],[1,1]] **is the figure-eight knot complement** m004: unique
docs/THE_END_TO_END_CHAIN.md	knot-in-s3	295	figure-eight knot complement, *the* arithmetic knot → its forced V₄ of quadratic
docs/THE_END_TO_END_CHAIN.md	spin	489	(spin-2,0;1)⊕(0,spin-2;1)⊕(1,1;3)⊕(1,1;3̄) = 5+5+27+27 — a color-singlet **graviton** (two
docs/THE_END_TO_END_CHAIN.md	spin	490	spin-2 pieces) plus 54 colored bi-vectors — with **INVARIANT CONTENT ZERO**. Hypercharge
docs/THE_END_TO_END_CHAIN.md	spin	497	**The graviton, two faces not three.** B1140's spin-2 rep and the Ruelle-zeta one-loop
docs/THE_END_TO_END_CHAIN.md	spin	506	THE SPIN PAYMENT — the beat selects the spin structure): **ONE-BENCH**, pending hostile
docs/THE_FORCED_AND_THE_FREE.md	amphichiral	15	| 1 | the chirality sign | ρ* ≅ ρ̄, the sheets exchanged by the object's own amphichirality (B713; B945's swap) |
docs/THE_FORCED_AND_THE_FREE.md	orientation	136	det(M) = −1 — every substitution tick reverses orientation, every second tick restores
docs/THE_FORCED_AND_THE_FREE.md	orientation	137	it; the Breath Campaign's banked sentence ("the program IS the residue (orientation
docs/THE_FORCED_AND_THE_FREE.md	gieseking	140	exactly — M² = RL, det M = −1 — the one-tick object is the Gieseking manifold
docs/THE_FORCED_AND_THE_FREE.md	orientable	141	(non-orientable, CITED) and the object is the double tick: orientability and
docs/THE_FORCED_AND_THE_FREE.md	amphichiral	142	amphichirality arrive in the same purchase, at tick two)*. The two selection-kinds separate at tick one: the rule is a perfect selector
docs/THE_FRAMEWORK.md	orientation	30	| **A3** | orientation-preserving (`det=+1`, `SL(2,ℤ)`) | the orientation the object later *breaks* |
docs/THE_FRAMEWORK.md	orientable	78	non-orientable); the second tick buys orientability and pays amphichirality in the same
docs/THE_FRAMEWORK.md	amphichiral	78	non-orientable); the second tick buys orientability and pays amphichirality in the same
docs/THE_FRAMEWORK.md	knot-in-s3	89	`A = LR` is the monodromy of the **figure-eight knot complement m004** — the minimal
docs/THE_FRAMEWORK.md	amphichiral	109	**CS = 0 exactly at the hyperbolic end** (forced by amphichirality), **CS = π²/5 at the
docs/THE_FRAMEWORK.md	chern-simons	109	**CS = 0 exactly at the hyperbolic end** (forced by amphichirality), **CS = π²/5 at the
docs/THE_FRAMEWORK.md	sl2c-lift	115	PSL(2,𝒪₋₃), same trace field (B803, B855). The **child**, the **metallic family**, the
docs/THE_FRAMEWORK.md	orientation	116	**two chiralities**: the object breaks **c** (conjugation/orientation/time) but is
docs/THE_FRAMEWORK.md	amphichiral	117	**θ-symmetric** — amphichiral. That amphichirality is not decoration; it is what forces
docs/THE_FRAMEWORK.md	chern-simons	118	CS = 0, and therefore what makes the object scale-free, and — as the 2026-08 wave shows
docs/THE_FRAMEWORK.md	knot-in-s3	129	Reid-uniqueness consumed at zero steps); **the entry is GENERIC across grammars**
docs/THE_FRAMEWORK.md	orientation	218	observer-coupling reorientation as a theorem: predict the coupling, not the values.**
docs/THE_FRAMEWORK.md	amphichiral	325	> | **scale** (ℓ, k) | **boundary + specification** | "what is α_s(M_Z)?" presupposes a renormalisation point the object lacks; and the object is **provably blind to k** (∂S/∂k = −CS = 0, B1012 — contingent on CS = 0, *not* on amphichiralit
docs/THE_FRAMEWORK.md	chern-simons	325	> | **scale** (ℓ, k) | **boundary + specification** | "what is α_s(M_Z)?" presupposes a renormalisation point the object lacks; and the object is **provably blind to k** (∂S/∂k = −CS = 0, B1012 — contingent on CS = 0, *not* on amphichiralit
docs/THE_FRAMEWORK.md	sl2c-lift	356	(holonomies factoring through SL(2,ℂ)), and the hatch opens.**
docs/THE_FRAMEWORK.md	sl2c-lift	359	Zariski-dense in SL(2,ℂ) — a banked fact, not a new assumption — so for **any** algebraic
docs/THE_FRAMEWORK.md	spin	383	exactly, six spin-1 triplets and nine singlets, matching the trinification pattern
docs/THE_FRAMEWORK.md	chern-simons	539	Gukov's complex-CS action splits as **k·I_CS + iσ·I_grav**, with **k ∈ ℤ quantized** and
docs/THE_FRAMEWORK.md	chern-simons	540	**σ not quantized**, where **G_N = 1/(4σ)**. The object has **CS = 0 exactly**. So **the
docs/THE_FRAMEWORK.md	amphichiral	542	survives** — the object cannot fix a scale because its own **amphichirality deletes the
docs/THE_FRAMEWORK.md	chern-simons	543	quantized half of its action.** *(This closure — G_N = 1/(4σ), c = 6σ, S = −CS·k − Vol·σ
docs/THE_FRAMEWORK.md	chern-simons	544	with CS = 0 — was verified once by cross-check (B1012) and has now been rebuilt a third
docs/THE_FRAMEWORK.md	chern-simons	547	**∂S/∂k = −CS identically, so the object's blindness to k is EQUIVALENT to its
docs/THE_FRAMEWORK.md	amphichiral	548	amphichirality** (B1012): no deeper eigenvalue, face, or control can ever bear on k;
docs/THE_FRAMEWORK.md	amphichiral	605	amphichirality, and independently verified to 50 digits via the exact identity
docs/THE_FRAMEWORK.md	amphichiral	616	amphichirality is visible directly in the formula's shape. The steepest-descent saddle
docs/THE_FRAMEWORK.md	chern-simons	689	arithmetic-CS analogue of the volume term, fenced pending a further reading; and the T²
docs/THE_FRAMEWORK.md	chern-simons	754	6. **C5 — the arithmetic-CS analogue of the volume term: CLOSED NEGATIVE 2026-08-21
docs/THE_FRAMEWORK.md	chern-simons	756	verification).** Arithmetic CS is finite-group-valued BY CONSTRUCTION
docs/THE_FRAMEWORK.md	knot-in-s3	805	forces — given A1–A6, with A6 the minimality selection —** the figure-eight knot complement
docs/THE_FRAMEWORK.md	knot-in-s3	832	arithmetic hyperbolic 3-manifold (Reid), and an arithmetic object has two kinds of
docs/THE_FRAMEWORK.md	spin	867	lift} and its bits do not fuse: the spin lift is PAIR-INVISIBLE (B1122/L179), a central
docs/THE_FRAMEWORK.md	spin	882	decompose exactly under su(2)×su(2)×su(3) as (spin-2,0;1)⊕(0,spin-2;1)⊕(1,1;3)⊕(1,1;3̄) =
docs/THE_FRAMEWORK.md	spin	883	5+5+27+27 — a color-singlet **graviton** (two spin-2 summands) beside 54 colored bi-vectors
docs/THE_FRAMEWORK.md	spin	898	**The graviton itself is two faces now, not three.** One is the spin-2 rep just derived
docs/THE_FRAMEWORK.md	spin	906	factor of 697 off). *(A further claim about that same spin lift — memo 28, THE SPIN
docs/THE_FRAMEWORK.md	spin	907	PAYMENT: the Breath tick selects the spin structure — is ONE-BENCH only, cloud-seat,
docs/THE_LADDER.md	spin	97	> dimensions decompose under su(2)×su(2)×su(3) as (spin-2,0;1)⊕(0,spin-2;1)⊕(1,1;3)⊕(1,1;3̄)
docs/THE_LADDER.md	spin	107	> **X34 gains a second graviton face** (the spin-2 rep, B1140, beside the
docs/THE_LADDER.md	spin	116	> tick selects the spin structure) is ONE-BENCH only, pending hostile verification —
docs/THE_LADDER.md	amphichiral	123	| **X21** | **scale** | **amphichirality forces CS = 0**, which deletes the integer-quantized term `k·I_CS` from Gukov's `k·I_CS + iσ·I_grav`, leaving only the **unquantized** σ (with `G_N = 1/4σ`). *Normalisation check owed before this is 
docs/THE_LADDER.md	chern-simons	123	| **X21** | **scale** | **amphichirality forces CS = 0**, which deletes the integer-quantized term `k·I_CS` from Gukov's `k·I_CS + iσ·I_grav`, leaving only the **unquantized** σ (with `G_N = 1/4σ`). *Normalisation check owed before this is 
docs/THE_LADDER.md	spin	123	| **X21** | **scale** | **amphichirality forces CS = 0**, which deletes the integer-quantized term `k·I_CS` from Gukov's `k·I_CS + iσ·I_grav`, leaving only the **unquantized** σ (with `G_N = 1/4σ`). *Normalisation check owed before this is 
docs/THE_LADDER.md	orientable	125	| **X23** | the 4d lift | **exists and is canonical** (B277, monodromy **φ = RL** — A7's bit), but is **N=2 (non-chiral)** and the **6d type is a free input**. **B1083 supplies a second, independent derivation of the same RL**: the monodrom
docs/THE_LADDER.md	amphichiral	125	| **X23** | the 4d lift | **exists and is canonical** (B277, monodromy **φ = RL** — A7's bit), but is **N=2 (non-chiral)** and the **6d type is a free input**. **B1083 supplies a second, independent derivation of the same RL**: the monodrom
docs/THE_LADDER.md	gieseking	125	| **X23** | the 4d lift | **exists and is canonical** (B277, monodromy **φ = RL** — A7's bit), but is **N=2 (non-chiral)** and the **6d type is a free input**. **B1083 supplies a second, independent derivation of the same RL**: the monodrom
docs/THE_LADDER.md	amphichiral	128	| **X34** | **THE 3D COMPLETION (new rung; L174, registered 2026-08-19 at the owner's election) — a parameter-free 2+1d gravity+matter theory, C1–C4 BANKED, one hole (C5) NEEDS-SPECIALIST** | **C1, the action card (B1088):** Λ = −1 FORCED (
docs/THE_LADDER.md	chern-simons	128	| **X34** | **THE 3D COMPLETION (new rung; L174, registered 2026-08-19 at the owner's election) — a parameter-free 2+1d gravity+matter theory, C1–C4 BANKED, one hole (C5) NEEDS-SPECIALIST** | **C1, the action card (B1088):** Λ = −1 FORCED (
docs/THE_LADDER.md	orientable	129	| **X35** | **THE ORIGIN TORSOR, RETYPED, AND ITS PHYSICAL INSTANTIATION (new rung; B1083, B1095, B1097)** | The founding choice (`a→ab, b→a`) is a basepoint-taking on a free transitive K₄-torsor (the four natural Fibonacci substitutions). 
docs/THE_LADDER.md	amphichiral	129	| **X35** | **THE ORIGIN TORSOR, RETYPED, AND ITS PHYSICAL INSTANTIATION (new rung; B1083, B1095, B1097)** | The founding choice (`a→ab, b→a`) is a basepoint-taking on a free transitive K₄-torsor (the four natural Fibonacci substitutions). 
docs/THE_LADDER.md	gieseking	129	| **X35** | **THE ORIGIN TORSOR, RETYPED, AND ITS PHYSICAL INSTANTIATION (new rung; B1083, B1095, B1097)** | The founding choice (`a→ab, b→a`) is a basepoint-taking on a free transitive K₄-torsor (the four natural Fibonacci substitutions). 
docs/THE_LADDER.md	chern-simons	136	| **X25** | **the two ends' quantized asymmetry** | **CS = 0 at E₆, CS = π²/5 at E₈** — the quantized term dies at one end and survives at the other |
docs/THE_LAMBDA_POSITION.md	chern-simons	13	structure is the complex volume Vol + i·CS = 2.0298832128193072500424051081…
docs/THE_LAMBDA_POSITION.md	complex-volume	13	structure is the complex volume Vol + i·CS = 2.0298832128193072500424051081…
docs/THE_LAMBDA_POSITION.md	amphichiral	14	+ 0i (CS = 0 exactly, by amphichirality — B980).
docs/THE_LAMBDA_POSITION.md	chern-simons	14	+ 0i (CS = 0 exactly, by amphichirality — B980).
docs/THE_LAMBDA_POSITION.md	chern-simons	27	S = −CS·k − Vol·σ exactly, so ∂S/∂k = −CS ≡ 0 — "the object's k-blindness is
docs/THE_LAMBDA_POSITION.md	amphichiral	28	EQUIVALENT to its amphichirality… it deletes the only term that could have
docs/THE_PATTERN_MEDITATION.md	chern-simons	33	complex CS (B715); the endpoint = the A₂+A₁ Levi, Borel–de Siebenthal 1949 (B951);
docs/THE_PATTERN_MEDITATION.md	chern-simons	54	class level); the congruence-level vs CS-level collision (B1012).
docs/THE_PATTERN_MEDITATION_2.md	chern-simons	46	(ii) **blindness-theorems** (∂S/∂k = −CS ≡ 0 ≡ real complex volume — the scale factor; *not*
docs/THE_PATTERN_MEDITATION_2.md	complex-volume	46	(ii) **blindness-theorems** (∂S/∂k = −CS ≡ 0 ≡ real complex volume — the scale factor; *not*
docs/THE_PATTERN_MEDITATION_2.md	amphichiral	47	≡ amphichirality, corrected B1226);
docs/THE_REMAINING_MATH.md	orientation	21	orientation = the sole archimedean bit; arrow = finite place; θ = value-kernel), with **one proved
docs/THE_REMAINING_MATH.md	amphichiral	45	| 2 | the family-DEFINITION cell (B1180 residue) | **DONE** — B1186 (cc3's B8152 harvested + corrected): criteria strictly nested (77 ⊊ 112); **the family is 112** (t06829 the exactly-certified boundary member cc3's bound missed); amphichir
docs/THE_REMAINING_MATH.md	chern-simons	48	| 5 | SEAM-A in-house: the CS=0 stationary-phase door (B1108) | QUEUED — the last in-house move on the W₀ bar before it is specialist-only |
docs/THE_REMAINING_MATH.md	orientation	91	orientation bit**, B1198's identification killed and B1201 confirmed from the source. The appendix
docs/THE_REMAINING_MATH.md	chern-simons	92	does not use CS = 0. The motive lives over the invariant trace field, **= ℚ(√−3) for m004**. **The
docs/THE_ROAD.md	orientation	18	(THEOREM_LEDGER; P019), priced: exactly two FRAGILE forks (F5 orientation, F6
docs/THE_ROAD.md	spin	43	the owner's spin-structure catch): the object's holonomy is PSL(2,ℂ); a stratum is
docs/THE_ROAD.md	sl2c-lift	43	the owner's spin-structure catch): the object's holonomy is PSL(2,ℂ); a stratum is
docs/THE_ROAD.md	spin	44	reachable without an inserted spin-lift iff its 27 is EVEN; 9 of 20 are, and of the
docs/THE_ROAD.md	chern-simons	107	- **VI.1 The action** — [BANKED] S = −Vol·σ, CS = 0 exact; c = 6σ twice-derived;
docs/THE_ROAD.md	chern-simons	126	- **VI.4 The arithmetic-CS analogue** — [NEGATIVE, closed 2026-08-21] arithmetic
docs/THE_ROAD.md	chern-simons	128	the object proves vanishes (CS = 0) and lacks the term the object carries (Vol,
docs/THE_ROAD.md	knot-in-s3	165	(Reid); its FINITE shadow is structure (E₆ = reduction mod the ramified prime √−3) and
docs/THE_ROAD.md	spin	177	the plain swap does not); and the spin-lift bit is PAIR-INVISIBLE (B1122/L179 — its whole
docs/THE_ROAD.md	spin	179	no-go than B1087). {C, P, spin lift} is real but not one mechanism: {C,P}+dial are
docs/THE_ROAD.md	spin	180	coupling-readable, the spin lift is irreducibly the observer's.
docs/THE_ROAD.md	sl2c-lift	213	> unlifted PSL(2,ℂ) geometry reaches it with **no inserted choice** — "SM-facing selection
docs/THE_ROAD.md	spin	220	> **(3) The spin lift, priced 1 bit → 0.** B1141 (THE SPIN PAYMENT) is PROVED and
docs/THE_ROAD.md	spin	228	> {C, P, spin lift}" closes one step further — to {C, P}.** No arc after B1145 re-opens any of
docs/THE_ROAD.md	spin	275	**Re-census 2026-08-25 (THE FINALE, B1134–B1140) — supersedes the VALUES line above.** The door B1134 left open — *"is any SM value a regulator of the object's higher classes, in the forced J₃(𝕆) domain?"* — is now shut. **B1140** (the clou
docs/THE_SM_VERDICT.md	knot-in-s3	75	- **abelian holonomy**: a knot complement has H₁ = ℤ, so the image is cyclic → rank-preserving
docs/THE_SM_VERDICT.md	amphichiral	157	| 6 | strong CP, the hierarchy (naturalness), ν-mass | never addressed; listed so they are not forgotten. *(The global ℤ₆ form was removed from this row 2026-08-10 — it is **DERIVED** (B862), as this document's own amendment banner says; ca
docs/THE_SM_VERDICT.md	knot-in-s3	239	chain is generic at roughly 1 in 3**, exactly as B727 pre-empted. And **Reid-uniqueness — m004 as
docs/THE_SM_VERDICT.md	knot-in-s3	240	*the* arithmetic knot complement — is load-bearing at zero steps**: the chain buys the **field**
docs/THE_SM_VERDICT.md	spin	319	> **Currency update 2026-08-21 (the breakthrough packet, B1112–B1116; the value verdict SHARPENED, not overturned).** The structure-vs-values verdict stands and gains its mechanism: the seven value misses are re-typed as **single-completion
docs/THE_SM_VERDICT.md	sl2c-lift	319	> **Currency update 2026-08-21 (the breakthrough packet, B1112–B1116; the value verdict SHARPENED, not overturned).** The structure-vs-values verdict stands and gains its mechanism: the seven value misses are re-typed as **single-completion
docs/THE_SM_VERDICT.md	spin	321	> **Currency update 2026-08-21 (the make-or-break RESOLVED — the value door opens onto arithmetic).** L180 (B1120) came back **POSITIVE at TWO orders**: the Kashaev tower's sub-leading coefficients are trace-field arithmetic — C₁ = (11/108)
docs/THE_SM_VERDICT.md	amphichiral	325	> **Currency update 2026-08-21 (value campaign V-2 — compact color is a second-level closing).** V-2 (B1125): no LINEAR sign-lift of the object gives compact su(3) color — exhaustive over 48 elements, both lattice classes; the color A2 stay
docs/THE_SM_VERDICT.md	spin	337	> **Currency update 2026-08-25 (B1140 THE 64 ORGANIZED — the finale; the closing composition; the graviton is two faces).** The last relay B1134 posed — the 64 fixed dimensions of the E₆(−26) spacetime branch, the natural finite value targe
docs/THE_WHY_CAMPAIGN.md	chern-simons	64	| X25 | **DONE in substance** (B1012 discharged the normalisation; the CS = 0 / π²/5 contrast absorbed into the k-blindness equivalence — whose second link is corrected by B1226) |
docs/THE_WITHHOLDING_TAXONOMY.md	chern-simons	22	∂S/∂k = −CS ≡ 0, equivalent to the reality of the complex volume (**B1012**; *not* to
docs/THE_WITHHOLDING_TAXONOMY.md	complex-volume	22	∂S/∂k = −CS ≡ 0, equivalent to the reality of the complex volume (**B1012**; *not* to
docs/THE_WITHHOLDING_TAXONOMY.md	amphichiral	23	amphichirality — corrected **B1226**): the object is blind to
docs/TOOLBOX.md	amphichiral	29	| deciding amphichirality of a punctured-torus bundle from its word | the cyclic-palindrome / block-pair criterion | P34/P35 (B134/B136) |
docs/TOOLBOX_LIVE.md	orientation	17	- **The atlas** (`scripts/atlas/query.py card <topic>`) — re-orientation and
docs/UNIFIED_STATE.md	det-minus-1	77	$\det=-15=\operatorname{disc}\mathbb{Q}(\sqrt5)\cdot\operatorname{disc}\mathbb{Q}(\sqrt{-3})$ and **signature
docs/UNIFIED_STATE.md	orientation	126	- **TC-4** — odd label-relabeling **cancels** the Pfaffian orientation (an orientation/asymmetry obstruction).
docs/UNIQUENESS_THEOREM.md	orientation	27	| **A3** | **Orientation-preserving.** | `det = +1`, i.e. the update monoid lies in `SL(2,ℤ)`. |
docs/WHAT_WOULD_COUNT.md	orientation	29	physics wall?"* is asking an ambiguous question — which is itself a large part of the disorientation.
docs/WHAT_WOULD_COUNT.md	orientation	176	observer-coupling reorientation] is right, the object* **should not** *emit values — so Tier 2's
docs/WHAT_WOULD_COUNT.md	spin	422	exactly (six spin-1 triplets plus nine singlets); **the 27 IS complex there** — a multiplicity-3
docs/anatomy/ATLAS_V2.md	amphichiral	6	bundle; amphichiral; Vol = 2.02988... = (3 sqrt3/2) L(chi_-3, 2)
docs/anatomy/ATLAS_V2.md	knot-in-s3	8	ARITHMETIC KNOT (Reid 1991); det(A-I) = -1, disc 5, det(A+I) = 5;
docs/anatomy/EISENSTEIN_ATLAS.md	knot-in-s3	8	Q(zeta_6). THE UNIQUE ARITHMETIC KNOT (Reid). No 5 anywhere in the
docs/anatomy/VERDICT_LEDGER.md	knot-in-s3	30	[trifocal/MEDITATION] Two record gaps: Vol(4_1) = (3sqrt3/2)L(chi_-3,2) VERIFIED (volume = being-character L-value) and Reid 1991 (THE UNIQUE ARITHMETIC KNOT) absent from the banked record — L91's classical shadow. The unifier: 5 is INERT i
docs/atlas/FAILURE_ATLAS.md	sl2c-lift	152	is dead. The diagonal `SL(2,C)` representations (`w^3 - 2w^2 - 2w + 1`, roots
docs/atlas/FAILURE_ATLAS.md	det-minus-1	349	| B4 | `det=−1` = CPT (a manifold invariant) | it is a trace-map/parity fact (B94), not a manifold invariant | V80 | DEAD |
docs/atlas/FAILURE_ATLAS.md	chern-simons	358	| C4 | Fisher-metric-on-CS-level-`k` emergence | heuristic, not rigorous | atlas | DEAD |
docs/atlas/FAILURE_ATLAS.md	sl2c-lift	359	| C5 | 3+1D from Cartan geometry (`sl(2,ℂ)≅so(3,1)`) | the 3d→4d extraction is a structural **type-mismatch wall**, not a queued calc | S020 | **WALLED** |
docs/atlas/FAILURE_ATLAS.md	chern-simons	400	| G4 | the CS-crossover `k≈4 ↔ n=4` | m-dependent (`k≈2` at m=2) — a figure-eight-volume coincidence, not structure | seven-hints A4 | DEAD |
docs/atlas/FAILURE_ATLAS.md	det-minus-1	404	*Asset, not a kill (recorded so it is not re-killed):* the `det=−1` middle-eigenvalue `−1` is the **proved B121
docs/atlas/FAILURE_ATLAS.md	det-minus-1	405	parity** (the external monodromy `det=−1` grading), re-derived via fig-8 = golden² (B122) — anchored at `B121`/`S024`.
docs/atlas/GLOSSARY.md	det-minus-1	56	Metallic family / metallic mean: the matrices `M_m=[[m,1],[1,0]]` (`det=−1`) and their eigenvalues `λ_m=(m+√(m²+4))/2`
docs/atlas/GLOSSARY.md	det-minus-1	63	the `char(−M^k)` sectors are the `det=−1` twist.
docs/atlas/SUCCESS_ATLAS.md	knot-in-s3	86	arithmeticity (B123: the unique arithmetic knot, Reid 1991). `knowledge/K009`.
docs/atlas/nodes/noncommutative_cancellation_residue.md	orientation	118	causal growth imports causet substrate, birth rule, measure, and time orientation
docs/atlas/nodes/state_integral_selector_gap.md	chern-simons	61	complex Chern-Simons state-integral context
docs/atlas/nodes/state_integral_selector_gap.md	orientation	76	orientation sign remains unforced
docs/audits/AUDIT_2026-07-22_fourth_pass.md	amphichiral	11	amphichiral sub-test (never consulted CURVE; the third MB12-class lock in three days) —
docs/audits/AUDIT_2026-07-22_fourth_pass.md	spin	25	sympy deprecation/pin documented.
docs/dossiers/DOSSIER_the_arithmetic_object_2026-07-18.md	knot-in-s3	15	The figure-eight knot complement — equivalently the `m=1` member of the
docs/dossiers/DOSSIER_the_arithmetic_object_2026-07-18.md	knot-in-s3	38	- **Manifold.** The figure-eight knot complement S³∖4₁: two regular ideal
docs/dossiers/DOSSIER_the_arithmetic_object_2026-07-18.md	knot-in-s3	41	arithmetic knot** (Reid). No 5 anywhere in the geometry. (B685; ATLAS.)
docs/dossiers/DOSSIER_the_arithmetic_object_2026-07-18.md	knot-in-s3	108	unique arithmetic knot** (Reid). Structure = a universal heart + a
docs/dossiers/DOSSIER_the_arithmetic_object_2026-07-18.md	knot-in-s3	267	mathematics is mostly known or NEEDS-SPECIALIST (GSWZ Habiro, Reid
docs/dossiers/DOSSIER_weil_tqft_identification.md	chern-simons	29	TQFT") — abelian CS = Weil-rep theory; the closest published framework to this
docs/dossiers/NOVELTY_MAP.md	knot-in-s3	89	- **E₆ character variety of knot complements** (↔ our B264/B274/B347): SL(2) classical
docs/dossiers/S6_theorem_inventory_cc2.md	amphichiral	36	| H7 | The closure theorem — L48 | THEOREM (one-way) | B613 | PROVED | **KEEP** | Real derivation from modular-data axioms (S,T,C with S²=ζC): three lemmas I1/I2/I3 assembled exactly into `conj(W)=Q⁻¹WᵀQ` (`frontier/B613_closure_theorem/FIN
docs/dossiers/S6_theorem_inventory_cc2.md	knot-in-s3	69	| C4 | The subfield law (the chord's field of definition) — L72 | THEOREM (two banked objects; general mechanism identified) | B638/B637, B649, B654, B659 | CERTIFIED (2 objects) + NEEDS-SPECIALIST | **KEEP** (no action; already well-calibr
docs/dossiers/S8_portfolio_current_cc2.md	knot-in-s3	44	(GSWZ Habiro, Reid arithmeticity, base-change, cyclotomic Galois).
docs/handoffs/NEGATIVES_HUNT_HANDOFF_2026-07-21.md	orientation	40	**The built tool:** `scripts/atlas/query.py` — the re-orientation card + the **obstacle→resolution
docs/handoffs/NEGATIVES_HUNT_HANDOFF_2026-07-21.md	spin	58	level-(8) structure (the field does not pin the object — m003 ties it).
docs/handoffs/PHYSICS_PATHFINDER_PROMPT_2026-07-21.md	sl2c-lift	117	for PSL(2,O₃) at source (Sarnak/Efrat, primary); (2) locate the pole structure in the object's
docs/handoffs/PHYSICS_PATHFINDER_PROMPT_2026-07-21.md	orientation	135	owner's standing reorientation applies: listen to the object — the mechanism above is how the
docs/progress/PROGRESS_2026-Q2.md	chern-simons	100	## 2026-05-22 — Phase B / probe B1: gluing vs. Chern-Simons flatness
docs/progress/PROGRESS_2026-Q2.md	chern-simons	104	- Ran the first frontier probe, `frontier/B1_gluing_chern_simons/probe.py`.
docs/progress/PROGRESS_2026-Q2.md	spin	106	`scipy.linalg.logm` to 2.8e-16; frame-to-spin-connection ratio `d/a = 2`
docs/progress/PROGRESS_2026-Q2.md	chern-simons	112	torsion-free frame + spin connection. It does **not** produce the Chern-Simons
docs/progress/PROGRESS_2026-Q2.md	chern-simons	114	flat-connection theory. See `frontier/B1_gluing_chern_simons/README.md`.
docs/progress/PROGRESS_2026-Q2.md	chern-simons	116	Chern-Simons gauge in which the gluing variables *are* `(ω, e)` and checking
docs/progress/PROGRESS_2026-Q2.md	orientation	427	reversible integer transfer; orientation-preserving; primitive one-channel
docs/progress/PROGRESS_2026-Q2.md	orientation	667	windings remain allowed, nontrivial kernel windings exist, orientation remains
docs/progress/PROGRESS_2026-Q2.md	orientation	791	primitive orientation-reversing Fibonacci half-step `F=[[1,1],[1,0]]`, not of
docs/progress/PROGRESS_2026-Q2.md	orient-reversing	791	primitive orientation-reversing Fibonacci half-step `F=[[1,1],[1,0]]`, not of
docs/progress/PROGRESS_2026-Q2.md	det-minus-1	794	exactly for `det=-1`, `trace=+/-1`.
docs/progress/PROGRESS_2026-Q2.md	orientation	818	`B(a,b)=L_a R_b=[[1+ab,a],[b,1]]`, an integer orientation-reversing square
docs/progress/PROGRESS_2026-Q2.md	orient-reversing	818	`B(a,b)=L_a R_b=[[1+ab,a],[b,1]]`, an integer orientation-reversing square
docs/progress/PROGRESS_2026-Q2.md	orientation	880	orientation-reversing involution is too weak. The operational half-step
docs/progress/PROGRESS_2026-Q2.md	orient-reversing	880	orientation-reversing involution is too weak. The operational half-step
docs/progress/PROGRESS_2026-Q2.md	orientation	882	requiring `X A X^-1=RL`. By contrast, generic orientation-reversing
docs/progress/PROGRESS_2026-Q2.md	orient-reversing	882	requiring `X A X^-1=RL`. By contrast, generic orientation-reversing
docs/progress/PROGRESS_2026-Q2.md	orientation	1191	sign in bounded exact `GL(2,Z)` search. Generic orientation-reversing
docs/progress/PROGRESS_2026-Q2.md	orient-reversing	1191	sign in bounded exact `GL(2,Z)` search. Generic orientation-reversing
docs/progress/PROGRESS_2026-Q2.md	orientation	1196	- **B22:** the `-1` parity sector is generic for orientation-reversing
docs/progress/PROGRESS_2026-Q2.md	orient-reversing	1196	- **B22:** the `-1` parity sector is generic for orientation-reversing
docs/progress/PROGRESS_2026-Q2.md	det-minus-1	1198	(`det=-1`, `trace=+/-1`), not parity alone.
docs/progress/PROGRESS_2026-Q2.md	sl2c-lift	1391	diagonal SL(2,C) reps `w³−2w²−2w+1=(w+1)(w²−3w+1)`, roots `{−1,φ²,φ⁻²}`, give
docs/progress/PROGRESS_2026-Q2.md	orientation	1539	(`pinv` via the tall-orientation SVD, losing only `~log10(cond)` digits vs
docs/progress/PROGRESS_2026-Q2.md	sl2c-lift	1864	topology (Cooper-Long 1996) -- **exactly** from the metallic SL(2,C) trace map's
docs/progress/PROGRESS_2026-Q2.md	sl2c-lift	1869	by `phi(a)=a^2 b, phi(b)=ab`; its SL(2,C) trace map is `T_1^2(x,y,z)=(xz-y, z,
docs/progress/PROGRESS_2026-Q2.md	sl2c-lift	1876	`tAt^-1=A^2B, tBt^-1=AB` for `t in SL(2,C)` (1-dim null space; `t` unique up to sign;
docs/progress/PROGRESS_2026-Q2.md	knot-in-s3	1929	adjoint Reidemeister torsion, Kozai's fibered-3-manifold reducible deformations).
docs/progress/PROGRESS_2026-Q2.md	knot-in-s3	2016	field degree 2→4→8); `τ_m` is identified (V31) as **Porti's adjoint Reidemeister torsion form**
docs/progress/PROGRESS_2026-Q2.md	chern-simons	2080	ANALOGY. F3 (parity × CS) subsumed by V56.
docs/progress/PROGRESS_2026-Q2.md	det-minus-1	2142	- **B92/V76 — Layer 1 (`proven`).** Dominant eigenvalue purely-periodic-period-1 **⟺ det=−1** (all 66
docs/progress/PROGRESS_2026-Q2.md	det-minus-1	2146	- **B93/V77 — Phase C.** MyCalc-1 (`det=−1 ⟺` a negative eigenvalue ⟺ the `char(−Nᵏ)` parity sectors);
docs/progress/PROGRESS_2026-Q2.md	det-minus-1	2150	`(t+1)` ⇒ **"universal catalog, det=−1 parity"** — `det=−1` is structurally distinguished. G3:
docs/progress/PROGRESS_2026-Q2.md	det-minus-1	2153	**Honest headline:** Layer 1 is proven; `det=−1` is shown to be exactly the tower's parity condition; the
docs/progress/PROGRESS_2026-Q2.md	sl2c-lift	2194	gravity), not the SL(2,ℂ) geometric side (B96, Euclidean) — structural, present by construction, **not
docs/progress/PROGRESS_2026-Q2.md	knot-in-s3	2203	adjoint Reidemeister torsion `2−c=−3=τ₁`. So the **tower does NOT appear at the geometric rep — it is a
docs/progress/PROGRESS_2026-Q2.md	sl2c-lift	2237	once-punctured torus (the principal embedding `PSL(2,ℝ)→SL(3,ℝ)` *is* `Sym²`). Four results:
docs/progress/PROGRESS_2026-Q2.md	det-minus-1	2326	(`det−1`) **and** non-metallic (`det+1`, e.g. `N=[[3,2],[1,1]]=U²L`). Sharpens B94 (the two-sheeted
docs/progress/PROGRESS_2026-Q2.md	det-minus-1	2360	**det-sign parity**, verified on metallic (`det −1`) **and genuine non-metallic** (`det +1`, e.g.
docs/progress/PROGRESS_2026-Q2.md	spin	2388	`gcd(char(J), two-seq catalog) = 21/24` Dickson factors. Three findings pin it: (1) the resolved 21 are
docs/progress/PROGRESS_2026-Q2.md	sl2c-lift	2408	via 4d N=2* duality walls; **SL(2,ℂ) only** — our SL(3)/Dehn-filling/metallic data is *new within that
docs/progress/PROGRESS_2026-Q2.md	amphichiral	2587	converges on the `ρ_n` proof. Probe updates: **S001** (all-`m` amphichiral PROVED — `M_m²` symmetric ⇒ the systole
docs/progress/PROGRESS_2026-Q2.md	amphichiral	2588	not amphichirality selects `m=1`), **S006** (Bell/CHSH → TESTED-NEGATIVE — deterministic Fricke surface ⇒ CHSH≤2).
docs/progress/PROGRESS_2026-Q2.md	det-minus-1	2678	identity in `(x,y)`, so it is **`det`-independent** — holds `det=+1` as well as `det=−1` (verified through n=14),
docs/progress/PROGRESS_2026-Q2.md	det-minus-1	2680	parity factor) is **`det=−1`-specific**: `char(M⁻¹)−char(−M)=0` at `det=−1`, `=−2tτ` at `det=+1`; and the parity
docs/progress/PROGRESS_2026-Q2.md	orientation	2682	W = magnitude (`det`-independent); signs = the metallic/orientation feature (B118).
docs/progress/PROGRESS_2026-Q2.md	spin	2710	spacetime-from-dimension-count), bound to B122's *open* functorial hinge (collapses with it). The spin-2/gravity
docs/progress/PROGRESS_2026-Q2.md	chern-simons	2714	- **A4 → tombstone:** the CS-crossover `k≈4↔n=4` is m-dependent (k≈2 at m=2, k≈1 at m=3) — a volume coincidence,
docs/progress/PROGRESS_2026-Q2.md	det-minus-1	2738	**The unification with B121 (the headline).** `det(W=V⊕1)=−1` → B121's **external** `det=−1` parity; `det(Fricke =
docs/progress/PROGRESS_2026-Q2.md	det-minus-1	2752	layer; the signs `char(M^h)`/`char(−M^h)` are the orthogonal `det=−1` layer (B118). Banked V111 + K008 extended; the
docs/progress/PROGRESS_2026-Q2.md	spin	2753	3+1 / spin-2 geometric *readings* (the seven-hints addenda) are firewalled in S028 (next), never in the math. No
docs/progress/PROGRESS_2026-Q2.md	det-minus-1	2775	section by the program's own `det=−1` parity); and the **heavy** forks are scoped with feasibility + obstructions.
docs/progress/PROGRESS_2026-Q2.md	chern-simons	2776	The genuine connection-to-reality is condensed-matter quasicrystals (buildable) and the 3d-3d / complex-CS topology
docs/progress/PROGRESS_2026-Q2.md	det-minus-1	2781	## 2026-06-07 — Physics-bridge sweep, Phase 2: the monodromy sl(2) grading (an external det=−1 GL(2,ℤ)-rep)
docs/progress/PROGRESS_2026-Q2.md	det-minus-1	2794	all `+1`); the odd-highest-weight blocks are exactly the `char(−M^h)` sectors (B112) — the **same `det=−1` parity**
docs/progress/PROGRESS_2026-Q2.md	det-minus-1	2798	**The bridge (firewalled, S024).** So the monodromy `sl(2)` is the **external `det=−1` `GL(2,ℤ)`-action** — the
docs/progress/PROGRESS_2026-Q2.md	det-minus-1	2799	Hitchin/Fuchsian section's **monodromy partner**, offset by the program's own `det=−1` parity. This connects the
docs/progress/PROGRESS_2026-Q2.md	det-minus-1	2801	section (B101), the monodromy side is the MCG, the gap is `det=−1`. The Hitchin→Langlands→class-S *reading* is
docs/progress/PROGRESS_2026-Q2.md	det-minus-1	2897	**Emergent (chased inline, non-circular).** For `2×2` `det=−1` monodromy `M⁻¹∼−M`, so `char(M^{−h})=char(−M^h)`
docs/progress/PROGRESS_2026-Q2.md	knot-in-s3	2976	**observation, not a connection**). Cited: **Reid (1991)** — the figure-eight is the *unique* arithmetic knot
docs/progress/PROGRESS_2026-Q2.md	chern-simons	2986	**unitarity** of the CS rep; finite-`k` eigenvalues = roots of unity (**tautological**, `q=exp(2πi/(k+2))` by
docs/progress/PROGRESS_2026-Q2.md	chern-simons	2988	match = a **k=4 arithmetic coincidence** (`k+2=6=2·3`, cross-ref the CS-crossover Value-kill); "three regimes" =
docs/progress/PROGRESS_2026-Q2.md	det-minus-1	2989	interpretation on the standard asymptotic expansion. *Not a kill (cross-ref):* the `det=−1` middle-eigenvalue `−1`
docs/progress/PROGRESS_2026-Q2.md	det-minus-1	3013	self-reciprocal `−1`, `det=−1`; `(DT)⁻¹` carries the same (self-reciprocal) spectrum with stable/unstable **roles
docs/progress/PROGRESS_2026-Q2.md	det-minus-1	3016	(the supplement), verified:* from `ρ_n=⊕Sym^d(M)^{μ_d}` (B103), at `det=−1` the tower carries **negative**
docs/progress/PROGRESS_2026-Q2.md	det-minus-1	3017	reciprocal-pair modes (`char(−M^h)` sectors), `det=+1` carries **none** — a `det=−1` sign/chirality imbalance
docs/progress/PROGRESS_2026-Q2.md	amphichiral	3018	`O(n/2)` (= amphichirality B118/B121, via `char(M⁻¹)=char(−M)`). **Decisive recompute: expanding count == contracting
docs/progress/PROGRESS_2026-Q2.md	det-minus-1	3025	the `det=−1` chirality residue, P-not-T). Interpretation: a **labeled** entry `philosophy/P006` — the "two-headed
docs/progress/PROGRESS_2026-Q2.md	det-minus-1	3053	half proved all `n`, `ρ_n = Sym^n(W)` with `W=V⊕1` the external `det=−1` fundamental, the arithmeticity and
docs/progress/PROGRESS_2026-Q2.md	chern-simons	3059	(B111–B124)" block to `FAILURE_ATLAS` (the promotion-framing supersession, `θ→c`, `s_n→c`, the CS-crossover, the
docs/progress/PROGRESS_2026-Q2.md	orientable	3082	- **The spine** (numpy, exact): `M_m² = R^m L^m`, `tr = m²+2` (→ 3,6,11,18,27,38). The orientable metallic members
docs/progress/PROGRESS_2026-Q2.md	knot-in-s3	3084	- **The result** (SnapPy 3.3.2 + cypari, reproduced two independent ways — the shape field [Neumann–Reid] and the
docs/progress/PROGRESS_2026-Q2.md	knot-in-s3	3094	mis-applied **Reid 1991** (a *knot* theorem) to *bundles*. Corrected `knowledge/K009` (systole + expansion still
docs/progress/PROGRESS_2026-Q2.md	knot-in-s3	3096	ledger row. **Preserved:** Reid 1991 stands (knots ≠ bundles; `m=2` being arithmetic confirms its scope — `m=2` is
docs/progress/PROGRESS_2026-Q2.md	chern-simons	3157	**Audit result — all computational claims verified.** CS≡0 for the metallic bundles `M_m²=R^m L^m` (machine zero,
docs/progress/PROGRESS_2026-Q2.md	chern-simons	3165	- **B127** (probe/test/FINDINGS/README): M-1 fusion-algebra; M-2 the **CS=0 achiral locus**; M-3 expansion ⊥
docs/progress/PROGRESS_2026-Q2.md	chern-simons	3176	P-parity vs B127's *topological* CS chirality are orthogonal and both stand.
docs/progress/PROGRESS_2026-Q2.md	chern-simons	3192	breaking but never forces it** — composition into a generic *order* can break parity (CS≠0), but every
docs/progress/PROGRESS_2026-Q2.md	orientation	3195	- **Method bug (propagated as a `REPRODUCIBILITY.md` SCAN):** naive `is_isometric_to(mirror)` is orientation-blind →
docs/progress/PROGRESS_2026-Q2.md	chern-simons	3196	**false positives** on known-chiral m015/m016/m009; raw CS sign unsafe. Correct test:
docs/progress/PROGRESS_2026-Q2.md	chern-simons	3201	exact `Z₂` (block-reversal negates CS to machine zero). Banked as `knowledge/K011` (sharpens B127/M-2: pure metallic
docs/progress/PROGRESS_2026-Q2.md	double-cover	3287	re-derived here from explicit SL(2,ℂ) matrices (residual ~1e-14); m=3 irrational (B69 double cover).
docs/progress/PROGRESS_2026-Q2.md	sl2c-lift	3287	re-derived here from explicit SL(2,ℂ) matrices (residual ~1e-14); m=3 irrational (B69 double cover).
docs/progress/PROGRESS_2026-Q2.md	spin	3339	`RRLL`→ℚ(ζ₁₂), `RRRLLL`→ℚ(√−3), `RLRLRL`→ℚ. So the field tracks the **word's spin-content mod 4** (the SU(2)_k
docs/progress/PROGRESS_2026-Q2.md	amphichiral	3367	- **The theorem (proved):** metallic-block bundle `R^{m₁}L^{m₁}…R^{m_k}L^{m_k}` is **amphichiral ⟺ the block-length
docs/progress/PROGRESS_2026-Q2.md	amphichiral	3368	sequence is a cyclic palindrome.** Proof: GHH give amphichiral ⟺ word anti-palindromic; `reverse(W)` and `swap(W)`
docs/progress/PROGRESS_2026-Q2.md	amphichiral	3381	## 2026-06-09 — B135 + B136: the Lee–Yang bridge is m=1-specific; amphichirality for all LR words (V124, V125)
docs/progress/PROGRESS_2026-Q2.md	amphichiral	3392	`R^{a₁}L^{b₁}…R^{a_k}L^{b_k}` is **amphichiral ⟺ the block-pair sequence `((a_i,b_i))` is fixed up to cyclic rotation
docs/progress/PROGRESS_2026-Q2.md	chern-simons	3473	couplings = cusp count, a discrete trace-fork B131, chiral objects = CS-sign) but cannot permit the TWO
docs/progress/PROGRESS_2026-Q2.md	chern-simons	3476	- **Item 1 — chirality articulation (VERIFIED), `philosophy/P009`.** The SM-side face of `det=−1→CS=0`: the mirror
docs/progress/PROGRESS_2026-Q2.md	det-minus-1	3476	- **Item 1 — chirality articulation (VERIFIED), `philosophy/P009`.** The SM-side face of `det=−1→CS=0`: the mirror
docs/progress/PROGRESS_2026-Q2.md	chern-simons	3478	and only flipping the CS sign — **chirality is a CS-sign, not an inequivalence.** Verified for 6 chiral words
docs/progress/PROGRESS_2026-Q2.md	chern-simons	3479	(universal for achiral too); SnapPy: vol invariant, CS flips, `H₁` invariant. **Load-bearing caveat banked:**
docs/progress/PROGRESS_2026-Q2.md	orientation	3500	**orientation-reversal theorem** (same volume, opposite CS, conjugate-isomorphic trace field) — **genus-independent**.
docs/progress/PROGRESS_2026-Q2.md	chern-simons	3500	**orientation-reversal theorem** (same volume, opposite CS, conjugate-isomorphic trace field) — **genus-independent**.
docs/progress/PROGRESS_2026-Q2.md	chern-simons	3502	(vol same / CS opposite); the genus-2 numeric is theorem-backed (twister/Sage absent). `OPEN_LEADS` → ANSWERED;
docs/progress/PROGRESS_2026-Q2.md	det-minus-1	3504	- **Items 2–3 — reframe S031 + sharpen B138 (φ vs φ²).** `N=[[m,1],[1,0]]` has `det=−1` and `N²=RᵐLᵐ`, so `φ_m` (det −1)
docs/progress/PROGRESS_2026-Q2.md	det-minus-1	3509	over-claim **retracted** (no non-principal irreducible φ-fixed points). B138 FINDINGS sharpened with the `det=−1`
docs/progress/PROGRESS_2026-Q2.md	amphichiral	3511	- **Item 4 — record:** `[[m,1],[1,0]]² = RᵐLᵐ`; `(m,m)` cyclic palindrome ⟹ every metallic bundle amphichiral (K011).
docs/progress/PROGRESS_2026-Q2.md	sl2c-lift	3555	Thurston SL(2,ℂ) char-variety dim = #cusps = **3** not 2 (generic; MB8 null control across sym 8/12/48), and SL(2,ℂ)
docs/progress/PROGRESS_2026-Q2.md	chern-simons	3556	dim ≠ rank(SU(3)) — SU(3) is **SL(3,ℂ)** CS (s776 SL(3,ℂ) Ptolemy: 14 obstruction classes, dim 6); (B.3) **outside
docs/progress/PROGRESS_2026-Q2.md	chern-simons	3560	rigorous prize, = SL(4) machinery), B85, S032-A, S033 (now tied to MB10), K011 GHH-iff, genus-2 CS.
docs/progress/PROGRESS_2026-Q2.md	orientation	3583	chirality. Chirality-(ii) needs an orientation-sensitive invariant → the **topological venue** (closed JSJ composite;
docs/progress/PROGRESS_2026-Q2.md	orientation	3599	- **MB12 vacuity chain:** "orientation-independent invariant distinguishing M from M̄" (vacuous: equal by definition);
docs/progress/PROGRESS_2026-Q2.md	orientation	3600	"orientation-sensitive invariant doing more than flip sign" (vacuous: CS/WRT/η conjugate for *every* 3-manifold);
docs/progress/PROGRESS_2026-Q2.md	chern-simons	3600	"orientation-sensitive invariant doing more than flip sign" (vacuous: CS/WRT/η conjugate for *every* 3-manifold);
docs/progress/PROGRESS_2026-Q2.md	orientation	3601	chiral = no orientation-reversing self-homeo (generic, B128 — not the wall); "preferred vs convention handedness"
docs/progress/PROGRESS_2026-Q2.md	orient-reversing	3601	chiral = no orientation-reversing self-homeo (generic, B128 — not the wall); "preferred vs convention handedness"
docs/progress/PROGRESS_2026-Q2.md	amphichiral	3603	- **Structural result:** for amphichiral pieces, `M̄(m1,m2,φ) ≅⁺ M(m1,m2, h₂φh₁⁻¹)` with `h_i∈GL(2,ℤ)` (det −1), and
docs/progress/PROGRESS_2026-Q2.md	det-minus-1	3603	- **Structural result:** for amphichiral pieces, `M̄(m1,m2,φ) ≅⁺ M(m1,m2, h₂φh₁⁻¹)` with `h_i∈GL(2,ℤ)` (det −1), and
docs/progress/PROGRESS_2026-Q2.md	amphichiral	3607	amphichiral); chiral-(i) composites generic (exist) but mirror-closed (no preferred side).
docs/progress/PROGRESS_2026-Q2.md	amphichiral	3624	chirality axis. **Framing (GHH/B128):** `b++W` amphichiral ⟺ `W` anti-palindromic (= palindromic continued-fraction
docs/progress/PROGRESS_2026-Q2.md	amphichiral	3628	figure-eight `RL` (amphichiral), minimal chiral `RRL` strictly larger; trace-field degrees amphichiral ∈ {2,8},
docs/progress/PROGRESS_2026-Q2.md	amphichiral	3629	chiral ∈ {4,6,8,12} — **every quadratic (arithmetic) trace field is amphichiral; no arithmetic chiral o-p-t bundle**;
docs/progress/PROGRESS_2026-Q2.md	amphichiral	3632	**coincides with the self-mirror (amphichiral) condition**; chirality requires leaving the canonical locus.
docs/progress/PROGRESS_2026-Q2.md	amphichiral	3648	- **Part A (verified):** the four axioms **permit** chirality (`RRL/RLL` det-1 Pisot **chiral**) — amphichirality is
docs/progress/PROGRESS_2026-Q2.md	det-minus-1	3648	- **Part A (verified):** the four axioms **permit** chirality (`RRL/RLL` det-1 Pisot **chiral**) — amphichirality is
docs/progress/PROGRESS_2026-Q2.md	amphichiral	3651	**two-mechanism** statement replaces the slogan (A3); symmetric ⟹ amphichiral is **sufficient, not necessary**
docs/progress/PROGRESS_2026-Q2.md	amphichiral	3654	with the **invariant** trace field the imaginary-quadratic o-p-t bundles are `RL=ℚ(√−3), RRLL=ℚ(i)` (amphichiral) **and
docs/progress/PROGRESS_2026-Q2.md	orientation	3657	- **B1 (the dichotomy):** `M` and `M̄` agree on every orientation-*independent* invariant (verified RRL/RLL/RRRL: equal
docs/progress/PROGRESS_2026-Q2.md	chern-simons	3658	vol/`H₁`/trace-field, CS flips) ⟹ **no canonical selection can prefer a handedness**; this **derives** the κ/chirality
docs/progress/PROGRESS_2026-Q2.md	orientation	3659	asymmetry (κ-fork genuine — κ orientation-independent; chirality-fork convention — handedness orientation-sensitive).
docs/progress/PROGRESS_2026-Q2.md	knot-in-s3	3661	- **B2 (open → B147):** is the chiral pair `RRL/RLL` (ℚ(√−7)) **fully arithmetic** (integral traces, Maclachlan–Reid;
docs/progress/PROGRESS_2026-Q2.md	knot-in-s3	3674	sufficient. B147 applies the **full** Maclachlan–Reid criterion. MATH tier; K-A stays dead.
docs/progress/PROGRESS_2026-Q2.md	amphichiral	3679	known **12**). The scan (len ≤ 7) finds exactly **four** arithmetic o-p-t bundles: `RL` (ℚ(√−3), amphichiral),
docs/progress/PROGRESS_2026-Q2.md	amphichiral	3680	`RRLL` (ℚ(i), amphichiral), and the chiral mirror pair `RRL/RLL` (ℚ(√−7)).
docs/progress/PROGRESS_2026-Q2.md	amphichiral	3682	amphichiral" is false; the surviving "no single canonical object is chiral" rests on the volume/palindromic arms only.
docs/progress/PROGRESS_2026-Q2.md	orientation	3686	arithmeticity is orientation-independent, so by the B146 dichotomy it cannot prefer a handedness. Not a K-A revival.
docs/progress/PROGRESS_2026-Q2.md	chern-simons	3705	become a dimensionful energy density without an externally supplied scale. Every precedent (θ-vacuum, CS level,
docs/progress/PROGRESS_2026-Q2.md	chern-simons	3787	- **The question:** in 3d–3d applied to the figure-eight, does the complex volume / CS invariant enter the partition
docs/progress/PROGRESS_2026-Q2.md	complex-volume	3787	- **The question:** in 3d–3d applied to the figure-eight, does the complex volume / CS invariant enter the partition
docs/progress/PROGRESS_2026-Q2.md	amphichiral	3790	- **Anchor (computed, SnapPy):** figure-eight Vol = 2.0298832128 (= 2·V_tet), **CS = 0** (amphichiral); `Vol+iCS ∈ ℂ/4π²ℤ`
docs/progress/PROGRESS_2026-Q2.md	chern-simons	3790	- **Anchor (computed, SnapPy):** figure-eight Vol = 2.0298832128 (= 2·V_tet), **CS = 0** (amphichiral); `Vol+iCS ∈ ℂ/4π²ℤ`
docs/progress/PROGRESS_2026-Q2.md	chern-simons	3791	— a dimensionless number mod a lattice. **Pre-strengthening:** CS (the candidate scale-carrier) vanishes for the unit,
docs/progress/PROGRESS_2026-Q2.md	complex-volume	3792	so its complex volume is purely the real hyperbolic volume — the unit is the *least* likely object to carry a scale.
docs/progress/PROGRESS_2026-Q2.md	chern-simons	3794	dimensionless; Dimofte (1409.0857) — complex CS *at level k*, state-integral on `L(k,1)`, units in `k↔ℏ` + lens
docs/progress/PROGRESS_2026-Q2.md	chern-simons	3796	part of the complex CS level." In every case the units sit in `ℏ/k` + the squashing radius, never in the invariant.
docs/progress/PROGRESS_2026-Q2.md	orientable	3814	**Done.** Scanned SnapPy `OrientableCuspedCensus[:240]` testing the law *amphichiral ⇒ CS is 2-torsion*
docs/progress/PROGRESS_2026-Q2.md	amphichiral	3814	**Done.** Scanned SnapPy `OrientableCuspedCensus[:240]` testing the law *amphichiral ⇒ CS is 2-torsion*
docs/progress/PROGRESS_2026-Q2.md	chern-simons	3814	**Done.** Scanned SnapPy `OrientableCuspedCensus[:240]` testing the law *amphichiral ⇒ CS is 2-torsion*
docs/progress/PROGRESS_2026-Q2.md	amphichiral	3815	(`CS mod ½ ∈ {0,¼}`). Method guards: amphichirality via `symmetry_group().is_amphicheiral()` **gated on**
docs/progress/PROGRESS_2026-Q2.md	chern-simons	3815	(`CS mod ½ ∈ {0,¼}`). Method guards: amphichirality via `symmetry_group().is_amphicheiral()` **gated on**
docs/progress/PROGRESS_2026-Q2.md	orientation	3816	`is_full_group()` (naive `is_isometric_to` is orientation-blind, B128); CS 2-torsion by **circular** proximity
docs/progress/PROGRESS_2026-Q2.md	chern-simons	3816	`is_full_group()` (naive `is_isometric_to` is orientation-blind, B128); CS 2-torsion by **circular** proximity
docs/progress/PROGRESS_2026-Q2.md	chern-simons	3817	to `{0,¼}` mod ½ (a tiny negative CS wraps to ~0.4999 under `%0.5` — a modulo-sign bug caught and fixed in my
docs/progress/PROGRESS_2026-Q2.md	amphichiral	3818	own probe in-session). **Result:** 7 amphichiral (m003, m004, m135, m136, m203, m206, m207), **0 necessity
docs/progress/PROGRESS_2026-Q2.md	chern-simons	3819	violations**, and **exactly one converse counterexample** m208 (chiral, full group, yet CS=0) — so CS-2-torsion
docs/progress/PROGRESS_2026-Q2.md	amphichiral	3821	about the census. `frontier/B152_cs_amphichirality_census/` + test (3 passed). Ledger **V141**.
docs/progress/PROGRESS_2026-Q2.md	det-minus-1	3867	(NEEDS-SPECIALIST). **B92/V76-V78** — "all det=−1 trace-m matrices conjugate to the companion" is **false at
docs/progress/PROGRESS_2026-Q2.md	orientation	4012	object); **TC-4** [proved] — orientation no-go (relabel-closed ensembles have zero net Pfaffian residual; the
docs/progress/PROGRESS_2026-Q2.md	orientation	4013	Pfaffian sign law `Ω(πw)=sign(π)Ω(w)` + ensemble closure → boundary-induced orientation). `tc1_tc4_verify.py`.
docs/progress/REVIEWS.md	chern-simons	285	+ computed output (Meyerhoff, CS unit ±0.0770) — with the honest negative that the output
docs/progress/REVIEWS.md	sl2c-lift	326	always separate reducibles (tr[A,B]=2) before counting or comparing SL(2,C) vacua; and never
docs/progress/REVIEWS.md	amphichiral	346	Bin 3 is now *mechanized*. The Kashaev check and amphichirality reproduced independently.
docs/progress/REVIEWS.md	amphichiral	349	validations are amphichirality + Kashaev.
docs/progress/REVIEWS.md	chern-simons	551	(critical-not-area-law chain; figure-eight = finite-volume CS=0 3D-gravity instanton vs BTZ).
docs/progress/REVIEWS.md	amphichiral	560	seat-1's "one prime per rung" (refuted at n=4, 11 repeats); the amphichiral matrix J (does not
docs/progress/REVIEWS.md	amphichiral	567	sharpened: amphichirality allows (3,1) OR (2,2) — a signature-selection principle, not a
docs/progress/REVIEWS.md	amphichiral	681	amphichiral = antilinear conj∘θ, linear θ = hyperelliptic per B353); **AP4 THE FIFTH WALL**
docs/progress/REVIEWS.md	sl2c-lift	683	principal SL(2,ℂ); vector-like for ANY rank-1 embedding); AP2 Z=+1 for all 243 abelian
docs/progress/REVIEWS.md	amphichiral	685	C2 gap⟺chirality biconditional; C4 all cyclic covers amphichiral; C5QC quarantined (Q-C
docs/progress/REVIEWS.md	amphichiral	733	pre-correction "the amphichiral involution IS θ, canonically" unqualified at THEOREM tier
docs/progress/REVIEWS.md	amphichiral	769	T-θTANGENT wording I banked, corrected by the verifier (**the registry fix**: amphichiral =
docs/progress/REVIEWS.md	orientation	806	3. **The window = the construction arc, end to end — the owner's reorientation ("the energy
docs/progress/REVIEWS.md	chern-simons	834	trinification); X2 FAILED as computed (Vol/CS role inversion — verifier catch; corrected
docs/progress/REVIEWS.md	chern-simons	857	torus is Sol — census/volume/CS/trace-field ill-posed; the "CS = cosmological constant"
docs/progress/REVIEWS.md	chern-simons	895	geometric premise (hyperbolic double → actually Sol / graph manifold; the CS-hook dies);
docs/progress/REVIEWS.md	chern-simons	902	Vol/CS role inversion. No claim survived on authority.
docs/progress/REVIEWS.md	amphichiral	1026	DISSOLVED into the Jacobian reality law (B626: J real ⟺ amphichiral, the
docs/progress/REVIEWS.md	orientation	1254	- [x] R21-6: DONE (owner-directed 2026-07-17; B658, prereg 0c4a1115) — both order-4 families BROKEN with the same singular d = (0,0,1); wall 8 upgraded to the TOTAL statement (all four orientation-reversing families of D₄ break; the double'
docs/progress/REVIEWS.md	orient-reversing	1254	- [x] R21-6: DONE (owner-directed 2026-07-17; B658, prereg 0c4a1115) — both order-4 families BROKEN with the same singular d = (0,0,1); wall 8 upgraded to the TOTAL statement (all four orientation-reversing families of D₄ break; the double'
docs/progress/REVIEWS.md	chern-simons	1667	rows: the meeting-point = arithmetic CS (B707/B708); the Turok INVERSION + the analytic-T1
docs/progress/REVIEWS.md	chern-simons	1669	physics-of-the-object spine (B714); native gauge = complex CS not Yang–Mills (B715); time
docs/progress/REVIEWS.md	orientation	1678	orientation-inverts-ℤ/11 premise (skeptic refuted → banked INCONCLUSIVE, not B); B719
docs/progress/REVIEWS.md	knot-in-s3	1696	Turok, Thurston, Mostow, Maclachlan–Reid, Baker–Heegner–Stark) carry no endorsement
docs/progress/REVIEWS.md	chern-simons	1719	- [>] R25-1: the specialist pass — the package is now the full physics-of-the-object clarification (B713–B717) + the child (B718) + the scale probe (B719) + the meeting-point (B707/B708 arithmetic CS); the external read remains the one exte
docs/progress/REVIEWS.md	amphichiral	1765	the object is abelian + amphichiral — pointing the WRONG way on two SM
docs/progress/REVIEWS.md	knot-in-s3	1798	Garoufalidis–Zagier, McKay, Cappelli–Itzykson–Zuber, Reid) carry no endorsement
docs/progress/REVIEWS.md	chern-simons	1804	closing, c-as-swap, the child, being-only, native-gauge=complex-CS,
docs/progress/REVIEWS.md	amphichiral	1859	compositum vs algdep/exact-containment — closing each other's residuals; the amphichirality
docs/progress/REVIEWS.md	det-minus-1	1956	- **The genesis priced (B749, cc3).** Four robust forks, two fragile — the discarded det −1
docs/progress/REVIEWS.md	gieseking	1957	sibling IS the Gieseking (m004's parent; both sealed routes + a cc third route), and A5 is
docs/progress/REVIEWS.md	spin	1964	pin co-signed — the JUNO registration stays 0.30902, no post-hoc alternatives.
docs/progress/REVIEWS.md	chern-simons	1965	- **The carried recomputes (B755, 5/5)** — the genus-2 CS-flip witnessed; the GSWZ pure-3
docs/progress/REVIEWS.md	gieseking	2017	(Gieseking parent), the V₄ census triple, and the GSWZ computation (carried from R27-1)
docs/progress/REVIEWS.md	spin	2252	merged; relays sent for every verdict. Nothing to CLAIMS; the JUNO one-number pin untouched;
docs/progress/REVIEWS.md	sl2c-lift	2319	"PSL(2,ℤ[ω]/4)" (the true order is 960), and re-derives |centre| = 4 so it cannot outlive its
docs/progress/REVIEWS.md	sl2c-lift	2357	- [>] R32-1 (CARRIED — cc3 scope, owner-suspended 2026-07-29): cc3 to fix Cell 6's group (it names PSL(2,ℤ[ω]/4), which gives a degree-6 action, not
docs/progress/REVIEWS.md	spin	3014	I-exactness pin). Standing: the two papers, λ₂ (cc3, external), N2/N4 remainders,
docs/progress/REVIEWS.md	spin	3492	known-green-suite pin — digestion still owed at completion) → R44-5; **R43-11/12/13**
docs/progress/REVIEWS.md	amphichiral	3896	deleted by amphichirality; L154 UNDECIDED-narrowed (now one of the three doors).
docs/progress/REVIEWS.md	amphichiral	3952	0e29a6b6 B1064 banks NEGATIVE/O3: the amphichirality-deleted quantized sector is the named obstruction; L154 narrows, the anchor stands unconverted
docs/progress/REVIEWS.md	chern-simons	4239	(cc3's full arithmetic-CS action of m004) the missing gate**; the √3 hinge banked as a real
docs/progress/REVIEWS.md	chern-simons	4253	- [>] R49-2 (→ R50-6): **SEAM-A Gate 2 — cc3's full Kim-style arithmetic-CS ACTION of m004 on ℚ(√−3)** (not just
docs/progress/REVIEWS.md	orientation	4282	ledger, B1160 hypercharge, B1161 frontier sweep, B1162 MSSM witness verified, B1163 W₀/orientation, B1164
docs/progress/REVIEWS.md	amphichiral	4326	both times. (b) **A vacuous own-check**: B1163's family-wide addendum spot-checked amphichirality via
docs/progress/REVIEWS.md	amphichiral	4327	SnapPy's `isometry_signature`, which returns amphichiral=True even for the chiral 5₂ — the 4/14 check was
docs/progress/REVIEWS.md	chern-simons	4346	arithmetic-CS action, NEEDS-SPECIALIST); the "leaning MISMATCH" phrasing is retired. **The bypass-door ≡
docs/progress/REVIEWS.md	orientation	4353	missing "choice" IS the mirror-odd orientation (solid core banked; the full unification firewalled with a
docs/progress/REVIEWS.md	amphichiral	4409	L184 lazy-fy 12×, B1179 outreach hold), the family thread (B1180 retraction adopted, B1181 amphichirality
docs/progress/REVIEWS.md	orientation	4467	obstruction IS the orientation obstruction under c), S4 SPLIT-ANSWERED (B1184: SELF-NAMING WITHOUT
docs/progress/REVIEWS.md	orientation	4470	adelic observer is typed leg-by-leg** (B1182: orientation = the SOLE archimedean bit; the time's-arrow
docs/progress/REVIEWS.md	amphichiral	4474	boundary member exactly certified; amphichirality 14/14 → 83/83 → 112/112; both separators dead; the
docs/progress/REVIEWS.md	chern-simons	4485	our side: L188 (next), SEAM-A's in-house CS=0 door (B1108), the small-cell band (census-31-calls,
docs/progress/REVIEWS.md	complex-volume	4624	regulator is our complex volume, on a path torsor whose tangential base point is **explicitly
docs/progress/REVIEWS.md	chern-simons	4657	with B1174/B1182); does the 4₁ confirmation use the CS = 0 degeneracy B1195/GC-21 made exact; does
docs/progress/REVIEWS.md	spin	4753	stratum at ≈4.3 bits, the hypercharge direction at ≈4.17 bits, and the spin lift at 1 bit, all as
docs/progress/REVIEWS.md	spin	4779	> **Seven instances, one window**: the A2 stratum, the hypercharge direction and the spin lift, all
docs/progress/REVIEWS.md	spin	4792	> **the test was enforcing the error** and would have failed anyone who corrected it. A string-pin
docs/progress/REVIEWS.md	spin	4805	> or status must also pin *what decides it*, so the fact and its lock move together (see the
docs/views/CLOSED_DOORS.md	amphichiral	55	| `type mismatch, structural: arithmetic CS is finite-group-valued by construction (target mu_n(F)^D = (1/n)Z/Z; compact-support etale cohomology, Artin-Verdier/Poitou-Tate) while the object's term is archimedean-analytic (Vol in R; the B81
docs/views/CLOSED_DOORS.md	chern-simons	55	| `type mismatch, structural: arithmetic CS is finite-group-valued by construction (target mu_n(F)^D = (1/n)Z/Z; compact-support etale cohomology, Artin-Verdier/Poitou-Tate) while the object's term is archimedean-analytic (Vol in R; the B81
docs/views/CLOSED_DOORS.md	spin	57	| `structural impossibility, NOT a scan: the 64 (= e6 78 minus the fork's 14-dim su(2)xsu(2)xsu(3)) decomposes by own joint highest-weight enumeration as EXACTLY (spin-2,0;1)+(0,spin-2;1)+(1,1;3)+(1,1;3bar)=5+5+27+27, with INVARIANT CONTENT
docs/views/CLOSED_DOORS.md	orientable	62	| `premise refuted by population test, with the correlation coming out at the OPPOSITE SIGN to the prediction. Three kill conditions were named in advance; test 3 was decisive. The premise failed first: m003 is not less symmetric than m004 
docs/views/CLOSED_DOORS.md	amphichiral	62	| `premise refuted by population test, with the correlation coming out at the OPPOSITE SIGN to the prediction. Three kill conditions were named in advance; test 3 was decisive. The premise failed first: m003 is not less symmetric than m004 
docs/views/CLOSED_DOORS.md	chern-simons	72	| `B140` | The B139-G hedge: 'genus ≥ 2 might be where chirality stops being a mere CS-sign' (the chirality firewall migh | `cited-as-sufficient` |
docs/views/CLOSED_DOORS.md	chern-simons	83	| `S019 — Fisher metric on CS level k` | An information-geometry (Fisher-metric) reading of the Chern–Simons level | `method-limit` |
docs/views/CLOSED_DOORS.md	orientation	89	| `B22` | The -1 parity eigenvalue is generic for all orientation-reversing symmetric-square lifts, killing any special  | `unrouted-unclassified` |
docs/views/CLOSED_DOORS.md	orient-reversing	89	| `B22` | The -1 parity eigenvalue is generic for all orientation-reversing symmetric-square lifts, killing any special  | `unrouted-unclassified` |
docs/views/CLOSED_DOORS.md	spin	137	| `B231` | The metallic levels k=m²+2 confer no special chain structure for m≥2; the metallic mean equals the spin-½ quan | `unrouted-unclassified` |
docs/views/CLOSED_DOORS.md	spin	143	| `B280` | 2T spin-3/2 branches as 2+2 (two distinct doublets), not triplet+singlet, killing the 'three generations plus  | `unrouted-unclassified` |
docs/views/CLOSED_DOORS.md	chern-simons	159	| `B339` | The CS Dehn-filling flow's sub-leading coefficient is rational 1/24 = 1/(2h(E6)) with all even terms zero — th | `unrouted-unclassified` |
docs/views/CLOSED_DOORS.md	complex-volume	184	| `B458` | Every non-geometric SL(3) component of the figure-eight, including the Q(sqrt-7) pair, has complex volume 0 +  | `unrouted-unclassified` |
docs/views/CLOSED_DOORS.md	amphichiral	207	| `B611` | Both sealed predictions failed: amphichirality-implies-conjugation-closure breaks on a degenerate one-dimensio | `unrouted-unclassified` |
docs/views/CLOSED_DOORS.md	amphichiral	212	| `B643` | The amphichiral flip is not a symmetry of the weld double: no invertible global companion exists (solution dim | `unrouted-unclassified` |
docs/views/CLOSED_DOORS.md	orientation	214	| `B658` | Both order-4 orientation-reversing families break on the weld double's 27 local system (solution dimension 1,  | `unrouted-unclassified` |
docs/views/CLOSED_DOORS.md	orient-reversing	214	| `B658` | Both order-4 orientation-reversing families break on the weld double's 27 local system (solution dimension 1,  | `unrouted-unclassified` |
docs/views/CLOSED_DOORS.md	amphichiral	218	| `B678` | The full 8x12 ladder census shows no growth in any of 96 cells, refuting chat1's amphichiral-suppression mecha | `unrouted-unclassified` |
docs/views/CLOSED_DOORS.md	amphichiral	221	| `B713` | Chirality is not in the amphichiral object: triality is gauge-only, sigma_omega vanishes identically, and 'whi | `unrouted-unclassified` |
docs/views/CLOSED_DOORS.md	chern-simons	247	| `B813` | The direct CS(m004)=θ_QCD dictionary is refuted on type: a fixed PSL(2,ℂ) geometric invariant cannot fill the  | `unrouted-unclassified` |
docs/views/CLOSED_DOORS.md	sl2c-lift	247	| `B813` | The direct CS(m004)=θ_QCD dictionary is refuted on type: a fixed PSL(2,ℂ) geometric invariant cannot fill the  | `unrouted-unclassified` |
docs/views/REVIEWER.md	knot-in-s3	13	The figure-eight knot complement **m004** -- the unique arithmetic knot complement, trace
docs/views/THE_SPINE.md	sl2c-lift	50	- **B67** `PROVED` `test_b67_figure_eight_apolynomial.py` — The figure-eight A-polynomial is reproduced exactly from the metallic SL(2,C) trace map's fixed locus, matching Cooper-Long literally.
docs/views/THE_SPINE.md	spin	78	- **B74** `PROVED` `test_b74_higher_spin_grading.py` — The W_N charge-conjugation grading of spin-s currents and the Dickson P-grading of char(M^k) are literally the same involution -w0 of A_{n-1}.
docs/views/THE_SPINE.md	det-minus-1	103	- **B92** `PROVED` `test_b92_metallic_classification.py` — Metallic means are exactly the period-1 continued-fraction (det=-1) hyperbolic classes; m is free, m=1 selected only by the systole metric.
docs/views/THE_SPINE.md	det-minus-1	104	- **B93** `PROVED` `test_b93_det_parity_bridge.py` — det=-1 is exactly the condition producing the trace-map tower's sign/parity sectors, and parity (contragredient m->-m) is distinct from the Galois inv
docs/views/THE_SPINE.md	det-minus-1	105	- **B94** `PROVED` `test_b94_sl2_nonsquare.py` — The Dickson catalog survives outside the metallic slice while every sign/parity sector is det=-1-specific, splitting tower and degree=rank into two pr
docs/views/THE_SPINE.md	det-minus-1	106	- **B94** `PROVED` `test_b94_tower_universality.py` — The Dickson catalog survives outside the metallic slice while every sign/parity sector is det=-1-specific, splitting tower and degree=rank into two pr
docs/views/THE_SPINE.md	det-minus-1	134	- **B121** `PROVED` `test_b121_monodromy_grading.py` — The tower's SL(2)-action is the external det=-1 GL(2,Z) monodromy, inequivalent to Kostant's principal sl(2) for all n>=3 via the odd-Sym parity obstr
docs/views/THE_SPINE.md	det-minus-1	135	- **B122** `PROVED` `test_b122_w_symmetric_powers.py` — The tower equals Sym^n(W) + (Sym^{n-3}(W) - W) for W = V+1, a genuine GL(2)-module identity that unifies B121's external det=-1 action.
docs/views/THE_SPINE.md	spin	153	- **B132** `PROVED` `test_b132_quantum_layer.py` — The SU(2)_k quantum layer: field content is word-spin-mod-4 quantum-group arithmetic, m=1 is uniquely coherent, vanishing period is |O_K^x|/2, and Lee
docs/views/THE_SPINE.md	amphichiral	154	- **B134** `PROVED` `test_b134_chirality_recursion_proved.py` — The chirality recursion is proved: a metallic-block bundle is amphichiral iff its block-length sequence is a cyclic palindrome, a corollary of Goodman
docs/views/THE_SPINE.md	amphichiral	156	- **B136** `PROVED` `test_b136_general_amphichirality.py` — Any once-punctured-torus bundle is amphichiral iff its block-pair sequence is fixed by reverse-order-plus-component-swap up to cyclic rotation; the me
docs/views/THE_SPINE.md	orientation	160	- **B140** `NEGATIVE` `test_b140_compute_reconciliation.py` — The chirality firewall is genus-general (the genus-2 escape hope is refuted by the orientation-reversal theorem), and phi-discrete versus phi-squared-
docs/views/THE_SPINE.md	orientation	163	- **B143** `NEGATIVE` `test_b143_interaction_feasibility.py` — The algebraic trace venue is structurally mirror-blind, so the chirality-of-interactions campaign cannot run there and needs orientation-sensitive top
docs/views/THE_SPINE.md	amphichiral	165	- **B145** `NEGATIVE` `test_b145_forced_chirality.py` — Chirality cannot be forced: over the catalogued once-punctured-torus bundles the canonical/minimal locus coincides with the self-mirror (amphichiral)
docs/views/THE_SPINE.md	orientation	166	- **B146** `NEGATIVE` `test_b146_b145_calibration.py` — B145's arithmeticity arm and its 'forced implies self-mirror' slogan are refuted; the surviving statement is the orientation-independence dichotomy.
docs/views/THE_SPINE.md	amphichiral	178	- **B152** `PROVED` `test_b152_cs_amphichirality_census.py` — A 240-manifold census confirms amphichiral implies 2-torsion Chern-Simons with zero violations, and exhibits m208 as the unique converse failure.
docs/views/THE_SPINE.md	chern-simons	178	- **B152** `PROVED` `test_b152_cs_amphichirality_census.py` — A 240-manifold census confirms amphichiral implies 2-torsion Chern-Simons with zero violations, and exhibits m208 as the unique converse failure.
docs/views/THE_SPINE.md	double-cover	259	- **B206** `PROVED` `test_b206_golden_spin_cover_e8.py` — The golden monodromy's mod-5 congruence shadow is SL(2,F5)=2I=McKay-E8, with the classical/quantum divide exactly the A5/2I spin double cover.
docs/views/THE_SPINE.md	spin	290	- **B231** `NEGATIVE` `test_b231_nonsusy_chains.py` — The metallic levels k=m²+2 confer no special chain structure for m≥2; the metallic mean equals the spin-½ quantum dimension iff m=1.
docs/views/THE_SPINE.md	sl2c-lift	309	- **B247** `NEGATIVE` `test_b247_v1_holonomy_adjudication.py` — The V1 'E₆→SM' claim fails: the long-SU(2) centralizer is a generic SU(6), and the hyperbolic SL(2,ℂ) holonomy cannot embed in compact E₆ at all.
docs/views/THE_SPINE.md	chern-simons	312	- **B250** `PROVED` `test_b250_volume_profile.py` — Computed the complex-volume profile of the E6-hyperbolic/E8-spherical ends: Vol=6Λ(π/3), CS=0 vs π²/5, CS∈(1/5)ℤ — the arithmetic invariants sit in th
docs/views/THE_SPINE.md	knot-in-s3	313	- **B251** `PROVED` `test_b251_metallic_specificity.py` — H₁(Mₘ)=ℤ⊕(ℤ/m)² forces only m=1 to be a knot complement, so the E6↔E8 geometric transition is golden-specific.
docs/views/THE_SPINE.md	sl2c-lift	322	- **B260** `PROVED` `test_b260_coulomb_branch_reframing.py` — Identified the SL(2,ℂ) character variety as the Coulomb branch of T[4₁] (A-polynomial verified), dissolving wall #1: zero theorems block object→physic
docs/views/THE_SPINE.md	spin	345	- **B279** `PROVED` `test_b279_spin_structure_bit.py` — The amphicheiral involution τ FIXES both spin structures of the figure-eight complement, proved via the S³-bounding canonical spin structure and the ℤ
docs/views/THE_SPINE.md	spin	346	- **B280** `NEGATIVE` `test_b280_2T_higher_spin.py` — 2T spin-3/2 branches as 2+2 (two distinct doublets), not triplet+singlet, killing the 'three generations plus Higgs from A₄/2T spin-3/2' reading.
docs/views/THE_SPINE.md	chern-simons	352	- **B286** `PROVED` `test_b286_the_seam.py` — The ingredients live at the seam: Dehn filling the open complement supplies a forced 10-element exceptional set, chirality, an oriented CS sign, a 2π/
docs/views/THE_SPINE.md	chern-simons	355	- **B289** `PROVED` `test_b289_cp_sign_law.py` — The Chern-Simons sign law CS(p,-q) = -CS(p,q) is robust, and its meaning is a Q(sqrt-3) Galois reading; verified by two methods.
docs/views/THE_SPINE.md	amphichiral	372	- **B303** `PROVED` `test_b303_clock_is_the_cp_sign.py` — Proved the CP sign is literally the sign of Chern-Simons (CS=0 amphichiral, definite sign per closing), reducing the one live forcing to two firewalle
docs/views/THE_SPINE.md	chern-simons	372	- **B303** `PROVED` `test_b303_clock_is_the_cp_sign.py` — Proved the CP sign is literally the sign of Chern-Simons (CS=0 amphichiral, definite sign per closing), reducing the one live forcing to two firewalle
docs/views/THE_SPINE.md	amphichiral	388	- **B316** `PROVED` `test_b316_sqrt7_chirality_field.py` — sqrt(-7) is the CHIRALITY field, not a metallic-ladder member: disc -7 is below the unimodular floor, and Q(sqrt-7) is reached by BREAKING amphichiral
docs/views/THE_SPINE.md	amphichiral	390	- **B318** `PROVED` `test_b318_amphichiral_mechanism.py` — Split the firewall's two ends: the Eisenstein Z/2 is the geometric amphichiral involution (complex conjugation), the golden Z/2 is arithmetic-only wit
docs/views/THE_SPINE.md	chern-simons	409	- **B338** `PROVED` `test_b338_the_bridge_flow.py` — The object contains its own symmetric-to-broken flow — Dehn filling with CS(1,n) ~ −1/(2n) — but the filling slope is external input.
docs/views/THE_SPINE.md	chern-simons	410	- **B339** `NEGATIVE` `test_b339_cs_flow_subleading.py` — The CS Dehn-filling flow's sub-leading coefficient is rational 1/24 = 1/(2h(E6)) with all even terms zero — the hoped-for sqrt(-3) signature is absent
docs/views/THE_SPINE.md	amphichiral	411	- **B340** `PROVED` `test_b340_cp_phase_along_flow.py` — The CP phase arg kappa is extremal at pi/6 at the amphichiral cusp and decreases as 3.8*CS^2, i.e
docs/views/THE_SPINE.md	chern-simons	411	- **B340** `PROVED` `test_b340_cp_phase_along_flow.py` — The CP phase arg kappa is extremal at pi/6 at the amphichiral cusp and decreases as 3.8*CS^2, i.e
docs/views/THE_SPINE.md	sl2c-lift	430	- **B356** `PROVED` `test_b356_sigma_stability_scan.py` — Every SL(2,ℂ)-factoring route forces a quaternionic self-dual 2 (det-lemma), and complex 27-dim assemblies with an invariant cubic exist only for A₄ a
docs/views/THE_SPINE.md	amphichiral	517	- **B432** `PROVED` `test_b432_filling_chirality.py` — All 31 sampled hyperbolic Dehn fillings make the amphichiral object chiral: the interface mechanism is confirmed, though slope selection stays free in
docs/views/THE_SPINE.md	sl2c-lift	524	- **B439** `PROVED` `test_b439_sl2_vacuum_book.py` — The child's SL(2,C) vacuum quartic gives 4 irreducible vacua in the -283 trace field, with the unforced slope-7 control giving 6 vacua in a different
docs/views/THE_SPINE.md	complex-volume	542	- **B458** `NEGATIVE` `test_b458.py` — Every non-geometric SL(3) component of the figure-eight, including the Q(sqrt-7) pair, has complex volume 0 + i*0, while the 5_2 control is genericall
docs/views/THE_SPINE.md	chern-simons	544	- **B460** `PROVED` `test_b460.py` — The child's length spectrum is tabulated and its per-vacuum Chern-Simons values computed by a two-gate-validated Kirk-Klassen integral matching banked
docs/views/THE_SPINE.md	gieseking	548	- **B466** `PROVED` `test_b466.py` — Under sigma the SL(3) Dehn-filling components exchange while V0 is preserved with fixed line p=q; the whole sigma-story is the Gieseking deck action.
docs/views/THE_SPINE.md	orientation	549	- **B467** `PROVED` `test_b467.py` — Family, residue and wall converge on one Z/2 orientation bit: the CKM scan gives an earned zero and the only odd permutation is the orientation-revers
docs/views/THE_SPINE.md	orientable	555	- **B469** `PROVED` `test_b469.py` — Breath wave 1: the two-register residue equals (−1)^((N−1)/2) at four levels, and every metallic bundle double-covers a non-orientable bundle (X_m²=A_
docs/views/THE_SPINE.md	double-cover	555	- **B469** `PROVED` `test_b469.py` — Breath wave 1: the two-register residue equals (−1)^((N−1)/2) at four levels, and every metallic bundle double-covers a non-orientable bundle (X_m²=A_
docs/views/THE_SPINE.md	amphichiral	721	- **B605** `PROVED` `test_b605_door2.py` — Door 2 settled: the amphichiral involutions are FREE deck transformations, not reflections (Gieseking control).
docs/views/THE_SPINE.md	gieseking	721	- **B605** `PROVED` `test_b605_door2.py` — Door 2 settled: the amphichiral involutions are FREE deck transformations, not reflections (Gieseking control).
docs/views/THE_SPINE.md	amphichiral	727	- **B611** `NEGATIVE` `test_b611_two_laws.py` — Both sealed predictions failed: amphichirality-implies-conjugation-closure breaks on a degenerate one-dimensional edge, and the unit-circle-departure
docs/views/THE_SPINE.md	amphichiral	729	- **B613** `PROVED` `test_b613_closure_theorem.py` — Closure theorem: for GHH-anti-palindromic (amphichiral) weld words, conj(W)=Q⁻¹WᵀQ with Q=PSC, so the odd hearing spectrum is conjugation-closed at ev
docs/views/THE_SPINE.md	knot-in-s3	736	- **B622** `PROVED` `test_b622_silver_exterior.py` — The silver RRLL bundle m136's exterior adjoint Reidemeister torsion is exactly -16 = 2-(phi^6+phi^-6), a second negative data point for the exterior s
docs/views/THE_SPINE.md	amphichiral	749	- **B643** `NEGATIVE` `test_b643.py` — The amphichiral flip is not a symmetry of the weld double: no invertible global companion exists (solution dimension 1, singular) in either involution
docs/views/THE_SPINE.md	amphichiral	750	- **B643** `NEGATIVE` `test_b643_flip.py` — The amphichiral flip is not a symmetry of the weld double: no invertible global companion exists (solution dimension 1, singular) in either involution
docs/views/THE_SPINE.md	orientation	769	- **B658** `NEGATIVE` `test_b658_order4.py` — Both order-4 orientation-reversing families break on the weld double's 27 local system (solution dimension 1, supported on Sym^0), making wall 8 total
docs/views/THE_SPINE.md	orient-reversing	769	- **B658** `NEGATIVE` `test_b658_order4.py` — Both order-4 orientation-reversing families break on the weld double's 27 local system (solution dimension 1, supported on Sym^0), making wall 8 total
docs/views/THE_SPINE.md	amphichiral	780	- **B669** `NEGATIVE` `test_b669_track_h.py` — Chiral words' certificate ladders are bounded exactly like the amphichiral one, refuting the amphichiral-suppression mechanism; boundedness is word-un
docs/views/THE_SPINE.md	amphichiral	789	- **B678** `NEGATIVE` `test_b678_d4_annex.py` — The full 8x12 ladder census shows no growth in any of 96 cells, refuting chat1's amphichiral-suppression mechanism at every level, convergent with B66
docs/views/THE_SPINE.md	chern-simons	824	- **B708** `PROVED` `test_b708_kim_seam.py` — The program's seam sits inside Kim's arithmetic Chern-Simons: the two-hands coupling is the Hilbert-symbol linking number, audibility is non-linking w
docs/views/THE_SPINE.md	amphichiral	827	- **B711** `PROVED` `test_b711_two_z2.py` — Amphichirality and the ℚ(√−3) Galois involution are orthogonal commuting ℤ/2 legs of a V₄; Galois acts freely on Fix(τ) at the geometric point.
docs/views/THE_SPINE.md	amphichiral	829	- **B713** `NEGATIVE` `test_b713_chirality.py` — Chirality is not in the amphichiral object: triality is gauge-only, sigma_omega vanishes identically, and 'which chirality' is a non-canonical Galois
docs/views/THE_SPINE.md	chern-simons	831	- **B715** `PROVED` `test_b715_native_gauge.py` — The object's native gauge system is complex Chern-Simons of E6(C): the non-real adjoint trace excludes every real form, and the Z/11 is a UV-arithmeti
docs/views/THE_SPINE.md	det-minus-1	869	- **B749** `PROVED` `test_b749_genesis_forks.py` — The genesis axiom chain is priced by computation: F2/F3/F4/F7 ROBUST, F5 and F6 FRAGILE (the det −1 sibling is the Gieseking; closure keeps only the h
docs/views/THE_SPINE.md	gieseking	869	- **B749** `PROVED` `test_b749_genesis_forks.py` — The genesis axiom chain is priced by computation: F2/F3/F4/F7 ROBUST, F5 and F6 FRAGILE (the det −1 sibling is the Gieseking; closure keeps only the h
docs/views/THE_SPINE.md	spin	933	- **B804** `PROVED` `test_b804_dirac.py` — m004's induced cusp spin structure is the bounding one for every spin structure (Arf = 0 by bordism), so its Dirac spectral type is determined but cla
docs/views/THE_SPINE.md	chern-simons	946	- **B813** `NEGATIVE` `test_b813_type_audit.py` — The direct CS(m004)=θ_QCD dictionary is refuted on type: a fixed PSL(2,ℂ) geometric invariant cannot fill the coefficient slot of e^{iθW(A)}, whose fu
docs/views/THE_SPINE.md	sl2c-lift	946	- **B813** `NEGATIVE` `test_b813_type_audit.py` — The direct CS(m004)=θ_QCD dictionary is refuted on type: a fixed PSL(2,ℂ) geometric invariant cannot fill the coefficient slot of e^{iθW(A)}, whose fu
docs/views/THE_SPINE.md	amphichiral	983	- **B848** `PROVED` `test_b848_handoff.py` — The incoming handoff bundle's arrow/amphichirality census reproduces exactly (6/6) by two independent methods, but its stated metallic mechanism prove
docs/views/THE_SPINE.md	sl2c-lift	990	- **B855** `PROVED` `test_b855_wrong_null.py` — The programme's genericity controls were family members: m003 is commensurable with m004 (index 12 in PSL(2,O_-3)), and m129
docs/views/THE_SPINE.md	spin	1051	- **B908** `PROVED` `test_b908_pin.py` — THE I-EXACTNESS PIN, two of three legs closed: (leg 1) v = prod(rows) + prod(cols) is RATIONAL by the K3,3 bipartition-uniqueness argument (the coupli
docs/views/THE_SPINE.md	spin	1082	- **B940** `PROVED` `test_b940_dirac.py` — THE SEALED DIRAC RUN on (m004, spin structure rho_1): OUTCOME A against a criterion sealed and pushed (7bb6c963, sha-256 6c513b06...) BEFORE any compu
docs/views/THE_SPINE.md	det-minus-1	1175	- **B749** `PROVED` `test_b749_f2_f8_locks.py` — The genesis axiom chain is priced by computation: F2/F3/F4/F7 ROBUST, F5 and F6 FRAGILE (the det −1 sibling is the Gieseking; closure keeps only the h
docs/views/THE_SPINE.md	gieseking	1175	- **B749** `PROVED` `test_b749_f2_f8_locks.py` — The genesis axiom chain is priced by computation: F2/F3/F4/F7 ROBUST, F5 and F6 FRAGILE (the det −1 sibling is the Gieseking; closure keeps only the h
docs/views/THE_SPINE.md	spin	1216	- **B1112** `PROVED` `test_b1112_projective_hatch.py` — THE PROJECTIVE HATCH (the owner's spin-structure catch + outside-bench computation + this bench's 20-strata completion, three-way convergence): the ob
docs/views/THE_SPINE.md	knot-in-s3	1221	- **B1117** `PROVED` `test_b1117_adelic.py` — THE ADELIC OBJECT (the OWNER'S frame, verified: ADELIC_OBJECT.md, the 7th memo, cloud seat + this bench): the object is adelic (Reid arithmeticity the
docs/views/THE_SPINE.md	spin	1226	- **B1122** `PROVED` `test_b1122_liftbit.py` — L179 THE LIFT-BIT METER (a thesis cell, clean NEGATIVE): does the t-meter mechanism (free-of-one = forced-of-pair, B1113) extend to the spin lift bit
docs/views/THE_SPINE.md	spin	1258	- **B1145** `PROVED` `test_b1145_sp2_fermion_seat.py` — SP-2: the object's beat closes EXACTLY on the fermion-capable odd A1/su(6) stratum's 27 over the beat-selected spin lift (cloud memo 29; sealed prereg
docs/views/THE_SPINE.md	spin	1280	- **B1164** `OPEN` `test_b1164_cc_masterplan.py` — cc's part of the A-E masterplan (cloud owns the 5 lane cells; MC1->codex): MA2 the choice-orbit census, MD1 the firewall pin, ME3 the phase/orbit spli
docs/views/THE_SPINE.md	amphichiral	1300	- **B1181** `OPEN` `test_b1181_amphichirality_closure.py` — THE AMPHICHIRALITY DEBT CLOSED (cc3 a0a349ef, harvested same-day as the B8147 retraction it completes)
docs/views/THE_SPINE.md	chern-simons	1319	- **B1195** `PROVED` `test_b1195_batch5a.py` — CLOSE-LOOP BATCH 5A (the five highest-leverage closes, merged with cloud's routes at their 9915068b): (1) SEAM-A's CS=0 DOOR SHARPENED (lens-scoped)
docs/views/VERDICT_LEDGER.md	orientation	16	| `B14` | F=LP is the unique GL(2,Z) square root of A up to sign, and L_aR_b has an orientation-reversing integer square root iff a=b. |  | 0 |
docs/views/VERDICT_LEDGER.md	orient-reversing	16	| `B14` | F=LP is the unique GL(2,Z) square root of A up to sign, and L_aR_b has an orientation-reversing integer square root iff a=b. |  | 0 |
docs/views/VERDICT_LEDGER.md	sl2c-lift	40	| `B67` | The figure-eight A-polynomial is reproduced exactly from the metallic SL(2,C) trace map's fixed locus, matching Cooper-Long literally. |  | 1 |
docs/views/VERDICT_LEDGER.md	spin	44	| `B74` | The W_N charge-conjugation grading of spin-s currents and the Dickson P-grading of char(M^k) are literally the same involution -w0 of A_{n-1}. |  | 1 |
docs/views/VERDICT_LEDGER.md	det-minus-1	53	| `B92` | Metallic means are exactly the period-1 continued-fraction (det=-1) hyperbolic classes; m is free, m=1 selected only by the systole metric. |  | 1 |
docs/views/VERDICT_LEDGER.md	det-minus-1	54	| `B93` | det=-1 is exactly the condition producing the trace-map tower's sign/parity sectors, and parity (contragredient m->-m) is distinct from the Galois involution. |  | 1 |
docs/views/VERDICT_LEDGER.md	det-minus-1	55	| `B94` | The Dickson catalog survives outside the metallic slice while every sign/parity sector is det=-1-specific, splitting tower and degree=rank into two problems. |  | 1 |
docs/views/VERDICT_LEDGER.md	det-minus-1	70	| `B121` | The tower's SL(2)-action is the external det=-1 GL(2,Z) monodromy, inequivalent to Kostant's principal sl(2) for all n>=3 via the odd-Sym parity obstruction. |  | 0 |
docs/views/VERDICT_LEDGER.md	det-minus-1	71	| `B122` | The tower equals Sym^n(W) + (Sym^{n-3}(W) - W) for W = V+1, a genuine GL(2)-module identity that unifies B121's external det=-1 action. |  | 0 |
docs/views/VERDICT_LEDGER.md	spin	76	| `B132` | The SU(2)_k quantum layer: field content is word-spin-mod-4 quantum-group arithmetic, m=1 is uniquely coherent, vanishing period is |O_K^x|/2, and Lee-Yang is the native physics. |  | 1 |
docs/views/VERDICT_LEDGER.md	amphichiral	77	| `B134` | The chirality recursion is proved: a metallic-block bundle is amphichiral iff its block-length sequence is a cyclic palindrome, a corollary of Goodman-Heard-Hodgson 2008. |  | 1 |
docs/views/VERDICT_LEDGER.md	amphichiral	78	| `B136` | Any once-punctured-torus bundle is amphichiral iff its block-pair sequence is fixed by reverse-order-plus-component-swap up to cyclic rotation; the metallic recursion is the special case. |  | 1 |
docs/views/VERDICT_LEDGER.md	amphichiral	87	| `B152` | A 240-manifold census confirms amphichiral implies 2-torsion Chern-Simons with zero violations, and exhibits m208 as the unique converse failure. | yes | 1 |
docs/views/VERDICT_LEDGER.md	chern-simons	87	| `B152` | A 240-manifold census confirms amphichiral implies 2-torsion Chern-Simons with zero violations, and exhibits m208 as the unique converse failure. | yes | 1 |
docs/views/VERDICT_LEDGER.md	orientation	91	| `B156` | Six Omega strict-full theorems were independently re-derived (R/G algebra, reciprocity, Fibonacci blocks, entropy log 2, unique minimal seed, orientation no-go) with L4-L10 counts reconfirmed. |  | 0 |
docs/views/VERDICT_LEDGER.md	double-cover	121	| `B206` | The golden monodromy's mod-5 congruence shadow is SL(2,F5)=2I=McKay-E8, with the classical/quantum divide exactly the A5/2I spin double cover. |  | 1 |
docs/views/VERDICT_LEDGER.md	chern-simons	150	| `B250` | Computed the complex-volume profile of the E6-hyperbolic/E8-spherical ends: Vol=6Λ(π/3), CS=0 vs π²/5, CS∈(1/5)ℤ — the arithmetic invariants sit in the volumes. |  | 0 |
docs/views/VERDICT_LEDGER.md	knot-in-s3	151	| `B251` | H₁(Mₘ)=ℤ⊕(ℤ/m)² forces only m=1 to be a knot complement, so the E6↔E8 geometric transition is golden-specific. |  | 0 |
docs/views/VERDICT_LEDGER.md	complex-volume	156	| `B257` | Characterized the Euclidean transition point as the character-variety discriminant branch point with order-3 Eisenstein meridian and vanishing complex volume. |  | 0 |
docs/views/VERDICT_LEDGER.md	sl2c-lift	159	| `B260` | Identified the SL(2,ℂ) character variety as the Coulomb branch of T[4₁] (A-polynomial verified), dissolving wall #1: zero theorems block object→physics, but no bridge is built. |  | 0 |
docs/views/VERDICT_LEDGER.md	spin	175	| `B279` | The amphicheiral involution τ FIXES both spin structures of the figure-eight complement, proved via the S³-bounding canonical spin structure and the ℤ/2-torsor argument. |  | 1 |
docs/views/VERDICT_LEDGER.md	chern-simons	177	| `B286` | The ingredients live at the seam: Dehn filling the open complement supplies a forced 10-element exceptional set, chirality, an oriented CS sign, a 2π/n scale, and a peripheral clock. |  | 1 |
docs/views/VERDICT_LEDGER.md	chern-simons	179	| `B289` | The Chern-Simons sign law CS(p,-q) = -CS(p,q) is robust, and its meaning is a Q(sqrt-3) Galois reading; verified by two methods. |  | 1 |
docs/views/VERDICT_LEDGER.md	amphichiral	188	| `B303` | Proved the CP sign is literally the sign of Chern-Simons (CS=0 amphichiral, definite sign per closing), reducing the one live forcing to two firewalled inputs. |  | 1 |
docs/views/VERDICT_LEDGER.md	chern-simons	188	| `B303` | Proved the CP sign is literally the sign of Chern-Simons (CS=0 amphichiral, definite sign per closing), reducing the one live forcing to two firewalled inputs. |  | 1 |
docs/views/VERDICT_LEDGER.md	amphichiral	198	| `B316` | sqrt(-7) is the CHIRALITY field, not a metallic-ladder member: disc -7 is below the unimodular floor, and Q(sqrt-7) is reached by BREAKING amphichirality (non-palindromic RRL/RLL words). |  | 1 |
docs/views/VERDICT_LEDGER.md	amphichiral	200	| `B318` | Split the firewall's two ends: the Eisenstein Z/2 is the geometric amphichiral involution (complex conjugation), the golden Z/2 is arithmetic-only with no geometric tau. |  | 1 |
docs/views/VERDICT_LEDGER.md	chern-simons	211	| `B338` | The object contains its own symmetric-to-broken flow — Dehn filling with CS(1,n) ~ −1/(2n) — but the filling slope is external input. |  | 1 |
docs/views/VERDICT_LEDGER.md	amphichiral	212	| `B340` | The CP phase arg kappa is extremal at pi/6 at the amphichiral cusp and decreases as 3.8*CS^2, i.e. second order in chirality. |  | 1 |
docs/views/VERDICT_LEDGER.md	chern-simons	212	| `B340` | The CP phase arg kappa is extremal at pi/6 at the amphichiral cusp and decreases as 3.8*CS^2, i.e. second order in chirality. |  | 1 |
docs/views/VERDICT_LEDGER.md	amphichiral	218	| `B348` | The Bloch class β=2[e^{iπ/3}] has Galois orbit {β,−β} summing to zero, and at the Eisenstein point the duality involution z↦1−z coincides with Galois conjugation, so amphichirality self-identifies the orbit: no forced choice. |  
docs/views/VERDICT_LEDGER.md	sl2c-lift	223	| `B356` | Every SL(2,ℂ)-factoring route forces a quaternionic self-dual 2 (det-lemma), and complex 27-dim assemblies with an invariant cubic exist only for A₄ and 2T — the chirality window is exactly the Eisenstein ω. |  | 1 |
docs/views/VERDICT_LEDGER.md	amphichiral	266	| `B432` | All 31 sampled hyperbolic Dehn fillings make the amphichiral object chiral: the interface mechanism is confirmed, though slope selection stays free input. |  | 1 |
docs/views/VERDICT_LEDGER.md	sl2c-lift	271	| `B439` | The child's SL(2,C) vacuum quartic gives 4 irreducible vacua in the -283 trace field, with the unforced slope-7 control giving 6 vacua in a different field. |  | 1 |
docs/views/VERDICT_LEDGER.md	chern-simons	279	| `B460` | The child's length spectrum is tabulated and its per-vacuum Chern-Simons values computed by a two-gate-validated Kirk-Klassen integral matching banked and SnapPy controls. |  | 1 |
docs/views/VERDICT_LEDGER.md	gieseking	282	| `B466` | Under sigma the SL(3) Dehn-filling components exchange while V0 is preserved with fixed line p=q; the whole sigma-story is the Gieseking deck action. |  | 1 |
docs/views/VERDICT_LEDGER.md	orientation	283	| `B467` | Family, residue and wall converge on one Z/2 orientation bit: the CKM scan gives an earned zero and the only odd permutation is the orientation-reversing half-monodromy. |  | 1 |
docs/views/VERDICT_LEDGER.md	orient-reversing	283	| `B467` | Family, residue and wall converge on one Z/2 orientation bit: the CKM scan gives an earned zero and the only odd permutation is the orientation-reversing half-monodromy. |  | 1 |
docs/views/VERDICT_LEDGER.md	orientable	284	| `B469` | Breath wave 1: the two-register residue equals (−1)^((N−1)/2) at four levels, and every metallic bundle double-covers a non-orientable bundle (X_m²=A_m). |  | 1 |
docs/views/VERDICT_LEDGER.md	double-cover	284	| `B469` | Breath wave 1: the two-register residue equals (−1)^((N−1)/2) at four levels, and every metallic bundle double-covers a non-orientable bundle (X_m²=A_m). |  | 1 |
docs/views/VERDICT_LEDGER.md	det-minus-1	291	| `B482` | Verified the twisted-Markov handoff: the det -1 Markov spectrum below 3 is exactly {sqrt5, 2sqrt2}, and tr[A,B] = 2 - gap^2/(detA detB) generalizes P4's Lemma 2.2. |  | 0 |
docs/views/VERDICT_LEDGER.md	double-cover	301	| `B510` | 40a3 is the Jacobian of 40a1's branch double cover (2-isogenous, not a quadratic twist), discharging the square-time flag as a theorem. |  | 1 |
docs/views/VERDICT_LEDGER.md	amphichiral	353	| `B605` | Door 2 settled: the amphichiral involutions are FREE deck transformations, not reflections (Gieseking control). |  | 1 |
docs/views/VERDICT_LEDGER.md	gieseking	353	| `B605` | Door 2 settled: the amphichiral involutions are FREE deck transformations, not reflections (Gieseking control). |  | 1 |
docs/views/VERDICT_LEDGER.md	amphichiral	358	| `B613` | Closure theorem: for GHH-anti-palindromic (amphichiral) weld words, conj(W)=Q⁻¹WᵀQ with Q=PSC, so the odd hearing spectrum is conjugation-closed at every level. |  | 1 |
docs/views/VERDICT_LEDGER.md	knot-in-s3	363	| `B622` | The silver RRLL bundle m136's exterior adjoint Reidemeister torsion is exactly -16 = 2-(phi^6+phi^-6), a second negative data point for the exterior sign law, with the fig-8 and silver adjoint tangent fields swapping (sqrt21 vs s
docs/views/VERDICT_LEDGER.md	amphichiral	367	| `B626` | The adjoint Jacobian J = mu + 1/mu is real exactly for the amphichiral words and complex for the chiral ones; the naive crossover laws are refuted. |  | 0 |
docs/views/VERDICT_LEDGER.md	chern-simons	411	| `B708` | The program's seam sits inside Kim's arithmetic Chern-Simons: the two-hands coupling is the Hilbert-symbol linking number, audibility is non-linking with the infinite prime. |  | 0 |
docs/views/VERDICT_LEDGER.md	amphichiral	412	| `B711` | Amphichirality and the ℚ(√−3) Galois involution are orthogonal commuting ℤ/2 legs of a V₄; Galois acts freely on Fix(τ) at the geometric point. |  | 0 |
docs/views/VERDICT_LEDGER.md	chern-simons	415	| `B715` | The object's native gauge system is complex Chern-Simons of E6(C): the non-real adjoint trace excludes every real form, and the Z/11 is a UV-arithmetic non-descending charge. |  | 0 |
docs/views/VERDICT_LEDGER.md	det-minus-1	430	| `B749` | The genesis axiom chain is priced by computation: F2/F3/F4/F7 ROBUST, F5 and F6 FRAGILE (the det −1 sibling is the Gieseking; closure keeps only the hearing face), and F8 geometry-necessary — geometry buys ℚ(√−3). |  | 1 |
docs/views/VERDICT_LEDGER.md	gieseking	430	| `B749` | The genesis axiom chain is priced by computation: F2/F3/F4/F7 ROBUST, F5 and F6 FRAGILE (the det −1 sibling is the Gieseking; closure keeps only the hearing face), and F8 geometry-necessary — geometry buys ℚ(√−3). |  | 1 |
docs/views/VERDICT_LEDGER.md	spin	463	| `B804` | m004's induced cusp spin structure is the bounding one for every spin structure (Arf = 0 by bordism), so its Dirac spectral type is determined but class-level, and leading-order Dirac counts for m003/m004 agree by identity. |  | 
docs/views/VERDICT_LEDGER.md	amphichiral	480	| `B848` | The incoming handoff bundle's arrow/amphichirality census reproduces exactly (6/6) by two independent methods, but its stated metallic mechanism proves the wrong half: symmetry supplies the det=+1 (amphichirality) conjugator, not
docs/views/VERDICT_LEDGER.md	det-minus-1	480	| `B848` | The incoming handoff bundle's arrow/amphichirality census reproduces exactly (6/6) by two independent methods, but its stated metallic mechanism proves the wrong half: symmetry supplies the det=+1 (amphichirality) conjugator, not
docs/views/VERDICT_LEDGER.md	amphichiral	484	| `B855` | The programme's genericity controls were family members: m003 is commensurable with m004 (index 12 in PSL(2,O_-3)), and m129 -- proposed by cc as the non-commensurable fix -- is index 12 in PSL(2,O_-1), the SILVER's class-mate. T
docs/views/VERDICT_LEDGER.md	sl2c-lift	484	| `B855` | The programme's genericity controls were family members: m003 is commensurable with m004 (index 12 in PSL(2,O_-3)), and m129 -- proposed by cc as the non-commensurable fix -- is index 12 in PSL(2,O_-1), the SILVER's class-mate. T
docs/views/VERDICT_LEDGER.md	knot-in-s3	484	| `B855` | The programme's genericity controls were family members: m003 is commensurable with m004 (index 12 in PSL(2,O_-3)), and m129 -- proposed by cc as the non-commensurable fix -- is index 12 in PSL(2,O_-1), the SILVER's class-mate. T
docs/views/VERDICT_LEDGER.md	det-minus-1	496	| `B868` | G6 CLOSED -- the three involutions separated at cascade level: the gate's C is the LINEAR outer involution lambda -> -w0(lambda) at every level (A4: Dynkin reversal, 5->5bar, 10->10bar; D5: spinor swap, 16->16bar; E6: the fold, 2
docs/views/VERDICT_LEDGER.md	amphichiral	507	| `B879` | The cc3 selection-cochain harvest (packet sha256 e59df18a, 38 files, preserved verbatim; cc3's own reconciliation addendum CHECKED AND CONFIRMED accurate): six claims verified with independent legs -- C1 the collapse theorem (745
docs/views/VERDICT_LEDGER.md	chern-simons	532	| `B905` | W8 PAID -- the Kim-torsor literature gate (99-agent adversarially-verified panel, full-text greps of primary sources, report banked): (Q1, CLEAN NEGATIVE, high confidence) the Kim-school arithmetic Chern-Simons corpus (1510.05818
docs/views/VERDICT_LEDGER.md	spin	533	| `B906` | THE FLAVOR ARC VERIFIED WHOLESALE (solo handoff 5, integrate-don't-merge, every suite script rerun on this build): (1) INSTANT CONVERGENCES -- their sealed XXXVII prediction (wall complex in e6(6), all three roots) is MET by B893
docs/views/VERDICT_LEDGER.md	spin	535	| `B908` | THE I-EXACTNESS PIN, two of three legs closed: (leg 1) v = prod(rows) + prod(cols) is RATIONAL by the K3,3 bipartition-uniqueness argument (the coupling graph verified connected complete bipartite on the banked incidence); (leg 2
docs/views/VERDICT_LEDGER.md	orientation	537	| `B910` | L3 DELIVERED -- THE ONE-CLASS THEOREM (multiagent round 1, banking-verified): the compact-pencil cubic kappa = 2771822592000 s^3 + 3033676800 s^2 - 56402640 s - 6859 (constant -19^3, disc kernel {7,11}, nu = c kappa^6 by 20-point
docs/views/VERDICT_LEDGER.md	spin	540	| `B916` | THE LAMBDA BRIDGE (dispatched to reconcile 2304/953 vs 1; the dispatching hypothesis REFUTED, both seats VINDICATED): the 27/27bar bridge S is Schur-unique and a SIGNED PERMUTATION (det 1, verified on all 78 generators) and the p
docs/views/VERDICT_LEDGER.md	sl2c-lift	546	| `B922` | LAMBDA_2 RECEIVED AND BANKED -- THE SECOND MAASS CUSP FORM EIGENVALUE OF THE FIGURE-EIGHT COMPLEMENT TO 25 DECIMAL PLACES, improving the published precedent for a Maass eigenvalue on a quotient of H^3 from 13 decimal places (Auri
docs/views/VERDICT_LEDGER.md	orientation	551	| `B929` | THE THIRD CROSSING (Twist stage 2; prereg 672b5afb pushed c8421f14 BEFORE data contact; owner word at the registered gate): SEALED VERDICT HIT-SHAPE -- TIER 1 PASS: the blind triple s = (0.8629, 0.8001, 0.6964) (the |m_S| branch 
docs/views/VERDICT_LEDGER.md	spin	555	| `B933` | THE SPINOR-HEJHAL DESIGN + A SUCCESSFUL FEASIBILITY PROBE (exploratory, double precision, UNSEALED -- per the exploratory-numerics rule this stays uncommitted-tier until the sealed run): the Dirac instrument on (m004, spin struct
docs/views/VERDICT_LEDGER.md	orientation	558	| `B938` | THE SIGN OF FULL FLIP -- NO SWAP, A COSET INVARIANT (blind): testing the level song against the wall pair's full 2-torsion {I, D2, D, D2D}, D ACTS AS THE IDENTITY ON THE COLORLESS REGISTER (m_S = m_A = 0 exactly; ALL TWELVE of D'
docs/views/VERDICT_LEDGER.md	spin	560	| `B940` | THE SEALED DIRAC RUN on (m004, spin structure rho_1): OUTCOME A against a criterion sealed and pushed (7bb6c963, sha-256 6c513b06...) BEFORE any compute. In the window |lambda| <= 4 the instrument produces exactly two eigenvalues
docs/views/VERDICT_LEDGER.md	sl2c-lift	562	| `B943` | THE O3 GATE APPLIED RETROACTIVELY -- B922's priority sentence corrected. Review 40 found the asymmetry: B940's prereg invented the O3 gate (no priority word until the sweep reaches MathSciNet/zbMATH grade) and honoured it, but B9
docs/views/VERDICT_LEDGER.md	knot-in-s3	562	| `B943` | THE O3 GATE APPLIED RETROACTIVELY -- B922's priority sentence corrected. Review 40 found the asymmetry: B940's prereg invented the O3 gate (no priority word until the sweep reaches MathSciNet/zbMATH grade) and honoured it, but B9
docs/views/VERDICT_LEDGER.md	orientation	563	| `B944` | THE DYNAMICS & CHIRALITY SWEEP (owner directive: 'we might have all of it, maybe in the other faces, child or combinations'): NEITHER IS MISSING. Verdict-level census: chirality 102 arcs (70 PROVED / 32 NEGATIVE), dynamics 29 arc
docs/views/VERDICT_LEDGER.md	amphichiral	563	| `B944` | THE DYNAMICS & CHIRALITY SWEEP (owner directive: 'we might have all of it, maybe in the other faces, child or combinations'): NEITHER IS MISSING. Verdict-level census: chirality 102 arcs (70 PROVED / 32 NEGATIVE), dynamics 29 arc
docs/views/VERDICT_LEDGER.md	chern-simons	563	| `B944` | THE DYNAMICS & CHIRALITY SWEEP (owner directive: 'we might have all of it, maybe in the other faces, child or combinations'): NEITHER IS MISSING. Verdict-level census: chirality 102 arcs (70 PROVED / 32 NEGATIVE), dynamics 29 arc
docs/views/VERDICT_LEDGER.md	amphichiral	570	| `B953` | E6 vs E4, AND THE TWO SEEDS (owner directive). 'E4' is real: in the E_n series (del Pezzo / M-theory convention) E5 = D5 = SO(10) rank 5 and E4 = A4 = SU(5) rank 4 -- EXACTLY THE RANK OF THE STANDARD MODEL. The rank bookkeeping o
docs/views/VERDICT_LEDGER.md	knot-in-s3	572	| `B955` | L133 SCOUTED BEFORE COMPUTING (control PASSED: Hosotani 1983, CHSW 1985, Witten 1985, Slansky 1981 retrieved before any null). (1) MY OWN CANDIDATE IS REFUTED, AND THE RISK LOGGED IN B956 BEFORE THE PANEL RETURNED WAS RIGHT AND U
docs/views/VERDICT_LEDGER.md	spin	585	| `B975` | THE RENDER AUDIT (cc3 handoff, processed integrate-don't-merge). THE HEADLINE IS THE PROCESS POINT, NOT THE DEFECTS: C1 and C2 were latent in code that had ALREADY produced banked results and passed three section-16 review passes
docs/views/VERDICT_LEDGER.md	amphichiral	589	| `B980` | The chain 'k=3 -> G*Lambda=2pi -> a Planck-scale Lambda -> 122 orders from observation' is WITHDRAWN as a statement about this object, on two independent grounds. (i) DIMENSION, verified: Smolin's relation is titled 'in 3+1 DIMEN
docs/views/VERDICT_LEDGER.md	chern-simons	589	| `B980` | The chain 'k=3 -> G*Lambda=2pi -> a Planck-scale Lambda -> 122 orders from observation' is WITHDRAWN as a statement about this object, on two independent grounds. (i) DIMENSION, verified: Smolin's relation is titled 'in 3+1 DIMEN
docs/views/VERDICT_LEDGER.md	complex-volume	589	| `B980` | The chain 'k=3 -> G*Lambda=2pi -> a Planck-scale Lambda -> 122 orders from observation' is WITHDRAWN as a statement about this object, on two independent grounds. (i) DIMENSION, verified: Smolin's relation is titled 'in 3+1 DIMEN
docs/views/VERDICT_LEDGER.md	chern-simons	590	| `B981` | THE OBJECT IS NOT HYPERBOLIC-ONLY, and the sign-mismatch no-go built on that reading is WITHDRAWN. Prompted by the owner ('are you sure sure sure? did you verify the object in its full maturity and relations?') -- the answer was 
docs/views/VERDICT_LEDGER.md	knot-in-s3	601	| `B993` | THE CORNERSTONE VERIFIED ON THIS BENCH: THE OBJECT-SPECIFIC ATOM IS GENERIC AT ROUGHLY 1 IN 3. cc3-s cornerstone synthesis returns NOT YET -- and not for want of theorems, but because the cornerstone has no object under it -- and
docs/views/VERDICT_LEDGER.md	amphichiral	602	| `B994` | THE RULE-VARIATION TEST, NEVER ASKED BEFORE (B869 varied the STARTING GROUP, not the rule), RUN HERE -- AND THE ENDPOINT IS RULE-INDEPENDENT WHILE THE PATH IS NOT. Registerable options per step are [3, 2, 1]: at step 1 three of f
docs/views/VERDICT_LEDGER.md	orientation	608	| `B1003` | THE AXIOM PRICES ARE PAID: FIVE ROBUST, TWO FRAGILE -- AND B998 IS CORRECTED. B998 found THEOREM_LEDGER citing test_b749_genesis_forks.py as the lock for C1-C4 while that file tests only F4-F7, with no F2 and no F8; that much is
docs/views/VERDICT_LEDGER.md	gieseking	608	| `B1003` | THE AXIOM PRICES ARE PAID: FIVE ROBUST, TWO FRAGILE -- AND B998 IS CORRECTED. B998 found THEOREM_LEDGER citing test_b749_genesis_forks.py as the lock for C1-C4 while that file tests only F4-F7, with no F2 and no F8; that much is
docs/views/VERDICT_LEDGER.md	amphichiral	610	| `B1008` | THE ATLAS IS BLIND IN AN EPOCH, AND THE BLINDNESS IS WHERE THE PROGRAMME NOW LIVES. B806's concentration statistic fell THROUGH the 0.85 floor its lock defended, and the floor was NOT bumped: B829 set the precedent that this tri
docs/views/VERDICT_LEDGER.md	amphichiral	611	| `B1009` | THE VERIFICATION PASS: 4 OF 5 CONFIRMED, 1 SCOPE OVERREACH WITHDRAWN FROM FIVE READER-FACING DOCS, 1 INCOMING cc3 CLAIM REFUSED. A fresh seat audited the seat that banked B1007/B1008 and Review 42, under verify-don-t-trust. CONF
docs/views/VERDICT_LEDGER.md	chern-simons	611	| `B1009` | THE VERIFICATION PASS: 4 OF 5 CONFIRMED, 1 SCOPE OVERREACH WITHDRAWN FROM FIVE READER-FACING DOCS, 1 INCOMING cc3 CLAIM REFUSED. A fresh seat audited the seat that banked B1007/B1008 and Review 42, under verify-don-t-trust. CONF
docs/views/VERDICT_LEDGER.md	chern-simons	612	| `B1010` | THE CONSOLIDATION-LOSS AUDIT, FIRST PASS: THE OWNER WAS RIGHT, AND THE BIGGEST LOSS IS THE MATTER FACE. The owner's suspicion -- 'I think we lost one of the most important laws we got, exactly regarding matter' -- is CONFIRMED a
docs/views/VERDICT_LEDGER.md	spin	612	| `B1010` | THE CONSOLIDATION-LOSS AUDIT, FIRST PASS: THE OWNER WAS RIGHT, AND THE BIGGEST LOSS IS THE MATTER FACE. The owner's suspicion -- 'I think we lost one of the most important laws we got, exactly regarding matter' -- is CONFIRMED a
docs/views/VERDICT_LEDGER.md	amphichiral	614	| `B1012` | TWO BRANCH RESULTS VERIFIED EXACTLY (integrate-don't-merge, cc3 branch at 59d9f26f, 66 commits past B921's harvest head), AND THE HARVEST REGISTERED SO NOTHING GOES SILENT. (1) K-BLINDNESS VERIFIED WITH A SHARPENING: Gukov's spl
docs/views/VERDICT_LEDGER.md	chern-simons	614	| `B1012` | TWO BRANCH RESULTS VERIFIED EXACTLY (integrate-don't-merge, cc3 branch at 59d9f26f, 66 commits past B921's harvest head), AND THE HARVEST REGISTERED SO NOTHING GOES SILENT. (1) K-BLINDNESS VERIFIED WITH A SHARPENING: Gukov's spl
docs/views/VERDICT_LEDGER.md	chern-simons	615	| `B1013` | THE WALLS RE-SORTED: FOUR SPECIFICATIONS/BOUNDARIES, ONE REAL WALL -- the reclassification the owner diagnosed, chat1 sharpened, and cc3 independently derived on-branch within twenty-four hours, executed as the editorial act cc3
docs/views/VERDICT_LEDGER.md	chern-simons	616	| `B1014` | THE PROOF-FORM: THE DERIVATION THEOREM CLOSED, THE ANCHOR DOCTRINE LICENSED, THE CLAIM STATED ON ONE PAGE -- executing two owner decisions (approved and confirmed). (1) PROOF-AS-DERIVATION IS CLOSED: docs/THE_CLAIM.md section 1 
docs/views/VERDICT_LEDGER.md	chern-simons	617	| `B1015` | THE ANCHOR DECLARATION, SEALED (R11 STEP 0, BINDING ON EVERY FUTURE CROSSING): A1 = l, the dimensionful length unit (its SI realization a convention; no dimensionless number flows from it); A2 = c = 6*sigma, the UNQUANTIZED leve
docs/views/VERDICT_LEDGER.md	chern-simons	622	| `B1020` | THE TWO ADMISSIBILITY LEDGERS -- what a crossing MAY compare, settled before any value is looked at: docs/KIND_TABLE.md (living), Part 1 the KIND TABLE (R5's table), Part 2 the RG TAXONOMY (R2's). Every object-side row traced to
docs/views/VERDICT_LEDGER.md	chern-simons	624	| `B1022` | cc's PHASE 1 PUBLISHED UNDER THE HASH-FIRST PROTOCOL: the corpus's answer to the three-seat functor question, byte-identical to the digest sealed at 4b3cbfdc BEFORE any other seat's content was visible (sha256 50d4bdd9..., verif
docs/views/VERDICT_LEDGER.md	spin	625	| `B1023` | PHASE 2'S CONCESSIONS, V2: TWO DEFECTS FIXED, THEN TWO BLOCKERS ON THE FIX ITSELF -- CONCEDED AND PINNED OPEN, the second correction arriving from cc3 BEFORE the batch banked. ROUND 1: C1 conceded -- B1009's refusal cited the wr
docs/views/VERDICT_LEDGER.md	amphichiral	627	| `B1025` | L155, THE INPUT-DERIVABILITY AUDIT: THREE SURVIVE, TWO NARROW -- AND THE 'LIE-VALUED INPUT' DISSOLVES INTO UNIQUE LINES. Sealed 8def4962 with per-input priors; the sigma-pattern run against every counted input; every join verifi
docs/views/VERDICT_LEDGER.md	chern-simons	627	| `B1025` | L155, THE INPUT-DERIVABILITY AUDIT: THREE SURVIVE, TWO NARROW -- AND THE 'LIE-VALUED INPUT' DISSOLVES INTO UNIQUE LINES. Sealed 8def4962 with per-input priors; the sigma-pattern run against every counted input; every join verifi
docs/views/VERDICT_LEDGER.md	amphichiral	635	| `B1034` | L154 ADJUDICATED (plan Arc 1; sealed 6361f222 pre-compute, pushed 0861e5bb; the audit seat RECUSED with its D-ii/D-iii apparatus adopted): UNDECIDED -- THE HONEST MIDDLE, AND SHARPER THAN IT SOUNDS. V1 both sides exact: c_BH = 3
docs/views/VERDICT_LEDGER.md	spin	635	| `B1034` | L154 ADJUDICATED (plan Arc 1; sealed 6361f222 pre-compute, pushed 0861e5bb; the audit seat RECUSED with its D-ii/D-iii apparatus adopted): UNDECIDED -- THE HONEST MIDDLE, AND SHARPER THAN IT SOUNDS. V1 both sides exact: c_BH = 3
docs/views/VERDICT_LEDGER.md	spin	642	| `B1041` | PM1 / L160's theta-leg (sealed 165d8ef5 pre-compute): the three (Z/2)^3 cubes -- Galois (B704), operations (B766), closings (B782) -- are ONE cube at direction level, EXHIBITED: the coordinate-permutation dictionary is IMPOSSIBL
docs/views/VERDICT_LEDGER.md	knot-in-s3	646	| `B1062` | THE BRIDGE CELL (sealed ad8d60f1 + binding pre-compute addendum B1062-A1; the owner's verify-everything order honored: every load-bearing claim twice-derived or rider-named, Hao's Theorem A verified from the PDF on this bench): 
docs/views/VERDICT_LEDGER.md	spin	659	| `B1081` | THE HYDROGEN AUDIT (the inverse chain run as computation; verifier HOLDS after its own deep rebuild from the E6 roots, grading the cell's shallower pass honestly): hydrogen's structural skeleton sits fully inside forced-union-fr
docs/views/VERDICT_LEDGER.md	amphichiral	661	| `B1083` | The founding K4-torsor's two bits are C (swap) and P (reversal) -- BOTH spendable choices; THE ARROW IS NOT A TORSOR BIT (all four orbit points are forward substitutions; no K4 element inverts the rule) -- it lives in monoid non
docs/views/VERDICT_LEDGER.md	gieseking	661	| `B1083` | The founding K4-torsor's two bits are C (swap) and P (reversal) -- BOTH spendable choices; THE ARROW IS NOT A TORSOR BIT (all four orbit points are forward substitutions; no K4 element inverts the rule) -- it lives in monoid non
docs/views/VERDICT_LEDGER.md	amphichiral	666	| `B1088` | THE PARAMETER-FREE ACTION CARD (L174 C1): the object's 3d gravitational action is S = -Vol sigma on its own exact Lambda = -1 Einstein solution -- the k-coupling is DELETED BY THE OBJECT'S OWN SYMMETRY (CS(m004) = 0 by amphichir
docs/views/VERDICT_LEDGER.md	chern-simons	666	| `B1088` | THE PARAMETER-FREE ACTION CARD (L174 C1): the object's 3d gravitational action is S = -Vol sigma on its own exact Lambda = -1 Einstein solution -- the k-coupling is DELETED BY THE OBJECT'S OWN SYMMETRY (CS(m004) = 0 by amphichir
docs/views/VERDICT_LEDGER.md	chern-simons	667	| `B1089` | THE MATTER CARD (L174 C3, assembly of banked pieces under the 3d-theory header): the 27-local-system cohomology IS the theory's matter content -- solo h1 = 3 (B662), welded 5, theta-odd 2 (B1086's spectrum law = the multiplicity
docs/views/VERDICT_LEDGER.md	amphichiral	668	| `B1090` | THE PARTITION-FUNCTION BRIDGE (L174 C2): the object's quantum partition function EXISTS in closed state-integral form (AK eq. 38: one variable, a RATIO of two Faddeev dilogarithms -- amphichirality visible in the formula), its s
docs/views/VERDICT_LEDGER.md	orientation	680	| `B1104` | THE 4D SUSPENSION SELECTION TEST (L177, owner-elected, prereg-sealed): over the COMPLETE finite menu MCG(m004) = Isom = D4 (Mostow CITED; 8 elements, table-exact), C1 FAIL informatively -- no infinite-order element exists, the g
docs/views/VERDICT_LEDGER.md	orientable	680	| `B1104` | THE 4D SUSPENSION SELECTION TEST (L177, owner-elected, prereg-sealed): over the COMPLETE finite menu MCG(m004) = Isom = D4 (Mostow CITED; 8 elements, table-exact), C1 FAIL informatively -- no infinite-order element exists, the g
docs/views/VERDICT_LEDGER.md	orient-reversing	680	| `B1104` | THE 4D SUSPENSION SELECTION TEST (L177, owner-elected, prereg-sealed): over the COMPLETE finite menu MCG(m004) = Isom = D4 (Mostow CITED; 8 elements, table-exact), C1 FAIL informatively -- no infinite-order element exists, the g
docs/views/VERDICT_LEDGER.md	det-minus-1	680	| `B1104` | THE 4D SUSPENSION SELECTION TEST (L177, owner-elected, prereg-sealed): over the COMPLETE finite menu MCG(m004) = Isom = D4 (Mostow CITED; 8 elements, table-exact), C1 FAIL informatively -- no infinite-order element exists, the g
docs/views/VERDICT_LEDGER.md	gieseking	680	| `B1104` | THE 4D SUSPENSION SELECTION TEST (L177, owner-elected, prereg-sealed): over the COMPLETE finite menu MCG(m004) = Isom = D4 (Mostow CITED; 8 elements, table-exact), C1 FAIL informatively -- no infinite-order element exists, the g
docs/views/VERDICT_LEDGER.md	double-cover	680	| `B1104` | THE 4D SUSPENSION SELECTION TEST (L177, owner-elected, prereg-sealed): over the COMPLETE finite menu MCG(m004) = Isom = D4 (Mostow CITED; 8 elements, table-exact), C1 FAIL informatively -- no infinite-order element exists, the g
docs/views/VERDICT_LEDGER.md	spin	687	| `B1112` | THE PROJECTIVE HATCH (the owner's spin-structure catch + outside-bench computation + this bench's 20-strata completion, three-way convergence): the object's canonical holonomy is PSL(2,C); the SL(2,C) lift is a spin-structure CH
docs/views/VERDICT_LEDGER.md	sl2c-lift	687	| `B1112` | THE PROJECTIVE HATCH (the owner's spin-structure catch + outside-bench computation + this bench's 20-strata completion, three-way convergence): the object's canonical holonomy is PSL(2,C); the SL(2,C) lift is a spin-structure CH
docs/views/VERDICT_LEDGER.md	spin	690	| `B1115` | THE SPENDING ORDER (SPENDING_ORDER.md harvest; synthesis of banked facts + B1114's two verified computations): the free-bit spendings carry a FORCED definitional-dependency DAG -- D0 rule (B1083) -> D1 double-tick/orientability 
docs/views/VERDICT_LEDGER.md	amphichiral	692	| `B1117` | THE ADELIC OBJECT (the OWNER'S frame, verified: ADELIC_OBJECT.md, the 7th memo, cloud seat + this bench): the object is adelic (Reid arithmeticity the license; Gamma in PSL(2,Z[omega]), K=Q(sqrt-3)) -- finite shadow = structure 
docs/views/VERDICT_LEDGER.md	chern-simons	692	| `B1117` | THE ADELIC OBJECT (the OWNER'S frame, verified: ADELIC_OBJECT.md, the 7th memo, cloud seat + this bench): the object is adelic (Reid arithmeticity the license; Gamma in PSL(2,Z[omega]), K=Q(sqrt-3)) -- finite shadow = structure 
docs/views/VERDICT_LEDGER.md	sl2c-lift	692	| `B1117` | THE ADELIC OBJECT (the OWNER'S frame, verified: ADELIC_OBJECT.md, the 7th memo, cloud seat + this bench): the object is adelic (Reid arithmeticity the license; Gamma in PSL(2,Z[omega]), K=Q(sqrt-3)) -- finite shadow = structure 
docs/views/VERDICT_LEDGER.md	knot-in-s3	692	| `B1117` | THE ADELIC OBJECT (the OWNER'S frame, verified: ADELIC_OBJECT.md, the 7th memo, cloud seat + this bench): the object is adelic (Reid arithmeticity the license; Gamma in PSL(2,Z[omega]), K=Q(sqrt-3)) -- finite shadow = structure 
docs/views/VERDICT_LEDGER.md	spin	693	| `B1118` | THE DEFLATION RUN (DEFLATION_RUN.md harvest, 6th memo; P-bit reproduced this bench): B1102's 18 hypercharge directions = 2 orbits of 9 under S3xS3, FUSED to one by THE MIRROR (swap-ideals composed with su(3)-conjugation = neg.bl
docs/views/VERDICT_LEDGER.md	spin	696	| `B1122` | L179 THE LIFT-BIT METER (a thesis cell, clean NEGATIVE): does the t-meter mechanism (free-of-one = forced-of-pair, B1113) extend to the spin lift bit (B1112)? PAIR-INVISIBLE -- NO. The lift's entire content is the sign operator 
docs/views/VERDICT_LEDGER.md	orientation	697	| `B1123` | THE FORCEDNESS CENSUS (harvest from cc3 branch b775 / 27d9ceb9; owner-directed 'we proved it over and over and somehow we lost it'; verified this bench): a checker regenerates the census from docs/THEOREM_LEDGER.md's 43 link lab
docs/views/VERDICT_LEDGER.md	amphichiral	699	| `B1125` | V-2 COMPACT COLOR (value-campaign cell, answering C-AR1): does any sign-lift give COMPACT su(3) color? NO over the LINEAR torsor, and the negative names its own successor. Exhaustive over 48 verified elements (2 Chevalley-automo
docs/views/VERDICT_LEDGER.md	orientable	709	| `B1136` | THE GENERICITY CONTROL TURNED ON THE OBJECT'S OWN WINS (cc3's B8128, owner-elected; verified TWO-BENCH via an independent SnapPy census on this bench): over the shape-field family = the 14 orientable cusped census manifolds with
docs/views/VERDICT_LEDGER.md	amphichiral	709	| `B1136` | THE GENERICITY CONTROL TURNED ON THE OBJECT'S OWN WINS (cc3's B8128, owner-elected; verified TWO-BENCH via an independent SnapPy census on this bench): over the shape-field family = the 14 orientable cusped census manifolds with
docs/views/VERDICT_LEDGER.md	chern-simons	709	| `B1136` | THE GENERICITY CONTROL TURNED ON THE OBJECT'S OWN WINS (cc3's B8128, owner-elected; verified TWO-BENCH via an independent SnapPy census on this bench): over the shape-field family = the 14 orientable cusped census manifolds with
docs/views/VERDICT_LEDGER.md	spin	710	| `B1138` | THE STRUCTURAL COMPLETION (cloud seat's phase-III structural memos 11 FORK_THEOREM, 14 AMBIENT_LADDER, 13 Y_SELECTION, 15 FAMILY_TRIPLET; golden_gate 577712f; verified TWO-BENCH, own code, no discrepancy) -- what the real-form c
docs/views/VERDICT_LEDGER.md	orientable	712	| `B1141` | THE SPIN PAYMENT (cloud seat's 28th memo, hostile-verified TWO-BENCH on this bench with own code — own relator search, own exact intertwiner-rank, own norm-form + chi-parity proofs; SnapPy + exact-symbolic + 50-digit-numeric, th
docs/views/VERDICT_LEDGER.md	spin	712	| `B1141` | THE SPIN PAYMENT (cloud seat's 28th memo, hostile-verified TWO-BENCH on this bench with own code — own relator search, own exact intertwiner-rank, own norm-form + chi-parity proofs; SnapPy + exact-symbolic + 50-digit-numeric, th
docs/views/VERDICT_LEDGER.md	gieseking	712	| `B1141` | THE SPIN PAYMENT (cloud seat's 28th memo, hostile-verified TWO-BENCH on this bench with own code — own relator search, own exact intertwiner-rank, own norm-form + chi-parity proofs; SnapPy + exact-symbolic + 50-digit-numeric, th
docs/views/VERDICT_LEDGER.md	spin	714	| `B1144` | THE ADOPTION-LAYER CORRECTION: four adoption-layer errors in the phase-III digest (B1138-B1143), from the cloud's CORPUS_ADOPTION_AUDIT (golden_gate d537790), verified on this bench -- three from the cloud's PRIMARY certificates
docs/views/VERDICT_LEDGER.md	spin	715	| `B1145` | SP-2: the object's beat closes EXACTLY on the fermion-capable odd A1/su(6) stratum's 27 over the beat-selected spin lift (cloud memo 29; sealed prereg sha256 c384dd3e derived BLIND, before memo-29 contact; verified THREE indepen
docs/views/VERDICT_LEDGER.md	spin	716	| `B1146` | SEAM-B (own-bench, exact; first of the three sealed seams, THREE_SEAMS_PREREG sha256 e699ebc79c06a823): the 2T-vs-A4 distinction is the object's own -I (the 2T center), visible on BOTH the 27 and the 78 for the object's fermion-
docs/views/VERDICT_LEDGER.md	spin	718	| `B1148` | THE CARRIER HARVEST: cloud memos 41-48 (origin/outside-bench d3c99640) verified by REPRODUCTION -- all 8 self-contained certificates re-run on this bench's pyenv reproduce byte-identical. The batch builds toward the internal->sp
docs/views/VERDICT_LEDGER.md	orientation	725	| `B1182` | C4' RESOLVED POSITIVE (the cell the three-seat convergence specified; run on the owner's back-to-the-math GO). THE THEOREM: the sqrt(-3)-internal pair -- the frame V4 = <c,r> (chirality x reversal, B1024/B1029) and the branch V4
docs/views/VERDICT_LEDGER.md	orientation	726	| `B1183` | THE ONE-CLASS THEOREM (cell 2 of the remaining-math queue; B1174's hatch 1; B1169's S1 last rung). THE THEOREM: the QP-4 no-self-closure obstruction (B760: no object-native operation canonically signs the chord/theta-odd sector)
docs/views/VERDICT_LEDGER.md	amphichiral	726	| `B1183` | THE ONE-CLASS THEOREM (cell 2 of the remaining-math queue; B1174's hatch 1; B1169's S1 last rung). THE THEOREM: the QP-4 no-self-closure obstruction (B760: no object-native operation canonically signs the chord/theta-odd sector)
docs/views/VERDICT_LEDGER.md	orientation	727	| `B1184` | THE QUINE SYNTHESIS -- SELF-NAMING WITHOUT SELF-SIGNING (the S4 rung dispositioned; the observer layer's four-rung table closes). THE CORRECTION FIRST: the register carried 'QP-1 (the quine) open' -- STALE: QP-1 was RUN and verd
docs/views/VERDICT_LEDGER.md	orientable	729	| `B1186` | THE FAMILY-DEFINITION CELL CLOSED (harvests cc3 B8152, verify-don't-trust, with a ONE-MEMBER CORRECTION): the two criteria are STRICTLY NESTED -- (A) all-regular-ideal, |A| = 77, inside (B) shape field in Q(sqrt-3) -- and Paper 
docs/views/VERDICT_LEDGER.md	amphichiral	729	| `B1186` | THE FAMILY-DEFINITION CELL CLOSED (harvests cc3 B8152, verify-don't-trust, with a ONE-MEMBER CORRECTION): the two criteria are STRICTLY NESTED -- (A) all-regular-ideal, |A| = 77, inside (B) shape field in Q(sqrt-3) -- and Paper 
docs/views/VERDICT_LEDGER.md	orientation	731	| `B1188` | THE GRAND-COMPUTATION RETRIEVAL (the observer campaign's Phase 0, owner-directed 'close this forever'): a six-lens full-corpus sweep (1092 verdicted arcs) + one new computation + the standing ledger. THE SWEEP'S HEADLINE: the ob
docs/views/VERDICT_LEDGER.md	det-minus-1	732	| `B1189` | THE CLOSE-LOOP BATCH 1 (the grand-computation campaign's first five cells, each adversarially verified by two lenses; 4/5 survive cleanly and the fifth's lone refutation was a verifier boolean slip whose text CONFIRMS the magnit
docs/views/VERDICT_LEDGER.md	sl2c-lift	732	| `B1189` | THE CLOSE-LOOP BATCH 1 (the grand-computation campaign's first five cells, each adversarially verified by two lenses; 4/5 survive cleanly and the fifth's lone refutation was a verifier boolean slip whose text CONFIRMS the magnit
docs/views/VERDICT_LEDGER.md	knot-in-s3	732	| `B1189` | THE CLOSE-LOOP BATCH 1 (the grand-computation campaign's first five cells, each adversarially verified by two lenses; 4/5 survive cleanly and the fifth's lone refutation was a verifier boolean slip whose text CONFIRMS the magnit
docs/views/VERDICT_LEDGER.md	orientation	733	| `B1190` | THE CLOSE-LOOP BATCH 2 (the hard cells; 1/5 survived its own lenses -- the refutations are the content, E52 running live inside the loop): GC-6 THE L154 BRIDGE (PARTIAL, synthesis REFUTED): the exact arithmetic all verified lens
docs/views/VERDICT_LEDGER.md	orientable	733	| `B1190` | THE CLOSE-LOOP BATCH 2 (the hard cells; 1/5 survived its own lenses -- the refutations are the content, E52 running live inside the loop): GC-6 THE L154 BRIDGE (PARTIAL, synthesis REFUTED): the exact arithmetic all verified lens
docs/views/VERDICT_LEDGER.md	chern-simons	733	| `B1190` | THE CLOSE-LOOP BATCH 2 (the hard cells; 1/5 survived its own lenses -- the refutations are the content, E52 running live inside the loop): GC-6 THE L154 BRIDGE (PARTIAL, synthesis REFUTED): the exact arithmetic all verified lens
docs/views/VERDICT_LEDGER.md	double-cover	733	| `B1190` | THE CLOSE-LOOP BATCH 2 (the hard cells; 1/5 survived its own lenses -- the refutations are the content, E52 running live inside the loop): GC-6 THE L154 BRIDGE (PARTIAL, synthesis REFUTED): the exact arithmetic all verified lens
docs/views/VERDICT_LEDGER.md	orientation	734	| `B1191` | THE CLOSE-LOOP BATCH 3 -- THE GRAND COMPUTATION v0 LANDS (docs/GRAND_COMPUTATION_v0.md): the universe in the object's own units, six sections (arena+clock in ticks of the one generator A1=RL / the meter with the whole 112-family
docs/views/VERDICT_LEDGER.md	spin	734	| `B1191` | THE CLOSE-LOOP BATCH 3 -- THE GRAND COMPUTATION v0 LANDS (docs/GRAND_COMPUTATION_v0.md): the universe in the object's own units, six sections (arena+clock in ticks of the one generator A1=RL / the meter with the whole 112-family
docs/views/VERDICT_LEDGER.md	orientation	735	| `B1192` | THE CLOSE-LOOP BATCH 4 -- THE RELATIONAL BIT EXISTS (the campaign's crown positive, lens-scoped): for the heterogeneous pair (A, M1) = (the object [[2,1],[1,1]], the sqrt3-side partner [[2,3],[1,2]] -- disc 12, the k11-fixed fie
docs/views/VERDICT_LEDGER.md	det-minus-1	735	| `B1192` | THE CLOSE-LOOP BATCH 4 -- THE RELATIONAL BIT EXISTS (the campaign's crown positive, lens-scoped): for the heterogeneous pair (A, M1) = (the object [[2,1],[1,1]], the sqrt3-side partner [[2,3],[1,2]] -- disc 12, the k11-fixed fie
docs/views/VERDICT_LEDGER.md	chern-simons	736	| `B1193` | THE TWO CAMPAIGNS RECONCILED: the owner's grand-computation directive ran through both seats blind and the independent runs CONVERGE where it matters (lambda = THE residue per both seats -- the day's strongest cross-seat signal;
docs/views/VERDICT_LEDGER.md	chern-simons	737	| `B1194` | THE EXISTENCE AUDIT (owner-directed: no 'missing' without exhausting the repo; six lenses + twelve adversarial checks, archived verbatim): THE HAVE list is twelve rows deep (arena law, one-generator clock, the integer meter with
docs/views/VERDICT_LEDGER.md	chern-simons	738	| `B1195` | CLOSE-LOOP BATCH 5A (the five highest-leverage closes, merged with cloud's routes at their 9915068b): (1) SEAM-A's CS=0 DOOR SHARPENED (lens-scoped) -- the object's b=1 partition function factorizes as Z = (omega/sqrt-3) * 2 sin
docs/views/VERDICT_LEDGER.md	chern-simons	740	| `B1197` | THE CLOCK-COHERENCE RUN (route B4, the D2 gate; executed the moment 5A returned): SPLIT VERDICT -- the named primary test PASSES and the full census check FAILS, so neither declared outcome fires cleanly and D2 sharpens into a s
docs/views/VERDICT_LEDGER.md	amphichiral	741	| `B1199` | THE REGISTER READS + L188 CLOSED (three cells, each graded at what survived its two adversarial lenses). GC-29 -- R5's 'buried live law': the burial was real but THE OPENNESS IS STALE, confirmed independently by the lens: B775 (
docs/views/VERDICT_LEDGER.md	orientation	743	| `B1201` | THE LEE VERIFICATION CORRECTS B1198, AND THE CROSS-SEAT HARVEST CLOSES CLEAN. R52-3, THE READING (full v1 text, sections 7.3-7.5 + Appendix A, 345k chars): (a) THE TANGENTIAL BASE POINT IS NOT FREE FOR OUR OBJECT -- IT IS UNIQUE
docs/views/VERDICT_LEDGER.md	amphichiral	743	| `B1201` | THE LEE VERIFICATION CORRECTS B1198, AND THE CROSS-SEAT HARVEST CLOSES CLEAN. R52-3, THE READING (full v1 text, sections 7.3-7.5 + Appendix A, 345k chars): (a) THE TANGENTIAL BASE POINT IS NOT FREE FOR OUR OBJECT -- IT IS UNIQUE
docs/views/VERDICT_LEDGER.md	chern-simons	743	| `B1201` | THE LEE VERIFICATION CORRECTS B1198, AND THE CROSS-SEAT HARVEST CLOSES CLEAN. R52-3, THE READING (full v1 text, sections 7.3-7.5 + Appendix A, 345k chars): (a) THE TANGENTIAL BASE POINT IS NOT FREE FOR OUR OBJECT -- IT IS UNIQUE
docs/views/VERDICT_LEDGER.md	double-cover	743	| `B1201` | THE LEE VERIFICATION CORRECTS B1198, AND THE CROSS-SEAT HARVEST CLOSES CLEAN. R52-3, THE READING (full v1 text, sections 7.3-7.5 + Appendix A, 345k chars): (a) THE TANGENTIAL BASE POINT IS NOT FREE FOR OUR OBJECT -- IT IS UNIQUE
docs/views/VERDICT_LEDGER.md	spin	746	| `B1218` | THE OPEN-CLAIM SWEEP (owner-directed 'run it', the sequel to the hand-aimed pass that found five locks): already_banked.py is mandatory before writing MISSING/OPEN but must be AIMED -- it only checks what a seat thought to check
docs/views/VERDICT_LEDGER.md	orientable	750	| `B1224` | A GATE OF OURS KILLED A POSITIVE, AND THE RECOVERED RESULT IS SHARPER THAN THE ORIGINAL (owner-prompted: 'make sure our gates are not killing positives'). B1222 refuted the symmetry-implies-vanishing thesis using symmetry-group 
docs/views/VERDICT_LEDGER.md	amphichiral	750	| `B1224` | A GATE OF OURS KILLED A POSITIVE, AND THE RECOVERED RESULT IS SHARPER THAN THE ORIGINAL (owner-prompted: 'make sure our gates are not killing positives'). B1222 refuted the symmetry-implies-vanishing thesis using symmetry-group 
docs/views/VERDICT_LEDGER.md	chern-simons	750	| `B1224` | A GATE OF OURS KILLED A POSITIVE, AND THE RECOVERED RESULT IS SHARPER THAN THE ORIGINAL (owner-prompted: 'make sure our gates are not killing positives'). B1222 refuted the symmetry-implies-vanishing thesis using symmetry-group 
docs/views/VERDICT_LEDGER.md	chern-simons	751	| `B1225` | NOTHING IS HIDING: NO SYMMETRY READABLE OFF THE OBJECT CAN SELECT WITHIN ITS OWN CANONICAL CLASS (owner's question: what is hiding that would force the top breakthrough and solve everything downstream). THE STANDING OPEN ITEM: M
docs/views/VERDICT_LEDGER.md	orientation	752	| `B1226` | THE BETA-ODD BOX: THE SCALE WALL IS NOT A SYMMETRY THEOREM, AND EVERY PROBE EVER FIRED AT THE OBJECT'S ONE LIVE CHANNEL DEMANDED THE WRONG TYPE (owner-directed: the SM parameter count is a category error). CELL 1 -- B1012's bank
docs/views/VERDICT_LEDGER.md	orient-reversing	752	| `B1226` | THE BETA-ODD BOX: THE SCALE WALL IS NOT A SYMMETRY THEOREM, AND EVERY PROBE EVER FIRED AT THE OBJECT'S ONE LIVE CHANNEL DEMANDED THE WRONG TYPE (owner-directed: the SM parameter count is a category error). CELL 1 -- B1012's bank
docs/views/VERDICT_LEDGER.md	amphichiral	752	| `B1226` | THE BETA-ODD BOX: THE SCALE WALL IS NOT A SYMMETRY THEOREM, AND EVERY PROBE EVER FIRED AT THE OBJECT'S ONE LIVE CHANNEL DEMANDED THE WRONG TYPE (owner-directed: the SM parameter count is a category error). CELL 1 -- B1012's bank
docs/views/VERDICT_LEDGER.md	chern-simons	752	| `B1226` | THE BETA-ODD BOX: THE SCALE WALL IS NOT A SYMMETRY THEOREM, AND EVERY PROBE EVER FIRED AT THE OBJECT'S ONE LIVE CHANNEL DEMANDED THE WRONG TYPE (owner-directed: the SM parameter count is a category error). CELL 1 -- B1012's bank
docs/views/VERDICT_LEDGER.md	det-minus-1	752	| `B1226` | THE BETA-ODD BOX: THE SCALE WALL IS NOT A SYMMETRY THEOREM, AND EVERY PROBE EVER FIRED AT THE OBJECT'S ONE LIVE CHANNEL DEMANDED THE WRONG TYPE (owner-directed: the SM parameter count is a category error). CELL 1 -- B1012's bank
docs/views/VERDICT_LEDGER.md	complex-volume	752	| `B1226` | THE BETA-ODD BOX: THE SCALE WALL IS NOT A SYMMETRY THEOREM, AND EVERY PROBE EVER FIRED AT THE OBJECT'S ONE LIVE CHANNEL DEMANDED THE WRONG TYPE (owner-directed: the SM parameter count is a category error). CELL 1 -- B1012's bank
docs/views/VERDICT_LEDGER.md	amphichiral	753	| `B1227` | ONE THEOREM, TWO REGIMES: B1224 AND B1225'S MISSING KEYSTONE ARE THE SAME STATEMENT IN DIFFERENT VALUE GROUPS, AND THE CONNECTION CLOSES A CRACK THIS BENCH OPENED THIS MORNING. THE THEOREM, elementary: for M amphichiral the mirr
docs/views/VERDICT_LEDGER.md	chern-simons	753	| `B1227` | ONE THEOREM, TWO REGIMES: B1224 AND B1225'S MISSING KEYSTONE ARE THE SAME STATEMENT IN DIFFERENT VALUE GROUPS, AND THE CONNECTION CLOSES A CRACK THIS BENCH OPENED THIS MORNING. THE THEOREM, elementary: for M amphichiral the mirr
docs/views/VERDICT_LEDGER.md	chern-simons	754	| `B1231` | THE IDENTIFICATION DISCIPLINE -- the programme's dominant error mode, named, instrumented, ratcheted, and applied FIRST to this bench's own two failures. Owner-approved plan. THE DIAGNOSIS: this programme SUCCEEDS WHEN IT TYPES 
docs/views/VERDICT_LEDGER.md	orientation	766	| `B22` | The -1 parity eigenvalue is generic for all orientation-reversing symmetric-square lifts, killing any special parity-particle reading. |  | 0 |
docs/views/VERDICT_LEDGER.md	orient-reversing	766	| `B22` | The -1 parity eigenvalue is generic for all orientation-reversing symmetric-square lifts, killing any special parity-particle reading. |  | 0 |
docs/views/VERDICT_LEDGER.md	chern-simons	806	| `B139` | Multiplicity cannot supply the SM's simple non-abelian factor or irreducible chirality: the mirror preserves every computed invariant except the Chern-Simons sign. |  | 1 |
docs/views/VERDICT_LEDGER.md	orientation	807	| `B140` | The chirality firewall is genus-general (the genus-2 escape hope is refuted by the orientation-reversal theorem), and phi-discrete versus phi-squared-bundle is the principled split. |  | 1 |
docs/views/VERDICT_LEDGER.md	orientation	808	| `B143` | The algebraic trace venue is structurally mirror-blind, so the chirality-of-interactions campaign cannot run there and needs orientation-sensitive topological tooling not yet installed. |  | 1 |
docs/views/VERDICT_LEDGER.md	amphichiral	810	| `B145` | Chirality cannot be forced: over the catalogued once-punctured-torus bundles the canonical/minimal locus coincides with the self-mirror (amphichiral) family. |  | 1 |
docs/views/VERDICT_LEDGER.md	orientation	811	| `B146` | B145's arithmeticity arm and its 'forced implies self-mirror' slogan are refuted; the surviving statement is the orientation-independence dichotomy. |  | 1 |
docs/views/VERDICT_LEDGER.md	spin	833	| `B231` | The metallic levels k=m²+2 confer no special chain structure for m≥2; the metallic mean equals the spin-½ quantum dimension iff m=1. |  | 0 |
docs/views/VERDICT_LEDGER.md	sl2c-lift	840	| `B247` | The V1 'E₆→SM' claim fails: the long-SU(2) centralizer is a generic SU(6), and the hyperbolic SL(2,ℂ) holonomy cannot embed in compact E₆ at all. |  | 0 |
docs/views/VERDICT_LEDGER.md	spin	843	| `B280` | 2T spin-3/2 branches as 2+2 (two distinct doublets), not triplet+singlet, killing the 'three generations plus Higgs from A₄/2T spin-3/2' reading. |  | 1 |
docs/views/VERDICT_LEDGER.md	sl2c-lift	861	| `B331` | The generation-permuting order-3 element is elliptic and conjugate to its inverse, forcing chi_27(g) real and n1=n2 in every representation - closing the proposed SL(2,C)/holomorphic escape for the object's own lift. |  | 1 |
docs/views/VERDICT_LEDGER.md	chern-simons	864	| `B339` | The CS Dehn-filling flow's sub-leading coefficient is rational 1/24 = 1/(2h(E6)) with all even terms zero — the hoped-for sqrt(-3) signature is absent. |  | 1 |
docs/views/VERDICT_LEDGER.md	spin	870	| `B364` | The control killed the conclusion: the square theta family is equally T-stable and carries the canonical lift's multiplier, so T-stability forces neither lift; the two lifts are two polarizations and L57 becomes a spin-structure 
docs/views/VERDICT_LEDGER.md	complex-volume	911	| `B458` | Every non-geometric SL(3) component of the figure-eight, including the Q(sqrt-7) pair, has complex volume 0 + i*0, while the 5_2 control is generically nonzero - there is no internal component-level asymmetry to decompose. |  | 1
docs/views/VERDICT_LEDGER.md	amphichiral	959	| `B611` | Both sealed predictions failed: amphichirality-implies-conjugation-closure breaks on a degenerate one-dimensional edge, and the unit-circle-departure candidate is vacuous since B_odd is unitary by construction. |  | 1 |
docs/views/VERDICT_LEDGER.md	amphichiral	965	| `B643` | The amphichiral flip is not a symmetry of the weld double: no invertible global companion exists (solution dimension 1, singular) in either involution class. |  | 0 |
docs/views/VERDICT_LEDGER.md	orientation	967	| `B658` | Both order-4 orientation-reversing families break on the weld double's 27 local system (solution dimension 1, supported on Sym^0), making wall 8 total. |  | 1 |
docs/views/VERDICT_LEDGER.md	orient-reversing	967	| `B658` | Both order-4 orientation-reversing families break on the weld double's 27 local system (solution dimension 1, supported on Sym^0), making wall 8 total. |  | 1 |
docs/views/VERDICT_LEDGER.md	amphichiral	970	| `B669` | Chiral words' certificate ladders are bounded exactly like the amphichiral one, refuting the amphichiral-suppression mechanism; boundedness is word-universal periodicity. |  | 1 |
docs/views/VERDICT_LEDGER.md	amphichiral	974	| `B678` | The full 8x12 ladder census shows no growth in any of 96 cells, refuting chat1's amphichiral-suppression mechanism at every level, convergent with B669. | yes | 1 |
docs/views/VERDICT_LEDGER.md	amphichiral	984	| `B713` | Chirality is not in the amphichiral object: triality is gauge-only, sigma_omega vanishes identically, and 'which chirality' is a non-canonical Galois torsor bit. |  | 0 |
docs/views/VERDICT_LEDGER.md	chern-simons	1016	| `B813` | The direct CS(m004)=θ_QCD dictionary is refuted on type: a fixed PSL(2,ℂ) geometric invariant cannot fill the coefficient slot of e^{iθW(A)}, whose functional slot a Chern–Simons object already occupies. |  | 1 |
docs/views/VERDICT_LEDGER.md	sl2c-lift	1016	| `B813` | The direct CS(m004)=θ_QCD dictionary is refuted on type: a fixed PSL(2,ℂ) geometric invariant cannot fill the coefficient slot of e^{iθW(A)}, whose functional slot a Chern–Simons object already occupies. |  | 1 |
docs/views/VERDICT_LEDGER.md	orientation	1023	| `B849` | The claimed beta=1 SSB has NO order parameter at the manifold level -- CS(m004)=0 and amphichirality forces every orientation-odd invariant to 2-torsion (nine chiral controls confirm the instrument sees nonzero) -- and the nomina
docs/views/VERDICT_LEDGER.md	amphichiral	1023	| `B849` | The claimed beta=1 SSB has NO order parameter at the manifold level -- CS(m004)=0 and amphichirality forces every orientation-odd invariant to 2-torsion (nine chiral controls confirm the instrument sees nonzero) -- and the nomina
docs/views/VERDICT_LEDGER.md	chern-simons	1023	| `B849` | The claimed beta=1 SSB has NO order parameter at the manifold level -- CS(m004)=0 and amphichirality forces every orientation-odd invariant to 2-torsion (nine chiral controls confirm the instrument sees nonzero) -- and the nomina
docs/views/VERDICT_LEDGER.md	orientation	1032	| `B945` | L126 -- ONE Z/2 OR TWO? OUTCOME INDEPENDENT against a criterion sealed and pushed (57be2252, sha-256 48732158...) BEFORE any cell ran, with the prior declared SPLIT and the convenient answer named in advance as the one that must 
docs/views/VERDICT_LEDGER.md	amphichiral	1032	| `B945` | L126 -- ONE Z/2 OR TWO? OUTCOME INDEPENDENT against a criterion sealed and pushed (57be2252, sha-256 48732158...) BEFORE any cell ran, with the prior declared SPLIT and the convenient answer named in advance as the one that must 
docs/views/VERDICT_LEDGER.md	spin	1041	| `B996` | THE GRAMMAR-LEVEL CONTROL: ACCESS TO THE McKAY GROUP IS GENERIC ACROSS THE METALLIC FAMILY. P0: a census of GRAMMARS (metallic words R^m L^m and their mod-N shadows in SL(2,Z/N)), not of manifolds -- the population the owner iden
docs/views/VERDICT_LEDGER.md	amphichiral	1047	| `B1064` | O3 — OBSTRUCTED-AT-TORUS, the obstruction named exactly on two independent banked legs: (1) the object amphichirality DELETES the quantized sector of its own boundary action (CS = 0 forces dS/dk = 0 identically, B1012) and ratio
docs/views/VERDICT_LEDGER.md	chern-simons	1047	| `B1064` | O3 — OBSTRUCTED-AT-TORUS, the obstruction named exactly on two independent banked legs: (1) the object amphichirality DELETES the quantized sector of its own boundary action (CS = 0 forces dS/dk = 0 identically, B1012) and ratio
docs/views/VERDICT_LEDGER.md	amphichiral	1052	| `B1108` | C5 CLOSED NEGATIVE (harvest of the audit seat's B8115 reading + the banking seat's independent source verification, arXiv:1905.13610: coefficients Z/nZ finite cyclic, compact-support cohomology for real places, zero archimedean 
docs/views/VERDICT_LEDGER.md	chern-simons	1052	| `B1108` | C5 CLOSED NEGATIVE (harvest of the audit seat's B8115 reading + the banking seat's independent source verification, arXiv:1905.13610: coefficients Z/nZ finite cyclic, compact-support cohomology for real places, zero archimedean 
docs/views/VERDICT_LEDGER.md	spin	1054	| `B1140` | THE 64 ORGANIZED (cloud seat's twenty-seventh memo, the finale of its loop; golden_gate head 449ece8, on no shared remote; verified TWO-BENCH, own code, slot-independent, no discrepancy). B1134's relay -- 'the 64 fixed dimension
docs/views/VERDICT_LEDGER.md	sl2c-lift	1057	| `B1157` | WF-2 (the dynamics; the masterplan's 2nd workflow, 8 agents), sealed DECIDABLE-RESULT, banked as a productive NEGATIVE. THE FIREWALL VERDICT: the object supplies NO parameter-free dynamical law at the archimedean infinity-place 
docs/views/VERDICT_LEDGER.md	orientation	1058	| `B1165` | THE TERMINAL GRAVITY PROBE (sec-E), owner-directed to a typed close. THE FIREWALL VERDICT = GENERIC-RHYME: the observer's archimedean closing is CO-LOCATED with the object's gravitational sector at the infinity-place, NOT object
docs/views/VERDICT_LEDGER.md	sl2c-lift	1058	| `B1165` | THE TERMINAL GRAVITY PROBE (sec-E), owner-directed to a typed close. THE FIREWALL VERDICT = GENERIC-RHYME: the observer's archimedean closing is CO-LOCATED with the object's gravitational sector at the infinity-place, NOT object
docs/views/VERDICT_LEDGER.md	knot-in-s3	1058	| `B1165` | THE TERMINAL GRAVITY PROBE (sec-E), owner-directed to a typed close. THE FIREWALL VERDICT = GENERIC-RHYME: the observer's archimedean closing is CO-LOCATED with the object's gravitational sector at the infinity-place, NOT object
docs/views/VERDICT_LEDGER.md	orientation	1059	| `B1174` | THE Z/2-IDENTIFICATION CELL (R50-3; the register's Q1 = B1169's S1, double-discovered by the sweep and the meditation independently). THE HYPOTHESIS AS POSED -- the four program Z/2's (B942 chirality/Gal(K/Q), B957 value torsor,
docs/views/VERDICT_LEDGER.md	orientation	1062	| `B1209` | THE LEE VERIFICATION (R52-3 discharged; the E37 CITED/UNVERIFIED grade B1198 carried is paid -- the paper was OBTAINED AND READ on this bench, not cited from an abstract). THREE QUESTIONS ANSWERED FROM THE SOURCE. (Q1) THE ADMIS
docs/views/VERDICT_LEDGER.md	chern-simons	1062	| `B1209` | THE LEE VERIFICATION (R52-3 discharged; the E37 CITED/UNVERIFIED grade B1198 carried is paid -- the paper was OBTAINED AND READ on this bench, not cited from an abstract). THREE QUESTIONS ANSWERED FROM THE SOURCE. (Q1) THE ADMIS
docs/views/VERDICT_LEDGER.md	complex-volume	1062	| `B1209` | THE LEE VERIFICATION (R52-3 discharged; the E37 CITED/UNVERIFIED grade B1198 carried is paid -- the paper was OBTAINED AND READ on this bench, not cited from an abstract). THREE QUESTIONS ANSWERED FROM THE SOURCE. (Q1) THE ADMIS
docs/views/VERDICT_LEDGER.md	orientable	1063	| `B1222` | 'THE SELECTION IS THE OBSTRUCTION' -- a unifying thesis for the programme's ~65 proved vanishings, proposed with three kill conditions named IN ADVANCE, and killed by them. THE THESIS: every vanishing (CS=0, Delta=I, dS/dk=0, th
docs/views/VERDICT_LEDGER.md	amphichiral	1063	| `B1222` | 'THE SELECTION IS THE OBSTRUCTION' -- a unifying thesis for the programme's ~65 proved vanishings, proposed with three kill conditions named IN ADVANCE, and killed by them. THE THESIS: every vanishing (CS=0, Delta=I, dS/dk=0, th
docs/views/VERDICT_LEDGER.md	chern-simons	1063	| `B1222` | 'THE SELECTION IS THE OBSTRUCTION' -- a unifying thesis for the programme's ~65 proved vanishings, proposed with three kill conditions named IN ADVANCE, and killed by them. THE THESIS: every vanishing (CS=0, Delta=I, dS/dk=0, th
docs/views/VERDICT_LEDGER.md	chern-simons	1095	| `B707` | Literature synthesis identifies arithmetic Chern-Simons (Kim), Scholze's Habiro ring and Lee's motives as the program's top-down twin; three bridge tests named, none run. |  | 0 |
docs/views/VERDICT_LEDGER.md	chern-simons	1113	| `B1155` | SEAM-A (THE PRIZE) = INDETERMINATE, leaning MISMATCH. The seam asks whether codex's heterotic realization (its Q(zeta12)/dP6xdP6 structure) is the ARCHIMEDEAN infinite-place of the adelic object m004 (matching the arithmetic Che
docs/views/VERDICT_LEDGER.md	amphichiral	1114	| `B1156` | SEAM-A Gate 2 (the prize crossing), sharpened by the WF-1 adversarial workflow (10 agents; 3 scouts -> 2 attempts -> 3 refuters -> seal): the a-priori MISMATCH that B1155 leaned on is REFUTED (2 of 3 lenses). That MISMATCH -- 'a
docs/views/VERDICT_LEDGER.md	chern-simons	1114	| `B1156` | SEAM-A Gate 2 (the prize crossing), sharpened by the WF-1 adversarial workflow (10 agents; 3 scouts -> 2 attempts -> 3 refuters -> seal): the a-priori MISMATCH that B1155 leaned on is REFUTED (2 of 3 lenses). That MISMATCH -- 'a
docs/views/VERDICT_LEDGER.md	orientation	1119	| `B1163` | The W0 construction ATTEMPT (owner: 'can we specialize ourselves and do the missing archimedean W'; WF W0-construct, 7 agents). SEAL = PARTIAL: no W0 constructed, but all three routes CONVERGE on ONE missing datum -- an object-c
docs/views/VERDICT_LEDGER.md	amphichiral	1119	| `B1163` | The W0 construction ATTEMPT (owner: 'can we specialize ourselves and do the missing archimedean W'; WF W0-construct, 7 agents). SEAL = PARTIAL: no W0 constructed, but all three routes CONVERGE on ONE missing datum -- an object-c
docs/views/VERDICT_LEDGER.md	chern-simons	1119	| `B1163` | The W0 construction ATTEMPT (owner: 'can we specialize ourselves and do the missing archimedean W'; WF W0-construct, 7 agents). SEAL = PARTIAL: no W0 constructed, but all three routes CONVERGE on ONE missing datum -- an object-c
docs/views/VERDICT_LEDGER.md	orientation	1120	| `B1164` | cc's part of the A-E masterplan (cloud owns the 5 lane cells; MC1->codex): MA2 the choice-orbit census, MD1 the firewall pin, ME3 the phase/orbit split, + the sec-E gravity placement -- each own-verified, with TWO verify-don't-t
docs/views/VERDICT_LEDGER.md	spin	1120	| `B1164` | cc's part of the A-E masterplan (cloud owns the 5 lane cells; MC1->codex): MA2 the choice-orbit census, MD1 the firewall pin, ME3 the phase/orbit split, + the sec-E gravity placement -- each own-verified, with TWO verify-don't-t
docs/views/VERDICT_LEDGER.md	amphichiral	1121	| `B1166` | cc's attack on cloud's GRAVITY_CHARTER (origin/outside-bench 60bcf01d), the two cc-assigned falsifiable sub-claims. C3 (the continuous observer freedom is ONE dilaton R+, not two moduli) = VERIFIED from two banked facts: (fact 1
docs/views/VERDICT_LEDGER.md	chern-simons	1121	| `B1166` | cc's attack on cloud's GRAVITY_CHARTER (origin/outside-bench 60bcf01d), the two cc-assigned falsifiable sub-claims. C3 (the continuous observer freedom is ONE dilaton R+, not two moduli) = VERIFIED from two banked facts: (fact 1
docs/views/VERDICT_LEDGER.md	spin	1121	| `B1166` | cc's attack on cloud's GRAVITY_CHARTER (origin/outside-bench 60bcf01d), the two cc-assigned falsifiable sub-claims. C3 (the continuous observer freedom is ONE dilaton R+, not two moduli) = VERIFIED from two banked facts: (fact 1
docs/views/VERDICT_LEDGER.md	complex-volume	1121	| `B1166` | cc's attack on cloud's GRAVITY_CHARTER (origin/outside-bench 60bcf01d), the two cc-assigned falsifiable sub-claims. C3 (the continuous observer freedom is ONE dilaton R+, not two moduli) = VERIFIED from two banked facts: (fact 1
docs/views/VERDICT_LEDGER.md	orientation	1122	| `B1167` | Two-seat harvest (integrate-don't-merge, owner-approved). (A) codex R017 (codex/seat-r001 b7faffef) pays the SEAM-Y up-Yukawa PROVENANCE debt (B1154/B1159-D1/R49-1): the two height-308 primary derivations + self-contained certs 
docs/views/VERDICT_LEDGER.md	orientation	1123	| `B1168` | The C5 investigation (owner-directed: 'C5 is not just a choice, investigate further'). RESULT: the object/observer boundary at the archimedean (infinity) place is NOT a definitional choice -- it is a MIRROR-PARITY x DIMENSION la
docs/views/VERDICT_LEDGER.md	orient-reversing	1123	| `B1168` | The C5 investigation (owner-directed: 'C5 is not just a choice, investigate further'). RESULT: the object/observer boundary at the archimedean (infinity) place is NOT a definitional choice -- it is a MIRROR-PARITY x DIMENSION la
docs/views/VERDICT_LEDGER.md	amphichiral	1123	| `B1168` | The C5 investigation (owner-directed: 'C5 is not just a choice, investigate further'). RESULT: the object/observer boundary at the archimedean (infinity) place is NOT a definitional choice -- it is a MIRROR-PARITY x DIMENSION la
docs/views/VERDICT_LEDGER.md	chern-simons	1123	| `B1168` | The C5 investigation (owner-directed: 'C5 is not just a choice, investigate further'). RESULT: the object/observer boundary at the archimedean (infinity) place is NOT a definitional choice -- it is a MIRROR-PARITY x DIMENSION la
docs/views/VERDICT_LEDGER.md	complex-volume	1123	| `B1168` | The C5 investigation (owner-directed: 'C5 is not just a choice, investigate further'). RESULT: the object/observer boundary at the archimedean (infinity) place is NOT a definitional choice -- it is a MIRROR-PARITY x DIMENSION la
docs/views/VERDICT_LEDGER.md	orientation	1124	| `B1169` | The qualia/parity SYNTHESIS (owner-directed; all seats to verify). This week's four arcs (B1165-B1168) fold back into the observer-closure spine. SOLID CORE (own-verified + banked-cited): (1) the parity facts (B1168) -- Vol & cu
docs/views/VERDICT_LEDGER.md	amphichiral	1124	| `B1169` | The qualia/parity SYNTHESIS (owner-directed; all seats to verify). This week's four arcs (B1165-B1168) fold back into the observer-closure spine. SOLID CORE (own-verified + banked-cited): (1) the parity facts (B1168) -- Vol & cu
docs/views/VERDICT_LEDGER.md	chern-simons	1124	| `B1169` | The qualia/parity SYNTHESIS (owner-directed; all seats to verify). This week's four arcs (B1165-B1168) fold back into the observer-closure spine. SOLID CORE (own-verified + banked-cited): (1) the parity facts (B1168) -- Vol & cu
docs/views/VERDICT_LEDGER.md	orientation	1126	| `B1171` | THE SEAM HARVEST (batched integrate-don't-merge, the B1158 pattern; the lose-nothing sweep's urgent-reclaim #2 executed in one sitting). FIVE cross-seat results landed on main, each verified on this bench: (1) cc3 B8144 -- the a
docs/views/VERDICT_LEDGER.md	spin	1128	| `B1173` | THE DIGEST PARTIAL-CLOSE (owner-directed O4, the approved default). The B1060 digest ledger -- the anti-cherry-picking backbone (58 rows, fixed denominator) -- stalled at 13 EMPTY rows since 2026-08-14, holding the qor5up branch
docs/views/VERDICT_LEDGER.md	orientation	1129	| `B1175` | THE CHARTER-CLOSE HARVEST (integrate-don't-merge; cloud + codex credited). CLOUD FILED ADDENDUM 1 (their own amendment rule) -- every charter row moved on the B1165-B1173 + R018-R022 evidence: G-IDENT re-typed per B1165 (object-
docs/views/VERDICT_LEDGER.md	chern-simons	1129	| `B1175` | THE CHARTER-CLOSE HARVEST (integrate-don't-merge; cloud + codex credited). CLOUD FILED ADDENDUM 1 (their own amendment rule) -- every charter row moved on the B1165-B1173 + R018-R022 evidence: G-IDENT re-typed per B1165 (object-
docs/views/VERDICT_LEDGER.md	spin	1129	| `B1175` | THE CHARTER-CLOSE HARVEST (integrate-don't-merge; cloud + codex credited). CLOUD FILED ADDENDUM 1 (their own amendment rule) -- every charter row moved on the B1165-B1173 + R018-R022 evidence: G-IDENT re-typed per B1165 (object-
docs/views/VERDICT_LEDGER.md	gieseking	1129	| `B1175` | THE CHARTER-CLOSE HARVEST (integrate-don't-merge; cloud + codex credited). CLOUD FILED ADDENDUM 1 (their own amendment rule) -- every charter row moved on the B1165-B1173 + R018-R022 evidence: G-IDENT re-typed per B1165 (object-
docs/views/VERDICT_LEDGER.md	spin	1133	| `B1179` | R50-7's TWO GO-ABLE HALVES EXECUTED (the owner's GO; the rest of R50-7 -- the cold-pass election, the census calls' D2 sitting -- stays the owner's). (1) THE PAPERS RELAY SENT to cc3's assembly (discharging the R48-11 -> R49-7 c
docs/views/VERDICT_LEDGER.md	gieseking	1133	| `B1179` | R50-7's TWO GO-ABLE HALVES EXECUTED (the owner's GO; the rest of R50-7 -- the cold-pass election, the census calls' D2 sitting -- stays the owner's). (1) THE PAPERS RELAY SENT to cc3's assembly (discharging the R48-11 -> R49-7 c
docs/views/VERDICT_LEDGER.md	orientation	1134	| `B1180` | cc3's B8147 FAMILY-DENOMINATOR RETRACTION ADOPTED IN FULL (integrate-don't-merge; every named witness spot-verified on this bench). THE RETRACTION: the '14-manifold Q(sqrt-3) family' was never verified complete -- cc3's census s
docs/views/VERDICT_LEDGER.md	orientable	1134	| `B1180` | cc3's B8147 FAMILY-DENOMINATOR RETRACTION ADOPTED IN FULL (integrate-don't-merge; every named witness spot-verified on this bench). THE RETRACTION: the '14-manifold Q(sqrt-3) family' was never verified complete -- cc3's census s
docs/views/VERDICT_LEDGER.md	amphichiral	1134	| `B1180` | cc3's B8147 FAMILY-DENOMINATOR RETRACTION ADOPTED IN FULL (integrate-don't-merge; every named witness spot-verified on this bench). THE RETRACTION: the '14-manifold Q(sqrt-3) family' was never verified complete -- cc3's census s
docs/views/VERDICT_LEDGER.md	amphichiral	1135	| `B1181` | THE AMPHICHIRALITY DEBT CLOSED (cc3 a0a349ef, harvested same-day as the B8147 retraction it completes). The one residue B1180 flagged -- family-wide amphichirality at the corrected >=83 family, UNCHECKED -- is now CHECKED BY cc3
docs/views/VERDICT_LEDGER.md	orientation	1136	| `B1198` | THE SPECIALIST BAR'S LITERATURE HALF RETRIEVED (WebSearch returned to this bench today; on the first search against SEAM-A, B707's THIRD named-but-never-run bridge test -- 'Lee x B680/B683' -- turned out to have its object in ha
docs/views/VERDICT_LEDGER.md	amphichiral	1136	| `B1198` | THE SPECIALIST BAR'S LITERATURE HALF RETRIEVED (WebSearch returned to this bench today; on the first search against SEAM-A, B707's THIRD named-but-never-run bridge test -- 'Lee x B680/B683' -- turned out to have its object in ha
docs/views/VERDICT_LEDGER.md	chern-simons	1136	| `B1198` | THE SPECIALIST BAR'S LITERATURE HALF RETRIEVED (WebSearch returned to this bench today; on the first search against SEAM-A, B707's THIRD named-but-never-run bridge test -- 'Lee x B680/B683' -- turned out to have its object in ha
docs/views/VERDICT_LEDGER.md	complex-volume	1136	| `B1198` | THE SPECIALIST BAR'S LITERATURE HALF RETRIEVED (WebSearch returned to this bench today; on the first search against SEAM-A, B707's THIRD named-but-never-run bridge test -- 'Lee x B680/B683' -- turned out to have its object in ha
docs/views/VERDICT_LEDGER.md	knot-in-s3	1136	| `B1198` | THE SPECIALIST BAR'S LITERATURE HALF RETRIEVED (WebSearch returned to this bench today; on the first search against SEAM-A, B707's THIRD named-but-never-run bridge test -- 'Lee x B680/B683' -- turned out to have its object in ha
docs/views/VERDICT_LEDGER.md	orientation	1139	| `B1208` | THE CROSS-SEAT HARVEST (R52-2's head; seven results from three seats verified on this bench FROM MAIN'S OWN DATA, two of their derivations corrected, one of my own candidates convicted of vacuity). (1) MEMO 128, the lambda-term'
docs/views/VERDICT_LEDGER.md	orientable	1139	| `B1208` | THE CROSS-SEAT HARVEST (R52-2's head; seven results from three seats verified on this bench FROM MAIN'S OWN DATA, two of their derivations corrected, one of my own candidates convicted of vacuity). (1) MEMO 128, the lambda-term'
docs/views/VERDICT_LEDGER.md	chern-simons	1139	| `B1208` | THE CROSS-SEAT HARVEST (R52-2's head; seven results from three seats verified on this bench FROM MAIN'S OWN DATA, two of their derivations corrected, one of my own candidates convicted of vacuity). (1) MEMO 128, the lambda-term'
docs/views/VERDICT_LEDGER.md	spin	1139	| `B1208` | THE CROSS-SEAT HARVEST (R52-2's head; seven results from three seats verified on this bench FROM MAIN'S OWN DATA, two of their derivations corrected, one of my own candidates convicted of vacuity). (1) MEMO 128, the lambda-term'
docs/views/VERDICT_LEDGER.md	gieseking	1139	| `B1208` | THE CROSS-SEAT HARVEST (R52-2's head; seven results from three seats verified on this bench FROM MAIN'S OWN DATA, two of their derivations corrected, one of my own candidates convicted of vacuity). (1) MEMO 128, the lambda-term'
docs/views/VERDICT_LEDGER.md	double-cover	1139	| `B1208` | THE CROSS-SEAT HARVEST (R52-2's head; seven results from three seats verified on this bench FROM MAIN'S OWN DATA, two of their derivations corrected, one of my own candidates convicted of vacuity). (1) MEMO 128, the lambda-term'
docs/views/VERDICT_LEDGER.md	det-minus-1	1146	| `B1216` | THE PARAMETER-CLOSURE LOOP, RUN 1 (owner-directed masterplan; 9 agents, ~686k subagent tokens, 20 min). THE SCORE, in the adjudicator's own words: ZERO ROWS DELETED, ONE GATE WRITTEN, ONE REGRESSION, ONE REFUTATION. The pre-regi
docs/views/VERDICT_LEDGER.md	amphichiral	1148	| `B1228` | S1 RUN AT LAST (unrun since B1025 I4) -- THE BURIED PRIZE'S EMPTY CANDIDATE SET BECOMES A UNIQUE NAMED CANDIDATE, AND THE BRIDGE IS NAMED SHARPLY. NOT sigma = 1: that is RETRACTED in-arc, see THE RETRACTION below. OWNER'S READIN
docs/views/VERDICT_LEDGER.md	chern-simons	1148	| `B1228` | S1 RUN AT LAST (unrun since B1025 I4) -- THE BURIED PRIZE'S EMPTY CANDIDATE SET BECOMES A UNIQUE NAMED CANDIDATE, AND THE BRIDGE IS NAMED SHARPLY. NOT sigma = 1: that is RETRACTED in-arc, see THE RETRACTION below. OWNER'S READIN
docs/views/VERDICT_LEDGER.md	sl2c-lift	1148	| `B1228` | S1 RUN AT LAST (unrun since B1025 I4) -- THE BURIED PRIZE'S EMPTY CANDIDATE SET BECOMES A UNIQUE NAMED CANDIDATE, AND THE BRIDGE IS NAMED SHARPLY. NOT sigma = 1: that is RETRACTED in-arc, see THE RETRACTION below. OWNER'S READIN
docs/views/VERDICT_LEDGER.md	chern-simons	1149	| `B1229` | THE CONSISTENCY TURN: THE METHOD WAS WRONG, NOT THE OBJECT (owner: 'we have to think of completely other approach, be brave go bold' / 'step back and back and back and search research'). THE DIAGNOSIS: docs/GRAND_COMPUTATION_v0.
papers/CANDIDATES.md	amphichiral	37	| PC14 | A Palindromic Block Criterion for Amphichirality of Metallic O-P-T Composites | THEOREM_NOTE | EVIDENCE_EXISTS | The chirality axis closed (B144–B147, K017): cusp-glued metallic composites are mirror-closed; chirality is forced+gen
papers/CANDIDATES.md	amphichiral	43	| PC20 | The Figure-Eight Carries E₆: a Worked Exceptional-Group Character Variety, with an Arithmetic Selection Overlay (the E₆-bridge consolidation) — **+ the seam arc (B286–B297):** the object is an OPEN complement; CLOSING it (Dehn fill
papers/CANDIDATES.md	amphichiral	131	| PC25 | The Amphichiral θ-Fold: E₆→F₄ on the Figure-Eight Character Variety (the E₆ paper) | THEOREM_NOTE (low-dim topology / exceptional Lie theory) | **DRAFTED (2026-07-14: `papers/drafts/PC25_e6_theta_fold/`; Theorem-3 locks adopted: te
papers/PAPERS_CAMPAIGN.md	orientation	58	the orientation bit through surgery.
papers/REPRODUCIBILITY_LEDGER.md	knot-in-s3	26	| T1 cornerstone | test_golden_cat_map_principle (+B67 banked; Reid 1991 cited) | knowledge/… |
papers/REVIEW_VERDICT_2026-07-05.md	amphichiral	98	The `√5·√−3 = √−15`, class-number-2 = amphichiral-`ℤ/2` motif is *true* (genus theory of disc −15)
papers/SCRUTINY_P1P3.md	orientation	18	- **F2 [FATAL]: "every collision is orientation-reversing" is refuted by the paper's own
papers/SCRUTINY_P1P3.md	orient-reversing	18	- **F2 [FATAL]: "every collision is orientation-reversing" is refuted by the paper's own
papers/SCRUTINY_P1P3.md	orientation	19	triple.** The triple 4₁(1,2)=5₂(−1,1)=6₁(1,1) is orientation-PRESERVING (identical vol
papers/SCRUTINY_P1P3.md	chern-simons	20	1.398509, H₁=0, and equal CS). So the inversion law's uniform "mirror signature" is false —
papers/SCRUTINY_P1P3.md	orientation	21	the (5,1) collision is orientation-reversing but the triple is orientation-preserving. FIX:
papers/SCRUTINY_P1P3.md	orient-reversing	21	the (5,1) collision is orientation-reversing but the triple is orientation-preserving. FIX:
papers/SCRUTINY_P1P3.md	orientation	22	the orientation bit is not uniformly a mirror; state the (5,1) case and the triple separately;
papers/SCRUTINY_P1P3_round3.md	orientation	37	unoriented child, so every invariant of the unoriented child is shared by construction; orientation
papers/SPECIALIST_NOTE_R1_held_breath.md	sl2c-lift	9	Work on the SL(2,ℂ) relative character variety of the one-holed torus in Fricke coordinates
papers/THE_MAP_of_the_object.md	orientation	20	**The square/half step (real structure, not forcing).** X₁ has **det −1** — it is orientation-
papers/THE_MAP_of_the_object.md	det-minus-1	20	**The square/half step (real structure, not forcing).** X₁ has **det −1** — it is orientation-
papers/THE_MAP_of_the_object.md	orientation	22	(det +1, orientation-preserving). The object needs an orientation-preserving monodromy, so the
papers/THE_MAP_of_the_object.md	orientation	23	bundle sees X₁²; σ's own matrix is the orientation-reversing half, and that det −1 = the norm
papers/THE_MAP_of_the_object.md	orient-reversing	23	bundle sees X₁²; σ's own matrix is the orientation-reversing half, and that det −1 = the norm
papers/THE_MAP_of_the_object.md	det-minus-1	23	bundle sees X₁²; σ's own matrix is the orientation-reversing half, and that det −1 = the norm
papers/THE_MAP_of_the_object.md	det-minus-1	32	├─ incidence matrix ────▶  X₁=[[1,1],[1,0]]  (det −1, the HALF)
papers/THE_MAP_of_the_object.md	knot-in-s3	38	│                          4₁  figure-eight knot complement  ═══ the geometric object
papers/THE_MAP_of_the_object.md	orientation	54	| 3 | the half / square | X₁ (det −1) is orientation-reversing; X₁² = A₁ the figure-eight monodromy; det X₁ = N(φ) = −1 | companion matrices (classical); the "half-matrix, det = −1 = norm" framing is the program's (T-NORM, B469) | **ASSEMBL
papers/THE_MAP_of_the_object.md	orient-reversing	54	| 3 | the half / square | X₁ (det −1) is orientation-reversing; X₁² = A₁ the figure-eight monodromy; det X₁ = N(φ) = −1 | companion matrices (classical); the "half-matrix, det = −1 = norm" framing is the program's (T-NORM, B469) | **ASSEMBL
papers/THE_MAP_of_the_object.md	det-minus-1	54	| 3 | the half / square | X₁ (det −1) is orientation-reversing; X₁² = A₁ the figure-eight monodromy; det X₁ = N(φ) = −1 | companion matrices (classical); the "half-matrix, det = −1 = norm" framing is the program's (T-NORM, B469) | **ASSEMBL
papers/THE_MAP_of_the_object.md	knot-in-s3	56	| 5 | the arithmetic | invariant trace field ℚ(√−3); 4₁ is the arithmetic manifold of PSL₂(O₃) | Maclachlan–Reid, *Arithmetic of Hyperbolic 3-Manifolds* | **CLASSICAL** |
papers/THE_MAP_of_the_object.md	orientation	61	| 10 | the residue | norm (const −1), two-register parity (level-alternating), word-det (three-valued −μ₃) | units of norm −1 (Dirichlet); Jacobi parity; each register classical | **ASSEMBLY** (three distinct orientation invariants with coi
papers/VALIDATION_LEDGER.md	sl2c-lift	43	| V4 | 2026-06-02 | PC12 | low-dimensional topology | DEAD | B56: figure-eight diagonal SL(2,C) reps have Fricke-Vogt I in {4, -17/2 +/- 7 sqrt5/2}, none = 1/4; the figure-eight/I=1/4 bridge is dead and the c=1 Eisenstein resemblance is a c
papers/VALIDATION_LEDGER.md	sl2c-lift	59	| V20 | 2026-06-02 | PC12 | low-dimensional topology / character varieties | VERIFIED (exact derivation) | B67 derives the figure-eight knot A-polynomial from the metallic SL(2,C) trace-map fixed-point set, matching the published Cooper-Lon
papers/VALIDATION_LEDGER.md	chern-simons	68	| V30 | 2026-06-04 | physics_probes | low-dim topology / number theory (Chern-Simons) | CORRECTED + COMPUTED (no tidy pattern) | CS-invariant family of the metallic mapping tori phi_m^2 (m=1,2,3), at the CORRECT complete hyperbolic structur
papers/VALIDATION_LEDGER.md	knot-in-s3	68	| V30 | 2026-06-04 | physics_probes | low-dim topology / number theory (Chern-Simons) | CORRECTED + COMPUTED (no tidy pattern) | CS-invariant family of the metallic mapping tori phi_m^2 (m=1,2,3), at the CORRECT complete hyperbolic structur
papers/VALIDATION_LEDGER.md	chern-simons	69	| V31 | 2026-06-04 | physics_probes | low-dim topology (Reidemeister torsion) | RESOLVED (structural, verified) -- resolves V30 open item | Is tau_m=det'(I-D(T_m^2)|_normal) the adjoint Reidemeister torsion? YES -- it is Porti's adjoint Rei
papers/VALIDATION_LEDGER.md	knot-in-s3	69	| V31 | 2026-06-04 | physics_probes | low-dim topology (Reidemeister torsion) | RESOLVED (structural, verified) -- resolves V30 open item | Is tau_m=det'(I-D(T_m^2)|_normal) the adjoint Reidemeister torsion? YES -- it is Porti's adjoint Rei
papers/VALIDATION_LEDGER.md	det-minus-1	81	| V105 | 2026-06-07 | trace-map / Lie theory (B118 -- Chat-2 PATH 1: the theta=-w0 fixed-root sign = (-1)^{h+1}, NOT the anticipated uniform +1 -- a refinement of B112) | the GATE path: B112 proved the (+1,-1) eigenspace DIMENSIONS of theta
papers/VALIDATION_LEDGER.md	det-minus-1	85	| V109 | 2026-06-07 | trace-map / Lie theory (B121 -- the monodromy sl(2) grading of the adjoint: an EXTERNAL det=-1 GL(2,Z)-rep, not the principal one; Phase 2 of the physics-bridge sweep) | the (n^2-1)-dim trivial-point tower carries TWO 
papers/VALIDATION_LEDGER.md	spin	87	| V111 | 2026-06-07 | trace-map / Lie theory (B122 -- the tower is symmetric powers of the external monodromy fundamental W=V(+)1; unifies B121 + Chat-2's W-identity) | the Sym two-sequence (B117) re-expressed as a virtual GL(2)-module: rho
papers/VALIDATION_LEDGER.md	det-minus-1	87	| V111 | 2026-06-07 | trace-map / Lie theory (B122 -- the tower is symmetric powers of the external monodromy fundamental W=V(+)1; unifies B121 + Chat-2's W-identity) | the Sym two-sequence (B117) re-expressed as a virtual GL(2)-module: rho
papers/VALIDATION_LEDGER.md	det-minus-1	88	| V112 | 2026-06-07 | arithmetic geometry / low-dim topology (B123 -- m=1 arithmeticity: a third independent selection criterion for the figure-eight) | the figure-eight (golden, m=1) is ARITHMETIC: regular ideal triangulation, shape z_0=e^
papers/VALIDATION_LEDGER.md	knot-in-s3	88	| V112 | 2026-06-07 | arithmetic geometry / low-dim topology (B123 -- m=1 arithmeticity: a third independent selection criterion for the figure-eight) | the figure-eight (golden, m=1) is ARITHMETIC: regular ideal triangulation, shape z_0=e^
papers/VALIDATION_LEDGER.md	amphichiral	89	| V113 | 2026-06-08 | symplectic dynamics / representation theory (B124 -- reciprocal (lambda,1/lambda) eigenvalue pairs + the time-reversal involution lambda<->1/lambda; the two-headed-time reading firewalled) | TWO STRICTLY-SEPARATED TIER
papers/VALIDATION_LEDGER.md	det-minus-1	89	| V113 | 2026-06-08 | symplectic dynamics / representation theory (B124 -- reciprocal (lambda,1/lambda) eigenvalue pairs + the time-reversal involution lambda<->1/lambda; the two-headed-time reading firewalled) | TWO STRICTLY-SEPARATED TIER
papers/VALIDATION_LEDGER.md	orientable	90	| V114 | 2026-06-08 | arithmetic / low-dim topology (B125 -- SnapPy arithmeticity of the metallic R^m L^m bundles; CORRECTS K009/B123) | TESTED-POSITIVE (the SnapPy tooling gate is LIFTED). Arithmeticity does NOT uniquely select m=1: it sel
papers/VALIDATION_LEDGER.md	knot-in-s3	90	| V114 | 2026-06-08 | arithmetic / low-dim topology (B125 -- SnapPy arithmeticity of the metallic R^m L^m bundles; CORRECTS K009/B123) | TESTED-POSITIVE (the SnapPy tooling gate is LIFTED). Arithmeticity does NOT uniquely select m=1: it sel
papers/VALIDATION_LEDGER.md	knot-in-s3	91	| V115 | 2026-06-08 | low-dim topology / math-physics (B126 -- the ladder to physics: how far the metallic rigidity propagates; 5-agent literature survey + computation) | the foundational question answered: the metallic object's CLASSICAL r
papers/VALIDATION_LEDGER.md	orientation	92	| V116 | 2026-06-08 | low-dim topology / aperiodic-order physics (B127 -- chirality, Fibonacci, arithmetic, and the object's PROPER NAME) | resolves the "threads 3 & 4 + Fibonacci" investigation (verify-don't-trust; every claim re-derived i
papers/VALIDATION_LEDGER.md	orient-reversing	92	| V116 | 2026-06-08 | low-dim topology / aperiodic-order physics (B127 -- chirality, Fibonacci, arithmetic, and the object's PROPER NAME) | resolves the "threads 3 & 4 + Fibonacci" investigation (verify-don't-trust; every claim re-derived i
papers/VALIDATION_LEDGER.md	amphichiral	92	| V116 | 2026-06-08 | low-dim topology / aperiodic-order physics (B127 -- chirality, Fibonacci, arithmetic, and the object's PROPER NAME) | resolves the "threads 3 & 4 + Fibonacci" investigation (verify-don't-trust; every claim re-derived i
papers/VALIDATION_LEDGER.md	chern-simons	92	| V116 | 2026-06-08 | low-dim topology / aperiodic-order physics (B127 -- chirality, Fibonacci, arithmetic, and the object's PROPER NAME) | resolves the "threads 3 & 4 + Fibonacci" investigation (verify-don't-trust; every claim re-derived i
papers/VALIDATION_LEDGER.md	det-minus-1	92	| V116 | 2026-06-08 | low-dim topology / aperiodic-order physics (B127 -- chirality, Fibonacci, arithmetic, and the object's PROPER NAME) | resolves the "threads 3 & 4 + Fibonacci" investigation (verify-don't-trust; every claim re-derived i
papers/VALIDATION_LEDGER.md	orientation	93	| V117 | 2026-06-08 | low-dim topology / symmetry-breaking (B128 -- the chirality recursion, the order parameter, the torsion firewall; the arc AFTER B127/K010) | the metallic structure PERMITS symmetry breaking but never FORCES it (re-deri
papers/VALIDATION_LEDGER.md	amphichiral	93	| V117 | 2026-06-08 | low-dim topology / symmetry-breaking (B128 -- the chirality recursion, the order parameter, the torsion firewall; the arc AFTER B127/K010) | the metallic structure PERMITS symmetry breaking but never FORCES it (re-deri
papers/VALIDATION_LEDGER.md	chern-simons	93	| V117 | 2026-06-08 | low-dim topology / symmetry-breaking (B128 -- the chirality recursion, the order parameter, the torsion firewall; the arc AFTER B127/K010) | the metallic structure PERMITS symmetry breaking but never FORCES it (re-deri
papers/VALIDATION_LEDGER.md	amphichiral	94	| V118 | 2026-06-08 | low-dim topology / SL(3) character variety (B129 -- the SL(3) tower is sealed in Q(sqrt-3); the firewall from INSIDE the tower) | the arc after B128: does climbing the SL(n) tower produce NEW content (a genuine irreduc
papers/VALIDATION_LEDGER.md	chern-simons	95	| V119 | 2026-06-08 | low-dim topology / character-variety invariants (B130 -- no forced choice in the invariant ring; the seventh firewall form + the located which-seed fork) | the arc after B129: the firewall question driven to its deepes
papers/VALIDATION_LEDGER.md	det-minus-1	95	| V119 | 2026-06-08 | low-dim topology / character-variety invariants (B130 -- no forced choice in the invariant ring; the seventh firewall form + the located which-seed fork) | the arc after B129: the firewall question driven to its deepes
papers/VALIDATION_LEDGER.md	double-cover	96	| V120 | 2026-06-09 | low-dim topology / character-variety gluing (B131 -- two-seed gluing creates an internal discrete fork; answers S032-B) | the arc after B130: B130 showed a single seed is INTERNALLY FORK-FREE (kappa free on the fixed l
papers/VALIDATION_LEDGER.md	sl2c-lift	96	| V120 | 2026-06-09 | low-dim topology / character-variety gluing (B131 -- two-seed gluing creates an internal discrete fork; answers S032-B) | the arc after B130: B130 showed a single seed is INTERNALLY FORK-FREE (kappa free on the fixed l
papers/VALIDATION_LEDGER.md	chern-simons	97	| V121 | 2026-06-09 | quantum topology / SU(2)_k WRT invariants (B132 -- the quantum layer: eigenvalue field-fusion, chirality-arithmetic, quantum selection criteria) | internalizes a cross-session "Chat-1" handoff (10 results) built on a S
papers/VALIDATION_LEDGER.md	spin	97	| V121 | 2026-06-09 | quantum topology / SU(2)_k WRT invariants (B132 -- the quantum layer: eigenvalue field-fusion, chirality-arithmetic, quantum selection criteria) | internalizes a cross-session "Chat-1" handoff (10 results) built on a S
papers/VALIDATION_LEDGER.md	det-minus-1	97	| V121 | 2026-06-09 | quantum topology / SU(2)_k WRT invariants (B132 -- the quantum layer: eigenvalue field-fusion, chirality-arithmetic, quantum selection criteria) | internalizes a cross-session "Chat-1" handoff (10 results) built on a S
papers/VALIDATION_LEDGER.md	spin	98	| V122 | 2026-06-09 | quantum topology / methodology (B133 -- SCOPE CORRECTION to merged B132/K015; the "chirality shifts the arithmetic" headline is a quantum-group artifact) | verify-don't-trust applied to the project's OWN merged work (t
papers/VALIDATION_LEDGER.md	amphichiral	99	| V123 | 2026-06-09 | low-dim topology / literature (B134 -- the chirality recursion PROVED via Goodman-Heard-Hodgson 2008 + the novelty/prior-art audit) | Phase B (novelty audit) + Phase C (one proof) of the approved program. A deep advers
papers/VALIDATION_LEDGER.md	amphichiral	100	| V124 | 2026-06-09 | quantum topology / emergent physics (B135 -- the Lee-Yang bridge is m=1-specific; the m=1 match is modular-data level) | Phase D of the approved program (the Lee-Yang physics push), honest + firewalled. D1 m-SPECIFICIT
papers/VALIDATION_LEDGER.md	chern-simons	100	| V124 | 2026-06-09 | quantum topology / emergent physics (B135 -- the Lee-Yang bridge is m=1-specific; the m=1 match is modular-data level) | Phase D of the approved program (the Lee-Yang physics push), honest + firewalled. D1 m-SPECIFICIT
papers/VALIDATION_LEDGER.md	amphichiral	101	| V125 | 2026-06-09 | low-dim topology (B136 -- amphichirality criterion for ALL once-punctured-torus bundles; generalizes B134) | extends the proved metallic chirality recursion (B134; R^m L^m blocks) to ANY LR monodromy word, as a corolla
papers/VALIDATION_LEDGER.md	amphichiral	104	| V128 | 2026-06-09 | low-dim topology / quantum topology (B139 -- "SM through multiplicity": firewall CARTOGRAPHY, not a crossing; + the CHAT-1 leads registration) | three Chat-2 informatory calcs decomposing "can multiplicity produce the 
papers/VALIDATION_LEDGER.md	chern-simons	104	| V128 | 2026-06-09 | low-dim topology / quantum topology (B139 -- "SM through multiplicity": firewall CARTOGRAPHY, not a crossing; + the CHAT-1 leads registration) | three Chat-2 informatory calcs decomposing "can multiplicity produce the 
papers/VALIDATION_LEDGER.md	det-minus-1	104	| V128 | 2026-06-09 | low-dim topology / quantum topology (B139 -- "SM through multiplicity": firewall CARTOGRAPHY, not a crossing; + the CHAT-1 leads registration) | three Chat-2 informatory calcs decomposing "can multiplicity produce the 
papers/VALIDATION_LEDGER.md	orientation	105	| V129 | 2026-06-09 | low-dim topology / character varieties (B140 -- compute-session reconciliation: close B139-G genus-general, reframe S031 rigidity/rational, sharpen B138 phi-vs-phi^2, record R^mL^m + bundle fields) | a Chat-2 compute s
papers/VALIDATION_LEDGER.md	amphichiral	105	| V129 | 2026-06-09 | low-dim topology / character varieties (B140 -- compute-session reconciliation: close B139-G genus-general, reframe S031 rigidity/rational, sharpen B138 phi-vs-phi^2, record R^mL^m + bundle fields) | a Chat-2 compute s
papers/VALIDATION_LEDGER.md	chern-simons	105	| V129 | 2026-06-09 | low-dim topology / character varieties (B140 -- compute-session reconciliation: close B139-G genus-general, reframe S031 rigidity/rational, sharpen B138 phi-vs-phi^2, record R^mL^m + bundle fields) | a Chat-2 compute s
papers/VALIDATION_LEDGER.md	det-minus-1	105	| V129 | 2026-06-09 | low-dim topology / character varieties (B140 -- compute-session reconciliation: close B139-G genus-general, reframe S031 rigidity/rational, sharpen B138 phi-vs-phi^2, record R^mL^m + bundle fields) | a Chat-2 compute s
papers/VALIDATION_LEDGER.md	chern-simons	107	| V131 | 2026-06-09 | low-dim topology / representation theory (B142 -- (A) S031a principal stratum RIGOROUS via Klein-4; (B) magic-manifold cartography correction + MB10; (C) open-threads inventory) | three independent subtractive items; t
papers/VALIDATION_LEDGER.md	sl2c-lift	107	| V131 | 2026-06-09 | low-dim topology / representation theory (B142 -- (A) S031a principal stratum RIGOROUS via Klein-4; (B) magic-manifold cartography correction + MB10; (C) open-threads inventory) | three independent subtractive items; t
papers/VALIDATION_LEDGER.md	orientation	108	| V132 | 2026-06-09 | low-dim topology / strategy (B143 -- strategic synthesis banked + Campaign-1 feasibility scope: the venue verdict) | a three-voice strategic synthesis (CC + Chat-1 Opus 4.6 + Chat-2 Opus 4.8) on 'how could the SM emerg
papers/VALIDATION_LEDGER.md	orientation	109	| V133 | 2026-06-09 | low-dim topology / representation theory (B144 -- Campaign 1: chirality of cusp-glued interactions; the MB12 vacuity analysis -> firewall extends structurally + the redirect) | Campaign 1 at the bottleneck (chirality),
papers/VALIDATION_LEDGER.md	orient-reversing	109	| V133 | 2026-06-09 | low-dim topology / representation theory (B144 -- Campaign 1: chirality of cusp-glued interactions; the MB12 vacuity analysis -> firewall extends structurally + the redirect) | Campaign 1 at the bottleneck (chirality),
papers/VALIDATION_LEDGER.md	amphichiral	109	| V133 | 2026-06-09 | low-dim topology / representation theory (B144 -- Campaign 1: chirality of cusp-glued interactions; the MB12 vacuity analysis -> firewall extends structurally + the redirect) | Campaign 1 at the bottleneck (chirality),
papers/VALIDATION_LEDGER.md	chern-simons	109	| V133 | 2026-06-09 | low-dim topology / representation theory (B144 -- Campaign 1: chirality of cusp-glued interactions; the MB12 vacuity analysis -> firewall extends structurally + the redirect) | Campaign 1 at the bottleneck (chirality),
papers/VALIDATION_LEDGER.md	det-minus-1	109	| V133 | 2026-06-09 | low-dim topology / representation theory (B144 -- Campaign 1: chirality of cusp-glued interactions; the MB12 vacuity analysis -> firewall extends structurally + the redirect) | Campaign 1 at the bottleneck (chirality),
papers/VALIDATION_LEDGER.md	amphichiral	110	| V134 | 2026-06-09 | low-dim topology (B145 -- Campaign 1': can chirality be FORCED? canonicity <=> self-mirror; chirality is contingent) | B144's redirect asked whether a chirally-asymmetric input (a monodromy/substitution not fixed by sw
papers/VALIDATION_LEDGER.md	orientation	111	| V135 | 2026-06-09 | low-dim topology (B146 -- B145 scrutiny calibration: tighten the conclusion, the preferred-handedness dichotomy, the refuted arithmetic arm) | a scrutiny pass (independently reproduced) found B145's computation sound b
papers/VALIDATION_LEDGER.md	amphichiral	111	| V135 | 2026-06-09 | low-dim topology (B146 -- B145 scrutiny calibration: tighten the conclusion, the preferred-handedness dichotomy, the refuted arithmetic arm) | a scrutiny pass (independently reproduced) found B145's computation sound b
papers/VALIDATION_LEDGER.md	chern-simons	111	| V135 | 2026-06-09 | low-dim topology (B146 -- B145 scrutiny calibration: tighten the conclusion, the preferred-handedness dichotomy, the refuted arithmetic arm) | a scrutiny pass (independently reproduced) found B145's computation sound b
papers/VALIDATION_LEDGER.md	knot-in-s3	111	| V135 | 2026-06-09 | low-dim topology (B146 -- B145 scrutiny calibration: tighten the conclusion, the preferred-handedness dichotomy, the refuted arithmetic arm) | a scrutiny pass (independently reproduced) found B145's computation sound b
papers/VALIDATION_LEDGER.md	orientation	112	| V136 | 2026-06-10 | low-dim topology (B147 -- is the chiral pair RRL/RLL fully ARITHMETIC? the residue B146 left open) | B146 found RRL/RLL are CHIRAL o-p-t bundles with imaginary-quadratic INVARIANT trace field Q(sqrt-7) -- necessary for
papers/VALIDATION_LEDGER.md	amphichiral	112	| V136 | 2026-06-10 | low-dim topology (B147 -- is the chiral pair RRL/RLL fully ARITHMETIC? the residue B146 left open) | B146 found RRL/RLL are CHIRAL o-p-t bundles with imaginary-quadratic INVARIANT trace field Q(sqrt-7) -- necessary for
papers/VALIDATION_LEDGER.md	knot-in-s3	112	| V136 | 2026-06-10 | low-dim topology (B147 -- is the chiral pair RRL/RLL fully ARITHMETIC? the residue B146 left open) | B146 found RRL/RLL are CHIRAL o-p-t bundles with imaginary-quadratic INVARIANT trace field Q(sqrt-7) -- necessary for
papers/VALIDATION_LEDGER.md	chern-simons	113	| V137 | 2026-06-10 | low-dim topology / mathematical physics boundary (B148 -- kappa/Fricke-Vogt identity pinned, the metallic monodromy as the SL(2,Z) MCG action, the class-S open question; firewalled) | INDEPENDENT re-derivation (verify-
papers/VALIDATION_LEDGER.md	det-minus-1	113	| V137 | 2026-06-10 | low-dim topology / mathematical physics boundary (B148 -- kappa/Fricke-Vogt identity pinned, the metallic monodromy as the SL(2,Z) MCG action, the class-S open question; firewalled) | INDEPENDENT re-derivation (verify-
papers/VALIDATION_LEDGER.md	complex-volume	113	| V137 | 2026-06-10 | low-dim topology / mathematical physics boundary (B148 -- kappa/Fricke-Vogt identity pinned, the metallic monodromy as the SL(2,Z) MCG action, the class-S open question; firewalled) | INDEPENDENT re-derivation (verify-
papers/VALIDATION_LEDGER.md	sl2c-lift	113	| V137 | 2026-06-10 | low-dim topology / mathematical physics boundary (B148 -- kappa/Fricke-Vogt identity pinned, the metallic monodromy as the SL(2,Z) MCG action, the class-S open question; firewalled) | INDEPENDENT re-derivation (verify-
papers/VALIDATION_LEDGER.md	orientation	116	| V140 | 2026-06-10 | low-dim topology / mathematical physics boundary (B151 -- firewall confirmation (L15): does any quantity carry a SCALE across the now-real L14 bridge?; firewalled) | L15 DECISIVE boundary check, a READING task (how the
papers/VALIDATION_LEDGER.md	amphichiral	116	| V140 | 2026-06-10 | low-dim topology / mathematical physics boundary (B151 -- firewall confirmation (L15): does any quantity carry a SCALE across the now-real L14 bridge?; firewalled) | L15 DECISIVE boundary check, a READING task (how the
papers/VALIDATION_LEDGER.md	chern-simons	116	| V140 | 2026-06-10 | low-dim topology / mathematical physics boundary (B151 -- firewall confirmation (L15): does any quantity carry a SCALE across the now-real L14 bridge?; firewalled) | L15 DECISIVE boundary check, a READING task (how the
papers/VALIDATION_LEDGER.md	complex-volume	116	| V140 | 2026-06-10 | low-dim topology / mathematical physics boundary (B151 -- firewall confirmation (L15): does any quantity carry a SCALE across the now-real L14 bridge?; firewalled) | L15 DECISIVE boundary check, a READING task (how the
papers/VALIDATION_LEDGER.md	orientation	117	| V141 | 2026-06-11 | low-dim topology (B152 -- CS as a parity order parameter, census test; extends B128/B136) | NUMERICAL / census. Cross-session brief item F4, reproduced independently in-sandbox before banking. Scan SnapPy OrientableCus
papers/VALIDATION_LEDGER.md	orientable	117	| V141 | 2026-06-11 | low-dim topology (B152 -- CS as a parity order parameter, census test; extends B128/B136) | NUMERICAL / census. Cross-session brief item F4, reproduced independently in-sandbox before banking. Scan SnapPy OrientableCus
papers/VALIDATION_LEDGER.md	amphichiral	117	| V141 | 2026-06-11 | low-dim topology (B152 -- CS as a parity order parameter, census test; extends B128/B136) | NUMERICAL / census. Cross-session brief item F4, reproduced independently in-sandbox before banking. Scan SnapPy OrientableCus
papers/VALIDATION_LEDGER.md	chern-simons	117	| V141 | 2026-06-11 | low-dim topology (B152 -- CS as a parity order parameter, census test; extends B128/B136) | NUMERICAL / census. Cross-session brief item F4, reproduced independently in-sandbox before banking. Scan SnapPy OrientableCus
papers/VALIDATION_LEDGER.md	spin	119	| V143 | 2026-06-15 | low-dim topology / character varieties (B153 n=5 CORRECTION -- self-audit found a bug in merged V142) | CORRECTION (the self-scrutiny campaign working). V142's n=5 row claimed "non-ss: 0/120, no irreducible reps (absen
papers/VALIDATION_LEDGER.md	amphichiral	121	| V145 | 2026-06-15 | multi (self-audit CONSOLIDATED CORRECTIONS: B95, B92, P10, V99 flagged + B153 n=5 sharpened) | CORRECTIONS from the repo self-scrutiny campaign. The full-panel audit workflow recovered 32 verdicts (28 CONFIRMED, 4 OVER
papers/VALIDATION_LEDGER.md	det-minus-1	121	| V145 | 2026-06-15 | multi (self-audit CONSOLIDATED CORRECTIONS: B95, B92, P10, V99 flagged + B153 n=5 sharpened) | CORRECTIONS from the repo self-scrutiny campaign. The full-panel audit workflow recovered 32 verdicts (28 CONFIRMED, 4 OVER
papers/VALIDATION_LEDGER.md	chern-simons	128	| V229 | 2026-06-26 | B226 L43 RESOLVED -- the two SUSYs of the golden/figure-eight object are TWO FACES, separated by the hyperbolic/non-hyperbolic divide (literature-grounded) | quantum topology / CFT (physics-boundary, firewalled) | RESO
papers/VALIDATION_LEDGER.md	sl2c-lift	128	| V229 | 2026-06-26 | B226 L43 RESOLVED -- the two SUSYs of the golden/figure-eight object are TWO FACES, separated by the hyperbolic/non-hyperbolic divide (literature-grounded) | quantum topology / CFT (physics-boundary, firewalled) | RESO
papers/VALIDATION_LEDGER.md	sl2c-lift	129	| V228 | 2026-06-26 | B225 conductor-decomposition test (chat1's "game-changer"): 5=golden filling HOLDS; 2=octahedral parent REFUTED | arithmetic geometry | HALF-CONFIRMED + HALF-REFUTED (verify-don't-trust) | chat1's hypothesis: the figur
papers/VALIDATION_LEDGER.md	spin	130	| V227 | 2026-06-26 | B224 golden is the UNIQUE metallic mean whose anyon chain is supersymmetric (closing the circle) | quantum algebra / CFT | EXACT (uniqueness) | chat1's "close the circle": is golden the only metallic mean with a SUSY c
papers/VALIDATION_LEDGER.md	spin	132	| V225 | 2026-06-26 | B222 (Act I) emergent SUSY CONFIRMED via the finite-size spectrum -- the golden chain's operator content IS tricritical Ising, supercurrent included | quantum algebra / CFT | REPRODUCED (NS + supercurrent) + CONSISTENT
papers/VALIDATION_LEDGER.md	chern-simons	141	| V216 | 2026-06-25 | B213 + S039 -- the do-or-die program, Act I: the Higgs-side period data of the figure-eight char variety (firewalled; "explain the CC problem / unify QM-GR" taken at full weight) | arithmetic geometry / physics-boundar
papers/VALIDATION_LEDGER.md	amphichiral	142	| V215 | 2026-06-25 | SYNTHESIS consolidation -- the B210 dual-McKay + all of B211 + the V212 correction + on-site woven in (kill the "agreed-then-dropped" pattern, all layers; chat1 catch; L37) | exposition | EXPOSITION (no new theorem) | 
papers/VALIDATION_LEDGER.md	chern-simons	142	| V215 | 2026-06-25 | SYNTHESIS consolidation -- the B210 dual-McKay + all of B211 + the V212 correction + on-site woven in (kill the "agreed-then-dropped" pattern, all layers; chat1 catch; L37) | exposition | EXPOSITION (no new theorem) | 
papers/VALIDATION_LEDGER.md	orientation	146	| V211 | 2026-06-25 | B211 the metallic family's three faces (L29-L34, run properly + verified) | computational / arithmetic geometry | VERIFIED + RESOLVED-NEGATIVE | The six remaining computable leads, each computed-not-asserted with the l
papers/VALIDATION_LEDGER.md	amphichiral	146	| V211 | 2026-06-25 | B211 the metallic family's three faces (L29-L34, run properly + verified) | computational / arithmetic geometry | VERIFIED + RESOLVED-NEGATIVE | The six remaining computable leads, each computed-not-asserted with the l
papers/VALIDATION_LEDGER.md	chern-simons	146	| V211 | 2026-06-25 | B211 the metallic family's three faces (L29-L34, run properly + verified) | computational / arithmetic geometry | VERIFIED + RESOLVED-NEGATIVE | The six remaining computable leads, each computed-not-asserted with the l
papers/VALIDATION_LEDGER.md	sl2c-lift	146	| V211 | 2026-06-25 | B211 the metallic family's three faces (L29-L34, run properly + verified) | computational / arithmetic geometry | VERIFIED + RESOLVED-NEGATIVE | The six remaining computable leads, each computed-not-asserted with the l
papers/VALIDATION_LEDGER.md	chern-simons	148	| V209 | 2026-06-25 | golden's DUAL McKay (B210 -- E8 monodromy + E6 hyperbolic) + WRT-image!=2I (resolved-negative); + L27-L34 computable-paths catalog | Ran two genuinely-uncomputed paths (owner: run both + mark all paths). (1) DUAL McKAY
papers/VALIDATION_LEDGER.md	spin	149	| V208 | 2026-06-25 | classical/quantum boundary (B209 -- the tiling's Lambda*(R^6) sees only bosonic A5; the spinorial E8-completion is absent) | The third load-bearing item chat1 flagged (the K-theory boundary, computed but never banked).
papers/VALIDATION_LEDGER.md	double-cover	149	| V208 | 2026-06-25 | classical/quantum boundary (B209 -- the tiling's Lambda*(R^6) sees only bosonic A5; the spinorial E8-completion is absent) | The third load-bearing item chat1 flagged (the K-theory boundary, computed but never banked).
papers/VALIDATION_LEDGER.md	spin	154	| V203 | 2026-06-25 | arithmetic / representation theory (B206 -- the golden object's spin shadow is 2I=SL(2,F5)=McKay-E8; the seam question, computed) | Ran the McKay seam question (chat1 push: compute, don't hedge) -- and chat1's instinct
papers/VALIDATION_LEDGER.md	sl2c-lift	154	| V203 | 2026-06-25 | arithmetic / representation theory (B206 -- the golden object's spin shadow is 2I=SL(2,F5)=McKay-E8; the seam question, computed) | Ran the McKay seam question (chat1 push: compute, don't hedge) -- and chat1's instinct
papers/VALIDATION_LEDGER.md	amphichiral	158	| V199 | 2026-06-24 | quantum topology / arithmetic (B204 NOVELTY -- adversarial prior-art pass DEFLATES the package; framework+mechanism = Jeffrey 1992; framing corrected) | Adversarial deep-research prior-art pass (99 agents, 5 angles, 17
papers/VALIDATION_LEDGER.md	orientation	168	| V189 | 2026-06-23 | low-dim topology / hyperbolic geometry (B197 -- the figure-eight volume-tie broken by torsion-freeness; a verified chat2 increment, foundation-stress / Step-1 selection C1) | A cross-session (chat2 2026-06-23) foundati
papers/VALIDATION_LEDGER.md	chern-simons	168	| V189 | 2026-06-23 | low-dim topology / hyperbolic geometry (B197 -- the figure-eight volume-tie broken by torsion-freeness; a verified chat2 increment, foundation-stress / Step-1 selection C1) | A cross-session (chat2 2026-06-23) foundati
papers/VALIDATION_LEDGER.md	amphichiral	169	| V188 | 2026-06-23 | quantum topology / character varieties (B193 -- the SL(3) sealing/field-content scouts; Masterplan III Track G, L8/L10/L5/L6) | Masterplan III, Track G (the SL(3) scouts; closes the track). Two clean scouts + one hones
papers/VALIDATION_LEDGER.md	spin	169	| V188 | 2026-06-23 | quantum topology / character varieties (B193 -- the SL(3) sealing/field-content scouts; Masterplan III Track G, L8/L10/L5/L6) | Masterplan III, Track G (the SL(3) scouts; closes the track). Two clean scouts + one hones
papers/VALIDATION_LEDGER.md	double-cover	171	| V186 | 2026-06-23 | quantum topology / character varieties (B196 -- the entropy<->conformal-dimension bridge; the solid math under speculations/S037) | The firewall-clean PURE MATH underlying the Betti<->Higgs cosmogony speculation (S037)
papers/VALIDATION_LEDGER.md	det-minus-1	179	| V178 | 2026-06-22 | character-variety / arithmetic symmetry (B184 -- the symmetry/gauge door; fourth hunt of the S036 search specification) | The fourth S036 hunt -- the SYMMETRY/GAUGE door: does the INTERACTION of multiple units FORCE a 
papers/VALIDATION_LEDGER.md	det-minus-1	184	| V173 | 2026-06-19 | arithmetic / metallic family (B179 -- the metallic 'numbers' unified: one object, several views; understand-completely #3) | The clean 'understand completely what we have' consolidation (#3 of the menu) -- pure symboli
papers/VALIDATION_LEDGER.md	double-cover	198	| V159 | 2026-06-18 | low-dim topology / character-variety dynamics (B164 -- the 4-punctured-sphere Fricke cubic + the metallic monodromy; P1/PR1 of Masterplan II, OPEN_LEADS H5-c) | The first artifact of the Betti->Hitchin direction: the o
papers/VALIDATION_LEDGER.md	orientation	207	| V150 | 2026-06-16 | algebra / symbolic dynamics (B156 completion -- TC-1, TC-4, the commuting-shears scope, + L8/L9 re-run confirmed; from the ChatGPT/Omega source-chat cross-check) | The owner supplied the SOURCE reasoning (the ChatGPT/O
papers/VALIDATION_LEDGER.md	det-minus-1	215	| V98 | 2026-06-07 | trace-map / Lie theory (B111 -- the tower's sign structure vs the opposition involution; sign-findings handoff + supplement) | the tower's sign/multiplicity structure IS the opposition-involution all-heights CLOSED FORM
papers/VALIDATION_LEDGER.md	chern-simons	217	| V96 | 2026-06-07 | trace-map dynamics + literature (B109 -- the trace map at the void; D2 / Tasks 2,4,5,6) | the figure-eight trace map near the trivial fixed point: VERIFY-DON'T-TRUST corrected the handoff's coordinate-axis 'facts' (they
papers/VALIDATION_LEDGER.md	spin	217	| V96 | 2026-06-07 | trace-map dynamics + literature (B109 -- the trace map at the void; D2 / Tasks 2,4,5,6) | the figure-eight trace map near the trivial fixed point: VERIFY-DON'T-TRUST corrected the handoff's coordinate-axis 'facts' (they
papers/VALIDATION_LEDGER.md	det-minus-1	219	| V94 | 2026-06-07 | trace-map dynamics / quasicrystals (B107 -- the physics-connection audit; POSTULATED/FIREWALLED) | a physics exploration BANKED AS A NEGATIVE: the metallic tower is a KNOWN quasicrystal trace map (A) carrying ONE golden
papers/VALIDATION_LEDGER.md	sl2c-lift	224	| V89 | 2026-06-07 | trace-map / Lie theory (B105 -- the n=5 wall characterized + the rho_n convergence) [SUPERSEDED IN PART BY V90: corrections A/B downgrade the 'coordinate artifact, not structural' and 'natural boundary at n=4 proved' in
papers/VALIDATION_LEDGER.md	det-minus-1	225	| V88 | 2026-06-07 | trace-map / Lie theory (B104 -- the Dehn-twist route: SL(4) universality + the SL(5) wall) | the Dehn-twist composition method (B103) is pushed to SL(4): the GATE reproduces B80's proved metallic tower, J factors throug
papers/VALIDATION_LEDGER.md	det-minus-1	226	| V87 | 2026-06-07 | trace-map / Lie theory (B103 -- the SL(n) tower as a GL(2,Z) representation) | the metallic tower char(J(m))=prod_d char(Sym^d M_m) is reframed + advanced via a FOURTH route: char(J_phi(n)) factors through the abelianiz
papers/VALIDATION_LEDGER.md	sl2c-lift	228	| V85 | 2026-06-06 | higher-Teichmuller / Lie theory (B101 -- the Hitchin-component reframing of V0) | V0 = the FUCHSIAN LOCUS of the SL(3,R) Hitchin component (Anosov hallmark + the unique SO(2,1) form, signature (2,1)); the "tower of spac
papers/VALIDATION_LEDGER.md	knot-in-s3	231	| V82 | 2026-06-06 | low-dim topology (B98 -- Probe 1: the trace-map Jacobian at the geometric rep) | the Dickson tower is a TRIVIAL-rep phenomenon: at the GEOMETRIC rep the figure-eight trace-map Jacobian gives (t-1)(t^2-5t+1) = the adjoin
papers/VALIDATION_LEDGER.md	chern-simons	232	| V81 | 2026-06-06 | physics_probes | Lie theory / low-dim topology (B97 -- where Lorentzian structure lives) | Lorentzian (2,1) structure is LOCATED on the SL(2,R)/Teichmuller component (the so(2,1) gauge algebra), NOT the SL(2,C) geometri
papers/VALIDATION_LEDGER.md	sl2c-lift	232	| V81 | 2026-06-06 | physics_probes | Lie theory / low-dim topology (B97 -- where Lorentzian structure lives) | Lorentzian (2,1) structure is LOCATED on the SL(2,R)/Teichmuller component (the so(2,1) gauge algebra), NOT the SL(2,C) geometri
papers/VALIDATION_LEDGER.md	det-minus-1	233	| V80 | 2026-06-06 | physics_probes | low-dim topology / quantum topology (B96 -- geometry invariants; the 'compute the numbers' physics pass) | the metallic mapping-torus volumes are strictly monotone (2.030<3.664<4.814; m=1 simplest = the
papers/VALIDATION_LEDGER.md	det-minus-1	235	| V78 | 2026-06-06 | PC00 | trace-map / Lie theory (Paper 0, G1: B94) | tower universality DECIDED: the Dickson CATALOG appears via the Sym-plethysm char(J)=prod char(Sym^d N) (proven metallic, rigorous squares, confirmed non-square n=2, op
papers/VALIDATION_LEDGER.md	det-minus-1	236	| V77 | 2026-06-06 | PC00 | number theory / Lie theory (Paper 0, Phase C: B93) | the bridge: det=-1 is exactly the tower's parity condition (MyCalc-1); and the parity involution (m->-m) is DISTINCT from the field Galois involution (MyCalc-4
papers/VALIDATION_LEDGER.md	det-minus-1	237	| V76 | 2026-06-06 | PC00 | number theory / GL(2,Z) (Paper 0, Layer 1: B92 + the philosophy quarantine) | the metallic family classified: det=-1 <=> purely-periodic-period-1 CF, up to GL(2,Z) conjugacy with m free; the member m=1 distinguis
papers/VALIDATION_LEDGER.md	double-cover	243	| V70 | 2026-06-05 | PC12 | low-dim topology / number theory (B87, complete-the-tower Task 3) | the m=3 metallic curve genus -- the sequence does NOT decrease to 0 (3,1 is a minimum); NEW: the m=3 trace-relation curve is genus 1 (refines V3
papers/VALIDATION_LEDGER.md	chern-simons	255	| V58 | 2026-06-05 | physics_probes | low-dim topology / TQFT (B76, Path F2/F3 closure) | LITERAL number/level coincidence (STRUCTURAL) + NO categorical lift (SPECULATIVE-ANALOGY) -- closes B69's cusp/quantum-group reconciliation; F3 subsum
papers/VALIDATION_LEDGER.md	spin	255	| V58 | 2026-06-05 | physics_probes | low-dim topology / TQFT (B76, Path F2/F3 closure) | LITERAL number/level coincidence (STRUCTURAL) + NO categorical lift (SPECULATIVE-ANALOGY) -- closes B69's cusp/quantum-group reconciliation; F3 subsum
papers/VALIDATION_LEDGER.md	chern-simons	257	| V56 | 2026-06-05 | physics_probes | higher-spin / Chern-Simons vs SL(n) invariant theory (B74, Path C) | LITERAL grading match (STRUCTURAL) + spectrum diverges + dynamical reading SPECULATIVE-ANALOGY -- the W_N higher-spin link is real bu
papers/VALIDATION_LEDGER.md	spin	257	| V56 | 2026-06-05 | physics_probes | higher-spin / Chern-Simons vs SL(n) invariant theory (B74, Path C) | LITERAL grading match (STRUCTURAL) + spectrum diverges + dynamical reading SPECULATIVE-ANALOGY -- the W_N higher-spin link is real bu
papers/VALIDATION_LEDGER.md	chern-simons	275	| V237 | 2026-06-30 | PC20 / PC16 | low-dim topology / quantum topology / quantum gravity (firewalled) | VERIFIED (math) + FIREWALLED (physics) -- the SEAM arc (B286-B297) banked + red-teamed | The seam arc: the figure-eight is an OPEN obje
papers/VALIDATION_LEDGER.md	spin	276	| V236 | 2026-06-29 | cross-chat handoffs (Chat-1 Alexander, Chat-2 tau) | low-dim topology / rep theory / quantum gravity | VERIFIED (math) + FIREWALLED (physics) -- two handoffs processed | Verified the computable claims of two 2026-06-28
papers/VALIDATION_LEDGER.md	amphichiral	277	| V235 | 2026-06-28 | PC20 | low-dim topology / geom. rep. theory -- literature | KNOWN (existence) + PARTIALLY-KNOWN (overlay) -- E6-bridge novelty audit | R6 adversarial deep-research prior-art pass on the E6-bridge arc (B262-B277). The L
papers/VALIDATION_LEDGER.md	knot-in-s3	277	| V235 | 2026-06-28 | PC20 | low-dim topology / geom. rep. theory -- literature | KNOWN (existence) + PARTIALLY-KNOWN (overlay) -- E6-bridge novelty audit | R6 adversarial deep-research prior-art pass on the E6-bridge arc (B262-B277). The L
papers/P3_THE_PAPER/CLAIM_CANDIDATES.md	amphichiral	113	| `B605` | PROVED | S | | Door 2 settled: the amphichiral involutions are FREE deck transformations, not reflections (Gieseking control).… |
papers/P3_THE_PAPER/CLAIM_CANDIDATES.md	gieseking	113	| `B605` | PROVED | S | | Door 2 settled: the amphichiral involutions are FREE deck transformations, not reflections (Gieseking control).… |
papers/P3_THE_PAPER/CLAIM_CANDIDATES.md	amphichiral	187	| `B1226` | PROVED | L | | T-BETA-ODD-IS-BIT-VALUED -- the SM parameter count is a CATEGORY ERROR (owner). Typed by B1168 the 28 parameters split 6/3/16/3 into four boxes with four suppliers; the beta-odd box (theta_QCD, delta_CKM, delta_PM
papers/P3_THE_PAPER/CLAIM_CANDIDATES.md	amphichiral	188	| `B1227` | PROVED | L | | ONE THEOREM, TWO REGIMES -- amphichirality forces every mirror-odd invariant to satisfy 2I = 0, so the VALUE GROUP's torsion decides: R/(1/2)Z gives {0,1/4} (B1224), R gives 0 exactly (B1225's missing keystone). W
papers/P3_THE_PAPER/CLAIM_CANDIDATES.md	spin	210	| `B1112` | PROVED | L | | THE PROJECTIVE HATCH (the owner's spin-structure catch + outside-bench computation + this bench's 20-strata completion, three-way convergence): the object's canonical hol… |
papers/P3_THE_PAPER/CLAIM_CANDIDATES.md	knot-in-s3	213	| `B1117` | PROVED | L | | THE ADELIC OBJECT (the OWNER'S frame, verified: ADELIC_OBJECT.md, the 7th memo, cloud seat + this bench): the object is adelic (Reid arithmeticity the license; Gamma in P… |
papers/P3_THE_PAPER/CLAIM_CANDIDATES.md	spin	215	| `B1122` | PROVED | L | | L179 THE LIFT-BIT METER (a thesis cell, clean NEGATIVE): does the t-meter mechanism (free-of-one = forced-of-pair, B1113) extend to the spin lift bit (B1112)? PAIR-INVISI… |
papers/P3_THE_PAPER/CLAIM_CANDIDATES.md	orientation	224	| `B156` | PROVED | V | | Six Omega strict-full theorems were independently re-derived (R/G algebra, reciprocity, Fibonacci blocks, entropy log 2, unique minimal seed, orientation no-go) with L4-L… |
papers/P3_THE_PAPER/CLAIM_CANDIDATES.md	orientation	241	| `B14` | PROVED | S | | F=LP is the unique GL(2,Z) square root of A up to sign, and L_aR_b has an orientation-reversing integer square root iff a=b.… |
papers/P3_THE_PAPER/CLAIM_CANDIDATES.md	orient-reversing	241	| `B14` | PROVED | S | | F=LP is the unique GL(2,Z) square root of A up to sign, and L_aR_b has an orientation-reversing integer square root iff a=b.… |
papers/P3_THE_PAPER/CLAIM_CANDIDATES.md	double-cover	245	| `B206` | PROVED | S | | The golden monodromy's mod-5 congruence shadow is SL(2,F5)=2I=McKay-E8, with the classical/quantum divide exactly the A5/2I spin double cover.… |
papers/P3_THE_PAPER/CLAIM_CANDIDATES.md	spin	246	| `B280` | NEGATIVE | S | | 2T spin-3/2 branches as 2+2 (two distinct doublets), not triplet+singlet, killing the 'three generations plus Higgs from A₄/2T spin-3/2' reading.… |
papers/P3_THE_PAPER/CLAIM_CANDIDATES.md	amphichiral	249	| `B340` | PROVED | S | | The CP phase arg kappa is extremal at pi/6 at the amphichiral cusp and decreases as 3.8*CS^2, i.e. second order in chirality.… |
papers/P3_THE_PAPER/CLAIM_CANDIDATES.md	chern-simons	249	| `B340` | PROVED | S | | The CP phase arg kappa is extremal at pi/6 at the amphichiral cusp and decreases as 3.8*CS^2, i.e. second order in chirality.… |
papers/P3_THE_PAPER/CLAIM_CANDIDATES.md	orientation	252	| `B467` | PROVED | S | | Family, residue and wall converge on one Z/2 orientation bit: the CKM scan gives an earned zero and the only odd permutation is the orientation-reversing half-monodromy.… |
papers/P3_THE_PAPER/CLAIM_CANDIDATES.md	orient-reversing	252	| `B467` | PROVED | S | | Family, residue and wall converge on one Z/2 orientation bit: the CKM scan gives an earned zero and the only odd permutation is the orientation-reversing half-monodromy.… |
papers/P3_THE_PAPER/CLAIM_CANDIDATES.md	orientation	265	| `B658` | NEGATIVE | S | | Both order-4 orientation-reversing families break on the weld double's 27 local system (solution dimension 1, supported on Sym^0), making wall 8 total.… |
papers/P3_THE_PAPER/CLAIM_CANDIDATES.md	orient-reversing	265	| `B658` | NEGATIVE | S | | Both order-4 orientation-reversing families break on the weld double's 27 local system (solution dimension 1, supported on Sym^0), making wall 8 total.… |
papers/P3_THE_PAPER/CLAIM_CANDIDATES.md	amphichiral	268	| `B713` | NEGATIVE | S | | Chirality is not in the amphichiral object: triality is gauge-only, sigma_omega vanishes identically, and 'which chirality' is a non-canonical Galois torsor bit.… |
papers/P3_THE_PAPER/CLAIM_CANDIDATES.md	orientation	272	| `B849` | NEGATIVE | S | | The claimed beta=1 SSB has NO order parameter at the manifold level -- CS(m004)=0 and amphichirality forces every orientation-odd invariant to 2-torsion (nine chiral cont… |
papers/P3_THE_PAPER/CLAIM_CANDIDATES.md	amphichiral	272	| `B849` | NEGATIVE | S | | The claimed beta=1 SSB has NO order parameter at the manifold level -- CS(m004)=0 and amphichirality forces every orientation-odd invariant to 2-torsion (nine chiral cont… |
papers/P3_THE_PAPER/CLAIM_CANDIDATES.md	chern-simons	272	| `B849` | NEGATIVE | S | | The claimed beta=1 SSB has NO order parameter at the manifold level -- CS(m004)=0 and amphichirality forces every orientation-odd invariant to 2-torsion (nine chiral cont… |
papers/P3_THE_PAPER/CLAIM_CANDIDATES.md	spin	285	| `B940` | PROVED | S | | THE SEALED DIRAC RUN on (m004, spin structure rho_1): OUTCOME A against a criterion sealed and pushed (7bb6c963, sha-256 6c513b06...) BEFORE any compute. In the window /l… |
papers/P3_THE_PAPER/CLAIM_CANDIDATES.md	spin	312	| `B1145` | PROVED | S | | SP-2: the object's beat closes EXACTLY on the fermion-capable odd A1/su(6) stratum's 27 over the beat-selected spin lift (cloud memo 29; sealed prereg sha256 c384dd3e der… |
papers/P3_THE_PAPER/CLAIM_CANDIDATES.md	det-minus-1	324	| `B749` | PROVED | L | | The genesis axiom chain is priced by computation: F2/F3/F4/F7 ROBUST, F5 and F6 FRAGILE (the det −1 sibling is the Gieseking; closure keeps only the hearing face), and F8… |
papers/P3_THE_PAPER/CLAIM_CANDIDATES.md	gieseking	324	| `B749` | PROVED | L | | The genesis axiom chain is priced by computation: F2/F3/F4/F7 ROBUST, F5 and F6 FRAGILE (the det −1 sibling is the Gieseking; closure keeps only the hearing face), and F8… |
papers/P3_THE_PAPER/CLAIM_CANDIDATES.md	chern-simons	331	| `B250` | PROVED | S | | Computed the complex-volume profile of the E6-hyperbolic/E8-spherical ends: Vol=6Λ(π/3), CS=0 vs π²/5, CS∈(1/5)ℤ — the arithmetic invariants sit in the volumes.… |
papers/P3_THE_PAPER/CLAIM_CANDIDATES.md	det-minus-1	339	| `B482` | PROVED | S | | Verified the twisted-Markov handoff: the det -1 Markov spectrum below 3 is exactly {sqrt5, 2sqrt2}, and tr[A,B] = 2 - gap^2/(detA detB) generalizes P4's Lemma 2.2.… |
papers/P3_THE_PAPER/CLAIM_CANDIDATES.md	double-cover	341	| `B510` | PROVED | S | | 40a3 is the Jacobian of 40a1's branch double cover (2-isogenous, not a quadratic twist), discharging the square-time flag as a theorem.… |
papers/P3_THE_PAPER/CLAIM_CANDIDATES.md	amphichiral	343	| `B613` | PROVED | S | | Closure theorem: for GHH-anti-palindromic (amphichiral) weld words, conj(W)=Q⁻¹WᵀQ with Q=PSC, so the odd hearing spectrum is conjugation-closed at every level.… |
papers/P3_THE_PAPER/CLAIM_CANDIDATES.md	chern-simons	349	| `B715` | PROVED | S | | The object's native gauge system is complex Chern-Simons of E6(C): the non-real adjoint trace excludes every real form, and the Z/11 is a UV-arithmetic non-descending cha… |
papers/P3_THE_PAPER/CLAIM_CANDIDATES.md	amphichiral	363	| `B1064` | NEGATIVE | S | | O3 — OBSTRUCTED-AT-TORUS, the obstruction named exactly on two independent banked legs: (1) the object amphichirality DELETES the quantized sector of its own boundary act… |
papers/P3_THE_PAPER/CLAIM_CANDIDATES.md	amphichiral	365	| `B1224` | PROVED | L | | T-CS-TORSION -- amphichirality forces the Chern-Simons invariant to be 2-TORSION, not zero: CS = -CS so 2CS = 0, admissible values exactly {0, 1/4}. Verified 6/6 on the census (m004/m136/m206 at 0; m003/m135/m207 
papers/P3_THE_PAPER/CLAIM_CANDIDATES.md	chern-simons	365	| `B1224` | PROVED | L | | T-CS-TORSION -- amphichirality forces the Chern-Simons invariant to be 2-TORSION, not zero: CS = -CS so 2CS = 0, admissible values exactly {0, 1/4}. Verified 6/6 on the census (m004/m136/m206 at 0; m003/m135/m207 
papers/P3_THE_PAPER/CLAIM_CANDIDATES.md	chern-simons	380	| `B286` | PROVED | S | | The ingredients live at the seam: Dehn filling the open complement supplies a forced 10-element exceptional set, chirality, an oriented CS sign, a 2π/n scale, and a perip… |
papers/P3_THE_PAPER/CLAIM_CANDIDATES.md	amphichiral	383	| `B303` | PROVED | S | | Proved the CP sign is literally the sign of Chern-Simons (CS=0 amphichiral, definite sign per closing), reducing the one live forcing to two firewalled inputs.… |
papers/P3_THE_PAPER/CLAIM_CANDIDATES.md	chern-simons	383	| `B303` | PROVED | S | | Proved the CP sign is literally the sign of Chern-Simons (CS=0 amphichiral, definite sign per closing), reducing the one live forcing to two firewalled inputs.… |
papers/P3_THE_PAPER/CLAIM_CANDIDATES.md	chern-simons	392	| `B708` | PROVED | S | | The program's seam sits inside Kim's arithmetic Chern-Simons: the two-hands coupling is the Hilbert-symbol linking number, audibility is non-linking with the infinite pri… |
papers/P3_THE_PAPER/CLAIM_CANDIDATES.md	chern-simons	407	| `B1195` | PROVED | S | | CLOSE-LOOP BATCH 5A (the five highest-leverage closes, merged with cloud's routes at their 9915068b): (1) SEAM-A's CS=0 DOOR SHARPENED (lens-scoped) -- the object's b=1 p… |
papers/P3_THE_PAPER/CLAIM_CANDIDATES.md	amphichiral	421	| `B136` | PROVED | S | | Any once-punctured-torus bundle is amphichiral iff its block-pair sequence is fixed by reverse-order-plus-component-swap up to cyclic rotation; the metallic recursion is … |
papers/P3_THE_PAPER/CLAIM_CANDIDATES.md	sl2c-lift	426	| `B247` | NEGATIVE | S | | The V1 'E₆→SM' claim fails: the long-SU(2) centralizer is a generic SU(6), and the hyperbolic SL(2,ℂ) holonomy cannot embed in compact E₆ at all.… |
papers/P3_THE_PAPER/CLAIM_CANDIDATES.md	amphichiral	433	| `B432` | PROVED | S | | All 31 sampled hyperbolic Dehn fillings make the amphichiral object chiral: the interface mechanism is confirmed, though slope selection stays free input.… |
papers/P3_THE_PAPER/CLAIM_CANDIDATES.md	gieseking	437	| `B466` | PROVED | S | | Under sigma the SL(3) Dehn-filling components exchange while V0 is preserved with fixed line p=q; the whole sigma-story is the Gieseking deck action.… |
papers/P3_THE_PAPER/CLAIM_CANDIDATES.md	orientable	439	| `B469` | PROVED | S | | Breath wave 1: the two-register residue equals (−1)^((N−1)/2) at four levels, and every metallic bundle double-covers a non-orientable bundle (X_m²=A_m).… |
papers/P3_THE_PAPER/CLAIM_CANDIDATES.md	double-cover	439	| `B469` | PROVED | S | | Breath wave 1: the two-register residue equals (−1)^((N−1)/2) at four levels, and every metallic bundle double-covers a non-orientable bundle (X_m²=A_m).… |
papers/P3_THE_PAPER/CLAIM_CANDIDATES.md	amphichiral	465	| `B611` | NEGATIVE | S | | Both sealed predictions failed: amphichirality-implies-conjugation-closure breaks on a degenerate one-dimensional edge, and the unit-circle-departure candidate is vacuous… |
papers/P3_THE_PAPER/CLAIM_CANDIDATES.md	amphichiral	467	| `B626` | PROVED | S | | The adjoint Jacobian J = mu + 1/mu is real exactly for the amphichiral words and complex for the chiral ones; the naive crossover laws are refuted.… |
papers/P3_THE_PAPER/CLAIM_CANDIDATES.md	amphichiral	473	| `B643` | NEGATIVE | S | | The amphichiral flip is not a symmetry of the weld double: no invertible global companion exists (solution dimension 1, singular) in either involution class.… |
papers/P3_THE_PAPER/CLAIM_CANDIDATES.md	amphichiral	495	| `B711` | PROVED | S | | Amphichirality and the ℚ(√−3) Galois involution are orthogonal commuting ℤ/2 legs of a V₄; Galois acts freely on Fix(τ) at the geometric point.… |
papers/P3_THE_PAPER/CLAIM_CANDIDATES.md	sl2c-lift	513	| `B855` | PROVED | S | | The programme's genericity controls were family members: m003 is commensurable with m004 (index 12 in PSL(2,O_-3)), and m129 -- proposed by cc as the non-commensurable fi… |
papers/P3_THE_PAPER/CLAIM_CANDIDATES.md	spin	515	| `B908` | PROVED | S | | THE I-EXACTNESS PIN, two of three legs closed: (leg 1) v = prod(rows) + prod(cols) is RATIONAL by the K3,3 bipartition-uniqueness argument (the coupling graph verified co… |
papers/P3_THE_PAPER/SPEC.md	chern-simons	123	2. **Exhibit two of the odd-column signs (torsion sense, CS, CP, chirality) as independently
papers/P3_THE_PAPER/SPEC.md	orientation	140	- **T3** the observer's leg table: archimedean orientation (full bit) · finite form-class label ·
papers/P3_THE_PAPER/SPEC.md	orientation	292	the Gieseking manifold (m004's own orientation double cover) and a Sol-geometry torus on which a
papers/P3_THE_PAPER/SPEC.md	gieseking	292	the Gieseking manifold (m004's own orientation double cover) and a Sol-geometry torus on which a
papers/P3_THE_PAPER/SPEC.md	double-cover	292	the Gieseking manifold (m004's own orientation double cover) and a Sol-geometry torus on which a
papers/P3_THE_PAPER/SPEC.md	orientation	305	$2.0298832128\ldots$; only the cusp shape separates them — computed here); the orientation
papers/P3_THE_PAPER/SPEC.md	knot-in-s3	347	- §3's Reid-uniqueness claim was overstated: our own LAW_MAP says it is **load-bearing at zero
papers/P3_THE_PAPER/main.tex	knot-in-s3	40	knot complement $m004$ --- without importing a value. \textbf{We begin with what is generic.} The
papers/P3_THE_PAPER/main.tex	knot-in-s3	45	$m004$ is the unique arithmetic knot complement~\cite{reid}, so its invariant trace field~\cite{maclachlanreid} $\Q(\sqrt{-3})$ is distinguished where the group-theoretic scaffolding is not.
papers/P3_THE_PAPER/main.tex	knot-in-s3	71	\textbf{Keywords.} arithmetic hyperbolic 3-manifold; figure-eight knot complement; invariant trace
papers/P3_THE_PAPER/main.tex	knot-in-s3	98	The object is the figure-eight knot complement. Its interest here is not that it is a knot
papers/P3_THE_PAPER/main.tex	amphichiral	147	--- both are $2.0298832128\ldots$ --- without being a knot complement. Both are amphichiral. What
papers/P3_THE_PAPER/main.tex	knot-in-s3	147	--- both are $2.0298832128\ldots$ --- without being a knot complement. Both are amphichiral. What
papers/P3_THE_PAPER/main.tex	orientation	187	makes ``fragile'' checkable. The \emph{orientation} fork discards the Gieseking manifold --- which is not a distant
papers/P3_THE_PAPER/main.tex	gieseking	187	makes ``fragile'' checkable. The \emph{orientation} fork discards the Gieseking manifold --- which is not a distant
papers/P3_THE_PAPER/main.tex	orientation	188	alternative but the non-orientable manifold $m004$ \emph{is} the orientation double cover of, at
papers/P3_THE_PAPER/main.tex	orientable	188	alternative but the non-orientable manifold $m004$ \emph{is} the orientation double cover of, at
papers/P3_THE_PAPER/main.tex	double-cover	188	alternative but the non-orientable manifold $m004$ \emph{is} the orientation double cover of, at
papers/P3_THE_PAPER/main.tex	orientation	216	word is realised on a geometric carrier; and \emph{orientation}, which our own accounting marks the
papers/P3_THE_PAPER/main.tex	orientation	238	orientation axiom by the fork that returns fragile, and the observer's closings by four further
papers/P3_THE_PAPER/main.tex	orientation	293	5 & \textbf{AXIOM} & orientation; PRICED, the most expensive \\
papers/P3_THE_PAPER/main.tex	orientation	355	is not cosmetic: it \emph{is} the orientation axiom. The un-squared matrix gives a non-orientable
papers/P3_THE_PAPER/main.tex	orientable	355	is not cosmetic: it \emph{is} the orientation axiom. The un-squared matrix gives a non-orientable
papers/P3_THE_PAPER/main.tex	orientation	357	our object double-covers. This is why we grade the orientation axiom the most expensive: its
papers/P3_THE_PAPER/main.tex	double-cover	357	our object double-covers. This is why we grade the orientation axiom the most expensive: its
papers/P3_THE_PAPER/main.tex	knot-in-s3	425	first way. Uniqueness of the arithmetic knot complement is load-bearing at no step of the
papers/P3_THE_PAPER/main.tex	complex-volume	625	of $384$ cells. An extended run adding the object's own complex volume to the basis reports the same zero. We
papers/P3_THE_PAPER/main.tex	spin	644	into four irreducibles of multiplicity one: two spin-$2$ colour singlets and two coloured
papers/P3_THE_PAPER/main.tex	orientation	673	failures to close on itself --- an orientation cannot be chosen canonically --- and not only here: all $83$ members of the family the object sits in --- the one-cusped orientable hyperbolic
papers/P3_THE_PAPER/main.tex	orientable	673	failures to close on itself --- an orientation cannot be chosen canonically --- and not only here: all $83$ members of the family the object sits in --- the one-cusped orientable hyperbolic
papers/P3_THE_PAPER/main.tex	amphichiral	675	be repeated --- are amphichiral, with no exceptions and no undecided cases --- a sign in a chord
papers/P3_THE_PAPER/main.tex	amphichiral	726	pair is used remains supplied. \emph{Third}: that amphichirality alone makes an archimedean datum
papers/P3_THE_PAPER/main.tex	amphichiral	727	mirror-even. It does not --- the sibling $m003$ is amphichiral, yet its cusp shape is genuinely
papers/P3_THE_PAPER/main.tex	orientation	728	mirror-\emph{odd} under the actual orientation-reversal. For $m004$ that datum is mirror-even because
papers/P3_THE_PAPER/main.tex	spin	844	\emph{The spin lift.} The manifold carries two spin structures, and no coupling can read the
papers/P3_THE_PAPER/main.tex	orientable	846	extension-consistency with the non-orientable manifold our object double-covers --- and that
papers/P3_THE_PAPER/main.tex	double-cover	846	extension-consistency with the non-orientable manifold our object double-covers --- and that
papers/P3_THE_PAPER/main.tex	orientable	848	worth recording here: the non-orientable partner is precisely what the construction \emph{discarded}
papers/P3_THE_PAPER/main.tex	orientable	849	when it took the orientable cover (\S\ref{sec:axioms}), so the object discarded at the most fragile
papers/P3_THE_PAPER/main.tex	spin	1062	the spin lift is assigned by the object's own beat, not free & settled & lock \\
papers/P3_THE_PAPER/main.tex	knot-in-s3	1086	\bibitem{reid} A.~W.~Reid, \emph{Arithmeticity of knot complements}, J.\ London Math.\ Soc.\ (2)
papers/P3_THE_PAPER/main.tex	knot-in-s3	1088	\bibitem{maclachlanreid} C.~Maclachlan and A.~W.~Reid, \emph{The Arithmetic of Hyperbolic
papers/P2_trinity/ABSTRACT.md	knot-in-s3	5	(Reid, 1991; forcing ℚ(√−3) through its hyperbolic geometry). These two uniquenesses about a
papers/P2_trinity/ABSTRACT.md	knot-in-s3	10	Reidemeister-type torsions in the exceptional adjoint representation 𝔢₆ (the dynamical zeta of
papers/P2_trinity/ABSTRACT.md	knot-in-s3	19	with prime content exactly the Fibonacci apparition primes. The geometric Reidemeister torsion
papers/P2_trinity/OUTLINE.md	knot-in-s3	6	Phrasing governor binding; frameworks cited (Reid, Hannay–Berry, Kurlberg–Rudnick,
papers/P2_trinity/OUTLINE.md	knot-in-s3	13	(Reid 1991; forcing ℚ(√−3)). We show this double uniqueness forces the seam field ℚ(√−15) —
papers/P2_trinity/OUTLINE.md	knot-in-s3	16	(Anosov, entropy 4 log φ), its TWO Reidemeister torsions in the E₆ adjoint (dynamical zeta +
papers/P2_trinity/OUTLINE.md	knot-in-s3	28	The double uniqueness (Fact 1 dynamics / Fact 2 Reid geometry) → ℚ(√−15). Why THIS object.
papers/P2_trinity/OUTLINE.md	knot-in-s3	36	| torsion — geometric (E₆) | Reidemeister torsion at the holonomy ρ_geo; rational (√−3 cancels, Galois-inv.); adjoint −3 = disc ℚ(√−3), Eisenstein | test_b425 |
papers/P2_trinity/PAPER.md	knot-in-s3	18	invariants (a periodic-orbit product = a Lefschetz zeta, and Porti's adjoint Reidemeister torsion).
papers/P2_trinity/PAPER.md	knot-in-s3	29	arithmetic knot (Reid, 1991; forcing `ℚ(√−3)` through its hyperbolic geometry). These two
papers/P2_trinity/PAPER.md	knot-in-s3	34	trace-map flow Lyapunov exponent `4 log φ` — two distinct systems, kept distinct `[review]`), its two Reidemeister-type torsions in
papers/P2_trinity/PAPER.md	knot-in-s3	39	geometric Reidemeister torsion at the *hyperbolic holonomy* is Eisenstein (`ℚ(√−3)`, canonical
papers/P2_trinity/PAPER.md	knot-in-s3	61	whose eigenvalues `φ^{±2}` live in `ℚ(√5)`. On the geometric side, `4₁` is — by a theorem of Reid
papers/P2_trinity/PAPER.md	knot-in-s3	84	and (b) the unique arithmetic knot complement, with invariant trace field `ℚ(√−3)`. Consequently its
papers/P2_trinity/PAPER.md	knot-in-s3	89	work via the trace map, lock `B67`). (b) is Reid (1991): `4₁` is the unique arithmetic knot, and its
papers/P2_trinity/PAPER.md	knot-in-s3	102	- The **Eisenstein family** (`→ ℚ(√−3)`): the unique arithmetic knot (Reid); two regular ideal
papers/P2_trinity/PAPER.md	sl2c-lift	104	Bianchi orbifold `H³/PSL(2, ℤ[ω])`; hyperbolic volume in the Bloch group of `ℚ(√−3)`.
papers/P2_trinity/PAPER.md	amphichiral	106	Their fields multiply to `ℚ(√−15)`'s class field, and the amphichiral `ℤ/2` symmetry of `4₁`
papers/P2_trinity/PAPER.md	sl2c-lift	120	**Dynamics.** The trace-map flow of `4₁` on its `SL(2,ℂ)` character variety is Anosov, with Lyapunov
papers/P2_trinity/PAPER.md	knot-in-s3	184	**Theorem 4b (the geometric torsion at the holonomy — Eisenstein).** *The E₆-adjoint Reidemeister
papers/P2_trinity/PAPER.md	knot-in-s3	189	adjoint value is `−3 = disc ℚ(√−3)`. This is Porti's adjoint Reidemeister-torsion form, and it
papers/P2_trinity/PAPER.md	knot-in-s3	291	- A. Reid, *Arithmeticity of knot complements*, J. London Math. Soc. 43 (1991) — `4₁` is the unique
papers/P2_trinity/PAPER.md	knot-in-s3	293	- J. Porti, *Torsion de Reidemeister pour les variétés hyperboliques*, Mem. AMS 128 (1997) — the
papers/P2_trinity/PAPER.md	knot-in-s3	294	adjoint Reidemeister-torsion form.
papers/P2_trinity/PAPER.md	knot-in-s3	295	- P. Menal-Ferrer, J. Porti, adjoint cohomology / higher-dimensional Reidemeister torsion of cusped
papers/P2_trinity/THEOREMS.md	knot-in-s3	8	knot complement, with invariant trace field ℚ(√−3). Consequently its two canonical fields —
papers/P2_trinity/THEOREMS.md	knot-in-s3	12	*Proof sketch.* (a) is the standard fibering of 4₁ (Cooper–Long; B67). (b) is Reid (1991):
papers/P2_trinity/THEOREMS.md	knot-in-s3	15	= Hilbert class field = ℚ(√−3,√5) (genus theory). ∎ [Fact (a) lock: B67; (b) Reid 1991.]
papers/P2_trinity/THEOREMS.md	knot-in-s3	28	knot (Reid); two regular ideal tetrahedra of shape ω=e^{iπ/3} (⇒ the trace field ℚ(√−3)
papers/P2_trinity/THEOREMS.md	sl2c-lift	30	Bianchi orbifold H³/PSL(2,ℤ[ω]); volume in the Bloch group of ℚ(√−3).
papers/P2_trinity/THEOREMS.md	amphichiral	32	amphichiral ℤ/2 of 4₁ is the class group. 4₁ is the MINIMAL meeting (the simplest hyperbolic
papers/P2_trinity/THEOREMS.md	knot-in-s3	33	knot). [G-family: G1 banked B67, G2–G5 classical; E-family: E1 Reid 1991, E2–E5 classical.]
papers/P2_trinity/THEOREMS.md	sl2c-lift	43	**Theorem 2 (dynamics).** The trace-map flow of 4₁ on its SL(2,ℂ) character variety is
papers/P2_trinity/THEOREMS.md	knot-in-s3	65	Reidemeister torsion of 4₁ at the *discrete faithful holonomy* ρ_geo (a↦[[1,1],[0,1]],
papers/P2_trinity/THEOREMS.md	knot-in-s3	70	adjoint Reidemeister-torsion form, reproducing the value computed independently by the normal
papers/metallic_one_object/ARITHMETIC_SELECTION.md	det-minus-1	30	`m`, `det −1`, characteristic polynomial `x²−mx−1`, discriminant `n=m²+4`. The figure-eight knot complement is
papers/metallic_one_object/ARITHMETIC_SELECTION.md	knot-in-s3	30	`m`, `det −1`, characteristic polynomial `x²−mx−1`, discriminant `n=m²+4`. The figure-eight knot complement is
papers/metallic_one_object/ARITHMETIC_SELECTION.md	spin	47	Two consequences pin the arithmetic:
papers/metallic_one_object/ARITHMETIC_SELECTION.md	det-minus-1	49	`det +1`, `disc 9−4=5`; the homological monodromy `M_1=[[1,1],[1,0]]` has trace 1, `det −1`, `disc 1+4=5` — both
papers/metallic_one_object/ARITHMETIC_SELECTION.md	det-minus-1	93	`det −1` = silver `M_2`); the object's elements are **odd-trace** (`disc ≡ 1 mod 4`), so `ℚ(√2)` lives at
papers/metallic_one_object/ARITHMETIC_SELECTION.md	sl2c-lift	111	invariant trace field `ℚ(√−3)` (`4₁` is **arithmetic**, Bianchi `PSL(2,O₃)`). So the object's imaginary arithmetic
papers/metallic_one_object/PAPER.md	knot-in-s3	38	the bundle is the figure-eight knot complement `S³∖4₁` (the simplest hyperbolic knot complement by volume, and the
papers/metallic_one_object/PAPER.md	knot-in-s3	39	unique arithmetic knot complement [lit: Reid; Maclachlan–Reid]). The discriminant `n=m²+4` governs the quantum
papers/metallic_one_object/PAPER.md	sl2c-lift	43	`SL(2,ℂ)` character variety is the elliptic curve **40a1** (conductor `2³·5`, non-CM, rank 0) **[banked B211]**;
papers/metallic_one_object/PAPER.md	det-minus-1	90	`disc 5`; the homological monodromy `M₁=(¹₁¹₀)` has trace 1, `det−1`, `disc 5` — both give `ℚ(√5)`.
papers/metallic_one_object/PAPER.md	complex-volume	115	ideal-tetrahedron shape `e^{iπ/3}` (`Vol=6Λ(π/3)`): one geometric quantity, the complex volume across the
papers/metallic_one_object/PAPER.md	knot-in-s3	131	obstruction, not a near-miss: `H₁(Mₘ)=ℤ⊕(ℤ/m)²` equals `ℤ` (a knot complement in `S³`) **iff `m=1`**, so only the
papers/metallic_one_object/PAPER.md	double-cover	132	figure-eight has the knot determinant / lens-space double cover the transition is built from **[banked B251]**.
papers/metallic_one_object/PAPER.md	amphichiral	182	- **amphichirality ⇒ real, in `ℤ[φ]`** — a property of the whole *class* (Habiro integrality intersected with the
papers/metallic_one_object/PAPER.md	amphichiral	193	### 4.5 Three SU(3)'s, three faces — and what unifies the quantum one with amphichirality
papers/metallic_one_object/PAPER.md	complex-volume	204	complex volumes `{4·Vol(4₁), 0, 0}`, the geometric one the `Sym²` factor `(n³−n)/6=4` **[banked B244]**; and two
papers/metallic_one_object/PAPER.md	amphichiral	217	normalization), while chiral knots give complex-conjugate pairs. So *amphichirality is precisely the condition that makes the level-rank coincidence exact* —
papers/metallic_one_object/PAPER.md	amphichiral	218	binding the §4.4 amphichirality theme to the §4.3/B238 level-rank theme. **[banked B242]**
papers/metallic_one_object/PAPER.md	complex-volume	242	complex volume / Chern–Simons class is a dimensionless element of `ℂ/4π²ℤ`; all dimensionful content of the 3d–3d
papers/metallic_one_object/PAPER.md	double-cover	261	degenerate), and `E₈` (spherical `ℤ/2` orbifold, `ℚ(√5)`; double cover the lens space `L(5,2)`, `det(4₁)=5`).
papers/metallic_one_object/PAPER.md	knot-in-s3	264	cone-manifold deformation **[banked B248/B249]** (figure-eight-specific: only `m=1` is a knot complement, so only it
papers/metallic_one_object/PAPER.md	sl2c-lift	273	degree 6 keeps invariant trace field `ℚ(√−3)` (`4₁` is arithmetic, Bianchi `PSL(2,O₃)`) **[banked B235]**. With
papers/metallic_one_object/PAPER.md	chern-simons	293	| twist-knot `SU(3)` ↔ our level-rank `SU(3)₂`? | is the Gang–Yonekura twist-knot `SU(3)` the §4.3 `SU(2)₃↔SU(3)₂` dual? | **[resolved — distinct, B241]** No: Gang–Yonekura's [arXiv:1803.04009] is a global *flavor* symmetry of `T[K]`, **uni
papers/metallic_one_object/PAPER.md	sl2c-lift	294	| does the holonomy break `E₆` to the SM gauge group? | `C_{E₆}(SU(2)_long)` via Sage branchings; and is the geometric holonomy `SU(2)`-valued? | **[resolved — the bridge fails, B247]** The Lie theory is real but generic: `C_{E₆}(SU(2)_long
papers/metallic_one_object/PAPER.md	chern-simons	295	| a 4-manifold from the figure-eight's flat connections? | Slavich's hyperbolic 4-manifold bounded by `4₁` × the `SL(2,ℂ)` CS / 4-simplex constructions on `40a1` | **[open — mathematics, NEEDS-SPECIALIST]** left to specialists; no scale is 
papers/metallic_one_object/PAPER.md	sl2c-lift	295	| a 4-manifold from the figure-eight's flat connections? | Slavich's hyperbolic 4-manifold bounded by `4₁` × the `SL(2,ℂ)` CS / 4-simplex constructions on `40a1` | **[open — mathematics, NEEDS-SPECIALIST]** left to specialists; no scale is 
papers/metallic_one_object/PAPER.md	knot-in-s3	307	Maclachlan–Reid, Reid (figure-eight arithmetic / unique arithmetic knot); Cantat 2009, Goldman, Fricke–Vogt
papers/metallic_one_object/PAPER.md	chern-simons	312	Zagier, Dimofte, Córdova–Jafferis (3d–3d / complex CS); Gang–Yonekura arXiv:1803.04009 (twist-knot flavor `SU(3)`),
papers/metallic_one_object/PAPER.md	complex-volume	316	Zickert (Ptolemy / SL(n) complex volumes). In-repo provenance: B210, B211, B221–B224, B228, B230, B233–B246 (and
papers/metallic_one_object/PAPER_PLAN.md	sl2c-lift	45	- fig-8 arithmetic / `ℚ(√−3)` / Bianchi `PSL(2,O₃)` — Maclachlan–Reid; figure-eight = unique arithmetic knot (Reid).
papers/metallic_one_object/PAPER_PLAN.md	knot-in-s3	45	- fig-8 arithmetic / `ℚ(√−3)` / Bianchi `PSL(2,O₃)` — Maclachlan–Reid; figure-eight = unique arithmetic knot (Reid).
papers/metallic_one_object/SYNTHESIS.md	knot-in-s3	47	member is the **figure-eight knot complement** (its once-punctured-torus bundle has monodromy
papers/metallic_one_object/SYNTHESIS.md	amphichiral	164	- **The chirality / amphichirality barrier** (B128–B147): the metallic family is **mirror-closed** (each
papers/metallic_one_object/SYNTHESIS.md	det-minus-1	229	$M_1$ ($\det=-1$) gives $\operatorname{disc}=+5\to\mathbb{Q}(\sqrt5)\to E_8$, and the cusp shape ($\det=+1$,
papers/metallic_one_object/SYNTHESIS.md	amphichiral	246	arithmetic) `[B211/L33]`. **Geometry across the family `[B211]`:** every $R^mL^m$ is **amphichiral** ($\mathrm{CS}=0$,
papers/metallic_one_object/SYNTHESIS.md	chern-simons	246	arithmetic) `[B211/L33]`. **Geometry across the family `[B211]`:** every $R^mL^m$ is **amphichiral** ($\mathrm{CS}=0$,
papers/metallic_one_object/SYNTHESIS.md	sl2c-lift	329	**five-wall map** (`B259`) is updated accordingly (`B268`): wall #1 (SL(2,ℂ) vs compact $E_6$) **dissolves** (it was
papers/metallic_one_object/SYNTHESIS.md	amphichiral	378	"the nothing." Its symmetries (amphichirality, CP) are *open-object* symmetries; **closing it — Dehn filling, the
papers/metallic_one_object/SYNTHESIS.md	amphichiral	382	- **The seam supplies the ingredients** `[B286]`: the cusped object is amphichiral ($\mathrm{CS}=0$); generic fillings
papers/metallic_one_object/SYNTHESIS.md	chern-simons	382	- **The seam supplies the ingredients** `[B286]`: the cusped object is amphichiral ($\mathrm{CS}=0$); generic fillings
papers/metallic_one_object/SYNTHESIS.md	chern-simons	390	($\mathrm{CS}(p,-q)=-\mathrm{CS}(p,q)$, handedness $=$ the $\mathbb{Q}(\sqrt{-3})$ Galois $\pm\pi/6$ swap) but the
papers/metallic_trace_map_note/NOTE.md	knot-in-s3	31	**trace map** on these coordinates. The **figure‑eight knot complement** is the once‑punctured‑torus
papers/metallic_trace_map_note/NOTE.md	det-minus-1	205	signature $(1,3)$, with $\det = -15 = \operatorname{disc}\mathbb{Q}(\sqrt5)\cdot\operatorname{disc}\mathbb{Q}(\sqrt{-3})$
papers/metallic_trace_map_note/NOTE.md	det-minus-1	296	invariant form with $\det=-15$ and signature $(1,3)$. (The invariant‑form space is 2‑dimensional;
papers/metallic_trace_map_note/NOTE.md	det-minus-1	297	the stated $\det=-15$ is for the natural primitive integral representative.)
papers/P1_value_theory/OUTLINE.md	double-cover	10	We study the level-N Weil (theta) representation of the metaplectic double cover attached to
papers/P1_value_theory/OUTLINE.md	chern-simons	46	closest prior (abelian CS = Weil reps; our pair+twist extends it). Frameworks cited.
papers/P1_value_theory/PAPER.md	double-cover	27	of the metaplectic double cover, carrying a half-characteristic twist. We study the
papers/P1_value_theory/PAPER.md	double-cover	63	metaplectic double cover. This is classical (Weil; and, for the cat map specifically, Hannay–Berry
papers/P3_forcing_chain_residue/DRAFT_v1.md	orientation	15	builds and ask what survives every level. The answer is a single sign. The orientation character
papers/P3_forcing_chain_residue/DRAFT_v1.md	orientation	63	**Theorem F2 (the norm identity).** For every m, det X_m = N(λ_m) = −1: the orientation character
papers/P3_forcing_chain_residue/DRAFT_v1.md	orientation	65	companion matrix of x² − mx − 1, whose constant term is −1. The half is orientation-reversing at
papers/P3_forcing_chain_residue/DRAFT_v1.md	orient-reversing	65	companion matrix of x² − mx − 1, whose constant term is −1. The half is orientation-reversing at
papers/P3_forcing_chain_residue/DRAFT_v1.md	orientation	99	**Theorem F6 (the two registers agree).** The quantum orientation det(Par@N) and the classical
papers/P3_forcing_chain_residue/DRAFT_v1.md	orientation	100	orientation sign(σ acting on (ℤ/N)²) are equal, and both equal (−1)^{(N−1)/2} (Jacobi). At the
papers/P3_forcing_chain_residue/DRAFT_v1.md	orientation	105	theorem is that the mirrors agree. There is one orientation, and the two quantizations of the
papers/P3_forcing_chain_residue/DRAFT_v2.md	orientation	22	the quantized map, are the same orientation bit. In the *quantum* register the same object refines:
papers/P3_forcing_chain_residue/DRAFT_v2.md	orientation	52	orientations read as one sign. Section 6 is the deepest: the *held breath*, the fixed locus of the
papers/P3_forcing_chain_residue/DRAFT_v2.md	orientation	72	**Theorem F2 (the norm identity).** For every m, det X_m = N(λ_m) = −1: the orientation character
papers/P3_forcing_chain_residue/DRAFT_v2.md	orientation	74	companion matrix of x² − mx − 1, whose constant term is −1. The half is orientation-reversing at
papers/P3_forcing_chain_residue/DRAFT_v2.md	orient-reversing	74	companion matrix of x² − mx − 1, whose constant term is −1. The half is orientation-reversing at
papers/P3_forcing_chain_residue/DRAFT_v2.md	orientation	114	**Theorem F6 (the quantum and classical orientations agree).** The quantum orientation det(Par@N)
papers/P3_forcing_chain_residue/DRAFT_v2.md	orientation	115	and the classical orientation sign(σ acting on (ℤ/N)²) are equal, and both equal (−1)^{(N−1)/2}
papers/P3_forcing_chain_residue/DRAFT_v2.md	orientation	116	(Jacobi). At the seam levels 15, 45, 75, 225 they agree: the orientation read through the quantized
papers/P3_forcing_chain_residue/DRAFT_v2.md	orientation	117	parity operator and the orientation read through the classical map are the same sign, at every
papers/P3_forcing_chain_residue/DRAFT_v2.md	orientation	121	classical map — and the theorem is that the mirrors agree. There is one orientation, and the two
papers/P3_forcing_chain_residue/DRAFT_v3.md	orientation	24	the quantized map, are the same orientation bit. In the *quantum* register the same object refines:
papers/P3_forcing_chain_residue/DRAFT_v3.md	orientation	54	orientations read as one sign. Section 6 is the deepest: the *held breath*, the fixed locus of the
papers/P3_forcing_chain_residue/DRAFT_v3.md	orientation	74	**Theorem F2 (the norm identity).** For every m, det X_m = N(λ_m) = −1: the orientation character
papers/P3_forcing_chain_residue/DRAFT_v3.md	orientation	76	companion matrix of x² − mx − 1, whose constant term is −1. The half is orientation-reversing at
papers/P3_forcing_chain_residue/DRAFT_v3.md	orient-reversing	76	companion matrix of x² − mx − 1, whose constant term is −1. The half is orientation-reversing at
papers/P3_forcing_chain_residue/DRAFT_v3.md	orientation	116	**Theorem F6 (the quantum and classical orientations agree).** The quantum orientation det(Par@N)
papers/P3_forcing_chain_residue/DRAFT_v3.md	orientation	117	and the classical orientation sign(σ acting on (ℤ/N)²) are equal, and both equal (−1)^{(N−1)/2}
papers/P3_forcing_chain_residue/DRAFT_v3.md	orientation	118	(Jacobi). At the seam levels 15, 45, 75, 225 they agree: the orientation read through the quantized
papers/P3_forcing_chain_residue/DRAFT_v3.md	orientation	119	parity operator and the orientation read through the classical map are the same sign, at every
papers/P3_forcing_chain_residue/DRAFT_v3.md	orientation	123	classical map — and the theorem is that the mirrors agree. There is one orientation, and the two
papers/P3_forcing_chain_residue/DRAFT_v4.md	orientation	12	are THREE distinct orientation invariants that agree only in special cases — not "one residue" (the norm
papers/P3_forcing_chain_residue/DRAFT_v4.md	orientation	30	and ask what survives every level. What survives is orientation — but read carefully, because it is
papers/P3_forcing_chain_residue/DRAFT_v4.md	orientation	31	not one number: it is a small family of orientation invariants that agree exactly where they meet.
papers/P3_forcing_chain_residue/DRAFT_v4.md	orientation	37	a fixed orientation sign times a ℤ/3 character of the letter imbalance mod 3, collapsing to −1 exactly
papers/P3_forcing_chain_residue/DRAFT_v4.md	orientation	38	on the balanced words #R = #L. These are three faces of orientation, not one residue; they coincide
papers/P3_forcing_chain_residue/DRAFT_v4.md	orientation	55	wash out into class data. But underneath the growth, orientation is conserved — and the honest
papers/P3_forcing_chain_residue/DRAFT_v4.md	orientation	57	orientation appears as *three* related invariants, in three different registers, agreeing exactly
papers/P3_forcing_chain_residue/DRAFT_v4.md	orientation	67	level too strong; the corrected picture — three faces of orientation with explicit coincidence
papers/P3_forcing_chain_residue/DRAFT_v4.md	orientation	70	Section 5 is the two-register parity law — the quantum and classical orientations agree at each level,
papers/P3_forcing_chain_residue/DRAFT_v4.md	orientation	91	**Theorem F2 (the norm identity).** For every m, det X_m = N(λ_m) = −1: the orientation character
papers/P3_forcing_chain_residue/DRAFT_v4.md	orientation	93	companion matrix of x² − mx − 1, whose constant term is −1. The half is orientation-reversing at
papers/P3_forcing_chain_residue/DRAFT_v4.md	orient-reversing	93	companion matrix of x² − mx − 1, whose constant term is −1. The half is orientation-reversing at
papers/P3_forcing_chain_residue/DRAFT_v4.md	orientation	113	{−1, −ω, −ω²}** — a fixed orientation sign times a ℤ/3 character of the imbalance. It is *three-valued*,
papers/P3_forcing_chain_residue/DRAFT_v4.md	orientation	125	This is orientation in its quantum dress: the balance sign refined by the quantization to a three-valued
papers/P3_forcing_chain_residue/DRAFT_v4.md	orientation	134	**Theorem F6 (the quantum and classical orientations agree at each level).** The quantum orientation
papers/P3_forcing_chain_residue/DRAFT_v4.md	orientation	135	det(Par@N) and the classical orientation sign(σ acting on (ℤ/N)²) are equal, and both equal
papers/P3_forcing_chain_residue/DRAFT_v4.md	orientation	145	draft did, calling them "the same orientation bit" — conflates a level-indexed alternating sign with a
papers/P3_forcing_chain_residue/DRAFT_v4.md	orientation	146	family-indexed constant one; they are two of the three faces of orientation this paper distinguishes,
papers/P3_forcing_chain_residue/DRAFT_v4.md	orientation	200	the values — and watched for what would not go. What would not go was orientation. It is not one
papers/P3_forcing_chain_residue/DRAFT_v4.md	orientation	215	orientation (the constant norm; the level-alternating parity; the three-valued word-determinant, with
papers/P3_forcing_chain_residue/DRAFT_v4.md	orientation	240	the three orientation invariants as distinct, and the order-5 field as degree-4 over ℚ(√5). The
papers/P1_seam_form/CLAIMS.md	gieseking	12	| S4 | **The exchange identity**: Par-conjugation / the σ-exchange W₁ ↔ W₂ acts on the seam values by a specific involution | L-SEAM + T-SIGMA (B466) | `sigma_action.py` | Gieseking deck action, thin lit |
papers/P1_seam_form/CLAIMS.md	orientation	16	| S8 | **Par is the orientation involution**: det(Par) = −1, Par = Weil image of −I; the whole seam is "watched through Par" | T-2REG/T-PQB (B469/B470) | `br1_br2.py`, `rf3_quantum.py` | DERIVABLE (Jacobi symbol) |
papers/P1_seam_form/CLAIMS.md	orientation	20	| S12 | **The two-register breath**: det(Par@N) = sign(σ on (ℤ/N)²) = (−1)^{(N−1)/2}, the quantum and classical orientation breathe together (levels 15/45/75/225) | T-2REG (B469 BR1) | `br1_br2.py` | DERIVABLE (Jacobi) |
papers/P1_seam_form/DRAFT_v1.md	orientation	15	orientation-reversal): the *seam form* (a,b) ↦ tr(Par·P_a·Q_b), P_a and Q_b the spectral
papers/P1_seam_form/DRAFT_v1.md	orientation	41	the quantized image of −I, with det Par = −1: the operator through which orientation is read.
papers/P1_seam_form/DRAFT_v1.md	gieseking	139	pair, the Gieseking deck action) acts on the seam values by an explicit involution; the seam form
papers/P1_seam_form/DRAFT_v1.md	orientation	140	is symmetric under it up to the orientation sign carried by Par.
papers/P1_seam_form/DRAFT_v2.md	orientation	17	orientation-reversal): the *seam form* (a,b) ↦ tr(Par·P_a·Q_b), with P_a, Q_b the spectral
papers/P1_seam_form/DRAFT_v2.md	orientation	50	is Par, the quantized image of −I, with det Par = −1: the operator through which orientation is
papers/P1_seam_form/DRAFT_v2.md	gieseking	172	pair, the Gieseking deck action) acts on the seam values by an explicit involution; the seam form
papers/P1_seam_form/DRAFT_v2.md	orientation	173	is symmetric under it up to the orientation sign carried by Par.
papers/P1_seam_form/DRAFT_v3.md	orientation	19	orientation-reversal): the *seam form* (a,b) ↦ tr(Par·P_a·Q_b), with P_a, Q_b the spectral
papers/P1_seam_form/DRAFT_v3.md	orientation	52	is Par, the quantized image of −I, with det Par = −1: the operator through which orientation is
papers/P1_seam_form/DRAFT_v3.md	gieseking	174	pair, the Gieseking deck action) acts on the seam values by an explicit involution; the seam form
papers/P1_seam_form/DRAFT_v3.md	orientation	175	is symmetric under it up to the orientation sign carried by Par.
papers/P1_seam_form/DRAFT_v4.md	orientation	29	orientation-reversal): the seam trace (a,b) ↦ tr(Par·P_a·Q_b), with P_a, Q_b the spectral
papers/P1_seam_form/DRAFT_v4.md	orientation	65	is Par, the quantized image of −I, with det Par = −1: the operator through which orientation is
papers/P1_seam_form/DRAFT_v4.md	gieseking	194	pair, the Gieseking deck action) acts on the seam values by an explicit involution; the seam form
papers/P1_seam_form/DRAFT_v4.md	orientation	195	is symmetric under it up to the orientation sign carried by Par.
papers/P1_seam_form/OUTLINE.md	det-minus-1	23	image of −I (det −1). Reading guide + honesty protocol. [S8, S11]
papers/tex/P1_the_seam_form.tex	orientation	25	Fix the two quantized cat maps \(W_{1}, W_{2}\) of the golden and silver monodromies at level N \(= 15 = tr(A_{1}A_{2})\). Watch their interaction through the parity operator Par (the quantized orientation-reversal): the seam trace (a,b) \(
papers/tex/P1_the_seam_form.tex	orientation	33	The two objects are the Weil \(/\) Hannay–Berry quantizations \(W_{1}, W_{2}\) of the golden and silver monodromies \(A_{1} = \left(\begin{smallmatrix}2 & 1\\1 & 1\end{smallmatrix}\right), A_{2} = \left(\begin{smallmatrix}5 & 2\\2 & 1\end{s
papers/tex/P1_the_seam_form.tex	orientation	108	The half-monodromy exchange \(\sigma : W_{1} \leftrightarrow  W_{2}\) (the Dehn-filling pair, the Gieseking deck action) acts on the seam values by an explicit involution; the seam form is symmetric under it up to the orientation sign carri
papers/tex/P1_the_seam_form.tex	gieseking	108	The half-monodromy exchange \(\sigma : W_{1} \leftrightarrow  W_{2}\) (the Dehn-filling pair, the Gieseking deck action) acts on the seam values by an explicit involution; the seam form is symmetric under it up to the orientation sign carri
papers/tex/P2_the_inversion_law.tex	orientation	25	Dehn surgery on a knot complement produces a closed 3-manifold — the \emph{child} — and forgets its \emph{parent}: distinct knots can be surgered to the same child. We study the child of the figure-eight knot at slope (5,1) and prove, over 
papers/tex/P2_the_inversion_law.tex	knot-in-s3	25	Dehn surgery on a knot complement produces a closed 3-manifold — the \emph{child} — and forgets its \emph{parent}: distinct knots can be surgered to the same child. We study the child of the figure-eight knot at slope (5,1) and prove, over 
papers/tex/P2_the_inversion_law.tex	knot-in-s3	31	If you glue a solid torus into a knot complement, you get a closed manifold, and you throw a question away: \emph{which knot?} Two different knots, surgered along the right slopes, land on the same closed manifold, and the manifold keeps no
papers/tex/P2_the_inversion_law.tex	orientation	33	The temptation, at the start, was that the figure-eight is special — arithmetic, the simplest hyperbolic knot, its trace field the Eisenstein field \(\mathbb{Q}(\sqrt{-3})\) — and that its specialness would survive into the child and mark i
papers/tex/P2_the_inversion_law.tex	chern-simons	37	The figure-eight complement \(4_{1}\) has one cusp; the surgery slope (p,q) fills it, producing the closed manifold \(4_{1}(p,q)\). At slope (5,1) the child is hyperbolic, with volume 0.9813688, \(H_{1} = \mathbb{Z}/5\), and a well-defined 
papers/tex/P2_the_inversion_law.tex	orientation	41	For orientation bookkeeping, recall the diagnostic used throughout: for an oriented hyperbolic 3-manifold, the trace field carries a distinguished \emph{geometric} complex embedding (the one through which the holonomy is read), and the mirr
papers/tex/P2_the_inversion_law.tex	chern-simons	41	For orientation bookkeeping, recall the diagnostic used throughout: for an oriented hyperbolic 3-manifold, the trace field carries a distinguished \emph{geometric} complex embedding (the one through which the holonomy is read), and the mirr
papers/tex/P2_the_inversion_law.tex	orientation	52	The child carries four flat \(SL(2,\mathbb{C})\) vacua; the geometric one reproduces the banked Chern–Simons value CS \(= \pm 0.07703818\), and this value is a mirror pair — its two signs are the two orientations — governed by the B289 sign
papers/tex/P2_the_inversion_law.tex	chern-simons	52	The child carries four flat \(SL(2,\mathbb{C})\) vacua; the geometric one reproduces the banked Chern–Simons value CS \(= \pm 0.07703818\), and this value is a mirror pair — its two signs are the two orientations — governed by the B289 sign
papers/tex/P2_the_inversion_law.tex	orientation	57	\section{The census and the orientation signature (non-uniform)}
papers/tex/P2_the_inversion_law.tex	orientation	60	\(4_{1}(5,1)\) and \(5_{2}(5,1)\) are the same underlying manifold \(m003(-2,3)\), but as \emph{oriented} manifolds they are mirror images. The evidence is arithmetic and geometric at once: both have trace field \(\mathbb{Q}[x]/(x^{4} -\) x
papers/tex/P2_the_inversion_law.tex	orientation	63	\begin{theorem}[the triple is orientation-preserving — the law is not uniform]
papers/tex/P2_the_inversion_law.tex	orientation	64	Across the in-window census of surgery collisions on twist knots, a \emph{triple} also occurs: \(4_{1}(1,2) = 5_{2}(-1,1) = 6_{1}(1,1)\), a \(\mathbb{Z}-homology\) sphere (\(H_{1} = 0\), volume 1.3985089). These three fillings are the \emph
papers/tex/P2_the_inversion_law.tex	chern-simons	64	Across the in-window census of surgery collisions on twist knots, a \emph{triple} also occurs: \(4_{1}(1,2) = 5_{2}(-1,1) = 6_{1}(1,1)\), a \(\mathbb{Z}-homology\) sphere (\(H_{1} = 0\), volume 1.3985089). These three fillings are the \emph
papers/tex/P2_the_inversion_law.tex	orientation	67	The census is the empirical spine of the paper, and it refutes the clean law we first proposed. It is \emph{not} true that every collision on this family is a mirror pair. What is true is weaker and still sharp: whenever two (or more) knots
papers/tex/P2_the_inversion_law.tex	orientation	71	\textbf{The inversion law (corrected).} Surgery on the figure-eight family forgets the parent knot's arithmetic entirely — trace field, Alexander polynomial, genus, chirality-as-knot — and the residual distinction between colliding parents 
papers/tex/P2_the_inversion_law.tex	orientation	73	The law is stated for what it forbids as much as for what it keeps. It forbids reading the Eisenstein field \(\mathbb{Q}(\sqrt{-3})\), the parent's Alexander polynomial, the parent's genus, or the parent's chirality-as-knot out of the child
papers/tex/P2_the_inversion_law.tex	orientation	77	Classical: cosmetic-surgery and common-filling phenomena (Brakes; Livingston; the twist-knot surgery literature); the class-invariance of trace fields under commensurability (Neumann–Reid); the B289 Chern–Simons sign law's geometric origin 
papers/tex/P2_the_inversion_law.tex	orient-reversing	77	Classical: cosmetic-surgery and common-filling phenomena (Brakes; Livingston; the twist-knot surgery literature); the class-invariance of trace fields under commensurability (Neumann–Reid); the B289 Chern–Simons sign law's geometric origin 
papers/tex/P2_the_inversion_law.tex	knot-in-s3	77	Classical: cosmetic-surgery and common-filling phenomena (Brakes; Livingston; the twist-knot surgery literature); the class-invariance of trace fields under commensurability (Neumann–Reid); the B289 Chern–Simons sign law's geometric origin 
papers/tex/P2_the_inversion_law.tex	orientation	81	Census filter and collision enumeration \texttt{B467\_family\_residue\_wall/census.py}, \texttt{f3\_wall.py}; the child's vacua and Chern–Simons \(\texttt{B434}/\texttt{B458}\) engines; the B289 sign law. Revision verification (2026-07-08):
papers/tex/P2_the_inversion_law.tex	knot-in-s3	85	\bibitem{nr} W.~D. Neumann and A.~W. Reid, \emph{Arithmetic of hyperbolic manifolds}, in Topology '90, de Gruyter (1992), 273--310.
papers/tex/P3_forcing_chain_and_residue.tex	orientation	25	The substitution \(\sigma \): a \(\to \) ab, b \(\to \) a generates the entire program: its eigenvalue is the golden ratio, its companion matrix is the golden monodromy, its mapping torus is the figure-eight, its trace field is \(\mathbb{Q}
papers/tex/P3_forcing_chain_and_residue.tex	orientation	31	A generating rule is a small thing that will not stop. \(\sigma \): a \(\to \) ab, b \(\to \) a is two arrows, and from them the whole object unfolds: the golden ratio as the growth rate, the matrix \(\left(\begin{smallmatrix}1 & 1\\1 & 0\e
papers/tex/P3_forcing_chain_and_residue.tex	orientation	33	The \textbf{norm} of the scale, \(N(\lambda _{m}) = -1\), is a \(\mathbb{Z}/2\) that is constant across the family. The \textbf{parity} of the map, \((-1)^\{(N-1)/2\}\), is a \(\mathbb{Z}/2\) whose two quantizations (quantum det(Par) and cl
papers/tex/P3_forcing_chain_and_residue.tex	orientation	46	For every m, det \(X_{m} = N(\lambda _{m}) = -1\): the orientation character of the metallic half and the field norm of the metallic scale coincide, because \(X_{m}\) is the companion matrix of \(x^{2} -\) mx \(-\) 1, whose constant term is
papers/tex/P3_forcing_chain_and_residue.tex	orient-reversing	46	For every m, det \(X_{m} = N(\lambda _{m}) = -1\): the orientation character of the metallic half and the field norm of the metallic scale coincide, because \(X_{m}\) is the companion matrix of \(x^{2} -\) mx \(-\) 1, whose constant term is
papers/tex/P3_forcing_chain_and_residue.tex	orientation	58	Define the residue of a word w \(\in \) \{R,L\}\emph{ as \(det(Par\cdot W(w))\) at level 15. Then residue(w) \(= -\omega ^\{\#L-\#R\}, \omega  = e^\{2\pi i/3\}\): it depends only on the letter imbalance mod 3, via the elementary determinant
papers/tex/P3_forcing_chain_and_residue.tex	orientation	65	This is orientation in its quantum dress: the balance sign refined by the quantization to a three-valued character of the imbalance, acquiring a period-8 heartbeat set by the golden recurrence reduced mod the Markov prime 3. Two earlier dra
papers/tex/P3_forcing_chain_and_residue.tex	orientation	69	\begin{theorem}[the quantum and classical orientations agree at each level]
papers/tex/P3_forcing_chain_and_residue.tex	orientation	70	The quantum orientation det(Par@N) and the classical orientation \(sign(\sigma \) acting on \((\mathbb{Z}/N)^{2}\)) are equal, and both equal \((-1)^\{(N-1)/2\}\) (Jacobi). At the seam levels this reads: N \(= 15 \to  -1\), N \(= 45 \to \) 
papers/tex/P3_forcing_chain_and_residue.tex	orientation	73	This is a genuine \(\mathbb{Z}/2\) — the \emph{parity register} — seen in two mirrors at once (the quantum parity operator and the classical map), and the content is that the mirrors agree. It is a distinct invariant from the norm register 
papers/tex/P3_forcing_chain_and_residue.tex	orientation	93	The program's method is its subject. To find the residue we did what \(\sigma \) does: we generated everything the object touches and let the magnitudes cancel — the traces, the fields, the volumes, the values — and watched for what would n
papers/tex/P3_forcing_chain_and_residue.tex	orientation	97	Classical: units of norm \(-1\) in real quadratic orders (Dirichlet); the Pisano period (Lagrange); the Jacobi-symbol parity of the metaplectic determinant; the Markoff-cubic modular action on the one-holed-torus character variety (Goldman)
papers/tex/P3_forcing_chain_and_residue.tex	orientation	101	Norm identity \texttt{br\_n\_norm.py} (B469); the determinant law and Pisano rhythm \texttt{rf3\_quantum.py} (B470, which decodes exactly the three symbols \(\{-1, -\omega , -\omega ^{2}\}\)); the two-register parity \texttt{br1\_br2.py} (B
papers/tex/P4_the_metallic_family.tex	orientation	25	For integers m \(\ge \) 1 let \(A_{m} = R^{m} L^{m} = \left(\begin{smallmatrix}m^{2}+1 & m\\m & 1\end{smallmatrix}\right) \in  SL(2,\mathbb{Z})\) — the \emph{metallic matrices}, a family of once-punctured-torus bundle monodromies each admit
papers/tex/P4_the_metallic_family.tex	orient-reversing	25	For integers m \(\ge \) 1 let \(A_{m} = R^{m} L^{m} = \left(\begin{smallmatrix}m^{2}+1 & m\\m & 1\end{smallmatrix}\right) \in  SL(2,\mathbb{Z})\) — the \emph{metallic matrices}, a family of once-punctured-torus bundle monodromies each admit
papers/tex/P4_the_metallic_family.tex	knot-in-s3	25	For integers m \(\ge \) 1 let \(A_{m} = R^{m} L^{m} = \left(\begin{smallmatrix}m^{2}+1 & m\\m & 1\end{smallmatrix}\right) \in  SL(2,\mathbb{Z})\) — the \emph{metallic matrices}, a family of once-punctured-torus bundle monodromies each admit
papers/tex/P4_the_metallic_family.tex	orientation	37	Section 3 studies the family's defining symmetry — the orientation-reversing square root, which we call, as terminology, the \emph{breath} — and re-proves, for completeness, Northshield's square-root criterion for \(SL(2,\mathbb{Z})\) (Theo
papers/tex/P4_the_metallic_family.tex	orient-reversing	37	Section 3 studies the family's defining symmetry — the orientation-reversing square root, which we call, as terminology, the \emph{breath} — and re-proves, for completeness, Northshield's square-root criterion for \(SL(2,\mathbb{Z})\) (Theo
papers/tex/P4_the_metallic_family.tex	amphichiral	37	Section 3 studies the family's defining symmetry — the orientation-reversing square root, which we call, as terminology, the \emph{breath} — and re-proves, for completeness, Northshield's square-root criterion for \(SL(2,\mathbb{Z})\) (Theo
papers/tex/P4_the_metallic_family.tex	orientation	47	R \(= \left(\begin{smallmatrix}1 & 1\\0 & 1\end{smallmatrix}\right)\), L \(= \left(\begin{smallmatrix}1 & 0\\1 & 1\end{smallmatrix}\right); A_{m} := R^{m} L^{m} = \left(\begin{smallmatrix}m^{2}+1 & m\\m & 1\end{smallmatrix}\right)\), tr \(A
papers/tex/P4_the_metallic_family.tex	orientable	47	R \(= \left(\begin{smallmatrix}1 & 1\\0 & 1\end{smallmatrix}\right)\), L \(= \left(\begin{smallmatrix}1 & 0\\1 & 1\end{smallmatrix}\right); A_{m} := R^{m} L^{m} = \left(\begin{smallmatrix}m^{2}+1 & m\\m & 1\end{smallmatrix}\right)\), tr \(A
papers/tex/P4_the_metallic_family.tex	gieseking	47	R \(= \left(\begin{smallmatrix}1 & 1\\0 & 1\end{smallmatrix}\right)\), L \(= \left(\begin{smallmatrix}1 & 0\\1 & 1\end{smallmatrix}\right); A_{m} := R^{m} L^{m} = \left(\begin{smallmatrix}m^{2}+1 & m\\m & 1\end{smallmatrix}\right)\), tr \(A
papers/tex/P4_the_metallic_family.tex	m000	47	R \(= \left(\begin{smallmatrix}1 & 1\\0 & 1\end{smallmatrix}\right)\), L \(= \left(\begin{smallmatrix}1 & 0\\1 & 1\end{smallmatrix}\right); A_{m} := R^{m} L^{m} = \left(\begin{smallmatrix}m^{2}+1 & m\\m & 1\end{smallmatrix}\right)\), tr \(A
papers/tex/P4_the_metallic_family.tex	double-cover	47	R \(= \left(\begin{smallmatrix}1 & 1\\0 & 1\end{smallmatrix}\right)\), L \(= \left(\begin{smallmatrix}1 & 0\\1 & 1\end{smallmatrix}\right); A_{m} := R^{m} L^{m} = \left(\begin{smallmatrix}m^{2}+1 & m\\m & 1\end{smallmatrix}\right)\), tr \(A
papers/tex/P4_the_metallic_family.tex	sl2c-lift	71	With \(g_{1} = \left(\begin{smallmatrix}2 & 1\\1 & 1\end{smallmatrix}\right), g_{2} = \left(\begin{smallmatrix}1 & 1\\1 & 2\end{smallmatrix}\right)\) (Cohn 1955): \(A_{1} = g_{1}; A_{1}A_{2}^{-1}A_{1} = g_{2}; A_{2} = g_{1}g_{2}^{-1}g_{1}\)
papers/tex/P4_the_metallic_family.tex	orientation	86	B \(\in  SL(2,\mathbb{Z})\) with tr B \(> 2\) is \emph{breathable} if it has an orientation-reversing integer square root: some X \(\in  GL(2,\mathbb{Z})\) with det X \(= -1\) and \(X^{2} = B\); such an X is a \emph{breather} (the root, not
papers/tex/P4_the_metallic_family.tex	orient-reversing	86	B \(\in  SL(2,\mathbb{Z})\) with tr B \(> 2\) is \emph{breathable} if it has an orientation-reversing integer square root: some X \(\in  GL(2,\mathbb{Z})\) with det X \(= -1\) and \(X^{2} = B\); such an X is a \emph{breather} (the root, not
papers/tex/P4_the_metallic_family.tex	orientation	113	For words w in \{R, L\}: \(rev\cdot swap(w) := the\) reversal with R \(\leftrightarrow \) L; \emph{word-mirror} \(:= rev\cdot swap(w)\) is a cyclic rotation of w; \emph{balanced} \(:=\) \#R \(=\) \#L. For bundles: \emph{amphichiral} \(:= M(
papers/tex/P4_the_metallic_family.tex	orient-reversing	113	For words w in \{R, L\}: \(rev\cdot swap(w) := the\) reversal with R \(\leftrightarrow \) L; \emph{word-mirror} \(:= rev\cdot swap(w)\) is a cyclic rotation of w; \emph{balanced} \(:=\) \#R \(=\) \#L. For bundles: \emph{amphichiral} \(:= M(
papers/tex/P4_the_metallic_family.tex	amphichiral	113	For words w in \{R, L\}: \(rev\cdot swap(w) := the\) reversal with R \(\leftrightarrow \) L; \emph{word-mirror} \(:= rev\cdot swap(w)\) is a cyclic rotation of w; \emph{balanced} \(:=\) \#R \(=\) \#L. For bundles: \emph{amphichiral} \(:= M(
papers/tex/P4_the_metallic_family.tex	amphichiral	115	\begin{lemma}[the bridge: word-mirror \(\Longrightarrow \) amphichiral]
papers/tex/P4_the_metallic_family.tex	orientation	116	Let A(w) \(\in  SL(2,\mathbb{Z})\) be the monodromy of the word w. Reading w backwards with R \(\leftrightarrow \) L gives the transpose: \(A(rev\cdot swap(w)) = A(w)^{T}\). Now \(A(w)^{T} = J^{-1}A(w)^{-1}J\) with J \(= \left(\begin{smallm
papers/tex/P4_the_metallic_family.tex	orient-reversing	116	Let A(w) \(\in  SL(2,\mathbb{Z})\) be the monodromy of the word w. Reading w backwards with R \(\leftrightarrow \) L gives the transpose: \(A(rev\cdot swap(w)) = A(w)^{T}\). Now \(A(w)^{T} = J^{-1}A(w)^{-1}J\) with J \(= \left(\begin{smallm
papers/tex/P4_the_metallic_family.tex	amphichiral	116	Let A(w) \(\in  SL(2,\mathbb{Z})\) be the monodromy of the word w. Reading w backwards with R \(\leftrightarrow \) L gives the transpose: \(A(rev\cdot swap(w)) = A(w)^{T}\). Now \(A(w)^{T} = J^{-1}A(w)^{-1}J\) with J \(= \left(\begin{smallm
papers/tex/P4_the_metallic_family.tex	orientation	119	\begin{remark}Provenance.* The criterion is known in substance: the full statement (both mechanisms, with sufficiency-not-necessity) is proved for closed Sol torus bundles by Tian–Wang–Wang (arXiv:2406.13241, Lemma 3.1, Thm 3.5) and transpl
papers/tex/P4_the_metallic_family.tex	orient-reversing	119	\begin{remark}Provenance.* The criterion is known in substance: the full statement (both mechanisms, with sufficiency-not-necessity) is proved for closed Sol torus bundles by Tian–Wang–Wang (arXiv:2406.13241, Lemma 3.1, Thm 3.5) and transpl
papers/tex/P4_the_metallic_family.tex	chern-simons	122	word-mirror \(\Longrightarrow \) balanced (\(rev\cdot swap\) exchanges the letter counts; rotations preserve them). Strict: RRRLLRLL is balanced, not word-mirror — and its bundle is genuinely chiral (CS \(= -0.0012159…\), its \(rev\cdot swa
papers/tex/P4_the_metallic_family.tex	orientation	126	rooted \(\Longrightarrow \) amphichiral (the deck involution of the orientation double cover reverses orientation — the Gieseking-classical mechanism; closed-case statement in Sakuma 1985, Case II). Strict, and the two levels differ: the tw
papers/tex/P4_the_metallic_family.tex	amphichiral	126	rooted \(\Longrightarrow \) amphichiral (the deck involution of the orientation double cover reverses orientation — the Gieseking-classical mechanism; closed-case statement in Sakuma 1985, Case II). Strict, and the two levels differ: the tw
papers/tex/P4_the_metallic_family.tex	chern-simons	126	rooted \(\Longrightarrow \) amphichiral (the deck involution of the orientation double cover reverses orientation — the Gieseking-classical mechanism; closed-case statement in Sakuma 1985, Case II). Strict, and the two levels differ: the tw
papers/tex/P4_the_metallic_family.tex	gieseking	126	rooted \(\Longrightarrow \) amphichiral (the deck involution of the orientation double cover reverses orientation — the Gieseking-classical mechanism; closed-case statement in Sakuma 1985, Case II). Strict, and the two levels differ: the tw
papers/tex/P4_the_metallic_family.tex	double-cover	126	rooted \(\Longrightarrow \) amphichiral (the deck involution of the orientation double cover reverses orientation — the Gieseking-classical mechanism; closed-case statement in Sakuma 1985, Case II). Strict, and the two levels differ: the tw
papers/tex/P4_the_metallic_family.tex	amphichiral	133	\textbf{Scope notes (exact).} Two-block products of metallic letters are word-mirror (\(rev\cdot swap(uv) = vu\), a rotation of uv); the chain words \(s_{k}\) are word-mirror for all k \(\le \) 8 (verified; the general case reduces to the s
papers/tex/P4_the_metallic_family.tex	chern-simons	133	\textbf{Scope notes (exact).} Two-block products of metallic letters are word-mirror (\(rev\cdot swap(uv) = vu\), a rotation of uv); the chain words \(s_{k}\) are word-mirror for all k \(\le \) 8 (verified; the general case reduces to the s
papers/tex/P4_the_metallic_family.tex	gieseking	209	\textbf{Classical, cited.} The \(transpose/elliptic\) involution on the punctured-torus character variety; Fricke trace identities; Cohn's theorem and the Markov correspondence; the tree and spine; Latimer–MacDuffee; the Weil representation
papers/tex/P4_the_metallic_family.tex	amphichiral	211	\textbf{The gate, run in full (two rounds, six hunts; verdicts and references in \(LIT_{G}ATE.md\)).} (a) The symmetric-pair identity: PARTIALLY-KNOWN — classical in three clothings (Sarnak; Gehring–Martin; \(Goldman/Fricke\)), the (1,2) in
papers/tex/P4_the_metallic_family.tex	chern-simons	239	Thm \(E/E″\) witnesses & RRRLLRLL chiral (CS \(\neq \) 0); LLLRRLRRRLLR rooted, \((\mathbb{Z}/12)^{2}\); aba & \texttt{hierarchy\_verify.py} \\
papers/tex/P4_the_metallic_family.tex	amphichiral	255	The two banked errors this draft's own panel caught and fixed (the two-block gap in the first amphichirality theorem; the "family \(=\) locus" over-claim) have regression checks in \texttt{hierarchy\_verify.py}.
papers/tex/P4_the_metallic_family.tex	amphichiral	261	\textbf{Errors the panel found and fixed (banked corrections).} 1. \emph{The first amphichirality theorem was false in generality.} An early draft's palindromic-alphabet argument covered two-block products only; \(rev\cdot swap\) reverses t
papers/tex/P4_the_metallic_family.tex	amphichiral	263	\textbf{Literature-gate demotions (accepted in full).} 4. The symmetric-pair identity is the coordinate form of classical facts (Sarnak; Gehring– Martin), with the (1,2) pair verbatim Reutenauer's Markoff morphism. 5. The square-root criter
papers/candidates/PC27_one_arithmetic_knot/PAPER.md	knot-in-s3	14	The Origin Axiom program studies a single mathematical object — the figure-eight knot complement
papers/candidates/PC27_one_arithmetic_knot/PAPER.md	knot-in-s3	31	**Keywords.** figure-eight knot complement; arithmetic hyperbolic 3-manifold; `ℚ(√−3)`; Bianchi
papers/candidates/PC27_one_arithmetic_knot/PAPER.md	knot-in-s3	42	monodromy is (conjugate to) the cat map `[[2,1],[1,1]]`, and — by Reid's theorem — the *unique*
papers/candidates/PC27_one_arithmetic_knot/PAPER.md	knot-in-s3	43	arithmetic knot complement. Its invariant trace field is `ℚ(√−3)`; its fundamental group is a
papers/candidates/PC27_one_arithmetic_knot/PAPER.md	sl2c-lift	44	subgroup of the Bianchi group `PSL(2, 𝒪₃)`, `𝒪₃ = ℤ[ω]` the Eisenstein integers.
papers/candidates/PC27_one_arithmetic_knot/PAPER.md	orientation	47	*structure* (relations, symmetries, arithmetic) but never a *value*; every value, orientation,
papers/candidates/PC27_one_arithmetic_knot/PAPER.md	knot-in-s3	79	arithmetic knot complement (Reid 1991). This double distinction — arithmetic and a knot — forces the
papers/candidates/PC27_one_arithmetic_knot/PAPER.md	knot-in-s3	82	*Support.* Reid's uniqueness is cited external mathematics; the trace-field identity is verified
papers/candidates/PC27_one_arithmetic_knot/PAPER.md	knot-in-s3	83	in-repo via Neumann–Reid (shape field = invariant trace field; the ideal tetrahedron shape is
papers/candidates/PC27_one_arithmetic_knot/PAPER.md	sl2c-lift	101	symmetry-breakings of the object's conjugation on its congruence quotients `PSL(2, 𝒪₃/n)` — is a
papers/candidates/PC27_one_arithmetic_knot/PAPER.md	sl2c-lift	108	**Honest bound.** The full automorphism group of `PSL(2, 𝒪₃/n)` does grow with depth (e.g.
papers/candidates/PC27_one_arithmetic_knot/PAPER.md	sl2c-lift	109	`Out(PSL(2,𝒪₃/4)) = S₄`), but it decomposes as the conjugation bit lifted, plus a diagonal
papers/candidates/PC27_one_arithmetic_knot/PAPER.md	sl2c-lift	118	**Result 2.4 (congruence at level `(8)`).** `Γ = π₁(m004) ⊂ PSL(2,𝒪₃)` has geometric index 12 and is
papers/candidates/PC27_one_arithmetic_knot/PAPER.md	sl2c-lift	121	at level `(8)` (and stably thereafter). The single-level observer image in `G₈ = PSL(2,𝒪₃/(8))`
papers/candidates/PC27_one_arithmetic_knot/PAPER.md	sl2c-lift	123	`𝔽₄`-Frobenius, which swaps the two 5-cycle classes of `A₅ = PSL(2,𝔽₄)` — i.e. it induces the
papers/candidates/PC27_one_arithmetic_knot/PAPER.md	sl2c-lift	221	space `H³ = SL(2,ℂ)/SU(2)` has odd real dimension 3, hence admits no invariant complex structure
papers/candidates/PC27_one_arithmetic_knot/PAPER.md	knot-in-s3	297	| 2.1 atom | B266 (+ Reid 1991) | trace field `x²−x+1`, disc −3 |
papers/candidates/PC27_one_arithmetic_knot/PAPER.md	knot-in-s3	308	- A. W. Reid, *Arithmeticity of knot complements*, J. London Math. Soc. (1991) — `m004` the unique
papers/candidates/PC27_one_arithmetic_knot/PAPER.md	knot-in-s3	310	- W. Neumann, A. Reid, *Arithmetic of hyperbolic manifolds* — invariant trace field = shape field.
papers/candidates/PC27_one_arithmetic_knot/PAPER_CARD.md	knot-in-s3	28	- the atom: trace field = Q(sqrt-3); m004 the unique arithmetic knot (Reid); the resonance is the
papers/candidates/PC02_conditional_uniqueness/DRAFT_NOTE.md	orientation	9	two-record integer substrate, reversible orientation-preserving primitive
papers/candidates/PC02_conditional_uniqueness/DRAFT_NOTE.md	orientation	43	| A3 | Orientation-preserving | The update matrices have determinant `+1`. |
papers/candidates/PC02_conditional_uniqueness/DRAFT_NOTE.md	orientation	253	generic for orientation-reversing lifts. The special object is the `A`
papers/candidates/PC02_conditional_uniqueness/DRAFT_NOTE.md	orient-reversing	253	generic for orientation-reversing lifts. The special object is the `A`
papers/candidates/PC12_sl3_metallic_trace_maps/DRAFT_NOTE.md	sl2c-lift	206	- The diagonal SL(2,C) figure-eight reps do not lie on the surface I = 1/4: they
papers/structure_paper/SKELETON.md	orientation	325	derived value I = −1 is that determinant's orientation parity (the Leibniz
papers/structure_paper/SKELETON.md	spin	355	2304/953; ∏d_i = −(953/2304)² = N_{K/ℚ}(d); pin H by equivariance, never
papers/drafts/PC25_e6_theta_fold/ABSTRACT.md	amphichiral	5	**The Amphichiral Fold: E₆ → F₄ on the Figure-Eight Character Variety, and Why It Stops There**
papers/drafts/PC25_e6_theta_fold/ABSTRACT.md	orientation	9	Let ρ₀ be the discrete-faithful holonomy of the figure-eight knot complement and ρ its composition with the principal homomorphism SL(2,ℂ) → E₆(ℂ). The Zariski tangent to the E₆(ℂ)-character variety at ρ decomposes as six lines, one per E₆ 
papers/drafts/PC25_e6_theta_fold/ABSTRACT.md	sl2c-lift	9	Let ρ₀ be the discrete-faithful holonomy of the figure-eight knot complement and ρ its composition with the principal homomorphism SL(2,ℂ) → E₆(ℂ). The Zariski tangent to the E₆(ℂ)-character variety at ρ decomposes as six lines, one per E₆ 
papers/drafts/PC25_e6_theta_fold/ABSTRACT.md	knot-in-s3	9	Let ρ₀ be the discrete-faithful holonomy of the figure-eight knot complement and ρ its composition with the principal homomorphism SL(2,ℂ) → E₆(ℂ). The Zariski tangent to the E₆(ℂ)-character variety at ρ decomposes as six lines, one per E₆ 
papers/drafts/PC25_e6_theta_fold/PAPER.md	amphichiral	1	# The Amphichiral Fold: E₆ → F₄ on the Figure-Eight Character Variety, and Why It Stops There
papers/drafts/PC25_e6_theta_fold/PAPER.md	orientation	11	Let ρ₀ be the discrete-faithful holonomy of the figure-eight knot complement and ρ its composition with the principal homomorphism SL(2,ℂ) → E₆(ℂ). The Zariski tangent to the E₆(ℂ)-character variety at ρ decomposes as six lines, one per E₆ 
papers/drafts/PC25_e6_theta_fold/PAPER.md	sl2c-lift	11	Let ρ₀ be the discrete-faithful holonomy of the figure-eight knot complement and ρ its composition with the principal homomorphism SL(2,ℂ) → E₆(ℂ). The Zariski tangent to the E₆(ℂ)-character variety at ρ decomposes as six lines, one per E₆ 
papers/drafts/PC25_e6_theta_fold/PAPER.md	knot-in-s3	11	Let ρ₀ be the discrete-faithful holonomy of the figure-eight knot complement and ρ its composition with the principal homomorphism SL(2,ℂ) → E₆(ℂ). The Zariski tangent to the E₆(ℂ)-character variety at ρ decomposes as six lines, one per E₆ 
papers/drafts/PC25_e6_theta_fold/PAPER.md	amphichiral	17	The figure-eight knot 4₁ is the simplest hyperbolic knot: amphichiral, fibred over the circle with once-punctured-torus fibre, with trace field ℚ(√−3) and isometry group of order 8. Its SL(2,ℂ)-character variety is classical; its SL(3,ℂ)-ch
papers/drafts/PC25_e6_theta_fold/PAPER.md	sl2c-lift	17	The figure-eight knot 4₁ is the simplest hyperbolic knot: amphichiral, fibred over the circle with once-punctured-torus fibre, with trace field ℚ(√−3) and isometry group of order 8. Its SL(2,ℂ)-character variety is classical; its SL(3,ℂ)-ch
papers/drafts/PC25_e6_theta_fold/PAPER.md	orientation	25	**1. The fold is forced** (Theorem 1). The knot's orientation-preserving elementary symmetry — the hyperelliptic involution of the once-punctured-torus fibre, a → a⁻¹, b → b⁻¹ — acts on the six tangent lines by (−1)^{m+1} and is identified,
papers/drafts/PC25_e6_theta_fold/PAPER.md	sl2c-lift	56	the relator verified against the hard-coded geometric representation to ~10⁻⁷⁰. Let ρ₀ : π₁(M) → SL(2,ℂ) be the discrete-faithful (geometric) holonomy, and let
papers/drafts/PC25_e6_theta_fold/PAPER.md	orientation	82	- **σ₋ (amphichirality, orientation-reversing):** a → abab a⁻¹b⁻¹, b → bab⁻¹a⁻¹, verified ρ∘σ₋ = D ρ̄ D⁻¹. It acts on each of the six lines as a real structure J with J² = +1, *uniformly* — it does not select among exponents. **[COMPUTED]**
papers/drafts/PC25_e6_theta_fold/PAPER.md	orient-reversing	82	- **σ₋ (amphichirality, orientation-reversing):** a → abab a⁻¹b⁻¹, b → bab⁻¹a⁻¹, verified ρ∘σ₋ = D ρ̄ D⁻¹. It acts on each of the six lines as a real structure J with J² = +1, *uniformly* — it does not select among exponents. **[COMPUTED]**
papers/drafts/PC25_e6_theta_fold/PAPER.md	amphichiral	82	- **σ₋ (amphichirality, orientation-reversing):** a → abab a⁻¹b⁻¹, b → bab⁻¹a⁻¹, verified ρ∘σ₋ = D ρ̄ D⁻¹. It acts on each of the six lines as a real structure J with J² = +1, *uniformly* — it does not select among exponents. **[COMPUTED]**
papers/drafts/PC25_e6_theta_fold/PAPER.md	orientation	83	- **σ (the hyperelliptic involution, orientation-preserving):** a → a⁻¹, b → b⁻¹, with σ² = id exactly. It is ℂ-linear on the tangent space and is the subject of Theorem 1.
papers/drafts/PC25_e6_theta_fold/PAPER.md	amphichiral	87	## 3. Theorem 1 — the amphichiral fold E₆ → F₄
papers/drafts/PC25_e6_theta_fold/PAPER.md	amphichiral	145	**(iii) The grading is non-selecting.** **[COMPUTED]** *The tangent grading itself is uniform: one deformation direction per exponent, none privileged (rank gaps 10⁸⁵–10¹¹⁹), and the amphichiral involution σ₋ acts as a real structure J² = +
papers/drafts/PC25_e6_theta_fold/PAPER.md	orientation	151	*(iv-b) The universal-τ identity.* **[COMPUTED]** *On every boundary cocycle (u,v) ∈ Z¹(T², Sym^{2m}), the leading Neumann–Zagier functionals satisfy K(v,h) = τ·K(u,h) with the* single *constant τ = −2√3·i — the figure-eight cusp shape, mat
papers/drafts/PC25_e6_theta_fold/PAPER.md	amphichiral	255	**9.2 The compactness gap.** Is there *any* natural structure on the figure-eight's E₆(ℂ)-character variety whose stabiliser is a compact real form — a polarisation, a harmonic metric, a real structure compatible with amphichirality? (Note 
papers/drafts/PC26_full_chain/ABSTRACT.md	amphichiral	6	amphichiral monodromy word forces the odd hearing spectrum to be
papers/drafts/PC26_full_chain/ABSTRACT.md	knot-in-s3	31	figure-eight knot complement into E₆(ℂ), and let θ be the diagram involution
papers/drafts/PC26_full_chain/PAPER.md	amphichiral	6	alternative: *Quantum Topology*. Companion: PC25 (the amphichiral fold), PC23,
papers/drafts/PC26_full_chain/PAPER.md	amphichiral	22	for §§3–7 and is extended by §§8–9: the closure theorem — an amphichiral
papers/drafts/PC26_full_chain/PAPER.md	amphichiral	48	object's amphichirality — a theorem for arbitrary objects and stages**
papers/drafts/PC26_full_chain/PAPER.md	knot-in-s3	67	**The object.** The figure-eight knot complement M = S³ ∖ 4₁: the simplest
papers/drafts/PC26_full_chain/PAPER.md	amphichiral	68	hyperbolic knot; amphichiral, invertible (symmetry group D₄ **[PROVED**,
papers/drafts/PC26_full_chain/PAPER.md	orientation	69	`test_b279`**]**; the two orientation-reversing involutions act *freely* —
papers/drafts/PC26_full_chain/PAPER.md	orient-reversing	69	`test_b279`**]**; the two orientation-reversing involutions act *freely* —
papers/drafts/PC26_full_chain/PAPER.md	gieseking	70	they are Gieseking deck transformations, 4₁ being the unique double cover of
papers/drafts/PC26_full_chain/PAPER.md	double-cover	70	they are Gieseking deck transformations, 4₁ being the unique double cover of
papers/drafts/PC26_full_chain/PAPER.md	gieseking	71	the Gieseking manifold **[PROVED**, `test_b605_door2`**]**); fibered with
papers/drafts/PC26_full_chain/PAPER.md	amphichiral	273	CLOSED OFF: both amphichiral flip classes of the object are provably
papers/drafts/PC26_full_chain/PAPER.md	amphichiral	278	object is amphichiral, its chord is not. The magnitude 24 zeta_6 is
papers/drafts/PC26_full_chain/PAPER.md	orientation	292	state only a one-sentence orientation-reversal remark.)*
papers/drafts/PC26_full_chain/PAPER.md	amphichiral	301	AMPHICHIRAL — then
papers/drafts/PC26_full_chain/PAPER.md	amphichiral	307	levels; the assembled identity holds for four amphichiral welds (16/16)
papers/drafts/PC26_full_chain/PAPER.md	amphichiral	315	closure ⟺ amphichirality on all data; the converse direction is open.
papers/drafts/PC26_full_chain/PAPER.md	amphichiral	447	(§5); the two amphichiral involutions of the object act freely
papers/drafts/PC26_full_chain/PAPER.md	gieseking	448	(Gieseking), so no fixed-surface construction is available either.
papers/drafts/PC26_full_chain/PAPER.md	amphichiral	494	[PC25] originaxiom, *The Amphichiral Fold* (companion draft). [MFP]
papers/drafts/PC26_full_chain/PAPER.md	amphichiral	498	the anti-palindromic amphichirality criterion (Exp. Math. 2008).
papers/drafts/PC26_full_chain/PAPER.md	gieseking	499	[G] Gieseking (via standard references on the Gieseking manifold).
papers/omega_strict_full_note/NOTE.md	orientation	81	**8. Orientation no-go (TC-4).** With `Ω(w) =` Pfaffian of the antisymmetrized dependency matrix
papers/omega_strict_full_note/NOTE.md	orientation	84	orientation residual**. Orientation is **boundary-induced, not internally derived** — the "non-cancellation"
papers/P5_monoid/PHASE3_VERDICT.md	det-minus-1	47	`κ′ ≠ κ`. Independently: `a↦a, b↦bab⁻²`, det −1, injective, `κ = −2 → κ′ = 178`. **The κ′ = κ law
papers/P5_monoid/PHASE3_VERDICT.md	det-minus-1	62	7. **The witness sits outside Gate E's collision zone.** **SL₂(ℕ) consists of det-1 matrices**, and
papers/flagship/main.tex	chern-simons	62	\newcommand{\CS}{\mathrm{CS}}
papers/flagship/sections/01_intro_philosophy.tex	amphichiral	86	palindromic criterion for amphichirality. Section~\ref{sec:bridge} makes the bridge to
papers/flagship/sections/02_the_object.tex	orientation	44	orientation-reversing structure that will govern chirality in Section~\ref{sec:chirality}
papers/flagship/sections/02_the_object.tex	orient-reversing	44	orientation-reversing structure that will govern chirality in Section~\ref{sec:chirality}
papers/flagship/sections/02_the_object.tex	knot-in-s3	58	The case $m=1$ is the figure-eight knot complement $4_1$. Its monodromy is
papers/flagship/sections/02_the_object.tex	orientation	62	It is amphichiral (it admits an orientation-reversing self-homeomorphism), and its
papers/flagship/sections/02_the_object.tex	orient-reversing	62	It is amphichiral (it admits an orientation-reversing self-homeomorphism), and its
papers/flagship/sections/02_the_object.tex	amphichiral	62	It is amphichiral (it admits an orientation-reversing self-homeomorphism), and its
papers/flagship/sections/02_the_object.tex	amphichiral	63	Chern--Simons invariant vanishes. These two facts --- minimality and amphichirality ---
papers/flagship/sections/05_the_knot.tex	knot-in-s3	4	We now turn to the geometric face of the object: the figure-eight knot complement and its
papers/flagship/sections/06_chirality.tex	amphichiral	1	\section{Chirality: a palindromic criterion for amphichirality}
papers/flagship/sections/06_chirality.tex	amphichiral	12	once-punctured-torus bundle, and we ask when $M_W$ is amphichiral.
papers/flagship/sections/06_chirality.tex	amphichiral	15	The metallic composite with block-length sequence $(m_1,\dots,m_k)$ is amphichiral if and
papers/flagship/sections/06_chirality.tex	amphichiral	20	The mechanism --- amphichirality detected by an (anti-)palindromic $R,L$ word --- is the
papers/flagship/sections/06_chirality.tex	amphichiral	24	cyclic palindromes (hence amphichiral), while the first chiral cases are the
papers/flagship/sections/06_chirality.tex	amphichiral	30	\caption{The chirality census over metallic-block composites: a sequence is amphichiral
papers/flagship/sections/06_chirality.tex	orientation	45	$M_W$ and its mirror $\overline{M_W}$ agree on every orientation-\emph{independent}
papers/flagship/sections/06_chirality.tex	orientation	46	invariant. Hence no canonical (orientation-independent) selection principle can prefer a
papers/flagship/sections/06_chirality.tex	orientation	47	handedness: a $\kk$-fork is genuine selection, because $\kk$ is orientation-independent,
papers/flagship/sections/06_chirality.tex	orientation	49	orientation-sensitive. The figure-eight is the amphichiral minimum; chirality first
papers/flagship/sections/06_chirality.tex	amphichiral	49	orientation-sensitive. The figure-eight is the amphichiral minimum; chirality first
papers/flagship/sections/06_chirality.tex	amphichiral	55	It is tempting to argue that arithmetic bundles must be amphichiral. This is false. The
papers/flagship/sections/06_chirality.tex	amphichiral	58	a confirming Humbert-volume cross-check. So ``arithmetic $\Rightarrow$ amphichiral'' is
papers/flagship/sections/07_bridge_and_wall.tex	complex-volume	51	carry a \emph{scale} across --- does the complex volume / Chern--Simons invariant enter
papers/flagship/sections/07_bridge_and_wall.tex	chern-simons	55	The complex volume $\widehat c(\rho)=i(\Vol+i\,\CS)$ of an $\SL(n,\C)$ representation is a
papers/flagship/sections/07_bridge_and_wall.tex	complex-volume	55	The complex volume $\widehat c(\rho)=i(\Vol+i\,\CS)$ of an $\SL(n,\C)$ representation is a
papers/flagship/sections/07_bridge_and_wall.tex	chern-simons	59	For the figure-eight, $\Vol=2.029883\ldots$ and $\CS=0$: the candidate scale-carrier
papers/flagship/sections/07_bridge_and_wall.tex	complex-volume	70	complex volume is dimensionless ($\C/4\pi^2\Z$); the scale lives in $\hbar/k$ and the
papers/flagship/sections/07_bridge_and_wall.tex	chern-simons	71	squashing radius, and for the figure-eight the scale-carrier $\CS$ vanishes. A symmetry
papers/flagship/sections/07_bridge_and_wall.tex	amphichiral	95	cusp (boundary torus) as its interface with the exterior. Its amphichirality and
papers/flagship/sections/07_bridge_and_wall.tex	chern-simons	106	is chiral ($\CS\notin\{0,\tfrac12\}$), with the sign law $\CS(p,-q)=-\CS(p,q)$; the
papers/P4_markov_stage/CLAIMS.md	det-minus-1	10	| 6 | breathability: integer det −1 root ⟺ tr − 2 = t² AND t \| (B−I); the family = the root locus; chain rootless beyond letters (2–200 certified) | B469/B470 | hierarchy_verify.py | test_b469/70 ✓ | NEEDS-LIT (SL(2,ℤ) square roots) |
papers/P4_markov_stage/CLAIMS.md	amphichiral	12	| 8 | body-chain amphichiral at every rung (palindromic-alphabet theorem); letter-tower chiral iff imbalanced (unified with the Pisano residue) | B470 | rf1/rf3 + hierarchy | test_b470 ✓ | NEEDS-LIT (amphichirality criteria) |
papers/P4_markov_stage/DRAFT_v1.md	orientation	13	monodromies of the once-punctured-torus bundles with orientation-reversing square roots;
papers/P4_markov_stage/DRAFT_v1.md	orient-reversing	13	monodromies of the once-punctured-torus bundles with orientation-reversing square roots;
papers/P4_markov_stage/DRAFT_v1.md	knot-in-s3	14	A₁ is the monodromy of the figure-eight knot complement. We prove the trace identity
papers/P4_markov_stage/DRAFT_v1.md	sl2c-lift	20	the commutator subgroup of PSL(2,ℤ), Cohn's modular torus group: the classical stage of
papers/P4_markov_stage/DRAFT_v1.md	knot-in-s3	57	Cohn's g₁ matrix-for-matrix, and it is the monodromy of the figure-eight knot complement,
papers/P4_markov_stage/DRAFT_v1.md	orientation	109	every m; the orientation character of the half-matrix and the field norm of the scaling
papers/P4_markov_stage/DRAFT_v1.md	orientable	117	(m = 1: the figure-eight complement), and X_m generates a non-orientable bundle
papers/P4_markov_stage/DRAFT_v1.md	gieseking	118	double-covered by M(A_m) — for m = 1 this is the Gieseking manifold, and the SnapPy
papers/P4_markov_stage/DRAFT_v1.md	double-cover	118	double-covered by M(A_m) — for m = 1 this is the Gieseking manifold, and the SnapPy
papers/P4_markov_stage/DRAFT_v1.md	m000	119	census confirms the cover exactly (vol ratio 2, m000 → 4₁). The family carries its
papers/P4_markov_stage/DRAFT_v1.md	orientation	120	orientation-reversing half uniformly.
papers/P4_markov_stage/DRAFT_v1.md	orient-reversing	120	orientation-reversing half uniformly.
papers/P4_markov_stage/DRAFT_v1.md	sl2c-lift	160	hence ⟨A₁, A₂⟩ = ⟨g₁, g₂⟩, the commutator subgroup of PSL(2,ℤ) — a free group of rank
papers/P4_markov_stage/DRAFT_v1.md	sl2c-lift	163	the chain of §2.4) lies in this subgroup: in PSL(2,ℤ), L = S T⁻¹ S⁻¹ with T = R, so the
papers/P4_markov_stage/DRAFT_v1.md	orientation	220	bundle M(w) *mirror* (amphichiral) if it admits an orientation-reversing self-isometry,
papers/P4_markov_stage/DRAFT_v1.md	orient-reversing	220	bundle M(w) *mirror* (amphichiral) if it admits an orientation-reversing self-isometry,
papers/P4_markov_stage/DRAFT_v1.md	amphichiral	220	bundle M(w) *mirror* (amphichiral) if it admits an orientation-reversing self-isometry,
papers/P4_markov_stage/DRAFT_v1.md	chern-simons	227	H₁-torsion 37 (not a square), CS = 0.
papers/P4_markov_stage/DRAFT_v1.md	amphichiral	229	LLLRLLRRRLRR and LLLRRLRRRLLR (trace 146, t = 12) — both amphichiral (CS = 0, an
papers/P4_markov_stage/DRAFT_v1.md	chern-simons	229	LLLRLLRRRLRR and LLLRRLRRRLLR (trace 146, t = 12) — both amphichiral (CS = 0, an
papers/P4_markov_stage/DRAFT_v1.md	chern-simons	232	- *balanced without mirror*: RRRLLRLL (CS = −0.0012159…; its rev·swap partner carries
papers/P4_markov_stage/DRAFT_v1.md	orientation	235	*Proof of the implications.* rooted ⟹ mirror: the orientation double cover of the
papers/P4_markov_stage/DRAFT_v1.md	double-cover	235	*Proof of the implications.* rooted ⟹ mirror: the orientation double cover of the
papers/P4_markov_stage/DRAFT_v1.md	orientation	236	non-orientable bundle generated by X has orientation-reversing deck involution.
papers/P4_markov_stage/DRAFT_v1.md	orientable	236	non-orientable bundle generated by X has orientation-reversing deck involution.
papers/P4_markov_stage/DRAFT_v1.md	orient-reversing	236	non-orientable bundle generated by X has orientation-reversing deck involution.
papers/P4_markov_stage/DRAFT_v1.md	amphichiral	242	which is a rotation of uv — hence every metallic-word bundle is amphichiral. In
papers/P4_markov_stage/DRAFT_v1.md	chern-simons	243	particular the entire chain of §2.4 has CS = 0 at every rung (verified through rung 8),
papers/P4_markov_stage/DRAFT_v1.md	sl2c-lift	295	phase; and the projective image Q₈/±I × PSL(2,5) has order 4 · 60 = 240, the number of
papers/P4_markov_stage/DRAFT_v1.md	gieseking	346	as abstract groups; Gieseking's manifold; punctured-torus-bundle volume theory
papers/P4_markov_stage/DRAFT_v1.md	amphichiral	355	particular the amphichiral pair with (ℤ/12)² torsion; (e) the closure theorem
papers/P4_markov_stage/DRAFT_v1.md	gieseking	382	certificates: mod-p QNR witnesses, rungs 2–200. The SnapPy verifications (Gieseking
papers/P4_markov_stage/DRAFT_v1.md	amphichiral	383	cover; the tower CS values; the witnesses' amphichirality) are quoted with version
papers/P4_markov_stage/DRAFT_v1.md	chern-simons	383	cover; the tower CS values; the witnesses' amphichirality) are quoted with version
papers/P4_markov_stage/DRAFT_v1.md	amphichiral	396	strictly weaker than amphichirality); an "accumulating field coincidence" (√−7) died
papers/P4_markov_stage/DRAFT_v2.md	orientation	15	orientation-reversing square root; A₁ is the monodromy of the figure-eight knot
papers/P4_markov_stage/DRAFT_v2.md	orient-reversing	15	orientation-reversing square root; A₁ is the monodromy of the figure-eight knot
papers/P4_markov_stage/DRAFT_v2.md	sl2c-lift	20	commutator subgroup of PSL(2,ℤ): the family's parabolic locus is precisely Cohn's
papers/P4_markov_stage/DRAFT_v2.md	orientation	69	Section 3 studies the family's defining symmetry — the orientation-reversing square
papers/P4_markov_stage/DRAFT_v2.md	orient-reversing	69	Section 3 studies the family's defining symmetry — the orientation-reversing square
papers/P4_markov_stage/DRAFT_v2.md	amphichiral	80	witnesses, including an amphichiral pair with homology torsion (ℤ/12)² whose words fail
papers/P4_markov_stage/DRAFT_v2.md	orientation	112	companion matrix of x² − mx − 1, so det X_m = N(λ_m) = −1: the orientation character of
papers/P4_markov_stage/DRAFT_v2.md	orientable	117	X_m generates a non-orientable bundle double-covered by it — for m = 1, the Gieseking
papers/P4_markov_stage/DRAFT_v2.md	gieseking	117	X_m generates a non-orientable bundle double-covered by it — for m = 1, the Gieseking
papers/P4_markov_stage/DRAFT_v2.md	double-cover	117	X_m generates a non-orientable bundle double-covered by it — for m = 1, the Gieseking
papers/P4_markov_stage/DRAFT_v2.md	m000	118	manifold (census-verified: vol(m004)/vol(m000) = 2 exactly).
papers/P4_markov_stage/DRAFT_v2.md	sl2c-lift	153	subgroup of PSL(2,ℤ) — free of rank two, the fundamental group of the modular
papers/P4_markov_stage/DRAFT_v2.md	sl2c-lift	156	R, L lies in this subgroup (L = ST⁻¹S⁻¹ in PSL(2,ℤ), so the abelianization ℤ/6 reads
papers/P4_markov_stage/DRAFT_v2.md	orientation	229	*amphichiral* := M(w) admits an orientation-reversing self-isometry; *rooted* := the
papers/P4_markov_stage/DRAFT_v2.md	orient-reversing	229	*amphichiral* := M(w) admits an orientation-reversing self-isometry; *rooted* := the
papers/P4_markov_stage/DRAFT_v2.md	amphichiral	229	*amphichiral* := M(w) admits an orientation-reversing self-isometry; *rooted* := the
papers/P4_markov_stage/DRAFT_v2.md	orientation	234	word-mirror, M(w) admits an orientation-reversing self-homeomorphism: word-mirror ⟹
papers/P4_markov_stage/DRAFT_v2.md	orient-reversing	234	word-mirror, M(w) admits an orientation-reversing self-homeomorphism: word-mirror ⟹
papers/P4_markov_stage/DRAFT_v2.md	amphichiral	235	amphichiral. (Standard-shaped; stated with proof in the text, cited where available.)
papers/P4_markov_stage/DRAFT_v2.md	chern-simons	239	its bundle is genuinely chiral (CS = −0.0012159…, its rev·swap partner +0.0012159…: a
papers/P4_markov_stage/DRAFT_v2.md	amphichiral	242	**Theorem E″ (manifold level).** rooted ⟹ amphichiral (the deck involution of the
papers/P4_markov_stage/DRAFT_v2.md	orientation	243	orientation double cover reverses orientation). Strict, and the two levels differ:
papers/P4_markov_stage/DRAFT_v2.md	double-cover	243	orientation double cover reverses orientation). Strict, and the two levels differ:
papers/P4_markov_stage/DRAFT_v2.md	amphichiral	245	hence amphichiral (and verified: CS = 0, an isometric pair) — but NOT word-mirror; their
papers/P4_markov_stage/DRAFT_v2.md	chern-simons	245	hence amphichiral (and verified: CS = 0, an isometric pair) — but NOT word-mirror; their
papers/P4_markov_stage/DRAFT_v2.md	amphichiral	247	Amphichiral-without-root: the chain word aba (M(RLRRLLRL), vol 7.6417106…, torsion 37,
papers/P4_markov_stage/DRAFT_v2.md	chern-simons	248	CS = 0).
papers/P4_markov_stage/DRAFT_v2.md	amphichiral	262	bundles are amphichiral through rung 8 by Lemma 3.3 + verification (CS = 0 exactly at
papers/P4_markov_stage/DRAFT_v2.md	chern-simons	262	bundles are amphichiral through rung 8 by Lemma 3.3 + verification (CS = 0 exactly at
papers/P4_markov_stage/DRAFT_v2.md	chern-simons	264	3–8 (CS ≠ 0, verified) and conjecturally beyond — its imbalance defeats only the word
papers/P4_markov_stage/DRAFT_v2.md	sl2c-lift	327	|Q₈/±| · |PSL(2,5)| = 4 · 60 = 240, the number of points of the order torus.
papers/P4_markov_stage/DRAFT_v2.md	gieseking	374	Gieseking's manifold; Q₈ and SL(2,5).
papers/P4_markov_stage/DRAFT_v2.md	amphichiral	409	in the first amphichirality theorem, the class-group counterexamples to "family =
papers/P4_markov_stage/DRAFT_v3.md	orientation	16	orientation-reversing square root; A₁ is the monodromy of the figure-eight knot
papers/P4_markov_stage/DRAFT_v3.md	orient-reversing	16	orientation-reversing square root; A₁ is the monodromy of the figure-eight knot
papers/P4_markov_stage/DRAFT_v3.md	sl2c-lift	21	commutator subgroup of PSL(2,ℤ): the family's parabolic locus is precisely Cohn's
papers/P4_markov_stage/DRAFT_v3.md	orientation	70	Section 3 studies the family's defining symmetry — the orientation-reversing square
papers/P4_markov_stage/DRAFT_v3.md	orient-reversing	70	Section 3 studies the family's defining symmetry — the orientation-reversing square
papers/P4_markov_stage/DRAFT_v3.md	amphichiral	81	witnesses, including an amphichiral pair with homology torsion (ℤ/12)² whose words fail
papers/P4_markov_stage/DRAFT_v3.md	orientation	113	companion matrix of x² − mx − 1, so det X_m = N(λ_m) = −1: the orientation character of
papers/P4_markov_stage/DRAFT_v3.md	orientable	118	X_m generates a non-orientable bundle double-covered by it — for m = 1, the Gieseking
papers/P4_markov_stage/DRAFT_v3.md	gieseking	118	X_m generates a non-orientable bundle double-covered by it — for m = 1, the Gieseking
papers/P4_markov_stage/DRAFT_v3.md	double-cover	118	X_m generates a non-orientable bundle double-covered by it — for m = 1, the Gieseking
papers/P4_markov_stage/DRAFT_v3.md	m000	119	manifold (census-verified: vol(m004)/vol(m000) = 2 exactly).
papers/P4_markov_stage/DRAFT_v3.md	sl2c-lift	154	subgroup of PSL(2,ℤ) — free of rank two, the fundamental group of the modular
papers/P4_markov_stage/DRAFT_v3.md	sl2c-lift	157	R, L lies in this subgroup (L = ST⁻¹S⁻¹ in PSL(2,ℤ), so the abelianization ℤ/6 reads
papers/P4_markov_stage/DRAFT_v3.md	orientation	230	*amphichiral* := M(w) admits an orientation-reversing self-isometry; *rooted* := the
papers/P4_markov_stage/DRAFT_v3.md	orient-reversing	230	*amphichiral* := M(w) admits an orientation-reversing self-isometry; *rooted* := the
papers/P4_markov_stage/DRAFT_v3.md	amphichiral	230	*amphichiral* := M(w) admits an orientation-reversing self-isometry; *rooted* := the
papers/P4_markov_stage/DRAFT_v3.md	orientation	235	word-mirror, M(w) admits an orientation-reversing self-homeomorphism: word-mirror ⟹
papers/P4_markov_stage/DRAFT_v3.md	orient-reversing	235	word-mirror, M(w) admits an orientation-reversing self-homeomorphism: word-mirror ⟹
papers/P4_markov_stage/DRAFT_v3.md	amphichiral	236	amphichiral. (Standard-shaped; stated with proof in the text, cited where available.)
papers/P4_markov_stage/DRAFT_v3.md	chern-simons	240	its bundle is genuinely chiral (CS = −0.0012159…, its rev·swap partner +0.0012159…: a
papers/P4_markov_stage/DRAFT_v3.md	amphichiral	243	**Theorem E″ (manifold level).** rooted ⟹ amphichiral (the deck involution of the
papers/P4_markov_stage/DRAFT_v3.md	orientation	244	orientation double cover reverses orientation). Strict, and the two levels differ:
papers/P4_markov_stage/DRAFT_v3.md	double-cover	244	orientation double cover reverses orientation). Strict, and the two levels differ:
papers/P4_markov_stage/DRAFT_v3.md	amphichiral	246	hence amphichiral (and verified: CS = 0, an isometric pair) — but NOT word-mirror; their
papers/P4_markov_stage/DRAFT_v3.md	chern-simons	246	hence amphichiral (and verified: CS = 0, an isometric pair) — but NOT word-mirror; their
papers/P4_markov_stage/DRAFT_v3.md	amphichiral	248	Amphichiral-without-root: the chain word aba (M(RLRRLLRL), vol 7.6417106…, torsion 37,
papers/P4_markov_stage/DRAFT_v3.md	chern-simons	249	CS = 0).
papers/P4_markov_stage/DRAFT_v3.md	amphichiral	263	bundles are amphichiral through rung 8 by Lemma 3.3 + verification (CS = 0 exactly at
papers/P4_markov_stage/DRAFT_v3.md	chern-simons	263	bundles are amphichiral through rung 8 by Lemma 3.3 + verification (CS = 0 exactly at
papers/P4_markov_stage/DRAFT_v3.md	chern-simons	265	3–8 (CS ≠ 0, verified) and conjecturally beyond — its imbalance defeats only the word
papers/P4_markov_stage/DRAFT_v3.md	sl2c-lift	337	|Q₈/±| · |PSL(2,5)| = 4 · 60 = 240, the number of points of the order torus.
papers/P4_markov_stage/DRAFT_v3.md	gieseking	393	Gieseking's manifold; Q₈ and SL(2,5).
papers/P4_markov_stage/DRAFT_v3.md	amphichiral	432	in the first amphichirality theorem, the class-group counterexamples to "family =
papers/P4_markov_stage/DRAFT_v4.md	amphichiral	6	verbatim in Reutenauer; the root criterion is Northshield's; the amphichirality
papers/P4_markov_stage/DRAFT_v4.md	orientation	20	orientation-reversing square root; A₁ is the monodromy of the figure-eight knot
papers/P4_markov_stage/DRAFT_v4.md	orient-reversing	20	orientation-reversing square root; A₁ is the monodromy of the figure-eight knot
papers/P4_markov_stage/DRAFT_v4.md	orientation	76	Section 3 studies the family's defining symmetry — the orientation-reversing square
papers/P4_markov_stage/DRAFT_v4.md	orient-reversing	76	Section 3 studies the family's defining symmetry — the orientation-reversing square
papers/P4_markov_stage/DRAFT_v4.md	amphichiral	87	witnesses, including an amphichiral pair with homology torsion (ℤ/12)² whose words fail
papers/P4_markov_stage/DRAFT_v4.md	orientation	119	companion matrix of x² − mx − 1, so det X_m = N(λ_m) = −1: the orientation character of
papers/P4_markov_stage/DRAFT_v4.md	orientable	124	X_m generates a non-orientable bundle double-covered by it — for m = 1, the Gieseking
papers/P4_markov_stage/DRAFT_v4.md	gieseking	124	X_m generates a non-orientable bundle double-covered by it — for m = 1, the Gieseking
papers/P4_markov_stage/DRAFT_v4.md	double-cover	124	X_m generates a non-orientable bundle double-covered by it — for m = 1, the Gieseking
papers/P4_markov_stage/DRAFT_v4.md	m000	125	manifold (census-verified: vol(m004)/vol(m000) = 2 exactly).
papers/P4_markov_stage/DRAFT_v4.md	sl2c-lift	179	subgroup of PSL(2,ℤ) — free of rank two, the fundamental group of the modular
papers/P4_markov_stage/DRAFT_v4.md	sl2c-lift	184	R, L lies in this subgroup (L = ST⁻¹S⁻¹ in PSL(2,ℤ), so the abelianization ℤ/6 reads
papers/P4_markov_stage/DRAFT_v4.md	orientation	266	*amphichiral* := M(w) admits an orientation-reversing self-isometry; *rooted* := the
papers/P4_markov_stage/DRAFT_v4.md	orient-reversing	266	*amphichiral* := M(w) admits an orientation-reversing self-isometry; *rooted* := the
papers/P4_markov_stage/DRAFT_v4.md	amphichiral	266	*amphichiral* := M(w) admits an orientation-reversing self-isometry; *rooted* := the
papers/P4_markov_stage/DRAFT_v4.md	orientation	271	word-mirror, M(w) admits an orientation-reversing self-homeomorphism: word-mirror ⟹
papers/P4_markov_stage/DRAFT_v4.md	orient-reversing	271	word-mirror, M(w) admits an orientation-reversing self-homeomorphism: word-mirror ⟹
papers/P4_markov_stage/DRAFT_v4.md	amphichiral	272	amphichiral. (Known in substance: the full criterion — both mechanisms, with
papers/P4_markov_stage/DRAFT_v4.md	orientation	278	marks the trap the lemma must avoid: plain conjugacy to A^{±1} ignores orientation. We
papers/P4_markov_stage/DRAFT_v4.md	chern-simons	283	its bundle is genuinely chiral (CS = −0.0012159…, its rev·swap partner +0.0012159…: a
papers/P4_markov_stage/DRAFT_v4.md	amphichiral	286	**Theorem E″ (manifold level).** rooted ⟹ amphichiral (the deck involution of the
papers/P4_markov_stage/DRAFT_v4.md	orientation	287	orientation double cover reverses orientation — the Gieseking-classical mechanism;
papers/P4_markov_stage/DRAFT_v4.md	gieseking	287	orientation double cover reverses orientation — the Gieseking-classical mechanism;
papers/P4_markov_stage/DRAFT_v4.md	double-cover	287	orientation double cover reverses orientation — the Gieseking-classical mechanism;
papers/P4_markov_stage/DRAFT_v4.md	amphichiral	290	hence amphichiral (and verified: CS = 0, an isometric pair) — but NOT word-mirror; their
papers/P4_markov_stage/DRAFT_v4.md	chern-simons	290	hence amphichiral (and verified: CS = 0, an isometric pair) — but NOT word-mirror; their
papers/P4_markov_stage/DRAFT_v4.md	amphichiral	292	Amphichiral-without-root: the chain word aba (M(RLRRLLRL), vol 7.6417106…, torsion 37,
papers/P4_markov_stage/DRAFT_v4.md	chern-simons	293	CS = 0).
papers/P4_markov_stage/DRAFT_v4.md	amphichiral	307	bundles are amphichiral through rung 8 by Lemma 3.3 + verification (CS = 0 exactly at
papers/P4_markov_stage/DRAFT_v4.md	chern-simons	307	bundles are amphichiral through rung 8 by Lemma 3.3 + verification (CS = 0 exactly at
papers/P4_markov_stage/DRAFT_v4.md	chern-simons	309	3–8 (CS ≠ 0, verified) and conjecturally beyond — its imbalance defeats only the word
papers/P4_markov_stage/DRAFT_v4.md	sl2c-lift	385	|Q₈/±| · |PSL(2,5)| = 4 · 60 = 240, the number of points of the order torus.
papers/P4_markov_stage/DRAFT_v4.md	gieseking	441	Gieseking's manifold; Q₈ and SL(2,5).
papers/P4_markov_stage/DRAFT_v4.md	amphichiral	452	(d) The amphichirality criterion is known in the closed Sol case (Tian–Wang–Wang) over
papers/P4_markov_stage/DRAFT_v4.md	amphichiral	489	gap in the first amphichirality theorem, the class-group counterexamples to "family =
papers/P4_markov_stage/DRAFT_v5.md	amphichiral	11	verbatim in Reutenauer; the root criterion is Northshield's; the amphichirality
papers/P4_markov_stage/DRAFT_v5.md	orientation	25	orientation-reversing square root; A₁ is the monodromy of the figure-eight knot
papers/P4_markov_stage/DRAFT_v5.md	orient-reversing	25	orientation-reversing square root; A₁ is the monodromy of the figure-eight knot
papers/P4_markov_stage/DRAFT_v5.md	orientation	81	Section 3 studies the family's defining symmetry — the orientation-reversing square
papers/P4_markov_stage/DRAFT_v5.md	orient-reversing	81	Section 3 studies the family's defining symmetry — the orientation-reversing square
papers/P4_markov_stage/DRAFT_v5.md	amphichiral	92	witnesses, including an amphichiral pair with homology torsion (ℤ/12)² whose words fail
papers/P4_markov_stage/DRAFT_v5.md	orientation	124	companion matrix of x² − mx − 1, so det X_m = N(λ_m) = −1: the orientation character of
papers/P4_markov_stage/DRAFT_v5.md	orientable	129	X_m generates a non-orientable bundle double-covered by it — for m = 1, the Gieseking
papers/P4_markov_stage/DRAFT_v5.md	gieseking	129	X_m generates a non-orientable bundle double-covered by it — for m = 1, the Gieseking
papers/P4_markov_stage/DRAFT_v5.md	double-cover	129	X_m generates a non-orientable bundle double-covered by it — for m = 1, the Gieseking
papers/P4_markov_stage/DRAFT_v5.md	m000	130	manifold (census-verified: vol(m004)/vol(m000) = 2 exactly).
papers/P4_markov_stage/DRAFT_v5.md	sl2c-lift	184	subgroup of PSL(2,ℤ) — free of rank two, the fundamental group of the modular
papers/P4_markov_stage/DRAFT_v5.md	sl2c-lift	189	R, L lies in this subgroup (L = ST⁻¹S⁻¹ in PSL(2,ℤ), so the abelianization ℤ/6 reads
papers/P4_markov_stage/DRAFT_v5.md	orientation	215	if it has an orientation-reversing integer square root: some X ∈ GL(2,ℤ) with det X = −1
papers/P4_markov_stage/DRAFT_v5.md	orient-reversing	215	if it has an orientation-reversing integer square root: some X ∈ GL(2,ℤ) with det X = −1
papers/P4_markov_stage/DRAFT_v5.md	orientation	277	*amphichiral* := M(w) admits an orientation-reversing self-isometry; *rooted* := the
papers/P4_markov_stage/DRAFT_v5.md	orient-reversing	277	*amphichiral* := M(w) admits an orientation-reversing self-isometry; *rooted* := the
papers/P4_markov_stage/DRAFT_v5.md	amphichiral	277	*amphichiral* := M(w) admits an orientation-reversing self-isometry; *rooted* := the
papers/P4_markov_stage/DRAFT_v5.md	orientation	282	word-mirror, M(w) admits an orientation-reversing self-homeomorphism: word-mirror ⟹
papers/P4_markov_stage/DRAFT_v5.md	orient-reversing	282	word-mirror, M(w) admits an orientation-reversing self-homeomorphism: word-mirror ⟹
papers/P4_markov_stage/DRAFT_v5.md	amphichiral	283	amphichiral. (Known in substance: the full criterion — both mechanisms, with
papers/P4_markov_stage/DRAFT_v5.md	orientation	289	marks the trap the lemma must avoid: plain conjugacy to A^{±1} ignores orientation. We
papers/P4_markov_stage/DRAFT_v5.md	chern-simons	294	its bundle is genuinely chiral (CS = −0.0012159…, its rev·swap partner +0.0012159…: a
papers/P4_markov_stage/DRAFT_v5.md	amphichiral	297	**Theorem E″ (manifold level).** rooted ⟹ amphichiral (the deck involution of the
papers/P4_markov_stage/DRAFT_v5.md	orientation	298	orientation double cover reverses orientation — the Gieseking-classical mechanism;
papers/P4_markov_stage/DRAFT_v5.md	gieseking	298	orientation double cover reverses orientation — the Gieseking-classical mechanism;
papers/P4_markov_stage/DRAFT_v5.md	double-cover	298	orientation double cover reverses orientation — the Gieseking-classical mechanism;
papers/P4_markov_stage/DRAFT_v5.md	amphichiral	301	hence amphichiral (and verified: CS = 0, an isometric pair) — but NOT word-mirror; their
papers/P4_markov_stage/DRAFT_v5.md	chern-simons	301	hence amphichiral (and verified: CS = 0, an isometric pair) — but NOT word-mirror; their
papers/P4_markov_stage/DRAFT_v5.md	amphichiral	303	Amphichiral-without-root: the chain word aba (M(RLRRLLRL), vol 7.6417106…, torsion 37,
papers/P4_markov_stage/DRAFT_v5.md	chern-simons	304	CS = 0).
papers/P4_markov_stage/DRAFT_v5.md	amphichiral	318	bundles are amphichiral through rung 8 by Lemma 3.3 + verification (CS = 0 exactly at
papers/P4_markov_stage/DRAFT_v5.md	chern-simons	318	bundles are amphichiral through rung 8 by Lemma 3.3 + verification (CS = 0 exactly at
papers/P4_markov_stage/DRAFT_v5.md	chern-simons	320	3–8 (CS ≠ 0, verified) and conjecturally beyond — its imbalance defeats only the word
papers/P4_markov_stage/DRAFT_v5.md	sl2c-lift	397	|Q₈/±| · |PSL(2,5)| = 4 · 60 = 240, the number of points of the order torus.
papers/P4_markov_stage/DRAFT_v5.md	gieseking	457	Gieseking's manifold; Q₈ and SL(2,5).
papers/P4_markov_stage/DRAFT_v5.md	amphichiral	468	(d) The amphichirality criterion is known in the closed Sol case (Tian–Wang–Wang) over
papers/P4_markov_stage/DRAFT_v5.md	amphichiral	505	gap in the first amphichirality theorem, the class-group counterexamples to "family =
papers/P4_markov_stage/DRAFT_v6.md	orientation	26	orientation-reversing square root; A₁ is the monodromy of the figure-eight knot
papers/P4_markov_stage/DRAFT_v6.md	orient-reversing	26	orientation-reversing square root; A₁ is the monodromy of the figure-eight knot
papers/P4_markov_stage/DRAFT_v6.md	orientation	86	Section 3 studies the family's defining symmetry — the orientation-reversing square
papers/P4_markov_stage/DRAFT_v6.md	orient-reversing	86	Section 3 studies the family's defining symmetry — the orientation-reversing square
papers/P4_markov_stage/DRAFT_v6.md	amphichiral	97	witnesses, including an amphichiral pair with homology torsion (ℤ/12)² whose words fail
papers/P4_markov_stage/DRAFT_v6.md	orientation	131	companion matrix of x² − mx − 1, so det X_m = N(λ_m) = −1: the orientation character of
papers/P4_markov_stage/DRAFT_v6.md	orientable	136	X_m generates a non-orientable bundle double-covered by it — for m = 1, the Gieseking
papers/P4_markov_stage/DRAFT_v6.md	gieseking	136	X_m generates a non-orientable bundle double-covered by it — for m = 1, the Gieseking
papers/P4_markov_stage/DRAFT_v6.md	double-cover	136	X_m generates a non-orientable bundle double-covered by it — for m = 1, the Gieseking
papers/P4_markov_stage/DRAFT_v6.md	m000	137	manifold (census-verified: vol(m004)/vol(m000) = 2 exactly).
papers/P4_markov_stage/DRAFT_v6.md	sl2c-lift	191	subgroup of PSL(2,ℤ) — free of rank two, the fundamental group of the modular
papers/P4_markov_stage/DRAFT_v6.md	sl2c-lift	196	R, L lies in this subgroup (L = ST⁻¹S⁻¹ in PSL(2,ℤ), so the abelianization ℤ/6 reads
papers/P4_markov_stage/DRAFT_v6.md	orientation	222	if it has an orientation-reversing integer square root: some X ∈ GL(2,ℤ) with det X = −1
papers/P4_markov_stage/DRAFT_v6.md	orient-reversing	222	if it has an orientation-reversing integer square root: some X ∈ GL(2,ℤ) with det X = −1
papers/P4_markov_stage/DRAFT_v6.md	det-minus-1	267	breathers (X, det −1, X² = A). Which t give h(t²+4) = 1 is the Yokoi problem
papers/P4_markov_stage/DRAFT_v6.md	orientation	289	*amphichiral* := M(w) admits an orientation-reversing self-isometry; *rooted* := the
papers/P4_markov_stage/DRAFT_v6.md	orient-reversing	289	*amphichiral* := M(w) admits an orientation-reversing self-isometry; *rooted* := the
papers/P4_markov_stage/DRAFT_v6.md	amphichiral	289	*amphichiral* := M(w) admits an orientation-reversing self-isometry; *rooted* := the
papers/P4_markov_stage/DRAFT_v6.md	orientation	294	word-mirror, M(w) admits an orientation-reversing self-homeomorphism: word-mirror ⟹
papers/P4_markov_stage/DRAFT_v6.md	orient-reversing	294	word-mirror, M(w) admits an orientation-reversing self-homeomorphism: word-mirror ⟹
papers/P4_markov_stage/DRAFT_v6.md	amphichiral	295	amphichiral. (Known in substance: the full criterion — both mechanisms, with
papers/P4_markov_stage/DRAFT_v6.md	orientation	301	marks the trap the lemma must avoid: plain conjugacy to A^{±1} ignores orientation. We
papers/P4_markov_stage/DRAFT_v6.md	chern-simons	306	its bundle is genuinely chiral (CS = −0.0012159…, its rev·swap partner +0.0012159…: a
papers/P4_markov_stage/DRAFT_v6.md	amphichiral	309	**Theorem E″ (manifold level).** rooted ⟹ amphichiral (the deck involution of the
papers/P4_markov_stage/DRAFT_v6.md	orientation	310	orientation double cover reverses orientation — the Gieseking-classical mechanism;
papers/P4_markov_stage/DRAFT_v6.md	gieseking	310	orientation double cover reverses orientation — the Gieseking-classical mechanism;
papers/P4_markov_stage/DRAFT_v6.md	double-cover	310	orientation double cover reverses orientation — the Gieseking-classical mechanism;
papers/P4_markov_stage/DRAFT_v6.md	amphichiral	313	hence amphichiral (and verified: CS = 0, an isometric pair) — but NOT word-mirror; their
papers/P4_markov_stage/DRAFT_v6.md	chern-simons	313	hence amphichiral (and verified: CS = 0, an isometric pair) — but NOT word-mirror; their
papers/P4_markov_stage/DRAFT_v6.md	amphichiral	315	Amphichiral-without-root: the chain word aba (M(RLRRLLRL), vol 7.6417106…, torsion 37,
papers/P4_markov_stage/DRAFT_v6.md	chern-simons	316	CS = 0).
papers/P4_markov_stage/DRAFT_v6.md	amphichiral	330	bundles are amphichiral through rung 8 by Lemma 3.3 + verification (CS = 0 exactly at
papers/P4_markov_stage/DRAFT_v6.md	chern-simons	330	bundles are amphichiral through rung 8 by Lemma 3.3 + verification (CS = 0 exactly at
papers/P4_markov_stage/DRAFT_v6.md	chern-simons	332	3–8 (CS ≠ 0, verified) and conjecturally beyond — its imbalance defeats only the word
papers/P4_markov_stage/DRAFT_v6.md	gieseking	486	Gieseking's manifold; Q₈ and SL(2,5).
papers/P4_markov_stage/DRAFT_v6.md	amphichiral	497	(d) The amphichirality criterion is known in the closed Sol case (Tian–Wang–Wang) over
papers/P4_markov_stage/DRAFT_v6.md	amphichiral	542	gap in the first amphichirality theorem, the class-group counterexamples to "family =
papers/P4_markov_stage/DRAFT_v7.md	orientation	30	orientation-reversing square root; A₁ is the monodromy of the figure-eight knot
papers/P4_markov_stage/DRAFT_v7.md	orient-reversing	30	orientation-reversing square root; A₁ is the monodromy of the figure-eight knot
papers/P4_markov_stage/DRAFT_v7.md	orientation	90	Section 3 studies the family's defining symmetry — the orientation-reversing square
papers/P4_markov_stage/DRAFT_v7.md	orient-reversing	90	Section 3 studies the family's defining symmetry — the orientation-reversing square
papers/P4_markov_stage/DRAFT_v7.md	amphichiral	101	witnesses, including an amphichiral pair with homology torsion (ℤ/12)² whose words fail
papers/P4_markov_stage/DRAFT_v7.md	orientation	139	companion matrix of x² − mx − 1, so det X_m = N(λ_m) = −1: the orientation character of
papers/P4_markov_stage/DRAFT_v7.md	orientable	144	X_m generates a non-orientable bundle double-covered by it — for m = 1, the Gieseking
papers/P4_markov_stage/DRAFT_v7.md	gieseking	144	X_m generates a non-orientable bundle double-covered by it — for m = 1, the Gieseking
papers/P4_markov_stage/DRAFT_v7.md	double-cover	144	X_m generates a non-orientable bundle double-covered by it — for m = 1, the Gieseking
papers/P4_markov_stage/DRAFT_v7.md	m000	145	manifold (census-verified: vol(m004)/vol(m000) = 2 exactly).
papers/P4_markov_stage/DRAFT_v7.md	sl2c-lift	199	subgroup of PSL(2,ℤ) — free of rank two, the fundamental group of the modular
papers/P4_markov_stage/DRAFT_v7.md	sl2c-lift	204	R, L lies in this subgroup (L = ST⁻¹S⁻¹ in PSL(2,ℤ), so the abelianization ℤ/6 reads
papers/P4_markov_stage/DRAFT_v7.md	orientation	230	if it has an orientation-reversing integer square root: some X ∈ GL(2,ℤ) with det X = −1
papers/P4_markov_stage/DRAFT_v7.md	orient-reversing	230	if it has an orientation-reversing integer square root: some X ∈ GL(2,ℤ) with det X = −1
papers/P4_markov_stage/DRAFT_v7.md	det-minus-1	275	breathers (X, det −1, X² = A). Which t give h(t²+4) = 1 is the Yokoi problem
papers/P4_markov_stage/DRAFT_v7.md	orientation	297	*amphichiral* := M(w) admits an orientation-reversing self-isometry; *rooted* := the
papers/P4_markov_stage/DRAFT_v7.md	orient-reversing	297	*amphichiral* := M(w) admits an orientation-reversing self-isometry; *rooted* := the
papers/P4_markov_stage/DRAFT_v7.md	amphichiral	297	*amphichiral* := M(w) admits an orientation-reversing self-isometry; *rooted* := the
papers/P4_markov_stage/DRAFT_v7.md	amphichiral	300	**Lemma 3.3 (the bridge: word-mirror ⟹ amphichiral).** Let A(w) ∈ SL(2,ℤ) be the monodromy
papers/P4_markov_stage/DRAFT_v7.md	orientation	305	composite of the rotation-conjugator with J, det J = 1 but the transpose flips orientation).
papers/P4_markov_stage/DRAFT_v7.md	orientation	306	A determinant−(−1) conjugacy of the monodromy to its inverse induces an orientation-REVERSING
papers/P4_markov_stage/DRAFT_v7.md	orient-reversing	306	A determinant−(−1) conjugacy of the monodromy to its inverse induces an orientation-REVERSING
papers/P4_markov_stage/DRAFT_v7.md	amphichiral	308	the base ℤ-direction, via inverse). Hence M(w) is amphichiral. ∎
papers/P4_markov_stage/DRAFT_v7.md	orientation	316	above: plain conjugacy to A^{±1} ignores orientation — the determinant −1 of the conjugator
papers/P4_markov_stage/DRAFT_v7.md	orientation	317	is what makes the self-homeomorphism orientation-reversing. Ours are the punctured word-form
papers/P4_markov_stage/DRAFT_v7.md	orient-reversing	317	is what makes the self-homeomorphism orientation-reversing. Ours are the punctured word-form
papers/P4_markov_stage/DRAFT_v7.md	chern-simons	322	its bundle is genuinely chiral (CS = −0.0012159…, its rev·swap partner +0.0012159…: a
papers/P4_markov_stage/DRAFT_v7.md	amphichiral	325	**Theorem E″ (manifold level).** rooted ⟹ amphichiral (the deck involution of the
papers/P4_markov_stage/DRAFT_v7.md	orientation	326	orientation double cover reverses orientation — the Gieseking-classical mechanism;
papers/P4_markov_stage/DRAFT_v7.md	gieseking	326	orientation double cover reverses orientation — the Gieseking-classical mechanism;
papers/P4_markov_stage/DRAFT_v7.md	double-cover	326	orientation double cover reverses orientation — the Gieseking-classical mechanism;
papers/P4_markov_stage/DRAFT_v7.md	amphichiral	329	hence amphichiral (and verified: CS = 0, an isometric pair) — but NOT word-mirror; their
papers/P4_markov_stage/DRAFT_v7.md	chern-simons	329	hence amphichiral (and verified: CS = 0, an isometric pair) — but NOT word-mirror; their
papers/P4_markov_stage/DRAFT_v7.md	amphichiral	331	Amphichiral-without-root: the chain word aba (M(RLRRLLRL), vol 7.6417106…, torsion 37,
papers/P4_markov_stage/DRAFT_v7.md	chern-simons	332	CS = 0).
papers/P4_markov_stage/DRAFT_v7.md	amphichiral	346	bundles are amphichiral through rung 8 by Lemma 3.3 + verification (CS = 0 exactly at
papers/P4_markov_stage/DRAFT_v7.md	chern-simons	346	bundles are amphichiral through rung 8 by Lemma 3.3 + verification (CS = 0 exactly at
papers/P4_markov_stage/DRAFT_v7.md	chern-simons	348	3–8 (CS ≠ 0, verified) and conjecturally beyond — its imbalance defeats only the word
papers/P4_markov_stage/DRAFT_v7.md	gieseking	502	Gieseking's manifold; Q₈ and SL(2,5).
papers/P4_markov_stage/DRAFT_v7.md	amphichiral	513	(d) The amphichirality criterion is known in the closed Sol case (Tian–Wang–Wang) over
papers/P4_markov_stage/DRAFT_v7.md	chern-simons	574	| Thm E/E″ witnesses | RRRLLRLL chiral (CS ≠ 0); LLLRRLRRRLLR rooted, (ℤ/12)²; aba | `hierarchy_verify.py` |
papers/P4_markov_stage/DRAFT_v7.md	amphichiral	583	first amphichirality theorem; the "family = locus" over-claim) have regression checks in
papers/P4_markov_stage/DRAFT_v7.md	amphichiral	595	1. *The first amphichirality theorem was false in generality.* An early draft's
papers/P4_markov_stage/DRAFT_v7.md	amphichiral	610	6. The amphichirality criterion is Tian–Wang–Wang's closed case (Lemma 3.3), over Baake–
papers/P4_markov_stage/DRAFT_v8.md	orientation	33	orientation-reversing square root; A₁ is the monodromy of the figure-eight knot
papers/P4_markov_stage/DRAFT_v8.md	orient-reversing	33	orientation-reversing square root; A₁ is the monodromy of the figure-eight knot
papers/P4_markov_stage/DRAFT_v8.md	orientation	103	Section 3 studies the family's defining symmetry — the orientation-reversing square
papers/P4_markov_stage/DRAFT_v8.md	orient-reversing	103	Section 3 studies the family's defining symmetry — the orientation-reversing square
papers/P4_markov_stage/DRAFT_v8.md	amphichiral	114	witnesses, including an amphichiral pair with homology torsion (ℤ/12)² whose words fail
papers/P4_markov_stage/DRAFT_v8.md	orientation	152	companion matrix of x² − mx − 1, so det X_m = N(λ_m) = −1: the orientation character of
papers/P4_markov_stage/DRAFT_v8.md	orientable	157	X_m generates a non-orientable bundle double-covered by it — for m = 1, the Gieseking
papers/P4_markov_stage/DRAFT_v8.md	gieseking	157	X_m generates a non-orientable bundle double-covered by it — for m = 1, the Gieseking
papers/P4_markov_stage/DRAFT_v8.md	double-cover	157	X_m generates a non-orientable bundle double-covered by it — for m = 1, the Gieseking
papers/P4_markov_stage/DRAFT_v8.md	m000	158	manifold (census-verified: vol(m004)/vol(m000) = 2 exactly).
papers/P4_markov_stage/DRAFT_v8.md	sl2c-lift	215	subgroup of PSL(2,ℤ) — free of rank two, the fundamental group of the modular
papers/P4_markov_stage/DRAFT_v8.md	sl2c-lift	220	R, L lies in this subgroup (L = ST⁻¹S⁻¹ in PSL(2,ℤ), so the abelianization ℤ/6 reads
papers/P4_markov_stage/DRAFT_v8.md	orientation	254	if it has an orientation-reversing integer square root: some X ∈ GL(2,ℤ) with det X = −1
papers/P4_markov_stage/DRAFT_v8.md	orient-reversing	254	if it has an orientation-reversing integer square root: some X ∈ GL(2,ℤ) with det X = −1
papers/P4_markov_stage/DRAFT_v8.md	det-minus-1	299	breathers (X, det −1, X² = A). Which t give h(t²+4) = 1 is the Yokoi problem
papers/P4_markov_stage/DRAFT_v8.md	orientation	321	*amphichiral* := M(w) admits an orientation-reversing self-isometry; *rooted* := the
papers/P4_markov_stage/DRAFT_v8.md	orient-reversing	321	*amphichiral* := M(w) admits an orientation-reversing self-isometry; *rooted* := the
papers/P4_markov_stage/DRAFT_v8.md	amphichiral	321	*amphichiral* := M(w) admits an orientation-reversing self-isometry; *rooted* := the
papers/P4_markov_stage/DRAFT_v8.md	amphichiral	324	**Lemma 3.3 (the bridge: word-mirror ⟹ amphichiral).** Let A(w) ∈ SL(2,ℤ) be the monodromy
papers/P4_markov_stage/DRAFT_v8.md	orientation	329	composite of the rotation-conjugator with J, det J = 1 but the transpose flips orientation).
papers/P4_markov_stage/DRAFT_v8.md	orientation	330	A determinant−(−1) conjugacy of the monodromy to its inverse induces an orientation-REVERSING
papers/P4_markov_stage/DRAFT_v8.md	orient-reversing	330	A determinant−(−1) conjugacy of the monodromy to its inverse induces an orientation-REVERSING
papers/P4_markov_stage/DRAFT_v8.md	amphichiral	332	the base ℤ-direction, via inverse). Hence M(w) is amphichiral. ∎
papers/P4_markov_stage/DRAFT_v8.md	orientation	340	above: plain conjugacy to A^{±1} ignores orientation — the determinant −1 of the conjugator
papers/P4_markov_stage/DRAFT_v8.md	orientation	341	is what makes the self-homeomorphism orientation-reversing. Ours are the punctured word-form
papers/P4_markov_stage/DRAFT_v8.md	orient-reversing	341	is what makes the self-homeomorphism orientation-reversing. Ours are the punctured word-form
papers/P4_markov_stage/DRAFT_v8.md	chern-simons	346	its bundle is genuinely chiral (CS = −0.0012159…, its rev·swap partner +0.0012159…: a
papers/P4_markov_stage/DRAFT_v8.md	amphichiral	349	**Theorem E″ (manifold level).** rooted ⟹ amphichiral (the deck involution of the
papers/P4_markov_stage/DRAFT_v8.md	orientation	350	orientation double cover reverses orientation — the Gieseking-classical mechanism;
papers/P4_markov_stage/DRAFT_v8.md	gieseking	350	orientation double cover reverses orientation — the Gieseking-classical mechanism;
papers/P4_markov_stage/DRAFT_v8.md	double-cover	350	orientation double cover reverses orientation — the Gieseking-classical mechanism;
papers/P4_markov_stage/DRAFT_v8.md	amphichiral	353	hence amphichiral (and verified: CS = 0, an isometric pair) — but NOT word-mirror; their
papers/P4_markov_stage/DRAFT_v8.md	chern-simons	353	hence amphichiral (and verified: CS = 0, an isometric pair) — but NOT word-mirror; their
papers/P4_markov_stage/DRAFT_v8.md	amphichiral	355	Amphichiral-without-root: the chain word aba (M(RLRRLLRL), vol 7.6417106…, torsion 37,
papers/P4_markov_stage/DRAFT_v8.md	chern-simons	356	CS = 0).
papers/P4_markov_stage/DRAFT_v8.md	amphichiral	370	bundles are amphichiral through rung 8 by Lemma 3.3 + verification (CS = 0 exactly at
papers/P4_markov_stage/DRAFT_v8.md	chern-simons	370	bundles are amphichiral through rung 8 by Lemma 3.3 + verification (CS = 0 exactly at
papers/P4_markov_stage/DRAFT_v8.md	chern-simons	372	3–8 (CS ≠ 0, verified) and conjecturally beyond — its imbalance defeats only the word
papers/P4_markov_stage/DRAFT_v8.md	gieseking	526	Gieseking's manifold; Q₈ and SL(2,5).
papers/P4_markov_stage/DRAFT_v8.md	amphichiral	537	(d) The amphichirality criterion is known in the closed Sol case (Tian–Wang–Wang) over
papers/P4_markov_stage/DRAFT_v8.md	chern-simons	598	| Thm E/E″ witnesses | RRRLLRLL chiral (CS ≠ 0); LLLRRLRRRLLR rooted, (ℤ/12)²; aba | `hierarchy_verify.py` |
papers/P4_markov_stage/DRAFT_v8.md	amphichiral	607	first amphichirality theorem; the "family = locus" over-claim) have regression checks in
papers/P4_markov_stage/DRAFT_v8.md	amphichiral	619	1. *The first amphichirality theorem was false in generality.* An early draft's
papers/P4_markov_stage/DRAFT_v8.md	amphichiral	634	6. The amphichirality criterion is Tian–Wang–Wang's closed case (Lemma 3.3), over Baake–
papers/P4_markov_stage/LIT_GATE.md	amphichiral	55	The symmetric-identity, root-criterion/reciprocal-geodesics, amphichirality, and
papers/P4_markov_stage/LIT_GATE.md	det-minus-1	89	(arXiv:2408.14405, §8.3) exhibits the det −1 root of R^tL^t. Latimer–MacDuffee applies
papers/P4_markov_stage/LIT_GATE.md	amphichiral	96	## Hunt (d) — amphichirality: PARTIALLY-KNOWN (criterion known, closed case)
papers/P4_markov_stage/LIT_GATE.md	det-minus-1	98	both mechanisms, sufficiency-not-necessity, the commuting det −1 element subsuming the
papers/P4_markov_stage/LIT_GATE.md	orientation	103	orientation — the trap our bridge lemma avoids). Sakuma (1985): the closed-case root
papers/P4_markov_stage/LIT_GATE.md	gieseking	104	mechanism. Gieseking m = 1 classical. Ours: the punctured word-criterion statement, the
papers/P4_markov_stage/OUTLINE.md	orientation	15	an orientation-reversing half); the norm of the metallic mean is −1, uniformly. At the
papers/P4_markov_stage/OUTLINE.md	orient-reversing	15	an orientation-reversing half); the norm of the metallic mean is −1, uniformly. At the
papers/P4_markov_stage/OUTLINE.md	amphichiral	42	- 3.3 THEOREM E: the palindromic-alphabet amphichirality; the two towers' contrast; the
papers/P4_markov_stage/PANEL_v1_ADJUDICATION.md	amphichiral	47	word-mirror ⟹ amphichiral bridge lemma (rev·swap = transpose word — standard-shaped,
papers/P4_markov_stage/PANEL_v1_findings.md	amphichiral	6	**Verdict:** MAJOR REVISION as a standalone mathematics paper; the classical half is close to refereeable now, the quantum half is not. Linear-read experience: §2 is genuinely good — Theorems A, B, C are precisely stated, the proofs are sho
papers/P4_markov_stage/PANEL_v1_findings.md	orientation	14	- **claim:** The paper three times asserts that the metallic family IS the breathability/root locus: the abstract's opening appositive ('the monodromies of the once-punctured-torus bundles with orientation-reversing square roots'), the abst
papers/P4_markov_stage/PANEL_v1_findings.md	orient-reversing	14	- **claim:** The paper three times asserts that the metallic family IS the breathability/root locus: the abstract's opening appositive ('the monodromies of the once-punctured-torus bundles with orientation-reversing square roots'), the abst
papers/P4_markov_stage/PANEL_v1_findings.md	orientation	16	- **fix:** Rewrite all three occurrences to the true statement: Theorem D characterizes breathability for all of SL(2,ℤ) (square trace defect + divisibility); the metallic family satisfies it uniformly and is the breathable locus WITHIN a s
papers/P4_markov_stage/PANEL_v1_findings.md	orient-reversing	16	- **fix:** Rewrite all three occurrences to the true statement: Theorem D characterizes breathability for all of SL(2,ℤ) (square trace defect + divisibility); the metallic family satisfies it uniformly and is the breathable locus WITHIN a s
papers/P4_markov_stage/PANEL_v1_findings.md	amphichiral	34	- **claim:** Theorem E's implication chain mixes types without saying so: 'rooted' and 'mirror' are properties of bundles/monodromies, 'word-mirror' and 'balanced' are properties of words, and the chain 'rooted ⟹ mirror ⟹ [for the word crit
papers/P4_markov_stage/PANEL_v1_findings.md	orientation	36	- **fix:** Split into two displayed chains with explicit domains: on words, rooted(word) ⟹ word-mirror? — no: state exactly which implications hold on words and which on bundles; add the lemma 'word-mirror ⟹ the bundle admits an orientation
papers/P4_markov_stage/PANEL_v1_findings.md	orient-reversing	36	- **fix:** Split into two displayed chains with explicit domains: on words, rooted(word) ⟹ word-mirror? — no: state exactly which implications hold on words and which on bundles; add the lemma 'word-mirror ⟹ the bundle admits an orientation
papers/P4_markov_stage/PANEL_v1_findings.md	chern-simons	69	- **claim:** Apparatus gaps for a submission: there is no bibliography (all citations are inline name-year with no reference list); there are no Definition environments (breathable/rooted is never formally defined as a predicate, only embed
papers/P4_markov_stage/PANEL_v1_findings.md	chern-simons	71	- **fix:** Add the reference list; promote the breathability definition to a numbered Definition before Theorem D; expand CS at first use; one-clause glosses for type-preserving and H₁-torsion.
papers/P4_markov_stage/PANEL_v1_findings.md	amphichiral	91	**Verdict:** Hostile summary first: this paper's headline square is a two-line generic identity about symmetric matrices proved by blind expansion, its uniqueness theorem is 'the only way to factor 2', its 'quantum' half is the Hannay-Berry
papers/P4_markov_stage/PANEL_v1_findings.md	det-minus-1	100	- **attack:** False at the conjugacy-class level, and I have an explicit counterexample. Take X′ = [[4,7],[3,5]] (det −1, trace 9) and B′ = X′² = [[37,63],[27,46]]: tr B′ = 83 = tr A₉, B′ passes Theorem D's criterion exactly (9² = tr−2, 9 |
papers/P4_markov_stage/PANEL_v1_findings.md	amphichiral	111	- **fix:** Either define the frozen-residue property in §4 and prove the implication there, or delete the fourth implication from Theorem E and the 'residue rhythm' clause from E′. Restate Theorem E as two theorems: one about words (word-mi
papers/P4_markov_stage/PANEL_v1_findings.md	spin	120	- **attack:** Pinned-but-unidentified constants are the classic exhaust of numerology, and 'certifiably non-algebraic to degree 8' is a false certificate: PSLQ/integer-relation searches yield exclusion bounds ('no relation of degree ≤ 8 wit
papers/P4_markov_stage/PANEL_v1_findings.md	orientation	141	**Verdict:** Not circulation-ready, but nothing sinks the mathematics: the core results (Theorem A's identity — reverified here on an 8x8 grid — Theorems B, C, D, F(i)-(iii), and G on its genuinely exhaustive 240-point domain) look sound an
papers/P4_markov_stage/PANEL_v1_findings.md	orient-reversing	141	**Verdict:** Not circulation-ready, but nothing sinks the mathematics: the core results (Theorem A's identity — reverified here on an 8x8 grid — Theorems B, C, D, F(i)-(iii), and G on its genuinely exhaustive 240-point domain) look sound an
papers/P4_markov_stage/PANEL_v1_findings.md	amphichiral	141	**Verdict:** Not circulation-ready, but nothing sinks the mathematics: the core results (Theorem A's identity — reverified here on an 8x8 grid — Theorems B, C, D, F(i)-(iii), and G on its genuinely exhaustive 240-point domain) look sound an
papers/P4_markov_stage/PANEL_v1_findings.md	orientation	144	- **claim:** "the *metallic matrices*, the monodromies of the once-punctured-torus bundles with orientation-reversing square roots"
papers/P4_markov_stage/PANEL_v1_findings.md	orient-reversing	144	- **claim:** "the *metallic matrices*, the monodromies of the once-punctured-torus bundles with orientation-reversing square roots"
papers/P4_markov_stage/PANEL_v1_findings.md	orientation	145	- **attack:** The definite article claims exhaustiveness the body never proves. It is false: by Latimer-MacDuffee, conjugacy classes of X with char poly x^2-mx-1 correspond to ideal classes of Z[lambda_m]; for m=6, Z[sqrt(10)] has class num
papers/P4_markov_stage/PANEL_v1_findings.md	orient-reversing	145	- **attack:** The definite article claims exhaustiveness the body never proves. It is false: by Latimer-MacDuffee, conjugacy classes of X with char poly x^2-mx-1 correspond to ideal classes of Z[lambda_m]; for m=6, Z[sqrt(10)] has class num
papers/P4_markov_stage/PANEL_v1_findings.md	det-minus-1	145	- **attack:** The definite article claims exhaustiveness the body never proves. It is false: by Latimer-MacDuffee, conjugacy classes of X with char poly x^2-mx-1 correspond to ideal classes of Z[lambda_m]; for m=6, Z[sqrt(10)] has class num
papers/P4_markov_stage/PANEL_v1_findings.md	orientation	146	- **fix:** "the *metallic matrices* — a family of monodromies of once-punctured-torus bundles, each admitting an orientation-reversing square root" (or prove/state the per-trace classification: metallic = the principal-class root at each tr
papers/P4_markov_stage/PANEL_v1_findings.md	orient-reversing	146	- **fix:** "the *metallic matrices* — a family of monodromies of once-punctured-torus bundles, each admitting an orientation-reversing square root" (or prove/state the per-trace classification: metallic = the principal-class root at each tr
papers/P4_markov_stage/PANEL_v1_findings.md	amphichiral	164	- **claim:** "Every word in the metallic alphabet ... is word-mirror ... hence every metallic-word bundle is amphichiral."
papers/P4_markov_stage/PANEL_v1_findings.md	amphichiral	165	- **attack:** The load-bearing implication word-mirror => amphichiral (manifold-level) is never proved. Theorem E's proof block covers only rooted => mirror, word-mirror => balanced, and balanced => frozen; the paper's own second witness sh
papers/P4_markov_stage/PANEL_v1_findings.md	chern-simons	165	- **attack:** The load-bearing implication word-mirror => amphichiral (manifold-level) is never proved. Theorem E's proof block covers only rooted => mirror, word-mirror => balanced, and balanced => frozen; the paper's own second witness sh
papers/P4_markov_stage/PANEL_v1_findings.md	orientation	166	- **fix:** State and prove the lemma (rev·swap(w) is the transpose word; M(w) admits an orientation-reversing homeomorphism to M(rev·swap(w)); a rotation gives the same bundle) — or downgrade: "every metallic word is word-mirror; amphichira
papers/P4_markov_stage/PANEL_v1_findings.md	orient-reversing	166	- **fix:** State and prove the lemma (rev·swap(w) is the transpose word; M(w) admits an orientation-reversing homeomorphism to M(rev·swap(w)); a rotation gives the same bundle) — or downgrade: "every metallic word is word-mirror; amphichira
papers/P4_markov_stage/PANEL_v1_findings.md	amphichiral	166	- **fix:** State and prove the lemma (rev·swap(w) is the transpose word; M(w) admits an orientation-reversing homeomorphism to M(rev·swap(w)); a rotation gives the same bundle) — or downgrade: "every metallic word is word-mirror; amphichira
papers/P4_markov_stage/PANEL_v1_findings.md	amphichiral	170	- **attack:** Unrestricted claim over all rungs >= 3 from finite CS computations (rung <= 8 is the only range stated anywhere nearby). The imbalance #L−#R = −F_{k−2} only defeats the WORD criterion, and the paper's own §3.2 witness (the amp
papers/P4_markov_stage/PANEL_v1_findings.md	chern-simons	170	- **attack:** Unrestricted claim over all rungs >= 3 from finite CS computations (rung <= 8 is the only range stated anywhere nearby). The imbalance #L−#R = −F_{k−2} only defeats the WORD criterion, and the paper's own §3.2 witness (the amp
papers/P4_markov_stage/PANEL_v1_findings.md	chern-simons	171	- **fix:** "chiral at rungs 3 through 8 (CS ≠ 0, verified); the imbalance #L−#R = −F_{k−2} rules out the word criterion at every rung ≥ 3, and we conjecture chirality for all k ≥ 3."
papers/P4_markov_stage/PANEL_v1_findings.md	amphichiral	176	- **fix:** Either supply a frozen-without-balanced witness, or write "the first two implications are strict (witnesses below); strictness of the third is open" and relabel the second bullet as what it is: proof that the word criterion is no
papers/P4_markov_stage/PANEL_v1_findings.md	sl2c-lift	214	- **claim:** "⟨A₁, A₂⟩ = ⟨g₁, g₂⟩, the commutator subgroup of PSL(2,ℤ)"
papers/P4_markov_stage/PANEL_v1_findings.md	sl2c-lift	215	- **attack:** SL/PSL conflation: A₁, A₂ are SL(2,Z) matrices; a subgroup of SL(2,Z) cannot equal a subgroup of PSL(2,Z). The correct statement is about the image in PSL(2,Z) (Cohn's theorem), and whether −I ∈ ⟨A₁,A₂⟩ deserves one clause sin
papers/P4_markov_stage/PANEL_v1_findings.md	sl2c-lift	216	- **fix:** "⟨A₁, A₂⟩ = ⟨g₁, g₂⟩ in SL(2,Z), whose image in PSL(2,ℤ) is the commutator subgroup (Cohn); the subgroup is free of rank two and −I ∉ ⟨A₁,A₂⟩."
papers/P4_markov_stage/PANEL_v1_findings.md	orientation	226	- **fix:** "Definition 3.1. Call B ∈ SL(2,ℤ) *breathable* if there exists X ∈ GL(2,ℤ) with det X = −1 and X² = B (the bundle admits an orientation-reversing square root). The term is ours."
papers/P4_markov_stage/PANEL_v1_findings.md	orient-reversing	226	- **fix:** "Definition 3.1. Call B ∈ SL(2,ℤ) *breathable* if there exists X ∈ GL(2,ℤ) with det X = −1 and X² = B (the bundle admits an orientation-reversing square root). The term is ours."
papers/P4_markov_stage/PANEL_v1_findings.md	amphichiral	249	- **claim:** "*mirror without root*: the word aba of the chain — M(RLRRLLRL), vol 7.6417106…, H₁-torsion 37 (not a square), CS = 0." and "both amphichiral (CS = 0, an isometric pair)"
papers/P4_markov_stage/PANEL_v1_findings.md	chern-simons	249	- **claim:** "*mirror without root*: the word aba of the chain — M(RLRRLLRL), vol 7.6417106…, H₁-torsion 37 (not a square), CS = 0." and "both amphichiral (CS = 0, an isometric pair)"
papers/P4_markov_stage/PANEL_v1_findings.md	amphichiral	250	- **attack:** CS = 0 is necessary, not sufficient, for amphichirality; as printed, the evidence offered for the 'mirror' half of both witnesses is the insufficient invariant. Appendix A hints the amphichirality was isometry-verified in Snap
papers/P4_markov_stage/PANEL_v1_findings.md	chern-simons	250	- **attack:** CS = 0 is necessary, not sufficient, for amphichirality; as printed, the evidence offered for the 'mirror' half of both witnesses is the insufficient invariant. Appendix A hints the amphichirality was isometry-verified in Snap
papers/P4_markov_stage/PANEL_v1_findings.md	orientation	251	- **fix:** "amphichiral (orientation-reversing self-isometry found and verified by SnapPy, version-pinned in the repository log; CS = 0 consistent)" in both bullets.
papers/P4_markov_stage/PANEL_v1_findings.md	orient-reversing	251	- **fix:** "amphichiral (orientation-reversing self-isometry found and verified by SnapPy, version-pinned in the repository log; CS = 0 consistent)" in both bullets.
papers/P4_markov_stage/PANEL_v1_findings.md	amphichiral	251	- **fix:** "amphichiral (orientation-reversing self-isometry found and verified by SnapPy, version-pinned in the repository log; CS = 0 consistent)" in both bullets.
papers/P4_markov_stage/PANEL_v1_findings.md	chern-simons	251	- **fix:** "amphichiral (orientation-reversing self-isometry found and verified by SnapPy, version-pinned in the repository log; CS = 0 consistent)" in both bullets.
papers/P4_markov_stage/PANEL_v1_findings.md	amphichiral	260	- **attack:** Finite locks cannot back infinite-scope displayed claims: Theorems A-D are proof-backed (locks check instances), and Theorem E′'s full amphichirality scope currently exceeds both the locks AND the written proof. 'Every display
papers/P4_markov_stage/PANEL_v1_findings.md	orientation	298	"The authors' honesty protocol is commendable, but the novelty case is weaker than §5 suggests: in each 'could not locate' cluster the load-bearing structure is classical and only the parameter evaluation is new. (1) Theorem A's headline — 
papers/P4_markov_stage/PANEL_v1_findings.md	amphichiral	298	"The authors' honesty protocol is commendable, but the novelty case is weaker than §5 suggests: in each 'could not locate' cluster the load-bearing structure is classical and only the parameter evaluation is new. (1) Theorem A's headline — 
papers/P4_markov_stage/PANEL_v1_findings.md	det-minus-1	298	"The authors' honesty protocol is commendable, but the novelty case is weaker than §5 suggests: in each 'could not locate' cluster the load-bearing structure is classical and only the parameter evaluation is new. (1) Theorem A's headline — 
papers/P4_markov_stage/PANEL_v1_findings.md	det-minus-1	314	- **attack:** The trace half is published: Chuda, 'Extended special linear group ESL₂(F) and square roots in matrix groups SL₂(F), SL₂(ℤ), ESL₂(F), GL₂(F_p)' (arXiv:2307.13873, 2023), Theorem 4: X² = A has a solution X ∈ ESL₂∖SL₂ iff tr A −
papers/P4_markov_stage/PANEL_v1_findings.md	amphichiral	318	- **claim:** The word-mirror criterion (rev·swap up to rotation ⟹ amphichiral) and the palindromic-alphabet theorem E′ are presented as results of this paper.
papers/P4_markov_stage/PANEL_v1_findings.md	orientation	319	- **attack:** The criterion level is assembled from standard parts: (1) punctured-torus bundles are homeomorphic allowing orientation reversal iff monodromies are GL₂(ℤ)-conjugate up to inverse — Floyd–Hatcher-era folklore, restated as back
papers/P4_markov_stage/PANEL_v1_findings.md	amphichiral	319	- **attack:** The criterion level is assembled from standard parts: (1) punctured-torus bundles are homeomorphic allowing orientation reversal iff monodromies are GL₂(ℤ)-conjugate up to inverse — Floyd–Hatcher-era folklore, restated as back
papers/P4_markov_stage/PANEL_v1_findings.md	gieseking	319	- **attack:** The criterion level is assembled from standard parts: (1) punctured-torus bundles are homeomorphic allowing orientation reversal iff monodromies are GL₂(ℤ)-conjugate up to inverse — Floyd–Hatcher-era folklore, restated as back
papers/P4_markov_stage/PANEL_v1_findings.md	double-cover	319	- **attack:** The criterion level is assembled from standard parts: (1) punctured-torus bundles are homeomorphic allowing orientation reversal iff monodromies are GL₂(ℤ)-conjugate up to inverse — Floyd–Hatcher-era folklore, restated as back
papers/P4_markov_stage/PANEL_v1_findings.md	sl2c-lift	329	- **attack:** The result is near-forced by general facts: any pair in PSL(2,ℤ) with tr[A,B] = −2 generates a discrete free type-preserving punctured-torus group of coarea 2π (Gauss–Bonnet), hence of index exactly 6; torsion-free index-6 sub
papers/P4_markov_stage/PANEL_v1_findings.md	gieseking	339	- **attack:** Entirely textbook: X_m is the companion matrix of x² − mx − 1, det = −N(λ_m) sign convention aside; norm −1 for the metallic unit ⟺ negative Pell for m²+4, and the odd-powers-of-φ observation is the standard structure of ℤ[φ]×
papers/P4_markov_stage/PANEL_v1_findings.md	double-cover	339	- **attack:** Entirely textbook: X_m is the companion matrix of x² − mx − 1, det = −N(λ_m) sign convention aside; norm −1 for the metallic unit ⟺ negative Pell for m²+4, and the odd-powers-of-φ observation is the standard structure of ℤ[φ]×
papers/P4_markov_stage/PANEL_v1_findings.md	gieseking	340	- **fix:** Fold into the setup paragraph with citations to standard references on metallic means and the Gieseking manifold.
papers/P4_markov_stage/PANEL_v1_findings.md	amphichiral	345	**Verdict:** The arithmetic core of the paper is solid: I re-derived every displayed formula independently and all verify exactly — Theorem A's three trace identities and the Fricke factorization (symbolically over ℤ[m,n], plus the commutat
papers/P4_markov_stage/PANEL_v1_findings.md	amphichiral	348	- **claim:** "Every word in the metallic alphabet {R^m L^m : m ≥ 1} is word-mirror — rev·swap fixes each letter, so rev·swap(uv) = vu, which is a rotation of uv — hence every metallic-word bundle is amphichiral."
papers/P4_markov_stage/PANEL_v1_findings.md	amphichiral	349	- **attack:** FALSE as stated, with explicit counterexamples. rev·swap of a k-block metallic word w₁w₂…w_k is w_k…w₂w₁ (the REVERSED block sequence), which is a cyclic rotation of w only when the block sequence is conjugate to its reversal.
papers/P4_markov_stage/PANEL_v1_findings.md	chern-simons	349	- **attack:** FALSE as stated, with explicit counterexamples. rev·swap of a k-block metallic word w₁w₂…w_k is w_k…w₂w₁ (the REVERSED block sequence), which is a cyclic rotation of w only when the block sequence is conjugate to its reversal.
papers/P4_markov_stage/PANEL_v1_findings.md	amphichiral	350	- **fix:** Rescope E′ to (a) two-block words uv (the printed proof) and (b) the chain words, proving (b) via the standard-word palindrome lemma (s_k = palindrome · xy ⟹ reversal is a rotation). Delete "every metallic-word bundle is amphichi
papers/P4_markov_stage/PANEL_v1_findings.md	det-minus-1	354	- **attack:** Refuted under the natural reading. The breathability locus of SL(2,ℤ) (Theorem D's criterion) is strictly larger than {A_m}: every ODD power of a metallic letter is breathable — A_m^{2k+1} = (X_m^{2k+1})² with det X_m^{2k+1} =
papers/P4_markov_stage/PANEL_v1_findings.md	orientation	359	- **attack:** Two distinct "mirror" notions are conflated, and the chain does not compose. The first implication is proven with mirror = amphichiral (orientation double cover argument); the second is proven only for mirror = word-mirror. "A
papers/P4_markov_stage/PANEL_v1_findings.md	amphichiral	359	- **attack:** Two distinct "mirror" notions are conflated, and the chain does not compose. The first implication is proven with mirror = amphichiral (orientation double cover argument); the second is proven only for mirror = word-mirror. "A
papers/P4_markov_stage/PANEL_v1_findings.md	chern-simons	359	- **attack:** Two distinct "mirror" notions are conflated, and the chain does not compose. The first implication is proven with mirror = amphichiral (orientation double cover argument); the second is proven only for mirror = word-mirror. "A
papers/P4_markov_stage/PANEL_v1_findings.md	double-cover	359	- **attack:** Two distinct "mirror" notions are conflated, and the chain does not compose. The first implication is proven with mirror = amphichiral (orientation double cover argument); the second is proven only for mirror = word-mirror. "A
papers/P4_markov_stage/PANEL_v1_findings.md	amphichiral	360	- **fix:** Split the hierarchy into two honestly-labeled chains (word-level: word-mirror ⟹ balanced; manifold-level: rooted ⟹ amphichiral), state "amphichiral ⟹ balanced" as conjecture/verified-range or prove it, and either write out the ba
papers/P4_markov_stage/PANEL_v1_findings.md	sl2c-lift	383	- **claim:** "⟨A₁, A₂⟩ = ⟨g₁, g₂⟩, the commutator subgroup of PSL(2,ℤ)" and "every balanced word in R, L ... lies in this subgroup".
papers/P4_markov_stage/PANEL_v1_findings.md	sl2c-lift	384	- **attack:** Group-level slippage: ⟨A₁,A₂⟩ is a subgroup of SL(2,ℤ); equating it with a subgroup of PSL(2,ℤ) needs the (true, standard) remark that the matrix group maps isomorphically onto the commutator subgroup (−I is not in the relevan
papers/P4_markov_stage/PANEL_v1_findings.md	sl2c-lift	385	- **fix:** Insert "image in PSL(2,ℤ)" (or the −I remark) once, and state the kernel is #R − #L ≡ 0 mod 6.
papers/P4_markov_stage/PANEL_v1_findings.md	orientation	393	- **claim:** "the orientation double cover of the non-orientable bundle generated by X has orientation-reversing deck involution."
papers/P4_markov_stage/PANEL_v1_findings.md	orientable	393	- **claim:** "the orientation double cover of the non-orientable bundle generated by X has orientation-reversing deck involution."
papers/P4_markov_stage/PANEL_v1_findings.md	orient-reversing	393	- **claim:** "the orientation double cover of the non-orientable bundle generated by X has orientation-reversing deck involution."
papers/P4_markov_stage/PANEL_v1_findings.md	double-cover	393	- **claim:** "the orientation double cover of the non-orientable bundle generated by X has orientation-reversing deck involution."
papers/P4_markov_stage/PANEL_v1_findings.md	orientation	394	- **attack:** Sound but elliptic: it silently uses (a) hyperbolicity of M(B) (monodromy trace t²+2 > 2, Anosov), (b) deck transformations of the orientation double cover reverse orientation (true, one line), and (c) homeomorphism → isometry
papers/P4_markov_stage/PANEL_v1_findings.md	orient-reversing	394	- **attack:** Sound but elliptic: it silently uses (a) hyperbolicity of M(B) (monodromy trace t²+2 > 2, Anosov), (b) deck transformations of the orientation double cover reverse orientation (true, one line), and (c) homeomorphism → isometry
papers/P4_markov_stage/PANEL_v1_findings.md	double-cover	394	- **attack:** Sound but elliptic: it silently uses (a) hyperbolicity of M(B) (monodromy trace t²+2 > 2, Anosov), (b) deck transformations of the orientation double cover reverse orientation (true, one line), and (c) homeomorphism → isometry
papers/P4_markov_stage/PANEL_v1_findings.md	spin	405	- **fix:** Pin the DFT convention (F[j,k] = ζ^{jk}/√15) and say "54 of the 70 dark points".
papers/P4_markov_stage/PANEL_v2.md	det-minus-1	22	X = [[1,3],[4,11]], det −1, X² = B, det(B−I) = −144 giving (ℤ/12)² torsion. **Fixed
papers/P4_markov_stage/PANEL_v2.md	orientation	41	7. **[MAJOR] Lemma 3.3 provenance parenthetical clutters + the proof gap (orientation
papers/P4_markov_stage/PANEL_v2.md	orientation	43	remark; either display the orientation step or cite it as "closed case, transplants,
papers/P4_markov_stage/PANEL_v2_FINAL.md	sl2c-lift	23	printed "|Q₈/±|·|PSL(2,5)| = 4·60 = 240" silently swaps SL(2,5) (order 120, per the
papers/P4_markov_stage/PANEL_v2_FINAL.md	sl2c-lift	24	paper's own Theorem F) for PSL(2,5) (60) to hit 240. **Fix (v6):** state the honest
papers/P2_inversion_law/DRAFT_v1.md	knot-in-s3	13	Dehn surgery on a knot complement produces a closed 3-manifold — the *child* — and forgets its
papers/P2_inversion_law/DRAFT_v1.md	orientation	19	the **orientation**. The collision 4₁(5,1) ≅ 5₂(5,1) is orientation-*reversing* — the two parents
papers/P2_inversion_law/DRAFT_v1.md	knot-in-s3	28	If you glue a solid torus into a knot complement, you get a closed manifold, and you throw a
papers/P2_inversion_law/DRAFT_v1.md	orientation	39	that survives is orientation, and it survives because the collision that makes two knots into one
papers/P2_inversion_law/DRAFT_v1.md	orientation	42	orientation signature; Section 5 is the law and what it does and does not permit.
papers/P2_inversion_law/DRAFT_v1.md	chern-simons	51	holonomy; the Chern–Simons invariant CS ∈ ℝ/ℤ; and the Reshetikhin–Turaev / Witten quantum
papers/P2_inversion_law/DRAFT_v1.md	sl2c-lift	67	**Theorem I2 (the vacua and their Chern–Simons).** The child carries four flat SL(2,ℂ) vacua; the
papers/P2_inversion_law/DRAFT_v1.md	chern-simons	68	geometric one reproduces the banked Chern–Simons value CS = ±0.07703818, and this value is a
papers/P2_inversion_law/DRAFT_v1.md	orientation	69	mirror pair — its two signs are the two orientations — governed by the B289 sign law. The
papers/P2_inversion_law/DRAFT_v1.md	orientation	79	## 4. The census and the orientation signature
papers/P2_inversion_law/DRAFT_v1.md	orientation	81	**Theorem I3 (the collision is orientation-reversing).** 4₁(5,1) and 5₂(5,1) are homeomorphic,
papers/P2_inversion_law/DRAFT_v1.md	orient-reversing	81	**Theorem I3 (the collision is orientation-reversing).** 4₁(5,1) and 5₂(5,1) are homeomorphic,
papers/P2_inversion_law/DRAFT_v1.md	orientation	82	but *orientation-reversingly*: as oriented manifolds, 5₂(5,1) = 4₁(−5,1), the mirror. The
papers/P2_inversion_law/DRAFT_v1.md	orient-reversing	82	but *orientation-reversingly*: as oriented manifolds, 5₂(5,1) = 4₁(−5,1), the mirror. The
papers/P2_inversion_law/DRAFT_v1.md	orientation	83	identification 4₁(5,1) ≅ 5₂(5,1) ≅ m003(−2,3) holds, and the orientation bit is the one datum
papers/P2_inversion_law/DRAFT_v1.md	orientation	89	to orientation, and the orientation is the residue that separates them.
papers/P2_inversion_law/DRAFT_v1.md	orientation	101	except for a single ℤ/2 datum — the orientation — which it cannot shed. Equivalently: the map
papers/P2_inversion_law/DRAFT_v1.md	orientation	108	under every other operation: orientation, the residue, the breath. Here it appears in its
papers/P2_inversion_law/DRAFT_v1.md	knot-in-s3	118	surgery literature); the class-invariance of trace fields under commensurability (Neumann–Reid);
papers/P2_inversion_law/DRAFT_v1.md	orientation	121	orientation-only residue as a *law* across the census; the triple collision as a ℤ-homology
papers/P2_inversion_law/DRAFT_v2.md	orientation	1	# The inversion law: what a surgered manifold forgets, and the orientation that survives only sometimes
papers/P2_inversion_law/DRAFT_v2.md	orientation	5	absence) and an over-strong orientation law (claimed uniformly orientation-reversing; the paper's
papers/P2_inversion_law/DRAFT_v2.md	orient-reversing	5	absence) and an over-strong orientation law (claimed uniformly orientation-reversing; the paper's
papers/P2_inversion_law/DRAFT_v2.md	orientation	6	own triple is orientation-preserving). Both are corrected here, and the thesis is weakened to what
papers/P2_inversion_law/DRAFT_v2.md	knot-in-s3	15	Dehn surgery on a knot complement produces a closed 3-manifold — the *child* — and forgets its
papers/P2_inversion_law/DRAFT_v2.md	orientation	22	can survive a collision is at most a single bit — the **orientation** — and even that survives only
papers/P2_inversion_law/DRAFT_v2.md	orientation	23	sometimes. The collision 4₁(5,1) ≅ 5₂(5,1) is orientation-*reversing*: the two children are a
papers/P2_inversion_law/DRAFT_v2.md	orientation	25	here orientation is the one datum that distinguishes the parents. But the twist-knot *triple*
papers/P2_inversion_law/DRAFT_v2.md	orientation	26	4₁(1,2) = 5₂(−1,1) = 6₁(1,1) is orientation-*preserving* (one oriented manifold, equal
papers/P2_inversion_law/DRAFT_v2.md	orientation	27	Chern–Simons), so there orientation distinguishes nothing. The surviving parental data is therefore
papers/P2_inversion_law/DRAFT_v2.md	orientation	30	most orientation.
papers/P2_inversion_law/DRAFT_v2.md	knot-in-s3	36	If you glue a solid torus into a knot complement, you get a closed manifold, and you throw a
papers/P2_inversion_law/DRAFT_v2.md	orientation	49	orientation — and here the story is subtler than we first wrote it. Sometimes the collision that
papers/P2_inversion_law/DRAFT_v2.md	orientation	50	merges two knots into one child is a mirror, and then orientation is exactly the surviving
papers/P2_inversion_law/DRAFT_v2.md	orientation	51	distinction. Sometimes the collision is orientation-preserving, and then even orientation is gone.
papers/P2_inversion_law/DRAFT_v2.md	orientation	53	absence of parental data; Section 4 is the census and the *non-uniform* orientation signature;
papers/P2_inversion_law/DRAFT_v2.md	chern-simons	63	holonomy; the Chern–Simons invariant CS ∈ ℝ/ℤ; and the Reshetikhin–Turaev / Witten quantum
papers/P2_inversion_law/DRAFT_v2.md	orientation	70	For orientation bookkeeping, recall the diagnostic used throughout: for an oriented hyperbolic
papers/P2_inversion_law/DRAFT_v2.md	chern-simons	75	bit: CS(M̄) = −CS(M).
papers/P2_inversion_law/DRAFT_v2.md	sl2c-lift	98	**Theorem I2 (the vacua and their Chern–Simons).** The child carries four flat SL(2,ℂ) vacua; the
papers/P2_inversion_law/DRAFT_v2.md	chern-simons	99	geometric one reproduces the banked Chern–Simons value CS = ±0.07703818, and this value is a
papers/P2_inversion_law/DRAFT_v2.md	orientation	100	mirror pair — its two signs are the two orientations — governed by the B289 sign law. The
papers/P2_inversion_law/DRAFT_v2.md	orientation	110	## 4. The census and the orientation signature (non-uniform)
papers/P2_inversion_law/DRAFT_v2.md	orientation	112	**Theorem I3 (the (5,1) collision is orientation-reversing).** 4₁(5,1) and 5₂(5,1) are the same
papers/P2_inversion_law/DRAFT_v2.md	orient-reversing	112	**Theorem I3 (the (5,1) collision is orientation-reversing).** 4₁(5,1) and 5₂(5,1) are the same
papers/P2_inversion_law/DRAFT_v2.md	orientation	116	5₂(5,1)), and their Chern–Simons values are the mirror pair ±0.07703818. Here the orientation bit
papers/P2_inversion_law/DRAFT_v2.md	orientation	119	**Theorem I4 (the triple is orientation-preserving — the law is not uniform).** Across the
papers/P2_inversion_law/DRAFT_v2.md	chern-simons	122	oriented* manifold — equal Chern–Simons (CS = −0.246607, not a ± pair) — so the collision is
papers/P2_inversion_law/DRAFT_v2.md	orientation	123	orientation-**preserving**. Here orientation distinguishes nothing: three distinct parents, one
papers/P2_inversion_law/DRAFT_v2.md	orientation	130	disagree is orientation — a single ℤ/2 — which they sometimes do (the (5,1) mirror pair) and
papers/P2_inversion_law/DRAFT_v2.md	orientation	131	sometimes do not (the orientation-preserving triple).
papers/P2_inversion_law/DRAFT_v2.md	orientation	139	residual distinction between colliding parents is *at most* a single ℤ/2 datum, the orientation of
papers/P2_inversion_law/DRAFT_v2.md	orientation	140	the child. That bit survives non-uniformly: some collisions are mirror pairs (orientation the sole
papers/P2_inversion_law/DRAFT_v2.md	orientation	141	surviving distinction, as at (5,1)), and some are orientation-preserving (no surviving distinction
papers/P2_inversion_law/DRAFT_v2.md	orientation	149	same ℤ/2 the whole program keeps under its other operations — orientation, the residue, the breath
papers/P2_inversion_law/DRAFT_v2.md	knot-in-s3	159	surgery literature); the class-invariance of trace fields under commensurability (Neumann–Reid);
papers/P2_inversion_law/DRAFT_v2.md	knot-in-s3	161	diagnostic for mirror images (Maclachlan–Reid). Ours (scoped, pending the gate): the systematic
papers/P2_inversion_law/DRAFT_v2.md	orientation	163	field having no quadratic subfield); the *non-uniform* orientation residue across the census (the
papers/P2_inversion_law/DRAFT_v2.md	orientation	164	(5,1) mirror pair versus the orientation-preserving triple); the triple collision as a ℤ-homology
papers/P2_inversion_law/DRAFT_v2.md	orientation	165	sphere. Open: (i) a *characterization* of which collisions are orientation-reversing and which are
papers/P2_inversion_law/DRAFT_v2.md	orient-reversing	165	sphere. Open: (i) a *characterization* of which collisions are orientation-reversing and which are
papers/P2_inversion_law/DRAFT_v2.md	orientation	166	orientation-preserving — the (p,1) versus multi-slope pattern seen here is not yet a theorem;
papers/P2_inversion_law/DRAFT_v2.md	orientation	182	orientation-law weakening).
papers/P2_inversion_law/DRAFT_v3.md	orientation	15	a misidentified trace field (ℚ(√5) for ℚ(√−3)) and an over-strong orientation law (claimed uniformly
papers/P2_inversion_law/DRAFT_v3.md	orientation	16	orientation-reversing; the paper's own triple is orientation-preserving); the thesis was weakened to the
papers/P2_inversion_law/DRAFT_v3.md	orient-reversing	16	orientation-reversing; the paper's own triple is orientation-preserving); the thesis was weakened to the
papers/P2_inversion_law/DRAFT_v3.md	knot-in-s3	25	Dehn surgery on a knot complement produces a closed 3-manifold — the *child* — and forgets its
papers/P2_inversion_law/DRAFT_v3.md	orientation	32	can survive a collision is at most a single bit — the **orientation** — and even that survives only
papers/P2_inversion_law/DRAFT_v3.md	orientation	33	sometimes. The collision 4₁(5,1) ≅ 5₂(5,1) is orientation-*reversing*: the two children are a
papers/P2_inversion_law/DRAFT_v3.md	orientation	35	here orientation is the one datum that distinguishes the parents. But the twist-knot *triple*
papers/P2_inversion_law/DRAFT_v3.md	orientation	36	4₁(1,2) = 5₂(−1,1) = 6₁(1,1) is orientation-*preserving* (one oriented manifold, equal
papers/P2_inversion_law/DRAFT_v3.md	orientation	37	Chern–Simons), so there orientation distinguishes nothing. The surviving parental data is therefore
papers/P2_inversion_law/DRAFT_v3.md	orientation	40	most orientation.
papers/P2_inversion_law/DRAFT_v3.md	knot-in-s3	46	If you glue a solid torus into a knot complement, you get a closed manifold, and you throw a
papers/P2_inversion_law/DRAFT_v3.md	orientation	59	orientation — and here the story is subtler than we first wrote it. Sometimes the collision that
papers/P2_inversion_law/DRAFT_v3.md	orientation	60	merges two knots into one child is a mirror, and then orientation is exactly the surviving
papers/P2_inversion_law/DRAFT_v3.md	orientation	61	distinction. Sometimes the collision is orientation-preserving, and then even orientation is gone.
papers/P2_inversion_law/DRAFT_v3.md	orientation	63	absence of parental data; Section 4 is the census and the *non-uniform* orientation signature;
papers/P2_inversion_law/DRAFT_v3.md	chern-simons	73	holonomy; the Chern–Simons invariant CS ∈ ℝ/ℤ; and the Reshetikhin–Turaev / Witten quantum
papers/P2_inversion_law/DRAFT_v3.md	orientation	80	For orientation bookkeeping, recall the diagnostic used throughout: for an oriented hyperbolic
papers/P2_inversion_law/DRAFT_v3.md	chern-simons	85	bit: CS(M̄) = −CS(M).
papers/P2_inversion_law/DRAFT_v3.md	sl2c-lift	111	**Theorem I2 (the vacua and their Chern–Simons).** The child carries four flat SL(2,ℂ) vacua; the
papers/P2_inversion_law/DRAFT_v3.md	chern-simons	112	geometric one reproduces the banked Chern–Simons value CS = ±0.07703818, and this value is a
papers/P2_inversion_law/DRAFT_v3.md	orientation	113	mirror pair — its two signs are the two orientations — governed by the B289 sign law. The
papers/P2_inversion_law/DRAFT_v3.md	orientation	123	## 4. The census and the orientation signature (non-uniform)
papers/P2_inversion_law/DRAFT_v3.md	orientation	125	**Theorem I3 (the (5,1) collision is orientation-reversing).** 4₁(5,1) and 5₂(5,1) are the same
papers/P2_inversion_law/DRAFT_v3.md	orient-reversing	125	**Theorem I3 (the (5,1) collision is orientation-reversing).** 4₁(5,1) and 5₂(5,1) are the same
papers/P2_inversion_law/DRAFT_v3.md	orientation	129	5₂(5,1)), and their Chern–Simons values are the mirror pair ±0.07703818. Here the orientation bit
papers/P2_inversion_law/DRAFT_v3.md	orientation	132	**Theorem I4 (the triple is orientation-preserving — the law is not uniform).** Across the
papers/P2_inversion_law/DRAFT_v3.md	chern-simons	135	oriented* manifold — equal Chern–Simons (CS = −0.246607, not a ± pair) — so the collision is
papers/P2_inversion_law/DRAFT_v3.md	orientation	136	orientation-**preserving**. Here orientation distinguishes nothing: three distinct parents, one
papers/P2_inversion_law/DRAFT_v3.md	orientation	143	disagree is orientation — a single ℤ/2 — which they sometimes do (the (5,1) mirror pair) and
papers/P2_inversion_law/DRAFT_v3.md	orientation	144	sometimes do not (the orientation-preserving triple).
papers/P2_inversion_law/DRAFT_v3.md	orientation	152	residual distinction between colliding parents is *at most* a single ℤ/2 datum, the orientation of
papers/P2_inversion_law/DRAFT_v3.md	orientation	153	the child. That bit survives non-uniformly: some collisions are mirror pairs (orientation the sole
papers/P2_inversion_law/DRAFT_v3.md	orientation	154	surviving distinction, as at (5,1)), and some are orientation-preserving (no surviving distinction
papers/P2_inversion_law/DRAFT_v3.md	orientation	162	same ℤ/2 the whole program keeps under its other operations — orientation, the residue, the breath
papers/P2_inversion_law/DRAFT_v3.md	knot-in-s3	172	surgery literature); the class-invariance of trace fields under commensurability (Neumann–Reid);
papers/P2_inversion_law/DRAFT_v3.md	knot-in-s3	174	diagnostic for mirror images (Maclachlan–Reid). Ours (scoped, pending the gate): the systematic
papers/P2_inversion_law/DRAFT_v3.md	orientation	176	field having no quadratic subfield); the *non-uniform* orientation residue across the census (the
papers/P2_inversion_law/DRAFT_v3.md	orientation	177	(5,1) mirror pair versus the orientation-preserving triple); the triple collision as a ℤ-homology
papers/P2_inversion_law/DRAFT_v3.md	orientation	178	sphere. Open: (i) a *characterization* of which collisions are orientation-reversing and which are
papers/P2_inversion_law/DRAFT_v3.md	orient-reversing	178	sphere. Open: (i) a *characterization* of which collisions are orientation-reversing and which are
papers/P2_inversion_law/DRAFT_v3.md	orientation	179	orientation-preserving — the (p,1) versus multi-slope pattern seen here is not yet a theorem;
papers/P2_inversion_law/DRAFT_v3.md	orientation	195	orientation-law weakening).
papers/sl4_dehn_filling/main.tex	knot-in-s3	81	above) of the $\SL(4,\C)$ character variety of the figure-eight knot complement $4_1$ on which the meridian
papers/sl4_dehn_filling/sections/01_intro.tex	knot-in-s3	4	The figure-eight knot complement $4_1=m004$ is the once-punctured-torus bundle with monodromy
papers/sl4_dehn_filling/sections/05_controls.tex	spin	46	First, $\tr A=\tr A^{-1}=1$ does not pin the spectrum: at $n=4$ it leaves $e_2$ free (the principal value
papers/preview/preview.tex	knot-in-s3	71	forcing $\Q(\sqrt5)$; and it is the unique arithmetic knot (Reid 1991; two regular ideal
papers/preview/preview.tex	knot-in-s3	77	The regularized $E_6$-adjoint Reidemeister torsion of $4_1$ is
