{"measure": {"s11_n1000": [1.772009838490432, 1.9999973967141997, 1.9999999999998863, 2.000000000000001, 2.0000000000001865], "s11_n2000": [1.8935837203825703, 1.999999959394309, 1.9999999999999991, 2.0000000000000018, 2.000000000000205], "s42_n1000": [1.8370933209893323, 1.999999220967196, 1.9999999999999467, 2.0000000000000018, 2.000000000000189], "s42_n2000": [1.876058942218097, 1.9999999075088128, 1.9999999999999982, 2.0000000000000018, 2.0000000000002034]}, "arcsine_hist": [996, 351, 113, 28, 10, 2, 0, 0, 0, 0]}