family_name,n_points,frac_of_grid,n_points_in_kernel,frac_of_kernel,mech_baseline_A0_min,mech_baseline_A0_max,mech_baseline_A0_mean,mech_baseline_A_floor_min,mech_baseline_A_floor_max,mech_baseline_A_floor_mean,mech_baseline_bound_min,mech_baseline_bound_max,mech_baseline_bound_mean,mech_binding_A0_min,mech_binding_A0_max,mech_binding_A0_mean,mech_binding_A_min,mech_binding_A_max,mech_binding_A_mean,mech_binding_bound_min,mech_binding_bound_max,mech_binding_bound_mean
ALL_GRID,2048,1.0,1016,1.0,0.00920044944,0.05768513414,0.03884385369803711,0.02509730631,0.05768513414,0.040687149553925786,0.0,1.0,0.25,0.0092004494400285,0.0576851341354539,0.03884385369801924,0.0250973063148326,0.0576851341354539,0.04068714955509872,0.0,1.0,0.25
PRE_DATA_KERNEL,1016,0.49609375,1016,1.0,0.03752770446,0.05768513414,0.053303011804744095,0.03752770446,0.05768513414,0.053303011804744095,0.0,0.0,0.0,0.0375277044577551,0.0576851341354539,0.05330301180467188,0.0375277044577551,0.0576851341354539,0.05330301180467188,0.0,0.0,0.0
KERNEL_LCDM_TOY_AND_EXTERNAL_AGE_V2,40,0.01953125,40,0.03937007874015748,0.04458590213,0.04665311924,0.045625964592250004,0.04458590213,0.04665311924,0.045625964592250004,0.0,0.0,0.0,0.0445859021276783,0.0466531192434377,0.04562596459282085,0.0445859021276783,0.0466531192434377,0.04562596459282085,0.0,0.0,0.0
KERNEL_AND_EXTERNAL_AGE_V2,356,0.173828125,356,0.35039370078740156,0.03752770446,0.05450083841,0.04724892021946629,0.03752770446,0.05450083841,0.04724892021946629,0.0,0.0,0.0,0.0375277044577551,0.0545008384073553,0.047248920219436934,0.0375277044577551,0.0545008384073553,0.047248920219436934,0.0,0.0,0.0
KERNEL_AGE_TIGHT_EXP_STRUCT_TIGHT,51,0.02490234375,51,0.05019685039370079,0.04491716149,0.04752732948,0.04623291760823529,0.04491716149,0.04752732948,0.04623291760823529,0.0,0.0,0.0,0.0449171614913273,0.0475273294822461,0.04623291760873736,0.0449171614913273,0.0475273294822461,0.04623291760873736,0.0,0.0,0.0
