family_name,n_points,frac_of_grid,n_points_in_kernel,frac_of_kernel,mech_baseline_A0_min,mech_baseline_A0_max,mech_baseline_A0_mean,mech_baseline_A_floor_min,mech_baseline_A_floor_max,mech_baseline_A_floor_mean,mech_baseline_bound_min,mech_baseline_bound_max,mech_baseline_bound_mean,mech_binding_A0_min,mech_binding_A0_max,mech_binding_A0_mean,mech_binding_A_min,mech_binding_A_max,mech_binding_A_mean,mech_binding_bound_min,mech_binding_bound_max,mech_binding_bound_mean
PRE_DATA_KERNEL,1016.0,0.49609375,1016.0,1.0,0.03752770446,0.05768513414,0.053303011804744095,0.03752770446,0.05768513414,0.053303011804744095,0.0,0.0,0.0,0.0375277044577551,0.0576851341354539,0.05330301180467188,0.0375277044577551,0.0576851341354539,0.05330301180467188,0.0,0.0,0.0
PLANCK_NEAR_SHELL_V1,18.0,0.0087890625,18.0,0.017716535433070866,0.04458590213,0.04548214133,0.04503245671666666,0.04458590213,0.04548214133,0.04503245671666666,0.0,0.0,0.0,0.0445859021276783,0.045482141327806,0.04503245671663614,0.0445859021276783,0.045482141327806,0.04503245671663614,0.0,0.0,0.0
PLANCK_NEAR_SHELL_AND_FLOOR_V1,10.0,0.0048828125,10.0,0.00984251968503937,0.04502675303,0.04548214133,0.045253216908,0.04502675303,0.04548214133,0.045253216908,0.0,0.0,0.0,0.045026753032846,0.045482141327806,0.045253216907965244,0.045026753032846,0.045482141327806,0.045253216907965244,0.0,0.0,0.0
