family_name,n_points,frac_of_grid,n_points_in_kernel,frac_of_kernel,mech_baseline_A0_min,mech_baseline_A0_max,mech_baseline_A0_mean,mech_baseline_A_floor_min,mech_baseline_A_floor_max,mech_baseline_A_floor_mean,mech_baseline_bound_min,mech_baseline_bound_max,mech_baseline_bound_mean,mech_binding_A0_min,mech_binding_A0_max,mech_binding_A0_mean,mech_binding_A_min,mech_binding_A_max,mech_binding_A_mean,mech_binding_bound_min,mech_binding_bound_max,mech_binding_bound_mean
KERNEL_AND_FLOOR_V1,894,0.4365234375,894,0.8799212598425197,0.04502675303,0.05768513414,0.05493501152420581,0.04502675303,0.05768513414,0.05493501152420581,0.0,0.0,0.0,0.045026753032846,0.0576851341354539,0.05493501152415142,0.045026753032846,0.0576851341354539,0.05493501152415142,0.0,0.0,0.0
KERNEL_AGE_TIGHT_EXP_STRUCT_TIGHT_AND_FLOOR_V1,49,0.02392578125,49,0.04822834645669291,0.04502675303,0.04752732948,0.04628636544081633,0.04502675303,0.04752732948,0.04628636544081633,0.0,0.0,0.0,0.045026753032846,0.0475273294822461,0.04628636544132405,0.045026753032846,0.0475273294822461,0.04628636544132405,0.0,0.0,0.0
KERNEL_SWEETLIKE_AND_FLOOR_V1,32,0.015625,32,0.031496062992125984,0.04502675303,0.04665311924,0.0458433291209375,0.04502675303,0.04665311924,0.0458433291209375,0.0,0.0,0.0,0.045026753032846,0.0466531192434377,0.04584332912165738,0.045026753032846,0.0466531192434377,0.04584332912165738,0.0,0.0,0.0
