family_name,n_points,frac_of_grid,n_points_in_kernel,frac_of_kernel
ALL_GRID,2048,1.0,1016,1.0
PRE_DATA_KERNEL,1016,0.49609375,1016,1.0
TOY_LT_BOX_FROM_LCDM,63,0.03076171875,63,0.06200787401574803
KERNEL_AND_TOY_LT_BOX_FROM_LCDM,63,0.03076171875,63,0.06200787401574803
LCDM_AND_TOY_LT_BOX_FROM_LCDM,63,0.03076171875,63,0.06200787401574803
TOY_CORRIDOR_AND_TOY_LT_BOX_FROM_LCDM,40,0.01953125,40,0.03937007874015748
