family_name,n_points,frac_of_grid,n_points_in_kernel,frac_of_kernel
ALL_GRID,2048,1.0,1016,1.0
PRE_DATA_KERNEL,1016,0.49609375,1016,1.0
EXTERNAL_AGE_CORRIDOR_V2,358,0.1748046875,356,0.35039370078740156
KERNEL_AND_EXTERNAL_AGE_V2,356,0.173828125,356,0.35039370078740156
LCDM_AND_EXTERNAL_AGE_V2,63,0.03076171875,63,0.06200787401574803
TOY_CORRIDOR_AND_EXTERNAL_AGE_V2,156,0.076171875,154,0.1515748031496063
KERNEL_LCDM_TOY_AND_EXTERNAL_AGE_V2,40,0.01953125,40,0.03937007874015748
