family_name,n_points,frac_of_grid,n_points_in_kernel,frac_of_kernel
ALL_GRID,2048,1.0,1016,1.0
PRE_DATA_KERNEL,1016,0.49609375,1016,1.0
AGE_BROAD_V1,933,0.45556640625,931,0.9163385826771654
AGE_TIGHT_V1,126,0.0615234375,126,0.12401574803149606
EXPANSION_BROAD_V1,94,0.0458984375,94,0.09251968503937008
EXPANSION_TIGHT_V1,51,0.02490234375,51,0.05019685039370079
STRUCT_PROXY_BASIC_V1,931,0.45458984375,931,0.9163385826771654
STRUCT_PROXY_TIGHT_V1,51,0.02490234375,51,0.05019685039370079
