family,theta,age_Gyr,omega_lambda,d_age_to_band,d_ol_to_band,d_rect
KERNEL,0.6043884304269426,13.731371180687814,0.6157238569121525,0.01862881931218574,0.06427614308784757,0.06692126328167691
SWEET_SUBSET,0.6043884304269426,13.731371180687814,0.6157238569121525,0.01862881931218574,0.06427614308784757,0.06692126328167691
