{
 "rep_checks": {
  "relator": 9.004101278291036e-54,
  "automorphism": 5.283734453051603e-71
 },
 "directions": [
  {
   "label": "coboundary",
   "gate_P1": 1.180574019126621e-62,
   "gate_P2": 3.474504912521313e-64,
   "z2_ls_residual": 6.859590771155777e-65,
   "ad_solve_residual": 7.533636928208759e-58,
   "q3_norm": 2.512843202299269e-20,
   "class_abs": [
    6.209652666375338e-87,
    2.232475491617924e-92,
    4.3212863230828344e-89,
    4.122872318002641e-89,
    1.4723000838674054e-94,
    5.010701796554442e-90
   ],
   "class_norm": 6.2099419082481696e-87,
   "indeterminacy_rank": 0,
   "transverse_residual": 6.2099419082481696e-87,
   "mb12_random_residuals": [
    1.5496390441711698,
    2.4848459909790996,
    1.5529972905847669
   ],
   "seconds": 1849.0
  },
  {
   "label": "m=1",
   "gate_P1": 1.4449270027190865e-52,
   "gate_P2": 5.265543890914476e-52,
   "z2_ls_residual": 1.365504596292341e-63,
   "ad_solve_residual": 2.574480797950136e-53,
   "q3_norm": 16.422822427806796,
   "class_abs": [
    9.617056550280796e-62,
    1.4468948560861018e-66,
    4.655122262034546e-64,
    5.012248983263199e-64,
    4.2641241089606155e-67,
    5.092615373011988e-65
   ],
   "class_norm": 9.61730117699856e-62,
   "indeterminacy_rank": 0,
   "transverse_residual": 9.61730117699856e-62,
   "mb12_random_residuals": [
    1.5496390441711698,
    2.4848459909790996,
    1.5529972905847669
   ],
   "seconds": 1632.4
  },
  {
   "label": "m=4",
   "gate_P1": 2.157645671955318e-55,
   "gate_P2": 7.028076585233799e-53,
   "z2_ls_residual": 2.0452377050202454e-71,
   "ad_solve_residual": 3.671803475522797e-66,
   "q3_norm": 67485410622.27722,
   "class_abs": [
    5.125001350903249e-65,
    8.28502080703832e-63,
    8.63903970740206e-65,
    2.694258318212561e-66,
    1.9008100538572204e-63,
    9.82453565683863e-69
   ],
   "class_norm": 8.500867353253918e-63,
   "indeterminacy_rank": 1,
   "transverse_residual": 0.9999820776534403,
   "mb12_random_residuals": [
    0.9954302033220898,
    0.9091019036536364,
    0.8525708681619892
   ],
   "seconds": 1533.7
  },
  {
   "label": "m=5",
   "gate_P1": 1.3670291133648575e-52,
   "gate_P2": 5.02277977488329e-52,
   "z2_ls_residual": 1.220870164798238e-71,
   "ad_solve_residual": 2.9989661667677175e-67,
   "q3_norm": 1421506519384588.0,
   "class_abs": [
    2.658248308339969e-61,
    5.212648844049893e-64,
    2.63406822491453e-61,
    4.849661264244205e-62,
    1.305969165656978e-65,
    2.7031530240934066e-63
   ],
   "class_norm": 3.773665263171402e-61,
   "indeterminacy_rank": 1,
   "transverse_residual": 0.8346711034108769,
   "mb12_random_residuals": [
    0.9898583357807976,
    0.9138134002247937,
    0.8445042830837372
   ],
   "seconds": 1412.8
  },
  {
   "label": "m=7",
   "gate_P1": 1.3493274476339094e-51,
   "gate_P2": 1.3258902353666181e-50,
   "z2_ls_residual": 1.0639461149454392e-75,
   "ad_solve_residual": 1.0247219665432028e-62,
   "q3_norm": 1.6423351769859674e+16,
   "class_abs": [
    1.9097974133478491e-56,
    2.3920589973121523e-61,
    1.2054770203637711e-55,
    6.450681653135589e-57,
    1.1124603771922341e-63,
    2.1168499058684185e-58
   ],
   "class_norm": 1.2222167232793345e-55,
   "indeterminacy_rank": 3,
   "transverse_residual": 0.008934281964316625,
   "mb12_random_residuals": [
    0.8250981283757763,
    0.6099183399180094,
    0.39121823415824974
   ],
   "seconds": 1334.0
  },
  {
   "label": "m=8",
   "gate_P1": 2.493941168886008e-54,
   "gate_P2": 6.271649515544022e-49,
   "z2_ls_residual": 4.537410523775523e-74,
   "ad_solve_residual": 1.2806109355633907e-57,
   "q3_norm": 14191948010012.672,
   "class_abs": [
    1.696347972417705e-58,
    3.0907854573836077e-54,
    3.275018797488514e-61,
    1.3615935703442443e-62,
    6.241480383571151e-56,
    1.8886008997262788e-65
   ],
   "class_norm": 3.091415594850993e-54,
   "indeterminacy_rank": 4,
   "transverse_residual": 4.804580435598401e-07,
   "mb12_random_residuals": [
    0.6908874251487026,
    0.43895016252112523,
    0.36449453807593424
   ],
   "seconds": 1306.5
  },
  {
   "label": "m=11",
   "gate_P1": 2.592071138960611e-51,
   "gate_P2": 6.715727556629747e-41,
   "z2_ls_residual": 6.758887341316442e-69,
   "ad_solve_residual": 1.9634995454838653e-55,
   "q3_norm": 4501900163167963.0,
   "class_abs": [
    1.1125468247584226e-48,
    3.300732542621033e-62,
    3.4782687714553866e-51,
    3.8685117350628596e-52,
    4.0573310999855925e-64,
    4.028364142813011e-53
   ],
   "class_norm": 1.1125523299648861e-48,
   "indeterminacy_rank": 4,
   "transverse_residual": 0.0004835932543411227,
   "mb12_random_residuals": [
    0.7158712029464074,
    0.5904508113210132,
    0.3548108183851875
   ],
   "seconds": 1345.5
  }
 ]
}