{"figure_eight_W1": [{"A": [[[3.3306690738754696e-16, 1.0000000000000004], [0.0, 0.0], [0.0, 0.0]], [[0.0, 0.0], [1.0000000000000004, 1.6306400674181987e-16], [0.0, 0.0]], [[0.0, 0.0], [0.0, 0.0], [1.4070018909088979e-16, -0.9999999999999997]]], "B": [[[-0.963632731507937, -0.25710095981199077], [1.0, 1.626456138219659e-28], [-0.13898350076553861, 0.5169891475703945]], [[-0.26322362938015414, 1.0288384340558336], [0.29346822830405317, -1.2207336913199271], [1.0, -1.1007875041267137e-28]], [[2.5559488687416145, 1.4212943794846906], [-1.0288384340429082, -0.26322362927395476], [0.2571009598119904, -0.9636327315079378]]], "mu": [[[0.09896317942869638, -0.5211158557523685], [0.006259872396348941, 0.47075632997254596], [0.09704489574452556, -0.39840084744003645]], [[0.835967741913536, 0.9446670428738638], [0.6200790351874543, -0.4221526763596859], [0.006259872399820748, 0.47075632994639904]], [[-1.0691373921852765, -2.1041967719199666], [-0.9446670428884245, 0.8359677418808432], [0.521115855727335, 0.09896317947853002]]]}, {"A": [[[3.3306690738754696e-16, 1.0000000000000004], [0.0, 0.0], [0.0, 0.0]], [[0.0, 0.0], [1.0000000000000004, 1.6306400674181987e-16], [0.0, 0.0]], [[0.0, 0.0], [0.0, 0.0], [1.4070018909088979e-16, -0.9999999999999997]]], "B": [[[-0.13790406253504092, 0.5248073558988715], [1.0, 3.1041306374236153e-20], [-1.0265962948999166, -0.6551654764145771]], [[-0.7355314735967007, 0.037541370446377766], [0.33728858156608804, 0.38690329336383084], [1.0, -5.236200805706882e-21]], [[1.2347340422218913, 0.019027001258202798], [-0.037541370372764914, -0.735531473695726], [-0.5248073558988714, -0.13790406253504078]]], "mu": [[[-0.060349905079083103, 0.7143001155595933], [-0.6057877651913167, 0.27024257846136074], [-0.09133922487452921, 0.8647441289706426]], [[-0.4818679486298522, 0.29766422488424144], [-0.7746500205881856, 0.6539502106058407], [-0.6057877650930492, 0.27024257849200234]], [[0.4134038459061959, -0.5476242337796206], [-0.2976642248720204, -0.48186794860761556], [-0.714300115546614, -0.06034990501276717]]]}], "silver": [{"A": [[[-4.3534071342916665, 0.0], [0.0, 0.0], [0.0, 0.0]], [[0.0, 0.0], [1.0000000000000004, 0.0], [0.0, 0.0]], [[0.0, 0.0], [0.0, 0.0], [-0.2297051410889252, 0.0]]], "B": [[[0.009031996895464463, -1.1280915628653444e-20], [1.0, 6.7734555848019385e-21], [-0.7432918800705918, -4.309709195338107e-11]], [[-0.026003139878770894, -2.2836036398321323e-11], [-1.8790023069501223, -6.560774679748175e-20], [1.0, -2.4323741948252744e-21]], [[-2.530026785757052, 1.5185560713747296e-10], [-0.4928155034498337, -6.068247917683083e-11], [0.17117579317214482, 1.993946010279888e-20]]], "t": [[[10.699199319825027, -9.391233528937272e-10], [4.011268321663196, -4.6714880572097175e-11], [-1.8273902502979564, 1.1307537897321213e-09]], [[0.12278752534637695, -1.2485625033311004e-10], [0.2693971796553662, -5.779643311597616e-11], [0.211652374057105, 1.1315792887440263e-10]], [[-0.03245151214168651, 6.35203257633374e-11], [0.12278752521050904, -1.0543823300115613e-12], [0.564537387118208, 8.302283423051507e-11]]], "comp": 0}, {"A": [[[-0.18164063899989025, 0.9833649771390631], [0.0, 0.0], [0.0, 0.0]], [[0.0, 0.0], [1.000000000000001, 2.949029909160572e-16], [0.0, 0.0]], [[0.0, 0.0], [0.0, 0.0], [-0.18164063899989036, -0.9833649771390636]]], "B": [[[0.04251840340040866, 0.23018587149904093], [1.0, 1.3076149668131564e-20], [-1.3639186811315407, -8.210917866653016e-11]], [[-0.012534107194811475, -0.06785707471205168], [0.7052074749072883, 1.6102348219307022e-17], [1.0, 1.621608791694953e-20]], [[0.47687163001203914, -4.172419731917475e-10], [-0.012534107494182158, 0.0678570742896691], [0.0425184034004089, -0.23018587149904093]]], "t": [[[-0.11635418783806191, -0.11525257673076703], [-0.28512746323826543, -0.6096284629771301], [-0.5172854466522363, 1.6784985420681846]], [[0.18332308057221852, -0.2765704557693686], [0.7334514361450956, 0.1241920597394865], [0.4840953635739596, 0.4675427377361354]], [[0.17862421234817502, 0.387769920629423], [0.18332308067358138, -0.2765704556049818], [0.14984897518214288, 0.06608129869278948]]], "comp": 0}, {"A": [[[-0.45824966893558283, -0.9808263549217789], [0.0, 0.0], [0.0, 0.0]], [[0.0, 0.0], [1.0000000000000002, 2.914335439641036e-16], [0.0, 0.0]], [[0.0, 0.0], [0.0, 0.0], [-0.3909936415202016, 0.8368732029869963]]], "B": [[[0.09313976336192167, 0.051895913208084204], [1.0, -5.472697284562317e-22], [-0.18555712501865226, -0.03682697081775291]], [[-0.07889702478836663, -0.039945634581673085], [0.1712439695210796, 0.03289053275042457], [1.0, 7.9314659082991e-23]], [[0.9920659624169814, -0.009439235748762686], [0.09524093625838652, -0.04088242363230129], [-0.11669429304515834, 0.04469866257750176]]], "t": [[[-0.4574288980676368, -0.24881666223684135], [-0.557623246075572, -0.4457558330478571], [0.7375557157779321, -0.2063811015284798]], [[-0.5075856986608132, -0.21700485528014357], [-0.05392824941662753, 0.5386199508895034], [0.013574576477598813, 0.6089648769207573]], [[0.06260353073136574, 0.5330628302539188], [-0.5075856986583576, -0.21700485527625776], [0.0876018614212563, 0.4355748696259546]]], "comp": 0}]}