s961: 3 generators, 2 relators, 192 characters into S
  reducible non-split loci (h^1(chi^2) > 0, chi non-trivial): 31
  locus chi#0=a:('1', '0', '0', '0'),b:('1', '0', '0', '0'),c:('-1', '0', '0', '0') h1=1
==> s961 chi#0=a:('1', '0', '0', '0'),b:('1', '0', '0', '0'),c:('-1', '0', '0', '0') h1=1 m=1 psi=a:('1', '0', '0', '0'),b:('1', '0', '0', '0'),c:('1', '0', '0', '0'): I(V) = 0   I(V^ss) = 0
==> s961 chi#0=a:('1', '0', '0', '0'),b:('1', '0', '0', '0'),c:('-1', '0', '0', '0') h1=1 m=1 psi=a:('1', '0', '0', '0'),b:('1', '0', '0', '0'),c:('0', '0', '1', '0'): I(V) = 0   I(V^ss) = 0
==> s961 chi#0=a:('1', '0', '0', '0'),b:('1', '0', '0', '0'),c:('-1', '0', '0', '0') h1=1 m=1 psi=a:('1', '0', '0', '0'),b:('1', '0', '0', '0'),c:('-1', '0', '1', '0'): I(V) = 0   I(V^ss) = 0
==> s961 chi#0=a:('1', '0', '0', '0'),b:('1', '0', '0', '0'),c:('-1', '0', '0', '0') h1=1 m=1 psi=a:('1', '0', '0', '0'),b:('1', '0', '0', '0'),c:('-1', '0', '0', '0'): I(V) = 0   I(V^ss) = 0
==> s961 chi#0=a:('1', '0', '0', '0'),b:('1', '0', '0', '0'),c:('-1', '0', '0', '0') h1=1 m=1 psi=a:('1', '0', '0', '0'),b:('1', '0', '0', '0'),c:('0', '0', '-1', '0'): I(V) = 0   I(V^ss) = 0
==> s961 chi#0=a:('1', '0', '0', '0'),b:('1', '0', '0', '0'),c:('-1', '0', '0', '0') h1=1 m=1 psi=a:('1', '0', '0', '0'),b:('1', '0', '0', '0'),c:('1', '0', '-1', '0'): I(V) = 0   I(V^ss) = 0
==> s961 chi#0=a:('1', '0', '0', '0'),b:('1', '0', '0', '0'),c:('-1', '0', '0', '0') h1=1 m=1 psi=a:('1', '0', '0', '0'),b:('-1', '0', '0', '0'),c:('1', '0', '0', '0'): I(V) = 0   I(V^ss) = 0
==> s961 chi#0=a:('1', '0', '0', '0'),b:('1', '0', '0', '0'),c:('-1', '0', '0', '0') h1=1 m=1 psi=a:('1', '0', '0', '0'),b:('-1', '0', '0', '0'),c:('0', '0', '1', '0'): I(V) = 0   I(V^ss) = 0
==> s961 chi#0=a:('1', '0', '0', '0'),b:('1', '0', '0', '0'),c:('-1', '0', '0', '0') h1=1 m=1 psi=a:('1', '0', '0', '0'),b:('-1', '0', '0', '0'),c:('-1', '0', '1', '0'): I(V) = 0   I(V^ss) = 0
==> s961 chi#0=a:('1', '0', '0', '0'),b:('1', '0', '0', '0'),c:('-1', '0', '0', '0') h1=1 m=1 psi=a:('1', '0', '0', '0'),b:('-1', '0', '0', '0'),c:('-1', '0', '0', '0'): I(V) = 0   I(V^ss) = 0
==> s961 chi#0=a:('1', '0', '0', '0'),b:('1', '0', '0', '0'),c:('-1', '0', '0', '0') h1=1 m=1 psi=a:('1', '0', '0', '0'),b:('-1', '0', '0', '0'),c:('0', '0', '-1', '0'): I(V) = 0   I(V^ss) = 0
==> s961 chi#0=a:('1', '0', '0', '0'),b:('1', '0', '0', '0'),c:('-1', '0', '0', '0') h1=1 m=1 psi=a:('1', '0', '0', '0'),b:('-1', '0', '0', '0'),c:('1', '0', '-1', '0'): I(V) = 0   I(V^ss) = 0
==> s961 chi#0=a:('1', '0', '0', '0'),b:('1', '0', '0', '0'),c:('-1', '0', '0', '0') h1=1 m=1 psi=a:('-1', '0', '0', '0'),b:('1', '0', '0', '0'),c:('1', '0', '0', '0'): I(V) = 0   I(V^ss) = 0
==> s961 chi#0=a:('1', '0', '0', '0'),b:('1', '0', '0', '0'),c:('-1', '0', '0', '0') h1=1 m=1 psi=a:('-1', '0', '0', '0'),b:('1', '0', '0', '0'),c:('0', '0', '1', '0'): I(V) = 0   I(V^ss) = 0
==> s961 chi#0=a:('1', '0', '0', '0'),b:('1', '0', '0', '0'),c:('-1', '0', '0', '0') h1=1 m=1 psi=a:('-1', '0', '0', '0'),b:('1', '0', '0', '0'),c:('-1', '0', '1', '0'): I(V) = 0   I(V^ss) = 0
==> s961 chi#0=a:('1', '0', '0', '0'),b:('1', '0', '0', '0'),c:('-1', '0', '0', '0') h1=1 m=1 psi=a:('-1', '0', '0', '0'),b:('1', '0', '0', '0'),c:('-1', '0', '0', '0'): I(V) = 0   I(V^ss) = 0
==> s961 chi#0=a:('1', '0', '0', '0'),b:('1', '0', '0', '0'),c:('-1', '0', '0', '0') h1=1 m=1 psi=a:('-1', '0', '0', '0'),b:('1', '0', '0', '0'),c:('0', '0', '-1', '0'): I(V) = 0   I(V^ss) = 0
==> s961 chi#0=a:('1', '0', '0', '0'),b:('1', '0', '0', '0'),c:('-1', '0', '0', '0') h1=1 m=1 psi=a:('-1', '0', '0', '0'),b:('1', '0', '0', '0'),c:('1', '0', '-1', '0'): I(V) = 0   I(V^ss) = 0
==> s961 chi#0=a:('1', '0', '0', '0'),b:('1', '0', '0', '0'),c:('-1', '0', '0', '0') h1=1 m=1 psi=a:('-1', '0', '0', '0'),b:('-1', '0', '0', '0'),c:('1', '0', '0', '0'): I(V) = 0   I(V^ss) = 0
==> s961 chi#0=a:('1', '0', '0', '0'),b:('1', '0', '0', '0'),c:('-1', '0', '0', '0') h1=1 m=1 psi=a:('-1', '0', '0', '0'),b:('-1', '0', '0', '0'),c:('0', '0', '1', '0'): I(V) = 0   I(V^ss) = 0
==> s961 chi#0=a:('1', '0', '0', '0'),b:('1', '0', '0', '0'),c:('-1', '0', '0', '0') h1=1 m=1 psi=a:('-1', '0', '0', '0'),b:('-1', '0', '0', '0'),c:('-1', '0', '1', '0'): I(V) = 0   I(V^ss) = 0
==> s961 chi#0=a:('1', '0', '0', '0'),b:('1', '0', '0', '0'),c:('-1', '0', '0', '0') h1=1 m=1 psi=a:('-1', '0', '0', '0'),b:('-1', '0', '0', '0'),c:('-1', '0', '0', '0'): I(V) = 0   I(V^ss) = 0
==> s961 chi#0=a:('1', '0', '0', '0'),b:('1', '0', '0', '0'),c:('-1', '0', '0', '0') h1=1 m=1 psi=a:('-1', '0', '0', '0'),b:('-1', '0', '0', '0'),c:('0', '0', '-1', '0'): I(V) = 0   I(V^ss) = 0
==> s961 chi#0=a:('1', '0', '0', '0'),b:('1', '0', '0', '0'),c:('-1', '0', '0', '0') h1=1 m=1 psi=a:('-1', '0', '0', '0'),b:('-1', '0', '0', '0'),c:('1', '0', '-1', '0'): I(V) = 0   I(V^ss) = 0
==> s961 chi#0=a:('1', '0', '0', '0'),b:('1', '0', '0', '0'),c:('-1', '0', '0', '0') h1=1 m=1 psi=chi^1: I(V) = 0   I(V^ss) = 0
==> s961 chi#0=a:('1', '0', '0', '0'),b:('1', '0', '0', '0'),c:('-1', '0', '0', '0') h1=1 m=1 psi=chi^2: I(V) = 0   I(V^ss) = 0
==> s961 chi#0=a:('1', '0', '0', '0'),b:('1', '0', '0', '0'),c:('-1', '0', '0', '0') h1=1 m=1 psi=chi^3: I(V) = 0   I(V^ss) = 0
==> s961 chi#0=a:('1', '0', '0', '0'),b:('1', '0', '0', '0'),c:('-1', '0', '0', '0') h1=1 m=2 psi=a:('1', '0', '0', '0'),b:('1', '0', '0', '0'),c:('1', '0', '0', '0'): I(V) = 0   I(V^ss) = 0
==> s961 chi#0=a:('1', '0', '0', '0'),b:('1', '0', '0', '0'),c:('-1', '0', '0', '0') h1=1 m=2 psi=a:('1', '0', '0', '0'),b:('1', '0', '0', '0'),c:('0', '0', '1', '0'): I(V) = 0   I(V^ss) = 0
==> s961 chi#0=a:('1', '0', '0', '0'),b:('1', '0', '0', '0'),c:('-1', '0', '0', '0') h1=1 m=2 psi=a:('1', '0', '0', '0'),b:('1', '0', '0', '0'),c:('-1', '0', '1', '0'): I(V) = 0   I(V^ss) = 0
==> s961 chi#0=a:('1', '0', '0', '0'),b:('1', '0', '0', '0'),c:('-1', '0', '0', '0') h1=1 m=2 psi=a:('1', '0', '0', '0'),b:('1', '0', '0', '0'),c:('-1', '0', '0', '0'): I(V) = 0   I(V^ss) = 0
==> s961 chi#0=a:('1', '0', '0', '0'),b:('1', '0', '0', '0'),c:('-1', '0', '0', '0') h1=1 m=2 psi=a:('1', '0', '0', '0'),b:('1', '0', '0', '0'),c:('0', '0', '-1', '0'): I(V) = 0   I(V^ss) = 0
==> s961 chi#0=a:('1', '0', '0', '0'),b:('1', '0', '0', '0'),c:('-1', '0', '0', '0') h1=1 m=2 psi=a:('1', '0', '0', '0'),b:('1', '0', '0', '0'),c:('1', '0', '-1', '0'): I(V) = 0   I(V^ss) = 0
==> s961 chi#0=a:('1', '0', '0', '0'),b:('1', '0', '0', '0'),c:('-1', '0', '0', '0') h1=1 m=2 psi=a:('1', '0', '0', '0'),b:('-1', '0', '0', '0'),c:('1', '0', '0', '0'): I(V) = 0   I(V^ss) = 0
==> s961 chi#0=a:('1', '0', '0', '0'),b:('1', '0', '0', '0'),c:('-1', '0', '0', '0') h1=1 m=2 psi=a:('1', '0', '0', '0'),b:('-1', '0', '0', '0'),c:('0', '0', '1', '0'): I(V) = 0   I(V^ss) = 0
==> s961 chi#0=a:('1', '0', '0', '0'),b:('1', '0', '0', '0'),c:('-1', '0', '0', '0') h1=1 m=2 psi=a:('1', '0', '0', '0'),b:('-1', '0', '0', '0'),c:('-1', '0', '1', '0'): I(V) = 0   I(V^ss) = 0
==> s961 chi#0=a:('1', '0', '0', '0'),b:('1', '0', '0', '0'),c:('-1', '0', '0', '0') h1=1 m=2 psi=a:('1', '0', '0', '0'),b:('-1', '0', '0', '0'),c:('-1', '0', '0', '0'): I(V) = 0   I(V^ss) = 0
==> s961 chi#0=a:('1', '0', '0', '0'),b:('1', '0', '0', '0'),c:('-1', '0', '0', '0') h1=1 m=2 psi=a:('1', '0', '0', '0'),b:('-1', '0', '0', '0'),c:('0', '0', '-1', '0'): I(V) = 0   I(V^ss) = 0
==> s961 chi#0=a:('1', '0', '0', '0'),b:('1', '0', '0', '0'),c:('-1', '0', '0', '0') h1=1 m=2 psi=a:('1', '0', '0', '0'),b:('-1', '0', '0', '0'),c:('1', '0', '-1', '0'): I(V) = 0   I(V^ss) = 0
==> s961 chi#0=a:('1', '0', '0', '0'),b:('1', '0', '0', '0'),c:('-1', '0', '0', '0') h1=1 m=2 psi=a:('-1', '0', '0', '0'),b:('1', '0', '0', '0'),c:('1', '0', '0', '0'): I(V) = 0   I(V^ss) = 0
==> s961 chi#0=a:('1', '0', '0', '0'),b:('1', '0', '0', '0'),c:('-1', '0', '0', '0') h1=1 m=2 psi=a:('-1', '0', '0', '0'),b:('1', '0', '0', '0'),c:('0', '0', '1', '0'): I(V) = 0   I(V^ss) = 0
==> s961 chi#0=a:('1', '0', '0', '0'),b:('1', '0', '0', '0'),c:('-1', '0', '0', '0') h1=1 m=2 psi=a:('-1', '0', '0', '0'),b:('1', '0', '0', '0'),c:('-1', '0', '1', '0'): I(V) = 0   I(V^ss) = 0
==> s961 chi#0=a:('1', '0', '0', '0'),b:('1', '0', '0', '0'),c:('-1', '0', '0', '0') h1=1 m=2 psi=a:('-1', '0', '0', '0'),b:('1', '0', '0', '0'),c:('-1', '0', '0', '0'): I(V) = 0   I(V^ss) = 0
==> s961 chi#0=a:('1', '0', '0', '0'),b:('1', '0', '0', '0'),c:('-1', '0', '0', '0') h1=1 m=2 psi=a:('-1', '0', '0', '0'),b:('1', '0', '0', '0'),c:('0', '0', '-1', '0'): I(V) = 0   I(V^ss) = 0
==> s961 chi#0=a:('1', '0', '0', '0'),b:('1', '0', '0', '0'),c:('-1', '0', '0', '0') h1=1 m=2 psi=a:('-1', '0', '0', '0'),b:('1', '0', '0', '0'),c:('1', '0', '-1', '0'): I(V) = 0   I(V^ss) = 0
==> s961 chi#0=a:('1', '0', '0', '0'),b:('1', '0', '0', '0'),c:('-1', '0', '0', '0') h1=1 m=2 psi=a:('-1', '0', '0', '0'),b:('-1', '0', '0', '0'),c:('1', '0', '0', '0'): I(V) = 0   I(V^ss) = 0
==> s961 chi#0=a:('1', '0', '0', '0'),b:('1', '0', '0', '0'),c:('-1', '0', '0', '0') h1=1 m=2 psi=a:('-1', '0', '0', '0'),b:('-1', '0', '0', '0'),c:('0', '0', '1', '0'): I(V) = 0   I(V^ss) = 0
==> s961 chi#0=a:('1', '0', '0', '0'),b:('1', '0', '0', '0'),c:('-1', '0', '0', '0') h1=1 m=2 psi=a:('-1', '0', '0', '0'),b:('-1', '0', '0', '0'),c:('-1', '0', '1', '0'): I(V) = 0   I(V^ss) = 0
==> s961 chi#0=a:('1', '0', '0', '0'),b:('1', '0', '0', '0'),c:('-1', '0', '0', '0') h1=1 m=2 psi=a:('-1', '0', '0', '0'),b:('-1', '0', '0', '0'),c:('-1', '0', '0', '0'): I(V) = 0   I(V^ss) = 0
==> s961 chi#0=a:('1', '0', '0', '0'),b:('1', '0', '0', '0'),c:('-1', '0', '0', '0') h1=1 m=2 psi=a:('-1', '0', '0', '0'),b:('-1', '0', '0', '0'),c:('0', '0', '-1', '0'): I(V) = 0   I(V^ss) = 0
==> s961 chi#0=a:('1', '0', '0', '0'),b:('1', '0', '0', '0'),c:('-1', '0', '0', '0') h1=1 m=2 psi=a:('-1', '0', '0', '0'),b:('-1', '0', '0', '0'),c:('1', '0', '-1', '0'): I(V) = 0   I(V^ss) = 0
==> s961 chi#0=a:('1', '0', '0', '0'),b:('1', '0', '0', '0'),c:('-1', '0', '0', '0') h1=1 m=2 psi=chi^1: I(V) = 0   I(V^ss) = 0
==> s961 chi#0=a:('1', '0', '0', '0'),b:('1', '0', '0', '0'),c:('-1', '0', '0', '0') h1=1 m=2 psi=chi^2: I(V) = 0   I(V^ss) = 0
==> s961 chi#0=a:('1', '0', '0', '0'),b:('1', '0', '0', '0'),c:('-1', '0', '0', '0') h1=1 m=2 psi=chi^3: I(V) = 0   I(V^ss) = 0
==> s961 chi#0=a:('1', '0', '0', '0'),b:('1', '0', '0', '0'),c:('-1', '0', '0', '0') h1=1 m=3 psi=a:('1', '0', '0', '0'),b:('1', '0', '0', '0'),c:('1', '0', '0', '0'): I(V) = 0   I(V^ss) = 0
==> s961 chi#0=a:('1', '0', '0', '0'),b:('1', '0', '0', '0'),c:('-1', '0', '0', '0') h1=1 m=3 psi=a:('1', '0', '0', '0'),b:('1', '0', '0', '0'),c:('0', '0', '1', '0'): I(V) = 0   I(V^ss) = 0
==> s961 chi#0=a:('1', '0', '0', '0'),b:('1', '0', '0', '0'),c:('-1', '0', '0', '0') h1=1 m=3 psi=a:('1', '0', '0', '0'),b:('1', '0', '0', '0'),c:('-1', '0', '1', '0'): I(V) = 0   I(V^ss) = 0
==> s961 chi#0=a:('1', '0', '0', '0'),b:('1', '0', '0', '0'),c:('-1', '0', '0', '0') h1=1 m=3 psi=a:('1', '0', '0', '0'),b:('1', '0', '0', '0'),c:('-1', '0', '0', '0'): I(V) = 0   I(V^ss) = 0
==> s961 chi#0=a:('1', '0', '0', '0'),b:('1', '0', '0', '0'),c:('-1', '0', '0', '0') h1=1 m=3 psi=a:('1', '0', '0', '0'),b:('1', '0', '0', '0'),c:('0', '0', '-1', '0'): I(V) = 0   I(V^ss) = 0
==> s961 chi#0=a:('1', '0', '0', '0'),b:('1', '0', '0', '0'),c:('-1', '0', '0', '0') h1=1 m=3 psi=a:('1', '0', '0', '0'),b:('1', '0', '0', '0'),c:('1', '0', '-1', '0'): I(V) = 0   I(V^ss) = 0
==> s961 chi#0=a:('1', '0', '0', '0'),b:('1', '0', '0', '0'),c:('-1', '0', '0', '0') h1=1 m=3 psi=a:('1', '0', '0', '0'),b:('-1', '0', '0', '0'),c:('1', '0', '0', '0'): I(V) = 0   I(V^ss) = 0
==> s961 chi#0=a:('1', '0', '0', '0'),b:('1', '0', '0', '0'),c:('-1', '0', '0', '0') h1=1 m=3 psi=a:('1', '0', '0', '0'),b:('-1', '0', '0', '0'),c:('0', '0', '1', '0'): I(V) = 0   I(V^ss) = 0
==> s961 chi#0=a:('1', '0', '0', '0'),b:('1', '0', '0', '0'),c:('-1', '0', '0', '0') h1=1 m=3 psi=a:('1', '0', '0', '0'),b:('-1', '0', '0', '0'),c:('-1', '0', '1', '0'): I(V) = 0   I(V^ss) = 0
==> s961 chi#0=a:('1', '0', '0', '0'),b:('1', '0', '0', '0'),c:('-1', '0', '0', '0') h1=1 m=3 psi=a:('1', '0', '0', '0'),b:('-1', '0', '0', '0'),c:('-1', '0', '0', '0'): I(V) = 0   I(V^ss) = 0
==> s961 chi#0=a:('1', '0', '0', '0'),b:('1', '0', '0', '0'),c:('-1', '0', '0', '0') h1=1 m=3 psi=a:('1', '0', '0', '0'),b:('-1', '0', '0', '0'),c:('0', '0', '-1', '0'): I(V) = 0   I(V^ss) = 0
==> s961 chi#0=a:('1', '0', '0', '0'),b:('1', '0', '0', '0'),c:('-1', '0', '0', '0') h1=1 m=3 psi=a:('1', '0', '0', '0'),b:('-1', '0', '0', '0'),c:('1', '0', '-1', '0'): I(V) = 0   I(V^ss) = 0
==> s961 chi#0=a:('1', '0', '0', '0'),b:('1', '0', '0', '0'),c:('-1', '0', '0', '0') h1=1 m=3 psi=a:('-1', '0', '0', '0'),b:('1', '0', '0', '0'),c:('1', '0', '0', '0'): I(V) = 0   I(V^ss) = 0
==> s961 chi#0=a:('1', '0', '0', '0'),b:('1', '0', '0', '0'),c:('-1', '0', '0', '0') h1=1 m=3 psi=a:('-1', '0', '0', '0'),b:('1', '0', '0', '0'),c:('0', '0', '1', '0'): I(V) = 0   I(V^ss) = 0
==> s961 chi#0=a:('1', '0', '0', '0'),b:('1', '0', '0', '0'),c:('-1', '0', '0', '0') h1=1 m=3 psi=a:('-1', '0', '0', '0'),b:('1', '0', '0', '0'),c:('-1', '0', '1', '0'): I(V) = 0   I(V^ss) = 0
==> s961 chi#0=a:('1', '0', '0', '0'),b:('1', '0', '0', '0'),c:('-1', '0', '0', '0') h1=1 m=3 psi=a:('-1', '0', '0', '0'),b:('1', '0', '0', '0'),c:('-1', '0', '0', '0'): I(V) = 0   I(V^ss) = 0
==> s961 chi#0=a:('1', '0', '0', '0'),b:('1', '0', '0', '0'),c:('-1', '0', '0', '0') h1=1 m=3 psi=a:('-1', '0', '0', '0'),b:('1', '0', '0', '0'),c:('0', '0', '-1', '0'): I(V) = 0   I(V^ss) = 0
==> s961 chi#0=a:('1', '0', '0', '0'),b:('1', '0', '0', '0'),c:('-1', '0', '0', '0') h1=1 m=3 psi=a:('-1', '0', '0', '0'),b:('1', '0', '0', '0'),c:('1', '0', '-1', '0'): I(V) = 0   I(V^ss) = 0
==> s961 chi#0=a:('1', '0', '0', '0'),b:('1', '0', '0', '0'),c:('-1', '0', '0', '0') h1=1 m=3 psi=a:('-1', '0', '0', '0'),b:('-1', '0', '0', '0'),c:('1', '0', '0', '0'): I(V) = 0   I(V^ss) = 0
==> s961 chi#0=a:('1', '0', '0', '0'),b:('1', '0', '0', '0'),c:('-1', '0', '0', '0') h1=1 m=3 psi=a:('-1', '0', '0', '0'),b:('-1', '0', '0', '0'),c:('0', '0', '1', '0'): I(V) = 0   I(V^ss) = 0
==> s961 chi#0=a:('1', '0', '0', '0'),b:('1', '0', '0', '0'),c:('-1', '0', '0', '0') h1=1 m=3 psi=a:('-1', '0', '0', '0'),b:('-1', '0', '0', '0'),c:('-1', '0', '1', '0'): I(V) = 0   I(V^ss) = 0
==> s961 chi#0=a:('1', '0', '0', '0'),b:('1', '0', '0', '0'),c:('-1', '0', '0', '0') h1=1 m=3 psi=a:('-1', '0', '0', '0'),b:('-1', '0', '0', '0'),c:('-1', '0', '0', '0'): I(V) = 0   I(V^ss) = 0
==> s961 chi#0=a:('1', '0', '0', '0'),b:('1', '0', '0', '0'),c:('-1', '0', '0', '0') h1=1 m=3 psi=a:('-1', '0', '0', '0'),b:('-1', '0', '0', '0'),c:('0', '0', '-1', '0'): I(V) = 0   I(V^ss) = 0
==> s961 chi#0=a:('1', '0', '0', '0'),b:('1', '0', '0', '0'),c:('-1', '0', '0', '0') h1=1 m=3 psi=a:('-1', '0', '0', '0'),b:('-1', '0', '0', '0'),c:('1', '0', '-1', '0'): I(V) = 0   I(V^ss) = 0
==> s961 chi#0=a:('1', '0', '0', '0'),b:('1', '0', '0', '0'),c:('-1', '0', '0', '0') h1=1 m=3 psi=chi^1: I(V) = 0   I(V^ss) = 0
==> s961 chi#0=a:('1', '0', '0', '0'),b:('1', '0', '0', '0'),c:('-1', '0', '0', '0') h1=1 m=3 psi=chi^2: I(V) = 0   I(V^ss) = 0
==> s961 chi#0=a:('1', '0', '0', '0'),b:('1', '0', '0', '0'),c:('-1', '0', '0', '0') h1=1 m=3 psi=chi^3: I(V) = 0   I(V^ss) = 0
  locus chi#1=a:('1', '0', '0', '0'),b:('0', '0', '0', '1'),c:('0', '0', '0', '1') h1=1
==> s961 chi#1=a:('1', '0', '0', '0'),b:('0', '0', '0', '1'),c:('0', '0', '0', '1') h1=1 m=1 psi=a:('1', '0', '0', '0'),b:('1', '0', '0', '0'),c:('1', '0', '0', '0'): I(V) = 0   I(V^ss) = 0
==> s961 chi#1=a:('1', '0', '0', '0'),b:('0', '0', '0', '1'),c:('0', '0', '0', '1') h1=1 m=1 psi=a:('1', '0', '0', '0'),b:('1', '0', '0', '0'),c:('0', '0', '1', '0'): I(V) = 0   I(V^ss) = 0
==> s961 chi#1=a:('1', '0', '0', '0'),b:('0', '0', '0', '1'),c:('0', '0', '0', '1') h1=1 m=1 psi=a:('1', '0', '0', '0'),b:('1', '0', '0', '0'),c:('-1', '0', '1', '0'): I(V) = 0   I(V^ss) = 0
==> s961 chi#1=a:('1', '0', '0', '0'),b:('0', '0', '0', '1'),c:('0', '0', '0', '1') h1=1 m=1 psi=a:('1', '0', '0', '0'),b:('1', '0', '0', '0'),c:('-1', '0', '0', '0'): I(V) = 0   I(V^ss) = 0
==> s961 chi#1=a:('1', '0', '0', '0'),b:('0', '0', '0', '1'),c:('0', '0', '0', '1') h1=1 m=1 psi=a:('1', '0', '0', '0'),b:('1', '0', '0', '0'),c:('0', '0', '-1', '0'): I(V) = 0   I(V^ss) = 0
==> s961 chi#1=a:('1', '0', '0', '0'),b:('0', '0', '0', '1'),c:('0', '0', '0', '1') h1=1 m=1 psi=a:('1', '0', '0', '0'),b:('1', '0', '0', '0'),c:('1', '0', '-1', '0'): I(V) = 0   I(V^ss) = 0
==> s961 chi#1=a:('1', '0', '0', '0'),b:('0', '0', '0', '1'),c:('0', '0', '0', '1') h1=1 m=1 psi=a:('1', '0', '0', '0'),b:('-1', '0', '0', '0'),c:('1', '0', '0', '0'): I(V) = 0   I(V^ss) = 0
==> s961 chi#1=a:('1', '0', '0', '0'),b:('0', '0', '0', '1'),c:('0', '0', '0', '1') h1=1 m=1 psi=a:('1', '0', '0', '0'),b:('-1', '0', '0', '0'),c:('0', '0', '1', '0'): I(V) = 0   I(V^ss) = 0
==> s961 chi#1=a:('1', '0', '0', '0'),b:('0', '0', '0', '1'),c:('0', '0', '0', '1') h1=1 m=1 psi=a:('1', '0', '0', '0'),b:('-1', '0', '0', '0'),c:('-1', '0', '1', '0'): I(V) = 0   I(V^ss) = 0
==> s961 chi#1=a:('1', '0', '0', '0'),b:('0', '0', '0', '1'),c:('0', '0', '0', '1') h1=1 m=1 psi=a:('1', '0', '0', '0'),b:('-1', '0', '0', '0'),c:('-1', '0', '0', '0'): I(V) = 0   I(V^ss) = 0
==> s961 chi#1=a:('1', '0', '0', '0'),b:('0', '0', '0', '1'),c:('0', '0', '0', '1') h1=1 m=1 psi=a:('1', '0', '0', '0'),b:('-1', '0', '0', '0'),c:('0', '0', '-1', '0'): I(V) = 0   I(V^ss) = 0
==> s961 chi#1=a:('1', '0', '0', '0'),b:('0', '0', '0', '1'),c:('0', '0', '0', '1') h1=1 m=1 psi=a:('1', '0', '0', '0'),b:('-1', '0', '0', '0'),c:('1', '0', '-1', '0'): I(V) = 0   I(V^ss) = 0
==> s961 chi#1=a:('1', '0', '0', '0'),b:('0', '0', '0', '1'),c:('0', '0', '0', '1') h1=1 m=1 psi=a:('-1', '0', '0', '0'),b:('1', '0', '0', '0'),c:('1', '0', '0', '0'): I(V) = 0   I(V^ss) = 0
==> s961 chi#1=a:('1', '0', '0', '0'),b:('0', '0', '0', '1'),c:('0', '0', '0', '1') h1=1 m=1 psi=a:('-1', '0', '0', '0'),b:('1', '0', '0', '0'),c:('0', '0', '1', '0'): I(V) = 0   I(V^ss) = 0
==> s961 chi#1=a:('1', '0', '0', '0'),b:('0', '0', '0', '1'),c:('0', '0', '0', '1') h1=1 m=1 psi=a:('-1', '0', '0', '0'),b:('1', '0', '0', '0'),c:('-1', '0', '1', '0'): I(V) = 0   I(V^ss) = 0
==> s961 chi#1=a:('1', '0', '0', '0'),b:('0', '0', '0', '1'),c:('0', '0', '0', '1') h1=1 m=1 psi=a:('-1', '0', '0', '0'),b:('1', '0', '0', '0'),c:('-1', '0', '0', '0'): I(V) = 0   I(V^ss) = 0
==> s961 chi#1=a:('1', '0', '0', '0'),b:('0', '0', '0', '1'),c:('0', '0', '0', '1') h1=1 m=1 psi=a:('-1', '0', '0', '0'),b:('1', '0', '0', '0'),c:('0', '0', '-1', '0'): I(V) = 0   I(V^ss) = 0
==> s961 chi#1=a:('1', '0', '0', '0'),b:('0', '0', '0', '1'),c:('0', '0', '0', '1') h1=1 m=1 psi=a:('-1', '0', '0', '0'),b:('1', '0', '0', '0'),c:('1', '0', '-1', '0'): I(V) = 0   I(V^ss) = 0
==> s961 chi#1=a:('1', '0', '0', '0'),b:('0', '0', '0', '1'),c:('0', '0', '0', '1') h1=1 m=1 psi=a:('-1', '0', '0', '0'),b:('-1', '0', '0', '0'),c:('1', '0', '0', '0'): I(V) = 0   I(V^ss) = 0
==> s961 chi#1=a:('1', '0', '0', '0'),b:('0', '0', '0', '1'),c:('0', '0', '0', '1') h1=1 m=1 psi=a:('-1', '0', '0', '0'),b:('-1', '0', '0', '0'),c:('0', '0', '1', '0'): I(V) = 0   I(V^ss) = 0
==> s961 chi#1=a:('1', '0', '0', '0'),b:('0', '0', '0', '1'),c:('0', '0', '0', '1') h1=1 m=1 psi=a:('-1', '0', '0', '0'),b:('-1', '0', '0', '0'),c:('-1', '0', '1', '0'): I(V) = 0   I(V^ss) = 0
==> s961 chi#1=a:('1', '0', '0', '0'),b:('0', '0', '0', '1'),c:('0', '0', '0', '1') h1=1 m=1 psi=a:('-1', '0', '0', '0'),b:('-1', '0', '0', '0'),c:('-1', '0', '0', '0'): I(V) = 0   I(V^ss) = 0
==> s961 chi#1=a:('1', '0', '0', '0'),b:('0', '0', '0', '1'),c:('0', '0', '0', '1') h1=1 m=1 psi=a:('-1', '0', '0', '0'),b:('-1', '0', '0', '0'),c:('0', '0', '-1', '0'): I(V) = 0   I(V^ss) = 0
==> s961 chi#1=a:('1', '0', '0', '0'),b:('0', '0', '0', '1'),c:('0', '0', '0', '1') h1=1 m=1 psi=a:('-1', '0', '0', '0'),b:('-1', '0', '0', '0'),c:('1', '0', '-1', '0'): I(V) = 0   I(V^ss) = 0
==> s961 chi#1=a:('1', '0', '0', '0'),b:('0', '0', '0', '1'),c:('0', '0', '0', '1') h1=1 m=1 psi=chi^1: I(V) = 0   I(V^ss) = 0
==> s961 chi#1=a:('1', '0', '0', '0'),b:('0', '0', '0', '1'),c:('0', '0', '0', '1') h1=1 m=1 psi=chi^2: I(V) = 0   I(V^ss) = 0
==> s961 chi#1=a:('1', '0', '0', '0'),b:('0', '0', '0', '1'),c:('0', '0', '0', '1') h1=1 m=1 psi=chi^3: I(V) = 0   I(V^ss) = 0
==> s961 chi#1=a:('1', '0', '0', '0'),b:('0', '0', '0', '1'),c:('0', '0', '0', '1') h1=1 m=2 psi=a:('1', '0', '0', '0'),b:('1', '0', '0', '0'),c:('1', '0', '0', '0'): I(V) = 0   I(V^ss) = 0
==> s961 chi#1=a:('1', '0', '0', '0'),b:('0', '0', '0', '1'),c:('0', '0', '0', '1') h1=1 m=2 psi=a:('1', '0', '0', '0'),b:('1', '0', '0', '0'),c:('0', '0', '1', '0'): I(V) = 0   I(V^ss) = 0
==> s961 chi#1=a:('1', '0', '0', '0'),b:('0', '0', '0', '1'),c:('0', '0', '0', '1') h1=1 m=2 psi=a:('1', '0', '0', '0'),b:('1', '0', '0', '0'),c:('-1', '0', '1', '0'): I(V) = 0   I(V^ss) = 0
==> s961 chi#1=a:('1', '0', '0', '0'),b:('0', '0', '0', '1'),c:('0', '0', '0', '1') h1=1 m=2 psi=a:('1', '0', '0', '0'),b:('1', '0', '0', '0'),c:('-1', '0', '0', '0'): I(V) = 0   I(V^ss) = 0
==> s961 chi#1=a:('1', '0', '0', '0'),b:('0', '0', '0', '1'),c:('0', '0', '0', '1') h1=1 m=2 psi=a:('1', '0', '0', '0'),b:('1', '0', '0', '0'),c:('0', '0', '-1', '0'): I(V) = 0   I(V^ss) = 0
==> s961 chi#1=a:('1', '0', '0', '0'),b:('0', '0', '0', '1'),c:('0', '0', '0', '1') h1=1 m=2 psi=a:('1', '0', '0', '0'),b:('1', '0', '0', '0'),c:('1', '0', '-1', '0'): I(V) = 0   I(V^ss) = 0
==> s961 chi#1=a:('1', '0', '0', '0'),b:('0', '0', '0', '1'),c:('0', '0', '0', '1') h1=1 m=2 psi=a:('1', '0', '0', '0'),b:('-1', '0', '0', '0'),c:('1', '0', '0', '0'): I(V) = 0   I(V^ss) = 0
==> s961 chi#1=a:('1', '0', '0', '0'),b:('0', '0', '0', '1'),c:('0', '0', '0', '1') h1=1 m=2 psi=a:('1', '0', '0', '0'),b:('-1', '0', '0', '0'),c:('0', '0', '1', '0'): I(V) = 0   I(V^ss) = 0
==> s961 chi#1=a:('1', '0', '0', '0'),b:('0', '0', '0', '1'),c:('0', '0', '0', '1') h1=1 m=2 psi=a:('1', '0', '0', '0'),b:('-1', '0', '0', '0'),c:('-1', '0', '1', '0'): I(V) = 0   I(V^ss) = 0
==> s961 chi#1=a:('1', '0', '0', '0'),b:('0', '0', '0', '1'),c:('0', '0', '0', '1') h1=1 m=2 psi=a:('1', '0', '0', '0'),b:('-1', '0', '0', '0'),c:('-1', '0', '0', '0'): I(V) = 0   I(V^ss) = 0
==> s961 chi#1=a:('1', '0', '0', '0'),b:('0', '0', '0', '1'),c:('0', '0', '0', '1') h1=1 m=2 psi=a:('1', '0', '0', '0'),b:('-1', '0', '0', '0'),c:('0', '0', '-1', '0'): I(V) = 0   I(V^ss) = 0
==> s961 chi#1=a:('1', '0', '0', '0'),b:('0', '0', '0', '1'),c:('0', '0', '0', '1') h1=1 m=2 psi=a:('1', '0', '0', '0'),b:('-1', '0', '0', '0'),c:('1', '0', '-1', '0'): I(V) = 0   I(V^ss) = 0
==> s961 chi#1=a:('1', '0', '0', '0'),b:('0', '0', '0', '1'),c:('0', '0', '0', '1') h1=1 m=2 psi=a:('-1', '0', '0', '0'),b:('1', '0', '0', '0'),c:('1', '0', '0', '0'): I(V) = 0   I(V^ss) = 0
==> s961 chi#1=a:('1', '0', '0', '0'),b:('0', '0', '0', '1'),c:('0', '0', '0', '1') h1=1 m=2 psi=a:('-1', '0', '0', '0'),b:('1', '0', '0', '0'),c:('0', '0', '1', '0'): I(V) = 0   I(V^ss) = 0
==> s961 chi#1=a:('1', '0', '0', '0'),b:('0', '0', '0', '1'),c:('0', '0', '0', '1') h1=1 m=2 psi=a:('-1', '0', '0', '0'),b:('1', '0', '0', '0'),c:('-1', '0', '1', '0'): I(V) = 0   I(V^ss) = 0
==> s961 chi#1=a:('1', '0', '0', '0'),b:('0', '0', '0', '1'),c:('0', '0', '0', '1') h1=1 m=2 psi=a:('-1', '0', '0', '0'),b:('1', '0', '0', '0'),c:('-1', '0', '0', '0'): I(V) = 0   I(V^ss) = 0
==> s961 chi#1=a:('1', '0', '0', '0'),b:('0', '0', '0', '1'),c:('0', '0', '0', '1') h1=1 m=2 psi=a:('-1', '0', '0', '0'),b:('1', '0', '0', '0'),c:('0', '0', '-1', '0'): I(V) = 0   I(V^ss) = 0
==> s961 chi#1=a:('1', '0', '0', '0'),b:('0', '0', '0', '1'),c:('0', '0', '0', '1') h1=1 m=2 psi=a:('-1', '0', '0', '0'),b:('1', '0', '0', '0'),c:('1', '0', '-1', '0'): I(V) = 0   I(V^ss) = 0
==> s961 chi#1=a:('1', '0', '0', '0'),b:('0', '0', '0', '1'),c:('0', '0', '0', '1') h1=1 m=2 psi=a:('-1', '0', '0', '0'),b:('-1', '0', '0', '0'),c:('1', '0', '0', '0'): I(V) = 0   I(V^ss) = 0
==> s961 chi#1=a:('1', '0', '0', '0'),b:('0', '0', '0', '1'),c:('0', '0', '0', '1') h1=1 m=2 psi=a:('-1', '0', '0', '0'),b:('-1', '0', '0', '0'),c:('0', '0', '1', '0'): I(V) = 0   I(V^ss) = 0
==> s961 chi#1=a:('1', '0', '0', '0'),b:('0', '0', '0', '1'),c:('0', '0', '0', '1') h1=1 m=2 psi=a:('-1', '0', '0', '0'),b:('-1', '0', '0', '0'),c:('-1', '0', '1', '0'): I(V) = 0   I(V^ss) = 0
==> s961 chi#1=a:('1', '0', '0', '0'),b:('0', '0', '0', '1'),c:('0', '0', '0', '1') h1=1 m=2 psi=a:('-1', '0', '0', '0'),b:('-1', '0', '0', '0'),c:('-1', '0', '0', '0'): I(V) = 0   I(V^ss) = 0
==> s961 chi#1=a:('1', '0', '0', '0'),b:('0', '0', '0', '1'),c:('0', '0', '0', '1') h1=1 m=2 psi=a:('-1', '0', '0', '0'),b:('-1', '0', '0', '0'),c:('0', '0', '-1', '0'): I(V) = 0   I(V^ss) = 0
==> s961 chi#1=a:('1', '0', '0', '0'),b:('0', '0', '0', '1'),c:('0', '0', '0', '1') h1=1 m=2 psi=a:('-1', '0', '0', '0'),b:('-1', '0', '0', '0'),c:('1', '0', '-1', '0'): I(V) = 0   I(V^ss) = 0
==> s961 chi#1=a:('1', '0', '0', '0'),b:('0', '0', '0', '1'),c:('0', '0', '0', '1') h1=1 m=2 psi=chi^1: I(V) = 0   I(V^ss) = 0
==> s961 chi#1=a:('1', '0', '0', '0'),b:('0', '0', '0', '1'),c:('0', '0', '0', '1') h1=1 m=2 psi=chi^2: I(V) = 0   I(V^ss) = 0
==> s961 chi#1=a:('1', '0', '0', '0'),b:('0', '0', '0', '1'),c:('0', '0', '0', '1') h1=1 m=2 psi=chi^3: I(V) = 0   I(V^ss) = 0
==> s961 chi#1=a:('1', '0', '0', '0'),b:('0', '0', '0', '1'),c:('0', '0', '0', '1') h1=1 m=3 psi=a:('1', '0', '0', '0'),b:('1', '0', '0', '0'),c:('1', '0', '0', '0'): I(V) = 0   I(V^ss) = 0
==> s961 chi#1=a:('1', '0', '0', '0'),b:('0', '0', '0', '1'),c:('0', '0', '0', '1') h1=1 m=3 psi=a:('1', '0', '0', '0'),b:('1', '0', '0', '0'),c:('0', '0', '1', '0'): I(V) = 0   I(V^ss) = 0
==> s961 chi#1=a:('1', '0', '0', '0'),b:('0', '0', '0', '1'),c:('0', '0', '0', '1') h1=1 m=3 psi=a:('1', '0', '0', '0'),b:('1', '0', '0', '0'),c:('-1', '0', '1', '0'): I(V) = 0   I(V^ss) = 0
==> s961 chi#1=a:('1', '0', '0', '0'),b:('0', '0', '0', '1'),c:('0', '0', '0', '1') h1=1 m=3 psi=a:('1', '0', '0', '0'),b:('1', '0', '0', '0'),c:('-1', '0', '0', '0'): I(V) = 0   I(V^ss) = 0
==> s961 chi#1=a:('1', '0', '0', '0'),b:('0', '0', '0', '1'),c:('0', '0', '0', '1') h1=1 m=3 psi=a:('1', '0', '0', '0'),b:('1', '0', '0', '0'),c:('0', '0', '-1', '0'): I(V) = 0   I(V^ss) = 0
==> s961 chi#1=a:('1', '0', '0', '0'),b:('0', '0', '0', '1'),c:('0', '0', '0', '1') h1=1 m=3 psi=a:('1', '0', '0', '0'),b:('1', '0', '0', '0'),c:('1', '0', '-1', '0'): I(V) = 0   I(V^ss) = 0
==> s961 chi#1=a:('1', '0', '0', '0'),b:('0', '0', '0', '1'),c:('0', '0', '0', '1') h1=1 m=3 psi=a:('1', '0', '0', '0'),b:('-1', '0', '0', '0'),c:('1', '0', '0', '0'): I(V) = 0   I(V^ss) = 0
==> s961 chi#1=a:('1', '0', '0', '0'),b:('0', '0', '0', '1'),c:('0', '0', '0', '1') h1=1 m=3 psi=a:('1', '0', '0', '0'),b:('-1', '0', '0', '0'),c:('0', '0', '1', '0'): I(V) = 0   I(V^ss) = 0
==> s961 chi#1=a:('1', '0', '0', '0'),b:('0', '0', '0', '1'),c:('0', '0', '0', '1') h1=1 m=3 psi=a:('1', '0', '0', '0'),b:('-1', '0', '0', '0'),c:('-1', '0', '1', '0'): I(V) = 0   I(V^ss) = 0
==> s961 chi#1=a:('1', '0', '0', '0'),b:('0', '0', '0', '1'),c:('0', '0', '0', '1') h1=1 m=3 psi=a:('1', '0', '0', '0'),b:('-1', '0', '0', '0'),c:('-1', '0', '0', '0'): I(V) = 0   I(V^ss) = 0
==> s961 chi#1=a:('1', '0', '0', '0'),b:('0', '0', '0', '1'),c:('0', '0', '0', '1') h1=1 m=3 psi=a:('1', '0', '0', '0'),b:('-1', '0', '0', '0'),c:('0', '0', '-1', '0'): I(V) = 0   I(V^ss) = 0
==> s961 chi#1=a:('1', '0', '0', '0'),b:('0', '0', '0', '1'),c:('0', '0', '0', '1') h1=1 m=3 psi=a:('1', '0', '0', '0'),b:('-1', '0', '0', '0'),c:('1', '0', '-1', '0'): I(V) = 0   I(V^ss) = 0
==> s961 chi#1=a:('1', '0', '0', '0'),b:('0', '0', '0', '1'),c:('0', '0', '0', '1') h1=1 m=3 psi=a:('-1', '0', '0', '0'),b:('1', '0', '0', '0'),c:('1', '0', '0', '0'): I(V) = 0   I(V^ss) = 0
==> s961 chi#1=a:('1', '0', '0', '0'),b:('0', '0', '0', '1'),c:('0', '0', '0', '1') h1=1 m=3 psi=a:('-1', '0', '0', '0'),b:('1', '0', '0', '0'),c:('0', '0', '1', '0'): I(V) = 0   I(V^ss) = 0
==> s961 chi#1=a:('1', '0', '0', '0'),b:('0', '0', '0', '1'),c:('0', '0', '0', '1') h1=1 m=3 psi=a:('-1', '0', '0', '0'),b:('1', '0', '0', '0'),c:('-1', '0', '1', '0'): I(V) = 0   I(V^ss) = 0
==> s961 chi#1=a:('1', '0', '0', '0'),b:('0', '0', '0', '1'),c:('0', '0', '0', '1') h1=1 m=3 psi=a:('-1', '0', '0', '0'),b:('1', '0', '0', '0'),c:('-1', '0', '0', '0'): I(V) = 0   I(V^ss) = 0
==> s961 chi#1=a:('1', '0', '0', '0'),b:('0', '0', '0', '1'),c:('0', '0', '0', '1') h1=1 m=3 psi=a:('-1', '0', '0', '0'),b:('1', '0', '0', '0'),c:('0', '0', '-1', '0'): I(V) = 0   I(V^ss) = 0
==> s961 chi#1=a:('1', '0', '0', '0'),b:('0', '0', '0', '1'),c:('0', '0', '0', '1') h1=1 m=3 psi=a:('-1', '0', '0', '0'),b:('1', '0', '0', '0'),c:('1', '0', '-1', '0'): I(V) = 0   I(V^ss) = 0
==> s961 chi#1=a:('1', '0', '0', '0'),b:('0', '0', '0', '1'),c:('0', '0', '0', '1') h1=1 m=3 psi=a:('-1', '0', '0', '0'),b:('-1', '0', '0', '0'),c:('1', '0', '0', '0'): I(V) = 0   I(V^ss) = 0
==> s961 chi#1=a:('1', '0', '0', '0'),b:('0', '0', '0', '1'),c:('0', '0', '0', '1') h1=1 m=3 psi=a:('-1', '0', '0', '0'),b:('-1', '0', '0', '0'),c:('0', '0', '1', '0'): I(V) = 0   I(V^ss) = 0
==> s961 chi#1=a:('1', '0', '0', '0'),b:('0', '0', '0', '1'),c:('0', '0', '0', '1') h1=1 m=3 psi=a:('-1', '0', '0', '0'),b:('-1', '0', '0', '0'),c:('-1', '0', '1', '0'): I(V) = 0   I(V^ss) = 0
==> s961 chi#1=a:('1', '0', '0', '0'),b:('0', '0', '0', '1'),c:('0', '0', '0', '1') h1=1 m=3 psi=a:('-1', '0', '0', '0'),b:('-1', '0', '0', '0'),c:('-1', '0', '0', '0'): I(V) = 0   I(V^ss) = 0
==> s961 chi#1=a:('1', '0', '0', '0'),b:('0', '0', '0', '1'),c:('0', '0', '0', '1') h1=1 m=3 psi=a:('-1', '0', '0', '0'),b:('-1', '0', '0', '0'),c:('0', '0', '-1', '0'): I(V) = 0   I(V^ss) = 0
==> s961 chi#1=a:('1', '0', '0', '0'),b:('0', '0', '0', '1'),c:('0', '0', '0', '1') h1=1 m=3 psi=a:('-1', '0', '0', '0'),b:('-1', '0', '0', '0'),c:('1', '0', '-1', '0'): I(V) = 0   I(V^ss) = 0
==> s961 chi#1=a:('1', '0', '0', '0'),b:('0', '0', '0', '1'),c:('0', '0', '0', '1') h1=1 m=3 psi=chi^1: I(V) = 0   I(V^ss) = 0
==> s961 chi#1=a:('1', '0', '0', '0'),b:('0', '0', '0', '1'),c:('0', '0', '0', '1') h1=1 m=3 psi=chi^2: I(V) = 0   I(V^ss) = 0
==> s961 chi#1=a:('1', '0', '0', '0'),b:('0', '0', '0', '1'),c:('0', '0', '0', '1') h1=1 m=3 psi=chi^3: I(V) = 0   I(V^ss) = 0
  locus chi#2=a:('1', '0', '0', '0'),b:('0', '0', '0', '1'),c:('0', '0', '0', '-1') h1=1
==> s961 chi#2=a:('1', '0', '0', '0'),b:('0', '0', '0', '1'),c:('0', '0', '0', '-1') h1=1 m=1 psi=a:('1', '0', '0', '0'),b:('1', '0', '0', '0'),c:('1', '0', '0', '0'): I(V) = 0   I(V^ss) = 0
==> s961 chi#2=a:('1', '0', '0', '0'),b:('0', '0', '0', '1'),c:('0', '0', '0', '-1') h1=1 m=1 psi=a:('1', '0', '0', '0'),b:('1', '0', '0', '0'),c:('0', '0', '1', '0'): I(V) = 0   I(V^ss) = 0
==> s961 chi#2=a:('1', '0', '0', '0'),b:('0', '0', '0', '1'),c:('0', '0', '0', '-1') h1=1 m=1 psi=a:('1', '0', '0', '0'),b:('1', '0', '0', '0'),c:('-1', '0', '1', '0'): I(V) = 0   I(V^ss) = 0
==> s961 chi#2=a:('1', '0', '0', '0'),b:('0', '0', '0', '1'),c:('0', '0', '0', '-1') h1=1 m=1 psi=a:('1', '0', '0', '0'),b:('1', '0', '0', '0'),c:('-1', '0', '0', '0'): I(V) = 0   I(V^ss) = 0
==> s961 chi#2=a:('1', '0', '0', '0'),b:('0', '0', '0', '1'),c:('0', '0', '0', '-1') h1=1 m=1 psi=a:('1', '0', '0', '0'),b:('1', '0', '0', '0'),c:('0', '0', '-1', '0'): I(V) = 0   I(V^ss) = 0
==> s961 chi#2=a:('1', '0', '0', '0'),b:('0', '0', '0', '1'),c:('0', '0', '0', '-1') h1=1 m=1 psi=a:('1', '0', '0', '0'),b:('1', '0', '0', '0'),c:('1', '0', '-1', '0'): I(V) = 0   I(V^ss) = 0
==> s961 chi#2=a:('1', '0', '0', '0'),b:('0', '0', '0', '1'),c:('0', '0', '0', '-1') h1=1 m=1 psi=a:('1', '0', '0', '0'),b:('-1', '0', '0', '0'),c:('1', '0', '0', '0'): I(V) = 0   I(V^ss) = 0
==> s961 chi#2=a:('1', '0', '0', '0'),b:('0', '0', '0', '1'),c:('0', '0', '0', '-1') h1=1 m=1 psi=a:('1', '0', '0', '0'),b:('-1', '0', '0', '0'),c:('0', '0', '1', '0'): I(V) = 0   I(V^ss) = 0
==> s961 chi#2=a:('1', '0', '0', '0'),b:('0', '0', '0', '1'),c:('0', '0', '0', '-1') h1=1 m=1 psi=a:('1', '0', '0', '0'),b:('-1', '0', '0', '0'),c:('-1', '0', '1', '0'): I(V) = 0   I(V^ss) = 0
==> s961 chi#2=a:('1', '0', '0', '0'),b:('0', '0', '0', '1'),c:('0', '0', '0', '-1') h1=1 m=1 psi=a:('1', '0', '0', '0'),b:('-1', '0', '0', '0'),c:('-1', '0', '0', '0'): I(V) = 0   I(V^ss) = 0
==> s961 chi#2=a:('1', '0', '0', '0'),b:('0', '0', '0', '1'),c:('0', '0', '0', '-1') h1=1 m=1 psi=a:('1', '0', '0', '0'),b:('-1', '0', '0', '0'),c:('0', '0', '-1', '0'): I(V) = 0   I(V^ss) = 0
==> s961 chi#2=a:('1', '0', '0', '0'),b:('0', '0', '0', '1'),c:('0', '0', '0', '-1') h1=1 m=1 psi=a:('1', '0', '0', '0'),b:('-1', '0', '0', '0'),c:('1', '0', '-1', '0'): I(V) = 0   I(V^ss) = 0
==> s961 chi#2=a:('1', '0', '0', '0'),b:('0', '0', '0', '1'),c:('0', '0', '0', '-1') h1=1 m=1 psi=a:('-1', '0', '0', '0'),b:('1', '0', '0', '0'),c:('1', '0', '0', '0'): I(V) = 0   I(V^ss) = 0
==> s961 chi#2=a:('1', '0', '0', '0'),b:('0', '0', '0', '1'),c:('0', '0', '0', '-1') h1=1 m=1 psi=a:('-1', '0', '0', '0'),b:('1', '0', '0', '0'),c:('0', '0', '1', '0'): I(V) = 0   I(V^ss) = 0
==> s961 chi#2=a:('1', '0', '0', '0'),b:('0', '0', '0', '1'),c:('0', '0', '0', '-1') h1=1 m=1 psi=a:('-1', '0', '0', '0'),b:('1', '0', '0', '0'),c:('-1', '0', '1', '0'): I(V) = 0   I(V^ss) = 0
==> s961 chi#2=a:('1', '0', '0', '0'),b:('0', '0', '0', '1'),c:('0', '0', '0', '-1') h1=1 m=1 psi=a:('-1', '0', '0', '0'),b:('1', '0', '0', '0'),c:('-1', '0', '0', '0'): I(V) = 0   I(V^ss) = 0
==> s961 chi#2=a:('1', '0', '0', '0'),b:('0', '0', '0', '1'),c:('0', '0', '0', '-1') h1=1 m=1 psi=a:('-1', '0', '0', '0'),b:('1', '0', '0', '0'),c:('0', '0', '-1', '0'): I(V) = 0   I(V^ss) = 0
==> s961 chi#2=a:('1', '0', '0', '0'),b:('0', '0', '0', '1'),c:('0', '0', '0', '-1') h1=1 m=1 psi=a:('-1', '0', '0', '0'),b:('1', '0', '0', '0'),c:('1', '0', '-1', '0'): I(V) = 0   I(V^ss) = 0
==> s961 chi#2=a:('1', '0', '0', '0'),b:('0', '0', '0', '1'),c:('0', '0', '0', '-1') h1=1 m=1 psi=a:('-1', '0', '0', '0'),b:('-1', '0', '0', '0'),c:('1', '0', '0', '0'): I(V) = 0   I(V^ss) = 0
==> s961 chi#2=a:('1', '0', '0', '0'),b:('0', '0', '0', '1'),c:('0', '0', '0', '-1') h1=1 m=1 psi=a:('-1', '0', '0', '0'),b:('-1', '0', '0', '0'),c:('0', '0', '1', '0'): I(V) = 0   I(V^ss) = 0
==> s961 chi#2=a:('1', '0', '0', '0'),b:('0', '0', '0', '1'),c:('0', '0', '0', '-1') h1=1 m=1 psi=a:('-1', '0', '0', '0'),b:('-1', '0', '0', '0'),c:('-1', '0', '1', '0'): I(V) = 0   I(V^ss) = 0
==> s961 chi#2=a:('1', '0', '0', '0'),b:('0', '0', '0', '1'),c:('0', '0', '0', '-1') h1=1 m=1 psi=a:('-1', '0', '0', '0'),b:('-1', '0', '0', '0'),c:('-1', '0', '0', '0'): I(V) = 0   I(V^ss) = 0
==> s961 chi#2=a:('1', '0', '0', '0'),b:('0', '0', '0', '1'),c:('0', '0', '0', '-1') h1=1 m=1 psi=a:('-1', '0', '0', '0'),b:('-1', '0', '0', '0'),c:('0', '0', '-1', '0'): I(V) = 0   I(V^ss) = 0
==> s961 chi#2=a:('1', '0', '0', '0'),b:('0', '0', '0', '1'),c:('0', '0', '0', '-1') h1=1 m=1 psi=a:('-1', '0', '0', '0'),b:('-1', '0', '0', '0'),c:('1', '0', '-1', '0'): I(V) = 0   I(V^ss) = 0
==> s961 chi#2=a:('1', '0', '0', '0'),b:('0', '0', '0', '1'),c:('0', '0', '0', '-1') h1=1 m=1 psi=chi^1: I(V) = 0   I(V^ss) = 0
==> s961 chi#2=a:('1', '0', '0', '0'),b:('0', '0', '0', '1'),c:('0', '0', '0', '-1') h1=1 m=1 psi=chi^2: I(V) = 0   I(V^ss) = 0
==> s961 chi#2=a:('1', '0', '0', '0'),b:('0', '0', '0', '1'),c:('0', '0', '0', '-1') h1=1 m=1 psi=chi^3: I(V) = 0   I(V^ss) = 0
==> s961 chi#2=a:('1', '0', '0', '0'),b:('0', '0', '0', '1'),c:('0', '0', '0', '-1') h1=1 m=2 psi=a:('1', '0', '0', '0'),b:('1', '0', '0', '0'),c:('1', '0', '0', '0'): I(V) = 0   I(V^ss) = 0
==> s961 chi#2=a:('1', '0', '0', '0'),b:('0', '0', '0', '1'),c:('0', '0', '0', '-1') h1=1 m=2 psi=a:('1', '0', '0', '0'),b:('1', '0', '0', '0'),c:('0', '0', '1', '0'): I(V) = 0   I(V^ss) = 0
==> s961 chi#2=a:('1', '0', '0', '0'),b:('0', '0', '0', '1'),c:('0', '0', '0', '-1') h1=1 m=2 psi=a:('1', '0', '0', '0'),b:('1', '0', '0', '0'),c:('-1', '0', '1', '0'): I(V) = 0   I(V^ss) = 0
==> s961 chi#2=a:('1', '0', '0', '0'),b:('0', '0', '0', '1'),c:('0', '0', '0', '-1') h1=1 m=2 psi=a:('1', '0', '0', '0'),b:('1', '0', '0', '0'),c:('-1', '0', '0', '0'): I(V) = 0   I(V^ss) = 0
==> s961 chi#2=a:('1', '0', '0', '0'),b:('0', '0', '0', '1'),c:('0', '0', '0', '-1') h1=1 m=2 psi=a:('1', '0', '0', '0'),b:('1', '0', '0', '0'),c:('0', '0', '-1', '0'): I(V) = 0   I(V^ss) = 0
==> s961 chi#2=a:('1', '0', '0', '0'),b:('0', '0', '0', '1'),c:('0', '0', '0', '-1') h1=1 m=2 psi=a:('1', '0', '0', '0'),b:('1', '0', '0', '0'),c:('1', '0', '-1', '0'): I(V) = 0   I(V^ss) = 0
==> s961 chi#2=a:('1', '0', '0', '0'),b:('0', '0', '0', '1'),c:('0', '0', '0', '-1') h1=1 m=2 psi=a:('1', '0', '0', '0'),b:('-1', '0', '0', '0'),c:('1', '0', '0', '0'): I(V) = 0   I(V^ss) = 0
==> s961 chi#2=a:('1', '0', '0', '0'),b:('0', '0', '0', '1'),c:('0', '0', '0', '-1') h1=1 m=2 psi=a:('1', '0', '0', '0'),b:('-1', '0', '0', '0'),c:('0', '0', '1', '0'): I(V) = 0   I(V^ss) = 0
==> s961 chi#2=a:('1', '0', '0', '0'),b:('0', '0', '0', '1'),c:('0', '0', '0', '-1') h1=1 m=2 psi=a:('1', '0', '0', '0'),b:('-1', '0', '0', '0'),c:('-1', '0', '1', '0'): I(V) = 0   I(V^ss) = 0
==> s961 chi#2=a:('1', '0', '0', '0'),b:('0', '0', '0', '1'),c:('0', '0', '0', '-1') h1=1 m=2 psi=a:('1', '0', '0', '0'),b:('-1', '0', '0', '0'),c:('-1', '0', '0', '0'): I(V) = 0   I(V^ss) = 0
==> s961 chi#2=a:('1', '0', '0', '0'),b:('0', '0', '0', '1'),c:('0', '0', '0', '-1') h1=1 m=2 psi=a:('1', '0', '0', '0'),b:('-1', '0', '0', '0'),c:('0', '0', '-1', '0'): I(V) = 0   I(V^ss) = 0
==> s961 chi#2=a:('1', '0', '0', '0'),b:('0', '0', '0', '1'),c:('0', '0', '0', '-1') h1=1 m=2 psi=a:('1', '0', '0', '0'),b:('-1', '0', '0', '0'),c:('1', '0', '-1', '0'): I(V) = 0   I(V^ss) = 0
==> s961 chi#2=a:('1', '0', '0', '0'),b:('0', '0', '0', '1'),c:('0', '0', '0', '-1') h1=1 m=2 psi=a:('-1', '0', '0', '0'),b:('1', '0', '0', '0'),c:('1', '0', '0', '0'): I(V) = 0   I(V^ss) = 0
==> s961 chi#2=a:('1', '0', '0', '0'),b:('0', '0', '0', '1'),c:('0', '0', '0', '-1') h1=1 m=2 psi=a:('-1', '0', '0', '0'),b:('1', '0', '0', '0'),c:('0', '0', '1', '0'): I(V) = 0   I(V^ss) = 0
==> s961 chi#2=a:('1', '0', '0', '0'),b:('0', '0', '0', '1'),c:('0', '0', '0', '-1') h1=1 m=2 psi=a:('-1', '0', '0', '0'),b:('1', '0', '0', '0'),c:('-1', '0', '1', '0'): I(V) = 0   I(V^ss) = 0
==> s961 chi#2=a:('1', '0', '0', '0'),b:('0', '0', '0', '1'),c:('0', '0', '0', '-1') h1=1 m=2 psi=a:('-1', '0', '0', '0'),b:('1', '0', '0', '0'),c:('-1', '0', '0', '0'): I(V) = 0   I(V^ss) = 0
==> s961 chi#2=a:('1', '0', '0', '0'),b:('0', '0', '0', '1'),c:('0', '0', '0', '-1') h1=1 m=2 psi=a:('-1', '0', '0', '0'),b:('1', '0', '0', '0'),c:('0', '0', '-1', '0'): I(V) = 0   I(V^ss) = 0
==> s961 chi#2=a:('1', '0', '0', '0'),b:('0', '0', '0', '1'),c:('0', '0', '0', '-1') h1=1 m=2 psi=a:('-1', '0', '0', '0'),b:('1', '0', '0', '0'),c:('1', '0', '-1', '0'): I(V) = 0   I(V^ss) = 0
==> s961 chi#2=a:('1', '0', '0', '0'),b:('0', '0', '0', '1'),c:('0', '0', '0', '-1') h1=1 m=2 psi=a:('-1', '0', '0', '0'),b:('-1', '0', '0', '0'),c:('1', '0', '0', '0'): I(V) = 0   I(V^ss) = 0
==> s961 chi#2=a:('1', '0', '0', '0'),b:('0', '0', '0', '1'),c:('0', '0', '0', '-1') h1=1 m=2 psi=a:('-1', '0', '0', '0'),b:('-1', '0', '0', '0'),c:('0', '0', '1', '0'): I(V) = 0   I(V^ss) = 0
==> s961 chi#2=a:('1', '0', '0', '0'),b:('0', '0', '0', '1'),c:('0', '0', '0', '-1') h1=1 m=2 psi=a:('-1', '0', '0', '0'),b:('-1', '0', '0', '0'),c:('-1', '0', '1', '0'): I(V) = 0   I(V^ss) = 0
==> s961 chi#2=a:('1', '0', '0', '0'),b:('0', '0', '0', '1'),c:('0', '0', '0', '-1') h1=1 m=2 psi=a:('-1', '0', '0', '0'),b:('-1', '0', '0', '0'),c:('-1', '0', '0', '0'): I(V) = 0   I(V^ss) = 0
==> s961 chi#2=a:('1', '0', '0', '0'),b:('0', '0', '0', '1'),c:('0', '0', '0', '-1') h1=1 m=2 psi=a:('-1', '0', '0', '0'),b:('-1', '0', '0', '0'),c:('0', '0', '-1', '0'): I(V) = 0   I(V^ss) = 0
==> s961 chi#2=a:('1', '0', '0', '0'),b:('0', '0', '0', '1'),c:('0', '0', '0', '-1') h1=1 m=2 psi=a:('-1', '0', '0', '0'),b:('-1', '0', '0', '0'),c:('1', '0', '-1', '0'): I(V) = 0   I(V^ss) = 0
==> s961 chi#2=a:('1', '0', '0', '0'),b:('0', '0', '0', '1'),c:('0', '0', '0', '-1') h1=1 m=2 psi=chi^1: I(V) = 0   I(V^ss) = 0
==> s961 chi#2=a:('1', '0', '0', '0'),b:('0', '0', '0', '1'),c:('0', '0', '0', '-1') h1=1 m=2 psi=chi^2: I(V) = 0   I(V^ss) = 0
==> s961 chi#2=a:('1', '0', '0', '0'),b:('0', '0', '0', '1'),c:('0', '0', '0', '-1') h1=1 m=2 psi=chi^3: I(V) = 0   I(V^ss) = 0
==> s961 chi#2=a:('1', '0', '0', '0'),b:('0', '0', '0', '1'),c:('0', '0', '0', '-1') h1=1 m=3 psi=a:('1', '0', '0', '0'),b:('1', '0', '0', '0'),c:('1', '0', '0', '0'): I(V) = 0   I(V^ss) = 0
==> s961 chi#2=a:('1', '0', '0', '0'),b:('0', '0', '0', '1'),c:('0', '0', '0', '-1') h1=1 m=3 psi=a:('1', '0', '0', '0'),b:('1', '0', '0', '0'),c:('0', '0', '1', '0'): I(V) = 0   I(V^ss) = 0
==> s961 chi#2=a:('1', '0', '0', '0'),b:('0', '0', '0', '1'),c:('0', '0', '0', '-1') h1=1 m=3 psi=a:('1', '0', '0', '0'),b:('1', '0', '0', '0'),c:('-1', '0', '1', '0'): I(V) = 0   I(V^ss) = 0
==> s961 chi#2=a:('1', '0', '0', '0'),b:('0', '0', '0', '1'),c:('0', '0', '0', '-1') h1=1 m=3 psi=a:('1', '0', '0', '0'),b:('1', '0', '0', '0'),c:('-1', '0', '0', '0'): I(V) = 0   I(V^ss) = 0
==> s961 chi#2=a:('1', '0', '0', '0'),b:('0', '0', '0', '1'),c:('0', '0', '0', '-1') h1=1 m=3 psi=a:('1', '0', '0', '0'),b:('1', '0', '0', '0'),c:('0', '0', '-1', '0'): I(V) = 0   I(V^ss) = 0
==> s961 chi#2=a:('1', '0', '0', '0'),b:('0', '0', '0', '1'),c:('0', '0', '0', '-1') h1=1 m=3 psi=a:('1', '0', '0', '0'),b:('1', '0', '0', '0'),c:('1', '0', '-1', '0'): I(V) = 0   I(V^ss) = 0
==> s961 chi#2=a:('1', '0', '0', '0'),b:('0', '0', '0', '1'),c:('0', '0', '0', '-1') h1=1 m=3 psi=a:('1', '0', '0', '0'),b:('-1', '0', '0', '0'),c:('1', '0', '0', '0'): I(V) = 0   I(V^ss) = 0
==> s961 chi#2=a:('1', '0', '0', '0'),b:('0', '0', '0', '1'),c:('0', '0', '0', '-1') h1=1 m=3 psi=a:('1', '0', '0', '0'),b:('-1', '0', '0', '0'),c:('0', '0', '1', '0'): I(V) = 0   I(V^ss) = 0
==> s961 chi#2=a:('1', '0', '0', '0'),b:('0', '0', '0', '1'),c:('0', '0', '0', '-1') h1=1 m=3 psi=a:('1', '0', '0', '0'),b:('-1', '0', '0', '0'),c:('-1', '0', '1', '0'): I(V) = 0   I(V^ss) = 0
==> s961 chi#2=a:('1', '0', '0', '0'),b:('0', '0', '0', '1'),c:('0', '0', '0', '-1') h1=1 m=3 psi=a:('1', '0', '0', '0'),b:('-1', '0', '0', '0'),c:('-1', '0', '0', '0'): I(V) = 0   I(V^ss) = 0
==> s961 chi#2=a:('1', '0', '0', '0'),b:('0', '0', '0', '1'),c:('0', '0', '0', '-1') h1=1 m=3 psi=a:('1', '0', '0', '0'),b:('-1', '0', '0', '0'),c:('0', '0', '-1', '0'): I(V) = 0   I(V^ss) = 0
==> s961 chi#2=a:('1', '0', '0', '0'),b:('0', '0', '0', '1'),c:('0', '0', '0', '-1') h1=1 m=3 psi=a:('1', '0', '0', '0'),b:('-1', '0', '0', '0'),c:('1', '0', '-1', '0'): I(V) = 0   I(V^ss) = 0
==> s961 chi#2=a:('1', '0', '0', '0'),b:('0', '0', '0', '1'),c:('0', '0', '0', '-1') h1=1 m=3 psi=a:('-1', '0', '0', '0'),b:('1', '0', '0', '0'),c:('1', '0', '0', '0'): I(V) = 0   I(V^ss) = 0
==> s961 chi#2=a:('1', '0', '0', '0'),b:('0', '0', '0', '1'),c:('0', '0', '0', '-1') h1=1 m=3 psi=a:('-1', '0', '0', '0'),b:('1', '0', '0', '0'),c:('0', '0', '1', '0'): I(V) = 0   I(V^ss) = 0
==> s961 chi#2=a:('1', '0', '0', '0'),b:('0', '0', '0', '1'),c:('0', '0', '0', '-1') h1=1 m=3 psi=a:('-1', '0', '0', '0'),b:('1', '0', '0', '0'),c:('-1', '0', '1', '0'): I(V) = 0   I(V^ss) = 0
==> s961 chi#2=a:('1', '0', '0', '0'),b:('0', '0', '0', '1'),c:('0', '0', '0', '-1') h1=1 m=3 psi=a:('-1', '0', '0', '0'),b:('1', '0', '0', '0'),c:('-1', '0', '0', '0'): I(V) = 0   I(V^ss) = 0
==> s961 chi#2=a:('1', '0', '0', '0'),b:('0', '0', '0', '1'),c:('0', '0', '0', '-1') h1=1 m=3 psi=a:('-1', '0', '0', '0'),b:('1', '0', '0', '0'),c:('0', '0', '-1', '0'): I(V) = 0   I(V^ss) = 0
==> s961 chi#2=a:('1', '0', '0', '0'),b:('0', '0', '0', '1'),c:('0', '0', '0', '-1') h1=1 m=3 psi=a:('-1', '0', '0', '0'),b:('1', '0', '0', '0'),c:('1', '0', '-1', '0'): I(V) = 0   I(V^ss) = 0
==> s961 chi#2=a:('1', '0', '0', '0'),b:('0', '0', '0', '1'),c:('0', '0', '0', '-1') h1=1 m=3 psi=a:('-1', '0', '0', '0'),b:('-1', '0', '0', '0'),c:('1', '0', '0', '0'): I(V) = 0   I(V^ss) = 0
==> s961 chi#2=a:('1', '0', '0', '0'),b:('0', '0', '0', '1'),c:('0', '0', '0', '-1') h1=1 m=3 psi=a:('-1', '0', '0', '0'),b:('-1', '0', '0', '0'),c:('0', '0', '1', '0'): I(V) = 0   I(V^ss) = 0
==> s961 chi#2=a:('1', '0', '0', '0'),b:('0', '0', '0', '1'),c:('0', '0', '0', '-1') h1=1 m=3 psi=a:('-1', '0', '0', '0'),b:('-1', '0', '0', '0'),c:('-1', '0', '1', '0'): I(V) = 0   I(V^ss) = 0
==> s961 chi#2=a:('1', '0', '0', '0'),b:('0', '0', '0', '1'),c:('0', '0', '0', '-1') h1=1 m=3 psi=a:('-1', '0', '0', '0'),b:('-1', '0', '0', '0'),c:('-1', '0', '0', '0'): I(V) = 0   I(V^ss) = 0
==> s961 chi#2=a:('1', '0', '0', '0'),b:('0', '0', '0', '1'),c:('0', '0', '0', '-1') h1=1 m=3 psi=a:('-1', '0', '0', '0'),b:('-1', '0', '0', '0'),c:('0', '0', '-1', '0'): I(V) = 0   I(V^ss) = 0
==> s961 chi#2=a:('1', '0', '0', '0'),b:('0', '0', '0', '1'),c:('0', '0', '0', '-1') h1=1 m=3 psi=a:('-1', '0', '0', '0'),b:('-1', '0', '0', '0'),c:('1', '0', '-1', '0'): I(V) = 0   I(V^ss) = 0
==> s961 chi#2=a:('1', '0', '0', '0'),b:('0', '0', '0', '1'),c:('0', '0', '0', '-1') h1=1 m=3 psi=chi^1: I(V) = 0   I(V^ss) = 0
==> s961 chi#2=a:('1', '0', '0', '0'),b:('0', '0', '0', '1'),c:('0', '0', '0', '-1') h1=1 m=3 psi=chi^2: I(V) = 0   I(V^ss) = 0
==> s961 chi#2=a:('1', '0', '0', '0'),b:('0', '0', '0', '1'),c:('0', '0', '0', '-1') h1=1 m=3 psi=chi^3: I(V) = 0   I(V^ss) = 0
  locus chi#3=a:('1', '0', '0', '0'),b:('-1', '0', '0', '0'),c:('1', '0', '0', '0') h1=1
==> s961 chi#3=a:('1', '0', '0', '0'),b:('-1', '0', '0', '0'),c:('1', '0', '0', '0') h1=1 m=1 psi=a:('1', '0', '0', '0'),b:('1', '0', '0', '0'),c:('1', '0', '0', '0'): I(V) = 0   I(V^ss) = 0
==> s961 chi#3=a:('1', '0', '0', '0'),b:('-1', '0', '0', '0'),c:('1', '0', '0', '0') h1=1 m=1 psi=a:('1', '0', '0', '0'),b:('1', '0', '0', '0'),c:('0', '0', '1', '0'): I(V) = 0   I(V^ss) = 0
==> s961 chi#3=a:('1', '0', '0', '0'),b:('-1', '0', '0', '0'),c:('1', '0', '0', '0') h1=1 m=1 psi=a:('1', '0', '0', '0'),b:('1', '0', '0', '0'),c:('-1', '0', '1', '0'): I(V) = 0   I(V^ss) = 0
==> s961 chi#3=a:('1', '0', '0', '0'),b:('-1', '0', '0', '0'),c:('1', '0', '0', '0') h1=1 m=1 psi=a:('1', '0', '0', '0'),b:('1', '0', '0', '0'),c:('-1', '0', '0', '0'): I(V) = 0   I(V^ss) = 0
==> s961 chi#3=a:('1', '0', '0', '0'),b:('-1', '0', '0', '0'),c:('1', '0', '0', '0') h1=1 m=1 psi=a:('1', '0', '0', '0'),b:('1', '0', '0', '0'),c:('0', '0', '-1', '0'): I(V) = 0   I(V^ss) = 0
==> s961 chi#3=a:('1', '0', '0', '0'),b:('-1', '0', '0', '0'),c:('1', '0', '0', '0') h1=1 m=1 psi=a:('1', '0', '0', '0'),b:('1', '0', '0', '0'),c:('1', '0', '-1', '0'): I(V) = 0   I(V^ss) = 0
==> s961 chi#3=a:('1', '0', '0', '0'),b:('-1', '0', '0', '0'),c:('1', '0', '0', '0') h1=1 m=1 psi=a:('1', '0', '0', '0'),b:('-1', '0', '0', '0'),c:('1', '0', '0', '0'): I(V) = 0   I(V^ss) = 0
==> s961 chi#3=a:('1', '0', '0', '0'),b:('-1', '0', '0', '0'),c:('1', '0', '0', '0') h1=1 m=1 psi=a:('1', '0', '0', '0'),b:('-1', '0', '0', '0'),c:('0', '0', '1', '0'): I(V) = 0   I(V^ss) = 0
==> s961 chi#3=a:('1', '0', '0', '0'),b:('-1', '0', '0', '0'),c:('1', '0', '0', '0') h1=1 m=1 psi=a:('1', '0', '0', '0'),b:('-1', '0', '0', '0'),c:('-1', '0', '1', '0'): I(V) = 0   I(V^ss) = 0
==> s961 chi#3=a:('1', '0', '0', '0'),b:('-1', '0', '0', '0'),c:('1', '0', '0', '0') h1=1 m=1 psi=a:('1', '0', '0', '0'),b:('-1', '0', '0', '0'),c:('-1', '0', '0', '0'): I(V) = 0   I(V^ss) = 0
==> s961 chi#3=a:('1', '0', '0', '0'),b:('-1', '0', '0', '0'),c:('1', '0', '0', '0') h1=1 m=1 psi=a:('1', '0', '0', '0'),b:('-1', '0', '0', '0'),c:('0', '0', '-1', '0'): I(V) = 0   I(V^ss) = 0
==> s961 chi#3=a:('1', '0', '0', '0'),b:('-1', '0', '0', '0'),c:('1', '0', '0', '0') h1=1 m=1 psi=a:('1', '0', '0', '0'),b:('-1', '0', '0', '0'),c:('1', '0', '-1', '0'): I(V) = 0   I(V^ss) = 0
==> s961 chi#3=a:('1', '0', '0', '0'),b:('-1', '0', '0', '0'),c:('1', '0', '0', '0') h1=1 m=1 psi=a:('-1', '0', '0', '0'),b:('1', '0', '0', '0'),c:('1', '0', '0', '0'): I(V) = 0   I(V^ss) = 0
==> s961 chi#3=a:('1', '0', '0', '0'),b:('-1', '0', '0', '0'),c:('1', '0', '0', '0') h1=1 m=1 psi=a:('-1', '0', '0', '0'),b:('1', '0', '0', '0'),c:('0', '0', '1', '0'): I(V) = 0   I(V^ss) = 0
==> s961 chi#3=a:('1', '0', '0', '0'),b:('-1', '0', '0', '0'),c:('1', '0', '0', '0') h1=1 m=1 psi=a:('-1', '0', '0', '0'),b:('1', '0', '0', '0'),c:('-1', '0', '1', '0'): I(V) = 0   I(V^ss) = 0
==> s961 chi#3=a:('1', '0', '0', '0'),b:('-1', '0', '0', '0'),c:('1', '0', '0', '0') h1=1 m=1 psi=a:('-1', '0', '0', '0'),b:('1', '0', '0', '0'),c:('-1', '0', '0', '0'): I(V) = 0   I(V^ss) = 0
==> s961 chi#3=a:('1', '0', '0', '0'),b:('-1', '0', '0', '0'),c:('1', '0', '0', '0') h1=1 m=1 psi=a:('-1', '0', '0', '0'),b:('1', '0', '0', '0'),c:('0', '0', '-1', '0'): I(V) = 0   I(V^ss) = 0
==> s961 chi#3=a:('1', '0', '0', '0'),b:('-1', '0', '0', '0'),c:('1', '0', '0', '0') h1=1 m=1 psi=a:('-1', '0', '0', '0'),b:('1', '0', '0', '0'),c:('1', '0', '-1', '0'): I(V) = 0   I(V^ss) = 0
==> s961 chi#3=a:('1', '0', '0', '0'),b:('-1', '0', '0', '0'),c:('1', '0', '0', '0') h1=1 m=1 psi=a:('-1', '0', '0', '0'),b:('-1', '0', '0', '0'),c:('1', '0', '0', '0'): I(V) = 0   I(V^ss) = 0
==> s961 chi#3=a:('1', '0', '0', '0'),b:('-1', '0', '0', '0'),c:('1', '0', '0', '0') h1=1 m=1 psi=a:('-1', '0', '0', '0'),b:('-1', '0', '0', '0'),c:('0', '0', '1', '0'): I(V) = 0   I(V^ss) = 0
==> s961 chi#3=a:('1', '0', '0', '0'),b:('-1', '0', '0', '0'),c:('1', '0', '0', '0') h1=1 m=1 psi=a:('-1', '0', '0', '0'),b:('-1', '0', '0', '0'),c:('-1', '0', '1', '0'): I(V) = 0   I(V^ss) = 0
==> s961 chi#3=a:('1', '0', '0', '0'),b:('-1', '0', '0', '0'),c:('1', '0', '0', '0') h1=1 m=1 psi=a:('-1', '0', '0', '0'),b:('-1', '0', '0', '0'),c:('-1', '0', '0', '0'): I(V) = 0   I(V^ss) = 0
==> s961 chi#3=a:('1', '0', '0', '0'),b:('-1', '0', '0', '0'),c:('1', '0', '0', '0') h1=1 m=1 psi=a:('-1', '0', '0', '0'),b:('-1', '0', '0', '0'),c:('0', '0', '-1', '0'): I(V) = 0   I(V^ss) = 0
==> s961 chi#3=a:('1', '0', '0', '0'),b:('-1', '0', '0', '0'),c:('1', '0', '0', '0') h1=1 m=1 psi=a:('-1', '0', '0', '0'),b:('-1', '0', '0', '0'),c:('1', '0', '-1', '0'): I(V) = 0   I(V^ss) = 0
==> s961 chi#3=a:('1', '0', '0', '0'),b:('-1', '0', '0', '0'),c:('1', '0', '0', '0') h1=1 m=1 psi=chi^1: I(V) = 0   I(V^ss) = 0
==> s961 chi#3=a:('1', '0', '0', '0'),b:('-1', '0', '0', '0'),c:('1', '0', '0', '0') h1=1 m=1 psi=chi^2: I(V) = 0   I(V^ss) = 0
==> s961 chi#3=a:('1', '0', '0', '0'),b:('-1', '0', '0', '0'),c:('1', '0', '0', '0') h1=1 m=1 psi=chi^3: I(V) = 0   I(V^ss) = 0
==> s961 chi#3=a:('1', '0', '0', '0'),b:('-1', '0', '0', '0'),c:('1', '0', '0', '0') h1=1 m=2 psi=a:('1', '0', '0', '0'),b:('1', '0', '0', '0'),c:('1', '0', '0', '0'): I(V) = 0   I(V^ss) = 0
==> s961 chi#3=a:('1', '0', '0', '0'),b:('-1', '0', '0', '0'),c:('1', '0', '0', '0') h1=1 m=2 psi=a:('1', '0', '0', '0'),b:('1', '0', '0', '0'),c:('0', '0', '1', '0'): I(V) = 0   I(V^ss) = 0
==> s961 chi#3=a:('1', '0', '0', '0'),b:('-1', '0', '0', '0'),c:('1', '0', '0', '0') h1=1 m=2 psi=a:('1', '0', '0', '0'),b:('1', '0', '0', '0'),c:('-1', '0', '1', '0'): I(V) = 0   I(V^ss) = 0
==> s961 chi#3=a:('1', '0', '0', '0'),b:('-1', '0', '0', '0'),c:('1', '0', '0', '0') h1=1 m=2 psi=a:('1', '0', '0', '0'),b:('1', '0', '0', '0'),c:('-1', '0', '0', '0'): I(V) = 0   I(V^ss) = 0
==> s961 chi#3=a:('1', '0', '0', '0'),b:('-1', '0', '0', '0'),c:('1', '0', '0', '0') h1=1 m=2 psi=a:('1', '0', '0', '0'),b:('1', '0', '0', '0'),c:('0', '0', '-1', '0'): I(V) = 0   I(V^ss) = 0
==> s961 chi#3=a:('1', '0', '0', '0'),b:('-1', '0', '0', '0'),c:('1', '0', '0', '0') h1=1 m=2 psi=a:('1', '0', '0', '0'),b:('1', '0', '0', '0'),c:('1', '0', '-1', '0'): I(V) = 0   I(V^ss) = 0
==> s961 chi#3=a:('1', '0', '0', '0'),b:('-1', '0', '0', '0'),c:('1', '0', '0', '0') h1=1 m=2 psi=a:('1', '0', '0', '0'),b:('-1', '0', '0', '0'),c:('1', '0', '0', '0'): I(V) = 0   I(V^ss) = 0
==> s961 chi#3=a:('1', '0', '0', '0'),b:('-1', '0', '0', '0'),c:('1', '0', '0', '0') h1=1 m=2 psi=a:('1', '0', '0', '0'),b:('-1', '0', '0', '0'),c:('0', '0', '1', '0'): I(V) = 0   I(V^ss) = 0
==> s961 chi#3=a:('1', '0', '0', '0'),b:('-1', '0', '0', '0'),c:('1', '0', '0', '0') h1=1 m=2 psi=a:('1', '0', '0', '0'),b:('-1', '0', '0', '0'),c:('-1', '0', '1', '0'): I(V) = 0   I(V^ss) = 0
==> s961 chi#3=a:('1', '0', '0', '0'),b:('-1', '0', '0', '0'),c:('1', '0', '0', '0') h1=1 m=2 psi=a:('1', '0', '0', '0'),b:('-1', '0', '0', '0'),c:('-1', '0', '0', '0'): I(V) = 0   I(V^ss) = 0
==> s961 chi#3=a:('1', '0', '0', '0'),b:('-1', '0', '0', '0'),c:('1', '0', '0', '0') h1=1 m=2 psi=a:('1', '0', '0', '0'),b:('-1', '0', '0', '0'),c:('0', '0', '-1', '0'): I(V) = 0   I(V^ss) = 0
==> s961 chi#3=a:('1', '0', '0', '0'),b:('-1', '0', '0', '0'),c:('1', '0', '0', '0') h1=1 m=2 psi=a:('1', '0', '0', '0'),b:('-1', '0', '0', '0'),c:('1', '0', '-1', '0'): I(V) = 0   I(V^ss) = 0
==> s961 chi#3=a:('1', '0', '0', '0'),b:('-1', '0', '0', '0'),c:('1', '0', '0', '0') h1=1 m=2 psi=a:('-1', '0', '0', '0'),b:('1', '0', '0', '0'),c:('1', '0', '0', '0'): I(V) = 0   I(V^ss) = 0
==> s961 chi#3=a:('1', '0', '0', '0'),b:('-1', '0', '0', '0'),c:('1', '0', '0', '0') h1=1 m=2 psi=a:('-1', '0', '0', '0'),b:('1', '0', '0', '0'),c:('0', '0', '1', '0'): I(V) = 0   I(V^ss) = 0
==> s961 chi#3=a:('1', '0', '0', '0'),b:('-1', '0', '0', '0'),c:('1', '0', '0', '0') h1=1 m=2 psi=a:('-1', '0', '0', '0'),b:('1', '0', '0', '0'),c:('-1', '0', '1', '0'): I(V) = 0   I(V^ss) = 0
==> s961 chi#3=a:('1', '0', '0', '0'),b:('-1', '0', '0', '0'),c:('1', '0', '0', '0') h1=1 m=2 psi=a:('-1', '0', '0', '0'),b:('1', '0', '0', '0'),c:('-1', '0', '0', '0'): I(V) = 0   I(V^ss) = 0
==> s961 chi#3=a:('1', '0', '0', '0'),b:('-1', '0', '0', '0'),c:('1', '0', '0', '0') h1=1 m=2 psi=a:('-1', '0', '0', '0'),b:('1', '0', '0', '0'),c:('0', '0', '-1', '0'): I(V) = 0   I(V^ss) = 0
==> s961 chi#3=a:('1', '0', '0', '0'),b:('-1', '0', '0', '0'),c:('1', '0', '0', '0') h1=1 m=2 psi=a:('-1', '0', '0', '0'),b:('1', '0', '0', '0'),c:('1', '0', '-1', '0'): I(V) = 0   I(V^ss) = 0
==> s961 chi#3=a:('1', '0', '0', '0'),b:('-1', '0', '0', '0'),c:('1', '0', '0', '0') h1=1 m=2 psi=a:('-1', '0', '0', '0'),b:('-1', '0', '0', '0'),c:('1', '0', '0', '0'): I(V) = 0   I(V^ss) = 0
==> s961 chi#3=a:('1', '0', '0', '0'),b:('-1', '0', '0', '0'),c:('1', '0', '0', '0') h1=1 m=2 psi=a:('-1', '0', '0', '0'),b:('-1', '0', '0', '0'),c:('0', '0', '1', '0'): I(V) = 0   I(V^ss) = 0
==> s961 chi#3=a:('1', '0', '0', '0'),b:('-1', '0', '0', '0'),c:('1', '0', '0', '0') h1=1 m=2 psi=a:('-1', '0', '0', '0'),b:('-1', '0', '0', '0'),c:('-1', '0', '1', '0'): I(V) = 0   I(V^ss) = 0
==> s961 chi#3=a:('1', '0', '0', '0'),b:('-1', '0', '0', '0'),c:('1', '0', '0', '0') h1=1 m=2 psi=a:('-1', '0', '0', '0'),b:('-1', '0', '0', '0'),c:('-1', '0', '0', '0'): I(V) = 0   I(V^ss) = 0
==> s961 chi#3=a:('1', '0', '0', '0'),b:('-1', '0', '0', '0'),c:('1', '0', '0', '0') h1=1 m=2 psi=a:('-1', '0', '0', '0'),b:('-1', '0', '0', '0'),c:('0', '0', '-1', '0'): I(V) = 0   I(V^ss) = 0
==> s961 chi#3=a:('1', '0', '0', '0'),b:('-1', '0', '0', '0'),c:('1', '0', '0', '0') h1=1 m=2 psi=a:('-1', '0', '0', '0'),b:('-1', '0', '0', '0'),c:('1', '0', '-1', '0'): I(V) = 0   I(V^ss) = 0
==> s961 chi#3=a:('1', '0', '0', '0'),b:('-1', '0', '0', '0'),c:('1', '0', '0', '0') h1=1 m=2 psi=chi^1: I(V) = 0   I(V^ss) = 0
==> s961 chi#3=a:('1', '0', '0', '0'),b:('-1', '0', '0', '0'),c:('1', '0', '0', '0') h1=1 m=2 psi=chi^2: I(V) = 0   I(V^ss) = 0
==> s961 chi#3=a:('1', '0', '0', '0'),b:('-1', '0', '0', '0'),c:('1', '0', '0', '0') h1=1 m=2 psi=chi^3: I(V) = 0   I(V^ss) = 0
==> s961 chi#3=a:('1', '0', '0', '0'),b:('-1', '0', '0', '0'),c:('1', '0', '0', '0') h1=1 m=3 psi=a:('1', '0', '0', '0'),b:('1', '0', '0', '0'),c:('1', '0', '0', '0'): I(V) = 0   I(V^ss) = 0
==> s961 chi#3=a:('1', '0', '0', '0'),b:('-1', '0', '0', '0'),c:('1', '0', '0', '0') h1=1 m=3 psi=a:('1', '0', '0', '0'),b:('1', '0', '0', '0'),c:('0', '0', '1', '0'): I(V) = 0   I(V^ss) = 0
==> s961 chi#3=a:('1', '0', '0', '0'),b:('-1', '0', '0', '0'),c:('1', '0', '0', '0') h1=1 m=3 psi=a:('1', '0', '0', '0'),b:('1', '0', '0', '0'),c:('-1', '0', '1', '0'): I(V) = 0   I(V^ss) = 0
==> s961 chi#3=a:('1', '0', '0', '0'),b:('-1', '0', '0', '0'),c:('1', '0', '0', '0') h1=1 m=3 psi=a:('1', '0', '0', '0'),b:('1', '0', '0', '0'),c:('-1', '0', '0', '0'): I(V) = 0   I(V^ss) = 0
==> s961 chi#3=a:('1', '0', '0', '0'),b:('-1', '0', '0', '0'),c:('1', '0', '0', '0') h1=1 m=3 psi=a:('1', '0', '0', '0'),b:('1', '0', '0', '0'),c:('0', '0', '-1', '0'): I(V) = 0   I(V^ss) = 0
==> s961 chi#3=a:('1', '0', '0', '0'),b:('-1', '0', '0', '0'),c:('1', '0', '0', '0') h1=1 m=3 psi=a:('1', '0', '0', '0'),b:('1', '0', '0', '0'),c:('1', '0', '-1', '0'): I(V) = 0   I(V^ss) = 0
==> s961 chi#3=a:('1', '0', '0', '0'),b:('-1', '0', '0', '0'),c:('1', '0', '0', '0') h1=1 m=3 psi=a:('1', '0', '0', '0'),b:('-1', '0', '0', '0'),c:('1', '0', '0', '0'): I(V) = 0   I(V^ss) = 0
==> s961 chi#3=a:('1', '0', '0', '0'),b:('-1', '0', '0', '0'),c:('1', '0', '0', '0') h1=1 m=3 psi=a:('1', '0', '0', '0'),b:('-1', '0', '0', '0'),c:('0', '0', '1', '0'): I(V) = 0   I(V^ss) = 0
==> s961 chi#3=a:('1', '0', '0', '0'),b:('-1', '0', '0', '0'),c:('1', '0', '0', '0') h1=1 m=3 psi=a:('1', '0', '0', '0'),b:('-1', '0', '0', '0'),c:('-1', '0', '1', '0'): I(V) = 0   I(V^ss) = 0
==> s961 chi#3=a:('1', '0', '0', '0'),b:('-1', '0', '0', '0'),c:('1', '0', '0', '0') h1=1 m=3 psi=a:('1', '0', '0', '0'),b:('-1', '0', '0', '0'),c:('-1', '0', '0', '0'): I(V) = 0   I(V^ss) = 0
==> s961 chi#3=a:('1', '0', '0', '0'),b:('-1', '0', '0', '0'),c:('1', '0', '0', '0') h1=1 m=3 psi=a:('1', '0', '0', '0'),b:('-1', '0', '0', '0'),c:('0', '0', '-1', '0'): I(V) = 0   I(V^ss) = 0
==> s961 chi#3=a:('1', '0', '0', '0'),b:('-1', '0', '0', '0'),c:('1', '0', '0', '0') h1=1 m=3 psi=a:('1', '0', '0', '0'),b:('-1', '0', '0', '0'),c:('1', '0', '-1', '0'): I(V) = 0   I(V^ss) = 0
==> s961 chi#3=a:('1', '0', '0', '0'),b:('-1', '0', '0', '0'),c:('1', '0', '0', '0') h1=1 m=3 psi=a:('-1', '0', '0', '0'),b:('1', '0', '0', '0'),c:('1', '0', '0', '0'): I(V) = 0   I(V^ss) = 0
==> s961 chi#3=a:('1', '0', '0', '0'),b:('-1', '0', '0', '0'),c:('1', '0', '0', '0') h1=1 m=3 psi=a:('-1', '0', '0', '0'),b:('1', '0', '0', '0'),c:('0', '0', '1', '0'): I(V) = 0   I(V^ss) = 0
==> s961 chi#3=a:('1', '0', '0', '0'),b:('-1', '0', '0', '0'),c:('1', '0', '0', '0') h1=1 m=3 psi=a:('-1', '0', '0', '0'),b:('1', '0', '0', '0'),c:('-1', '0', '1', '0'): I(V) = 0   I(V^ss) = 0
==> s961 chi#3=a:('1', '0', '0', '0'),b:('-1', '0', '0', '0'),c:('1', '0', '0', '0') h1=1 m=3 psi=a:('-1', '0', '0', '0'),b:('1', '0', '0', '0'),c:('-1', '0', '0', '0'): I(V) = 0   I(V^ss) = 0
==> s961 chi#3=a:('1', '0', '0', '0'),b:('-1', '0', '0', '0'),c:('1', '0', '0', '0') h1=1 m=3 psi=a:('-1', '0', '0', '0'),b:('1', '0', '0', '0'),c:('0', '0', '-1', '0'): I(V) = 0   I(V^ss) = 0
==> s961 chi#3=a:('1', '0', '0', '0'),b:('-1', '0', '0', '0'),c:('1', '0', '0', '0') h1=1 m=3 psi=a:('-1', '0', '0', '0'),b:('1', '0', '0', '0'),c:('1', '0', '-1', '0'): I(V) = 0   I(V^ss) = 0
==> s961 chi#3=a:('1', '0', '0', '0'),b:('-1', '0', '0', '0'),c:('1', '0', '0', '0') h1=1 m=3 psi=a:('-1', '0', '0', '0'),b:('-1', '0', '0', '0'),c:('1', '0', '0', '0'): I(V) = 0   I(V^ss) = 0
==> s961 chi#3=a:('1', '0', '0', '0'),b:('-1', '0', '0', '0'),c:('1', '0', '0', '0') h1=1 m=3 psi=a:('-1', '0', '0', '0'),b:('-1', '0', '0', '0'),c:('0', '0', '1', '0'): I(V) = 0   I(V^ss) = 0
==> s961 chi#3=a:('1', '0', '0', '0'),b:('-1', '0', '0', '0'),c:('1', '0', '0', '0') h1=1 m=3 psi=a:('-1', '0', '0', '0'),b:('-1', '0', '0', '0'),c:('-1', '0', '1', '0'): I(V) = 0   I(V^ss) = 0
==> s961 chi#3=a:('1', '0', '0', '0'),b:('-1', '0', '0', '0'),c:('1', '0', '0', '0') h1=1 m=3 psi=a:('-1', '0', '0', '0'),b:('-1', '0', '0', '0'),c:('-1', '0', '0', '0'): I(V) = 0   I(V^ss) = 0
==> s961 chi#3=a:('1', '0', '0', '0'),b:('-1', '0', '0', '0'),c:('1', '0', '0', '0') h1=1 m=3 psi=a:('-1', '0', '0', '0'),b:('-1', '0', '0', '0'),c:('0', '0', '-1', '0'): I(V) = 0   I(V^ss) = 0
==> s961 chi#3=a:('1', '0', '0', '0'),b:('-1', '0', '0', '0'),c:('1', '0', '0', '0') h1=1 m=3 psi=a:('-1', '0', '0', '0'),b:('-1', '0', '0', '0'),c:('1', '0', '-1', '0'): I(V) = 0   I(V^ss) = 0
==> s961 chi#3=a:('1', '0', '0', '0'),b:('-1', '0', '0', '0'),c:('1', '0', '0', '0') h1=1 m=3 psi=chi^1: I(V) = 0   I(V^ss) = 0
==> s961 chi#3=a:('1', '0', '0', '0'),b:('-1', '0', '0', '0'),c:('1', '0', '0', '0') h1=1 m=3 psi=chi^2: I(V) = 0   I(V^ss) = 0
==> s961 chi#3=a:('1', '0', '0', '0'),b:('-1', '0', '0', '0'),c:('1', '0', '0', '0') h1=1 m=3 psi=chi^3: I(V) = 0   I(V^ss) = 0
  locus chi#4=a:('1', '0', '0', '0'),b:('-1', '0', '0', '0'),c:('-1', '0', '0', '0') h1=1
==> s961 chi#4=a:('1', '0', '0', '0'),b:('-1', '0', '0', '0'),c:('-1', '0', '0', '0') h1=1 m=1 psi=a:('1', '0', '0', '0'),b:('1', '0', '0', '0'),c:('1', '0', '0', '0'): I(V) = 0   I(V^ss) = 0
==> s961 chi#4=a:('1', '0', '0', '0'),b:('-1', '0', '0', '0'),c:('-1', '0', '0', '0') h1=1 m=1 psi=a:('1', '0', '0', '0'),b:('1', '0', '0', '0'),c:('0', '0', '1', '0'): I(V) = 0   I(V^ss) = 0
==> s961 chi#4=a:('1', '0', '0', '0'),b:('-1', '0', '0', '0'),c:('-1', '0', '0', '0') h1=1 m=1 psi=a:('1', '0', '0', '0'),b:('1', '0', '0', '0'),c:('-1', '0', '1', '0'): I(V) = 0   I(V^ss) = 0
==> s961 chi#4=a:('1', '0', '0', '0'),b:('-1', '0', '0', '0'),c:('-1', '0', '0', '0') h1=1 m=1 psi=a:('1', '0', '0', '0'),b:('1', '0', '0', '0'),c:('-1', '0', '0', '0'): I(V) = 0   I(V^ss) = 0
==> s961 chi#4=a:('1', '0', '0', '0'),b:('-1', '0', '0', '0'),c:('-1', '0', '0', '0') h1=1 m=1 psi=a:('1', '0', '0', '0'),b:('1', '0', '0', '0'),c:('0', '0', '-1', '0'): I(V) = 0   I(V^ss) = 0
==> s961 chi#4=a:('1', '0', '0', '0'),b:('-1', '0', '0', '0'),c:('-1', '0', '0', '0') h1=1 m=1 psi=a:('1', '0', '0', '0'),b:('1', '0', '0', '0'),c:('1', '0', '-1', '0'): I(V) = 0   I(V^ss) = 0
==> s961 chi#4=a:('1', '0', '0', '0'),b:('-1', '0', '0', '0'),c:('-1', '0', '0', '0') h1=1 m=1 psi=a:('1', '0', '0', '0'),b:('-1', '0', '0', '0'),c:('1', '0', '0', '0'): I(V) = 0   I(V^ss) = 0
==> s961 chi#4=a:('1', '0', '0', '0'),b:('-1', '0', '0', '0'),c:('-1', '0', '0', '0') h1=1 m=1 psi=a:('1', '0', '0', '0'),b:('-1', '0', '0', '0'),c:('0', '0', '1', '0'): I(V) = 0   I(V^ss) = 0
==> s961 chi#4=a:('1', '0', '0', '0'),b:('-1', '0', '0', '0'),c:('-1', '0', '0', '0') h1=1 m=1 psi=a:('1', '0', '0', '0'),b:('-1', '0', '0', '0'),c:('-1', '0', '1', '0'): I(V) = 0   I(V^ss) = 0
==> s961 chi#4=a:('1', '0', '0', '0'),b:('-1', '0', '0', '0'),c:('-1', '0', '0', '0') h1=1 m=1 psi=a:('1', '0', '0', '0'),b:('-1', '0', '0', '0'),c:('-1', '0', '0', '0'): I(V) = 0   I(V^ss) = 0
==> s961 chi#4=a:('1', '0', '0', '0'),b:('-1', '0', '0', '0'),c:('-1', '0', '0', '0') h1=1 m=1 psi=a:('1', '0', '0', '0'),b:('-1', '0', '0', '0'),c:('0', '0', '-1', '0'): I(V) = 0   I(V^ss) = 0
==> s961 chi#4=a:('1', '0', '0', '0'),b:('-1', '0', '0', '0'),c:('-1', '0', '0', '0') h1=1 m=1 psi=a:('1', '0', '0', '0'),b:('-1', '0', '0', '0'),c:('1', '0', '-1', '0'): I(V) = 0   I(V^ss) = 0
==> s961 chi#4=a:('1', '0', '0', '0'),b:('-1', '0', '0', '0'),c:('-1', '0', '0', '0') h1=1 m=1 psi=a:('-1', '0', '0', '0'),b:('1', '0', '0', '0'),c:('1', '0', '0', '0'): I(V) = 0   I(V^ss) = 0
==> s961 chi#4=a:('1', '0', '0', '0'),b:('-1', '0', '0', '0'),c:('-1', '0', '0', '0') h1=1 m=1 psi=a:('-1', '0', '0', '0'),b:('1', '0', '0', '0'),c:('0', '0', '1', '0'): I(V) = 0   I(V^ss) = 0
==> s961 chi#4=a:('1', '0', '0', '0'),b:('-1', '0', '0', '0'),c:('-1', '0', '0', '0') h1=1 m=1 psi=a:('-1', '0', '0', '0'),b:('1', '0', '0', '0'),c:('-1', '0', '1', '0'): I(V) = 0   I(V^ss) = 0
==> s961 chi#4=a:('1', '0', '0', '0'),b:('-1', '0', '0', '0'),c:('-1', '0', '0', '0') h1=1 m=1 psi=a:('-1', '0', '0', '0'),b:('1', '0', '0', '0'),c:('-1', '0', '0', '0'): I(V) = 0   I(V^ss) = 0
==> s961 chi#4=a:('1', '0', '0', '0'),b:('-1', '0', '0', '0'),c:('-1', '0', '0', '0') h1=1 m=1 psi=a:('-1', '0', '0', '0'),b:('1', '0', '0', '0'),c:('0', '0', '-1', '0'): I(V) = 0   I(V^ss) = 0
==> s961 chi#4=a:('1', '0', '0', '0'),b:('-1', '0', '0', '0'),c:('-1', '0', '0', '0') h1=1 m=1 psi=a:('-1', '0', '0', '0'),b:('1', '0', '0', '0'),c:('1', '0', '-1', '0'): I(V) = 0   I(V^ss) = 0
==> s961 chi#4=a:('1', '0', '0', '0'),b:('-1', '0', '0', '0'),c:('-1', '0', '0', '0') h1=1 m=1 psi=a:('-1', '0', '0', '0'),b:('-1', '0', '0', '0'),c:('1', '0', '0', '0'): I(V) = 0   I(V^ss) = 0
==> s961 chi#4=a:('1', '0', '0', '0'),b:('-1', '0', '0', '0'),c:('-1', '0', '0', '0') h1=1 m=1 psi=a:('-1', '0', '0', '0'),b:('-1', '0', '0', '0'),c:('0', '0', '1', '0'): I(V) = 0   I(V^ss) = 0
==> s961 chi#4=a:('1', '0', '0', '0'),b:('-1', '0', '0', '0'),c:('-1', '0', '0', '0') h1=1 m=1 psi=a:('-1', '0', '0', '0'),b:('-1', '0', '0', '0'),c:('-1', '0', '1', '0'): I(V) = 0   I(V^ss) = 0
==> s961 chi#4=a:('1', '0', '0', '0'),b:('-1', '0', '0', '0'),c:('-1', '0', '0', '0') h1=1 m=1 psi=a:('-1', '0', '0', '0'),b:('-1', '0', '0', '0'),c:('-1', '0', '0', '0'): I(V) = 0   I(V^ss) = 0
==> s961 chi#4=a:('1', '0', '0', '0'),b:('-1', '0', '0', '0'),c:('-1', '0', '0', '0') h1=1 m=1 psi=a:('-1', '0', '0', '0'),b:('-1', '0', '0', '0'),c:('0', '0', '-1', '0'): I(V) = 0   I(V^ss) = 0
==> s961 chi#4=a:('1', '0', '0', '0'),b:('-1', '0', '0', '0'),c:('-1', '0', '0', '0') h1=1 m=1 psi=a:('-1', '0', '0', '0'),b:('-1', '0', '0', '0'),c:('1', '0', '-1', '0'): I(V) = 0   I(V^ss) = 0
==> s961 chi#4=a:('1', '0', '0', '0'),b:('-1', '0', '0', '0'),c:('-1', '0', '0', '0') h1=1 m=1 psi=chi^1: I(V) = 0   I(V^ss) = 0
==> s961 chi#4=a:('1', '0', '0', '0'),b:('-1', '0', '0', '0'),c:('-1', '0', '0', '0') h1=1 m=1 psi=chi^2: I(V) = 0   I(V^ss) = 0
==> s961 chi#4=a:('1', '0', '0', '0'),b:('-1', '0', '0', '0'),c:('-1', '0', '0', '0') h1=1 m=1 psi=chi^3: I(V) = 0   I(V^ss) = 0
==> s961 chi#4=a:('1', '0', '0', '0'),b:('-1', '0', '0', '0'),c:('-1', '0', '0', '0') h1=1 m=2 psi=a:('1', '0', '0', '0'),b:('1', '0', '0', '0'),c:('1', '0', '0', '0'): I(V) = 0   I(V^ss) = 0
==> s961 chi#4=a:('1', '0', '0', '0'),b:('-1', '0', '0', '0'),c:('-1', '0', '0', '0') h1=1 m=2 psi=a:('1', '0', '0', '0'),b:('1', '0', '0', '0'),c:('0', '0', '1', '0'): I(V) = 0   I(V^ss) = 0
==> s961 chi#4=a:('1', '0', '0', '0'),b:('-1', '0', '0', '0'),c:('-1', '0', '0', '0') h1=1 m=2 psi=a:('1', '0', '0', '0'),b:('1', '0', '0', '0'),c:('-1', '0', '1', '0'): I(V) = 0   I(V^ss) = 0
==> s961 chi#4=a:('1', '0', '0', '0'),b:('-1', '0', '0', '0'),c:('-1', '0', '0', '0') h1=1 m=2 psi=a:('1', '0', '0', '0'),b:('1', '0', '0', '0'),c:('-1', '0', '0', '0'): I(V) = 0   I(V^ss) = 0
==> s961 chi#4=a:('1', '0', '0', '0'),b:('-1', '0', '0', '0'),c:('-1', '0', '0', '0') h1=1 m=2 psi=a:('1', '0', '0', '0'),b:('1', '0', '0', '0'),c:('0', '0', '-1', '0'): I(V) = 0   I(V^ss) = 0
==> s961 chi#4=a:('1', '0', '0', '0'),b:('-1', '0', '0', '0'),c:('-1', '0', '0', '0') h1=1 m=2 psi=a:('1', '0', '0', '0'),b:('1', '0', '0', '0'),c:('1', '0', '-1', '0'): I(V) = 0   I(V^ss) = 0
==> s961 chi#4=a:('1', '0', '0', '0'),b:('-1', '0', '0', '0'),c:('-1', '0', '0', '0') h1=1 m=2 psi=a:('1', '0', '0', '0'),b:('-1', '0', '0', '0'),c:('1', '0', '0', '0'): I(V) = 0   I(V^ss) = 0
==> s961 chi#4=a:('1', '0', '0', '0'),b:('-1', '0', '0', '0'),c:('-1', '0', '0', '0') h1=1 m=2 psi=a:('1', '0', '0', '0'),b:('-1', '0', '0', '0'),c:('0', '0', '1', '0'): I(V) = 0   I(V^ss) = 0
==> s961 chi#4=a:('1', '0', '0', '0'),b:('-1', '0', '0', '0'),c:('-1', '0', '0', '0') h1=1 m=2 psi=a:('1', '0', '0', '0'),b:('-1', '0', '0', '0'),c:('-1', '0', '1', '0'): I(V) = 0   I(V^ss) = 0
==> s961 chi#4=a:('1', '0', '0', '0'),b:('-1', '0', '0', '0'),c:('-1', '0', '0', '0') h1=1 m=2 psi=a:('1', '0', '0', '0'),b:('-1', '0', '0', '0'),c:('-1', '0', '0', '0'): I(V) = 0   I(V^ss) = 0
==> s961 chi#4=a:('1', '0', '0', '0'),b:('-1', '0', '0', '0'),c:('-1', '0', '0', '0') h1=1 m=2 psi=a:('1', '0', '0', '0'),b:('-1', '0', '0', '0'),c:('0', '0', '-1', '0'): I(V) = 0   I(V^ss) = 0
==> s961 chi#4=a:('1', '0', '0', '0'),b:('-1', '0', '0', '0'),c:('-1', '0', '0', '0') h1=1 m=2 psi=a:('1', '0', '0', '0'),b:('-1', '0', '0', '0'),c:('1', '0', '-1', '0'): I(V) = 0   I(V^ss) = 0
==> s961 chi#4=a:('1', '0', '0', '0'),b:('-1', '0', '0', '0'),c:('-1', '0', '0', '0') h1=1 m=2 psi=a:('-1', '0', '0', '0'),b:('1', '0', '0', '0'),c:('1', '0', '0', '0'): I(V) = 0   I(V^ss) = 0
==> s961 chi#4=a:('1', '0', '0', '0'),b:('-1', '0', '0', '0'),c:('-1', '0', '0', '0') h1=1 m=2 psi=a:('-1', '0', '0', '0'),b:('1', '0', '0', '0'),c:('0', '0', '1', '0'): I(V) = 0   I(V^ss) = 0
==> s961 chi#4=a:('1', '0', '0', '0'),b:('-1', '0', '0', '0'),c:('-1', '0', '0', '0') h1=1 m=2 psi=a:('-1', '0', '0', '0'),b:('1', '0', '0', '0'),c:('-1', '0', '1', '0'): I(V) = 0   I(V^ss) = 0
==> s961 chi#4=a:('1', '0', '0', '0'),b:('-1', '0', '0', '0'),c:('-1', '0', '0', '0') h1=1 m=2 psi=a:('-1', '0', '0', '0'),b:('1', '0', '0', '0'),c:('-1', '0', '0', '0'): I(V) = 0   I(V^ss) = 0
==> s961 chi#4=a:('1', '0', '0', '0'),b:('-1', '0', '0', '0'),c:('-1', '0', '0', '0') h1=1 m=2 psi=a:('-1', '0', '0', '0'),b:('1', '0', '0', '0'),c:('0', '0', '-1', '0'): I(V) = 0   I(V^ss) = 0
==> s961 chi#4=a:('1', '0', '0', '0'),b:('-1', '0', '0', '0'),c:('-1', '0', '0', '0') h1=1 m=2 psi=a:('-1', '0', '0', '0'),b:('1', '0', '0', '0'),c:('1', '0', '-1', '0'): I(V) = 0   I(V^ss) = 0
==> s961 chi#4=a:('1', '0', '0', '0'),b:('-1', '0', '0', '0'),c:('-1', '0', '0', '0') h1=1 m=2 psi=a:('-1', '0', '0', '0'),b:('-1', '0', '0', '0'),c:('1', '0', '0', '0'): I(V) = 0   I(V^ss) = 0
==> s961 chi#4=a:('1', '0', '0', '0'),b:('-1', '0', '0', '0'),c:('-1', '0', '0', '0') h1=1 m=2 psi=a:('-1', '0', '0', '0'),b:('-1', '0', '0', '0'),c:('0', '0', '1', '0'): I(V) = 0   I(V^ss) = 0
==> s961 chi#4=a:('1', '0', '0', '0'),b:('-1', '0', '0', '0'),c:('-1', '0', '0', '0') h1=1 m=2 psi=a:('-1', '0', '0', '0'),b:('-1', '0', '0', '0'),c:('-1', '0', '1', '0'): I(V) = 0   I(V^ss) = 0
==> s961 chi#4=a:('1', '0', '0', '0'),b:('-1', '0', '0', '0'),c:('-1', '0', '0', '0') h1=1 m=2 psi=a:('-1', '0', '0', '0'),b:('-1', '0', '0', '0'),c:('-1', '0', '0', '0'): I(V) = 0   I(V^ss) = 0
==> s961 chi#4=a:('1', '0', '0', '0'),b:('-1', '0', '0', '0'),c:('-1', '0', '0', '0') h1=1 m=2 psi=a:('-1', '0', '0', '0'),b:('-1', '0', '0', '0'),c:('0', '0', '-1', '0'): I(V) = 0   I(V^ss) = 0
==> s961 chi#4=a:('1', '0', '0', '0'),b:('-1', '0', '0', '0'),c:('-1', '0', '0', '0') h1=1 m=2 psi=a:('-1', '0', '0', '0'),b:('-1', '0', '0', '0'),c:('1', '0', '-1', '0'): I(V) = 0   I(V^ss) = 0
==> s961 chi#4=a:('1', '0', '0', '0'),b:('-1', '0', '0', '0'),c:('-1', '0', '0', '0') h1=1 m=2 psi=chi^1: I(V) = 0   I(V^ss) = 0
==> s961 chi#4=a:('1', '0', '0', '0'),b:('-1', '0', '0', '0'),c:('-1', '0', '0', '0') h1=1 m=2 psi=chi^2: I(V) = 0   I(V^ss) = 0
==> s961 chi#4=a:('1', '0', '0', '0'),b:('-1', '0', '0', '0'),c:('-1', '0', '0', '0') h1=1 m=2 psi=chi^3: I(V) = 0   I(V^ss) = 0
==> s961 chi#4=a:('1', '0', '0', '0'),b:('-1', '0', '0', '0'),c:('-1', '0', '0', '0') h1=1 m=3 psi=a:('1', '0', '0', '0'),b:('1', '0', '0', '0'),c:('1', '0', '0', '0'): I(V) = 0   I(V^ss) = 0
==> s961 chi#4=a:('1', '0', '0', '0'),b:('-1', '0', '0', '0'),c:('-1', '0', '0', '0') h1=1 m=3 psi=a:('1', '0', '0', '0'),b:('1', '0', '0', '0'),c:('0', '0', '1', '0'): I(V) = 0   I(V^ss) = 0
==> s961 chi#4=a:('1', '0', '0', '0'),b:('-1', '0', '0', '0'),c:('-1', '0', '0', '0') h1=1 m=3 psi=a:('1', '0', '0', '0'),b:('1', '0', '0', '0'),c:('-1', '0', '1', '0'): I(V) = 0   I(V^ss) = 0
==> s961 chi#4=a:('1', '0', '0', '0'),b:('-1', '0', '0', '0'),c:('-1', '0', '0', '0') h1=1 m=3 psi=a:('1', '0', '0', '0'),b:('1', '0', '0', '0'),c:('-1', '0', '0', '0'): I(V) = 0   I(V^ss) = 0
==> s961 chi#4=a:('1', '0', '0', '0'),b:('-1', '0', '0', '0'),c:('-1', '0', '0', '0') h1=1 m=3 psi=a:('1', '0', '0', '0'),b:('1', '0', '0', '0'),c:('0', '0', '-1', '0'): I(V) = 0   I(V^ss) = 0
==> s961 chi#4=a:('1', '0', '0', '0'),b:('-1', '0', '0', '0'),c:('-1', '0', '0', '0') h1=1 m=3 psi=a:('1', '0', '0', '0'),b:('1', '0', '0', '0'),c:('1', '0', '-1', '0'): I(V) = 0   I(V^ss) = 0
==> s961 chi#4=a:('1', '0', '0', '0'),b:('-1', '0', '0', '0'),c:('-1', '0', '0', '0') h1=1 m=3 psi=a:('1', '0', '0', '0'),b:('-1', '0', '0', '0'),c:('1', '0', '0', '0'): I(V) = 0   I(V^ss) = 0
==> s961 chi#4=a:('1', '0', '0', '0'),b:('-1', '0', '0', '0'),c:('-1', '0', '0', '0') h1=1 m=3 psi=a:('1', '0', '0', '0'),b:('-1', '0', '0', '0'),c:('0', '0', '1', '0'): I(V) = 0   I(V^ss) = 0
==> s961 chi#4=a:('1', '0', '0', '0'),b:('-1', '0', '0', '0'),c:('-1', '0', '0', '0') h1=1 m=3 psi=a:('1', '0', '0', '0'),b:('-1', '0', '0', '0'),c:('-1', '0', '1', '0'): I(V) = 0   I(V^ss) = 0
==> s961 chi#4=a:('1', '0', '0', '0'),b:('-1', '0', '0', '0'),c:('-1', '0', '0', '0') h1=1 m=3 psi=a:('1', '0', '0', '0'),b:('-1', '0', '0', '0'),c:('-1', '0', '0', '0'): I(V) = 0   I(V^ss) = 0
==> s961 chi#4=a:('1', '0', '0', '0'),b:('-1', '0', '0', '0'),c:('-1', '0', '0', '0') h1=1 m=3 psi=a:('1', '0', '0', '0'),b:('-1', '0', '0', '0'),c:('0', '0', '-1', '0'): I(V) = 0   I(V^ss) = 0
==> s961 chi#4=a:('1', '0', '0', '0'),b:('-1', '0', '0', '0'),c:('-1', '0', '0', '0') h1=1 m=3 psi=a:('1', '0', '0', '0'),b:('-1', '0', '0', '0'),c:('1', '0', '-1', '0'): I(V) = 0   I(V^ss) = 0
==> s961 chi#4=a:('1', '0', '0', '0'),b:('-1', '0', '0', '0'),c:('-1', '0', '0', '0') h1=1 m=3 psi=a:('-1', '0', '0', '0'),b:('1', '0', '0', '0'),c:('1', '0', '0', '0'): I(V) = 0   I(V^ss) = 0
==> s961 chi#4=a:('1', '0', '0', '0'),b:('-1', '0', '0', '0'),c:('-1', '0', '0', '0') h1=1 m=3 psi=a:('-1', '0', '0', '0'),b:('1', '0', '0', '0'),c:('0', '0', '1', '0'): I(V) = 0   I(V^ss) = 0
==> s961 chi#4=a:('1', '0', '0', '0'),b:('-1', '0', '0', '0'),c:('-1', '0', '0', '0') h1=1 m=3 psi=a:('-1', '0', '0', '0'),b:('1', '0', '0', '0'),c:('-1', '0', '1', '0'): I(V) = 0   I(V^ss) = 0
==> s961 chi#4=a:('1', '0', '0', '0'),b:('-1', '0', '0', '0'),c:('-1', '0', '0', '0') h1=1 m=3 psi=a:('-1', '0', '0', '0'),b:('1', '0', '0', '0'),c:('-1', '0', '0', '0'): I(V) = 0   I(V^ss) = 0
==> s961 chi#4=a:('1', '0', '0', '0'),b:('-1', '0', '0', '0'),c:('-1', '0', '0', '0') h1=1 m=3 psi=a:('-1', '0', '0', '0'),b:('1', '0', '0', '0'),c:('0', '0', '-1', '0'): I(V) = 0   I(V^ss) = 0
==> s961 chi#4=a:('1', '0', '0', '0'),b:('-1', '0', '0', '0'),c:('-1', '0', '0', '0') h1=1 m=3 psi=a:('-1', '0', '0', '0'),b:('1', '0', '0', '0'),c:('1', '0', '-1', '0'): I(V) = 0   I(V^ss) = 0
==> s961 chi#4=a:('1', '0', '0', '0'),b:('-1', '0', '0', '0'),c:('-1', '0', '0', '0') h1=1 m=3 psi=a:('-1', '0', '0', '0'),b:('-1', '0', '0', '0'),c:('1', '0', '0', '0'): I(V) = 0   I(V^ss) = 0
==> s961 chi#4=a:('1', '0', '0', '0'),b:('-1', '0', '0', '0'),c:('-1', '0', '0', '0') h1=1 m=3 psi=a:('-1', '0', '0', '0'),b:('-1', '0', '0', '0'),c:('0', '0', '1', '0'): I(V) = 0   I(V^ss) = 0
==> s961 chi#4=a:('1', '0', '0', '0'),b:('-1', '0', '0', '0'),c:('-1', '0', '0', '0') h1=1 m=3 psi=a:('-1', '0', '0', '0'),b:('-1', '0', '0', '0'),c:('-1', '0', '1', '0'): I(V) = 0   I(V^ss) = 0
==> s961 chi#4=a:('1', '0', '0', '0'),b:('-1', '0', '0', '0'),c:('-1', '0', '0', '0') h1=1 m=3 psi=a:('-1', '0', '0', '0'),b:('-1', '0', '0', '0'),c:('-1', '0', '0', '0'): I(V) = 0   I(V^ss) = 0
==> s961 chi#4=a:('1', '0', '0', '0'),b:('-1', '0', '0', '0'),c:('-1', '0', '0', '0') h1=1 m=3 psi=a:('-1', '0', '0', '0'),b:('-1', '0', '0', '0'),c:('0', '0', '-1', '0'): I(V) = 0   I(V^ss) = 0
==> s961 chi#4=a:('1', '0', '0', '0'),b:('-1', '0', '0', '0'),c:('-1', '0', '0', '0') h1=1 m=3 psi=a:('-1', '0', '0', '0'),b:('-1', '0', '0', '0'),c:('1', '0', '-1', '0'): I(V) = 0   I(V^ss) = 0
==> s961 chi#4=a:('1', '0', '0', '0'),b:('-1', '0', '0', '0'),c:('-1', '0', '0', '0') h1=1 m=3 psi=chi^1: I(V) = 0   I(V^ss) = 0
==> s961 chi#4=a:('1', '0', '0', '0'),b:('-1', '0', '0', '0'),c:('-1', '0', '0', '0') h1=1 m=3 psi=chi^2: I(V) = 0   I(V^ss) = 0
==> s961 chi#4=a:('1', '0', '0', '0'),b:('-1', '0', '0', '0'),c:('-1', '0', '0', '0') h1=1 m=3 psi=chi^3: I(V) = 0   I(V^ss) = 0
  locus chi#5=a:('1', '0', '0', '0'),b:('0', '0', '0', '-1'),c:('0', '0', '0', '1') h1=1
==> s961 chi#5=a:('1', '0', '0', '0'),b:('0', '0', '0', '-1'),c:('0', '0', '0', '1') h1=1 m=1 psi=a:('1', '0', '0', '0'),b:('1', '0', '0', '0'),c:('1', '0', '0', '0'): I(V) = 0   I(V^ss) = 0
==> s961 chi#5=a:('1', '0', '0', '0'),b:('0', '0', '0', '-1'),c:('0', '0', '0', '1') h1=1 m=1 psi=a:('1', '0', '0', '0'),b:('1', '0', '0', '0'),c:('0', '0', '1', '0'): I(V) = 0   I(V^ss) = 0
==> s961 chi#5=a:('1', '0', '0', '0'),b:('0', '0', '0', '-1'),c:('0', '0', '0', '1') h1=1 m=1 psi=a:('1', '0', '0', '0'),b:('1', '0', '0', '0'),c:('-1', '0', '1', '0'): I(V) = 0   I(V^ss) = 0
==> s961 chi#5=a:('1', '0', '0', '0'),b:('0', '0', '0', '-1'),c:('0', '0', '0', '1') h1=1 m=1 psi=a:('1', '0', '0', '0'),b:('1', '0', '0', '0'),c:('-1', '0', '0', '0'): I(V) = 0   I(V^ss) = 0
==> s961 chi#5=a:('1', '0', '0', '0'),b:('0', '0', '0', '-1'),c:('0', '0', '0', '1') h1=1 m=1 psi=a:('1', '0', '0', '0'),b:('1', '0', '0', '0'),c:('0', '0', '-1', '0'): I(V) = 0   I(V^ss) = 0
==> s961 chi#5=a:('1', '0', '0', '0'),b:('0', '0', '0', '-1'),c:('0', '0', '0', '1') h1=1 m=1 psi=a:('1', '0', '0', '0'),b:('1', '0', '0', '0'),c:('1', '0', '-1', '0'): I(V) = 0   I(V^ss) = 0
==> s961 chi#5=a:('1', '0', '0', '0'),b:('0', '0', '0', '-1'),c:('0', '0', '0', '1') h1=1 m=1 psi=a:('1', '0', '0', '0'),b:('-1', '0', '0', '0'),c:('1', '0', '0', '0'): I(V) = 0   I(V^ss) = 0
==> s961 chi#5=a:('1', '0', '0', '0'),b:('0', '0', '0', '-1'),c:('0', '0', '0', '1') h1=1 m=1 psi=a:('1', '0', '0', '0'),b:('-1', '0', '0', '0'),c:('0', '0', '1', '0'): I(V) = 0   I(V^ss) = 0
==> s961 chi#5=a:('1', '0', '0', '0'),b:('0', '0', '0', '-1'),c:('0', '0', '0', '1') h1=1 m=1 psi=a:('1', '0', '0', '0'),b:('-1', '0', '0', '0'),c:('-1', '0', '1', '0'): I(V) = 0   I(V^ss) = 0
==> s961 chi#5=a:('1', '0', '0', '0'),b:('0', '0', '0', '-1'),c:('0', '0', '0', '1') h1=1 m=1 psi=a:('1', '0', '0', '0'),b:('-1', '0', '0', '0'),c:('-1', '0', '0', '0'): I(V) = 0   I(V^ss) = 0
==> s961 chi#5=a:('1', '0', '0', '0'),b:('0', '0', '0', '-1'),c:('0', '0', '0', '1') h1=1 m=1 psi=a:('1', '0', '0', '0'),b:('-1', '0', '0', '0'),c:('0', '0', '-1', '0'): I(V) = 0   I(V^ss) = 0
==> s961 chi#5=a:('1', '0', '0', '0'),b:('0', '0', '0', '-1'),c:('0', '0', '0', '1') h1=1 m=1 psi=a:('1', '0', '0', '0'),b:('-1', '0', '0', '0'),c:('1', '0', '-1', '0'): I(V) = 0   I(V^ss) = 0
==> s961 chi#5=a:('1', '0', '0', '0'),b:('0', '0', '0', '-1'),c:('0', '0', '0', '1') h1=1 m=1 psi=a:('-1', '0', '0', '0'),b:('1', '0', '0', '0'),c:('1', '0', '0', '0'): I(V) = 0   I(V^ss) = 0
==> s961 chi#5=a:('1', '0', '0', '0'),b:('0', '0', '0', '-1'),c:('0', '0', '0', '1') h1=1 m=1 psi=a:('-1', '0', '0', '0'),b:('1', '0', '0', '0'),c:('0', '0', '1', '0'): I(V) = 0   I(V^ss) = 0
==> s961 chi#5=a:('1', '0', '0', '0'),b:('0', '0', '0', '-1'),c:('0', '0', '0', '1') h1=1 m=1 psi=a:('-1', '0', '0', '0'),b:('1', '0', '0', '0'),c:('-1', '0', '1', '0'): I(V) = 0   I(V^ss) = 0
==> s961 chi#5=a:('1', '0', '0', '0'),b:('0', '0', '0', '-1'),c:('0', '0', '0', '1') h1=1 m=1 psi=a:('-1', '0', '0', '0'),b:('1', '0', '0', '0'),c:('-1', '0', '0', '0'): I(V) = 0   I(V^ss) = 0
==> s961 chi#5=a:('1', '0', '0', '0'),b:('0', '0', '0', '-1'),c:('0', '0', '0', '1') h1=1 m=1 psi=a:('-1', '0', '0', '0'),b:('1', '0', '0', '0'),c:('0', '0', '-1', '0'): I(V) = 0   I(V^ss) = 0
==> s961 chi#5=a:('1', '0', '0', '0'),b:('0', '0', '0', '-1'),c:('0', '0', '0', '1') h1=1 m=1 psi=a:('-1', '0', '0', '0'),b:('1', '0', '0', '0'),c:('1', '0', '-1', '0'): I(V) = 0   I(V^ss) = 0
==> s961 chi#5=a:('1', '0', '0', '0'),b:('0', '0', '0', '-1'),c:('0', '0', '0', '1') h1=1 m=1 psi=a:('-1', '0', '0', '0'),b:('-1', '0', '0', '0'),c:('1', '0', '0', '0'): I(V) = 0   I(V^ss) = 0
==> s961 chi#5=a:('1', '0', '0', '0'),b:('0', '0', '0', '-1'),c:('0', '0', '0', '1') h1=1 m=1 psi=a:('-1', '0', '0', '0'),b:('-1', '0', '0', '0'),c:('0', '0', '1', '0'): I(V) = 0   I(V^ss) = 0
==> s961 chi#5=a:('1', '0', '0', '0'),b:('0', '0', '0', '-1'),c:('0', '0', '0', '1') h1=1 m=1 psi=a:('-1', '0', '0', '0'),b:('-1', '0', '0', '0'),c:('-1', '0', '1', '0'): I(V) = 0   I(V^ss) = 0
==> s961 chi#5=a:('1', '0', '0', '0'),b:('0', '0', '0', '-1'),c:('0', '0', '0', '1') h1=1 m=1 psi=a:('-1', '0', '0', '0'),b:('-1', '0', '0', '0'),c:('-1', '0', '0', '0'): I(V) = 0   I(V^ss) = 0
==> s961 chi#5=a:('1', '0', '0', '0'),b:('0', '0', '0', '-1'),c:('0', '0', '0', '1') h1=1 m=1 psi=a:('-1', '0', '0', '0'),b:('-1', '0', '0', '0'),c:('0', '0', '-1', '0'): I(V) = 0   I(V^ss) = 0
==> s961 chi#5=a:('1', '0', '0', '0'),b:('0', '0', '0', '-1'),c:('0', '0', '0', '1') h1=1 m=1 psi=a:('-1', '0', '0', '0'),b:('-1', '0', '0', '0'),c:('1', '0', '-1', '0'): I(V) = 0   I(V^ss) = 0
==> s961 chi#5=a:('1', '0', '0', '0'),b:('0', '0', '0', '-1'),c:('0', '0', '0', '1') h1=1 m=1 psi=chi^1: I(V) = 0   I(V^ss) = 0
==> s961 chi#5=a:('1', '0', '0', '0'),b:('0', '0', '0', '-1'),c:('0', '0', '0', '1') h1=1 m=1 psi=chi^2: I(V) = 0   I(V^ss) = 0
==> s961 chi#5=a:('1', '0', '0', '0'),b:('0', '0', '0', '-1'),c:('0', '0', '0', '1') h1=1 m=1 psi=chi^3: I(V) = 0   I(V^ss) = 0
==> s961 chi#5=a:('1', '0', '0', '0'),b:('0', '0', '0', '-1'),c:('0', '0', '0', '1') h1=1 m=2 psi=a:('1', '0', '0', '0'),b:('1', '0', '0', '0'),c:('1', '0', '0', '0'): I(V) = 0   I(V^ss) = 0
==> s961 chi#5=a:('1', '0', '0', '0'),b:('0', '0', '0', '-1'),c:('0', '0', '0', '1') h1=1 m=2 psi=a:('1', '0', '0', '0'),b:('1', '0', '0', '0'),c:('0', '0', '1', '0'): I(V) = 0   I(V^ss) = 0
==> s961 chi#5=a:('1', '0', '0', '0'),b:('0', '0', '0', '-1'),c:('0', '0', '0', '1') h1=1 m=2 psi=a:('1', '0', '0', '0'),b:('1', '0', '0', '0'),c:('-1', '0', '1', '0'): I(V) = 0   I(V^ss) = 0
==> s961 chi#5=a:('1', '0', '0', '0'),b:('0', '0', '0', '-1'),c:('0', '0', '0', '1') h1=1 m=2 psi=a:('1', '0', '0', '0'),b:('1', '0', '0', '0'),c:('-1', '0', '0', '0'): I(V) = 0   I(V^ss) = 0
==> s961 chi#5=a:('1', '0', '0', '0'),b:('0', '0', '0', '-1'),c:('0', '0', '0', '1') h1=1 m=2 psi=a:('1', '0', '0', '0'),b:('1', '0', '0', '0'),c:('0', '0', '-1', '0'): I(V) = 0   I(V^ss) = 0
==> s961 chi#5=a:('1', '0', '0', '0'),b:('0', '0', '0', '-1'),c:('0', '0', '0', '1') h1=1 m=2 psi=a:('1', '0', '0', '0'),b:('1', '0', '0', '0'),c:('1', '0', '-1', '0'): I(V) = 0   I(V^ss) = 0
==> s961 chi#5=a:('1', '0', '0', '0'),b:('0', '0', '0', '-1'),c:('0', '0', '0', '1') h1=1 m=2 psi=a:('1', '0', '0', '0'),b:('-1', '0', '0', '0'),c:('1', '0', '0', '0'): I(V) = 0   I(V^ss) = 0
==> s961 chi#5=a:('1', '0', '0', '0'),b:('0', '0', '0', '-1'),c:('0', '0', '0', '1') h1=1 m=2 psi=a:('1', '0', '0', '0'),b:('-1', '0', '0', '0'),c:('0', '0', '1', '0'): I(V) = 0   I(V^ss) = 0
==> s961 chi#5=a:('1', '0', '0', '0'),b:('0', '0', '0', '-1'),c:('0', '0', '0', '1') h1=1 m=2 psi=a:('1', '0', '0', '0'),b:('-1', '0', '0', '0'),c:('-1', '0', '1', '0'): I(V) = 0   I(V^ss) = 0
==> s961 chi#5=a:('1', '0', '0', '0'),b:('0', '0', '0', '-1'),c:('0', '0', '0', '1') h1=1 m=2 psi=a:('1', '0', '0', '0'),b:('-1', '0', '0', '0'),c:('-1', '0', '0', '0'): I(V) = 0   I(V^ss) = 0
==> s961 chi#5=a:('1', '0', '0', '0'),b:('0', '0', '0', '-1'),c:('0', '0', '0', '1') h1=1 m=2 psi=a:('1', '0', '0', '0'),b:('-1', '0', '0', '0'),c:('0', '0', '-1', '0'): I(V) = 0   I(V^ss) = 0
==> s961 chi#5=a:('1', '0', '0', '0'),b:('0', '0', '0', '-1'),c:('0', '0', '0', '1') h1=1 m=2 psi=a:('1', '0', '0', '0'),b:('-1', '0', '0', '0'),c:('1', '0', '-1', '0'): I(V) = 0   I(V^ss) = 0
==> s961 chi#5=a:('1', '0', '0', '0'),b:('0', '0', '0', '-1'),c:('0', '0', '0', '1') h1=1 m=2 psi=a:('-1', '0', '0', '0'),b:('1', '0', '0', '0'),c:('1', '0', '0', '0'): I(V) = 0   I(V^ss) = 0
==> s961 chi#5=a:('1', '0', '0', '0'),b:('0', '0', '0', '-1'),c:('0', '0', '0', '1') h1=1 m=2 psi=a:('-1', '0', '0', '0'),b:('1', '0', '0', '0'),c:('0', '0', '1', '0'): I(V) = 0   I(V^ss) = 0
==> s961 chi#5=a:('1', '0', '0', '0'),b:('0', '0', '0', '-1'),c:('0', '0', '0', '1') h1=1 m=2 psi=a:('-1', '0', '0', '0'),b:('1', '0', '0', '0'),c:('-1', '0', '1', '0'): I(V) = 0   I(V^ss) = 0
==> s961 chi#5=a:('1', '0', '0', '0'),b:('0', '0', '0', '-1'),c:('0', '0', '0', '1') h1=1 m=2 psi=a:('-1', '0', '0', '0'),b:('1', '0', '0', '0'),c:('-1', '0', '0', '0'): I(V) = 0   I(V^ss) = 0
==> s961 chi#5=a:('1', '0', '0', '0'),b:('0', '0', '0', '-1'),c:('0', '0', '0', '1') h1=1 m=2 psi=a:('-1', '0', '0', '0'),b:('1', '0', '0', '0'),c:('0', '0', '-1', '0'): I(V) = 0   I(V^ss) = 0
==> s961 chi#5=a:('1', '0', '0', '0'),b:('0', '0', '0', '-1'),c:('0', '0', '0', '1') h1=1 m=2 psi=a:('-1', '0', '0', '0'),b:('1', '0', '0', '0'),c:('1', '0', '-1', '0'): I(V) = 0   I(V^ss) = 0
==> s961 chi#5=a:('1', '0', '0', '0'),b:('0', '0', '0', '-1'),c:('0', '0', '0', '1') h1=1 m=2 psi=a:('-1', '0', '0', '0'),b:('-1', '0', '0', '0'),c:('1', '0', '0', '0'): I(V) = 0   I(V^ss) = 0
==> s961 chi#5=a:('1', '0', '0', '0'),b:('0', '0', '0', '-1'),c:('0', '0', '0', '1') h1=1 m=2 psi=a:('-1', '0', '0', '0'),b:('-1', '0', '0', '0'),c:('0', '0', '1', '0'): I(V) = 0   I(V^ss) = 0
==> s961 chi#5=a:('1', '0', '0', '0'),b:('0', '0', '0', '-1'),c:('0', '0', '0', '1') h1=1 m=2 psi=a:('-1', '0', '0', '0'),b:('-1', '0', '0', '0'),c:('-1', '0', '1', '0'): I(V) = 0   I(V^ss) = 0
==> s961 chi#5=a:('1', '0', '0', '0'),b:('0', '0', '0', '-1'),c:('0', '0', '0', '1') h1=1 m=2 psi=a:('-1', '0', '0', '0'),b:('-1', '0', '0', '0'),c:('-1', '0', '0', '0'): I(V) = 0   I(V^ss) = 0
==> s961 chi#5=a:('1', '0', '0', '0'),b:('0', '0', '0', '-1'),c:('0', '0', '0', '1') h1=1 m=2 psi=a:('-1', '0', '0', '0'),b:('-1', '0', '0', '0'),c:('0', '0', '-1', '0'): I(V) = 0   I(V^ss) = 0
==> s961 chi#5=a:('1', '0', '0', '0'),b:('0', '0', '0', '-1'),c:('0', '0', '0', '1') h1=1 m=2 psi=a:('-1', '0', '0', '0'),b:('-1', '0', '0', '0'),c:('1', '0', '-1', '0'): I(V) = 0   I(V^ss) = 0
==> s961 chi#5=a:('1', '0', '0', '0'),b:('0', '0', '0', '-1'),c:('0', '0', '0', '1') h1=1 m=2 psi=chi^1: I(V) = 0   I(V^ss) = 0
==> s961 chi#5=a:('1', '0', '0', '0'),b:('0', '0', '0', '-1'),c:('0', '0', '0', '1') h1=1 m=2 psi=chi^2: I(V) = 0   I(V^ss) = 0
==> s961 chi#5=a:('1', '0', '0', '0'),b:('0', '0', '0', '-1'),c:('0', '0', '0', '1') h1=1 m=2 psi=chi^3: I(V) = 0   I(V^ss) = 0
==> s961 chi#5=a:('1', '0', '0', '0'),b:('0', '0', '0', '-1'),c:('0', '0', '0', '1') h1=1 m=3 psi=a:('1', '0', '0', '0'),b:('1', '0', '0', '0'),c:('1', '0', '0', '0'): I(V) = 0   I(V^ss) = 0
==> s961 chi#5=a:('1', '0', '0', '0'),b:('0', '0', '0', '-1'),c:('0', '0', '0', '1') h1=1 m=3 psi=a:('1', '0', '0', '0'),b:('1', '0', '0', '0'),c:('0', '0', '1', '0'): I(V) = 0   I(V^ss) = 0
==> s961 chi#5=a:('1', '0', '0', '0'),b:('0', '0', '0', '-1'),c:('0', '0', '0', '1') h1=1 m=3 psi=a:('1', '0', '0', '0'),b:('1', '0', '0', '0'),c:('-1', '0', '1', '0'): I(V) = 0   I(V^ss) = 0
==> s961 chi#5=a:('1', '0', '0', '0'),b:('0', '0', '0', '-1'),c:('0', '0', '0', '1') h1=1 m=3 psi=a:('1', '0', '0', '0'),b:('1', '0', '0', '0'),c:('-1', '0', '0', '0'): I(V) = 0   I(V^ss) = 0
==> s961 chi#5=a:('1', '0', '0', '0'),b:('0', '0', '0', '-1'),c:('0', '0', '0', '1') h1=1 m=3 psi=a:('1', '0', '0', '0'),b:('1', '0', '0', '0'),c:('0', '0', '-1', '0'): I(V) = 0   I(V^ss) = 0
==> s961 chi#5=a:('1', '0', '0', '0'),b:('0', '0', '0', '-1'),c:('0', '0', '0', '1') h1=1 m=3 psi=a:('1', '0', '0', '0'),b:('1', '0', '0', '0'),c:('1', '0', '-1', '0'): I(V) = 0   I(V^ss) = 0
==> s961 chi#5=a:('1', '0', '0', '0'),b:('0', '0', '0', '-1'),c:('0', '0', '0', '1') h1=1 m=3 psi=a:('1', '0', '0', '0'),b:('-1', '0', '0', '0'),c:('1', '0', '0', '0'): I(V) = 0   I(V^ss) = 0
==> s961 chi#5=a:('1', '0', '0', '0'),b:('0', '0', '0', '-1'),c:('0', '0', '0', '1') h1=1 m=3 psi=a:('1', '0', '0', '0'),b:('-1', '0', '0', '0'),c:('0', '0', '1', '0'): I(V) = 0   I(V^ss) = 0
==> s961 chi#5=a:('1', '0', '0', '0'),b:('0', '0', '0', '-1'),c:('0', '0', '0', '1') h1=1 m=3 psi=a:('1', '0', '0', '0'),b:('-1', '0', '0', '0'),c:('-1', '0', '1', '0'): I(V) = 0   I(V^ss) = 0
==> s961 chi#5=a:('1', '0', '0', '0'),b:('0', '0', '0', '-1'),c:('0', '0', '0', '1') h1=1 m=3 psi=a:('1', '0', '0', '0'),b:('-1', '0', '0', '0'),c:('-1', '0', '0', '0'): I(V) = 0   I(V^ss) = 0
==> s961 chi#5=a:('1', '0', '0', '0'),b:('0', '0', '0', '-1'),c:('0', '0', '0', '1') h1=1 m=3 psi=a:('1', '0', '0', '0'),b:('-1', '0', '0', '0'),c:('0', '0', '-1', '0'): I(V) = 0   I(V^ss) = 0
==> s961 chi#5=a:('1', '0', '0', '0'),b:('0', '0', '0', '-1'),c:('0', '0', '0', '1') h1=1 m=3 psi=a:('1', '0', '0', '0'),b:('-1', '0', '0', '0'),c:('1', '0', '-1', '0'): I(V) = 0   I(V^ss) = 0
==> s961 chi#5=a:('1', '0', '0', '0'),b:('0', '0', '0', '-1'),c:('0', '0', '0', '1') h1=1 m=3 psi=a:('-1', '0', '0', '0'),b:('1', '0', '0', '0'),c:('1', '0', '0', '0'): I(V) = 0   I(V^ss) = 0
==> s961 chi#5=a:('1', '0', '0', '0'),b:('0', '0', '0', '-1'),c:('0', '0', '0', '1') h1=1 m=3 psi=a:('-1', '0', '0', '0'),b:('1', '0', '0', '0'),c:('0', '0', '1', '0'): I(V) = 0   I(V^ss) = 0
==> s961 chi#5=a:('1', '0', '0', '0'),b:('0', '0', '0', '-1'),c:('0', '0', '0', '1') h1=1 m=3 psi=a:('-1', '0', '0', '0'),b:('1', '0', '0', '0'),c:('-1', '0', '1', '0'): I(V) = 0   I(V^ss) = 0
==> s961 chi#5=a:('1', '0', '0', '0'),b:('0', '0', '0', '-1'),c:('0', '0', '0', '1') h1=1 m=3 psi=a:('-1', '0', '0', '0'),b:('1', '0', '0', '0'),c:('-1', '0', '0', '0'): I(V) = 0   I(V^ss) = 0
==> s961 chi#5=a:('1', '0', '0', '0'),b:('0', '0', '0', '-1'),c:('0', '0', '0', '1') h1=1 m=3 psi=a:('-1', '0', '0', '0'),b:('1', '0', '0', '0'),c:('0', '0', '-1', '0'): I(V) = 0   I(V^ss) = 0
==> s961 chi#5=a:('1', '0', '0', '0'),b:('0', '0', '0', '-1'),c:('0', '0', '0', '1') h1=1 m=3 psi=a:('-1', '0', '0', '0'),b:('1', '0', '0', '0'),c:('1', '0', '-1', '0'): I(V) = 0   I(V^ss) = 0
==> s961 chi#5=a:('1', '0', '0', '0'),b:('0', '0', '0', '-1'),c:('0', '0', '0', '1') h1=1 m=3 psi=a:('-1', '0', '0', '0'),b:('-1', '0', '0', '0'),c:('1', '0', '0', '0'): I(V) = 0   I(V^ss) = 0
==> s961 chi#5=a:('1', '0', '0', '0'),b:('0', '0', '0', '-1'),c:('0', '0', '0', '1') h1=1 m=3 psi=a:('-1', '0', '0', '0'),b:('-1', '0', '0', '0'),c:('0', '0', '1', '0'): I(V) = 0   I(V^ss) = 0
==> s961 chi#5=a:('1', '0', '0', '0'),b:('0', '0', '0', '-1'),c:('0', '0', '0', '1') h1=1 m=3 psi=a:('-1', '0', '0', '0'),b:('-1', '0', '0', '0'),c:('-1', '0', '1', '0'): I(V) = 0   I(V^ss) = 0
==> s961 chi#5=a:('1', '0', '0', '0'),b:('0', '0', '0', '-1'),c:('0', '0', '0', '1') h1=1 m=3 psi=a:('-1', '0', '0', '0'),b:('-1', '0', '0', '0'),c:('-1', '0', '0', '0'): I(V) = 0   I(V^ss) = 0
==> s961 chi#5=a:('1', '0', '0', '0'),b:('0', '0', '0', '-1'),c:('0', '0', '0', '1') h1=1 m=3 psi=a:('-1', '0', '0', '0'),b:('-1', '0', '0', '0'),c:('0', '0', '-1', '0'): I(V) = 0   I(V^ss) = 0
==> s961 chi#5=a:('1', '0', '0', '0'),b:('0', '0', '0', '-1'),c:('0', '0', '0', '1') h1=1 m=3 psi=a:('-1', '0', '0', '0'),b:('-1', '0', '0', '0'),c:('1', '0', '-1', '0'): I(V) = 0   I(V^ss) = 0
==> s961 chi#5=a:('1', '0', '0', '0'),b:('0', '0', '0', '-1'),c:('0', '0', '0', '1') h1=1 m=3 psi=chi^1: I(V) = 0   I(V^ss) = 0
==> s961 chi#5=a:('1', '0', '0', '0'),b:('0', '0', '0', '-1'),c:('0', '0', '0', '1') h1=1 m=3 psi=chi^2: I(V) = 0   I(V^ss) = 0
==> s961 chi#5=a:('1', '0', '0', '0'),b:('0', '0', '0', '-1'),c:('0', '0', '0', '1') h1=1 m=3 psi=chi^3: I(V) = 0   I(V^ss) = 0
  locus chi#6=a:('1', '0', '0', '0'),b:('0', '0', '0', '-1'),c:('0', '0', '0', '-1') h1=1
==> s961 chi#6=a:('1', '0', '0', '0'),b:('0', '0', '0', '-1'),c:('0', '0', '0', '-1') h1=1 m=1 psi=a:('1', '0', '0', '0'),b:('1', '0', '0', '0'),c:('1', '0', '0', '0'): I(V) = 0   I(V^ss) = 0
==> s961 chi#6=a:('1', '0', '0', '0'),b:('0', '0', '0', '-1'),c:('0', '0', '0', '-1') h1=1 m=1 psi=a:('1', '0', '0', '0'),b:('1', '0', '0', '0'),c:('0', '0', '1', '0'): I(V) = 0   I(V^ss) = 0
==> s961 chi#6=a:('1', '0', '0', '0'),b:('0', '0', '0', '-1'),c:('0', '0', '0', '-1') h1=1 m=1 psi=a:('1', '0', '0', '0'),b:('1', '0', '0', '0'),c:('-1', '0', '1', '0'): I(V) = 0   I(V^ss) = 0
==> s961 chi#6=a:('1', '0', '0', '0'),b:('0', '0', '0', '-1'),c:('0', '0', '0', '-1') h1=1 m=1 psi=a:('1', '0', '0', '0'),b:('1', '0', '0', '0'),c:('-1', '0', '0', '0'): I(V) = 0   I(V^ss) = 0
==> s961 chi#6=a:('1', '0', '0', '0'),b:('0', '0', '0', '-1'),c:('0', '0', '0', '-1') h1=1 m=1 psi=a:('1', '0', '0', '0'),b:('1', '0', '0', '0'),c:('0', '0', '-1', '0'): I(V) = 0   I(V^ss) = 0
==> s961 chi#6=a:('1', '0', '0', '0'),b:('0', '0', '0', '-1'),c:('0', '0', '0', '-1') h1=1 m=1 psi=a:('1', '0', '0', '0'),b:('1', '0', '0', '0'),c:('1', '0', '-1', '0'): I(V) = 0   I(V^ss) = 0
==> s961 chi#6=a:('1', '0', '0', '0'),b:('0', '0', '0', '-1'),c:('0', '0', '0', '-1') h1=1 m=1 psi=a:('1', '0', '0', '0'),b:('-1', '0', '0', '0'),c:('1', '0', '0', '0'): I(V) = 0   I(V^ss) = 0
==> s961 chi#6=a:('1', '0', '0', '0'),b:('0', '0', '0', '-1'),c:('0', '0', '0', '-1') h1=1 m=1 psi=a:('1', '0', '0', '0'),b:('-1', '0', '0', '0'),c:('0', '0', '1', '0'): I(V) = 0   I(V^ss) = 0
==> s961 chi#6=a:('1', '0', '0', '0'),b:('0', '0', '0', '-1'),c:('0', '0', '0', '-1') h1=1 m=1 psi=a:('1', '0', '0', '0'),b:('-1', '0', '0', '0'),c:('-1', '0', '1', '0'): I(V) = 0   I(V^ss) = 0
==> s961 chi#6=a:('1', '0', '0', '0'),b:('0', '0', '0', '-1'),c:('0', '0', '0', '-1') h1=1 m=1 psi=a:('1', '0', '0', '0'),b:('-1', '0', '0', '0'),c:('-1', '0', '0', '0'): I(V) = 0   I(V^ss) = 0
==> s961 chi#6=a:('1', '0', '0', '0'),b:('0', '0', '0', '-1'),c:('0', '0', '0', '-1') h1=1 m=1 psi=a:('1', '0', '0', '0'),b:('-1', '0', '0', '0'),c:('0', '0', '-1', '0'): I(V) = 0   I(V^ss) = 0
==> s961 chi#6=a:('1', '0', '0', '0'),b:('0', '0', '0', '-1'),c:('0', '0', '0', '-1') h1=1 m=1 psi=a:('1', '0', '0', '0'),b:('-1', '0', '0', '0'),c:('1', '0', '-1', '0'): I(V) = 0   I(V^ss) = 0
==> s961 chi#6=a:('1', '0', '0', '0'),b:('0', '0', '0', '-1'),c:('0', '0', '0', '-1') h1=1 m=1 psi=a:('-1', '0', '0', '0'),b:('1', '0', '0', '0'),c:('1', '0', '0', '0'): I(V) = 0   I(V^ss) = 0
==> s961 chi#6=a:('1', '0', '0', '0'),b:('0', '0', '0', '-1'),c:('0', '0', '0', '-1') h1=1 m=1 psi=a:('-1', '0', '0', '0'),b:('1', '0', '0', '0'),c:('0', '0', '1', '0'): I(V) = 0   I(V^ss) = 0
==> s961 chi#6=a:('1', '0', '0', '0'),b:('0', '0', '0', '-1'),c:('0', '0', '0', '-1') h1=1 m=1 psi=a:('-1', '0', '0', '0'),b:('1', '0', '0', '0'),c:('-1', '0', '1', '0'): I(V) = 0   I(V^ss) = 0
==> s961 chi#6=a:('1', '0', '0', '0'),b:('0', '0', '0', '-1'),c:('0', '0', '0', '-1') h1=1 m=1 psi=a:('-1', '0', '0', '0'),b:('1', '0', '0', '0'),c:('-1', '0', '0', '0'): I(V) = 0   I(V^ss) = 0
==> s961 chi#6=a:('1', '0', '0', '0'),b:('0', '0', '0', '-1'),c:('0', '0', '0', '-1') h1=1 m=1 psi=a:('-1', '0', '0', '0'),b:('1', '0', '0', '0'),c:('0', '0', '-1', '0'): I(V) = 0   I(V^ss) = 0
==> s961 chi#6=a:('1', '0', '0', '0'),b:('0', '0', '0', '-1'),c:('0', '0', '0', '-1') h1=1 m=1 psi=a:('-1', '0', '0', '0'),b:('1', '0', '0', '0'),c:('1', '0', '-1', '0'): I(V) = 0   I(V^ss) = 0
==> s961 chi#6=a:('1', '0', '0', '0'),b:('0', '0', '0', '-1'),c:('0', '0', '0', '-1') h1=1 m=1 psi=a:('-1', '0', '0', '0'),b:('-1', '0', '0', '0'),c:('1', '0', '0', '0'): I(V) = 0   I(V^ss) = 0
==> s961 chi#6=a:('1', '0', '0', '0'),b:('0', '0', '0', '-1'),c:('0', '0', '0', '-1') h1=1 m=1 psi=a:('-1', '0', '0', '0'),b:('-1', '0', '0', '0'),c:('0', '0', '1', '0'): I(V) = 0   I(V^ss) = 0
==> s961 chi#6=a:('1', '0', '0', '0'),b:('0', '0', '0', '-1'),c:('0', '0', '0', '-1') h1=1 m=1 psi=a:('-1', '0', '0', '0'),b:('-1', '0', '0', '0'),c:('-1', '0', '1', '0'): I(V) = 0   I(V^ss) = 0
==> s961 chi#6=a:('1', '0', '0', '0'),b:('0', '0', '0', '-1'),c:('0', '0', '0', '-1') h1=1 m=1 psi=a:('-1', '0', '0', '0'),b:('-1', '0', '0', '0'),c:('-1', '0', '0', '0'): I(V) = 0   I(V^ss) = 0
==> s961 chi#6=a:('1', '0', '0', '0'),b:('0', '0', '0', '-1'),c:('0', '0', '0', '-1') h1=1 m=1 psi=a:('-1', '0', '0', '0'),b:('-1', '0', '0', '0'),c:('0', '0', '-1', '0'): I(V) = 0   I(V^ss) = 0
==> s961 chi#6=a:('1', '0', '0', '0'),b:('0', '0', '0', '-1'),c:('0', '0', '0', '-1') h1=1 m=1 psi=a:('-1', '0', '0', '0'),b:('-1', '0', '0', '0'),c:('1', '0', '-1', '0'): I(V) = 0   I(V^ss) = 0
==> s961 chi#6=a:('1', '0', '0', '0'),b:('0', '0', '0', '-1'),c:('0', '0', '0', '-1') h1=1 m=1 psi=chi^1: I(V) = 0   I(V^ss) = 0
==> s961 chi#6=a:('1', '0', '0', '0'),b:('0', '0', '0', '-1'),c:('0', '0', '0', '-1') h1=1 m=1 psi=chi^2: I(V) = 0   I(V^ss) = 0
==> s961 chi#6=a:('1', '0', '0', '0'),b:('0', '0', '0', '-1'),c:('0', '0', '0', '-1') h1=1 m=1 psi=chi^3: I(V) = 0   I(V^ss) = 0
==> s961 chi#6=a:('1', '0', '0', '0'),b:('0', '0', '0', '-1'),c:('0', '0', '0', '-1') h1=1 m=2 psi=a:('1', '0', '0', '0'),b:('1', '0', '0', '0'),c:('1', '0', '0', '0'): I(V) = 0   I(V^ss) = 0
==> s961 chi#6=a:('1', '0', '0', '0'),b:('0', '0', '0', '-1'),c:('0', '0', '0', '-1') h1=1 m=2 psi=a:('1', '0', '0', '0'),b:('1', '0', '0', '0'),c:('0', '0', '1', '0'): I(V) = 0   I(V^ss) = 0
==> s961 chi#6=a:('1', '0', '0', '0'),b:('0', '0', '0', '-1'),c:('0', '0', '0', '-1') h1=1 m=2 psi=a:('1', '0', '0', '0'),b:('1', '0', '0', '0'),c:('-1', '0', '1', '0'): I(V) = 0   I(V^ss) = 0
==> s961 chi#6=a:('1', '0', '0', '0'),b:('0', '0', '0', '-1'),c:('0', '0', '0', '-1') h1=1 m=2 psi=a:('1', '0', '0', '0'),b:('1', '0', '0', '0'),c:('-1', '0', '0', '0'): I(V) = 0   I(V^ss) = 0
==> s961 chi#6=a:('1', '0', '0', '0'),b:('0', '0', '0', '-1'),c:('0', '0', '0', '-1') h1=1 m=2 psi=a:('1', '0', '0', '0'),b:('1', '0', '0', '0'),c:('0', '0', '-1', '0'): I(V) = 0   I(V^ss) = 0
==> s961 chi#6=a:('1', '0', '0', '0'),b:('0', '0', '0', '-1'),c:('0', '0', '0', '-1') h1=1 m=2 psi=a:('1', '0', '0', '0'),b:('1', '0', '0', '0'),c:('1', '0', '-1', '0'): I(V) = 0   I(V^ss) = 0
==> s961 chi#6=a:('1', '0', '0', '0'),b:('0', '0', '0', '-1'),c:('0', '0', '0', '-1') h1=1 m=2 psi=a:('1', '0', '0', '0'),b:('-1', '0', '0', '0'),c:('1', '0', '0', '0'): I(V) = 0   I(V^ss) = 0
==> s961 chi#6=a:('1', '0', '0', '0'),b:('0', '0', '0', '-1'),c:('0', '0', '0', '-1') h1=1 m=2 psi=a:('1', '0', '0', '0'),b:('-1', '0', '0', '0'),c:('0', '0', '1', '0'): I(V) = 0   I(V^ss) = 0
==> s961 chi#6=a:('1', '0', '0', '0'),b:('0', '0', '0', '-1'),c:('0', '0', '0', '-1') h1=1 m=2 psi=a:('1', '0', '0', '0'),b:('-1', '0', '0', '0'),c:('-1', '0', '1', '0'): I(V) = 0   I(V^ss) = 0
==> s961 chi#6=a:('1', '0', '0', '0'),b:('0', '0', '0', '-1'),c:('0', '0', '0', '-1') h1=1 m=2 psi=a:('1', '0', '0', '0'),b:('-1', '0', '0', '0'),c:('-1', '0', '0', '0'): I(V) = 0   I(V^ss) = 0
==> s961 chi#6=a:('1', '0', '0', '0'),b:('0', '0', '0', '-1'),c:('0', '0', '0', '-1') h1=1 m=2 psi=a:('1', '0', '0', '0'),b:('-1', '0', '0', '0'),c:('0', '0', '-1', '0'): I(V) = 0   I(V^ss) = 0
==> s961 chi#6=a:('1', '0', '0', '0'),b:('0', '0', '0', '-1'),c:('0', '0', '0', '-1') h1=1 m=2 psi=a:('1', '0', '0', '0'),b:('-1', '0', '0', '0'),c:('1', '0', '-1', '0'): I(V) = 0   I(V^ss) = 0
==> s961 chi#6=a:('1', '0', '0', '0'),b:('0', '0', '0', '-1'),c:('0', '0', '0', '-1') h1=1 m=2 psi=a:('-1', '0', '0', '0'),b:('1', '0', '0', '0'),c:('1', '0', '0', '0'): I(V) = 0   I(V^ss) = 0
==> s961 chi#6=a:('1', '0', '0', '0'),b:('0', '0', '0', '-1'),c:('0', '0', '0', '-1') h1=1 m=2 psi=a:('-1', '0', '0', '0'),b:('1', '0', '0', '0'),c:('0', '0', '1', '0'): I(V) = 0   I(V^ss) = 0
==> s961 chi#6=a:('1', '0', '0', '0'),b:('0', '0', '0', '-1'),c:('0', '0', '0', '-1') h1=1 m=2 psi=a:('-1', '0', '0', '0'),b:('1', '0', '0', '0'),c:('-1', '0', '1', '0'): I(V) = 0   I(V^ss) = 0
==> s961 chi#6=a:('1', '0', '0', '0'),b:('0', '0', '0', '-1'),c:('0', '0', '0', '-1') h1=1 m=2 psi=a:('-1', '0', '0', '0'),b:('1', '0', '0', '0'),c:('-1', '0', '0', '0'): I(V) = 0   I(V^ss) = 0
==> s961 chi#6=a:('1', '0', '0', '0'),b:('0', '0', '0', '-1'),c:('0', '0', '0', '-1') h1=1 m=2 psi=a:('-1', '0', '0', '0'),b:('1', '0', '0', '0'),c:('0', '0', '-1', '0'): I(V) = 0   I(V^ss) = 0
==> s961 chi#6=a:('1', '0', '0', '0'),b:('0', '0', '0', '-1'),c:('0', '0', '0', '-1') h1=1 m=2 psi=a:('-1', '0', '0', '0'),b:('1', '0', '0', '0'),c:('1', '0', '-1', '0'): I(V) = 0   I(V^ss) = 0
==> s961 chi#6=a:('1', '0', '0', '0'),b:('0', '0', '0', '-1'),c:('0', '0', '0', '-1') h1=1 m=2 psi=a:('-1', '0', '0', '0'),b:('-1', '0', '0', '0'),c:('1', '0', '0', '0'): I(V) = 0   I(V^ss) = 0
==> s961 chi#6=a:('1', '0', '0', '0'),b:('0', '0', '0', '-1'),c:('0', '0', '0', '-1') h1=1 m=2 psi=a:('-1', '0', '0', '0'),b:('-1', '0', '0', '0'),c:('0', '0', '1', '0'): I(V) = 0   I(V^ss) = 0
==> s961 chi#6=a:('1', '0', '0', '0'),b:('0', '0', '0', '-1'),c:('0', '0', '0', '-1') h1=1 m=2 psi=a:('-1', '0', '0', '0'),b:('-1', '0', '0', '0'),c:('-1', '0', '1', '0'): I(V) = 0   I(V^ss) = 0
==> s961 chi#6=a:('1', '0', '0', '0'),b:('0', '0', '0', '-1'),c:('0', '0', '0', '-1') h1=1 m=2 psi=a:('-1', '0', '0', '0'),b:('-1', '0', '0', '0'),c:('-1', '0', '0', '0'): I(V) = 0   I(V^ss) = 0
==> s961 chi#6=a:('1', '0', '0', '0'),b:('0', '0', '0', '-1'),c:('0', '0', '0', '-1') h1=1 m=2 psi=a:('-1', '0', '0', '0'),b:('-1', '0', '0', '0'),c:('0', '0', '-1', '0'): I(V) = 0   I(V^ss) = 0
==> s961 chi#6=a:('1', '0', '0', '0'),b:('0', '0', '0', '-1'),c:('0', '0', '0', '-1') h1=1 m=2 psi=a:('-1', '0', '0', '0'),b:('-1', '0', '0', '0'),c:('1', '0', '-1', '0'): I(V) = 0   I(V^ss) = 0
==> s961 chi#6=a:('1', '0', '0', '0'),b:('0', '0', '0', '-1'),c:('0', '0', '0', '-1') h1=1 m=2 psi=chi^1: I(V) = 0   I(V^ss) = 0
==> s961 chi#6=a:('1', '0', '0', '0'),b:('0', '0', '0', '-1'),c:('0', '0', '0', '-1') h1=1 m=2 psi=chi^2: I(V) = 0   I(V^ss) = 0
==> s961 chi#6=a:('1', '0', '0', '0'),b:('0', '0', '0', '-1'),c:('0', '0', '0', '-1') h1=1 m=2 psi=chi^3: I(V) = 0   I(V^ss) = 0
==> s961 chi#6=a:('1', '0', '0', '0'),b:('0', '0', '0', '-1'),c:('0', '0', '0', '-1') h1=1 m=3 psi=a:('1', '0', '0', '0'),b:('1', '0', '0', '0'),c:('1', '0', '0', '0'): I(V) = 0   I(V^ss) = 0
==> s961 chi#6=a:('1', '0', '0', '0'),b:('0', '0', '0', '-1'),c:('0', '0', '0', '-1') h1=1 m=3 psi=a:('1', '0', '0', '0'),b:('1', '0', '0', '0'),c:('0', '0', '1', '0'): I(V) = 0   I(V^ss) = 0
==> s961 chi#6=a:('1', '0', '0', '0'),b:('0', '0', '0', '-1'),c:('0', '0', '0', '-1') h1=1 m=3 psi=a:('1', '0', '0', '0'),b:('1', '0', '0', '0'),c:('-1', '0', '1', '0'): I(V) = 0   I(V^ss) = 0
==> s961 chi#6=a:('1', '0', '0', '0'),b:('0', '0', '0', '-1'),c:('0', '0', '0', '-1') h1=1 m=3 psi=a:('1', '0', '0', '0'),b:('1', '0', '0', '0'),c:('-1', '0', '0', '0'): I(V) = 0   I(V^ss) = 0
==> s961 chi#6=a:('1', '0', '0', '0'),b:('0', '0', '0', '-1'),c:('0', '0', '0', '-1') h1=1 m=3 psi=a:('1', '0', '0', '0'),b:('1', '0', '0', '0'),c:('0', '0', '-1', '0'): I(V) = 0   I(V^ss) = 0
==> s961 chi#6=a:('1', '0', '0', '0'),b:('0', '0', '0', '-1'),c:('0', '0', '0', '-1') h1=1 m=3 psi=a:('1', '0', '0', '0'),b:('1', '0', '0', '0'),c:('1', '0', '-1', '0'): I(V) = 0   I(V^ss) = 0
==> s961 chi#6=a:('1', '0', '0', '0'),b:('0', '0', '0', '-1'),c:('0', '0', '0', '-1') h1=1 m=3 psi=a:('1', '0', '0', '0'),b:('-1', '0', '0', '0'),c:('1', '0', '0', '0'): I(V) = 0   I(V^ss) = 0
==> s961 chi#6=a:('1', '0', '0', '0'),b:('0', '0', '0', '-1'),c:('0', '0', '0', '-1') h1=1 m=3 psi=a:('1', '0', '0', '0'),b:('-1', '0', '0', '0'),c:('0', '0', '1', '0'): I(V) = 0   I(V^ss) = 0
==> s961 chi#6=a:('1', '0', '0', '0'),b:('0', '0', '0', '-1'),c:('0', '0', '0', '-1') h1=1 m=3 psi=a:('1', '0', '0', '0'),b:('-1', '0', '0', '0'),c:('-1', '0', '1', '0'): I(V) = 0   I(V^ss) = 0
==> s961 chi#6=a:('1', '0', '0', '0'),b:('0', '0', '0', '-1'),c:('0', '0', '0', '-1') h1=1 m=3 psi=a:('1', '0', '0', '0'),b:('-1', '0', '0', '0'),c:('-1', '0', '0', '0'): I(V) = 0   I(V^ss) = 0
==> s961 chi#6=a:('1', '0', '0', '0'),b:('0', '0', '0', '-1'),c:('0', '0', '0', '-1') h1=1 m=3 psi=a:('1', '0', '0', '0'),b:('-1', '0', '0', '0'),c:('0', '0', '-1', '0'): I(V) = 0   I(V^ss) = 0
==> s961 chi#6=a:('1', '0', '0', '0'),b:('0', '0', '0', '-1'),c:('0', '0', '0', '-1') h1=1 m=3 psi=a:('1', '0', '0', '0'),b:('-1', '0', '0', '0'),c:('1', '0', '-1', '0'): I(V) = 0   I(V^ss) = 0
==> s961 chi#6=a:('1', '0', '0', '0'),b:('0', '0', '0', '-1'),c:('0', '0', '0', '-1') h1=1 m=3 psi=a:('-1', '0', '0', '0'),b:('1', '0', '0', '0'),c:('1', '0', '0', '0'): I(V) = 0   I(V^ss) = 0
==> s961 chi#6=a:('1', '0', '0', '0'),b:('0', '0', '0', '-1'),c:('0', '0', '0', '-1') h1=1 m=3 psi=a:('-1', '0', '0', '0'),b:('1', '0', '0', '0'),c:('0', '0', '1', '0'): I(V) = 0   I(V^ss) = 0
==> s961 chi#6=a:('1', '0', '0', '0'),b:('0', '0', '0', '-1'),c:('0', '0', '0', '-1') h1=1 m=3 psi=a:('-1', '0', '0', '0'),b:('1', '0', '0', '0'),c:('-1', '0', '1', '0'): I(V) = 0   I(V^ss) = 0
==> s961 chi#6=a:('1', '0', '0', '0'),b:('0', '0', '0', '-1'),c:('0', '0', '0', '-1') h1=1 m=3 psi=a:('-1', '0', '0', '0'),b:('1', '0', '0', '0'),c:('-1', '0', '0', '0'): I(V) = 0   I(V^ss) = 0
==> s961 chi#6=a:('1', '0', '0', '0'),b:('0', '0', '0', '-1'),c:('0', '0', '0', '-1') h1=1 m=3 psi=a:('-1', '0', '0', '0'),b:('1', '0', '0', '0'),c:('0', '0', '-1', '0'): I(V) = 0   I(V^ss) = 0
==> s961 chi#6=a:('1', '0', '0', '0'),b:('0', '0', '0', '-1'),c:('0', '0', '0', '-1') h1=1 m=3 psi=a:('-1', '0', '0', '0'),b:('1', '0', '0', '0'),c:('1', '0', '-1', '0'): I(V) = 0   I(V^ss) = 0
==> s961 chi#6=a:('1', '0', '0', '0'),b:('0', '0', '0', '-1'),c:('0', '0', '0', '-1') h1=1 m=3 psi=a:('-1', '0', '0', '0'),b:('-1', '0', '0', '0'),c:('1', '0', '0', '0'): I(V) = 0   I(V^ss) = 0
==> s961 chi#6=a:('1', '0', '0', '0'),b:('0', '0', '0', '-1'),c:('0', '0', '0', '-1') h1=1 m=3 psi=a:('-1', '0', '0', '0'),b:('-1', '0', '0', '0'),c:('0', '0', '1', '0'): I(V) = 0   I(V^ss) = 0
==> s961 chi#6=a:('1', '0', '0', '0'),b:('0', '0', '0', '-1'),c:('0', '0', '0', '-1') h1=1 m=3 psi=a:('-1', '0', '0', '0'),b:('-1', '0', '0', '0'),c:('-1', '0', '1', '0'): I(V) = 0   I(V^ss) = 0
==> s961 chi#6=a:('1', '0', '0', '0'),b:('0', '0', '0', '-1'),c:('0', '0', '0', '-1') h1=1 m=3 psi=a:('-1', '0', '0', '0'),b:('-1', '0', '0', '0'),c:('-1', '0', '0', '0'): I(V) = 0   I(V^ss) = 0
==> s961 chi#6=a:('1', '0', '0', '0'),b:('0', '0', '0', '-1'),c:('0', '0', '0', '-1') h1=1 m=3 psi=a:('-1', '0', '0', '0'),b:('-1', '0', '0', '0'),c:('0', '0', '-1', '0'): I(V) = 0   I(V^ss) = 0
==> s961 chi#6=a:('1', '0', '0', '0'),b:('0', '0', '0', '-1'),c:('0', '0', '0', '-1') h1=1 m=3 psi=a:('-1', '0', '0', '0'),b:('-1', '0', '0', '0'),c:('1', '0', '-1', '0'): I(V) = 0   I(V^ss) = 0
==> s961 chi#6=a:('1', '0', '0', '0'),b:('0', '0', '0', '-1'),c:('0', '0', '0', '-1') h1=1 m=3 psi=chi^1: I(V) = 0   I(V^ss) = 0
==> s961 chi#6=a:('1', '0', '0', '0'),b:('0', '0', '0', '-1'),c:('0', '0', '0', '-1') h1=1 m=3 psi=chi^2: I(V) = 0   I(V^ss) = 0
==> s961 chi#6=a:('1', '0', '0', '0'),b:('0', '0', '0', '-1'),c:('0', '0', '0', '-1') h1=1 m=3 psi=chi^3: I(V) = 0   I(V^ss) = 0
  locus chi#7=a:('0', '0', '0', '1'),b:('1', '0', '0', '0'),c:('1', '0', '0', '0') h1=1
==> s961 chi#7=a:('0', '0', '0', '1'),b:('1', '0', '0', '0'),c:('1', '0', '0', '0') h1=1 m=1 psi=a:('1', '0', '0', '0'),b:('1', '0', '0', '0'),c:('1', '0', '0', '0'): I(V) = 0   I(V^ss) = 0
==> s961 chi#7=a:('0', '0', '0', '1'),b:('1', '0', '0', '0'),c:('1', '0', '0', '0') h1=1 m=1 psi=a:('1', '0', '0', '0'),b:('1', '0', '0', '0'),c:('0', '0', '1', '0'): I(V) = 0   I(V^ss) = 0
==> s961 chi#7=a:('0', '0', '0', '1'),b:('1', '0', '0', '0'),c:('1', '0', '0', '0') h1=1 m=1 psi=a:('1', '0', '0', '0'),b:('1', '0', '0', '0'),c:('-1', '0', '1', '0'): I(V) = 0   I(V^ss) = 0
==> s961 chi#7=a:('0', '0', '0', '1'),b:('1', '0', '0', '0'),c:('1', '0', '0', '0') h1=1 m=1 psi=a:('1', '0', '0', '0'),b:('1', '0', '0', '0'),c:('-1', '0', '0', '0'): I(V) = 0   I(V^ss) = 0
==> s961 chi#7=a:('0', '0', '0', '1'),b:('1', '0', '0', '0'),c:('1', '0', '0', '0') h1=1 m=1 psi=a:('1', '0', '0', '0'),b:('1', '0', '0', '0'),c:('0', '0', '-1', '0'): I(V) = 0   I(V^ss) = 0
==> s961 chi#7=a:('0', '0', '0', '1'),b:('1', '0', '0', '0'),c:('1', '0', '0', '0') h1=1 m=1 psi=a:('1', '0', '0', '0'),b:('1', '0', '0', '0'),c:('1', '0', '-1', '0'): I(V) = 0   I(V^ss) = 0
==> s961 chi#7=a:('0', '0', '0', '1'),b:('1', '0', '0', '0'),c:('1', '0', '0', '0') h1=1 m=1 psi=a:('1', '0', '0', '0'),b:('-1', '0', '0', '0'),c:('1', '0', '0', '0'): I(V) = 0   I(V^ss) = 0
==> s961 chi#7=a:('0', '0', '0', '1'),b:('1', '0', '0', '0'),c:('1', '0', '0', '0') h1=1 m=1 psi=a:('1', '0', '0', '0'),b:('-1', '0', '0', '0'),c:('0', '0', '1', '0'): I(V) = 0   I(V^ss) = 0
==> s961 chi#7=a:('0', '0', '0', '1'),b:('1', '0', '0', '0'),c:('1', '0', '0', '0') h1=1 m=1 psi=a:('1', '0', '0', '0'),b:('-1', '0', '0', '0'),c:('-1', '0', '1', '0'): I(V) = 0   I(V^ss) = 0
==> s961 chi#7=a:('0', '0', '0', '1'),b:('1', '0', '0', '0'),c:('1', '0', '0', '0') h1=1 m=1 psi=a:('1', '0', '0', '0'),b:('-1', '0', '0', '0'),c:('-1', '0', '0', '0'): I(V) = 0   I(V^ss) = 0
==> s961 chi#7=a:('0', '0', '0', '1'),b:('1', '0', '0', '0'),c:('1', '0', '0', '0') h1=1 m=1 psi=a:('1', '0', '0', '0'),b:('-1', '0', '0', '0'),c:('0', '0', '-1', '0'): I(V) = 0   I(V^ss) = 0
==> s961 chi#7=a:('0', '0', '0', '1'),b:('1', '0', '0', '0'),c:('1', '0', '0', '0') h1=1 m=1 psi=a:('1', '0', '0', '0'),b:('-1', '0', '0', '0'),c:('1', '0', '-1', '0'): I(V) = 0   I(V^ss) = 0
==> s961 chi#7=a:('0', '0', '0', '1'),b:('1', '0', '0', '0'),c:('1', '0', '0', '0') h1=1 m=1 psi=a:('-1', '0', '0', '0'),b:('1', '0', '0', '0'),c:('1', '0', '0', '0'): I(V) = 0   I(V^ss) = 0
==> s961 chi#7=a:('0', '0', '0', '1'),b:('1', '0', '0', '0'),c:('1', '0', '0', '0') h1=1 m=1 psi=a:('-1', '0', '0', '0'),b:('1', '0', '0', '0'),c:('0', '0', '1', '0'): I(V) = 0   I(V^ss) = 0
==> s961 chi#7=a:('0', '0', '0', '1'),b:('1', '0', '0', '0'),c:('1', '0', '0', '0') h1=1 m=1 psi=a:('-1', '0', '0', '0'),b:('1', '0', '0', '0'),c:('-1', '0', '1', '0'): I(V) = 0   I(V^ss) = 0
==> s961 chi#7=a:('0', '0', '0', '1'),b:('1', '0', '0', '0'),c:('1', '0', '0', '0') h1=1 m=1 psi=a:('-1', '0', '0', '0'),b:('1', '0', '0', '0'),c:('-1', '0', '0', '0'): I(V) = 0   I(V^ss) = 0
==> s961 chi#7=a:('0', '0', '0', '1'),b:('1', '0', '0', '0'),c:('1', '0', '0', '0') h1=1 m=1 psi=a:('-1', '0', '0', '0'),b:('1', '0', '0', '0'),c:('0', '0', '-1', '0'): I(V) = 0   I(V^ss) = 0
==> s961 chi#7=a:('0', '0', '0', '1'),b:('1', '0', '0', '0'),c:('1', '0', '0', '0') h1=1 m=1 psi=a:('-1', '0', '0', '0'),b:('1', '0', '0', '0'),c:('1', '0', '-1', '0'): I(V) = 0   I(V^ss) = 0
==> s961 chi#7=a:('0', '0', '0', '1'),b:('1', '0', '0', '0'),c:('1', '0', '0', '0') h1=1 m=1 psi=a:('-1', '0', '0', '0'),b:('-1', '0', '0', '0'),c:('1', '0', '0', '0'): I(V) = 0   I(V^ss) = 0
==> s961 chi#7=a:('0', '0', '0', '1'),b:('1', '0', '0', '0'),c:('1', '0', '0', '0') h1=1 m=1 psi=a:('-1', '0', '0', '0'),b:('-1', '0', '0', '0'),c:('0', '0', '1', '0'): I(V) = 0   I(V^ss) = 0
==> s961 chi#7=a:('0', '0', '0', '1'),b:('1', '0', '0', '0'),c:('1', '0', '0', '0') h1=1 m=1 psi=a:('-1', '0', '0', '0'),b:('-1', '0', '0', '0'),c:('-1', '0', '1', '0'): I(V) = 0   I(V^ss) = 0
==> s961 chi#7=a:('0', '0', '0', '1'),b:('1', '0', '0', '0'),c:('1', '0', '0', '0') h1=1 m=1 psi=a:('-1', '0', '0', '0'),b:('-1', '0', '0', '0'),c:('-1', '0', '0', '0'): I(V) = 0   I(V^ss) = 0
==> s961 chi#7=a:('0', '0', '0', '1'),b:('1', '0', '0', '0'),c:('1', '0', '0', '0') h1=1 m=1 psi=a:('-1', '0', '0', '0'),b:('-1', '0', '0', '0'),c:('0', '0', '-1', '0'): I(V) = 0   I(V^ss) = 0
==> s961 chi#7=a:('0', '0', '0', '1'),b:('1', '0', '0', '0'),c:('1', '0', '0', '0') h1=1 m=1 psi=a:('-1', '0', '0', '0'),b:('-1', '0', '0', '0'),c:('1', '0', '-1', '0'): I(V) = 0   I(V^ss) = 0
==> s961 chi#7=a:('0', '0', '0', '1'),b:('1', '0', '0', '0'),c:('1', '0', '0', '0') h1=1 m=1 psi=chi^1: I(V) = 0   I(V^ss) = 0
==> s961 chi#7=a:('0', '0', '0', '1'),b:('1', '0', '0', '0'),c:('1', '0', '0', '0') h1=1 m=1 psi=chi^2: I(V) = 0   I(V^ss) = 0
==> s961 chi#7=a:('0', '0', '0', '1'),b:('1', '0', '0', '0'),c:('1', '0', '0', '0') h1=1 m=1 psi=chi^3: I(V) = 0   I(V^ss) = 0
==> s961 chi#7=a:('0', '0', '0', '1'),b:('1', '0', '0', '0'),c:('1', '0', '0', '0') h1=1 m=2 psi=a:('1', '0', '0', '0'),b:('1', '0', '0', '0'),c:('1', '0', '0', '0'): I(V) = 0   I(V^ss) = 0
==> s961 chi#7=a:('0', '0', '0', '1'),b:('1', '0', '0', '0'),c:('1', '0', '0', '0') h1=1 m=2 psi=a:('1', '0', '0', '0'),b:('1', '0', '0', '0'),c:('0', '0', '1', '0'): I(V) = 0   I(V^ss) = 0
==> s961 chi#7=a:('0', '0', '0', '1'),b:('1', '0', '0', '0'),c:('1', '0', '0', '0') h1=1 m=2 psi=a:('1', '0', '0', '0'),b:('1', '0', '0', '0'),c:('-1', '0', '1', '0'): I(V) = 0   I(V^ss) = 0
==> s961 chi#7=a:('0', '0', '0', '1'),b:('1', '0', '0', '0'),c:('1', '0', '0', '0') h1=1 m=2 psi=a:('1', '0', '0', '0'),b:('1', '0', '0', '0'),c:('-1', '0', '0', '0'): I(V) = 0   I(V^ss) = 0
==> s961 chi#7=a:('0', '0', '0', '1'),b:('1', '0', '0', '0'),c:('1', '0', '0', '0') h1=1 m=2 psi=a:('1', '0', '0', '0'),b:('1', '0', '0', '0'),c:('0', '0', '-1', '0'): I(V) = 0   I(V^ss) = 0
==> s961 chi#7=a:('0', '0', '0', '1'),b:('1', '0', '0', '0'),c:('1', '0', '0', '0') h1=1 m=2 psi=a:('1', '0', '0', '0'),b:('1', '0', '0', '0'),c:('1', '0', '-1', '0'): I(V) = 0   I(V^ss) = 0
==> s961 chi#7=a:('0', '0', '0', '1'),b:('1', '0', '0', '0'),c:('1', '0', '0', '0') h1=1 m=2 psi=a:('1', '0', '0', '0'),b:('-1', '0', '0', '0'),c:('1', '0', '0', '0'): I(V) = 0   I(V^ss) = 0
==> s961 chi#7=a:('0', '0', '0', '1'),b:('1', '0', '0', '0'),c:('1', '0', '0', '0') h1=1 m=2 psi=a:('1', '0', '0', '0'),b:('-1', '0', '0', '0'),c:('0', '0', '1', '0'): I(V) = 0   I(V^ss) = 0
==> s961 chi#7=a:('0', '0', '0', '1'),b:('1', '0', '0', '0'),c:('1', '0', '0', '0') h1=1 m=2 psi=a:('1', '0', '0', '0'),b:('-1', '0', '0', '0'),c:('-1', '0', '1', '0'): I(V) = 0   I(V^ss) = 0
==> s961 chi#7=a:('0', '0', '0', '1'),b:('1', '0', '0', '0'),c:('1', '0', '0', '0') h1=1 m=2 psi=a:('1', '0', '0', '0'),b:('-1', '0', '0', '0'),c:('-1', '0', '0', '0'): I(V) = 0   I(V^ss) = 0
==> s961 chi#7=a:('0', '0', '0', '1'),b:('1', '0', '0', '0'),c:('1', '0', '0', '0') h1=1 m=2 psi=a:('1', '0', '0', '0'),b:('-1', '0', '0', '0'),c:('0', '0', '-1', '0'): I(V) = 0   I(V^ss) = 0
==> s961 chi#7=a:('0', '0', '0', '1'),b:('1', '0', '0', '0'),c:('1', '0', '0', '0') h1=1 m=2 psi=a:('1', '0', '0', '0'),b:('-1', '0', '0', '0'),c:('1', '0', '-1', '0'): I(V) = 0   I(V^ss) = 0
==> s961 chi#7=a:('0', '0', '0', '1'),b:('1', '0', '0', '0'),c:('1', '0', '0', '0') h1=1 m=2 psi=a:('-1', '0', '0', '0'),b:('1', '0', '0', '0'),c:('1', '0', '0', '0'): I(V) = 0   I(V^ss) = 0
==> s961 chi#7=a:('0', '0', '0', '1'),b:('1', '0', '0', '0'),c:('1', '0', '0', '0') h1=1 m=2 psi=a:('-1', '0', '0', '0'),b:('1', '0', '0', '0'),c:('0', '0', '1', '0'): I(V) = 0   I(V^ss) = 0
==> s961 chi#7=a:('0', '0', '0', '1'),b:('1', '0', '0', '0'),c:('1', '0', '0', '0') h1=1 m=2 psi=a:('-1', '0', '0', '0'),b:('1', '0', '0', '0'),c:('-1', '0', '1', '0'): I(V) = 0   I(V^ss) = 0
==> s961 chi#7=a:('0', '0', '0', '1'),b:('1', '0', '0', '0'),c:('1', '0', '0', '0') h1=1 m=2 psi=a:('-1', '0', '0', '0'),b:('1', '0', '0', '0'),c:('-1', '0', '0', '0'): I(V) = 0   I(V^ss) = 0
==> s961 chi#7=a:('0', '0', '0', '1'),b:('1', '0', '0', '0'),c:('1', '0', '0', '0') h1=1 m=2 psi=a:('-1', '0', '0', '0'),b:('1', '0', '0', '0'),c:('0', '0', '-1', '0'): I(V) = 0   I(V^ss) = 0
==> s961 chi#7=a:('0', '0', '0', '1'),b:('1', '0', '0', '0'),c:('1', '0', '0', '0') h1=1 m=2 psi=a:('-1', '0', '0', '0'),b:('1', '0', '0', '0'),c:('1', '0', '-1', '0'): I(V) = 0   I(V^ss) = 0
==> s961 chi#7=a:('0', '0', '0', '1'),b:('1', '0', '0', '0'),c:('1', '0', '0', '0') h1=1 m=2 psi=a:('-1', '0', '0', '0'),b:('-1', '0', '0', '0'),c:('1', '0', '0', '0'): I(V) = 0   I(V^ss) = 0
==> s961 chi#7=a:('0', '0', '0', '1'),b:('1', '0', '0', '0'),c:('1', '0', '0', '0') h1=1 m=2 psi=a:('-1', '0', '0', '0'),b:('-1', '0', '0', '0'),c:('0', '0', '1', '0'): I(V) = 0   I(V^ss) = 0
==> s961 chi#7=a:('0', '0', '0', '1'),b:('1', '0', '0', '0'),c:('1', '0', '0', '0') h1=1 m=2 psi=a:('-1', '0', '0', '0'),b:('-1', '0', '0', '0'),c:('-1', '0', '1', '0'): I(V) = 0   I(V^ss) = 0
==> s961 chi#7=a:('0', '0', '0', '1'),b:('1', '0', '0', '0'),c:('1', '0', '0', '0') h1=1 m=2 psi=a:('-1', '0', '0', '0'),b:('-1', '0', '0', '0'),c:('-1', '0', '0', '0'): I(V) = 0   I(V^ss) = 0
==> s961 chi#7=a:('0', '0', '0', '1'),b:('1', '0', '0', '0'),c:('1', '0', '0', '0') h1=1 m=2 psi=a:('-1', '0', '0', '0'),b:('-1', '0', '0', '0'),c:('0', '0', '-1', '0'): I(V) = 0   I(V^ss) = 0
==> s961 chi#7=a:('0', '0', '0', '1'),b:('1', '0', '0', '0'),c:('1', '0', '0', '0') h1=1 m=2 psi=a:('-1', '0', '0', '0'),b:('-1', '0', '0', '0'),c:('1', '0', '-1', '0'): I(V) = 0   I(V^ss) = 0
==> s961 chi#7=a:('0', '0', '0', '1'),b:('1', '0', '0', '0'),c:('1', '0', '0', '0') h1=1 m=2 psi=chi^1: I(V) = 0   I(V^ss) = 0
==> s961 chi#7=a:('0', '0', '0', '1'),b:('1', '0', '0', '0'),c:('1', '0', '0', '0') h1=1 m=2 psi=chi^2: I(V) = 0   I(V^ss) = 0
==> s961 chi#7=a:('0', '0', '0', '1'),b:('1', '0', '0', '0'),c:('1', '0', '0', '0') h1=1 m=2 psi=chi^3: I(V) = 0   I(V^ss) = 0
==> s961 chi#7=a:('0', '0', '0', '1'),b:('1', '0', '0', '0'),c:('1', '0', '0', '0') h1=1 m=3 psi=a:('1', '0', '0', '0'),b:('1', '0', '0', '0'),c:('1', '0', '0', '0'): I(V) = 0   I(V^ss) = 0
==> s961 chi#7=a:('0', '0', '0', '1'),b:('1', '0', '0', '0'),c:('1', '0', '0', '0') h1=1 m=3 psi=a:('1', '0', '0', '0'),b:('1', '0', '0', '0'),c:('0', '0', '1', '0'): I(V) = 0   I(V^ss) = 0
==> s961 chi#7=a:('0', '0', '0', '1'),b:('1', '0', '0', '0'),c:('1', '0', '0', '0') h1=1 m=3 psi=a:('1', '0', '0', '0'),b:('1', '0', '0', '0'),c:('-1', '0', '1', '0'): I(V) = 0   I(V^ss) = 0
==> s961 chi#7=a:('0', '0', '0', '1'),b:('1', '0', '0', '0'),c:('1', '0', '0', '0') h1=1 m=3 psi=a:('1', '0', '0', '0'),b:('1', '0', '0', '0'),c:('-1', '0', '0', '0'): I(V) = 0   I(V^ss) = 0
==> s961 chi#7=a:('0', '0', '0', '1'),b:('1', '0', '0', '0'),c:('1', '0', '0', '0') h1=1 m=3 psi=a:('1', '0', '0', '0'),b:('1', '0', '0', '0'),c:('0', '0', '-1', '0'): I(V) = 0   I(V^ss) = 0
==> s961 chi#7=a:('0', '0', '0', '1'),b:('1', '0', '0', '0'),c:('1', '0', '0', '0') h1=1 m=3 psi=a:('1', '0', '0', '0'),b:('1', '0', '0', '0'),c:('1', '0', '-1', '0'): I(V) = 0   I(V^ss) = 0
==> s961 chi#7=a:('0', '0', '0', '1'),b:('1', '0', '0', '0'),c:('1', '0', '0', '0') h1=1 m=3 psi=a:('1', '0', '0', '0'),b:('-1', '0', '0', '0'),c:('1', '0', '0', '0'): I(V) = 0   I(V^ss) = 0
==> s961 chi#7=a:('0', '0', '0', '1'),b:('1', '0', '0', '0'),c:('1', '0', '0', '0') h1=1 m=3 psi=a:('1', '0', '0', '0'),b:('-1', '0', '0', '0'),c:('0', '0', '1', '0'): I(V) = 0   I(V^ss) = 0
==> s961 chi#7=a:('0', '0', '0', '1'),b:('1', '0', '0', '0'),c:('1', '0', '0', '0') h1=1 m=3 psi=a:('1', '0', '0', '0'),b:('-1', '0', '0', '0'),c:('-1', '0', '1', '0'): I(V) = 0   I(V^ss) = 0
==> s961 chi#7=a:('0', '0', '0', '1'),b:('1', '0', '0', '0'),c:('1', '0', '0', '0') h1=1 m=3 psi=a:('1', '0', '0', '0'),b:('-1', '0', '0', '0'),c:('-1', '0', '0', '0'): I(V) = 0   I(V^ss) = 0
==> s961 chi#7=a:('0', '0', '0', '1'),b:('1', '0', '0', '0'),c:('1', '0', '0', '0') h1=1 m=3 psi=a:('1', '0', '0', '0'),b:('-1', '0', '0', '0'),c:('0', '0', '-1', '0'): I(V) = 0   I(V^ss) = 0
==> s961 chi#7=a:('0', '0', '0', '1'),b:('1', '0', '0', '0'),c:('1', '0', '0', '0') h1=1 m=3 psi=a:('1', '0', '0', '0'),b:('-1', '0', '0', '0'),c:('1', '0', '-1', '0'): I(V) = 0   I(V^ss) = 0
==> s961 chi#7=a:('0', '0', '0', '1'),b:('1', '0', '0', '0'),c:('1', '0', '0', '0') h1=1 m=3 psi=a:('-1', '0', '0', '0'),b:('1', '0', '0', '0'),c:('1', '0', '0', '0'): I(V) = 0   I(V^ss) = 0
==> s961 chi#7=a:('0', '0', '0', '1'),b:('1', '0', '0', '0'),c:('1', '0', '0', '0') h1=1 m=3 psi=a:('-1', '0', '0', '0'),b:('1', '0', '0', '0'),c:('0', '0', '1', '0'): I(V) = 0   I(V^ss) = 0
==> s961 chi#7=a:('0', '0', '0', '1'),b:('1', '0', '0', '0'),c:('1', '0', '0', '0') h1=1 m=3 psi=a:('-1', '0', '0', '0'),b:('1', '0', '0', '0'),c:('-1', '0', '1', '0'): I(V) = 0   I(V^ss) = 0
==> s961 chi#7=a:('0', '0', '0', '1'),b:('1', '0', '0', '0'),c:('1', '0', '0', '0') h1=1 m=3 psi=a:('-1', '0', '0', '0'),b:('1', '0', '0', '0'),c:('-1', '0', '0', '0'): I(V) = 0   I(V^ss) = 0
==> s961 chi#7=a:('0', '0', '0', '1'),b:('1', '0', '0', '0'),c:('1', '0', '0', '0') h1=1 m=3 psi=a:('-1', '0', '0', '0'),b:('1', '0', '0', '0'),c:('0', '0', '-1', '0'): I(V) = 0   I(V^ss) = 0
==> s961 chi#7=a:('0', '0', '0', '1'),b:('1', '0', '0', '0'),c:('1', '0', '0', '0') h1=1 m=3 psi=a:('-1', '0', '0', '0'),b:('1', '0', '0', '0'),c:('1', '0', '-1', '0'): I(V) = 0   I(V^ss) = 0
==> s961 chi#7=a:('0', '0', '0', '1'),b:('1', '0', '0', '0'),c:('1', '0', '0', '0') h1=1 m=3 psi=a:('-1', '0', '0', '0'),b:('-1', '0', '0', '0'),c:('1', '0', '0', '0'): I(V) = 0   I(V^ss) = 0
==> s961 chi#7=a:('0', '0', '0', '1'),b:('1', '0', '0', '0'),c:('1', '0', '0', '0') h1=1 m=3 psi=a:('-1', '0', '0', '0'),b:('-1', '0', '0', '0'),c:('0', '0', '1', '0'): I(V) = 0   I(V^ss) = 0
==> s961 chi#7=a:('0', '0', '0', '1'),b:('1', '0', '0', '0'),c:('1', '0', '0', '0') h1=1 m=3 psi=a:('-1', '0', '0', '0'),b:('-1', '0', '0', '0'),c:('-1', '0', '1', '0'): I(V) = 0   I(V^ss) = 0
==> s961 chi#7=a:('0', '0', '0', '1'),b:('1', '0', '0', '0'),c:('1', '0', '0', '0') h1=1 m=3 psi=a:('-1', '0', '0', '0'),b:('-1', '0', '0', '0'),c:('-1', '0', '0', '0'): I(V) = 0   I(V^ss) = 0
==> s961 chi#7=a:('0', '0', '0', '1'),b:('1', '0', '0', '0'),c:('1', '0', '0', '0') h1=1 m=3 psi=a:('-1', '0', '0', '0'),b:('-1', '0', '0', '0'),c:('0', '0', '-1', '0'): I(V) = 0   I(V^ss) = 0
==> s961 chi#7=a:('0', '0', '0', '1'),b:('1', '0', '0', '0'),c:('1', '0', '0', '0') h1=1 m=3 psi=a:('-1', '0', '0', '0'),b:('-1', '0', '0', '0'),c:('1', '0', '-1', '0'): I(V) = 0   I(V^ss) = 0
==> s961 chi#7=a:('0', '0', '0', '1'),b:('1', '0', '0', '0'),c:('1', '0', '0', '0') h1=1 m=3 psi=chi^1: I(V) = 0   I(V^ss) = 0
==> s961 chi#7=a:('0', '0', '0', '1'),b:('1', '0', '0', '0'),c:('1', '0', '0', '0') h1=1 m=3 psi=chi^2: I(V) = 0   I(V^ss) = 0
==> s961 chi#7=a:('0', '0', '0', '1'),b:('1', '0', '0', '0'),c:('1', '0', '0', '0') h1=1 m=3 psi=chi^3: I(V) = 0   I(V^ss) = 0
  locus chi#8=a:('0', '0', '0', '1'),b:('1', '0', '0', '0'),c:('-1', '0', '0', '0') h1=1
==> s961 chi#8=a:('0', '0', '0', '1'),b:('1', '0', '0', '0'),c:('-1', '0', '0', '0') h1=1 m=1 psi=a:('1', '0', '0', '0'),b:('1', '0', '0', '0'),c:('1', '0', '0', '0'): I(V) = 0   I(V^ss) = 0
==> s961 chi#8=a:('0', '0', '0', '1'),b:('1', '0', '0', '0'),c:('-1', '0', '0', '0') h1=1 m=1 psi=a:('1', '0', '0', '0'),b:('1', '0', '0', '0'),c:('0', '0', '1', '0'): I(V) = 0   I(V^ss) = 0
==> s961 chi#8=a:('0', '0', '0', '1'),b:('1', '0', '0', '0'),c:('-1', '0', '0', '0') h1=1 m=1 psi=a:('1', '0', '0', '0'),b:('1', '0', '0', '0'),c:('-1', '0', '1', '0'): I(V) = 0   I(V^ss) = 0
==> s961 chi#8=a:('0', '0', '0', '1'),b:('1', '0', '0', '0'),c:('-1', '0', '0', '0') h1=1 m=1 psi=a:('1', '0', '0', '0'),b:('1', '0', '0', '0'),c:('-1', '0', '0', '0'): I(V) = 0   I(V^ss) = 0
==> s961 chi#8=a:('0', '0', '0', '1'),b:('1', '0', '0', '0'),c:('-1', '0', '0', '0') h1=1 m=1 psi=a:('1', '0', '0', '0'),b:('1', '0', '0', '0'),c:('0', '0', '-1', '0'): I(V) = 0   I(V^ss) = 0
==> s961 chi#8=a:('0', '0', '0', '1'),b:('1', '0', '0', '0'),c:('-1', '0', '0', '0') h1=1 m=1 psi=a:('1', '0', '0', '0'),b:('1', '0', '0', '0'),c:('1', '0', '-1', '0'): I(V) = 0   I(V^ss) = 0
==> s961 chi#8=a:('0', '0', '0', '1'),b:('1', '0', '0', '0'),c:('-1', '0', '0', '0') h1=1 m=1 psi=a:('1', '0', '0', '0'),b:('-1', '0', '0', '0'),c:('1', '0', '0', '0'): I(V) = 0   I(V^ss) = 0
==> s961 chi#8=a:('0', '0', '0', '1'),b:('1', '0', '0', '0'),c:('-1', '0', '0', '0') h1=1 m=1 psi=a:('1', '0', '0', '0'),b:('-1', '0', '0', '0'),c:('0', '0', '1', '0'): I(V) = 0   I(V^ss) = 0
==> s961 chi#8=a:('0', '0', '0', '1'),b:('1', '0', '0', '0'),c:('-1', '0', '0', '0') h1=1 m=1 psi=a:('1', '0', '0', '0'),b:('-1', '0', '0', '0'),c:('-1', '0', '1', '0'): I(V) = 0   I(V^ss) = 0
==> s961 chi#8=a:('0', '0', '0', '1'),b:('1', '0', '0', '0'),c:('-1', '0', '0', '0') h1=1 m=1 psi=a:('1', '0', '0', '0'),b:('-1', '0', '0', '0'),c:('-1', '0', '0', '0'): I(V) = 0   I(V^ss) = 0
==> s961 chi#8=a:('0', '0', '0', '1'),b:('1', '0', '0', '0'),c:('-1', '0', '0', '0') h1=1 m=1 psi=a:('1', '0', '0', '0'),b:('-1', '0', '0', '0'),c:('0', '0', '-1', '0'): I(V) = 0   I(V^ss) = 0
==> s961 chi#8=a:('0', '0', '0', '1'),b:('1', '0', '0', '0'),c:('-1', '0', '0', '0') h1=1 m=1 psi=a:('1', '0', '0', '0'),b:('-1', '0', '0', '0'),c:('1', '0', '-1', '0'): I(V) = 0   I(V^ss) = 0
==> s961 chi#8=a:('0', '0', '0', '1'),b:('1', '0', '0', '0'),c:('-1', '0', '0', '0') h1=1 m=1 psi=a:('-1', '0', '0', '0'),b:('1', '0', '0', '0'),c:('1', '0', '0', '0'): I(V) = 0   I(V^ss) = 0
==> s961 chi#8=a:('0', '0', '0', '1'),b:('1', '0', '0', '0'),c:('-1', '0', '0', '0') h1=1 m=1 psi=a:('-1', '0', '0', '0'),b:('1', '0', '0', '0'),c:('0', '0', '1', '0'): I(V) = 0   I(V^ss) = 0
==> s961 chi#8=a:('0', '0', '0', '1'),b:('1', '0', '0', '0'),c:('-1', '0', '0', '0') h1=1 m=1 psi=a:('-1', '0', '0', '0'),b:('1', '0', '0', '0'),c:('-1', '0', '1', '0'): I(V) = 0   I(V^ss) = 0
==> s961 chi#8=a:('0', '0', '0', '1'),b:('1', '0', '0', '0'),c:('-1', '0', '0', '0') h1=1 m=1 psi=a:('-1', '0', '0', '0'),b:('1', '0', '0', '0'),c:('-1', '0', '0', '0'): I(V) = 0   I(V^ss) = 0
==> s961 chi#8=a:('0', '0', '0', '1'),b:('1', '0', '0', '0'),c:('-1', '0', '0', '0') h1=1 m=1 psi=a:('-1', '0', '0', '0'),b:('1', '0', '0', '0'),c:('0', '0', '-1', '0'): I(V) = 0   I(V^ss) = 0
==> s961 chi#8=a:('0', '0', '0', '1'),b:('1', '0', '0', '0'),c:('-1', '0', '0', '0') h1=1 m=1 psi=a:('-1', '0', '0', '0'),b:('1', '0', '0', '0'),c:('1', '0', '-1', '0'): I(V) = 0   I(V^ss) = 0
==> s961 chi#8=a:('0', '0', '0', '1'),b:('1', '0', '0', '0'),c:('-1', '0', '0', '0') h1=1 m=1 psi=a:('-1', '0', '0', '0'),b:('-1', '0', '0', '0'),c:('1', '0', '0', '0'): I(V) = 0   I(V^ss) = 0
==> s961 chi#8=a:('0', '0', '0', '1'),b:('1', '0', '0', '0'),c:('-1', '0', '0', '0') h1=1 m=1 psi=a:('-1', '0', '0', '0'),b:('-1', '0', '0', '0'),c:('0', '0', '1', '0'): I(V) = 0   I(V^ss) = 0
==> s961 chi#8=a:('0', '0', '0', '1'),b:('1', '0', '0', '0'),c:('-1', '0', '0', '0') h1=1 m=1 psi=a:('-1', '0', '0', '0'),b:('-1', '0', '0', '0'),c:('-1', '0', '1', '0'): I(V) = 0   I(V^ss) = 0
==> s961 chi#8=a:('0', '0', '0', '1'),b:('1', '0', '0', '0'),c:('-1', '0', '0', '0') h1=1 m=1 psi=a:('-1', '0', '0', '0'),b:('-1', '0', '0', '0'),c:('-1', '0', '0', '0'): I(V) = 0   I(V^ss) = 0
==> s961 chi#8=a:('0', '0', '0', '1'),b:('1', '0', '0', '0'),c:('-1', '0', '0', '0') h1=1 m=1 psi=a:('-1', '0', '0', '0'),b:('-1', '0', '0', '0'),c:('0', '0', '-1', '0'): I(V) = 0   I(V^ss) = 0
==> s961 chi#8=a:('0', '0', '0', '1'),b:('1', '0', '0', '0'),c:('-1', '0', '0', '0') h1=1 m=1 psi=a:('-1', '0', '0', '0'),b:('-1', '0', '0', '0'),c:('1', '0', '-1', '0'): I(V) = 0   I(V^ss) = 0
==> s961 chi#8=a:('0', '0', '0', '1'),b:('1', '0', '0', '0'),c:('-1', '0', '0', '0') h1=1 m=1 psi=chi^1: I(V) = 0   I(V^ss) = 0
==> s961 chi#8=a:('0', '0', '0', '1'),b:('1', '0', '0', '0'),c:('-1', '0', '0', '0') h1=1 m=1 psi=chi^2: I(V) = 0   I(V^ss) = 0
==> s961 chi#8=a:('0', '0', '0', '1'),b:('1', '0', '0', '0'),c:('-1', '0', '0', '0') h1=1 m=1 psi=chi^3: I(V) = 0   I(V^ss) = 0
==> s961 chi#8=a:('0', '0', '0', '1'),b:('1', '0', '0', '0'),c:('-1', '0', '0', '0') h1=1 m=2 psi=a:('1', '0', '0', '0'),b:('1', '0', '0', '0'),c:('1', '0', '0', '0'): I(V) = 0   I(V^ss) = 0
==> s961 chi#8=a:('0', '0', '0', '1'),b:('1', '0', '0', '0'),c:('-1', '0', '0', '0') h1=1 m=2 psi=a:('1', '0', '0', '0'),b:('1', '0', '0', '0'),c:('0', '0', '1', '0'): I(V) = 0   I(V^ss) = 0
==> s961 chi#8=a:('0', '0', '0', '1'),b:('1', '0', '0', '0'),c:('-1', '0', '0', '0') h1=1 m=2 psi=a:('1', '0', '0', '0'),b:('1', '0', '0', '0'),c:('-1', '0', '1', '0'): I(V) = 0   I(V^ss) = 0
==> s961 chi#8=a:('0', '0', '0', '1'),b:('1', '0', '0', '0'),c:('-1', '0', '0', '0') h1=1 m=2 psi=a:('1', '0', '0', '0'),b:('1', '0', '0', '0'),c:('-1', '0', '0', '0'): I(V) = 0   I(V^ss) = 0
==> s961 chi#8=a:('0', '0', '0', '1'),b:('1', '0', '0', '0'),c:('-1', '0', '0', '0') h1=1 m=2 psi=a:('1', '0', '0', '0'),b:('1', '0', '0', '0'),c:('0', '0', '-1', '0'): I(V) = 0   I(V^ss) = 0
==> s961 chi#8=a:('0', '0', '0', '1'),b:('1', '0', '0', '0'),c:('-1', '0', '0', '0') h1=1 m=2 psi=a:('1', '0', '0', '0'),b:('1', '0', '0', '0'),c:('1', '0', '-1', '0'): I(V) = 0   I(V^ss) = 0
==> s961 chi#8=a:('0', '0', '0', '1'),b:('1', '0', '0', '0'),c:('-1', '0', '0', '0') h1=1 m=2 psi=a:('1', '0', '0', '0'),b:('-1', '0', '0', '0'),c:('1', '0', '0', '0'): I(V) = 0   I(V^ss) = 0
==> s961 chi#8=a:('0', '0', '0', '1'),b:('1', '0', '0', '0'),c:('-1', '0', '0', '0') h1=1 m=2 psi=a:('1', '0', '0', '0'),b:('-1', '0', '0', '0'),c:('0', '0', '1', '0'): I(V) = 0   I(V^ss) = 0
==> s961 chi#8=a:('0', '0', '0', '1'),b:('1', '0', '0', '0'),c:('-1', '0', '0', '0') h1=1 m=2 psi=a:('1', '0', '0', '0'),b:('-1', '0', '0', '0'),c:('-1', '0', '1', '0'): I(V) = 0   I(V^ss) = 0
==> s961 chi#8=a:('0', '0', '0', '1'),b:('1', '0', '0', '0'),c:('-1', '0', '0', '0') h1=1 m=2 psi=a:('1', '0', '0', '0'),b:('-1', '0', '0', '0'),c:('-1', '0', '0', '0'): I(V) = 0   I(V^ss) = 0
==> s961 chi#8=a:('0', '0', '0', '1'),b:('1', '0', '0', '0'),c:('-1', '0', '0', '0') h1=1 m=2 psi=a:('1', '0', '0', '0'),b:('-1', '0', '0', '0'),c:('0', '0', '-1', '0'): I(V) = 0   I(V^ss) = 0
==> s961 chi#8=a:('0', '0', '0', '1'),b:('1', '0', '0', '0'),c:('-1', '0', '0', '0') h1=1 m=2 psi=a:('1', '0', '0', '0'),b:('-1', '0', '0', '0'),c:('1', '0', '-1', '0'): I(V) = 0   I(V^ss) = 0
==> s961 chi#8=a:('0', '0', '0', '1'),b:('1', '0', '0', '0'),c:('-1', '0', '0', '0') h1=1 m=2 psi=a:('-1', '0', '0', '0'),b:('1', '0', '0', '0'),c:('1', '0', '0', '0'): I(V) = 0   I(V^ss) = 0
==> s961 chi#8=a:('0', '0', '0', '1'),b:('1', '0', '0', '0'),c:('-1', '0', '0', '0') h1=1 m=2 psi=a:('-1', '0', '0', '0'),b:('1', '0', '0', '0'),c:('0', '0', '1', '0'): I(V) = 0   I(V^ss) = 0
==> s961 chi#8=a:('0', '0', '0', '1'),b:('1', '0', '0', '0'),c:('-1', '0', '0', '0') h1=1 m=2 psi=a:('-1', '0', '0', '0'),b:('1', '0', '0', '0'),c:('-1', '0', '1', '0'): I(V) = 0   I(V^ss) = 0
==> s961 chi#8=a:('0', '0', '0', '1'),b:('1', '0', '0', '0'),c:('-1', '0', '0', '0') h1=1 m=2 psi=a:('-1', '0', '0', '0'),b:('1', '0', '0', '0'),c:('-1', '0', '0', '0'): I(V) = 0   I(V^ss) = 0
==> s961 chi#8=a:('0', '0', '0', '1'),b:('1', '0', '0', '0'),c:('-1', '0', '0', '0') h1=1 m=2 psi=a:('-1', '0', '0', '0'),b:('1', '0', '0', '0'),c:('0', '0', '-1', '0'): I(V) = 0   I(V^ss) = 0
==> s961 chi#8=a:('0', '0', '0', '1'),b:('1', '0', '0', '0'),c:('-1', '0', '0', '0') h1=1 m=2 psi=a:('-1', '0', '0', '0'),b:('1', '0', '0', '0'),c:('1', '0', '-1', '0'): I(V) = 0   I(V^ss) = 0
==> s961 chi#8=a:('0', '0', '0', '1'),b:('1', '0', '0', '0'),c:('-1', '0', '0', '0') h1=1 m=2 psi=a:('-1', '0', '0', '0'),b:('-1', '0', '0', '0'),c:('1', '0', '0', '0'): I(V) = 0   I(V^ss) = 0
==> s961 chi#8=a:('0', '0', '0', '1'),b:('1', '0', '0', '0'),c:('-1', '0', '0', '0') h1=1 m=2 psi=a:('-1', '0', '0', '0'),b:('-1', '0', '0', '0'),c:('0', '0', '1', '0'): I(V) = 0   I(V^ss) = 0
==> s961 chi#8=a:('0', '0', '0', '1'),b:('1', '0', '0', '0'),c:('-1', '0', '0', '0') h1=1 m=2 psi=a:('-1', '0', '0', '0'),b:('-1', '0', '0', '0'),c:('-1', '0', '1', '0'): I(V) = 0   I(V^ss) = 0
==> s961 chi#8=a:('0', '0', '0', '1'),b:('1', '0', '0', '0'),c:('-1', '0', '0', '0') h1=1 m=2 psi=a:('-1', '0', '0', '0'),b:('-1', '0', '0', '0'),c:('-1', '0', '0', '0'): I(V) = 0   I(V^ss) = 0
==> s961 chi#8=a:('0', '0', '0', '1'),b:('1', '0', '0', '0'),c:('-1', '0', '0', '0') h1=1 m=2 psi=a:('-1', '0', '0', '0'),b:('-1', '0', '0', '0'),c:('0', '0', '-1', '0'): I(V) = 0   I(V^ss) = 0
==> s961 chi#8=a:('0', '0', '0', '1'),b:('1', '0', '0', '0'),c:('-1', '0', '0', '0') h1=1 m=2 psi=a:('-1', '0', '0', '0'),b:('-1', '0', '0', '0'),c:('1', '0', '-1', '0'): I(V) = 0   I(V^ss) = 0
==> s961 chi#8=a:('0', '0', '0', '1'),b:('1', '0', '0', '0'),c:('-1', '0', '0', '0') h1=1 m=2 psi=chi^1: I(V) = 0   I(V^ss) = 0
==> s961 chi#8=a:('0', '0', '0', '1'),b:('1', '0', '0', '0'),c:('-1', '0', '0', '0') h1=1 m=2 psi=chi^2: I(V) = 0   I(V^ss) = 0
==> s961 chi#8=a:('0', '0', '0', '1'),b:('1', '0', '0', '0'),c:('-1', '0', '0', '0') h1=1 m=2 psi=chi^3: I(V) = 0   I(V^ss) = 0
==> s961 chi#8=a:('0', '0', '0', '1'),b:('1', '0', '0', '0'),c:('-1', '0', '0', '0') h1=1 m=3 psi=a:('1', '0', '0', '0'),b:('1', '0', '0', '0'),c:('1', '0', '0', '0'): I(V) = 0   I(V^ss) = 0
==> s961 chi#8=a:('0', '0', '0', '1'),b:('1', '0', '0', '0'),c:('-1', '0', '0', '0') h1=1 m=3 psi=a:('1', '0', '0', '0'),b:('1', '0', '0', '0'),c:('0', '0', '1', '0'): I(V) = 0   I(V^ss) = 0
==> s961 chi#8=a:('0', '0', '0', '1'),b:('1', '0', '0', '0'),c:('-1', '0', '0', '0') h1=1 m=3 psi=a:('1', '0', '0', '0'),b:('1', '0', '0', '0'),c:('-1', '0', '1', '0'): I(V) = 0   I(V^ss) = 0
==> s961 chi#8=a:('0', '0', '0', '1'),b:('1', '0', '0', '0'),c:('-1', '0', '0', '0') h1=1 m=3 psi=a:('1', '0', '0', '0'),b:('1', '0', '0', '0'),c:('-1', '0', '0', '0'): I(V) = 0   I(V^ss) = 0
==> s961 chi#8=a:('0', '0', '0', '1'),b:('1', '0', '0', '0'),c:('-1', '0', '0', '0') h1=1 m=3 psi=a:('1', '0', '0', '0'),b:('1', '0', '0', '0'),c:('0', '0', '-1', '0'): I(V) = 0   I(V^ss) = 0
==> s961 chi#8=a:('0', '0', '0', '1'),b:('1', '0', '0', '0'),c:('-1', '0', '0', '0') h1=1 m=3 psi=a:('1', '0', '0', '0'),b:('1', '0', '0', '0'),c:('1', '0', '-1', '0'): I(V) = 0   I(V^ss) = 0
==> s961 chi#8=a:('0', '0', '0', '1'),b:('1', '0', '0', '0'),c:('-1', '0', '0', '0') h1=1 m=3 psi=a:('1', '0', '0', '0'),b:('-1', '0', '0', '0'),c:('1', '0', '0', '0'): I(V) = 0   I(V^ss) = 0
==> s961 chi#8=a:('0', '0', '0', '1'),b:('1', '0', '0', '0'),c:('-1', '0', '0', '0') h1=1 m=3 psi=a:('1', '0', '0', '0'),b:('-1', '0', '0', '0'),c:('0', '0', '1', '0'): I(V) = 0   I(V^ss) = 0
==> s961 chi#8=a:('0', '0', '0', '1'),b:('1', '0', '0', '0'),c:('-1', '0', '0', '0') h1=1 m=3 psi=a:('1', '0', '0', '0'),b:('-1', '0', '0', '0'),c:('-1', '0', '1', '0'): I(V) = 0   I(V^ss) = 0
==> s961 chi#8=a:('0', '0', '0', '1'),b:('1', '0', '0', '0'),c:('-1', '0', '0', '0') h1=1 m=3 psi=a:('1', '0', '0', '0'),b:('-1', '0', '0', '0'),c:('-1', '0', '0', '0'): I(V) = 0   I(V^ss) = 0
==> s961 chi#8=a:('0', '0', '0', '1'),b:('1', '0', '0', '0'),c:('-1', '0', '0', '0') h1=1 m=3 psi=a:('1', '0', '0', '0'),b:('-1', '0', '0', '0'),c:('0', '0', '-1', '0'): I(V) = 0   I(V^ss) = 0
==> s961 chi#8=a:('0', '0', '0', '1'),b:('1', '0', '0', '0'),c:('-1', '0', '0', '0') h1=1 m=3 psi=a:('1', '0', '0', '0'),b:('-1', '0', '0', '0'),c:('1', '0', '-1', '0'): I(V) = 0   I(V^ss) = 0
==> s961 chi#8=a:('0', '0', '0', '1'),b:('1', '0', '0', '0'),c:('-1', '0', '0', '0') h1=1 m=3 psi=a:('-1', '0', '0', '0'),b:('1', '0', '0', '0'),c:('1', '0', '0', '0'): I(V) = 0   I(V^ss) = 0
==> s961 chi#8=a:('0', '0', '0', '1'),b:('1', '0', '0', '0'),c:('-1', '0', '0', '0') h1=1 m=3 psi=a:('-1', '0', '0', '0'),b:('1', '0', '0', '0'),c:('0', '0', '1', '0'): I(V) = 0   I(V^ss) = 0
==> s961 chi#8=a:('0', '0', '0', '1'),b:('1', '0', '0', '0'),c:('-1', '0', '0', '0') h1=1 m=3 psi=a:('-1', '0', '0', '0'),b:('1', '0', '0', '0'),c:('-1', '0', '1', '0'): I(V) = 0   I(V^ss) = 0
==> s961 chi#8=a:('0', '0', '0', '1'),b:('1', '0', '0', '0'),c:('-1', '0', '0', '0') h1=1 m=3 psi=a:('-1', '0', '0', '0'),b:('1', '0', '0', '0'),c:('-1', '0', '0', '0'): I(V) = 0   I(V^ss) = 0
==> s961 chi#8=a:('0', '0', '0', '1'),b:('1', '0', '0', '0'),c:('-1', '0', '0', '0') h1=1 m=3 psi=a:('-1', '0', '0', '0'),b:('1', '0', '0', '0'),c:('0', '0', '-1', '0'): I(V) = 0   I(V^ss) = 0
==> s961 chi#8=a:('0', '0', '0', '1'),b:('1', '0', '0', '0'),c:('-1', '0', '0', '0') h1=1 m=3 psi=a:('-1', '0', '0', '0'),b:('1', '0', '0', '0'),c:('1', '0', '-1', '0'): I(V) = 0   I(V^ss) = 0
==> s961 chi#8=a:('0', '0', '0', '1'),b:('1', '0', '0', '0'),c:('-1', '0', '0', '0') h1=1 m=3 psi=a:('-1', '0', '0', '0'),b:('-1', '0', '0', '0'),c:('1', '0', '0', '0'): I(V) = 0   I(V^ss) = 0
==> s961 chi#8=a:('0', '0', '0', '1'),b:('1', '0', '0', '0'),c:('-1', '0', '0', '0') h1=1 m=3 psi=a:('-1', '0', '0', '0'),b:('-1', '0', '0', '0'),c:('0', '0', '1', '0'): I(V) = 0   I(V^ss) = 0
==> s961 chi#8=a:('0', '0', '0', '1'),b:('1', '0', '0', '0'),c:('-1', '0', '0', '0') h1=1 m=3 psi=a:('-1', '0', '0', '0'),b:('-1', '0', '0', '0'),c:('-1', '0', '1', '0'): I(V) = 0   I(V^ss) = 0
==> s961 chi#8=a:('0', '0', '0', '1'),b:('1', '0', '0', '0'),c:('-1', '0', '0', '0') h1=1 m=3 psi=a:('-1', '0', '0', '0'),b:('-1', '0', '0', '0'),c:('-1', '0', '0', '0'): I(V) = 0   I(V^ss) = 0
==> s961 chi#8=a:('0', '0', '0', '1'),b:('1', '0', '0', '0'),c:('-1', '0', '0', '0') h1=1 m=3 psi=a:('-1', '0', '0', '0'),b:('-1', '0', '0', '0'),c:('0', '0', '-1', '0'): I(V) = 0   I(V^ss) = 0
==> s961 chi#8=a:('0', '0', '0', '1'),b:('1', '0', '0', '0'),c:('-1', '0', '0', '0') h1=1 m=3 psi=a:('-1', '0', '0', '0'),b:('-1', '0', '0', '0'),c:('1', '0', '-1', '0'): I(V) = 0   I(V^ss) = 0
==> s961 chi#8=a:('0', '0', '0', '1'),b:('1', '0', '0', '0'),c:('-1', '0', '0', '0') h1=1 m=3 psi=chi^1: I(V) = 0   I(V^ss) = 0
==> s961 chi#8=a:('0', '0', '0', '1'),b:('1', '0', '0', '0'),c:('-1', '0', '0', '0') h1=1 m=3 psi=chi^2: I(V) = 0   I(V^ss) = 0
==> s961 chi#8=a:('0', '0', '0', '1'),b:('1', '0', '0', '0'),c:('-1', '0', '0', '0') h1=1 m=3 psi=chi^3: I(V) = 0   I(V^ss) = 0
  locus chi#9=a:('0', '0', '0', '1'),b:('0', '0', '0', '1'),c:('0', '0', '0', '1') h1=1
==> s961 chi#9=a:('0', '0', '0', '1'),b:('0', '0', '0', '1'),c:('0', '0', '0', '1') h1=1 m=1 psi=a:('1', '0', '0', '0'),b:('1', '0', '0', '0'),c:('1', '0', '0', '0'): I(V) = 0   I(V^ss) = 0
==> s961 chi#9=a:('0', '0', '0', '1'),b:('0', '0', '0', '1'),c:('0', '0', '0', '1') h1=1 m=1 psi=a:('1', '0', '0', '0'),b:('1', '0', '0', '0'),c:('0', '0', '1', '0'): I(V) = 0   I(V^ss) = 0
==> s961 chi#9=a:('0', '0', '0', '1'),b:('0', '0', '0', '1'),c:('0', '0', '0', '1') h1=1 m=1 psi=a:('1', '0', '0', '0'),b:('1', '0', '0', '0'),c:('-1', '0', '1', '0'): I(V) = 0   I(V^ss) = 0
==> s961 chi#9=a:('0', '0', '0', '1'),b:('0', '0', '0', '1'),c:('0', '0', '0', '1') h1=1 m=1 psi=a:('1', '0', '0', '0'),b:('1', '0', '0', '0'),c:('-1', '0', '0', '0'): I(V) = 0   I(V^ss) = 0
==> s961 chi#9=a:('0', '0', '0', '1'),b:('0', '0', '0', '1'),c:('0', '0', '0', '1') h1=1 m=1 psi=a:('1', '0', '0', '0'),b:('1', '0', '0', '0'),c:('0', '0', '-1', '0'): I(V) = 0   I(V^ss) = 0
==> s961 chi#9=a:('0', '0', '0', '1'),b:('0', '0', '0', '1'),c:('0', '0', '0', '1') h1=1 m=1 psi=a:('1', '0', '0', '0'),b:('1', '0', '0', '0'),c:('1', '0', '-1', '0'): I(V) = 0   I(V^ss) = 0
==> s961 chi#9=a:('0', '0', '0', '1'),b:('0', '0', '0', '1'),c:('0', '0', '0', '1') h1=1 m=1 psi=a:('1', '0', '0', '0'),b:('-1', '0', '0', '0'),c:('1', '0', '0', '0'): I(V) = 0   I(V^ss) = 0
==> s961 chi#9=a:('0', '0', '0', '1'),b:('0', '0', '0', '1'),c:('0', '0', '0', '1') h1=1 m=1 psi=a:('1', '0', '0', '0'),b:('-1', '0', '0', '0'),c:('0', '0', '1', '0'): I(V) = 0   I(V^ss) = 0
==> s961 chi#9=a:('0', '0', '0', '1'),b:('0', '0', '0', '1'),c:('0', '0', '0', '1') h1=1 m=1 psi=a:('1', '0', '0', '0'),b:('-1', '0', '0', '0'),c:('-1', '0', '1', '0'): I(V) = 0   I(V^ss) = 0
==> s961 chi#9=a:('0', '0', '0', '1'),b:('0', '0', '0', '1'),c:('0', '0', '0', '1') h1=1 m=1 psi=a:('1', '0', '0', '0'),b:('-1', '0', '0', '0'),c:('-1', '0', '0', '0'): I(V) = 0   I(V^ss) = 0
==> s961 chi#9=a:('0', '0', '0', '1'),b:('0', '0', '0', '1'),c:('0', '0', '0', '1') h1=1 m=1 psi=a:('1', '0', '0', '0'),b:('-1', '0', '0', '0'),c:('0', '0', '-1', '0'): I(V) = 0   I(V^ss) = 0
==> s961 chi#9=a:('0', '0', '0', '1'),b:('0', '0', '0', '1'),c:('0', '0', '0', '1') h1=1 m=1 psi=a:('1', '0', '0', '0'),b:('-1', '0', '0', '0'),c:('1', '0', '-1', '0'): I(V) = 0   I(V^ss) = 0
==> s961 chi#9=a:('0', '0', '0', '1'),b:('0', '0', '0', '1'),c:('0', '0', '0', '1') h1=1 m=1 psi=a:('-1', '0', '0', '0'),b:('1', '0', '0', '0'),c:('1', '0', '0', '0'): I(V) = 0   I(V^ss) = 0
==> s961 chi#9=a:('0', '0', '0', '1'),b:('0', '0', '0', '1'),c:('0', '0', '0', '1') h1=1 m=1 psi=a:('-1', '0', '0', '0'),b:('1', '0', '0', '0'),c:('0', '0', '1', '0'): I(V) = 0   I(V^ss) = 0
==> s961 chi#9=a:('0', '0', '0', '1'),b:('0', '0', '0', '1'),c:('0', '0', '0', '1') h1=1 m=1 psi=a:('-1', '0', '0', '0'),b:('1', '0', '0', '0'),c:('-1', '0', '1', '0'): I(V) = 0   I(V^ss) = 0
==> s961 chi#9=a:('0', '0', '0', '1'),b:('0', '0', '0', '1'),c:('0', '0', '0', '1') h1=1 m=1 psi=a:('-1', '0', '0', '0'),b:('1', '0', '0', '0'),c:('-1', '0', '0', '0'): I(V) = 0   I(V^ss) = 0
==> s961 chi#9=a:('0', '0', '0', '1'),b:('0', '0', '0', '1'),c:('0', '0', '0', '1') h1=1 m=1 psi=a:('-1', '0', '0', '0'),b:('1', '0', '0', '0'),c:('0', '0', '-1', '0'): I(V) = 0   I(V^ss) = 0
==> s961 chi#9=a:('0', '0', '0', '1'),b:('0', '0', '0', '1'),c:('0', '0', '0', '1') h1=1 m=1 psi=a:('-1', '0', '0', '0'),b:('1', '0', '0', '0'),c:('1', '0', '-1', '0'): I(V) = 0   I(V^ss) = 0
==> s961 chi#9=a:('0', '0', '0', '1'),b:('0', '0', '0', '1'),c:('0', '0', '0', '1') h1=1 m=1 psi=a:('-1', '0', '0', '0'),b:('-1', '0', '0', '0'),c:('1', '0', '0', '0'): I(V) = 0   I(V^ss) = 0
==> s961 chi#9=a:('0', '0', '0', '1'),b:('0', '0', '0', '1'),c:('0', '0', '0', '1') h1=1 m=1 psi=a:('-1', '0', '0', '0'),b:('-1', '0', '0', '0'),c:('0', '0', '1', '0'): I(V) = 0   I(V^ss) = 0
==> s961 chi#9=a:('0', '0', '0', '1'),b:('0', '0', '0', '1'),c:('0', '0', '0', '1') h1=1 m=1 psi=a:('-1', '0', '0', '0'),b:('-1', '0', '0', '0'),c:('-1', '0', '1', '0'): I(V) = 0   I(V^ss) = 0
==> s961 chi#9=a:('0', '0', '0', '1'),b:('0', '0', '0', '1'),c:('0', '0', '0', '1') h1=1 m=1 psi=a:('-1', '0', '0', '0'),b:('-1', '0', '0', '0'),c:('-1', '0', '0', '0'): I(V) = 0   I(V^ss) = 0
==> s961 chi#9=a:('0', '0', '0', '1'),b:('0', '0', '0', '1'),c:('0', '0', '0', '1') h1=1 m=1 psi=a:('-1', '0', '0', '0'),b:('-1', '0', '0', '0'),c:('0', '0', '-1', '0'): I(V) = 0   I(V^ss) = 0
==> s961 chi#9=a:('0', '0', '0', '1'),b:('0', '0', '0', '1'),c:('0', '0', '0', '1') h1=1 m=1 psi=a:('-1', '0', '0', '0'),b:('-1', '0', '0', '0'),c:('1', '0', '-1', '0'): I(V) = 0   I(V^ss) = 0
==> s961 chi#9=a:('0', '0', '0', '1'),b:('0', '0', '0', '1'),c:('0', '0', '0', '1') h1=1 m=1 psi=chi^1: I(V) = 0   I(V^ss) = 0
==> s961 chi#9=a:('0', '0', '0', '1'),b:('0', '0', '0', '1'),c:('0', '0', '0', '1') h1=1 m=1 psi=chi^2: I(V) = 0   I(V^ss) = 0
==> s961 chi#9=a:('0', '0', '0', '1'),b:('0', '0', '0', '1'),c:('0', '0', '0', '1') h1=1 m=1 psi=chi^3: I(V) = 0   I(V^ss) = 0
==> s961 chi#9=a:('0', '0', '0', '1'),b:('0', '0', '0', '1'),c:('0', '0', '0', '1') h1=1 m=2 psi=a:('1', '0', '0', '0'),b:('1', '0', '0', '0'),c:('1', '0', '0', '0'): I(V) = 0   I(V^ss) = 0
==> s961 chi#9=a:('0', '0', '0', '1'),b:('0', '0', '0', '1'),c:('0', '0', '0', '1') h1=1 m=2 psi=a:('1', '0', '0', '0'),b:('1', '0', '0', '0'),c:('0', '0', '1', '0'): I(V) = 0   I(V^ss) = 0
==> s961 chi#9=a:('0', '0', '0', '1'),b:('0', '0', '0', '1'),c:('0', '0', '0', '1') h1=1 m=2 psi=a:('1', '0', '0', '0'),b:('1', '0', '0', '0'),c:('-1', '0', '1', '0'): I(V) = 0   I(V^ss) = 0
==> s961 chi#9=a:('0', '0', '0', '1'),b:('0', '0', '0', '1'),c:('0', '0', '0', '1') h1=1 m=2 psi=a:('1', '0', '0', '0'),b:('1', '0', '0', '0'),c:('-1', '0', '0', '0'): I(V) = 0   I(V^ss) = 0
==> s961 chi#9=a:('0', '0', '0', '1'),b:('0', '0', '0', '1'),c:('0', '0', '0', '1') h1=1 m=2 psi=a:('1', '0', '0', '0'),b:('1', '0', '0', '0'),c:('0', '0', '-1', '0'): I(V) = 0   I(V^ss) = 0
==> s961 chi#9=a:('0', '0', '0', '1'),b:('0', '0', '0', '1'),c:('0', '0', '0', '1') h1=1 m=2 psi=a:('1', '0', '0', '0'),b:('1', '0', '0', '0'),c:('1', '0', '-1', '0'): I(V) = 0   I(V^ss) = 0
==> s961 chi#9=a:('0', '0', '0', '1'),b:('0', '0', '0', '1'),c:('0', '0', '0', '1') h1=1 m=2 psi=a:('1', '0', '0', '0'),b:('-1', '0', '0', '0'),c:('1', '0', '0', '0'): I(V) = 0   I(V^ss) = 0
==> s961 chi#9=a:('0', '0', '0', '1'),b:('0', '0', '0', '1'),c:('0', '0', '0', '1') h1=1 m=2 psi=a:('1', '0', '0', '0'),b:('-1', '0', '0', '0'),c:('0', '0', '1', '0'): I(V) = 0   I(V^ss) = 0
==> s961 chi#9=a:('0', '0', '0', '1'),b:('0', '0', '0', '1'),c:('0', '0', '0', '1') h1=1 m=2 psi=a:('1', '0', '0', '0'),b:('-1', '0', '0', '0'),c:('-1', '0', '1', '0'): I(V) = 0   I(V^ss) = 0
==> s961 chi#9=a:('0', '0', '0', '1'),b:('0', '0', '0', '1'),c:('0', '0', '0', '1') h1=1 m=2 psi=a:('1', '0', '0', '0'),b:('-1', '0', '0', '0'),c:('-1', '0', '0', '0'): I(V) = 0   I(V^ss) = 0
==> s961 chi#9=a:('0', '0', '0', '1'),b:('0', '0', '0', '1'),c:('0', '0', '0', '1') h1=1 m=2 psi=a:('1', '0', '0', '0'),b:('-1', '0', '0', '0'),c:('0', '0', '-1', '0'): I(V) = 0   I(V^ss) = 0
==> s961 chi#9=a:('0', '0', '0', '1'),b:('0', '0', '0', '1'),c:('0', '0', '0', '1') h1=1 m=2 psi=a:('1', '0', '0', '0'),b:('-1', '0', '0', '0'),c:('1', '0', '-1', '0'): I(V) = 0   I(V^ss) = 0
==> s961 chi#9=a:('0', '0', '0', '1'),b:('0', '0', '0', '1'),c:('0', '0', '0', '1') h1=1 m=2 psi=a:('-1', '0', '0', '0'),b:('1', '0', '0', '0'),c:('1', '0', '0', '0'): I(V) = 0   I(V^ss) = 0
==> s961 chi#9=a:('0', '0', '0', '1'),b:('0', '0', '0', '1'),c:('0', '0', '0', '1') h1=1 m=2 psi=a:('-1', '0', '0', '0'),b:('1', '0', '0', '0'),c:('0', '0', '1', '0'): I(V) = 0   I(V^ss) = 0
==> s961 chi#9=a:('0', '0', '0', '1'),b:('0', '0', '0', '1'),c:('0', '0', '0', '1') h1=1 m=2 psi=a:('-1', '0', '0', '0'),b:('1', '0', '0', '0'),c:('-1', '0', '1', '0'): I(V) = 0   I(V^ss) = 0
==> s961 chi#9=a:('0', '0', '0', '1'),b:('0', '0', '0', '1'),c:('0', '0', '0', '1') h1=1 m=2 psi=a:('-1', '0', '0', '0'),b:('1', '0', '0', '0'),c:('-1', '0', '0', '0'): I(V) = 0   I(V^ss) = 0
==> s961 chi#9=a:('0', '0', '0', '1'),b:('0', '0', '0', '1'),c:('0', '0', '0', '1') h1=1 m=2 psi=a:('-1', '0', '0', '0'),b:('1', '0', '0', '0'),c:('0', '0', '-1', '0'): I(V) = 0   I(V^ss) = 0
==> s961 chi#9=a:('0', '0', '0', '1'),b:('0', '0', '0', '1'),c:('0', '0', '0', '1') h1=1 m=2 psi=a:('-1', '0', '0', '0'),b:('1', '0', '0', '0'),c:('1', '0', '-1', '0'): I(V) = 0   I(V^ss) = 0
==> s961 chi#9=a:('0', '0', '0', '1'),b:('0', '0', '0', '1'),c:('0', '0', '0', '1') h1=1 m=2 psi=a:('-1', '0', '0', '0'),b:('-1', '0', '0', '0'),c:('1', '0', '0', '0'): I(V) = 0   I(V^ss) = 0
==> s961 chi#9=a:('0', '0', '0', '1'),b:('0', '0', '0', '1'),c:('0', '0', '0', '1') h1=1 m=2 psi=a:('-1', '0', '0', '0'),b:('-1', '0', '0', '0'),c:('0', '0', '1', '0'): I(V) = 0   I(V^ss) = 0
==> s961 chi#9=a:('0', '0', '0', '1'),b:('0', '0', '0', '1'),c:('0', '0', '0', '1') h1=1 m=2 psi=a:('-1', '0', '0', '0'),b:('-1', '0', '0', '0'),c:('-1', '0', '1', '0'): I(V) = 0   I(V^ss) = 0
==> s961 chi#9=a:('0', '0', '0', '1'),b:('0', '0', '0', '1'),c:('0', '0', '0', '1') h1=1 m=2 psi=a:('-1', '0', '0', '0'),b:('-1', '0', '0', '0'),c:('-1', '0', '0', '0'): I(V) = 0   I(V^ss) = 0
==> s961 chi#9=a:('0', '0', '0', '1'),b:('0', '0', '0', '1'),c:('0', '0', '0', '1') h1=1 m=2 psi=a:('-1', '0', '0', '0'),b:('-1', '0', '0', '0'),c:('0', '0', '-1', '0'): I(V) = 0   I(V^ss) = 0
==> s961 chi#9=a:('0', '0', '0', '1'),b:('0', '0', '0', '1'),c:('0', '0', '0', '1') h1=1 m=2 psi=a:('-1', '0', '0', '0'),b:('-1', '0', '0', '0'),c:('1', '0', '-1', '0'): I(V) = 0   I(V^ss) = 0
==> s961 chi#9=a:('0', '0', '0', '1'),b:('0', '0', '0', '1'),c:('0', '0', '0', '1') h1=1 m=2 psi=chi^1: I(V) = 0   I(V^ss) = 0
==> s961 chi#9=a:('0', '0', '0', '1'),b:('0', '0', '0', '1'),c:('0', '0', '0', '1') h1=1 m=2 psi=chi^2: I(V) = 0   I(V^ss) = 0
==> s961 chi#9=a:('0', '0', '0', '1'),b:('0', '0', '0', '1'),c:('0', '0', '0', '1') h1=1 m=2 psi=chi^3: I(V) = 0   I(V^ss) = 0
==> s961 chi#9=a:('0', '0', '0', '1'),b:('0', '0', '0', '1'),c:('0', '0', '0', '1') h1=1 m=3 psi=a:('1', '0', '0', '0'),b:('1', '0', '0', '0'),c:('1', '0', '0', '0'): I(V) = 0   I(V^ss) = 0
==> s961 chi#9=a:('0', '0', '0', '1'),b:('0', '0', '0', '1'),c:('0', '0', '0', '1') h1=1 m=3 psi=a:('1', '0', '0', '0'),b:('1', '0', '0', '0'),c:('0', '0', '1', '0'): I(V) = 0   I(V^ss) = 0
==> s961 chi#9=a:('0', '0', '0', '1'),b:('0', '0', '0', '1'),c:('0', '0', '0', '1') h1=1 m=3 psi=a:('1', '0', '0', '0'),b:('1', '0', '0', '0'),c:('-1', '0', '1', '0'): I(V) = 0   I(V^ss) = 0
==> s961 chi#9=a:('0', '0', '0', '1'),b:('0', '0', '0', '1'),c:('0', '0', '0', '1') h1=1 m=3 psi=a:('1', '0', '0', '0'),b:('1', '0', '0', '0'),c:('-1', '0', '0', '0'): I(V) = 0   I(V^ss) = 0
==> s961 chi#9=a:('0', '0', '0', '1'),b:('0', '0', '0', '1'),c:('0', '0', '0', '1') h1=1 m=3 psi=a:('1', '0', '0', '0'),b:('1', '0', '0', '0'),c:('0', '0', '-1', '0'): I(V) = 0   I(V^ss) = 0
==> s961 chi#9=a:('0', '0', '0', '1'),b:('0', '0', '0', '1'),c:('0', '0', '0', '1') h1=1 m=3 psi=a:('1', '0', '0', '0'),b:('1', '0', '0', '0'),c:('1', '0', '-1', '0'): I(V) = 0   I(V^ss) = 0
==> s961 chi#9=a:('0', '0', '0', '1'),b:('0', '0', '0', '1'),c:('0', '0', '0', '1') h1=1 m=3 psi=a:('1', '0', '0', '0'),b:('-1', '0', '0', '0'),c:('1', '0', '0', '0'): I(V) = 0   I(V^ss) = 0
==> s961 chi#9=a:('0', '0', '0', '1'),b:('0', '0', '0', '1'),c:('0', '0', '0', '1') h1=1 m=3 psi=a:('1', '0', '0', '0'),b:('-1', '0', '0', '0'),c:('0', '0', '1', '0'): I(V) = 0   I(V^ss) = 0
==> s961 chi#9=a:('0', '0', '0', '1'),b:('0', '0', '0', '1'),c:('0', '0', '0', '1') h1=1 m=3 psi=a:('1', '0', '0', '0'),b:('-1', '0', '0', '0'),c:('-1', '0', '1', '0'): I(V) = 0   I(V^ss) = 0
==> s961 chi#9=a:('0', '0', '0', '1'),b:('0', '0', '0', '1'),c:('0', '0', '0', '1') h1=1 m=3 psi=a:('1', '0', '0', '0'),b:('-1', '0', '0', '0'),c:('-1', '0', '0', '0'): I(V) = 0   I(V^ss) = 0
==> s961 chi#9=a:('0', '0', '0', '1'),b:('0', '0', '0', '1'),c:('0', '0', '0', '1') h1=1 m=3 psi=a:('1', '0', '0', '0'),b:('-1', '0', '0', '0'),c:('0', '0', '-1', '0'): I(V) = 0   I(V^ss) = 0
==> s961 chi#9=a:('0', '0', '0', '1'),b:('0', '0', '0', '1'),c:('0', '0', '0', '1') h1=1 m=3 psi=a:('1', '0', '0', '0'),b:('-1', '0', '0', '0'),c:('1', '0', '-1', '0'): I(V) = 0   I(V^ss) = 0
==> s961 chi#9=a:('0', '0', '0', '1'),b:('0', '0', '0', '1'),c:('0', '0', '0', '1') h1=1 m=3 psi=a:('-1', '0', '0', '0'),b:('1', '0', '0', '0'),c:('1', '0', '0', '0'): I(V) = 0   I(V^ss) = 0
==> s961 chi#9=a:('0', '0', '0', '1'),b:('0', '0', '0', '1'),c:('0', '0', '0', '1') h1=1 m=3 psi=a:('-1', '0', '0', '0'),b:('1', '0', '0', '0'),c:('0', '0', '1', '0'): I(V) = 0   I(V^ss) = 0
==> s961 chi#9=a:('0', '0', '0', '1'),b:('0', '0', '0', '1'),c:('0', '0', '0', '1') h1=1 m=3 psi=a:('-1', '0', '0', '0'),b:('1', '0', '0', '0'),c:('-1', '0', '1', '0'): I(V) = 0   I(V^ss) = 0
==> s961 chi#9=a:('0', '0', '0', '1'),b:('0', '0', '0', '1'),c:('0', '0', '0', '1') h1=1 m=3 psi=a:('-1', '0', '0', '0'),b:('1', '0', '0', '0'),c:('-1', '0', '0', '0'): I(V) = 0   I(V^ss) = 0
==> s961 chi#9=a:('0', '0', '0', '1'),b:('0', '0', '0', '1'),c:('0', '0', '0', '1') h1=1 m=3 psi=a:('-1', '0', '0', '0'),b:('1', '0', '0', '0'),c:('0', '0', '-1', '0'): I(V) = 0   I(V^ss) = 0
==> s961 chi#9=a:('0', '0', '0', '1'),b:('0', '0', '0', '1'),c:('0', '0', '0', '1') h1=1 m=3 psi=a:('-1', '0', '0', '0'),b:('1', '0', '0', '0'),c:('1', '0', '-1', '0'): I(V) = 0   I(V^ss) = 0
==> s961 chi#9=a:('0', '0', '0', '1'),b:('0', '0', '0', '1'),c:('0', '0', '0', '1') h1=1 m=3 psi=a:('-1', '0', '0', '0'),b:('-1', '0', '0', '0'),c:('1', '0', '0', '0'): I(V) = 0   I(V^ss) = 0
==> s961 chi#9=a:('0', '0', '0', '1'),b:('0', '0', '0', '1'),c:('0', '0', '0', '1') h1=1 m=3 psi=a:('-1', '0', '0', '0'),b:('-1', '0', '0', '0'),c:('0', '0', '1', '0'): I(V) = 0   I(V^ss) = 0
==> s961 chi#9=a:('0', '0', '0', '1'),b:('0', '0', '0', '1'),c:('0', '0', '0', '1') h1=1 m=3 psi=a:('-1', '0', '0', '0'),b:('-1', '0', '0', '0'),c:('-1', '0', '1', '0'): I(V) = 0   I(V^ss) = 0
==> s961 chi#9=a:('0', '0', '0', '1'),b:('0', '0', '0', '1'),c:('0', '0', '0', '1') h1=1 m=3 psi=a:('-1', '0', '0', '0'),b:('-1', '0', '0', '0'),c:('-1', '0', '0', '0'): I(V) = 0   I(V^ss) = 0
==> s961 chi#9=a:('0', '0', '0', '1'),b:('0', '0', '0', '1'),c:('0', '0', '0', '1') h1=1 m=3 psi=a:('-1', '0', '0', '0'),b:('-1', '0', '0', '0'),c:('0', '0', '-1', '0'): I(V) = 0   I(V^ss) = 0
==> s961 chi#9=a:('0', '0', '0', '1'),b:('0', '0', '0', '1'),c:('0', '0', '0', '1') h1=1 m=3 psi=a:('-1', '0', '0', '0'),b:('-1', '0', '0', '0'),c:('1', '0', '-1', '0'): I(V) = 0   I(V^ss) = 0
==> s961 chi#9=a:('0', '0', '0', '1'),b:('0', '0', '0', '1'),c:('0', '0', '0', '1') h1=1 m=3 psi=chi^1: I(V) = 0   I(V^ss) = 0
==> s961 chi#9=a:('0', '0', '0', '1'),b:('0', '0', '0', '1'),c:('0', '0', '0', '1') h1=1 m=3 psi=chi^2: I(V) = 0   I(V^ss) = 0
==> s961 chi#9=a:('0', '0', '0', '1'),b:('0', '0', '0', '1'),c:('0', '0', '0', '1') h1=1 m=3 psi=chi^3: I(V) = 0   I(V^ss) = 0
  locus chi#10=a:('0', '0', '0', '1'),b:('0', '0', '0', '1'),c:('0', '0', '0', '-1') h1=1
==> s961 chi#10=a:('0', '0', '0', '1'),b:('0', '0', '0', '1'),c:('0', '0', '0', '-1') h1=1 m=1 psi=a:('1', '0', '0', '0'),b:('1', '0', '0', '0'),c:('1', '0', '0', '0'): I(V) = 0   I(V^ss) = 0
==> s961 chi#10=a:('0', '0', '0', '1'),b:('0', '0', '0', '1'),c:('0', '0', '0', '-1') h1=1 m=1 psi=a:('1', '0', '0', '0'),b:('1', '0', '0', '0'),c:('0', '0', '1', '0'): I(V) = 0   I(V^ss) = 0
==> s961 chi#10=a:('0', '0', '0', '1'),b:('0', '0', '0', '1'),c:('0', '0', '0', '-1') h1=1 m=1 psi=a:('1', '0', '0', '0'),b:('1', '0', '0', '0'),c:('-1', '0', '1', '0'): I(V) = 0   I(V^ss) = 0
==> s961 chi#10=a:('0', '0', '0', '1'),b:('0', '0', '0', '1'),c:('0', '0', '0', '-1') h1=1 m=1 psi=a:('1', '0', '0', '0'),b:('1', '0', '0', '0'),c:('-1', '0', '0', '0'): I(V) = 0   I(V^ss) = 0
==> s961 chi#10=a:('0', '0', '0', '1'),b:('0', '0', '0', '1'),c:('0', '0', '0', '-1') h1=1 m=1 psi=a:('1', '0', '0', '0'),b:('1', '0', '0', '0'),c:('0', '0', '-1', '0'): I(V) = 0   I(V^ss) = 0
==> s961 chi#10=a:('0', '0', '0', '1'),b:('0', '0', '0', '1'),c:('0', '0', '0', '-1') h1=1 m=1 psi=a:('1', '0', '0', '0'),b:('1', '0', '0', '0'),c:('1', '0', '-1', '0'): I(V) = 0   I(V^ss) = 0
==> s961 chi#10=a:('0', '0', '0', '1'),b:('0', '0', '0', '1'),c:('0', '0', '0', '-1') h1=1 m=1 psi=a:('1', '0', '0', '0'),b:('-1', '0', '0', '0'),c:('1', '0', '0', '0'): I(V) = 0   I(V^ss) = 0
==> s961 chi#10=a:('0', '0', '0', '1'),b:('0', '0', '0', '1'),c:('0', '0', '0', '-1') h1=1 m=1 psi=a:('1', '0', '0', '0'),b:('-1', '0', '0', '0'),c:('0', '0', '1', '0'): I(V) = 0   I(V^ss) = 0
==> s961 chi#10=a:('0', '0', '0', '1'),b:('0', '0', '0', '1'),c:('0', '0', '0', '-1') h1=1 m=1 psi=a:('1', '0', '0', '0'),b:('-1', '0', '0', '0'),c:('-1', '0', '1', '0'): I(V) = 0   I(V^ss) = 0
==> s961 chi#10=a:('0', '0', '0', '1'),b:('0', '0', '0', '1'),c:('0', '0', '0', '-1') h1=1 m=1 psi=a:('1', '0', '0', '0'),b:('-1', '0', '0', '0'),c:('-1', '0', '0', '0'): I(V) = 0   I(V^ss) = 0
==> s961 chi#10=a:('0', '0', '0', '1'),b:('0', '0', '0', '1'),c:('0', '0', '0', '-1') h1=1 m=1 psi=a:('1', '0', '0', '0'),b:('-1', '0', '0', '0'),c:('0', '0', '-1', '0'): I(V) = 0   I(V^ss) = 0
==> s961 chi#10=a:('0', '0', '0', '1'),b:('0', '0', '0', '1'),c:('0', '0', '0', '-1') h1=1 m=1 psi=a:('1', '0', '0', '0'),b:('-1', '0', '0', '0'),c:('1', '0', '-1', '0'): I(V) = 0   I(V^ss) = 0
==> s961 chi#10=a:('0', '0', '0', '1'),b:('0', '0', '0', '1'),c:('0', '0', '0', '-1') h1=1 m=1 psi=a:('-1', '0', '0', '0'),b:('1', '0', '0', '0'),c:('1', '0', '0', '0'): I(V) = 0   I(V^ss) = 0
==> s961 chi#10=a:('0', '0', '0', '1'),b:('0', '0', '0', '1'),c:('0', '0', '0', '-1') h1=1 m=1 psi=a:('-1', '0', '0', '0'),b:('1', '0', '0', '0'),c:('0', '0', '1', '0'): I(V) = 0   I(V^ss) = 0
==> s961 chi#10=a:('0', '0', '0', '1'),b:('0', '0', '0', '1'),c:('0', '0', '0', '-1') h1=1 m=1 psi=a:('-1', '0', '0', '0'),b:('1', '0', '0', '0'),c:('-1', '0', '1', '0'): I(V) = 0   I(V^ss) = 0
==> s961 chi#10=a:('0', '0', '0', '1'),b:('0', '0', '0', '1'),c:('0', '0', '0', '-1') h1=1 m=1 psi=a:('-1', '0', '0', '0'),b:('1', '0', '0', '0'),c:('-1', '0', '0', '0'): I(V) = 0   I(V^ss) = 0
==> s961 chi#10=a:('0', '0', '0', '1'),b:('0', '0', '0', '1'),c:('0', '0', '0', '-1') h1=1 m=1 psi=a:('-1', '0', '0', '0'),b:('1', '0', '0', '0'),c:('0', '0', '-1', '0'): I(V) = 0   I(V^ss) = 0
==> s961 chi#10=a:('0', '0', '0', '1'),b:('0', '0', '0', '1'),c:('0', '0', '0', '-1') h1=1 m=1 psi=a:('-1', '0', '0', '0'),b:('1', '0', '0', '0'),c:('1', '0', '-1', '0'): I(V) = 0   I(V^ss) = 0
==> s961 chi#10=a:('0', '0', '0', '1'),b:('0', '0', '0', '1'),c:('0', '0', '0', '-1') h1=1 m=1 psi=a:('-1', '0', '0', '0'),b:('-1', '0', '0', '0'),c:('1', '0', '0', '0'): I(V) = 0   I(V^ss) = 0
==> s961 chi#10=a:('0', '0', '0', '1'),b:('0', '0', '0', '1'),c:('0', '0', '0', '-1') h1=1 m=1 psi=a:('-1', '0', '0', '0'),b:('-1', '0', '0', '0'),c:('0', '0', '1', '0'): I(V) = 0   I(V^ss) = 0
==> s961 chi#10=a:('0', '0', '0', '1'),b:('0', '0', '0', '1'),c:('0', '0', '0', '-1') h1=1 m=1 psi=a:('-1', '0', '0', '0'),b:('-1', '0', '0', '0'),c:('-1', '0', '1', '0'): I(V) = 0   I(V^ss) = 0
==> s961 chi#10=a:('0', '0', '0', '1'),b:('0', '0', '0', '1'),c:('0', '0', '0', '-1') h1=1 m=1 psi=a:('-1', '0', '0', '0'),b:('-1', '0', '0', '0'),c:('-1', '0', '0', '0'): I(V) = 0   I(V^ss) = 0
==> s961 chi#10=a:('0', '0', '0', '1'),b:('0', '0', '0', '1'),c:('0', '0', '0', '-1') h1=1 m=1 psi=a:('-1', '0', '0', '0'),b:('-1', '0', '0', '0'),c:('0', '0', '-1', '0'): I(V) = 0   I(V^ss) = 0
==> s961 chi#10=a:('0', '0', '0', '1'),b:('0', '0', '0', '1'),c:('0', '0', '0', '-1') h1=1 m=1 psi=a:('-1', '0', '0', '0'),b:('-1', '0', '0', '0'),c:('1', '0', '-1', '0'): I(V) = 0   I(V^ss) = 0
==> s961 chi#10=a:('0', '0', '0', '1'),b:('0', '0', '0', '1'),c:('0', '0', '0', '-1') h1=1 m=1 psi=chi^1: I(V) = 0   I(V^ss) = 0
==> s961 chi#10=a:('0', '0', '0', '1'),b:('0', '0', '0', '1'),c:('0', '0', '0', '-1') h1=1 m=1 psi=chi^2: I(V) = 0   I(V^ss) = 0
==> s961 chi#10=a:('0', '0', '0', '1'),b:('0', '0', '0', '1'),c:('0', '0', '0', '-1') h1=1 m=1 psi=chi^3: I(V) = 0   I(V^ss) = 0
==> s961 chi#10=a:('0', '0', '0', '1'),b:('0', '0', '0', '1'),c:('0', '0', '0', '-1') h1=1 m=2 psi=a:('1', '0', '0', '0'),b:('1', '0', '0', '0'),c:('1', '0', '0', '0'): I(V) = 0   I(V^ss) = 0
==> s961 chi#10=a:('0', '0', '0', '1'),b:('0', '0', '0', '1'),c:('0', '0', '0', '-1') h1=1 m=2 psi=a:('1', '0', '0', '0'),b:('1', '0', '0', '0'),c:('0', '0', '1', '0'): I(V) = 0   I(V^ss) = 0
==> s961 chi#10=a:('0', '0', '0', '1'),b:('0', '0', '0', '1'),c:('0', '0', '0', '-1') h1=1 m=2 psi=a:('1', '0', '0', '0'),b:('1', '0', '0', '0'),c:('-1', '0', '1', '0'): I(V) = 0   I(V^ss) = 0
==> s961 chi#10=a:('0', '0', '0', '1'),b:('0', '0', '0', '1'),c:('0', '0', '0', '-1') h1=1 m=2 psi=a:('1', '0', '0', '0'),b:('1', '0', '0', '0'),c:('-1', '0', '0', '0'): I(V) = 0   I(V^ss) = 0
==> s961 chi#10=a:('0', '0', '0', '1'),b:('0', '0', '0', '1'),c:('0', '0', '0', '-1') h1=1 m=2 psi=a:('1', '0', '0', '0'),b:('1', '0', '0', '0'),c:('0', '0', '-1', '0'): I(V) = 0   I(V^ss) = 0
==> s961 chi#10=a:('0', '0', '0', '1'),b:('0', '0', '0', '1'),c:('0', '0', '0', '-1') h1=1 m=2 psi=a:('1', '0', '0', '0'),b:('1', '0', '0', '0'),c:('1', '0', '-1', '0'): I(V) = 0   I(V^ss) = 0
==> s961 chi#10=a:('0', '0', '0', '1'),b:('0', '0', '0', '1'),c:('0', '0', '0', '-1') h1=1 m=2 psi=a:('1', '0', '0', '0'),b:('-1', '0', '0', '0'),c:('1', '0', '0', '0'): I(V) = 0   I(V^ss) = 0
==> s961 chi#10=a:('0', '0', '0', '1'),b:('0', '0', '0', '1'),c:('0', '0', '0', '-1') h1=1 m=2 psi=a:('1', '0', '0', '0'),b:('-1', '0', '0', '0'),c:('0', '0', '1', '0'): I(V) = 0   I(V^ss) = 0
==> s961 chi#10=a:('0', '0', '0', '1'),b:('0', '0', '0', '1'),c:('0', '0', '0', '-1') h1=1 m=2 psi=a:('1', '0', '0', '0'),b:('-1', '0', '0', '0'),c:('-1', '0', '1', '0'): I(V) = 0   I(V^ss) = 0
==> s961 chi#10=a:('0', '0', '0', '1'),b:('0', '0', '0', '1'),c:('0', '0', '0', '-1') h1=1 m=2 psi=a:('1', '0', '0', '0'),b:('-1', '0', '0', '0'),c:('-1', '0', '0', '0'): I(V) = 0   I(V^ss) = 0
==> s961 chi#10=a:('0', '0', '0', '1'),b:('0', '0', '0', '1'),c:('0', '0', '0', '-1') h1=1 m=2 psi=a:('1', '0', '0', '0'),b:('-1', '0', '0', '0'),c:('0', '0', '-1', '0'): I(V) = 0   I(V^ss) = 0
==> s961 chi#10=a:('0', '0', '0', '1'),b:('0', '0', '0', '1'),c:('0', '0', '0', '-1') h1=1 m=2 psi=a:('1', '0', '0', '0'),b:('-1', '0', '0', '0'),c:('1', '0', '-1', '0'): I(V) = 0   I(V^ss) = 0
==> s961 chi#10=a:('0', '0', '0', '1'),b:('0', '0', '0', '1'),c:('0', '0', '0', '-1') h1=1 m=2 psi=a:('-1', '0', '0', '0'),b:('1', '0', '0', '0'),c:('1', '0', '0', '0'): I(V) = 0   I(V^ss) = 0
==> s961 chi#10=a:('0', '0', '0', '1'),b:('0', '0', '0', '1'),c:('0', '0', '0', '-1') h1=1 m=2 psi=a:('-1', '0', '0', '0'),b:('1', '0', '0', '0'),c:('0', '0', '1', '0'): I(V) = 0   I(V^ss) = 0
==> s961 chi#10=a:('0', '0', '0', '1'),b:('0', '0', '0', '1'),c:('0', '0', '0', '-1') h1=1 m=2 psi=a:('-1', '0', '0', '0'),b:('1', '0', '0', '0'),c:('-1', '0', '1', '0'): I(V) = 0   I(V^ss) = 0
==> s961 chi#10=a:('0', '0', '0', '1'),b:('0', '0', '0', '1'),c:('0', '0', '0', '-1') h1=1 m=2 psi=a:('-1', '0', '0', '0'),b:('1', '0', '0', '0'),c:('-1', '0', '0', '0'): I(V) = 0   I(V^ss) = 0
==> s961 chi#10=a:('0', '0', '0', '1'),b:('0', '0', '0', '1'),c:('0', '0', '0', '-1') h1=1 m=2 psi=a:('-1', '0', '0', '0'),b:('1', '0', '0', '0'),c:('0', '0', '-1', '0'): I(V) = 0   I(V^ss) = 0
==> s961 chi#10=a:('0', '0', '0', '1'),b:('0', '0', '0', '1'),c:('0', '0', '0', '-1') h1=1 m=2 psi=a:('-1', '0', '0', '0'),b:('1', '0', '0', '0'),c:('1', '0', '-1', '0'): I(V) = 0   I(V^ss) = 0
==> s961 chi#10=a:('0', '0', '0', '1'),b:('0', '0', '0', '1'),c:('0', '0', '0', '-1') h1=1 m=2 psi=a:('-1', '0', '0', '0'),b:('-1', '0', '0', '0'),c:('1', '0', '0', '0'): I(V) = 0   I(V^ss) = 0
==> s961 chi#10=a:('0', '0', '0', '1'),b:('0', '0', '0', '1'),c:('0', '0', '0', '-1') h1=1 m=2 psi=a:('-1', '0', '0', '0'),b:('-1', '0', '0', '0'),c:('0', '0', '1', '0'): I(V) = 0   I(V^ss) = 0
==> s961 chi#10=a:('0', '0', '0', '1'),b:('0', '0', '0', '1'),c:('0', '0', '0', '-1') h1=1 m=2 psi=a:('-1', '0', '0', '0'),b:('-1', '0', '0', '0'),c:('-1', '0', '1', '0'): I(V) = 0   I(V^ss) = 0
==> s961 chi#10=a:('0', '0', '0', '1'),b:('0', '0', '0', '1'),c:('0', '0', '0', '-1') h1=1 m=2 psi=a:('-1', '0', '0', '0'),b:('-1', '0', '0', '0'),c:('-1', '0', '0', '0'): I(V) = 0   I(V^ss) = 0
==> s961 chi#10=a:('0', '0', '0', '1'),b:('0', '0', '0', '1'),c:('0', '0', '0', '-1') h1=1 m=2 psi=a:('-1', '0', '0', '0'),b:('-1', '0', '0', '0'),c:('0', '0', '-1', '0'): I(V) = 0   I(V^ss) = 0
==> s961 chi#10=a:('0', '0', '0', '1'),b:('0', '0', '0', '1'),c:('0', '0', '0', '-1') h1=1 m=2 psi=a:('-1', '0', '0', '0'),b:('-1', '0', '0', '0'),c:('1', '0', '-1', '0'): I(V) = 0   I(V^ss) = 0
==> s961 chi#10=a:('0', '0', '0', '1'),b:('0', '0', '0', '1'),c:('0', '0', '0', '-1') h1=1 m=2 psi=chi^1: I(V) = 0   I(V^ss) = 0
==> s961 chi#10=a:('0', '0', '0', '1'),b:('0', '0', '0', '1'),c:('0', '0', '0', '-1') h1=1 m=2 psi=chi^2: I(V) = 0   I(V^ss) = 0
==> s961 chi#10=a:('0', '0', '0', '1'),b:('0', '0', '0', '1'),c:('0', '0', '0', '-1') h1=1 m=2 psi=chi^3: I(V) = 0   I(V^ss) = 0
==> s961 chi#10=a:('0', '0', '0', '1'),b:('0', '0', '0', '1'),c:('0', '0', '0', '-1') h1=1 m=3 psi=a:('1', '0', '0', '0'),b:('1', '0', '0', '0'),c:('1', '0', '0', '0'): I(V) = 0   I(V^ss) = 0
==> s961 chi#10=a:('0', '0', '0', '1'),b:('0', '0', '0', '1'),c:('0', '0', '0', '-1') h1=1 m=3 psi=a:('1', '0', '0', '0'),b:('1', '0', '0', '0'),c:('0', '0', '1', '0'): I(V) = 0   I(V^ss) = 0
==> s961 chi#10=a:('0', '0', '0', '1'),b:('0', '0', '0', '1'),c:('0', '0', '0', '-1') h1=1 m=3 psi=a:('1', '0', '0', '0'),b:('1', '0', '0', '0'),c:('-1', '0', '1', '0'): I(V) = 0   I(V^ss) = 0
==> s961 chi#10=a:('0', '0', '0', '1'),b:('0', '0', '0', '1'),c:('0', '0', '0', '-1') h1=1 m=3 psi=a:('1', '0', '0', '0'),b:('1', '0', '0', '0'),c:('-1', '0', '0', '0'): I(V) = 0   I(V^ss) = 0
==> s961 chi#10=a:('0', '0', '0', '1'),b:('0', '0', '0', '1'),c:('0', '0', '0', '-1') h1=1 m=3 psi=a:('1', '0', '0', '0'),b:('1', '0', '0', '0'),c:('0', '0', '-1', '0'): I(V) = 0   I(V^ss) = 0
==> s961 chi#10=a:('0', '0', '0', '1'),b:('0', '0', '0', '1'),c:('0', '0', '0', '-1') h1=1 m=3 psi=a:('1', '0', '0', '0'),b:('1', '0', '0', '0'),c:('1', '0', '-1', '0'): I(V) = 0   I(V^ss) = 0
==> s961 chi#10=a:('0', '0', '0', '1'),b:('0', '0', '0', '1'),c:('0', '0', '0', '-1') h1=1 m=3 psi=a:('1', '0', '0', '0'),b:('-1', '0', '0', '0'),c:('1', '0', '0', '0'): I(V) = 0   I(V^ss) = 0
==> s961 chi#10=a:('0', '0', '0', '1'),b:('0', '0', '0', '1'),c:('0', '0', '0', '-1') h1=1 m=3 psi=a:('1', '0', '0', '0'),b:('-1', '0', '0', '0'),c:('0', '0', '1', '0'): I(V) = 0   I(V^ss) = 0
==> s961 chi#10=a:('0', '0', '0', '1'),b:('0', '0', '0', '1'),c:('0', '0', '0', '-1') h1=1 m=3 psi=a:('1', '0', '0', '0'),b:('-1', '0', '0', '0'),c:('-1', '0', '1', '0'): I(V) = 0   I(V^ss) = 0
==> s961 chi#10=a:('0', '0', '0', '1'),b:('0', '0', '0', '1'),c:('0', '0', '0', '-1') h1=1 m=3 psi=a:('1', '0', '0', '0'),b:('-1', '0', '0', '0'),c:('-1', '0', '0', '0'): I(V) = 0   I(V^ss) = 0
==> s961 chi#10=a:('0', '0', '0', '1'),b:('0', '0', '0', '1'),c:('0', '0', '0', '-1') h1=1 m=3 psi=a:('1', '0', '0', '0'),b:('-1', '0', '0', '0'),c:('0', '0', '-1', '0'): I(V) = 0   I(V^ss) = 0
==> s961 chi#10=a:('0', '0', '0', '1'),b:('0', '0', '0', '1'),c:('0', '0', '0', '-1') h1=1 m=3 psi=a:('1', '0', '0', '0'),b:('-1', '0', '0', '0'),c:('1', '0', '-1', '0'): I(V) = 0   I(V^ss) = 0
==> s961 chi#10=a:('0', '0', '0', '1'),b:('0', '0', '0', '1'),c:('0', '0', '0', '-1') h1=1 m=3 psi=a:('-1', '0', '0', '0'),b:('1', '0', '0', '0'),c:('1', '0', '0', '0'): I(V) = 0   I(V^ss) = 0
==> s961 chi#10=a:('0', '0', '0', '1'),b:('0', '0', '0', '1'),c:('0', '0', '0', '-1') h1=1 m=3 psi=a:('-1', '0', '0', '0'),b:('1', '0', '0', '0'),c:('0', '0', '1', '0'): I(V) = 0   I(V^ss) = 0
==> s961 chi#10=a:('0', '0', '0', '1'),b:('0', '0', '0', '1'),c:('0', '0', '0', '-1') h1=1 m=3 psi=a:('-1', '0', '0', '0'),b:('1', '0', '0', '0'),c:('-1', '0', '1', '0'): I(V) = 0   I(V^ss) = 0
==> s961 chi#10=a:('0', '0', '0', '1'),b:('0', '0', '0', '1'),c:('0', '0', '0', '-1') h1=1 m=3 psi=a:('-1', '0', '0', '0'),b:('1', '0', '0', '0'),c:('-1', '0', '0', '0'): I(V) = 0   I(V^ss) = 0
==> s961 chi#10=a:('0', '0', '0', '1'),b:('0', '0', '0', '1'),c:('0', '0', '0', '-1') h1=1 m=3 psi=a:('-1', '0', '0', '0'),b:('1', '0', '0', '0'),c:('0', '0', '-1', '0'): I(V) = 0   I(V^ss) = 0
==> s961 chi#10=a:('0', '0', '0', '1'),b:('0', '0', '0', '1'),c:('0', '0', '0', '-1') h1=1 m=3 psi=a:('-1', '0', '0', '0'),b:('1', '0', '0', '0'),c:('1', '0', '-1', '0'): I(V) = 0   I(V^ss) = 0
==> s961 chi#10=a:('0', '0', '0', '1'),b:('0', '0', '0', '1'),c:('0', '0', '0', '-1') h1=1 m=3 psi=a:('-1', '0', '0', '0'),b:('-1', '0', '0', '0'),c:('1', '0', '0', '0'): I(V) = 0   I(V^ss) = 0
==> s961 chi#10=a:('0', '0', '0', '1'),b:('0', '0', '0', '1'),c:('0', '0', '0', '-1') h1=1 m=3 psi=a:('-1', '0', '0', '0'),b:('-1', '0', '0', '0'),c:('0', '0', '1', '0'): I(V) = 0   I(V^ss) = 0
==> s961 chi#10=a:('0', '0', '0', '1'),b:('0', '0', '0', '1'),c:('0', '0', '0', '-1') h1=1 m=3 psi=a:('-1', '0', '0', '0'),b:('-1', '0', '0', '0'),c:('-1', '0', '1', '0'): I(V) = 0   I(V^ss) = 0
==> s961 chi#10=a:('0', '0', '0', '1'),b:('0', '0', '0', '1'),c:('0', '0', '0', '-1') h1=1 m=3 psi=a:('-1', '0', '0', '0'),b:('-1', '0', '0', '0'),c:('-1', '0', '0', '0'): I(V) = 0   I(V^ss) = 0
==> s961 chi#10=a:('0', '0', '0', '1'),b:('0', '0', '0', '1'),c:('0', '0', '0', '-1') h1=1 m=3 psi=a:('-1', '0', '0', '0'),b:('-1', '0', '0', '0'),c:('0', '0', '-1', '0'): I(V) = 0   I(V^ss) = 0
==> s961 chi#10=a:('0', '0', '0', '1'),b:('0', '0', '0', '1'),c:('0', '0', '0', '-1') h1=1 m=3 psi=a:('-1', '0', '0', '0'),b:('-1', '0', '0', '0'),c:('1', '0', '-1', '0'): I(V) = 0   I(V^ss) = 0
==> s961 chi#10=a:('0', '0', '0', '1'),b:('0', '0', '0', '1'),c:('0', '0', '0', '-1') h1=1 m=3 psi=chi^1: I(V) = 0   I(V^ss) = 0
==> s961 chi#10=a:('0', '0', '0', '1'),b:('0', '0', '0', '1'),c:('0', '0', '0', '-1') h1=1 m=3 psi=chi^2: I(V) = 0   I(V^ss) = 0
==> s961 chi#10=a:('0', '0', '0', '1'),b:('0', '0', '0', '1'),c:('0', '0', '0', '-1') h1=1 m=3 psi=chi^3: I(V) = 0   I(V^ss) = 0
  locus chi#11=a:('0', '0', '0', '1'),b:('-1', '0', '0', '0'),c:('1', '0', '0', '0') h1=1
==> s961 chi#11=a:('0', '0', '0', '1'),b:('-1', '0', '0', '0'),c:('1', '0', '0', '0') h1=1 m=1 psi=a:('1', '0', '0', '0'),b:('1', '0', '0', '0'),c:('1', '0', '0', '0'): I(V) = 0   I(V^ss) = 0
==> s961 chi#11=a:('0', '0', '0', '1'),b:('-1', '0', '0', '0'),c:('1', '0', '0', '0') h1=1 m=1 psi=a:('1', '0', '0', '0'),b:('1', '0', '0', '0'),c:('0', '0', '1', '0'): I(V) = 0   I(V^ss) = 0
==> s961 chi#11=a:('0', '0', '0', '1'),b:('-1', '0', '0', '0'),c:('1', '0', '0', '0') h1=1 m=1 psi=a:('1', '0', '0', '0'),b:('1', '0', '0', '0'),c:('-1', '0', '1', '0'): I(V) = 0   I(V^ss) = 0
==> s961 chi#11=a:('0', '0', '0', '1'),b:('-1', '0', '0', '0'),c:('1', '0', '0', '0') h1=1 m=1 psi=a:('1', '0', '0', '0'),b:('1', '0', '0', '0'),c:('-1', '0', '0', '0'): I(V) = 0   I(V^ss) = 0
==> s961 chi#11=a:('0', '0', '0', '1'),b:('-1', '0', '0', '0'),c:('1', '0', '0', '0') h1=1 m=1 psi=a:('1', '0', '0', '0'),b:('1', '0', '0', '0'),c:('0', '0', '-1', '0'): I(V) = 0   I(V^ss) = 0
==> s961 chi#11=a:('0', '0', '0', '1'),b:('-1', '0', '0', '0'),c:('1', '0', '0', '0') h1=1 m=1 psi=a:('1', '0', '0', '0'),b:('1', '0', '0', '0'),c:('1', '0', '-1', '0'): I(V) = 0   I(V^ss) = 0
==> s961 chi#11=a:('0', '0', '0', '1'),b:('-1', '0', '0', '0'),c:('1', '0', '0', '0') h1=1 m=1 psi=a:('1', '0', '0', '0'),b:('-1', '0', '0', '0'),c:('1', '0', '0', '0'): I(V) = 0   I(V^ss) = 0
==> s961 chi#11=a:('0', '0', '0', '1'),b:('-1', '0', '0', '0'),c:('1', '0', '0', '0') h1=1 m=1 psi=a:('1', '0', '0', '0'),b:('-1', '0', '0', '0'),c:('0', '0', '1', '0'): I(V) = 0   I(V^ss) = 0
==> s961 chi#11=a:('0', '0', '0', '1'),b:('-1', '0', '0', '0'),c:('1', '0', '0', '0') h1=1 m=1 psi=a:('1', '0', '0', '0'),b:('-1', '0', '0', '0'),c:('-1', '0', '1', '0'): I(V) = 0   I(V^ss) = 0
==> s961 chi#11=a:('0', '0', '0', '1'),b:('-1', '0', '0', '0'),c:('1', '0', '0', '0') h1=1 m=1 psi=a:('1', '0', '0', '0'),b:('-1', '0', '0', '0'),c:('-1', '0', '0', '0'): I(V) = 0   I(V^ss) = 0
==> s961 chi#11=a:('0', '0', '0', '1'),b:('-1', '0', '0', '0'),c:('1', '0', '0', '0') h1=1 m=1 psi=a:('1', '0', '0', '0'),b:('-1', '0', '0', '0'),c:('0', '0', '-1', '0'): I(V) = 0   I(V^ss) = 0
==> s961 chi#11=a:('0', '0', '0', '1'),b:('-1', '0', '0', '0'),c:('1', '0', '0', '0') h1=1 m=1 psi=a:('1', '0', '0', '0'),b:('-1', '0', '0', '0'),c:('1', '0', '-1', '0'): I(V) = 0   I(V^ss) = 0
==> s961 chi#11=a:('0', '0', '0', '1'),b:('-1', '0', '0', '0'),c:('1', '0', '0', '0') h1=1 m=1 psi=a:('-1', '0', '0', '0'),b:('1', '0', '0', '0'),c:('1', '0', '0', '0'): I(V) = 0   I(V^ss) = 0
==> s961 chi#11=a:('0', '0', '0', '1'),b:('-1', '0', '0', '0'),c:('1', '0', '0', '0') h1=1 m=1 psi=a:('-1', '0', '0', '0'),b:('1', '0', '0', '0'),c:('0', '0', '1', '0'): I(V) = 0   I(V^ss) = 0
==> s961 chi#11=a:('0', '0', '0', '1'),b:('-1', '0', '0', '0'),c:('1', '0', '0', '0') h1=1 m=1 psi=a:('-1', '0', '0', '0'),b:('1', '0', '0', '0'),c:('-1', '0', '1', '0'): I(V) = 0   I(V^ss) = 0
==> s961 chi#11=a:('0', '0', '0', '1'),b:('-1', '0', '0', '0'),c:('1', '0', '0', '0') h1=1 m=1 psi=a:('-1', '0', '0', '0'),b:('1', '0', '0', '0'),c:('-1', '0', '0', '0'): I(V) = 0   I(V^ss) = 0
==> s961 chi#11=a:('0', '0', '0', '1'),b:('-1', '0', '0', '0'),c:('1', '0', '0', '0') h1=1 m=1 psi=a:('-1', '0', '0', '0'),b:('1', '0', '0', '0'),c:('0', '0', '-1', '0'): I(V) = 0   I(V^ss) = 0
==> s961 chi#11=a:('0', '0', '0', '1'),b:('-1', '0', '0', '0'),c:('1', '0', '0', '0') h1=1 m=1 psi=a:('-1', '0', '0', '0'),b:('1', '0', '0', '0'),c:('1', '0', '-1', '0'): I(V) = 0   I(V^ss) = 0
==> s961 chi#11=a:('0', '0', '0', '1'),b:('-1', '0', '0', '0'),c:('1', '0', '0', '0') h1=1 m=1 psi=a:('-1', '0', '0', '0'),b:('-1', '0', '0', '0'),c:('1', '0', '0', '0'): I(V) = 0   I(V^ss) = 0
==> s961 chi#11=a:('0', '0', '0', '1'),b:('-1', '0', '0', '0'),c:('1', '0', '0', '0') h1=1 m=1 psi=a:('-1', '0', '0', '0'),b:('-1', '0', '0', '0'),c:('0', '0', '1', '0'): I(V) = 0   I(V^ss) = 0
==> s961 chi#11=a:('0', '0', '0', '1'),b:('-1', '0', '0', '0'),c:('1', '0', '0', '0') h1=1 m=1 psi=a:('-1', '0', '0', '0'),b:('-1', '0', '0', '0'),c:('-1', '0', '1', '0'): I(V) = 0   I(V^ss) = 0
==> s961 chi#11=a:('0', '0', '0', '1'),b:('-1', '0', '0', '0'),c:('1', '0', '0', '0') h1=1 m=1 psi=a:('-1', '0', '0', '0'),b:('-1', '0', '0', '0'),c:('-1', '0', '0', '0'): I(V) = 0   I(V^ss) = 0
==> s961 chi#11=a:('0', '0', '0', '1'),b:('-1', '0', '0', '0'),c:('1', '0', '0', '0') h1=1 m=1 psi=a:('-1', '0', '0', '0'),b:('-1', '0', '0', '0'),c:('0', '0', '-1', '0'): I(V) = 0   I(V^ss) = 0
==> s961 chi#11=a:('0', '0', '0', '1'),b:('-1', '0', '0', '0'),c:('1', '0', '0', '0') h1=1 m=1 psi=a:('-1', '0', '0', '0'),b:('-1', '0', '0', '0'),c:('1', '0', '-1', '0'): I(V) = 0   I(V^ss) = 0
==> s961 chi#11=a:('0', '0', '0', '1'),b:('-1', '0', '0', '0'),c:('1', '0', '0', '0') h1=1 m=1 psi=chi^1: I(V) = 0   I(V^ss) = 0
==> s961 chi#11=a:('0', '0', '0', '1'),b:('-1', '0', '0', '0'),c:('1', '0', '0', '0') h1=1 m=1 psi=chi^2: I(V) = 0   I(V^ss) = 0
==> s961 chi#11=a:('0', '0', '0', '1'),b:('-1', '0', '0', '0'),c:('1', '0', '0', '0') h1=1 m=1 psi=chi^3: I(V) = 0   I(V^ss) = 0
==> s961 chi#11=a:('0', '0', '0', '1'),b:('-1', '0', '0', '0'),c:('1', '0', '0', '0') h1=1 m=2 psi=a:('1', '0', '0', '0'),b:('1', '0', '0', '0'),c:('1', '0', '0', '0'): I(V) = 0   I(V^ss) = 0
==> s961 chi#11=a:('0', '0', '0', '1'),b:('-1', '0', '0', '0'),c:('1', '0', '0', '0') h1=1 m=2 psi=a:('1', '0', '0', '0'),b:('1', '0', '0', '0'),c:('0', '0', '1', '0'): I(V) = 0   I(V^ss) = 0
==> s961 chi#11=a:('0', '0', '0', '1'),b:('-1', '0', '0', '0'),c:('1', '0', '0', '0') h1=1 m=2 psi=a:('1', '0', '0', '0'),b:('1', '0', '0', '0'),c:('-1', '0', '1', '0'): I(V) = 0   I(V^ss) = 0
==> s961 chi#11=a:('0', '0', '0', '1'),b:('-1', '0', '0', '0'),c:('1', '0', '0', '0') h1=1 m=2 psi=a:('1', '0', '0', '0'),b:('1', '0', '0', '0'),c:('-1', '0', '0', '0'): I(V) = 0   I(V^ss) = 0
==> s961 chi#11=a:('0', '0', '0', '1'),b:('-1', '0', '0', '0'),c:('1', '0', '0', '0') h1=1 m=2 psi=a:('1', '0', '0', '0'),b:('1', '0', '0', '0'),c:('0', '0', '-1', '0'): I(V) = 0   I(V^ss) = 0
==> s961 chi#11=a:('0', '0', '0', '1'),b:('-1', '0', '0', '0'),c:('1', '0', '0', '0') h1=1 m=2 psi=a:('1', '0', '0', '0'),b:('1', '0', '0', '0'),c:('1', '0', '-1', '0'): I(V) = 0   I(V^ss) = 0
==> s961 chi#11=a:('0', '0', '0', '1'),b:('-1', '0', '0', '0'),c:('1', '0', '0', '0') h1=1 m=2 psi=a:('1', '0', '0', '0'),b:('-1', '0', '0', '0'),c:('1', '0', '0', '0'): I(V) = 0   I(V^ss) = 0
==> s961 chi#11=a:('0', '0', '0', '1'),b:('-1', '0', '0', '0'),c:('1', '0', '0', '0') h1=1 m=2 psi=a:('1', '0', '0', '0'),b:('-1', '0', '0', '0'),c:('0', '0', '1', '0'): I(V) = 0   I(V^ss) = 0
==> s961 chi#11=a:('0', '0', '0', '1'),b:('-1', '0', '0', '0'),c:('1', '0', '0', '0') h1=1 m=2 psi=a:('1', '0', '0', '0'),b:('-1', '0', '0', '0'),c:('-1', '0', '1', '0'): I(V) = 0   I(V^ss) = 0
==> s961 chi#11=a:('0', '0', '0', '1'),b:('-1', '0', '0', '0'),c:('1', '0', '0', '0') h1=1 m=2 psi=a:('1', '0', '0', '0'),b:('-1', '0', '0', '0'),c:('-1', '0', '0', '0'): I(V) = 0   I(V^ss) = 0
==> s961 chi#11=a:('0', '0', '0', '1'),b:('-1', '0', '0', '0'),c:('1', '0', '0', '0') h1=1 m=2 psi=a:('1', '0', '0', '0'),b:('-1', '0', '0', '0'),c:('0', '0', '-1', '0'): I(V) = 0   I(V^ss) = 0
==> s961 chi#11=a:('0', '0', '0', '1'),b:('-1', '0', '0', '0'),c:('1', '0', '0', '0') h1=1 m=2 psi=a:('1', '0', '0', '0'),b:('-1', '0', '0', '0'),c:('1', '0', '-1', '0'): I(V) = 0   I(V^ss) = 0
==> s961 chi#11=a:('0', '0', '0', '1'),b:('-1', '0', '0', '0'),c:('1', '0', '0', '0') h1=1 m=2 psi=a:('-1', '0', '0', '0'),b:('1', '0', '0', '0'),c:('1', '0', '0', '0'): I(V) = 0   I(V^ss) = 0
==> s961 chi#11=a:('0', '0', '0', '1'),b:('-1', '0', '0', '0'),c:('1', '0', '0', '0') h1=1 m=2 psi=a:('-1', '0', '0', '0'),b:('1', '0', '0', '0'),c:('0', '0', '1', '0'): I(V) = 0   I(V^ss) = 0
==> s961 chi#11=a:('0', '0', '0', '1'),b:('-1', '0', '0', '0'),c:('1', '0', '0', '0') h1=1 m=2 psi=a:('-1', '0', '0', '0'),b:('1', '0', '0', '0'),c:('-1', '0', '1', '0'): I(V) = 0   I(V^ss) = 0
==> s961 chi#11=a:('0', '0', '0', '1'),b:('-1', '0', '0', '0'),c:('1', '0', '0', '0') h1=1 m=2 psi=a:('-1', '0', '0', '0'),b:('1', '0', '0', '0'),c:('-1', '0', '0', '0'): I(V) = 0   I(V^ss) = 0
==> s961 chi#11=a:('0', '0', '0', '1'),b:('-1', '0', '0', '0'),c:('1', '0', '0', '0') h1=1 m=2 psi=a:('-1', '0', '0', '0'),b:('1', '0', '0', '0'),c:('0', '0', '-1', '0'): I(V) = 0   I(V^ss) = 0
==> s961 chi#11=a:('0', '0', '0', '1'),b:('-1', '0', '0', '0'),c:('1', '0', '0', '0') h1=1 m=2 psi=a:('-1', '0', '0', '0'),b:('1', '0', '0', '0'),c:('1', '0', '-1', '0'): I(V) = 0   I(V^ss) = 0
==> s961 chi#11=a:('0', '0', '0', '1'),b:('-1', '0', '0', '0'),c:('1', '0', '0', '0') h1=1 m=2 psi=a:('-1', '0', '0', '0'),b:('-1', '0', '0', '0'),c:('1', '0', '0', '0'): I(V) = 0   I(V^ss) = 0
==> s961 chi#11=a:('0', '0', '0', '1'),b:('-1', '0', '0', '0'),c:('1', '0', '0', '0') h1=1 m=2 psi=a:('-1', '0', '0', '0'),b:('-1', '0', '0', '0'),c:('0', '0', '1', '0'): I(V) = 0   I(V^ss) = 0
==> s961 chi#11=a:('0', '0', '0', '1'),b:('-1', '0', '0', '0'),c:('1', '0', '0', '0') h1=1 m=2 psi=a:('-1', '0', '0', '0'),b:('-1', '0', '0', '0'),c:('-1', '0', '1', '0'): I(V) = 0   I(V^ss) = 0
==> s961 chi#11=a:('0', '0', '0', '1'),b:('-1', '0', '0', '0'),c:('1', '0', '0', '0') h1=1 m=2 psi=a:('-1', '0', '0', '0'),b:('-1', '0', '0', '0'),c:('-1', '0', '0', '0'): I(V) = 0   I(V^ss) = 0
==> s961 chi#11=a:('0', '0', '0', '1'),b:('-1', '0', '0', '0'),c:('1', '0', '0', '0') h1=1 m=2 psi=a:('-1', '0', '0', '0'),b:('-1', '0', '0', '0'),c:('0', '0', '-1', '0'): I(V) = 0   I(V^ss) = 0
==> s961 chi#11=a:('0', '0', '0', '1'),b:('-1', '0', '0', '0'),c:('1', '0', '0', '0') h1=1 m=2 psi=a:('-1', '0', '0', '0'),b:('-1', '0', '0', '0'),c:('1', '0', '-1', '0'): I(V) = 0   I(V^ss) = 0
==> s961 chi#11=a:('0', '0', '0', '1'),b:('-1', '0', '0', '0'),c:('1', '0', '0', '0') h1=1 m=2 psi=chi^1: I(V) = 0   I(V^ss) = 0
==> s961 chi#11=a:('0', '0', '0', '1'),b:('-1', '0', '0', '0'),c:('1', '0', '0', '0') h1=1 m=2 psi=chi^2: I(V) = 0   I(V^ss) = 0
==> s961 chi#11=a:('0', '0', '0', '1'),b:('-1', '0', '0', '0'),c:('1', '0', '0', '0') h1=1 m=2 psi=chi^3: I(V) = 0   I(V^ss) = 0
==> s961 chi#11=a:('0', '0', '0', '1'),b:('-1', '0', '0', '0'),c:('1', '0', '0', '0') h1=1 m=3 psi=a:('1', '0', '0', '0'),b:('1', '0', '0', '0'),c:('1', '0', '0', '0'): I(V) = 0   I(V^ss) = 0
==> s961 chi#11=a:('0', '0', '0', '1'),b:('-1', '0', '0', '0'),c:('1', '0', '0', '0') h1=1 m=3 psi=a:('1', '0', '0', '0'),b:('1', '0', '0', '0'),c:('0', '0', '1', '0'): I(V) = 0   I(V^ss) = 0
==> s961 chi#11=a:('0', '0', '0', '1'),b:('-1', '0', '0', '0'),c:('1', '0', '0', '0') h1=1 m=3 psi=a:('1', '0', '0', '0'),b:('1', '0', '0', '0'),c:('-1', '0', '1', '0'): I(V) = 0   I(V^ss) = 0
==> s961 chi#11=a:('0', '0', '0', '1'),b:('-1', '0', '0', '0'),c:('1', '0', '0', '0') h1=1 m=3 psi=a:('1', '0', '0', '0'),b:('1', '0', '0', '0'),c:('-1', '0', '0', '0'): I(V) = 0   I(V^ss) = 0
==> s961 chi#11=a:('0', '0', '0', '1'),b:('-1', '0', '0', '0'),c:('1', '0', '0', '0') h1=1 m=3 psi=a:('1', '0', '0', '0'),b:('1', '0', '0', '0'),c:('0', '0', '-1', '0'): I(V) = 0   I(V^ss) = 0
==> s961 chi#11=a:('0', '0', '0', '1'),b:('-1', '0', '0', '0'),c:('1', '0', '0', '0') h1=1 m=3 psi=a:('1', '0', '0', '0'),b:('1', '0', '0', '0'),c:('1', '0', '-1', '0'): I(V) = 0   I(V^ss) = 0
==> s961 chi#11=a:('0', '0', '0', '1'),b:('-1', '0', '0', '0'),c:('1', '0', '0', '0') h1=1 m=3 psi=a:('1', '0', '0', '0'),b:('-1', '0', '0', '0'),c:('1', '0', '0', '0'): I(V) = 0   I(V^ss) = 0
==> s961 chi#11=a:('0', '0', '0', '1'),b:('-1', '0', '0', '0'),c:('1', '0', '0', '0') h1=1 m=3 psi=a:('1', '0', '0', '0'),b:('-1', '0', '0', '0'),c:('0', '0', '1', '0'): I(V) = 0   I(V^ss) = 0
==> s961 chi#11=a:('0', '0', '0', '1'),b:('-1', '0', '0', '0'),c:('1', '0', '0', '0') h1=1 m=3 psi=a:('1', '0', '0', '0'),b:('-1', '0', '0', '0'),c:('-1', '0', '1', '0'): I(V) = 0   I(V^ss) = 0
==> s961 chi#11=a:('0', '0', '0', '1'),b:('-1', '0', '0', '0'),c:('1', '0', '0', '0') h1=1 m=3 psi=a:('1', '0', '0', '0'),b:('-1', '0', '0', '0'),c:('-1', '0', '0', '0'): I(V) = 0   I(V^ss) = 0
==> s961 chi#11=a:('0', '0', '0', '1'),b:('-1', '0', '0', '0'),c:('1', '0', '0', '0') h1=1 m=3 psi=a:('1', '0', '0', '0'),b:('-1', '0', '0', '0'),c:('0', '0', '-1', '0'): I(V) = 0   I(V^ss) = 0
==> s961 chi#11=a:('0', '0', '0', '1'),b:('-1', '0', '0', '0'),c:('1', '0', '0', '0') h1=1 m=3 psi=a:('1', '0', '0', '0'),b:('-1', '0', '0', '0'),c:('1', '0', '-1', '0'): I(V) = 0   I(V^ss) = 0
==> s961 chi#11=a:('0', '0', '0', '1'),b:('-1', '0', '0', '0'),c:('1', '0', '0', '0') h1=1 m=3 psi=a:('-1', '0', '0', '0'),b:('1', '0', '0', '0'),c:('1', '0', '0', '0'): I(V) = 0   I(V^ss) = 0
==> s961 chi#11=a:('0', '0', '0', '1'),b:('-1', '0', '0', '0'),c:('1', '0', '0', '0') h1=1 m=3 psi=a:('-1', '0', '0', '0'),b:('1', '0', '0', '0'),c:('0', '0', '1', '0'): I(V) = 0   I(V^ss) = 0
==> s961 chi#11=a:('0', '0', '0', '1'),b:('-1', '0', '0', '0'),c:('1', '0', '0', '0') h1=1 m=3 psi=a:('-1', '0', '0', '0'),b:('1', '0', '0', '0'),c:('-1', '0', '1', '0'): I(V) = 0   I(V^ss) = 0
==> s961 chi#11=a:('0', '0', '0', '1'),b:('-1', '0', '0', '0'),c:('1', '0', '0', '0') h1=1 m=3 psi=a:('-1', '0', '0', '0'),b:('1', '0', '0', '0'),c:('-1', '0', '0', '0'): I(V) = 0   I(V^ss) = 0
==> s961 chi#11=a:('0', '0', '0', '1'),b:('-1', '0', '0', '0'),c:('1', '0', '0', '0') h1=1 m=3 psi=a:('-1', '0', '0', '0'),b:('1', '0', '0', '0'),c:('0', '0', '-1', '0'): I(V) = 0   I(V^ss) = 0
==> s961 chi#11=a:('0', '0', '0', '1'),b:('-1', '0', '0', '0'),c:('1', '0', '0', '0') h1=1 m=3 psi=a:('-1', '0', '0', '0'),b:('1', '0', '0', '0'),c:('1', '0', '-1', '0'): I(V) = 0   I(V^ss) = 0
==> s961 chi#11=a:('0', '0', '0', '1'),b:('-1', '0', '0', '0'),c:('1', '0', '0', '0') h1=1 m=3 psi=a:('-1', '0', '0', '0'),b:('-1', '0', '0', '0'),c:('1', '0', '0', '0'): I(V) = 0   I(V^ss) = 0
==> s961 chi#11=a:('0', '0', '0', '1'),b:('-1', '0', '0', '0'),c:('1', '0', '0', '0') h1=1 m=3 psi=a:('-1', '0', '0', '0'),b:('-1', '0', '0', '0'),c:('0', '0', '1', '0'): I(V) = 0   I(V^ss) = 0
==> s961 chi#11=a:('0', '0', '0', '1'),b:('-1', '0', '0', '0'),c:('1', '0', '0', '0') h1=1 m=3 psi=a:('-1', '0', '0', '0'),b:('-1', '0', '0', '0'),c:('-1', '0', '1', '0'): I(V) = 0   I(V^ss) = 0
==> s961 chi#11=a:('0', '0', '0', '1'),b:('-1', '0', '0', '0'),c:('1', '0', '0', '0') h1=1 m=3 psi=a:('-1', '0', '0', '0'),b:('-1', '0', '0', '0'),c:('-1', '0', '0', '0'): I(V) = 0   I(V^ss) = 0
==> s961 chi#11=a:('0', '0', '0', '1'),b:('-1', '0', '0', '0'),c:('1', '0', '0', '0') h1=1 m=3 psi=a:('-1', '0', '0', '0'),b:('-1', '0', '0', '0'),c:('0', '0', '-1', '0'): I(V) = 0   I(V^ss) = 0
==> s961 chi#11=a:('0', '0', '0', '1'),b:('-1', '0', '0', '0'),c:('1', '0', '0', '0') h1=1 m=3 psi=a:('-1', '0', '0', '0'),b:('-1', '0', '0', '0'),c:('1', '0', '-1', '0'): I(V) = 0   I(V^ss) = 0
==> s961 chi#11=a:('0', '0', '0', '1'),b:('-1', '0', '0', '0'),c:('1', '0', '0', '0') h1=1 m=3 psi=chi^1: I(V) = 0   I(V^ss) = 0
==> s961 chi#11=a:('0', '0', '0', '1'),b:('-1', '0', '0', '0'),c:('1', '0', '0', '0') h1=1 m=3 psi=chi^2: I(V) = 0   I(V^ss) = 0
==> s961 chi#11=a:('0', '0', '0', '1'),b:('-1', '0', '0', '0'),c:('1', '0', '0', '0') h1=1 m=3 psi=chi^3: I(V) = 0   I(V^ss) = 0
  locus chi#12=a:('0', '0', '0', '1'),b:('-1', '0', '0', '0'),c:('-1', '0', '0', '0') h1=1
==> s961 chi#12=a:('0', '0', '0', '1'),b:('-1', '0', '0', '0'),c:('-1', '0', '0', '0') h1=1 m=1 psi=a:('1', '0', '0', '0'),b:('1', '0', '0', '0'),c:('1', '0', '0', '0'): I(V) = 0   I(V^ss) = 0
==> s961 chi#12=a:('0', '0', '0', '1'),b:('-1', '0', '0', '0'),c:('-1', '0', '0', '0') h1=1 m=1 psi=a:('1', '0', '0', '0'),b:('1', '0', '0', '0'),c:('0', '0', '1', '0'): I(V) = 0   I(V^ss) = 0
==> s961 chi#12=a:('0', '0', '0', '1'),b:('-1', '0', '0', '0'),c:('-1', '0', '0', '0') h1=1 m=1 psi=a:('1', '0', '0', '0'),b:('1', '0', '0', '0'),c:('-1', '0', '1', '0'): I(V) = 0   I(V^ss) = 0
==> s961 chi#12=a:('0', '0', '0', '1'),b:('-1', '0', '0', '0'),c:('-1', '0', '0', '0') h1=1 m=1 psi=a:('1', '0', '0', '0'),b:('1', '0', '0', '0'),c:('-1', '0', '0', '0'): I(V) = 0   I(V^ss) = 0
==> s961 chi#12=a:('0', '0', '0', '1'),b:('-1', '0', '0', '0'),c:('-1', '0', '0', '0') h1=1 m=1 psi=a:('1', '0', '0', '0'),b:('1', '0', '0', '0'),c:('0', '0', '-1', '0'): I(V) = 0   I(V^ss) = 0
==> s961 chi#12=a:('0', '0', '0', '1'),b:('-1', '0', '0', '0'),c:('-1', '0', '0', '0') h1=1 m=1 psi=a:('1', '0', '0', '0'),b:('1', '0', '0', '0'),c:('1', '0', '-1', '0'): I(V) = 0   I(V^ss) = 0
==> s961 chi#12=a:('0', '0', '0', '1'),b:('-1', '0', '0', '0'),c:('-1', '0', '0', '0') h1=1 m=1 psi=a:('1', '0', '0', '0'),b:('-1', '0', '0', '0'),c:('1', '0', '0', '0'): I(V) = 0   I(V^ss) = 0
==> s961 chi#12=a:('0', '0', '0', '1'),b:('-1', '0', '0', '0'),c:('-1', '0', '0', '0') h1=1 m=1 psi=a:('1', '0', '0', '0'),b:('-1', '0', '0', '0'),c:('0', '0', '1', '0'): I(V) = 0   I(V^ss) = 0
==> s961 chi#12=a:('0', '0', '0', '1'),b:('-1', '0', '0', '0'),c:('-1', '0', '0', '0') h1=1 m=1 psi=a:('1', '0', '0', '0'),b:('-1', '0', '0', '0'),c:('-1', '0', '1', '0'): I(V) = 0   I(V^ss) = 0
==> s961 chi#12=a:('0', '0', '0', '1'),b:('-1', '0', '0', '0'),c:('-1', '0', '0', '0') h1=1 m=1 psi=a:('1', '0', '0', '0'),b:('-1', '0', '0', '0'),c:('-1', '0', '0', '0'): I(V) = 0   I(V^ss) = 0
==> s961 chi#12=a:('0', '0', '0', '1'),b:('-1', '0', '0', '0'),c:('-1', '0', '0', '0') h1=1 m=1 psi=a:('1', '0', '0', '0'),b:('-1', '0', '0', '0'),c:('0', '0', '-1', '0'): I(V) = 0   I(V^ss) = 0
==> s961 chi#12=a:('0', '0', '0', '1'),b:('-1', '0', '0', '0'),c:('-1', '0', '0', '0') h1=1 m=1 psi=a:('1', '0', '0', '0'),b:('-1', '0', '0', '0'),c:('1', '0', '-1', '0'): I(V) = 0   I(V^ss) = 0
==> s961 chi#12=a:('0', '0', '0', '1'),b:('-1', '0', '0', '0'),c:('-1', '0', '0', '0') h1=1 m=1 psi=a:('-1', '0', '0', '0'),b:('1', '0', '0', '0'),c:('1', '0', '0', '0'): I(V) = 0   I(V^ss) = 0
==> s961 chi#12=a:('0', '0', '0', '1'),b:('-1', '0', '0', '0'),c:('-1', '0', '0', '0') h1=1 m=1 psi=a:('-1', '0', '0', '0'),b:('1', '0', '0', '0'),c:('0', '0', '1', '0'): I(V) = 0   I(V^ss) = 0
==> s961 chi#12=a:('0', '0', '0', '1'),b:('-1', '0', '0', '0'),c:('-1', '0', '0', '0') h1=1 m=1 psi=a:('-1', '0', '0', '0'),b:('1', '0', '0', '0'),c:('-1', '0', '1', '0'): I(V) = 0   I(V^ss) = 0
==> s961 chi#12=a:('0', '0', '0', '1'),b:('-1', '0', '0', '0'),c:('-1', '0', '0', '0') h1=1 m=1 psi=a:('-1', '0', '0', '0'),b:('1', '0', '0', '0'),c:('-1', '0', '0', '0'): I(V) = 0   I(V^ss) = 0
==> s961 chi#12=a:('0', '0', '0', '1'),b:('-1', '0', '0', '0'),c:('-1', '0', '0', '0') h1=1 m=1 psi=a:('-1', '0', '0', '0'),b:('1', '0', '0', '0'),c:('0', '0', '-1', '0'): I(V) = 0   I(V^ss) = 0
==> s961 chi#12=a:('0', '0', '0', '1'),b:('-1', '0', '0', '0'),c:('-1', '0', '0', '0') h1=1 m=1 psi=a:('-1', '0', '0', '0'),b:('1', '0', '0', '0'),c:('1', '0', '-1', '0'): I(V) = 0   I(V^ss) = 0
==> s961 chi#12=a:('0', '0', '0', '1'),b:('-1', '0', '0', '0'),c:('-1', '0', '0', '0') h1=1 m=1 psi=a:('-1', '0', '0', '0'),b:('-1', '0', '0', '0'),c:('1', '0', '0', '0'): I(V) = 0   I(V^ss) = 0
==> s961 chi#12=a:('0', '0', '0', '1'),b:('-1', '0', '0', '0'),c:('-1', '0', '0', '0') h1=1 m=1 psi=a:('-1', '0', '0', '0'),b:('-1', '0', '0', '0'),c:('0', '0', '1', '0'): I(V) = 0   I(V^ss) = 0
==> s961 chi#12=a:('0', '0', '0', '1'),b:('-1', '0', '0', '0'),c:('-1', '0', '0', '0') h1=1 m=1 psi=a:('-1', '0', '0', '0'),b:('-1', '0', '0', '0'),c:('-1', '0', '1', '0'): I(V) = 0   I(V^ss) = 0
==> s961 chi#12=a:('0', '0', '0', '1'),b:('-1', '0', '0', '0'),c:('-1', '0', '0', '0') h1=1 m=1 psi=a:('-1', '0', '0', '0'),b:('-1', '0', '0', '0'),c:('-1', '0', '0', '0'): I(V) = 0   I(V^ss) = 0
==> s961 chi#12=a:('0', '0', '0', '1'),b:('-1', '0', '0', '0'),c:('-1', '0', '0', '0') h1=1 m=1 psi=a:('-1', '0', '0', '0'),b:('-1', '0', '0', '0'),c:('0', '0', '-1', '0'): I(V) = 0   I(V^ss) = 0
==> s961 chi#12=a:('0', '0', '0', '1'),b:('-1', '0', '0', '0'),c:('-1', '0', '0', '0') h1=1 m=1 psi=a:('-1', '0', '0', '0'),b:('-1', '0', '0', '0'),c:('1', '0', '-1', '0'): I(V) = 0   I(V^ss) = 0
==> s961 chi#12=a:('0', '0', '0', '1'),b:('-1', '0', '0', '0'),c:('-1', '0', '0', '0') h1=1 m=1 psi=chi^1: I(V) = 0   I(V^ss) = 0
==> s961 chi#12=a:('0', '0', '0', '1'),b:('-1', '0', '0', '0'),c:('-1', '0', '0', '0') h1=1 m=1 psi=chi^2: I(V) = 0   I(V^ss) = 0
==> s961 chi#12=a:('0', '0', '0', '1'),b:('-1', '0', '0', '0'),c:('-1', '0', '0', '0') h1=1 m=1 psi=chi^3: I(V) = 0   I(V^ss) = 0
==> s961 chi#12=a:('0', '0', '0', '1'),b:('-1', '0', '0', '0'),c:('-1', '0', '0', '0') h1=1 m=2 psi=a:('1', '0', '0', '0'),b:('1', '0', '0', '0'),c:('1', '0', '0', '0'): I(V) = 0   I(V^ss) = 0
==> s961 chi#12=a:('0', '0', '0', '1'),b:('-1', '0', '0', '0'),c:('-1', '0', '0', '0') h1=1 m=2 psi=a:('1', '0', '0', '0'),b:('1', '0', '0', '0'),c:('0', '0', '1', '0'): I(V) = 0   I(V^ss) = 0
==> s961 chi#12=a:('0', '0', '0', '1'),b:('-1', '0', '0', '0'),c:('-1', '0', '0', '0') h1=1 m=2 psi=a:('1', '0', '0', '0'),b:('1', '0', '0', '0'),c:('-1', '0', '1', '0'): I(V) = 0   I(V^ss) = 0
==> s961 chi#12=a:('0', '0', '0', '1'),b:('-1', '0', '0', '0'),c:('-1', '0', '0', '0') h1=1 m=2 psi=a:('1', '0', '0', '0'),b:('1', '0', '0', '0'),c:('-1', '0', '0', '0'): I(V) = 0   I(V^ss) = 0
==> s961 chi#12=a:('0', '0', '0', '1'),b:('-1', '0', '0', '0'),c:('-1', '0', '0', '0') h1=1 m=2 psi=a:('1', '0', '0', '0'),b:('1', '0', '0', '0'),c:('0', '0', '-1', '0'): I(V) = 0   I(V^ss) = 0
==> s961 chi#12=a:('0', '0', '0', '1'),b:('-1', '0', '0', '0'),c:('-1', '0', '0', '0') h1=1 m=2 psi=a:('1', '0', '0', '0'),b:('1', '0', '0', '0'),c:('1', '0', '-1', '0'): I(V) = 0   I(V^ss) = 0
==> s961 chi#12=a:('0', '0', '0', '1'),b:('-1', '0', '0', '0'),c:('-1', '0', '0', '0') h1=1 m=2 psi=a:('1', '0', '0', '0'),b:('-1', '0', '0', '0'),c:('1', '0', '0', '0'): I(V) = 0   I(V^ss) = 0
==> s961 chi#12=a:('0', '0', '0', '1'),b:('-1', '0', '0', '0'),c:('-1', '0', '0', '0') h1=1 m=2 psi=a:('1', '0', '0', '0'),b:('-1', '0', '0', '0'),c:('0', '0', '1', '0'): I(V) = 0   I(V^ss) = 0
==> s961 chi#12=a:('0', '0', '0', '1'),b:('-1', '0', '0', '0'),c:('-1', '0', '0', '0') h1=1 m=2 psi=a:('1', '0', '0', '0'),b:('-1', '0', '0', '0'),c:('-1', '0', '1', '0'): I(V) = 0   I(V^ss) = 0
==> s961 chi#12=a:('0', '0', '0', '1'),b:('-1', '0', '0', '0'),c:('-1', '0', '0', '0') h1=1 m=2 psi=a:('1', '0', '0', '0'),b:('-1', '0', '0', '0'),c:('-1', '0', '0', '0'): I(V) = 0   I(V^ss) = 0
==> s961 chi#12=a:('0', '0', '0', '1'),b:('-1', '0', '0', '0'),c:('-1', '0', '0', '0') h1=1 m=2 psi=a:('1', '0', '0', '0'),b:('-1', '0', '0', '0'),c:('0', '0', '-1', '0'): I(V) = 0   I(V^ss) = 0
==> s961 chi#12=a:('0', '0', '0', '1'),b:('-1', '0', '0', '0'),c:('-1', '0', '0', '0') h1=1 m=2 psi=a:('1', '0', '0', '0'),b:('-1', '0', '0', '0'),c:('1', '0', '-1', '0'): I(V) = 0   I(V^ss) = 0
==> s961 chi#12=a:('0', '0', '0', '1'),b:('-1', '0', '0', '0'),c:('-1', '0', '0', '0') h1=1 m=2 psi=a:('-1', '0', '0', '0'),b:('1', '0', '0', '0'),c:('1', '0', '0', '0'): I(V) = 0   I(V^ss) = 0
==> s961 chi#12=a:('0', '0', '0', '1'),b:('-1', '0', '0', '0'),c:('-1', '0', '0', '0') h1=1 m=2 psi=a:('-1', '0', '0', '0'),b:('1', '0', '0', '0'),c:('0', '0', '1', '0'): I(V) = 0   I(V^ss) = 0
==> s961 chi#12=a:('0', '0', '0', '1'),b:('-1', '0', '0', '0'),c:('-1', '0', '0', '0') h1=1 m=2 psi=a:('-1', '0', '0', '0'),b:('1', '0', '0', '0'),c:('-1', '0', '1', '0'): I(V) = 0   I(V^ss) = 0
==> s961 chi#12=a:('0', '0', '0', '1'),b:('-1', '0', '0', '0'),c:('-1', '0', '0', '0') h1=1 m=2 psi=a:('-1', '0', '0', '0'),b:('1', '0', '0', '0'),c:('-1', '0', '0', '0'): I(V) = 0   I(V^ss) = 0
==> s961 chi#12=a:('0', '0', '0', '1'),b:('-1', '0', '0', '0'),c:('-1', '0', '0', '0') h1=1 m=2 psi=a:('-1', '0', '0', '0'),b:('1', '0', '0', '0'),c:('0', '0', '-1', '0'): I(V) = 0   I(V^ss) = 0
==> s961 chi#12=a:('0', '0', '0', '1'),b:('-1', '0', '0', '0'),c:('-1', '0', '0', '0') h1=1 m=2 psi=a:('-1', '0', '0', '0'),b:('1', '0', '0', '0'),c:('1', '0', '-1', '0'): I(V) = 0   I(V^ss) = 0
==> s961 chi#12=a:('0', '0', '0', '1'),b:('-1', '0', '0', '0'),c:('-1', '0', '0', '0') h1=1 m=2 psi=a:('-1', '0', '0', '0'),b:('-1', '0', '0', '0'),c:('1', '0', '0', '0'): I(V) = 0   I(V^ss) = 0
==> s961 chi#12=a:('0', '0', '0', '1'),b:('-1', '0', '0', '0'),c:('-1', '0', '0', '0') h1=1 m=2 psi=a:('-1', '0', '0', '0'),b:('-1', '0', '0', '0'),c:('0', '0', '1', '0'): I(V) = 0   I(V^ss) = 0
==> s961 chi#12=a:('0', '0', '0', '1'),b:('-1', '0', '0', '0'),c:('-1', '0', '0', '0') h1=1 m=2 psi=a:('-1', '0', '0', '0'),b:('-1', '0', '0', '0'),c:('-1', '0', '1', '0'): I(V) = 0   I(V^ss) = 0
==> s961 chi#12=a:('0', '0', '0', '1'),b:('-1', '0', '0', '0'),c:('-1', '0', '0', '0') h1=1 m=2 psi=a:('-1', '0', '0', '0'),b:('-1', '0', '0', '0'),c:('-1', '0', '0', '0'): I(V) = 0   I(V^ss) = 0
==> s961 chi#12=a:('0', '0', '0', '1'),b:('-1', '0', '0', '0'),c:('-1', '0', '0', '0') h1=1 m=2 psi=a:('-1', '0', '0', '0'),b:('-1', '0', '0', '0'),c:('0', '0', '-1', '0'): I(V) = 0   I(V^ss) = 0
==> s961 chi#12=a:('0', '0', '0', '1'),b:('-1', '0', '0', '0'),c:('-1', '0', '0', '0') h1=1 m=2 psi=a:('-1', '0', '0', '0'),b:('-1', '0', '0', '0'),c:('1', '0', '-1', '0'): I(V) = 0   I(V^ss) = 0
==> s961 chi#12=a:('0', '0', '0', '1'),b:('-1', '0', '0', '0'),c:('-1', '0', '0', '0') h1=1 m=2 psi=chi^1: I(V) = 0   I(V^ss) = 0
==> s961 chi#12=a:('0', '0', '0', '1'),b:('-1', '0', '0', '0'),c:('-1', '0', '0', '0') h1=1 m=2 psi=chi^2: I(V) = 0   I(V^ss) = 0
==> s961 chi#12=a:('0', '0', '0', '1'),b:('-1', '0', '0', '0'),c:('-1', '0', '0', '0') h1=1 m=2 psi=chi^3: I(V) = 0   I(V^ss) = 0
==> s961 chi#12=a:('0', '0', '0', '1'),b:('-1', '0', '0', '0'),c:('-1', '0', '0', '0') h1=1 m=3 psi=a:('1', '0', '0', '0'),b:('1', '0', '0', '0'),c:('1', '0', '0', '0'): I(V) = 0   I(V^ss) = 0
==> s961 chi#12=a:('0', '0', '0', '1'),b:('-1', '0', '0', '0'),c:('-1', '0', '0', '0') h1=1 m=3 psi=a:('1', '0', '0', '0'),b:('1', '0', '0', '0'),c:('0', '0', '1', '0'): I(V) = 0   I(V^ss) = 0
==> s961 chi#12=a:('0', '0', '0', '1'),b:('-1', '0', '0', '0'),c:('-1', '0', '0', '0') h1=1 m=3 psi=a:('1', '0', '0', '0'),b:('1', '0', '0', '0'),c:('-1', '0', '1', '0'): I(V) = 0   I(V^ss) = 0
==> s961 chi#12=a:('0', '0', '0', '1'),b:('-1', '0', '0', '0'),c:('-1', '0', '0', '0') h1=1 m=3 psi=a:('1', '0', '0', '0'),b:('1', '0', '0', '0'),c:('-1', '0', '0', '0'): I(V) = 0   I(V^ss) = 0
==> s961 chi#12=a:('0', '0', '0', '1'),b:('-1', '0', '0', '0'),c:('-1', '0', '0', '0') h1=1 m=3 psi=a:('1', '0', '0', '0'),b:('1', '0', '0', '0'),c:('0', '0', '-1', '0'): I(V) = 0   I(V^ss) = 0
==> s961 chi#12=a:('0', '0', '0', '1'),b:('-1', '0', '0', '0'),c:('-1', '0', '0', '0') h1=1 m=3 psi=a:('1', '0', '0', '0'),b:('1', '0', '0', '0'),c:('1', '0', '-1', '0'): I(V) = 0   I(V^ss) = 0
==> s961 chi#12=a:('0', '0', '0', '1'),b:('-1', '0', '0', '0'),c:('-1', '0', '0', '0') h1=1 m=3 psi=a:('1', '0', '0', '0'),b:('-1', '0', '0', '0'),c:('1', '0', '0', '0'): I(V) = 0   I(V^ss) = 0
==> s961 chi#12=a:('0', '0', '0', '1'),b:('-1', '0', '0', '0'),c:('-1', '0', '0', '0') h1=1 m=3 psi=a:('1', '0', '0', '0'),b:('-1', '0', '0', '0'),c:('0', '0', '1', '0'): I(V) = 0   I(V^ss) = 0
==> s961 chi#12=a:('0', '0', '0', '1'),b:('-1', '0', '0', '0'),c:('-1', '0', '0', '0') h1=1 m=3 psi=a:('1', '0', '0', '0'),b:('-1', '0', '0', '0'),c:('-1', '0', '1', '0'): I(V) = 0   I(V^ss) = 0
==> s961 chi#12=a:('0', '0', '0', '1'),b:('-1', '0', '0', '0'),c:('-1', '0', '0', '0') h1=1 m=3 psi=a:('1', '0', '0', '0'),b:('-1', '0', '0', '0'),c:('-1', '0', '0', '0'): I(V) = 0   I(V^ss) = 0
==> s961 chi#12=a:('0', '0', '0', '1'),b:('-1', '0', '0', '0'),c:('-1', '0', '0', '0') h1=1 m=3 psi=a:('1', '0', '0', '0'),b:('-1', '0', '0', '0'),c:('0', '0', '-1', '0'): I(V) = 0   I(V^ss) = 0
==> s961 chi#12=a:('0', '0', '0', '1'),b:('-1', '0', '0', '0'),c:('-1', '0', '0', '0') h1=1 m=3 psi=a:('1', '0', '0', '0'),b:('-1', '0', '0', '0'),c:('1', '0', '-1', '0'): I(V) = 0   I(V^ss) = 0
==> s961 chi#12=a:('0', '0', '0', '1'),b:('-1', '0', '0', '0'),c:('-1', '0', '0', '0') h1=1 m=3 psi=a:('-1', '0', '0', '0'),b:('1', '0', '0', '0'),c:('1', '0', '0', '0'): I(V) = 0   I(V^ss) = 0
==> s961 chi#12=a:('0', '0', '0', '1'),b:('-1', '0', '0', '0'),c:('-1', '0', '0', '0') h1=1 m=3 psi=a:('-1', '0', '0', '0'),b:('1', '0', '0', '0'),c:('0', '0', '1', '0'): I(V) = 0   I(V^ss) = 0
==> s961 chi#12=a:('0', '0', '0', '1'),b:('-1', '0', '0', '0'),c:('-1', '0', '0', '0') h1=1 m=3 psi=a:('-1', '0', '0', '0'),b:('1', '0', '0', '0'),c:('-1', '0', '1', '0'): I(V) = 0   I(V^ss) = 0
==> s961 chi#12=a:('0', '0', '0', '1'),b:('-1', '0', '0', '0'),c:('-1', '0', '0', '0') h1=1 m=3 psi=a:('-1', '0', '0', '0'),b:('1', '0', '0', '0'),c:('-1', '0', '0', '0'): I(V) = 0   I(V^ss) = 0
==> s961 chi#12=a:('0', '0', '0', '1'),b:('-1', '0', '0', '0'),c:('-1', '0', '0', '0') h1=1 m=3 psi=a:('-1', '0', '0', '0'),b:('1', '0', '0', '0'),c:('0', '0', '-1', '0'): I(V) = 0   I(V^ss) = 0
==> s961 chi#12=a:('0', '0', '0', '1'),b:('-1', '0', '0', '0'),c:('-1', '0', '0', '0') h1=1 m=3 psi=a:('-1', '0', '0', '0'),b:('1', '0', '0', '0'),c:('1', '0', '-1', '0'): I(V) = 0   I(V^ss) = 0
==> s961 chi#12=a:('0', '0', '0', '1'),b:('-1', '0', '0', '0'),c:('-1', '0', '0', '0') h1=1 m=3 psi=a:('-1', '0', '0', '0'),b:('-1', '0', '0', '0'),c:('1', '0', '0', '0'): I(V) = 0   I(V^ss) = 0
==> s961 chi#12=a:('0', '0', '0', '1'),b:('-1', '0', '0', '0'),c:('-1', '0', '0', '0') h1=1 m=3 psi=a:('-1', '0', '0', '0'),b:('-1', '0', '0', '0'),c:('0', '0', '1', '0'): I(V) = 0   I(V^ss) = 0
==> s961 chi#12=a:('0', '0', '0', '1'),b:('-1', '0', '0', '0'),c:('-1', '0', '0', '0') h1=1 m=3 psi=a:('-1', '0', '0', '0'),b:('-1', '0', '0', '0'),c:('-1', '0', '1', '0'): I(V) = 0   I(V^ss) = 0
==> s961 chi#12=a:('0', '0', '0', '1'),b:('-1', '0', '0', '0'),c:('-1', '0', '0', '0') h1=1 m=3 psi=a:('-1', '0', '0', '0'),b:('-1', '0', '0', '0'),c:('-1', '0', '0', '0'): I(V) = 0   I(V^ss) = 0
==> s961 chi#12=a:('0', '0', '0', '1'),b:('-1', '0', '0', '0'),c:('-1', '0', '0', '0') h1=1 m=3 psi=a:('-1', '0', '0', '0'),b:('-1', '0', '0', '0'),c:('0', '0', '-1', '0'): I(V) = 0   I(V^ss) = 0
==> s961 chi#12=a:('0', '0', '0', '1'),b:('-1', '0', '0', '0'),c:('-1', '0', '0', '0') h1=1 m=3 psi=a:('-1', '0', '0', '0'),b:('-1', '0', '0', '0'),c:('1', '0', '-1', '0'): I(V) = 0   I(V^ss) = 0
==> s961 chi#12=a:('0', '0', '0', '1'),b:('-1', '0', '0', '0'),c:('-1', '0', '0', '0') h1=1 m=3 psi=chi^1: I(V) = 0   I(V^ss) = 0
==> s961 chi#12=a:('0', '0', '0', '1'),b:('-1', '0', '0', '0'),c:('-1', '0', '0', '0') h1=1 m=3 psi=chi^2: I(V) = 0   I(V^ss) = 0
==> s961 chi#12=a:('0', '0', '0', '1'),b:('-1', '0', '0', '0'),c:('-1', '0', '0', '0') h1=1 m=3 psi=chi^3: I(V) = 0   I(V^ss) = 0
  locus chi#13=a:('0', '0', '0', '1'),b:('0', '0', '0', '-1'),c:('0', '0', '0', '1') h1=1
==> s961 chi#13=a:('0', '0', '0', '1'),b:('0', '0', '0', '-1'),c:('0', '0', '0', '1') h1=1 m=1 psi=a:('1', '0', '0', '0'),b:('1', '0', '0', '0'),c:('1', '0', '0', '0'): I(V) = 0   I(V^ss) = 0
==> s961 chi#13=a:('0', '0', '0', '1'),b:('0', '0', '0', '-1'),c:('0', '0', '0', '1') h1=1 m=1 psi=a:('1', '0', '0', '0'),b:('1', '0', '0', '0'),c:('0', '0', '1', '0'): I(V) = 0   I(V^ss) = 0
==> s961 chi#13=a:('0', '0', '0', '1'),b:('0', '0', '0', '-1'),c:('0', '0', '0', '1') h1=1 m=1 psi=a:('1', '0', '0', '0'),b:('1', '0', '0', '0'),c:('-1', '0', '1', '0'): I(V) = 0   I(V^ss) = 0
==> s961 chi#13=a:('0', '0', '0', '1'),b:('0', '0', '0', '-1'),c:('0', '0', '0', '1') h1=1 m=1 psi=a:('1', '0', '0', '0'),b:('1', '0', '0', '0'),c:('-1', '0', '0', '0'): I(V) = 0   I(V^ss) = 0
==> s961 chi#13=a:('0', '0', '0', '1'),b:('0', '0', '0', '-1'),c:('0', '0', '0', '1') h1=1 m=1 psi=a:('1', '0', '0', '0'),b:('1', '0', '0', '0'),c:('0', '0', '-1', '0'): I(V) = 0   I(V^ss) = 0
==> s961 chi#13=a:('0', '0', '0', '1'),b:('0', '0', '0', '-1'),c:('0', '0', '0', '1') h1=1 m=1 psi=a:('1', '0', '0', '0'),b:('1', '0', '0', '0'),c:('1', '0', '-1', '0'): I(V) = 0   I(V^ss) = 0
==> s961 chi#13=a:('0', '0', '0', '1'),b:('0', '0', '0', '-1'),c:('0', '0', '0', '1') h1=1 m=1 psi=a:('1', '0', '0', '0'),b:('-1', '0', '0', '0'),c:('1', '0', '0', '0'): I(V) = 0   I(V^ss) = 0
==> s961 chi#13=a:('0', '0', '0', '1'),b:('0', '0', '0', '-1'),c:('0', '0', '0', '1') h1=1 m=1 psi=a:('1', '0', '0', '0'),b:('-1', '0', '0', '0'),c:('0', '0', '1', '0'): I(V) = 0   I(V^ss) = 0
==> s961 chi#13=a:('0', '0', '0', '1'),b:('0', '0', '0', '-1'),c:('0', '0', '0', '1') h1=1 m=1 psi=a:('1', '0', '0', '0'),b:('-1', '0', '0', '0'),c:('-1', '0', '1', '0'): I(V) = 0   I(V^ss) = 0
==> s961 chi#13=a:('0', '0', '0', '1'),b:('0', '0', '0', '-1'),c:('0', '0', '0', '1') h1=1 m=1 psi=a:('1', '0', '0', '0'),b:('-1', '0', '0', '0'),c:('-1', '0', '0', '0'): I(V) = 0   I(V^ss) = 0
==> s961 chi#13=a:('0', '0', '0', '1'),b:('0', '0', '0', '-1'),c:('0', '0', '0', '1') h1=1 m=1 psi=a:('1', '0', '0', '0'),b:('-1', '0', '0', '0'),c:('0', '0', '-1', '0'): I(V) = 0   I(V^ss) = 0
==> s961 chi#13=a:('0', '0', '0', '1'),b:('0', '0', '0', '-1'),c:('0', '0', '0', '1') h1=1 m=1 psi=a:('1', '0', '0', '0'),b:('-1', '0', '0', '0'),c:('1', '0', '-1', '0'): I(V) = 0   I(V^ss) = 0
==> s961 chi#13=a:('0', '0', '0', '1'),b:('0', '0', '0', '-1'),c:('0', '0', '0', '1') h1=1 m=1 psi=a:('-1', '0', '0', '0'),b:('1', '0', '0', '0'),c:('1', '0', '0', '0'): I(V) = 0   I(V^ss) = 0
==> s961 chi#13=a:('0', '0', '0', '1'),b:('0', '0', '0', '-1'),c:('0', '0', '0', '1') h1=1 m=1 psi=a:('-1', '0', '0', '0'),b:('1', '0', '0', '0'),c:('0', '0', '1', '0'): I(V) = 0   I(V^ss) = 0
==> s961 chi#13=a:('0', '0', '0', '1'),b:('0', '0', '0', '-1'),c:('0', '0', '0', '1') h1=1 m=1 psi=a:('-1', '0', '0', '0'),b:('1', '0', '0', '0'),c:('-1', '0', '1', '0'): I(V) = 0   I(V^ss) = 0
==> s961 chi#13=a:('0', '0', '0', '1'),b:('0', '0', '0', '-1'),c:('0', '0', '0', '1') h1=1 m=1 psi=a:('-1', '0', '0', '0'),b:('1', '0', '0', '0'),c:('-1', '0', '0', '0'): I(V) = 0   I(V^ss) = 0
==> s961 chi#13=a:('0', '0', '0', '1'),b:('0', '0', '0', '-1'),c:('0', '0', '0', '1') h1=1 m=1 psi=a:('-1', '0', '0', '0'),b:('1', '0', '0', '0'),c:('0', '0', '-1', '0'): I(V) = 0   I(V^ss) = 0
==> s961 chi#13=a:('0', '0', '0', '1'),b:('0', '0', '0', '-1'),c:('0', '0', '0', '1') h1=1 m=1 psi=a:('-1', '0', '0', '0'),b:('1', '0', '0', '0'),c:('1', '0', '-1', '0'): I(V) = 0   I(V^ss) = 0
==> s961 chi#13=a:('0', '0', '0', '1'),b:('0', '0', '0', '-1'),c:('0', '0', '0', '1') h1=1 m=1 psi=a:('-1', '0', '0', '0'),b:('-1', '0', '0', '0'),c:('1', '0', '0', '0'): I(V) = 0   I(V^ss) = 0
==> s961 chi#13=a:('0', '0', '0', '1'),b:('0', '0', '0', '-1'),c:('0', '0', '0', '1') h1=1 m=1 psi=a:('-1', '0', '0', '0'),b:('-1', '0', '0', '0'),c:('0', '0', '1', '0'): I(V) = 0   I(V^ss) = 0
==> s961 chi#13=a:('0', '0', '0', '1'),b:('0', '0', '0', '-1'),c:('0', '0', '0', '1') h1=1 m=1 psi=a:('-1', '0', '0', '0'),b:('-1', '0', '0', '0'),c:('-1', '0', '1', '0'): I(V) = 0   I(V^ss) = 0
==> s961 chi#13=a:('0', '0', '0', '1'),b:('0', '0', '0', '-1'),c:('0', '0', '0', '1') h1=1 m=1 psi=a:('-1', '0', '0', '0'),b:('-1', '0', '0', '0'),c:('-1', '0', '0', '0'): I(V) = 0   I(V^ss) = 0
==> s961 chi#13=a:('0', '0', '0', '1'),b:('0', '0', '0', '-1'),c:('0', '0', '0', '1') h1=1 m=1 psi=a:('-1', '0', '0', '0'),b:('-1', '0', '0', '0'),c:('0', '0', '-1', '0'): I(V) = 0   I(V^ss) = 0
==> s961 chi#13=a:('0', '0', '0', '1'),b:('0', '0', '0', '-1'),c:('0', '0', '0', '1') h1=1 m=1 psi=a:('-1', '0', '0', '0'),b:('-1', '0', '0', '0'),c:('1', '0', '-1', '0'): I(V) = 0   I(V^ss) = 0
==> s961 chi#13=a:('0', '0', '0', '1'),b:('0', '0', '0', '-1'),c:('0', '0', '0', '1') h1=1 m=1 psi=chi^1: I(V) = 0   I(V^ss) = 0
==> s961 chi#13=a:('0', '0', '0', '1'),b:('0', '0', '0', '-1'),c:('0', '0', '0', '1') h1=1 m=1 psi=chi^2: I(V) = 0   I(V^ss) = 0
==> s961 chi#13=a:('0', '0', '0', '1'),b:('0', '0', '0', '-1'),c:('0', '0', '0', '1') h1=1 m=1 psi=chi^3: I(V) = 0   I(V^ss) = 0
==> s961 chi#13=a:('0', '0', '0', '1'),b:('0', '0', '0', '-1'),c:('0', '0', '0', '1') h1=1 m=2 psi=a:('1', '0', '0', '0'),b:('1', '0', '0', '0'),c:('1', '0', '0', '0'): I(V) = 0   I(V^ss) = 0
==> s961 chi#13=a:('0', '0', '0', '1'),b:('0', '0', '0', '-1'),c:('0', '0', '0', '1') h1=1 m=2 psi=a:('1', '0', '0', '0'),b:('1', '0', '0', '0'),c:('0', '0', '1', '0'): I(V) = 0   I(V^ss) = 0
==> s961 chi#13=a:('0', '0', '0', '1'),b:('0', '0', '0', '-1'),c:('0', '0', '0', '1') h1=1 m=2 psi=a:('1', '0', '0', '0'),b:('1', '0', '0', '0'),c:('-1', '0', '1', '0'): I(V) = 0   I(V^ss) = 0
==> s961 chi#13=a:('0', '0', '0', '1'),b:('0', '0', '0', '-1'),c:('0', '0', '0', '1') h1=1 m=2 psi=a:('1', '0', '0', '0'),b:('1', '0', '0', '0'),c:('-1', '0', '0', '0'): I(V) = 0   I(V^ss) = 0
==> s961 chi#13=a:('0', '0', '0', '1'),b:('0', '0', '0', '-1'),c:('0', '0', '0', '1') h1=1 m=2 psi=a:('1', '0', '0', '0'),b:('1', '0', '0', '0'),c:('0', '0', '-1', '0'): I(V) = 0   I(V^ss) = 0
==> s961 chi#13=a:('0', '0', '0', '1'),b:('0', '0', '0', '-1'),c:('0', '0', '0', '1') h1=1 m=2 psi=a:('1', '0', '0', '0'),b:('1', '0', '0', '0'),c:('1', '0', '-1', '0'): I(V) = 0   I(V^ss) = 0
==> s961 chi#13=a:('0', '0', '0', '1'),b:('0', '0', '0', '-1'),c:('0', '0', '0', '1') h1=1 m=2 psi=a:('1', '0', '0', '0'),b:('-1', '0', '0', '0'),c:('1', '0', '0', '0'): I(V) = 0   I(V^ss) = 0
==> s961 chi#13=a:('0', '0', '0', '1'),b:('0', '0', '0', '-1'),c:('0', '0', '0', '1') h1=1 m=2 psi=a:('1', '0', '0', '0'),b:('-1', '0', '0', '0'),c:('0', '0', '1', '0'): I(V) = 0   I(V^ss) = 0
==> s961 chi#13=a:('0', '0', '0', '1'),b:('0', '0', '0', '-1'),c:('0', '0', '0', '1') h1=1 m=2 psi=a:('1', '0', '0', '0'),b:('-1', '0', '0', '0'),c:('-1', '0', '1', '0'): I(V) = 0   I(V^ss) = 0
==> s961 chi#13=a:('0', '0', '0', '1'),b:('0', '0', '0', '-1'),c:('0', '0', '0', '1') h1=1 m=2 psi=a:('1', '0', '0', '0'),b:('-1', '0', '0', '0'),c:('-1', '0', '0', '0'): I(V) = 0   I(V^ss) = 0
==> s961 chi#13=a:('0', '0', '0', '1'),b:('0', '0', '0', '-1'),c:('0', '0', '0', '1') h1=1 m=2 psi=a:('1', '0', '0', '0'),b:('-1', '0', '0', '0'),c:('0', '0', '-1', '0'): I(V) = 0   I(V^ss) = 0
==> s961 chi#13=a:('0', '0', '0', '1'),b:('0', '0', '0', '-1'),c:('0', '0', '0', '1') h1=1 m=2 psi=a:('1', '0', '0', '0'),b:('-1', '0', '0', '0'),c:('1', '0', '-1', '0'): I(V) = 0   I(V^ss) = 0
==> s961 chi#13=a:('0', '0', '0', '1'),b:('0', '0', '0', '-1'),c:('0', '0', '0', '1') h1=1 m=2 psi=a:('-1', '0', '0', '0'),b:('1', '0', '0', '0'),c:('1', '0', '0', '0'): I(V) = 0   I(V^ss) = 0
==> s961 chi#13=a:('0', '0', '0', '1'),b:('0', '0', '0', '-1'),c:('0', '0', '0', '1') h1=1 m=2 psi=a:('-1', '0', '0', '0'),b:('1', '0', '0', '0'),c:('0', '0', '1', '0'): I(V) = 0   I(V^ss) = 0
==> s961 chi#13=a:('0', '0', '0', '1'),b:('0', '0', '0', '-1'),c:('0', '0', '0', '1') h1=1 m=2 psi=a:('-1', '0', '0', '0'),b:('1', '0', '0', '0'),c:('-1', '0', '1', '0'): I(V) = 0   I(V^ss) = 0
==> s961 chi#13=a:('0', '0', '0', '1'),b:('0', '0', '0', '-1'),c:('0', '0', '0', '1') h1=1 m=2 psi=a:('-1', '0', '0', '0'),b:('1', '0', '0', '0'),c:('-1', '0', '0', '0'): I(V) = 0   I(V^ss) = 0
==> s961 chi#13=a:('0', '0', '0', '1'),b:('0', '0', '0', '-1'),c:('0', '0', '0', '1') h1=1 m=2 psi=a:('-1', '0', '0', '0'),b:('1', '0', '0', '0'),c:('0', '0', '-1', '0'): I(V) = 0   I(V^ss) = 0
==> s961 chi#13=a:('0', '0', '0', '1'),b:('0', '0', '0', '-1'),c:('0', '0', '0', '1') h1=1 m=2 psi=a:('-1', '0', '0', '0'),b:('1', '0', '0', '0'),c:('1', '0', '-1', '0'): I(V) = 0   I(V^ss) = 0
==> s961 chi#13=a:('0', '0', '0', '1'),b:('0', '0', '0', '-1'),c:('0', '0', '0', '1') h1=1 m=2 psi=a:('-1', '0', '0', '0'),b:('-1', '0', '0', '0'),c:('1', '0', '0', '0'): I(V) = 0   I(V^ss) = 0
==> s961 chi#13=a:('0', '0', '0', '1'),b:('0', '0', '0', '-1'),c:('0', '0', '0', '1') h1=1 m=2 psi=a:('-1', '0', '0', '0'),b:('-1', '0', '0', '0'),c:('0', '0', '1', '0'): I(V) = 0   I(V^ss) = 0
==> s961 chi#13=a:('0', '0', '0', '1'),b:('0', '0', '0', '-1'),c:('0', '0', '0', '1') h1=1 m=2 psi=a:('-1', '0', '0', '0'),b:('-1', '0', '0', '0'),c:('-1', '0', '1', '0'): I(V) = 0   I(V^ss) = 0
==> s961 chi#13=a:('0', '0', '0', '1'),b:('0', '0', '0', '-1'),c:('0', '0', '0', '1') h1=1 m=2 psi=a:('-1', '0', '0', '0'),b:('-1', '0', '0', '0'),c:('-1', '0', '0', '0'): I(V) = 0   I(V^ss) = 0
==> s961 chi#13=a:('0', '0', '0', '1'),b:('0', '0', '0', '-1'),c:('0', '0', '0', '1') h1=1 m=2 psi=a:('-1', '0', '0', '0'),b:('-1', '0', '0', '0'),c:('0', '0', '-1', '0'): I(V) = 0   I(V^ss) = 0
==> s961 chi#13=a:('0', '0', '0', '1'),b:('0', '0', '0', '-1'),c:('0', '0', '0', '1') h1=1 m=2 psi=a:('-1', '0', '0', '0'),b:('-1', '0', '0', '0'),c:('1', '0', '-1', '0'): I(V) = 0   I(V^ss) = 0
==> s961 chi#13=a:('0', '0', '0', '1'),b:('0', '0', '0', '-1'),c:('0', '0', '0', '1') h1=1 m=2 psi=chi^1: I(V) = 0   I(V^ss) = 0
==> s961 chi#13=a:('0', '0', '0', '1'),b:('0', '0', '0', '-1'),c:('0', '0', '0', '1') h1=1 m=2 psi=chi^2: I(V) = 0   I(V^ss) = 0
==> s961 chi#13=a:('0', '0', '0', '1'),b:('0', '0', '0', '-1'),c:('0', '0', '0', '1') h1=1 m=2 psi=chi^3: I(V) = 0   I(V^ss) = 0
==> s961 chi#13=a:('0', '0', '0', '1'),b:('0', '0', '0', '-1'),c:('0', '0', '0', '1') h1=1 m=3 psi=a:('1', '0', '0', '0'),b:('1', '0', '0', '0'),c:('1', '0', '0', '0'): I(V) = 0   I(V^ss) = 0
==> s961 chi#13=a:('0', '0', '0', '1'),b:('0', '0', '0', '-1'),c:('0', '0', '0', '1') h1=1 m=3 psi=a:('1', '0', '0', '0'),b:('1', '0', '0', '0'),c:('0', '0', '1', '0'): I(V) = 0   I(V^ss) = 0
==> s961 chi#13=a:('0', '0', '0', '1'),b:('0', '0', '0', '-1'),c:('0', '0', '0', '1') h1=1 m=3 psi=a:('1', '0', '0', '0'),b:('1', '0', '0', '0'),c:('-1', '0', '1', '0'): I(V) = 0   I(V^ss) = 0
==> s961 chi#13=a:('0', '0', '0', '1'),b:('0', '0', '0', '-1'),c:('0', '0', '0', '1') h1=1 m=3 psi=a:('1', '0', '0', '0'),b:('1', '0', '0', '0'),c:('-1', '0', '0', '0'): I(V) = 0   I(V^ss) = 0
==> s961 chi#13=a:('0', '0', '0', '1'),b:('0', '0', '0', '-1'),c:('0', '0', '0', '1') h1=1 m=3 psi=a:('1', '0', '0', '0'),b:('1', '0', '0', '0'),c:('0', '0', '-1', '0'): I(V) = 0   I(V^ss) = 0
==> s961 chi#13=a:('0', '0', '0', '1'),b:('0', '0', '0', '-1'),c:('0', '0', '0', '1') h1=1 m=3 psi=a:('1', '0', '0', '0'),b:('1', '0', '0', '0'),c:('1', '0', '-1', '0'): I(V) = 0   I(V^ss) = 0
==> s961 chi#13=a:('0', '0', '0', '1'),b:('0', '0', '0', '-1'),c:('0', '0', '0', '1') h1=1 m=3 psi=a:('1', '0', '0', '0'),b:('-1', '0', '0', '0'),c:('1', '0', '0', '0'): I(V) = 0   I(V^ss) = 0
==> s961 chi#13=a:('0', '0', '0', '1'),b:('0', '0', '0', '-1'),c:('0', '0', '0', '1') h1=1 m=3 psi=a:('1', '0', '0', '0'),b:('-1', '0', '0', '0'),c:('0', '0', '1', '0'): I(V) = 0   I(V^ss) = 0
==> s961 chi#13=a:('0', '0', '0', '1'),b:('0', '0', '0', '-1'),c:('0', '0', '0', '1') h1=1 m=3 psi=a:('1', '0', '0', '0'),b:('-1', '0', '0', '0'),c:('-1', '0', '1', '0'): I(V) = 0   I(V^ss) = 0
==> s961 chi#13=a:('0', '0', '0', '1'),b:('0', '0', '0', '-1'),c:('0', '0', '0', '1') h1=1 m=3 psi=a:('1', '0', '0', '0'),b:('-1', '0', '0', '0'),c:('-1', '0', '0', '0'): I(V) = 0   I(V^ss) = 0
==> s961 chi#13=a:('0', '0', '0', '1'),b:('0', '0', '0', '-1'),c:('0', '0', '0', '1') h1=1 m=3 psi=a:('1', '0', '0', '0'),b:('-1', '0', '0', '0'),c:('0', '0', '-1', '0'): I(V) = 0   I(V^ss) = 0
==> s961 chi#13=a:('0', '0', '0', '1'),b:('0', '0', '0', '-1'),c:('0', '0', '0', '1') h1=1 m=3 psi=a:('1', '0', '0', '0'),b:('-1', '0', '0', '0'),c:('1', '0', '-1', '0'): I(V) = 0   I(V^ss) = 0
==> s961 chi#13=a:('0', '0', '0', '1'),b:('0', '0', '0', '-1'),c:('0', '0', '0', '1') h1=1 m=3 psi=a:('-1', '0', '0', '0'),b:('1', '0', '0', '0'),c:('1', '0', '0', '0'): I(V) = 0   I(V^ss) = 0
==> s961 chi#13=a:('0', '0', '0', '1'),b:('0', '0', '0', '-1'),c:('0', '0', '0', '1') h1=1 m=3 psi=a:('-1', '0', '0', '0'),b:('1', '0', '0', '0'),c:('0', '0', '1', '0'): I(V) = 0   I(V^ss) = 0
==> s961 chi#13=a:('0', '0', '0', '1'),b:('0', '0', '0', '-1'),c:('0', '0', '0', '1') h1=1 m=3 psi=a:('-1', '0', '0', '0'),b:('1', '0', '0', '0'),c:('-1', '0', '1', '0'): I(V) = 0   I(V^ss) = 0
==> s961 chi#13=a:('0', '0', '0', '1'),b:('0', '0', '0', '-1'),c:('0', '0', '0', '1') h1=1 m=3 psi=a:('-1', '0', '0', '0'),b:('1', '0', '0', '0'),c:('-1', '0', '0', '0'): I(V) = 0   I(V^ss) = 0
==> s961 chi#13=a:('0', '0', '0', '1'),b:('0', '0', '0', '-1'),c:('0', '0', '0', '1') h1=1 m=3 psi=a:('-1', '0', '0', '0'),b:('1', '0', '0', '0'),c:('0', '0', '-1', '0'): I(V) = 0   I(V^ss) = 0
==> s961 chi#13=a:('0', '0', '0', '1'),b:('0', '0', '0', '-1'),c:('0', '0', '0', '1') h1=1 m=3 psi=a:('-1', '0', '0', '0'),b:('1', '0', '0', '0'),c:('1', '0', '-1', '0'): I(V) = 0   I(V^ss) = 0
==> s961 chi#13=a:('0', '0', '0', '1'),b:('0', '0', '0', '-1'),c:('0', '0', '0', '1') h1=1 m=3 psi=a:('-1', '0', '0', '0'),b:('-1', '0', '0', '0'),c:('1', '0', '0', '0'): I(V) = 0   I(V^ss) = 0
==> s961 chi#13=a:('0', '0', '0', '1'),b:('0', '0', '0', '-1'),c:('0', '0', '0', '1') h1=1 m=3 psi=a:('-1', '0', '0', '0'),b:('-1', '0', '0', '0'),c:('0', '0', '1', '0'): I(V) = 0   I(V^ss) = 0
==> s961 chi#13=a:('0', '0', '0', '1'),b:('0', '0', '0', '-1'),c:('0', '0', '0', '1') h1=1 m=3 psi=a:('-1', '0', '0', '0'),b:('-1', '0', '0', '0'),c:('-1', '0', '1', '0'): I(V) = 0   I(V^ss) = 0
==> s961 chi#13=a:('0', '0', '0', '1'),b:('0', '0', '0', '-1'),c:('0', '0', '0', '1') h1=1 m=3 psi=a:('-1', '0', '0', '0'),b:('-1', '0', '0', '0'),c:('-1', '0', '0', '0'): I(V) = 0   I(V^ss) = 0
==> s961 chi#13=a:('0', '0', '0', '1'),b:('0', '0', '0', '-1'),c:('0', '0', '0', '1') h1=1 m=3 psi=a:('-1', '0', '0', '0'),b:('-1', '0', '0', '0'),c:('0', '0', '-1', '0'): I(V) = 0   I(V^ss) = 0
==> s961 chi#13=a:('0', '0', '0', '1'),b:('0', '0', '0', '-1'),c:('0', '0', '0', '1') h1=1 m=3 psi=a:('-1', '0', '0', '0'),b:('-1', '0', '0', '0'),c:('1', '0', '-1', '0'): I(V) = 0   I(V^ss) = 0
==> s961 chi#13=a:('0', '0', '0', '1'),b:('0', '0', '0', '-1'),c:('0', '0', '0', '1') h1=1 m=3 psi=chi^1: I(V) = 0   I(V^ss) = 0
==> s961 chi#13=a:('0', '0', '0', '1'),b:('0', '0', '0', '-1'),c:('0', '0', '0', '1') h1=1 m=3 psi=chi^2: I(V) = 0   I(V^ss) = 0
==> s961 chi#13=a:('0', '0', '0', '1'),b:('0', '0', '0', '-1'),c:('0', '0', '0', '1') h1=1 m=3 psi=chi^3: I(V) = 0   I(V^ss) = 0
  locus chi#14=a:('0', '0', '0', '1'),b:('0', '0', '0', '-1'),c:('0', '0', '0', '-1') h1=1
==> s961 chi#14=a:('0', '0', '0', '1'),b:('0', '0', '0', '-1'),c:('0', '0', '0', '-1') h1=1 m=1 psi=a:('1', '0', '0', '0'),b:('1', '0', '0', '0'),c:('1', '0', '0', '0'): I(V) = 0   I(V^ss) = 0
==> s961 chi#14=a:('0', '0', '0', '1'),b:('0', '0', '0', '-1'),c:('0', '0', '0', '-1') h1=1 m=1 psi=a:('1', '0', '0', '0'),b:('1', '0', '0', '0'),c:('0', '0', '1', '0'): I(V) = 0   I(V^ss) = 0
==> s961 chi#14=a:('0', '0', '0', '1'),b:('0', '0', '0', '-1'),c:('0', '0', '0', '-1') h1=1 m=1 psi=a:('1', '0', '0', '0'),b:('1', '0', '0', '0'),c:('-1', '0', '1', '0'): I(V) = 0   I(V^ss) = 0
==> s961 chi#14=a:('0', '0', '0', '1'),b:('0', '0', '0', '-1'),c:('0', '0', '0', '-1') h1=1 m=1 psi=a:('1', '0', '0', '0'),b:('1', '0', '0', '0'),c:('-1', '0', '0', '0'): I(V) = 0   I(V^ss) = 0
==> s961 chi#14=a:('0', '0', '0', '1'),b:('0', '0', '0', '-1'),c:('0', '0', '0', '-1') h1=1 m=1 psi=a:('1', '0', '0', '0'),b:('1', '0', '0', '0'),c:('0', '0', '-1', '0'): I(V) = 0   I(V^ss) = 0
==> s961 chi#14=a:('0', '0', '0', '1'),b:('0', '0', '0', '-1'),c:('0', '0', '0', '-1') h1=1 m=1 psi=a:('1', '0', '0', '0'),b:('1', '0', '0', '0'),c:('1', '0', '-1', '0'): I(V) = 0   I(V^ss) = 0
==> s961 chi#14=a:('0', '0', '0', '1'),b:('0', '0', '0', '-1'),c:('0', '0', '0', '-1') h1=1 m=1 psi=a:('1', '0', '0', '0'),b:('-1', '0', '0', '0'),c:('1', '0', '0', '0'): I(V) = 0   I(V^ss) = 0
==> s961 chi#14=a:('0', '0', '0', '1'),b:('0', '0', '0', '-1'),c:('0', '0', '0', '-1') h1=1 m=1 psi=a:('1', '0', '0', '0'),b:('-1', '0', '0', '0'),c:('0', '0', '1', '0'): I(V) = 0   I(V^ss) = 0
==> s961 chi#14=a:('0', '0', '0', '1'),b:('0', '0', '0', '-1'),c:('0', '0', '0', '-1') h1=1 m=1 psi=a:('1', '0', '0', '0'),b:('-1', '0', '0', '0'),c:('-1', '0', '1', '0'): I(V) = 0   I(V^ss) = 0
==> s961 chi#14=a:('0', '0', '0', '1'),b:('0', '0', '0', '-1'),c:('0', '0', '0', '-1') h1=1 m=1 psi=a:('1', '0', '0', '0'),b:('-1', '0', '0', '0'),c:('-1', '0', '0', '0'): I(V) = 0   I(V^ss) = 0
==> s961 chi#14=a:('0', '0', '0', '1'),b:('0', '0', '0', '-1'),c:('0', '0', '0', '-1') h1=1 m=1 psi=a:('1', '0', '0', '0'),b:('-1', '0', '0', '0'),c:('0', '0', '-1', '0'): I(V) = 0   I(V^ss) = 0
==> s961 chi#14=a:('0', '0', '0', '1'),b:('0', '0', '0', '-1'),c:('0', '0', '0', '-1') h1=1 m=1 psi=a:('1', '0', '0', '0'),b:('-1', '0', '0', '0'),c:('1', '0', '-1', '0'): I(V) = 0   I(V^ss) = 0
==> s961 chi#14=a:('0', '0', '0', '1'),b:('0', '0', '0', '-1'),c:('0', '0', '0', '-1') h1=1 m=1 psi=a:('-1', '0', '0', '0'),b:('1', '0', '0', '0'),c:('1', '0', '0', '0'): I(V) = 0   I(V^ss) = 0
==> s961 chi#14=a:('0', '0', '0', '1'),b:('0', '0', '0', '-1'),c:('0', '0', '0', '-1') h1=1 m=1 psi=a:('-1', '0', '0', '0'),b:('1', '0', '0', '0'),c:('0', '0', '1', '0'): I(V) = 0   I(V^ss) = 0
==> s961 chi#14=a:('0', '0', '0', '1'),b:('0', '0', '0', '-1'),c:('0', '0', '0', '-1') h1=1 m=1 psi=a:('-1', '0', '0', '0'),b:('1', '0', '0', '0'),c:('-1', '0', '1', '0'): I(V) = 0   I(V^ss) = 0
==> s961 chi#14=a:('0', '0', '0', '1'),b:('0', '0', '0', '-1'),c:('0', '0', '0', '-1') h1=1 m=1 psi=a:('-1', '0', '0', '0'),b:('1', '0', '0', '0'),c:('-1', '0', '0', '0'): I(V) = 0   I(V^ss) = 0
==> s961 chi#14=a:('0', '0', '0', '1'),b:('0', '0', '0', '-1'),c:('0', '0', '0', '-1') h1=1 m=1 psi=a:('-1', '0', '0', '0'),b:('1', '0', '0', '0'),c:('0', '0', '-1', '0'): I(V) = 0   I(V^ss) = 0
==> s961 chi#14=a:('0', '0', '0', '1'),b:('0', '0', '0', '-1'),c:('0', '0', '0', '-1') h1=1 m=1 psi=a:('-1', '0', '0', '0'),b:('1', '0', '0', '0'),c:('1', '0', '-1', '0'): I(V) = 0   I(V^ss) = 0
==> s961 chi#14=a:('0', '0', '0', '1'),b:('0', '0', '0', '-1'),c:('0', '0', '0', '-1') h1=1 m=1 psi=a:('-1', '0', '0', '0'),b:('-1', '0', '0', '0'),c:('1', '0', '0', '0'): I(V) = 0   I(V^ss) = 0
==> s961 chi#14=a:('0', '0', '0', '1'),b:('0', '0', '0', '-1'),c:('0', '0', '0', '-1') h1=1 m=1 psi=a:('-1', '0', '0', '0'),b:('-1', '0', '0', '0'),c:('0', '0', '1', '0'): I(V) = 0   I(V^ss) = 0
==> s961 chi#14=a:('0', '0', '0', '1'),b:('0', '0', '0', '-1'),c:('0', '0', '0', '-1') h1=1 m=1 psi=a:('-1', '0', '0', '0'),b:('-1', '0', '0', '0'),c:('-1', '0', '1', '0'): I(V) = 0   I(V^ss) = 0
==> s961 chi#14=a:('0', '0', '0', '1'),b:('0', '0', '0', '-1'),c:('0', '0', '0', '-1') h1=1 m=1 psi=a:('-1', '0', '0', '0'),b:('-1', '0', '0', '0'),c:('-1', '0', '0', '0'): I(V) = 0   I(V^ss) = 0
==> s961 chi#14=a:('0', '0', '0', '1'),b:('0', '0', '0', '-1'),c:('0', '0', '0', '-1') h1=1 m=1 psi=a:('-1', '0', '0', '0'),b:('-1', '0', '0', '0'),c:('0', '0', '-1', '0'): I(V) = 0   I(V^ss) = 0
==> s961 chi#14=a:('0', '0', '0', '1'),b:('0', '0', '0', '-1'),c:('0', '0', '0', '-1') h1=1 m=1 psi=a:('-1', '0', '0', '0'),b:('-1', '0', '0', '0'),c:('1', '0', '-1', '0'): I(V) = 0   I(V^ss) = 0
==> s961 chi#14=a:('0', '0', '0', '1'),b:('0', '0', '0', '-1'),c:('0', '0', '0', '-1') h1=1 m=1 psi=chi^1: I(V) = 0   I(V^ss) = 0
==> s961 chi#14=a:('0', '0', '0', '1'),b:('0', '0', '0', '-1'),c:('0', '0', '0', '-1') h1=1 m=1 psi=chi^2: I(V) = 0   I(V^ss) = 0
==> s961 chi#14=a:('0', '0', '0', '1'),b:('0', '0', '0', '-1'),c:('0', '0', '0', '-1') h1=1 m=1 psi=chi^3: I(V) = 0   I(V^ss) = 0
==> s961 chi#14=a:('0', '0', '0', '1'),b:('0', '0', '0', '-1'),c:('0', '0', '0', '-1') h1=1 m=2 psi=a:('1', '0', '0', '0'),b:('1', '0', '0', '0'),c:('1', '0', '0', '0'): I(V) = 0   I(V^ss) = 0
==> s961 chi#14=a:('0', '0', '0', '1'),b:('0', '0', '0', '-1'),c:('0', '0', '0', '-1') h1=1 m=2 psi=a:('1', '0', '0', '0'),b:('1', '0', '0', '0'),c:('0', '0', '1', '0'): I(V) = 0   I(V^ss) = 0
==> s961 chi#14=a:('0', '0', '0', '1'),b:('0', '0', '0', '-1'),c:('0', '0', '0', '-1') h1=1 m=2 psi=a:('1', '0', '0', '0'),b:('1', '0', '0', '0'),c:('-1', '0', '1', '0'): I(V) = 0   I(V^ss) = 0
==> s961 chi#14=a:('0', '0', '0', '1'),b:('0', '0', '0', '-1'),c:('0', '0', '0', '-1') h1=1 m=2 psi=a:('1', '0', '0', '0'),b:('1', '0', '0', '0'),c:('-1', '0', '0', '0'): I(V) = 0   I(V^ss) = 0
==> s961 chi#14=a:('0', '0', '0', '1'),b:('0', '0', '0', '-1'),c:('0', '0', '0', '-1') h1=1 m=2 psi=a:('1', '0', '0', '0'),b:('1', '0', '0', '0'),c:('0', '0', '-1', '0'): I(V) = 0   I(V^ss) = 0
==> s961 chi#14=a:('0', '0', '0', '1'),b:('0', '0', '0', '-1'),c:('0', '0', '0', '-1') h1=1 m=2 psi=a:('1', '0', '0', '0'),b:('1', '0', '0', '0'),c:('1', '0', '-1', '0'): I(V) = 0   I(V^ss) = 0
==> s961 chi#14=a:('0', '0', '0', '1'),b:('0', '0', '0', '-1'),c:('0', '0', '0', '-1') h1=1 m=2 psi=a:('1', '0', '0', '0'),b:('-1', '0', '0', '0'),c:('1', '0', '0', '0'): I(V) = 0   I(V^ss) = 0
==> s961 chi#14=a:('0', '0', '0', '1'),b:('0', '0', '0', '-1'),c:('0', '0', '0', '-1') h1=1 m=2 psi=a:('1', '0', '0', '0'),b:('-1', '0', '0', '0'),c:('0', '0', '1', '0'): I(V) = 0   I(V^ss) = 0
==> s961 chi#14=a:('0', '0', '0', '1'),b:('0', '0', '0', '-1'),c:('0', '0', '0', '-1') h1=1 m=2 psi=a:('1', '0', '0', '0'),b:('-1', '0', '0', '0'),c:('-1', '0', '1', '0'): I(V) = 0   I(V^ss) = 0
==> s961 chi#14=a:('0', '0', '0', '1'),b:('0', '0', '0', '-1'),c:('0', '0', '0', '-1') h1=1 m=2 psi=a:('1', '0', '0', '0'),b:('-1', '0', '0', '0'),c:('-1', '0', '0', '0'): I(V) = 0   I(V^ss) = 0
==> s961 chi#14=a:('0', '0', '0', '1'),b:('0', '0', '0', '-1'),c:('0', '0', '0', '-1') h1=1 m=2 psi=a:('1', '0', '0', '0'),b:('-1', '0', '0', '0'),c:('0', '0', '-1', '0'): I(V) = 0   I(V^ss) = 0
==> s961 chi#14=a:('0', '0', '0', '1'),b:('0', '0', '0', '-1'),c:('0', '0', '0', '-1') h1=1 m=2 psi=a:('1', '0', '0', '0'),b:('-1', '0', '0', '0'),c:('1', '0', '-1', '0'): I(V) = 0   I(V^ss) = 0
==> s961 chi#14=a:('0', '0', '0', '1'),b:('0', '0', '0', '-1'),c:('0', '0', '0', '-1') h1=1 m=2 psi=a:('-1', '0', '0', '0'),b:('1', '0', '0', '0'),c:('1', '0', '0', '0'): I(V) = 0   I(V^ss) = 0
==> s961 chi#14=a:('0', '0', '0', '1'),b:('0', '0', '0', '-1'),c:('0', '0', '0', '-1') h1=1 m=2 psi=a:('-1', '0', '0', '0'),b:('1', '0', '0', '0'),c:('0', '0', '1', '0'): I(V) = 0   I(V^ss) = 0
==> s961 chi#14=a:('0', '0', '0', '1'),b:('0', '0', '0', '-1'),c:('0', '0', '0', '-1') h1=1 m=2 psi=a:('-1', '0', '0', '0'),b:('1', '0', '0', '0'),c:('-1', '0', '1', '0'): I(V) = 0   I(V^ss) = 0
==> s961 chi#14=a:('0', '0', '0', '1'),b:('0', '0', '0', '-1'),c:('0', '0', '0', '-1') h1=1 m=2 psi=a:('-1', '0', '0', '0'),b:('1', '0', '0', '0'),c:('-1', '0', '0', '0'): I(V) = 0   I(V^ss) = 0
==> s961 chi#14=a:('0', '0', '0', '1'),b:('0', '0', '0', '-1'),c:('0', '0', '0', '-1') h1=1 m=2 psi=a:('-1', '0', '0', '0'),b:('1', '0', '0', '0'),c:('0', '0', '-1', '0'): I(V) = 0   I(V^ss) = 0
==> s961 chi#14=a:('0', '0', '0', '1'),b:('0', '0', '0', '-1'),c:('0', '0', '0', '-1') h1=1 m=2 psi=a:('-1', '0', '0', '0'),b:('1', '0', '0', '0'),c:('1', '0', '-1', '0'): I(V) = 0   I(V^ss) = 0
==> s961 chi#14=a:('0', '0', '0', '1'),b:('0', '0', '0', '-1'),c:('0', '0', '0', '-1') h1=1 m=2 psi=a:('-1', '0', '0', '0'),b:('-1', '0', '0', '0'),c:('1', '0', '0', '0'): I(V) = 0   I(V^ss) = 0
==> s961 chi#14=a:('0', '0', '0', '1'),b:('0', '0', '0', '-1'),c:('0', '0', '0', '-1') h1=1 m=2 psi=a:('-1', '0', '0', '0'),b:('-1', '0', '0', '0'),c:('0', '0', '1', '0'): I(V) = 0   I(V^ss) = 0
==> s961 chi#14=a:('0', '0', '0', '1'),b:('0', '0', '0', '-1'),c:('0', '0', '0', '-1') h1=1 m=2 psi=a:('-1', '0', '0', '0'),b:('-1', '0', '0', '0'),c:('-1', '0', '1', '0'): I(V) = 0   I(V^ss) = 0
==> s961 chi#14=a:('0', '0', '0', '1'),b:('0', '0', '0', '-1'),c:('0', '0', '0', '-1') h1=1 m=2 psi=a:('-1', '0', '0', '0'),b:('-1', '0', '0', '0'),c:('-1', '0', '0', '0'): I(V) = 0   I(V^ss) = 0
==> s961 chi#14=a:('0', '0', '0', '1'),b:('0', '0', '0', '-1'),c:('0', '0', '0', '-1') h1=1 m=2 psi=a:('-1', '0', '0', '0'),b:('-1', '0', '0', '0'),c:('0', '0', '-1', '0'): I(V) = 0   I(V^ss) = 0
==> s961 chi#14=a:('0', '0', '0', '1'),b:('0', '0', '0', '-1'),c:('0', '0', '0', '-1') h1=1 m=2 psi=a:('-1', '0', '0', '0'),b:('-1', '0', '0', '0'),c:('1', '0', '-1', '0'): I(V) = 0   I(V^ss) = 0
==> s961 chi#14=a:('0', '0', '0', '1'),b:('0', '0', '0', '-1'),c:('0', '0', '0', '-1') h1=1 m=2 psi=chi^1: I(V) = 0   I(V^ss) = 0
==> s961 chi#14=a:('0', '0', '0', '1'),b:('0', '0', '0', '-1'),c:('0', '0', '0', '-1') h1=1 m=2 psi=chi^2: I(V) = 0   I(V^ss) = 0
==> s961 chi#14=a:('0', '0', '0', '1'),b:('0', '0', '0', '-1'),c:('0', '0', '0', '-1') h1=1 m=2 psi=chi^3: I(V) = 0   I(V^ss) = 0
==> s961 chi#14=a:('0', '0', '0', '1'),b:('0', '0', '0', '-1'),c:('0', '0', '0', '-1') h1=1 m=3 psi=a:('1', '0', '0', '0'),b:('1', '0', '0', '0'),c:('1', '0', '0', '0'): I(V) = 0   I(V^ss) = 0
==> s961 chi#14=a:('0', '0', '0', '1'),b:('0', '0', '0', '-1'),c:('0', '0', '0', '-1') h1=1 m=3 psi=a:('1', '0', '0', '0'),b:('1', '0', '0', '0'),c:('0', '0', '1', '0'): I(V) = 0   I(V^ss) = 0
==> s961 chi#14=a:('0', '0', '0', '1'),b:('0', '0', '0', '-1'),c:('0', '0', '0', '-1') h1=1 m=3 psi=a:('1', '0', '0', '0'),b:('1', '0', '0', '0'),c:('-1', '0', '1', '0'): I(V) = 0   I(V^ss) = 0
==> s961 chi#14=a:('0', '0', '0', '1'),b:('0', '0', '0', '-1'),c:('0', '0', '0', '-1') h1=1 m=3 psi=a:('1', '0', '0', '0'),b:('1', '0', '0', '0'),c:('-1', '0', '0', '0'): I(V) = 0   I(V^ss) = 0
==> s961 chi#14=a:('0', '0', '0', '1'),b:('0', '0', '0', '-1'),c:('0', '0', '0', '-1') h1=1 m=3 psi=a:('1', '0', '0', '0'),b:('1', '0', '0', '0'),c:('0', '0', '-1', '0'): I(V) = 0   I(V^ss) = 0
==> s961 chi#14=a:('0', '0', '0', '1'),b:('0', '0', '0', '-1'),c:('0', '0', '0', '-1') h1=1 m=3 psi=a:('1', '0', '0', '0'),b:('1', '0', '0', '0'),c:('1', '0', '-1', '0'): I(V) = 0   I(V^ss) = 0
==> s961 chi#14=a:('0', '0', '0', '1'),b:('0', '0', '0', '-1'),c:('0', '0', '0', '-1') h1=1 m=3 psi=a:('1', '0', '0', '0'),b:('-1', '0', '0', '0'),c:('1', '0', '0', '0'): I(V) = 0   I(V^ss) = 0
==> s961 chi#14=a:('0', '0', '0', '1'),b:('0', '0', '0', '-1'),c:('0', '0', '0', '-1') h1=1 m=3 psi=a:('1', '0', '0', '0'),b:('-1', '0', '0', '0'),c:('0', '0', '1', '0'): I(V) = 0   I(V^ss) = 0
==> s961 chi#14=a:('0', '0', '0', '1'),b:('0', '0', '0', '-1'),c:('0', '0', '0', '-1') h1=1 m=3 psi=a:('1', '0', '0', '0'),b:('-1', '0', '0', '0'),c:('-1', '0', '1', '0'): I(V) = 0   I(V^ss) = 0
==> s961 chi#14=a:('0', '0', '0', '1'),b:('0', '0', '0', '-1'),c:('0', '0', '0', '-1') h1=1 m=3 psi=a:('1', '0', '0', '0'),b:('-1', '0', '0', '0'),c:('-1', '0', '0', '0'): I(V) = 0   I(V^ss) = 0
==> s961 chi#14=a:('0', '0', '0', '1'),b:('0', '0', '0', '-1'),c:('0', '0', '0', '-1') h1=1 m=3 psi=a:('1', '0', '0', '0'),b:('-1', '0', '0', '0'),c:('0', '0', '-1', '0'): I(V) = 0   I(V^ss) = 0
==> s961 chi#14=a:('0', '0', '0', '1'),b:('0', '0', '0', '-1'),c:('0', '0', '0', '-1') h1=1 m=3 psi=a:('1', '0', '0', '0'),b:('-1', '0', '0', '0'),c:('1', '0', '-1', '0'): I(V) = 0   I(V^ss) = 0
==> s961 chi#14=a:('0', '0', '0', '1'),b:('0', '0', '0', '-1'),c:('0', '0', '0', '-1') h1=1 m=3 psi=a:('-1', '0', '0', '0'),b:('1', '0', '0', '0'),c:('1', '0', '0', '0'): I(V) = 0   I(V^ss) = 0
==> s961 chi#14=a:('0', '0', '0', '1'),b:('0', '0', '0', '-1'),c:('0', '0', '0', '-1') h1=1 m=3 psi=a:('-1', '0', '0', '0'),b:('1', '0', '0', '0'),c:('0', '0', '1', '0'): I(V) = 0   I(V^ss) = 0
==> s961 chi#14=a:('0', '0', '0', '1'),b:('0', '0', '0', '-1'),c:('0', '0', '0', '-1') h1=1 m=3 psi=a:('-1', '0', '0', '0'),b:('1', '0', '0', '0'),c:('-1', '0', '1', '0'): I(V) = 0   I(V^ss) = 0
==> s961 chi#14=a:('0', '0', '0', '1'),b:('0', '0', '0', '-1'),c:('0', '0', '0', '-1') h1=1 m=3 psi=a:('-1', '0', '0', '0'),b:('1', '0', '0', '0'),c:('-1', '0', '0', '0'): I(V) = 0   I(V^ss) = 0
==> s961 chi#14=a:('0', '0', '0', '1'),b:('0', '0', '0', '-1'),c:('0', '0', '0', '-1') h1=1 m=3 psi=a:('-1', '0', '0', '0'),b:('1', '0', '0', '0'),c:('0', '0', '-1', '0'): I(V) = 0   I(V^ss) = 0
==> s961 chi#14=a:('0', '0', '0', '1'),b:('0', '0', '0', '-1'),c:('0', '0', '0', '-1') h1=1 m=3 psi=a:('-1', '0', '0', '0'),b:('1', '0', '0', '0'),c:('1', '0', '-1', '0'): I(V) = 0   I(V^ss) = 0
==> s961 chi#14=a:('0', '0', '0', '1'),b:('0', '0', '0', '-1'),c:('0', '0', '0', '-1') h1=1 m=3 psi=a:('-1', '0', '0', '0'),b:('-1', '0', '0', '0'),c:('1', '0', '0', '0'): I(V) = 0   I(V^ss) = 0
==> s961 chi#14=a:('0', '0', '0', '1'),b:('0', '0', '0', '-1'),c:('0', '0', '0', '-1') h1=1 m=3 psi=a:('-1', '0', '0', '0'),b:('-1', '0', '0', '0'),c:('0', '0', '1', '0'): I(V) = 0   I(V^ss) = 0
==> s961 chi#14=a:('0', '0', '0', '1'),b:('0', '0', '0', '-1'),c:('0', '0', '0', '-1') h1=1 m=3 psi=a:('-1', '0', '0', '0'),b:('-1', '0', '0', '0'),c:('-1', '0', '1', '0'): I(V) = 0   I(V^ss) = 0
==> s961 chi#14=a:('0', '0', '0', '1'),b:('0', '0', '0', '-1'),c:('0', '0', '0', '-1') h1=1 m=3 psi=a:('-1', '0', '0', '0'),b:('-1', '0', '0', '0'),c:('-1', '0', '0', '0'): I(V) = 0   I(V^ss) = 0
==> s961 chi#14=a:('0', '0', '0', '1'),b:('0', '0', '0', '-1'),c:('0', '0', '0', '-1') h1=1 m=3 psi=a:('-1', '0', '0', '0'),b:('-1', '0', '0', '0'),c:('0', '0', '-1', '0'): I(V) = 0   I(V^ss) = 0
==> s961 chi#14=a:('0', '0', '0', '1'),b:('0', '0', '0', '-1'),c:('0', '0', '0', '-1') h1=1 m=3 psi=a:('-1', '0', '0', '0'),b:('-1', '0', '0', '0'),c:('1', '0', '-1', '0'): I(V) = 0   I(V^ss) = 0
==> s961 chi#14=a:('0', '0', '0', '1'),b:('0', '0', '0', '-1'),c:('0', '0', '0', '-1') h1=1 m=3 psi=chi^1: I(V) = 0   I(V^ss) = 0
==> s961 chi#14=a:('0', '0', '0', '1'),b:('0', '0', '0', '-1'),c:('0', '0', '0', '-1') h1=1 m=3 psi=chi^2: I(V) = 0   I(V^ss) = 0
==> s961 chi#14=a:('0', '0', '0', '1'),b:('0', '0', '0', '-1'),c:('0', '0', '0', '-1') h1=1 m=3 psi=chi^3: I(V) = 0   I(V^ss) = 0
  locus chi#15=a:('-1', '0', '0', '0'),b:('1', '0', '0', '0'),c:('1', '0', '0', '0') h1=1
==> s961 chi#15=a:('-1', '0', '0', '0'),b:('1', '0', '0', '0'),c:('1', '0', '0', '0') h1=1 m=1 psi=a:('1', '0', '0', '0'),b:('1', '0', '0', '0'),c:('1', '0', '0', '0'): I(V) = 0   I(V^ss) = 0
==> s961 chi#15=a:('-1', '0', '0', '0'),b:('1', '0', '0', '0'),c:('1', '0', '0', '0') h1=1 m=1 psi=a:('1', '0', '0', '0'),b:('1', '0', '0', '0'),c:('0', '0', '1', '0'): I(V) = 0   I(V^ss) = 0
==> s961 chi#15=a:('-1', '0', '0', '0'),b:('1', '0', '0', '0'),c:('1', '0', '0', '0') h1=1 m=1 psi=a:('1', '0', '0', '0'),b:('1', '0', '0', '0'),c:('-1', '0', '1', '0'): I(V) = 0   I(V^ss) = 0
==> s961 chi#15=a:('-1', '0', '0', '0'),b:('1', '0', '0', '0'),c:('1', '0', '0', '0') h1=1 m=1 psi=a:('1', '0', '0', '0'),b:('1', '0', '0', '0'),c:('-1', '0', '0', '0'): I(V) = 0   I(V^ss) = 0
==> s961 chi#15=a:('-1', '0', '0', '0'),b:('1', '0', '0', '0'),c:('1', '0', '0', '0') h1=1 m=1 psi=a:('1', '0', '0', '0'),b:('1', '0', '0', '0'),c:('0', '0', '-1', '0'): I(V) = 0   I(V^ss) = 0
==> s961 chi#15=a:('-1', '0', '0', '0'),b:('1', '0', '0', '0'),c:('1', '0', '0', '0') h1=1 m=1 psi=a:('1', '0', '0', '0'),b:('1', '0', '0', '0'),c:('1', '0', '-1', '0'): I(V) = 0   I(V^ss) = 0
==> s961 chi#15=a:('-1', '0', '0', '0'),b:('1', '0', '0', '0'),c:('1', '0', '0', '0') h1=1 m=1 psi=a:('1', '0', '0', '0'),b:('-1', '0', '0', '0'),c:('1', '0', '0', '0'): I(V) = 0   I(V^ss) = 0
==> s961 chi#15=a:('-1', '0', '0', '0'),b:('1', '0', '0', '0'),c:('1', '0', '0', '0') h1=1 m=1 psi=a:('1', '0', '0', '0'),b:('-1', '0', '0', '0'),c:('0', '0', '1', '0'): I(V) = 0   I(V^ss) = 0
==> s961 chi#15=a:('-1', '0', '0', '0'),b:('1', '0', '0', '0'),c:('1', '0', '0', '0') h1=1 m=1 psi=a:('1', '0', '0', '0'),b:('-1', '0', '0', '0'),c:('-1', '0', '1', '0'): I(V) = 0   I(V^ss) = 0
==> s961 chi#15=a:('-1', '0', '0', '0'),b:('1', '0', '0', '0'),c:('1', '0', '0', '0') h1=1 m=1 psi=a:('1', '0', '0', '0'),b:('-1', '0', '0', '0'),c:('-1', '0', '0', '0'): I(V) = 0   I(V^ss) = 0
==> s961 chi#15=a:('-1', '0', '0', '0'),b:('1', '0', '0', '0'),c:('1', '0', '0', '0') h1=1 m=1 psi=a:('1', '0', '0', '0'),b:('-1', '0', '0', '0'),c:('0', '0', '-1', '0'): I(V) = 0   I(V^ss) = 0
==> s961 chi#15=a:('-1', '0', '0', '0'),b:('1', '0', '0', '0'),c:('1', '0', '0', '0') h1=1 m=1 psi=a:('1', '0', '0', '0'),b:('-1', '0', '0', '0'),c:('1', '0', '-1', '0'): I(V) = 0   I(V^ss) = 0
==> s961 chi#15=a:('-1', '0', '0', '0'),b:('1', '0', '0', '0'),c:('1', '0', '0', '0') h1=1 m=1 psi=a:('-1', '0', '0', '0'),b:('1', '0', '0', '0'),c:('1', '0', '0', '0'): I(V) = 0   I(V^ss) = 0
==> s961 chi#15=a:('-1', '0', '0', '0'),b:('1', '0', '0', '0'),c:('1', '0', '0', '0') h1=1 m=1 psi=a:('-1', '0', '0', '0'),b:('1', '0', '0', '0'),c:('0', '0', '1', '0'): I(V) = 0   I(V^ss) = 0
==> s961 chi#15=a:('-1', '0', '0', '0'),b:('1', '0', '0', '0'),c:('1', '0', '0', '0') h1=1 m=1 psi=a:('-1', '0', '0', '0'),b:('1', '0', '0', '0'),c:('-1', '0', '1', '0'): I(V) = 0   I(V^ss) = 0
==> s961 chi#15=a:('-1', '0', '0', '0'),b:('1', '0', '0', '0'),c:('1', '0', '0', '0') h1=1 m=1 psi=a:('-1', '0', '0', '0'),b:('1', '0', '0', '0'),c:('-1', '0', '0', '0'): I(V) = 0   I(V^ss) = 0
==> s961 chi#15=a:('-1', '0', '0', '0'),b:('1', '0', '0', '0'),c:('1', '0', '0', '0') h1=1 m=1 psi=a:('-1', '0', '0', '0'),b:('1', '0', '0', '0'),c:('0', '0', '-1', '0'): I(V) = 0   I(V^ss) = 0
==> s961 chi#15=a:('-1', '0', '0', '0'),b:('1', '0', '0', '0'),c:('1', '0', '0', '0') h1=1 m=1 psi=a:('-1', '0', '0', '0'),b:('1', '0', '0', '0'),c:('1', '0', '-1', '0'): I(V) = 0   I(V^ss) = 0
==> s961 chi#15=a:('-1', '0', '0', '0'),b:('1', '0', '0', '0'),c:('1', '0', '0', '0') h1=1 m=1 psi=a:('-1', '0', '0', '0'),b:('-1', '0', '0', '0'),c:('1', '0', '0', '0'): I(V) = 0   I(V^ss) = 0
==> s961 chi#15=a:('-1', '0', '0', '0'),b:('1', '0', '0', '0'),c:('1', '0', '0', '0') h1=1 m=1 psi=a:('-1', '0', '0', '0'),b:('-1', '0', '0', '0'),c:('0', '0', '1', '0'): I(V) = 0   I(V^ss) = 0
==> s961 chi#15=a:('-1', '0', '0', '0'),b:('1', '0', '0', '0'),c:('1', '0', '0', '0') h1=1 m=1 psi=a:('-1', '0', '0', '0'),b:('-1', '0', '0', '0'),c:('-1', '0', '1', '0'): I(V) = 0   I(V^ss) = 0
==> s961 chi#15=a:('-1', '0', '0', '0'),b:('1', '0', '0', '0'),c:('1', '0', '0', '0') h1=1 m=1 psi=a:('-1', '0', '0', '0'),b:('-1', '0', '0', '0'),c:('-1', '0', '0', '0'): I(V) = 0   I(V^ss) = 0
==> s961 chi#15=a:('-1', '0', '0', '0'),b:('1', '0', '0', '0'),c:('1', '0', '0', '0') h1=1 m=1 psi=a:('-1', '0', '0', '0'),b:('-1', '0', '0', '0'),c:('0', '0', '-1', '0'): I(V) = 0   I(V^ss) = 0
==> s961 chi#15=a:('-1', '0', '0', '0'),b:('1', '0', '0', '0'),c:('1', '0', '0', '0') h1=1 m=1 psi=a:('-1', '0', '0', '0'),b:('-1', '0', '0', '0'),c:('1', '0', '-1', '0'): I(V) = 0   I(V^ss) = 0
==> s961 chi#15=a:('-1', '0', '0', '0'),b:('1', '0', '0', '0'),c:('1', '0', '0', '0') h1=1 m=1 psi=chi^1: I(V) = 0   I(V^ss) = 0
==> s961 chi#15=a:('-1', '0', '0', '0'),b:('1', '0', '0', '0'),c:('1', '0', '0', '0') h1=1 m=1 psi=chi^2: I(V) = 0   I(V^ss) = 0
==> s961 chi#15=a:('-1', '0', '0', '0'),b:('1', '0', '0', '0'),c:('1', '0', '0', '0') h1=1 m=1 psi=chi^3: I(V) = 0   I(V^ss) = 0
==> s961 chi#15=a:('-1', '0', '0', '0'),b:('1', '0', '0', '0'),c:('1', '0', '0', '0') h1=1 m=2 psi=a:('1', '0', '0', '0'),b:('1', '0', '0', '0'),c:('1', '0', '0', '0'): I(V) = 0   I(V^ss) = 0
==> s961 chi#15=a:('-1', '0', '0', '0'),b:('1', '0', '0', '0'),c:('1', '0', '0', '0') h1=1 m=2 psi=a:('1', '0', '0', '0'),b:('1', '0', '0', '0'),c:('0', '0', '1', '0'): I(V) = 0   I(V^ss) = 0
==> s961 chi#15=a:('-1', '0', '0', '0'),b:('1', '0', '0', '0'),c:('1', '0', '0', '0') h1=1 m=2 psi=a:('1', '0', '0', '0'),b:('1', '0', '0', '0'),c:('-1', '0', '1', '0'): I(V) = 0   I(V^ss) = 0
==> s961 chi#15=a:('-1', '0', '0', '0'),b:('1', '0', '0', '0'),c:('1', '0', '0', '0') h1=1 m=2 psi=a:('1', '0', '0', '0'),b:('1', '0', '0', '0'),c:('-1', '0', '0', '0'): I(V) = 0   I(V^ss) = 0
==> s961 chi#15=a:('-1', '0', '0', '0'),b:('1', '0', '0', '0'),c:('1', '0', '0', '0') h1=1 m=2 psi=a:('1', '0', '0', '0'),b:('1', '0', '0', '0'),c:('0', '0', '-1', '0'): I(V) = 0   I(V^ss) = 0
==> s961 chi#15=a:('-1', '0', '0', '0'),b:('1', '0', '0', '0'),c:('1', '0', '0', '0') h1=1 m=2 psi=a:('1', '0', '0', '0'),b:('1', '0', '0', '0'),c:('1', '0', '-1', '0'): I(V) = 0   I(V^ss) = 0
==> s961 chi#15=a:('-1', '0', '0', '0'),b:('1', '0', '0', '0'),c:('1', '0', '0', '0') h1=1 m=2 psi=a:('1', '0', '0', '0'),b:('-1', '0', '0', '0'),c:('1', '0', '0', '0'): I(V) = 0   I(V^ss) = 0
==> s961 chi#15=a:('-1', '0', '0', '0'),b:('1', '0', '0', '0'),c:('1', '0', '0', '0') h1=1 m=2 psi=a:('1', '0', '0', '0'),b:('-1', '0', '0', '0'),c:('0', '0', '1', '0'): I(V) = 0   I(V^ss) = 0
==> s961 chi#15=a:('-1', '0', '0', '0'),b:('1', '0', '0', '0'),c:('1', '0', '0', '0') h1=1 m=2 psi=a:('1', '0', '0', '0'),b:('-1', '0', '0', '0'),c:('-1', '0', '1', '0'): I(V) = 0   I(V^ss) = 0
==> s961 chi#15=a:('-1', '0', '0', '0'),b:('1', '0', '0', '0'),c:('1', '0', '0', '0') h1=1 m=2 psi=a:('1', '0', '0', '0'),b:('-1', '0', '0', '0'),c:('-1', '0', '0', '0'): I(V) = 0   I(V^ss) = 0
==> s961 chi#15=a:('-1', '0', '0', '0'),b:('1', '0', '0', '0'),c:('1', '0', '0', '0') h1=1 m=2 psi=a:('1', '0', '0', '0'),b:('-1', '0', '0', '0'),c:('0', '0', '-1', '0'): I(V) = 0   I(V^ss) = 0
==> s961 chi#15=a:('-1', '0', '0', '0'),b:('1', '0', '0', '0'),c:('1', '0', '0', '0') h1=1 m=2 psi=a:('1', '0', '0', '0'),b:('-1', '0', '0', '0'),c:('1', '0', '-1', '0'): I(V) = 0   I(V^ss) = 0
==> s961 chi#15=a:('-1', '0', '0', '0'),b:('1', '0', '0', '0'),c:('1', '0', '0', '0') h1=1 m=2 psi=a:('-1', '0', '0', '0'),b:('1', '0', '0', '0'),c:('1', '0', '0', '0'): I(V) = 0   I(V^ss) = 0
==> s961 chi#15=a:('-1', '0', '0', '0'),b:('1', '0', '0', '0'),c:('1', '0', '0', '0') h1=1 m=2 psi=a:('-1', '0', '0', '0'),b:('1', '0', '0', '0'),c:('0', '0', '1', '0'): I(V) = 0   I(V^ss) = 0
==> s961 chi#15=a:('-1', '0', '0', '0'),b:('1', '0', '0', '0'),c:('1', '0', '0', '0') h1=1 m=2 psi=a:('-1', '0', '0', '0'),b:('1', '0', '0', '0'),c:('-1', '0', '1', '0'): I(V) = 0   I(V^ss) = 0
==> s961 chi#15=a:('-1', '0', '0', '0'),b:('1', '0', '0', '0'),c:('1', '0', '0', '0') h1=1 m=2 psi=a:('-1', '0', '0', '0'),b:('1', '0', '0', '0'),c:('-1', '0', '0', '0'): I(V) = 0   I(V^ss) = 0
==> s961 chi#15=a:('-1', '0', '0', '0'),b:('1', '0', '0', '0'),c:('1', '0', '0', '0') h1=1 m=2 psi=a:('-1', '0', '0', '0'),b:('1', '0', '0', '0'),c:('0', '0', '-1', '0'): I(V) = 0   I(V^ss) = 0
==> s961 chi#15=a:('-1', '0', '0', '0'),b:('1', '0', '0', '0'),c:('1', '0', '0', '0') h1=1 m=2 psi=a:('-1', '0', '0', '0'),b:('1', '0', '0', '0'),c:('1', '0', '-1', '0'): I(V) = 0   I(V^ss) = 0
==> s961 chi#15=a:('-1', '0', '0', '0'),b:('1', '0', '0', '0'),c:('1', '0', '0', '0') h1=1 m=2 psi=a:('-1', '0', '0', '0'),b:('-1', '0', '0', '0'),c:('1', '0', '0', '0'): I(V) = 0   I(V^ss) = 0
==> s961 chi#15=a:('-1', '0', '0', '0'),b:('1', '0', '0', '0'),c:('1', '0', '0', '0') h1=1 m=2 psi=a:('-1', '0', '0', '0'),b:('-1', '0', '0', '0'),c:('0', '0', '1', '0'): I(V) = 0   I(V^ss) = 0
==> s961 chi#15=a:('-1', '0', '0', '0'),b:('1', '0', '0', '0'),c:('1', '0', '0', '0') h1=1 m=2 psi=a:('-1', '0', '0', '0'),b:('-1', '0', '0', '0'),c:('-1', '0', '1', '0'): I(V) = 0   I(V^ss) = 0
==> s961 chi#15=a:('-1', '0', '0', '0'),b:('1', '0', '0', '0'),c:('1', '0', '0', '0') h1=1 m=2 psi=a:('-1', '0', '0', '0'),b:('-1', '0', '0', '0'),c:('-1', '0', '0', '0'): I(V) = 0   I(V^ss) = 0
==> s961 chi#15=a:('-1', '0', '0', '0'),b:('1', '0', '0', '0'),c:('1', '0', '0', '0') h1=1 m=2 psi=a:('-1', '0', '0', '0'),b:('-1', '0', '0', '0'),c:('0', '0', '-1', '0'): I(V) = 0   I(V^ss) = 0
==> s961 chi#15=a:('-1', '0', '0', '0'),b:('1', '0', '0', '0'),c:('1', '0', '0', '0') h1=1 m=2 psi=a:('-1', '0', '0', '0'),b:('-1', '0', '0', '0'),c:('1', '0', '-1', '0'): I(V) = 0   I(V^ss) = 0
==> s961 chi#15=a:('-1', '0', '0', '0'),b:('1', '0', '0', '0'),c:('1', '0', '0', '0') h1=1 m=2 psi=chi^1: I(V) = 0   I(V^ss) = 0
==> s961 chi#15=a:('-1', '0', '0', '0'),b:('1', '0', '0', '0'),c:('1', '0', '0', '0') h1=1 m=2 psi=chi^2: I(V) = 0   I(V^ss) = 0
==> s961 chi#15=a:('-1', '0', '0', '0'),b:('1', '0', '0', '0'),c:('1', '0', '0', '0') h1=1 m=2 psi=chi^3: I(V) = 0   I(V^ss) = 0
==> s961 chi#15=a:('-1', '0', '0', '0'),b:('1', '0', '0', '0'),c:('1', '0', '0', '0') h1=1 m=3 psi=a:('1', '0', '0', '0'),b:('1', '0', '0', '0'),c:('1', '0', '0', '0'): I(V) = 0   I(V^ss) = 0
==> s961 chi#15=a:('-1', '0', '0', '0'),b:('1', '0', '0', '0'),c:('1', '0', '0', '0') h1=1 m=3 psi=a:('1', '0', '0', '0'),b:('1', '0', '0', '0'),c:('0', '0', '1', '0'): I(V) = 0   I(V^ss) = 0
==> s961 chi#15=a:('-1', '0', '0', '0'),b:('1', '0', '0', '0'),c:('1', '0', '0', '0') h1=1 m=3 psi=a:('1', '0', '0', '0'),b:('1', '0', '0', '0'),c:('-1', '0', '1', '0'): I(V) = 0   I(V^ss) = 0
==> s961 chi#15=a:('-1', '0', '0', '0'),b:('1', '0', '0', '0'),c:('1', '0', '0', '0') h1=1 m=3 psi=a:('1', '0', '0', '0'),b:('1', '0', '0', '0'),c:('-1', '0', '0', '0'): I(V) = 0   I(V^ss) = 0
==> s961 chi#15=a:('-1', '0', '0', '0'),b:('1', '0', '0', '0'),c:('1', '0', '0', '0') h1=1 m=3 psi=a:('1', '0', '0', '0'),b:('1', '0', '0', '0'),c:('0', '0', '-1', '0'): I(V) = 0   I(V^ss) = 0
==> s961 chi#15=a:('-1', '0', '0', '0'),b:('1', '0', '0', '0'),c:('1', '0', '0', '0') h1=1 m=3 psi=a:('1', '0', '0', '0'),b:('1', '0', '0', '0'),c:('1', '0', '-1', '0'): I(V) = 0   I(V^ss) = 0
==> s961 chi#15=a:('-1', '0', '0', '0'),b:('1', '0', '0', '0'),c:('1', '0', '0', '0') h1=1 m=3 psi=a:('1', '0', '0', '0'),b:('-1', '0', '0', '0'),c:('1', '0', '0', '0'): I(V) = 0   I(V^ss) = 0
==> s961 chi#15=a:('-1', '0', '0', '0'),b:('1', '0', '0', '0'),c:('1', '0', '0', '0') h1=1 m=3 psi=a:('1', '0', '0', '0'),b:('-1', '0', '0', '0'),c:('0', '0', '1', '0'): I(V) = 0   I(V^ss) = 0
==> s961 chi#15=a:('-1', '0', '0', '0'),b:('1', '0', '0', '0'),c:('1', '0', '0', '0') h1=1 m=3 psi=a:('1', '0', '0', '0'),b:('-1', '0', '0', '0'),c:('-1', '0', '1', '0'): I(V) = 0   I(V^ss) = 0
==> s961 chi#15=a:('-1', '0', '0', '0'),b:('1', '0', '0', '0'),c:('1', '0', '0', '0') h1=1 m=3 psi=a:('1', '0', '0', '0'),b:('-1', '0', '0', '0'),c:('-1', '0', '0', '0'): I(V) = 0   I(V^ss) = 0
==> s961 chi#15=a:('-1', '0', '0', '0'),b:('1', '0', '0', '0'),c:('1', '0', '0', '0') h1=1 m=3 psi=a:('1', '0', '0', '0'),b:('-1', '0', '0', '0'),c:('0', '0', '-1', '0'): I(V) = 0   I(V^ss) = 0
==> s961 chi#15=a:('-1', '0', '0', '0'),b:('1', '0', '0', '0'),c:('1', '0', '0', '0') h1=1 m=3 psi=a:('1', '0', '0', '0'),b:('-1', '0', '0', '0'),c:('1', '0', '-1', '0'): I(V) = 0   I(V^ss) = 0
==> s961 chi#15=a:('-1', '0', '0', '0'),b:('1', '0', '0', '0'),c:('1', '0', '0', '0') h1=1 m=3 psi=a:('-1', '0', '0', '0'),b:('1', '0', '0', '0'),c:('1', '0', '0', '0'): I(V) = 0   I(V^ss) = 0
==> s961 chi#15=a:('-1', '0', '0', '0'),b:('1', '0', '0', '0'),c:('1', '0', '0', '0') h1=1 m=3 psi=a:('-1', '0', '0', '0'),b:('1', '0', '0', '0'),c:('0', '0', '1', '0'): I(V) = 0   I(V^ss) = 0
==> s961 chi#15=a:('-1', '0', '0', '0'),b:('1', '0', '0', '0'),c:('1', '0', '0', '0') h1=1 m=3 psi=a:('-1', '0', '0', '0'),b:('1', '0', '0', '0'),c:('-1', '0', '1', '0'): I(V) = 0   I(V^ss) = 0
==> s961 chi#15=a:('-1', '0', '0', '0'),b:('1', '0', '0', '0'),c:('1', '0', '0', '0') h1=1 m=3 psi=a:('-1', '0', '0', '0'),b:('1', '0', '0', '0'),c:('-1', '0', '0', '0'): I(V) = 0   I(V^ss) = 0
==> s961 chi#15=a:('-1', '0', '0', '0'),b:('1', '0', '0', '0'),c:('1', '0', '0', '0') h1=1 m=3 psi=a:('-1', '0', '0', '0'),b:('1', '0', '0', '0'),c:('0', '0', '-1', '0'): I(V) = 0   I(V^ss) = 0
==> s961 chi#15=a:('-1', '0', '0', '0'),b:('1', '0', '0', '0'),c:('1', '0', '0', '0') h1=1 m=3 psi=a:('-1', '0', '0', '0'),b:('1', '0', '0', '0'),c:('1', '0', '-1', '0'): I(V) = 0   I(V^ss) = 0
==> s961 chi#15=a:('-1', '0', '0', '0'),b:('1', '0', '0', '0'),c:('1', '0', '0', '0') h1=1 m=3 psi=a:('-1', '0', '0', '0'),b:('-1', '0', '0', '0'),c:('1', '0', '0', '0'): I(V) = 0   I(V^ss) = 0
==> s961 chi#15=a:('-1', '0', '0', '0'),b:('1', '0', '0', '0'),c:('1', '0', '0', '0') h1=1 m=3 psi=a:('-1', '0', '0', '0'),b:('-1', '0', '0', '0'),c:('0', '0', '1', '0'): I(V) = 0   I(V^ss) = 0
==> s961 chi#15=a:('-1', '0', '0', '0'),b:('1', '0', '0', '0'),c:('1', '0', '0', '0') h1=1 m=3 psi=a:('-1', '0', '0', '0'),b:('-1', '0', '0', '0'),c:('-1', '0', '1', '0'): I(V) = 0   I(V^ss) = 0
==> s961 chi#15=a:('-1', '0', '0', '0'),b:('1', '0', '0', '0'),c:('1', '0', '0', '0') h1=1 m=3 psi=a:('-1', '0', '0', '0'),b:('-1', '0', '0', '0'),c:('-1', '0', '0', '0'): I(V) = 0   I(V^ss) = 0
==> s961 chi#15=a:('-1', '0', '0', '0'),b:('1', '0', '0', '0'),c:('1', '0', '0', '0') h1=1 m=3 psi=a:('-1', '0', '0', '0'),b:('-1', '0', '0', '0'),c:('0', '0', '-1', '0'): I(V) = 0   I(V^ss) = 0
==> s961 chi#15=a:('-1', '0', '0', '0'),b:('1', '0', '0', '0'),c:('1', '0', '0', '0') h1=1 m=3 psi=a:('-1', '0', '0', '0'),b:('-1', '0', '0', '0'),c:('1', '0', '-1', '0'): I(V) = 0   I(V^ss) = 0
==> s961 chi#15=a:('-1', '0', '0', '0'),b:('1', '0', '0', '0'),c:('1', '0', '0', '0') h1=1 m=3 psi=chi^1: I(V) = 0   I(V^ss) = 0
==> s961 chi#15=a:('-1', '0', '0', '0'),b:('1', '0', '0', '0'),c:('1', '0', '0', '0') h1=1 m=3 psi=chi^2: I(V) = 0   I(V^ss) = 0
==> s961 chi#15=a:('-1', '0', '0', '0'),b:('1', '0', '0', '0'),c:('1', '0', '0', '0') h1=1 m=3 psi=chi^3: I(V) = 0   I(V^ss) = 0
  locus chi#16=a:('-1', '0', '0', '0'),b:('1', '0', '0', '0'),c:('-1', '0', '0', '0') h1=1
==> s961 chi#16=a:('-1', '0', '0', '0'),b:('1', '0', '0', '0'),c:('-1', '0', '0', '0') h1=1 m=1 psi=a:('1', '0', '0', '0'),b:('1', '0', '0', '0'),c:('1', '0', '0', '0'): I(V) = 0   I(V^ss) = 0
==> s961 chi#16=a:('-1', '0', '0', '0'),b:('1', '0', '0', '0'),c:('-1', '0', '0', '0') h1=1 m=1 psi=a:('1', '0', '0', '0'),b:('1', '0', '0', '0'),c:('0', '0', '1', '0'): I(V) = 0   I(V^ss) = 0
==> s961 chi#16=a:('-1', '0', '0', '0'),b:('1', '0', '0', '0'),c:('-1', '0', '0', '0') h1=1 m=1 psi=a:('1', '0', '0', '0'),b:('1', '0', '0', '0'),c:('-1', '0', '1', '0'): I(V) = 0   I(V^ss) = 0
==> s961 chi#16=a:('-1', '0', '0', '0'),b:('1', '0', '0', '0'),c:('-1', '0', '0', '0') h1=1 m=1 psi=a:('1', '0', '0', '0'),b:('1', '0', '0', '0'),c:('-1', '0', '0', '0'): I(V) = 0   I(V^ss) = 0
==> s961 chi#16=a:('-1', '0', '0', '0'),b:('1', '0', '0', '0'),c:('-1', '0', '0', '0') h1=1 m=1 psi=a:('1', '0', '0', '0'),b:('1', '0', '0', '0'),c:('0', '0', '-1', '0'): I(V) = 0   I(V^ss) = 0
==> s961 chi#16=a:('-1', '0', '0', '0'),b:('1', '0', '0', '0'),c:('-1', '0', '0', '0') h1=1 m=1 psi=a:('1', '0', '0', '0'),b:('1', '0', '0', '0'),c:('1', '0', '-1', '0'): I(V) = 0   I(V^ss) = 0
==> s961 chi#16=a:('-1', '0', '0', '0'),b:('1', '0', '0', '0'),c:('-1', '0', '0', '0') h1=1 m=1 psi=a:('1', '0', '0', '0'),b:('-1', '0', '0', '0'),c:('1', '0', '0', '0'): I(V) = 0   I(V^ss) = 0
==> s961 chi#16=a:('-1', '0', '0', '0'),b:('1', '0', '0', '0'),c:('-1', '0', '0', '0') h1=1 m=1 psi=a:('1', '0', '0', '0'),b:('-1', '0', '0', '0'),c:('0', '0', '1', '0'): I(V) = 0   I(V^ss) = 0
==> s961 chi#16=a:('-1', '0', '0', '0'),b:('1', '0', '0', '0'),c:('-1', '0', '0', '0') h1=1 m=1 psi=a:('1', '0', '0', '0'),b:('-1', '0', '0', '0'),c:('-1', '0', '1', '0'): I(V) = 0   I(V^ss) = 0
==> s961 chi#16=a:('-1', '0', '0', '0'),b:('1', '0', '0', '0'),c:('-1', '0', '0', '0') h1=1 m=1 psi=a:('1', '0', '0', '0'),b:('-1', '0', '0', '0'),c:('-1', '0', '0', '0'): I(V) = 0   I(V^ss) = 0
==> s961 chi#16=a:('-1', '0', '0', '0'),b:('1', '0', '0', '0'),c:('-1', '0', '0', '0') h1=1 m=1 psi=a:('1', '0', '0', '0'),b:('-1', '0', '0', '0'),c:('0', '0', '-1', '0'): I(V) = 0   I(V^ss) = 0
==> s961 chi#16=a:('-1', '0', '0', '0'),b:('1', '0', '0', '0'),c:('-1', '0', '0', '0') h1=1 m=1 psi=a:('1', '0', '0', '0'),b:('-1', '0', '0', '0'),c:('1', '0', '-1', '0'): I(V) = 0   I(V^ss) = 0
==> s961 chi#16=a:('-1', '0', '0', '0'),b:('1', '0', '0', '0'),c:('-1', '0', '0', '0') h1=1 m=1 psi=a:('-1', '0', '0', '0'),b:('1', '0', '0', '0'),c:('1', '0', '0', '0'): I(V) = 0   I(V^ss) = 0
==> s961 chi#16=a:('-1', '0', '0', '0'),b:('1', '0', '0', '0'),c:('-1', '0', '0', '0') h1=1 m=1 psi=a:('-1', '0', '0', '0'),b:('1', '0', '0', '0'),c:('0', '0', '1', '0'): I(V) = 0   I(V^ss) = 0
==> s961 chi#16=a:('-1', '0', '0', '0'),b:('1', '0', '0', '0'),c:('-1', '0', '0', '0') h1=1 m=1 psi=a:('-1', '0', '0', '0'),b:('1', '0', '0', '0'),c:('-1', '0', '1', '0'): I(V) = 0   I(V^ss) = 0
==> s961 chi#16=a:('-1', '0', '0', '0'),b:('1', '0', '0', '0'),c:('-1', '0', '0', '0') h1=1 m=1 psi=a:('-1', '0', '0', '0'),b:('1', '0', '0', '0'),c:('-1', '0', '0', '0'): I(V) = 0   I(V^ss) = 0
==> s961 chi#16=a:('-1', '0', '0', '0'),b:('1', '0', '0', '0'),c:('-1', '0', '0', '0') h1=1 m=1 psi=a:('-1', '0', '0', '0'),b:('1', '0', '0', '0'),c:('0', '0', '-1', '0'): I(V) = 0   I(V^ss) = 0
==> s961 chi#16=a:('-1', '0', '0', '0'),b:('1', '0', '0', '0'),c:('-1', '0', '0', '0') h1=1 m=1 psi=a:('-1', '0', '0', '0'),b:('1', '0', '0', '0'),c:('1', '0', '-1', '0'): I(V) = 0   I(V^ss) = 0
==> s961 chi#16=a:('-1', '0', '0', '0'),b:('1', '0', '0', '0'),c:('-1', '0', '0', '0') h1=1 m=1 psi=a:('-1', '0', '0', '0'),b:('-1', '0', '0', '0'),c:('1', '0', '0', '0'): I(V) = 0   I(V^ss) = 0
==> s961 chi#16=a:('-1', '0', '0', '0'),b:('1', '0', '0', '0'),c:('-1', '0', '0', '0') h1=1 m=1 psi=a:('-1', '0', '0', '0'),b:('-1', '0', '0', '0'),c:('0', '0', '1', '0'): I(V) = 0   I(V^ss) = 0
==> s961 chi#16=a:('-1', '0', '0', '0'),b:('1', '0', '0', '0'),c:('-1', '0', '0', '0') h1=1 m=1 psi=a:('-1', '0', '0', '0'),b:('-1', '0', '0', '0'),c:('-1', '0', '1', '0'): I(V) = 0   I(V^ss) = 0
==> s961 chi#16=a:('-1', '0', '0', '0'),b:('1', '0', '0', '0'),c:('-1', '0', '0', '0') h1=1 m=1 psi=a:('-1', '0', '0', '0'),b:('-1', '0', '0', '0'),c:('-1', '0', '0', '0'): I(V) = 0   I(V^ss) = 0
==> s961 chi#16=a:('-1', '0', '0', '0'),b:('1', '0', '0', '0'),c:('-1', '0', '0', '0') h1=1 m=1 psi=a:('-1', '0', '0', '0'),b:('-1', '0', '0', '0'),c:('0', '0', '-1', '0'): I(V) = 0   I(V^ss) = 0
==> s961 chi#16=a:('-1', '0', '0', '0'),b:('1', '0', '0', '0'),c:('-1', '0', '0', '0') h1=1 m=1 psi=a:('-1', '0', '0', '0'),b:('-1', '0', '0', '0'),c:('1', '0', '-1', '0'): I(V) = 0   I(V^ss) = 0
==> s961 chi#16=a:('-1', '0', '0', '0'),b:('1', '0', '0', '0'),c:('-1', '0', '0', '0') h1=1 m=1 psi=chi^1: I(V) = 0   I(V^ss) = 0
==> s961 chi#16=a:('-1', '0', '0', '0'),b:('1', '0', '0', '0'),c:('-1', '0', '0', '0') h1=1 m=1 psi=chi^2: I(V) = 0   I(V^ss) = 0
==> s961 chi#16=a:('-1', '0', '0', '0'),b:('1', '0', '0', '0'),c:('-1', '0', '0', '0') h1=1 m=1 psi=chi^3: I(V) = 0   I(V^ss) = 0
==> s961 chi#16=a:('-1', '0', '0', '0'),b:('1', '0', '0', '0'),c:('-1', '0', '0', '0') h1=1 m=2 psi=a:('1', '0', '0', '0'),b:('1', '0', '0', '0'),c:('1', '0', '0', '0'): I(V) = 0   I(V^ss) = 0
==> s961 chi#16=a:('-1', '0', '0', '0'),b:('1', '0', '0', '0'),c:('-1', '0', '0', '0') h1=1 m=2 psi=a:('1', '0', '0', '0'),b:('1', '0', '0', '0'),c:('0', '0', '1', '0'): I(V) = 0   I(V^ss) = 0
==> s961 chi#16=a:('-1', '0', '0', '0'),b:('1', '0', '0', '0'),c:('-1', '0', '0', '0') h1=1 m=2 psi=a:('1', '0', '0', '0'),b:('1', '0', '0', '0'),c:('-1', '0', '1', '0'): I(V) = 0   I(V^ss) = 0
==> s961 chi#16=a:('-1', '0', '0', '0'),b:('1', '0', '0', '0'),c:('-1', '0', '0', '0') h1=1 m=2 psi=a:('1', '0', '0', '0'),b:('1', '0', '0', '0'),c:('-1', '0', '0', '0'): I(V) = 0   I(V^ss) = 0
==> s961 chi#16=a:('-1', '0', '0', '0'),b:('1', '0', '0', '0'),c:('-1', '0', '0', '0') h1=1 m=2 psi=a:('1', '0', '0', '0'),b:('1', '0', '0', '0'),c:('0', '0', '-1', '0'): I(V) = 0   I(V^ss) = 0
==> s961 chi#16=a:('-1', '0', '0', '0'),b:('1', '0', '0', '0'),c:('-1', '0', '0', '0') h1=1 m=2 psi=a:('1', '0', '0', '0'),b:('1', '0', '0', '0'),c:('1', '0', '-1', '0'): I(V) = 0   I(V^ss) = 0
==> s961 chi#16=a:('-1', '0', '0', '0'),b:('1', '0', '0', '0'),c:('-1', '0', '0', '0') h1=1 m=2 psi=a:('1', '0', '0', '0'),b:('-1', '0', '0', '0'),c:('1', '0', '0', '0'): I(V) = 0   I(V^ss) = 0
==> s961 chi#16=a:('-1', '0', '0', '0'),b:('1', '0', '0', '0'),c:('-1', '0', '0', '0') h1=1 m=2 psi=a:('1', '0', '0', '0'),b:('-1', '0', '0', '0'),c:('0', '0', '1', '0'): I(V) = 0   I(V^ss) = 0
==> s961 chi#16=a:('-1', '0', '0', '0'),b:('1', '0', '0', '0'),c:('-1', '0', '0', '0') h1=1 m=2 psi=a:('1', '0', '0', '0'),b:('-1', '0', '0', '0'),c:('-1', '0', '1', '0'): I(V) = 0   I(V^ss) = 0
==> s961 chi#16=a:('-1', '0', '0', '0'),b:('1', '0', '0', '0'),c:('-1', '0', '0', '0') h1=1 m=2 psi=a:('1', '0', '0', '0'),b:('-1', '0', '0', '0'),c:('-1', '0', '0', '0'): I(V) = 0   I(V^ss) = 0
==> s961 chi#16=a:('-1', '0', '0', '0'),b:('1', '0', '0', '0'),c:('-1', '0', '0', '0') h1=1 m=2 psi=a:('1', '0', '0', '0'),b:('-1', '0', '0', '0'),c:('0', '0', '-1', '0'): I(V) = 0   I(V^ss) = 0
==> s961 chi#16=a:('-1', '0', '0', '0'),b:('1', '0', '0', '0'),c:('-1', '0', '0', '0') h1=1 m=2 psi=a:('1', '0', '0', '0'),b:('-1', '0', '0', '0'),c:('1', '0', '-1', '0'): I(V) = 0   I(V^ss) = 0
==> s961 chi#16=a:('-1', '0', '0', '0'),b:('1', '0', '0', '0'),c:('-1', '0', '0', '0') h1=1 m=2 psi=a:('-1', '0', '0', '0'),b:('1', '0', '0', '0'),c:('1', '0', '0', '0'): I(V) = 0   I(V^ss) = 0
==> s961 chi#16=a:('-1', '0', '0', '0'),b:('1', '0', '0', '0'),c:('-1', '0', '0', '0') h1=1 m=2 psi=a:('-1', '0', '0', '0'),b:('1', '0', '0', '0'),c:('0', '0', '1', '0'): I(V) = 0   I(V^ss) = 0
==> s961 chi#16=a:('-1', '0', '0', '0'),b:('1', '0', '0', '0'),c:('-1', '0', '0', '0') h1=1 m=2 psi=a:('-1', '0', '0', '0'),b:('1', '0', '0', '0'),c:('-1', '0', '1', '0'): I(V) = 0   I(V^ss) = 0
==> s961 chi#16=a:('-1', '0', '0', '0'),b:('1', '0', '0', '0'),c:('-1', '0', '0', '0') h1=1 m=2 psi=a:('-1', '0', '0', '0'),b:('1', '0', '0', '0'),c:('-1', '0', '0', '0'): I(V) = 0   I(V^ss) = 0
==> s961 chi#16=a:('-1', '0', '0', '0'),b:('1', '0', '0', '0'),c:('-1', '0', '0', '0') h1=1 m=2 psi=a:('-1', '0', '0', '0'),b:('1', '0', '0', '0'),c:('0', '0', '-1', '0'): I(V) = 0   I(V^ss) = 0
==> s961 chi#16=a:('-1', '0', '0', '0'),b:('1', '0', '0', '0'),c:('-1', '0', '0', '0') h1=1 m=2 psi=a:('-1', '0', '0', '0'),b:('1', '0', '0', '0'),c:('1', '0', '-1', '0'): I(V) = 0   I(V^ss) = 0
==> s961 chi#16=a:('-1', '0', '0', '0'),b:('1', '0', '0', '0'),c:('-1', '0', '0', '0') h1=1 m=2 psi=a:('-1', '0', '0', '0'),b:('-1', '0', '0', '0'),c:('1', '0', '0', '0'): I(V) = 0   I(V^ss) = 0
==> s961 chi#16=a:('-1', '0', '0', '0'),b:('1', '0', '0', '0'),c:('-1', '0', '0', '0') h1=1 m=2 psi=a:('-1', '0', '0', '0'),b:('-1', '0', '0', '0'),c:('0', '0', '1', '0'): I(V) = 0   I(V^ss) = 0
==> s961 chi#16=a:('-1', '0', '0', '0'),b:('1', '0', '0', '0'),c:('-1', '0', '0', '0') h1=1 m=2 psi=a:('-1', '0', '0', '0'),b:('-1', '0', '0', '0'),c:('-1', '0', '1', '0'): I(V) = 0   I(V^ss) = 0
==> s961 chi#16=a:('-1', '0', '0', '0'),b:('1', '0', '0', '0'),c:('-1', '0', '0', '0') h1=1 m=2 psi=a:('-1', '0', '0', '0'),b:('-1', '0', '0', '0'),c:('-1', '0', '0', '0'): I(V) = 0   I(V^ss) = 0
==> s961 chi#16=a:('-1', '0', '0', '0'),b:('1', '0', '0', '0'),c:('-1', '0', '0', '0') h1=1 m=2 psi=a:('-1', '0', '0', '0'),b:('-1', '0', '0', '0'),c:('0', '0', '-1', '0'): I(V) = 0   I(V^ss) = 0
==> s961 chi#16=a:('-1', '0', '0', '0'),b:('1', '0', '0', '0'),c:('-1', '0', '0', '0') h1=1 m=2 psi=a:('-1', '0', '0', '0'),b:('-1', '0', '0', '0'),c:('1', '0', '-1', '0'): I(V) = 0   I(V^ss) = 0
==> s961 chi#16=a:('-1', '0', '0', '0'),b:('1', '0', '0', '0'),c:('-1', '0', '0', '0') h1=1 m=2 psi=chi^1: I(V) = 0   I(V^ss) = 0
==> s961 chi#16=a:('-1', '0', '0', '0'),b:('1', '0', '0', '0'),c:('-1', '0', '0', '0') h1=1 m=2 psi=chi^2: I(V) = 0   I(V^ss) = 0
==> s961 chi#16=a:('-1', '0', '0', '0'),b:('1', '0', '0', '0'),c:('-1', '0', '0', '0') h1=1 m=2 psi=chi^3: I(V) = 0   I(V^ss) = 0
==> s961 chi#16=a:('-1', '0', '0', '0'),b:('1', '0', '0', '0'),c:('-1', '0', '0', '0') h1=1 m=3 psi=a:('1', '0', '0', '0'),b:('1', '0', '0', '0'),c:('1', '0', '0', '0'): I(V) = 0   I(V^ss) = 0
==> s961 chi#16=a:('-1', '0', '0', '0'),b:('1', '0', '0', '0'),c:('-1', '0', '0', '0') h1=1 m=3 psi=a:('1', '0', '0', '0'),b:('1', '0', '0', '0'),c:('0', '0', '1', '0'): I(V) = 0   I(V^ss) = 0
==> s961 chi#16=a:('-1', '0', '0', '0'),b:('1', '0', '0', '0'),c:('-1', '0', '0', '0') h1=1 m=3 psi=a:('1', '0', '0', '0'),b:('1', '0', '0', '0'),c:('-1', '0', '1', '0'): I(V) = 0   I(V^ss) = 0
==> s961 chi#16=a:('-1', '0', '0', '0'),b:('1', '0', '0', '0'),c:('-1', '0', '0', '0') h1=1 m=3 psi=a:('1', '0', '0', '0'),b:('1', '0', '0', '0'),c:('-1', '0', '0', '0'): I(V) = 0   I(V^ss) = 0
==> s961 chi#16=a:('-1', '0', '0', '0'),b:('1', '0', '0', '0'),c:('-1', '0', '0', '0') h1=1 m=3 psi=a:('1', '0', '0', '0'),b:('1', '0', '0', '0'),c:('0', '0', '-1', '0'): I(V) = 0   I(V^ss) = 0
==> s961 chi#16=a:('-1', '0', '0', '0'),b:('1', '0', '0', '0'),c:('-1', '0', '0', '0') h1=1 m=3 psi=a:('1', '0', '0', '0'),b:('1', '0', '0', '0'),c:('1', '0', '-1', '0'): I(V) = 0   I(V^ss) = 0
==> s961 chi#16=a:('-1', '0', '0', '0'),b:('1', '0', '0', '0'),c:('-1', '0', '0', '0') h1=1 m=3 psi=a:('1', '0', '0', '0'),b:('-1', '0', '0', '0'),c:('1', '0', '0', '0'): I(V) = 0   I(V^ss) = 0
==> s961 chi#16=a:('-1', '0', '0', '0'),b:('1', '0', '0', '0'),c:('-1', '0', '0', '0') h1=1 m=3 psi=a:('1', '0', '0', '0'),b:('-1', '0', '0', '0'),c:('0', '0', '1', '0'): I(V) = 0   I(V^ss) = 0
==> s961 chi#16=a:('-1', '0', '0', '0'),b:('1', '0', '0', '0'),c:('-1', '0', '0', '0') h1=1 m=3 psi=a:('1', '0', '0', '0'),b:('-1', '0', '0', '0'),c:('-1', '0', '1', '0'): I(V) = 0   I(V^ss) = 0
==> s961 chi#16=a:('-1', '0', '0', '0'),b:('1', '0', '0', '0'),c:('-1', '0', '0', '0') h1=1 m=3 psi=a:('1', '0', '0', '0'),b:('-1', '0', '0', '0'),c:('-1', '0', '0', '0'): I(V) = 0   I(V^ss) = 0
==> s961 chi#16=a:('-1', '0', '0', '0'),b:('1', '0', '0', '0'),c:('-1', '0', '0', '0') h1=1 m=3 psi=a:('1', '0', '0', '0'),b:('-1', '0', '0', '0'),c:('0', '0', '-1', '0'): I(V) = 0   I(V^ss) = 0
==> s961 chi#16=a:('-1', '0', '0', '0'),b:('1', '0', '0', '0'),c:('-1', '0', '0', '0') h1=1 m=3 psi=a:('1', '0', '0', '0'),b:('-1', '0', '0', '0'),c:('1', '0', '-1', '0'): I(V) = 0   I(V^ss) = 0
==> s961 chi#16=a:('-1', '0', '0', '0'),b:('1', '0', '0', '0'),c:('-1', '0', '0', '0') h1=1 m=3 psi=a:('-1', '0', '0', '0'),b:('1', '0', '0', '0'),c:('1', '0', '0', '0'): I(V) = 0   I(V^ss) = 0
==> s961 chi#16=a:('-1', '0', '0', '0'),b:('1', '0', '0', '0'),c:('-1', '0', '0', '0') h1=1 m=3 psi=a:('-1', '0', '0', '0'),b:('1', '0', '0', '0'),c:('0', '0', '1', '0'): I(V) = 0   I(V^ss) = 0
==> s961 chi#16=a:('-1', '0', '0', '0'),b:('1', '0', '0', '0'),c:('-1', '0', '0', '0') h1=1 m=3 psi=a:('-1', '0', '0', '0'),b:('1', '0', '0', '0'),c:('-1', '0', '1', '0'): I(V) = 0   I(V^ss) = 0
==> s961 chi#16=a:('-1', '0', '0', '0'),b:('1', '0', '0', '0'),c:('-1', '0', '0', '0') h1=1 m=3 psi=a:('-1', '0', '0', '0'),b:('1', '0', '0', '0'),c:('-1', '0', '0', '0'): I(V) = 0   I(V^ss) = 0
==> s961 chi#16=a:('-1', '0', '0', '0'),b:('1', '0', '0', '0'),c:('-1', '0', '0', '0') h1=1 m=3 psi=a:('-1', '0', '0', '0'),b:('1', '0', '0', '0'),c:('0', '0', '-1', '0'): I(V) = 0   I(V^ss) = 0
==> s961 chi#16=a:('-1', '0', '0', '0'),b:('1', '0', '0', '0'),c:('-1', '0', '0', '0') h1=1 m=3 psi=a:('-1', '0', '0', '0'),b:('1', '0', '0', '0'),c:('1', '0', '-1', '0'): I(V) = 0   I(V^ss) = 0
==> s961 chi#16=a:('-1', '0', '0', '0'),b:('1', '0', '0', '0'),c:('-1', '0', '0', '0') h1=1 m=3 psi=a:('-1', '0', '0', '0'),b:('-1', '0', '0', '0'),c:('1', '0', '0', '0'): I(V) = 0   I(V^ss) = 0
==> s961 chi#16=a:('-1', '0', '0', '0'),b:('1', '0', '0', '0'),c:('-1', '0', '0', '0') h1=1 m=3 psi=a:('-1', '0', '0', '0'),b:('-1', '0', '0', '0'),c:('0', '0', '1', '0'): I(V) = 0   I(V^ss) = 0
==> s961 chi#16=a:('-1', '0', '0', '0'),b:('1', '0', '0', '0'),c:('-1', '0', '0', '0') h1=1 m=3 psi=a:('-1', '0', '0', '0'),b:('-1', '0', '0', '0'),c:('-1', '0', '1', '0'): I(V) = 0   I(V^ss) = 0
==> s961 chi#16=a:('-1', '0', '0', '0'),b:('1', '0', '0', '0'),c:('-1', '0', '0', '0') h1=1 m=3 psi=a:('-1', '0', '0', '0'),b:('-1', '0', '0', '0'),c:('-1', '0', '0', '0'): I(V) = 0   I(V^ss) = 0
==> s961 chi#16=a:('-1', '0', '0', '0'),b:('1', '0', '0', '0'),c:('-1', '0', '0', '0') h1=1 m=3 psi=a:('-1', '0', '0', '0'),b:('-1', '0', '0', '0'),c:('0', '0', '-1', '0'): I(V) = 0   I(V^ss) = 0
==> s961 chi#16=a:('-1', '0', '0', '0'),b:('1', '0', '0', '0'),c:('-1', '0', '0', '0') h1=1 m=3 psi=a:('-1', '0', '0', '0'),b:('-1', '0', '0', '0'),c:('1', '0', '-1', '0'): I(V) = 0   I(V^ss) = 0
==> s961 chi#16=a:('-1', '0', '0', '0'),b:('1', '0', '0', '0'),c:('-1', '0', '0', '0') h1=1 m=3 psi=chi^1: I(V) = 0   I(V^ss) = 0
==> s961 chi#16=a:('-1', '0', '0', '0'),b:('1', '0', '0', '0'),c:('-1', '0', '0', '0') h1=1 m=3 psi=chi^2: I(V) = 0   I(V^ss) = 0
==> s961 chi#16=a:('-1', '0', '0', '0'),b:('1', '0', '0', '0'),c:('-1', '0', '0', '0') h1=1 m=3 psi=chi^3: I(V) = 0   I(V^ss) = 0
  locus chi#17=a:('-1', '0', '0', '0'),b:('0', '0', '0', '1'),c:('0', '0', '0', '1') h1=1
==> s961 chi#17=a:('-1', '0', '0', '0'),b:('0', '0', '0', '1'),c:('0', '0', '0', '1') h1=1 m=1 psi=a:('1', '0', '0', '0'),b:('1', '0', '0', '0'),c:('1', '0', '0', '0'): I(V) = 0   I(V^ss) = 0
==> s961 chi#17=a:('-1', '0', '0', '0'),b:('0', '0', '0', '1'),c:('0', '0', '0', '1') h1=1 m=1 psi=a:('1', '0', '0', '0'),b:('1', '0', '0', '0'),c:('0', '0', '1', '0'): I(V) = 0   I(V^ss) = 0
==> s961 chi#17=a:('-1', '0', '0', '0'),b:('0', '0', '0', '1'),c:('0', '0', '0', '1') h1=1 m=1 psi=a:('1', '0', '0', '0'),b:('1', '0', '0', '0'),c:('-1', '0', '1', '0'): I(V) = 0   I(V^ss) = 0
==> s961 chi#17=a:('-1', '0', '0', '0'),b:('0', '0', '0', '1'),c:('0', '0', '0', '1') h1=1 m=1 psi=a:('1', '0', '0', '0'),b:('1', '0', '0', '0'),c:('-1', '0', '0', '0'): I(V) = 0   I(V^ss) = 0
==> s961 chi#17=a:('-1', '0', '0', '0'),b:('0', '0', '0', '1'),c:('0', '0', '0', '1') h1=1 m=1 psi=a:('1', '0', '0', '0'),b:('1', '0', '0', '0'),c:('0', '0', '-1', '0'): I(V) = 0   I(V^ss) = 0
==> s961 chi#17=a:('-1', '0', '0', '0'),b:('0', '0', '0', '1'),c:('0', '0', '0', '1') h1=1 m=1 psi=a:('1', '0', '0', '0'),b:('1', '0', '0', '0'),c:('1', '0', '-1', '0'): I(V) = 0   I(V^ss) = 0
==> s961 chi#17=a:('-1', '0', '0', '0'),b:('0', '0', '0', '1'),c:('0', '0', '0', '1') h1=1 m=1 psi=a:('1', '0', '0', '0'),b:('-1', '0', '0', '0'),c:('1', '0', '0', '0'): I(V) = 0   I(V^ss) = 0
==> s961 chi#17=a:('-1', '0', '0', '0'),b:('0', '0', '0', '1'),c:('0', '0', '0', '1') h1=1 m=1 psi=a:('1', '0', '0', '0'),b:('-1', '0', '0', '0'),c:('0', '0', '1', '0'): I(V) = 0   I(V^ss) = 0
==> s961 chi#17=a:('-1', '0', '0', '0'),b:('0', '0', '0', '1'),c:('0', '0', '0', '1') h1=1 m=1 psi=a:('1', '0', '0', '0'),b:('-1', '0', '0', '0'),c:('-1', '0', '1', '0'): I(V) = 0   I(V^ss) = 0
==> s961 chi#17=a:('-1', '0', '0', '0'),b:('0', '0', '0', '1'),c:('0', '0', '0', '1') h1=1 m=1 psi=a:('1', '0', '0', '0'),b:('-1', '0', '0', '0'),c:('-1', '0', '0', '0'): I(V) = 0   I(V^ss) = 0
==> s961 chi#17=a:('-1', '0', '0', '0'),b:('0', '0', '0', '1'),c:('0', '0', '0', '1') h1=1 m=1 psi=a:('1', '0', '0', '0'),b:('-1', '0', '0', '0'),c:('0', '0', '-1', '0'): I(V) = 0   I(V^ss) = 0
==> s961 chi#17=a:('-1', '0', '0', '0'),b:('0', '0', '0', '1'),c:('0', '0', '0', '1') h1=1 m=1 psi=a:('1', '0', '0', '0'),b:('-1', '0', '0', '0'),c:('1', '0', '-1', '0'): I(V) = 0   I(V^ss) = 0
==> s961 chi#17=a:('-1', '0', '0', '0'),b:('0', '0', '0', '1'),c:('0', '0', '0', '1') h1=1 m=1 psi=a:('-1', '0', '0', '0'),b:('1', '0', '0', '0'),c:('1', '0', '0', '0'): I(V) = 0   I(V^ss) = 0
==> s961 chi#17=a:('-1', '0', '0', '0'),b:('0', '0', '0', '1'),c:('0', '0', '0', '1') h1=1 m=1 psi=a:('-1', '0', '0', '0'),b:('1', '0', '0', '0'),c:('0', '0', '1', '0'): I(V) = 0   I(V^ss) = 0
==> s961 chi#17=a:('-1', '0', '0', '0'),b:('0', '0', '0', '1'),c:('0', '0', '0', '1') h1=1 m=1 psi=a:('-1', '0', '0', '0'),b:('1', '0', '0', '0'),c:('-1', '0', '1', '0'): I(V) = 0   I(V^ss) = 0
==> s961 chi#17=a:('-1', '0', '0', '0'),b:('0', '0', '0', '1'),c:('0', '0', '0', '1') h1=1 m=1 psi=a:('-1', '0', '0', '0'),b:('1', '0', '0', '0'),c:('-1', '0', '0', '0'): I(V) = 0   I(V^ss) = 0
==> s961 chi#17=a:('-1', '0', '0', '0'),b:('0', '0', '0', '1'),c:('0', '0', '0', '1') h1=1 m=1 psi=a:('-1', '0', '0', '0'),b:('1', '0', '0', '0'),c:('0', '0', '-1', '0'): I(V) = 0   I(V^ss) = 0
==> s961 chi#17=a:('-1', '0', '0', '0'),b:('0', '0', '0', '1'),c:('0', '0', '0', '1') h1=1 m=1 psi=a:('-1', '0', '0', '0'),b:('1', '0', '0', '0'),c:('1', '0', '-1', '0'): I(V) = 0   I(V^ss) = 0
==> s961 chi#17=a:('-1', '0', '0', '0'),b:('0', '0', '0', '1'),c:('0', '0', '0', '1') h1=1 m=1 psi=a:('-1', '0', '0', '0'),b:('-1', '0', '0', '0'),c:('1', '0', '0', '0'): I(V) = 0   I(V^ss) = 0
==> s961 chi#17=a:('-1', '0', '0', '0'),b:('0', '0', '0', '1'),c:('0', '0', '0', '1') h1=1 m=1 psi=a:('-1', '0', '0', '0'),b:('-1', '0', '0', '0'),c:('0', '0', '1', '0'): I(V) = 0   I(V^ss) = 0
==> s961 chi#17=a:('-1', '0', '0', '0'),b:('0', '0', '0', '1'),c:('0', '0', '0', '1') h1=1 m=1 psi=a:('-1', '0', '0', '0'),b:('-1', '0', '0', '0'),c:('-1', '0', '1', '0'): I(V) = 0   I(V^ss) = 0
==> s961 chi#17=a:('-1', '0', '0', '0'),b:('0', '0', '0', '1'),c:('0', '0', '0', '1') h1=1 m=1 psi=a:('-1', '0', '0', '0'),b:('-1', '0', '0', '0'),c:('-1', '0', '0', '0'): I(V) = 0   I(V^ss) = 0
==> s961 chi#17=a:('-1', '0', '0', '0'),b:('0', '0', '0', '1'),c:('0', '0', '0', '1') h1=1 m=1 psi=a:('-1', '0', '0', '0'),b:('-1', '0', '0', '0'),c:('0', '0', '-1', '0'): I(V) = 0   I(V^ss) = 0
==> s961 chi#17=a:('-1', '0', '0', '0'),b:('0', '0', '0', '1'),c:('0', '0', '0', '1') h1=1 m=1 psi=a:('-1', '0', '0', '0'),b:('-1', '0', '0', '0'),c:('1', '0', '-1', '0'): I(V) = 0   I(V^ss) = 0
==> s961 chi#17=a:('-1', '0', '0', '0'),b:('0', '0', '0', '1'),c:('0', '0', '0', '1') h1=1 m=1 psi=chi^1: I(V) = 0   I(V^ss) = 0
==> s961 chi#17=a:('-1', '0', '0', '0'),b:('0', '0', '0', '1'),c:('0', '0', '0', '1') h1=1 m=1 psi=chi^2: I(V) = 0   I(V^ss) = 0
==> s961 chi#17=a:('-1', '0', '0', '0'),b:('0', '0', '0', '1'),c:('0', '0', '0', '1') h1=1 m=1 psi=chi^3: I(V) = 0   I(V^ss) = 0
==> s961 chi#17=a:('-1', '0', '0', '0'),b:('0', '0', '0', '1'),c:('0', '0', '0', '1') h1=1 m=2 psi=a:('1', '0', '0', '0'),b:('1', '0', '0', '0'),c:('1', '0', '0', '0'): I(V) = 0   I(V^ss) = 0
==> s961 chi#17=a:('-1', '0', '0', '0'),b:('0', '0', '0', '1'),c:('0', '0', '0', '1') h1=1 m=2 psi=a:('1', '0', '0', '0'),b:('1', '0', '0', '0'),c:('0', '0', '1', '0'): I(V) = 0   I(V^ss) = 0
==> s961 chi#17=a:('-1', '0', '0', '0'),b:('0', '0', '0', '1'),c:('0', '0', '0', '1') h1=1 m=2 psi=a:('1', '0', '0', '0'),b:('1', '0', '0', '0'),c:('-1', '0', '1', '0'): I(V) = 0   I(V^ss) = 0
==> s961 chi#17=a:('-1', '0', '0', '0'),b:('0', '0', '0', '1'),c:('0', '0', '0', '1') h1=1 m=2 psi=a:('1', '0', '0', '0'),b:('1', '0', '0', '0'),c:('-1', '0', '0', '0'): I(V) = 0   I(V^ss) = 0
==> s961 chi#17=a:('-1', '0', '0', '0'),b:('0', '0', '0', '1'),c:('0', '0', '0', '1') h1=1 m=2 psi=a:('1', '0', '0', '0'),b:('1', '0', '0', '0'),c:('0', '0', '-1', '0'): I(V) = 0   I(V^ss) = 0
==> s961 chi#17=a:('-1', '0', '0', '0'),b:('0', '0', '0', '1'),c:('0', '0', '0', '1') h1=1 m=2 psi=a:('1', '0', '0', '0'),b:('1', '0', '0', '0'),c:('1', '0', '-1', '0'): I(V) = 0   I(V^ss) = 0
==> s961 chi#17=a:('-1', '0', '0', '0'),b:('0', '0', '0', '1'),c:('0', '0', '0', '1') h1=1 m=2 psi=a:('1', '0', '0', '0'),b:('-1', '0', '0', '0'),c:('1', '0', '0', '0'): I(V) = 0   I(V^ss) = 0
==> s961 chi#17=a:('-1', '0', '0', '0'),b:('0', '0', '0', '1'),c:('0', '0', '0', '1') h1=1 m=2 psi=a:('1', '0', '0', '0'),b:('-1', '0', '0', '0'),c:('0', '0', '1', '0'): I(V) = 0   I(V^ss) = 0
==> s961 chi#17=a:('-1', '0', '0', '0'),b:('0', '0', '0', '1'),c:('0', '0', '0', '1') h1=1 m=2 psi=a:('1', '0', '0', '0'),b:('-1', '0', '0', '0'),c:('-1', '0', '1', '0'): I(V) = 0   I(V^ss) = 0
==> s961 chi#17=a:('-1', '0', '0', '0'),b:('0', '0', '0', '1'),c:('0', '0', '0', '1') h1=1 m=2 psi=a:('1', '0', '0', '0'),b:('-1', '0', '0', '0'),c:('-1', '0', '0', '0'): I(V) = 0   I(V^ss) = 0
==> s961 chi#17=a:('-1', '0', '0', '0'),b:('0', '0', '0', '1'),c:('0', '0', '0', '1') h1=1 m=2 psi=a:('1', '0', '0', '0'),b:('-1', '0', '0', '0'),c:('0', '0', '-1', '0'): I(V) = 0   I(V^ss) = 0
==> s961 chi#17=a:('-1', '0', '0', '0'),b:('0', '0', '0', '1'),c:('0', '0', '0', '1') h1=1 m=2 psi=a:('1', '0', '0', '0'),b:('-1', '0', '0', '0'),c:('1', '0', '-1', '0'): I(V) = 0   I(V^ss) = 0
==> s961 chi#17=a:('-1', '0', '0', '0'),b:('0', '0', '0', '1'),c:('0', '0', '0', '1') h1=1 m=2 psi=a:('-1', '0', '0', '0'),b:('1', '0', '0', '0'),c:('1', '0', '0', '0'): I(V) = 0   I(V^ss) = 0
==> s961 chi#17=a:('-1', '0', '0', '0'),b:('0', '0', '0', '1'),c:('0', '0', '0', '1') h1=1 m=2 psi=a:('-1', '0', '0', '0'),b:('1', '0', '0', '0'),c:('0', '0', '1', '0'): I(V) = 0   I(V^ss) = 0
==> s961 chi#17=a:('-1', '0', '0', '0'),b:('0', '0', '0', '1'),c:('0', '0', '0', '1') h1=1 m=2 psi=a:('-1', '0', '0', '0'),b:('1', '0', '0', '0'),c:('-1', '0', '1', '0'): I(V) = 0   I(V^ss) = 0
==> s961 chi#17=a:('-1', '0', '0', '0'),b:('0', '0', '0', '1'),c:('0', '0', '0', '1') h1=1 m=2 psi=a:('-1', '0', '0', '0'),b:('1', '0', '0', '0'),c:('-1', '0', '0', '0'): I(V) = 0   I(V^ss) = 0
==> s961 chi#17=a:('-1', '0', '0', '0'),b:('0', '0', '0', '1'),c:('0', '0', '0', '1') h1=1 m=2 psi=a:('-1', '0', '0', '0'),b:('1', '0', '0', '0'),c:('0', '0', '-1', '0'): I(V) = 0   I(V^ss) = 0
==> s961 chi#17=a:('-1', '0', '0', '0'),b:('0', '0', '0', '1'),c:('0', '0', '0', '1') h1=1 m=2 psi=a:('-1', '0', '0', '0'),b:('1', '0', '0', '0'),c:('1', '0', '-1', '0'): I(V) = 0   I(V^ss) = 0
==> s961 chi#17=a:('-1', '0', '0', '0'),b:('0', '0', '0', '1'),c:('0', '0', '0', '1') h1=1 m=2 psi=a:('-1', '0', '0', '0'),b:('-1', '0', '0', '0'),c:('1', '0', '0', '0'): I(V) = 0   I(V^ss) = 0
==> s961 chi#17=a:('-1', '0', '0', '0'),b:('0', '0', '0', '1'),c:('0', '0', '0', '1') h1=1 m=2 psi=a:('-1', '0', '0', '0'),b:('-1', '0', '0', '0'),c:('0', '0', '1', '0'): I(V) = 0   I(V^ss) = 0
==> s961 chi#17=a:('-1', '0', '0', '0'),b:('0', '0', '0', '1'),c:('0', '0', '0', '1') h1=1 m=2 psi=a:('-1', '0', '0', '0'),b:('-1', '0', '0', '0'),c:('-1', '0', '1', '0'): I(V) = 0   I(V^ss) = 0
==> s961 chi#17=a:('-1', '0', '0', '0'),b:('0', '0', '0', '1'),c:('0', '0', '0', '1') h1=1 m=2 psi=a:('-1', '0', '0', '0'),b:('-1', '0', '0', '0'),c:('-1', '0', '0', '0'): I(V) = 0   I(V^ss) = 0
==> s961 chi#17=a:('-1', '0', '0', '0'),b:('0', '0', '0', '1'),c:('0', '0', '0', '1') h1=1 m=2 psi=a:('-1', '0', '0', '0'),b:('-1', '0', '0', '0'),c:('0', '0', '-1', '0'): I(V) = 0   I(V^ss) = 0
==> s961 chi#17=a:('-1', '0', '0', '0'),b:('0', '0', '0', '1'),c:('0', '0', '0', '1') h1=1 m=2 psi=a:('-1', '0', '0', '0'),b:('-1', '0', '0', '0'),c:('1', '0', '-1', '0'): I(V) = 0   I(V^ss) = 0
==> s961 chi#17=a:('-1', '0', '0', '0'),b:('0', '0', '0', '1'),c:('0', '0', '0', '1') h1=1 m=2 psi=chi^1: I(V) = 0   I(V^ss) = 0
==> s961 chi#17=a:('-1', '0', '0', '0'),b:('0', '0', '0', '1'),c:('0', '0', '0', '1') h1=1 m=2 psi=chi^2: I(V) = 0   I(V^ss) = 0
==> s961 chi#17=a:('-1', '0', '0', '0'),b:('0', '0', '0', '1'),c:('0', '0', '0', '1') h1=1 m=2 psi=chi^3: I(V) = 0   I(V^ss) = 0
==> s961 chi#17=a:('-1', '0', '0', '0'),b:('0', '0', '0', '1'),c:('0', '0', '0', '1') h1=1 m=3 psi=a:('1', '0', '0', '0'),b:('1', '0', '0', '0'),c:('1', '0', '0', '0'): I(V) = 0   I(V^ss) = 0
==> s961 chi#17=a:('-1', '0', '0', '0'),b:('0', '0', '0', '1'),c:('0', '0', '0', '1') h1=1 m=3 psi=a:('1', '0', '0', '0'),b:('1', '0', '0', '0'),c:('0', '0', '1', '0'): I(V) = 0   I(V^ss) = 0
==> s961 chi#17=a:('-1', '0', '0', '0'),b:('0', '0', '0', '1'),c:('0', '0', '0', '1') h1=1 m=3 psi=a:('1', '0', '0', '0'),b:('1', '0', '0', '0'),c:('-1', '0', '1', '0'): I(V) = 0   I(V^ss) = 0
==> s961 chi#17=a:('-1', '0', '0', '0'),b:('0', '0', '0', '1'),c:('0', '0', '0', '1') h1=1 m=3 psi=a:('1', '0', '0', '0'),b:('1', '0', '0', '0'),c:('-1', '0', '0', '0'): I(V) = 0   I(V^ss) = 0
==> s961 chi#17=a:('-1', '0', '0', '0'),b:('0', '0', '0', '1'),c:('0', '0', '0', '1') h1=1 m=3 psi=a:('1', '0', '0', '0'),b:('1', '0', '0', '0'),c:('0', '0', '-1', '0'): I(V) = 0   I(V^ss) = 0
==> s961 chi#17=a:('-1', '0', '0', '0'),b:('0', '0', '0', '1'),c:('0', '0', '0', '1') h1=1 m=3 psi=a:('1', '0', '0', '0'),b:('1', '0', '0', '0'),c:('1', '0', '-1', '0'): I(V) = 0   I(V^ss) = 0
==> s961 chi#17=a:('-1', '0', '0', '0'),b:('0', '0', '0', '1'),c:('0', '0', '0', '1') h1=1 m=3 psi=a:('1', '0', '0', '0'),b:('-1', '0', '0', '0'),c:('1', '0', '0', '0'): I(V) = 0   I(V^ss) = 0
==> s961 chi#17=a:('-1', '0', '0', '0'),b:('0', '0', '0', '1'),c:('0', '0', '0', '1') h1=1 m=3 psi=a:('1', '0', '0', '0'),b:('-1', '0', '0', '0'),c:('0', '0', '1', '0'): I(V) = 0   I(V^ss) = 0
==> s961 chi#17=a:('-1', '0', '0', '0'),b:('0', '0', '0', '1'),c:('0', '0', '0', '1') h1=1 m=3 psi=a:('1', '0', '0', '0'),b:('-1', '0', '0', '0'),c:('-1', '0', '1', '0'): I(V) = 0   I(V^ss) = 0
==> s961 chi#17=a:('-1', '0', '0', '0'),b:('0', '0', '0', '1'),c:('0', '0', '0', '1') h1=1 m=3 psi=a:('1', '0', '0', '0'),b:('-1', '0', '0', '0'),c:('-1', '0', '0', '0'): I(V) = 0   I(V^ss) = 0
==> s961 chi#17=a:('-1', '0', '0', '0'),b:('0', '0', '0', '1'),c:('0', '0', '0', '1') h1=1 m=3 psi=a:('1', '0', '0', '0'),b:('-1', '0', '0', '0'),c:('0', '0', '-1', '0'): I(V) = 0   I(V^ss) = 0
==> s961 chi#17=a:('-1', '0', '0', '0'),b:('0', '0', '0', '1'),c:('0', '0', '0', '1') h1=1 m=3 psi=a:('1', '0', '0', '0'),b:('-1', '0', '0', '0'),c:('1', '0', '-1', '0'): I(V) = 0   I(V^ss) = 0
==> s961 chi#17=a:('-1', '0', '0', '0'),b:('0', '0', '0', '1'),c:('0', '0', '0', '1') h1=1 m=3 psi=a:('-1', '0', '0', '0'),b:('1', '0', '0', '0'),c:('1', '0', '0', '0'): I(V) = 0   I(V^ss) = 0
==> s961 chi#17=a:('-1', '0', '0', '0'),b:('0', '0', '0', '1'),c:('0', '0', '0', '1') h1=1 m=3 psi=a:('-1', '0', '0', '0'),b:('1', '0', '0', '0'),c:('0', '0', '1', '0'): I(V) = 0   I(V^ss) = 0
==> s961 chi#17=a:('-1', '0', '0', '0'),b:('0', '0', '0', '1'),c:('0', '0', '0', '1') h1=1 m=3 psi=a:('-1', '0', '0', '0'),b:('1', '0', '0', '0'),c:('-1', '0', '1', '0'): I(V) = 0   I(V^ss) = 0
==> s961 chi#17=a:('-1', '0', '0', '0'),b:('0', '0', '0', '1'),c:('0', '0', '0', '1') h1=1 m=3 psi=a:('-1', '0', '0', '0'),b:('1', '0', '0', '0'),c:('-1', '0', '0', '0'): I(V) = 0   I(V^ss) = 0
==> s961 chi#17=a:('-1', '0', '0', '0'),b:('0', '0', '0', '1'),c:('0', '0', '0', '1') h1=1 m=3 psi=a:('-1', '0', '0', '0'),b:('1', '0', '0', '0'),c:('0', '0', '-1', '0'): I(V) = 0   I(V^ss) = 0
==> s961 chi#17=a:('-1', '0', '0', '0'),b:('0', '0', '0', '1'),c:('0', '0', '0', '1') h1=1 m=3 psi=a:('-1', '0', '0', '0'),b:('1', '0', '0', '0'),c:('1', '0', '-1', '0'): I(V) = 0   I(V^ss) = 0
==> s961 chi#17=a:('-1', '0', '0', '0'),b:('0', '0', '0', '1'),c:('0', '0', '0', '1') h1=1 m=3 psi=a:('-1', '0', '0', '0'),b:('-1', '0', '0', '0'),c:('1', '0', '0', '0'): I(V) = 0   I(V^ss) = 0
==> s961 chi#17=a:('-1', '0', '0', '0'),b:('0', '0', '0', '1'),c:('0', '0', '0', '1') h1=1 m=3 psi=a:('-1', '0', '0', '0'),b:('-1', '0', '0', '0'),c:('0', '0', '1', '0'): I(V) = 0   I(V^ss) = 0
==> s961 chi#17=a:('-1', '0', '0', '0'),b:('0', '0', '0', '1'),c:('0', '0', '0', '1') h1=1 m=3 psi=a:('-1', '0', '0', '0'),b:('-1', '0', '0', '0'),c:('-1', '0', '1', '0'): I(V) = 0   I(V^ss) = 0
==> s961 chi#17=a:('-1', '0', '0', '0'),b:('0', '0', '0', '1'),c:('0', '0', '0', '1') h1=1 m=3 psi=a:('-1', '0', '0', '0'),b:('-1', '0', '0', '0'),c:('-1', '0', '0', '0'): I(V) = 0   I(V^ss) = 0
==> s961 chi#17=a:('-1', '0', '0', '0'),b:('0', '0', '0', '1'),c:('0', '0', '0', '1') h1=1 m=3 psi=a:('-1', '0', '0', '0'),b:('-1', '0', '0', '0'),c:('0', '0', '-1', '0'): I(V) = 0   I(V^ss) = 0
==> s961 chi#17=a:('-1', '0', '0', '0'),b:('0', '0', '0', '1'),c:('0', '0', '0', '1') h1=1 m=3 psi=a:('-1', '0', '0', '0'),b:('-1', '0', '0', '0'),c:('1', '0', '-1', '0'): I(V) = 0   I(V^ss) = 0
==> s961 chi#17=a:('-1', '0', '0', '0'),b:('0', '0', '0', '1'),c:('0', '0', '0', '1') h1=1 m=3 psi=chi^1: I(V) = 0   I(V^ss) = 0
==> s961 chi#17=a:('-1', '0', '0', '0'),b:('0', '0', '0', '1'),c:('0', '0', '0', '1') h1=1 m=3 psi=chi^2: I(V) = 0   I(V^ss) = 0
==> s961 chi#17=a:('-1', '0', '0', '0'),b:('0', '0', '0', '1'),c:('0', '0', '0', '1') h1=1 m=3 psi=chi^3: I(V) = 0   I(V^ss) = 0
  locus chi#18=a:('-1', '0', '0', '0'),b:('0', '0', '0', '1'),c:('0', '0', '0', '-1') h1=1
==> s961 chi#18=a:('-1', '0', '0', '0'),b:('0', '0', '0', '1'),c:('0', '0', '0', '-1') h1=1 m=1 psi=a:('1', '0', '0', '0'),b:('1', '0', '0', '0'),c:('1', '0', '0', '0'): I(V) = 0   I(V^ss) = 0
==> s961 chi#18=a:('-1', '0', '0', '0'),b:('0', '0', '0', '1'),c:('0', '0', '0', '-1') h1=1 m=1 psi=a:('1', '0', '0', '0'),b:('1', '0', '0', '0'),c:('0', '0', '1', '0'): I(V) = 0   I(V^ss) = 0
==> s961 chi#18=a:('-1', '0', '0', '0'),b:('0', '0', '0', '1'),c:('0', '0', '0', '-1') h1=1 m=1 psi=a:('1', '0', '0', '0'),b:('1', '0', '0', '0'),c:('-1', '0', '1', '0'): I(V) = 0   I(V^ss) = 0
==> s961 chi#18=a:('-1', '0', '0', '0'),b:('0', '0', '0', '1'),c:('0', '0', '0', '-1') h1=1 m=1 psi=a:('1', '0', '0', '0'),b:('1', '0', '0', '0'),c:('-1', '0', '0', '0'): I(V) = 0   I(V^ss) = 0
==> s961 chi#18=a:('-1', '0', '0', '0'),b:('0', '0', '0', '1'),c:('0', '0', '0', '-1') h1=1 m=1 psi=a:('1', '0', '0', '0'),b:('1', '0', '0', '0'),c:('0', '0', '-1', '0'): I(V) = 0   I(V^ss) = 0
==> s961 chi#18=a:('-1', '0', '0', '0'),b:('0', '0', '0', '1'),c:('0', '0', '0', '-1') h1=1 m=1 psi=a:('1', '0', '0', '0'),b:('1', '0', '0', '0'),c:('1', '0', '-1', '0'): I(V) = 0   I(V^ss) = 0
==> s961 chi#18=a:('-1', '0', '0', '0'),b:('0', '0', '0', '1'),c:('0', '0', '0', '-1') h1=1 m=1 psi=a:('1', '0', '0', '0'),b:('-1', '0', '0', '0'),c:('1', '0', '0', '0'): I(V) = 0   I(V^ss) = 0
==> s961 chi#18=a:('-1', '0', '0', '0'),b:('0', '0', '0', '1'),c:('0', '0', '0', '-1') h1=1 m=1 psi=a:('1', '0', '0', '0'),b:('-1', '0', '0', '0'),c:('0', '0', '1', '0'): I(V) = 0   I(V^ss) = 0
==> s961 chi#18=a:('-1', '0', '0', '0'),b:('0', '0', '0', '1'),c:('0', '0', '0', '-1') h1=1 m=1 psi=a:('1', '0', '0', '0'),b:('-1', '0', '0', '0'),c:('-1', '0', '1', '0'): I(V) = 0   I(V^ss) = 0
==> s961 chi#18=a:('-1', '0', '0', '0'),b:('0', '0', '0', '1'),c:('0', '0', '0', '-1') h1=1 m=1 psi=a:('1', '0', '0', '0'),b:('-1', '0', '0', '0'),c:('-1', '0', '0', '0'): I(V) = 0   I(V^ss) = 0
==> s961 chi#18=a:('-1', '0', '0', '0'),b:('0', '0', '0', '1'),c:('0', '0', '0', '-1') h1=1 m=1 psi=a:('1', '0', '0', '0'),b:('-1', '0', '0', '0'),c:('0', '0', '-1', '0'): I(V) = 0   I(V^ss) = 0
==> s961 chi#18=a:('-1', '0', '0', '0'),b:('0', '0', '0', '1'),c:('0', '0', '0', '-1') h1=1 m=1 psi=a:('1', '0', '0', '0'),b:('-1', '0', '0', '0'),c:('1', '0', '-1', '0'): I(V) = 0   I(V^ss) = 0
==> s961 chi#18=a:('-1', '0', '0', '0'),b:('0', '0', '0', '1'),c:('0', '0', '0', '-1') h1=1 m=1 psi=a:('-1', '0', '0', '0'),b:('1', '0', '0', '0'),c:('1', '0', '0', '0'): I(V) = 0   I(V^ss) = 0
==> s961 chi#18=a:('-1', '0', '0', '0'),b:('0', '0', '0', '1'),c:('0', '0', '0', '-1') h1=1 m=1 psi=a:('-1', '0', '0', '0'),b:('1', '0', '0', '0'),c:('0', '0', '1', '0'): I(V) = 0   I(V^ss) = 0
==> s961 chi#18=a:('-1', '0', '0', '0'),b:('0', '0', '0', '1'),c:('0', '0', '0', '-1') h1=1 m=1 psi=a:('-1', '0', '0', '0'),b:('1', '0', '0', '0'),c:('-1', '0', '1', '0'): I(V) = 0   I(V^ss) = 0
==> s961 chi#18=a:('-1', '0', '0', '0'),b:('0', '0', '0', '1'),c:('0', '0', '0', '-1') h1=1 m=1 psi=a:('-1', '0', '0', '0'),b:('1', '0', '0', '0'),c:('-1', '0', '0', '0'): I(V) = 0   I(V^ss) = 0
==> s961 chi#18=a:('-1', '0', '0', '0'),b:('0', '0', '0', '1'),c:('0', '0', '0', '-1') h1=1 m=1 psi=a:('-1', '0', '0', '0'),b:('1', '0', '0', '0'),c:('0', '0', '-1', '0'): I(V) = 0   I(V^ss) = 0
==> s961 chi#18=a:('-1', '0', '0', '0'),b:('0', '0', '0', '1'),c:('0', '0', '0', '-1') h1=1 m=1 psi=a:('-1', '0', '0', '0'),b:('1', '0', '0', '0'),c:('1', '0', '-1', '0'): I(V) = 0   I(V^ss) = 0
==> s961 chi#18=a:('-1', '0', '0', '0'),b:('0', '0', '0', '1'),c:('0', '0', '0', '-1') h1=1 m=1 psi=a:('-1', '0', '0', '0'),b:('-1', '0', '0', '0'),c:('1', '0', '0', '0'): I(V) = 0   I(V^ss) = 0
==> s961 chi#18=a:('-1', '0', '0', '0'),b:('0', '0', '0', '1'),c:('0', '0', '0', '-1') h1=1 m=1 psi=a:('-1', '0', '0', '0'),b:('-1', '0', '0', '0'),c:('0', '0', '1', '0'): I(V) = 0   I(V^ss) = 0
==> s961 chi#18=a:('-1', '0', '0', '0'),b:('0', '0', '0', '1'),c:('0', '0', '0', '-1') h1=1 m=1 psi=a:('-1', '0', '0', '0'),b:('-1', '0', '0', '0'),c:('-1', '0', '1', '0'): I(V) = 0   I(V^ss) = 0
==> s961 chi#18=a:('-1', '0', '0', '0'),b:('0', '0', '0', '1'),c:('0', '0', '0', '-1') h1=1 m=1 psi=a:('-1', '0', '0', '0'),b:('-1', '0', '0', '0'),c:('-1', '0', '0', '0'): I(V) = 0   I(V^ss) = 0
==> s961 chi#18=a:('-1', '0', '0', '0'),b:('0', '0', '0', '1'),c:('0', '0', '0', '-1') h1=1 m=1 psi=a:('-1', '0', '0', '0'),b:('-1', '0', '0', '0'),c:('0', '0', '-1', '0'): I(V) = 0   I(V^ss) = 0
==> s961 chi#18=a:('-1', '0', '0', '0'),b:('0', '0', '0', '1'),c:('0', '0', '0', '-1') h1=1 m=1 psi=a:('-1', '0', '0', '0'),b:('-1', '0', '0', '0'),c:('1', '0', '-1', '0'): I(V) = 0   I(V^ss) = 0
==> s961 chi#18=a:('-1', '0', '0', '0'),b:('0', '0', '0', '1'),c:('0', '0', '0', '-1') h1=1 m=1 psi=chi^1: I(V) = 0   I(V^ss) = 0
==> s961 chi#18=a:('-1', '0', '0', '0'),b:('0', '0', '0', '1'),c:('0', '0', '0', '-1') h1=1 m=1 psi=chi^2: I(V) = 0   I(V^ss) = 0
==> s961 chi#18=a:('-1', '0', '0', '0'),b:('0', '0', '0', '1'),c:('0', '0', '0', '-1') h1=1 m=1 psi=chi^3: I(V) = 0   I(V^ss) = 0
==> s961 chi#18=a:('-1', '0', '0', '0'),b:('0', '0', '0', '1'),c:('0', '0', '0', '-1') h1=1 m=2 psi=a:('1', '0', '0', '0'),b:('1', '0', '0', '0'),c:('1', '0', '0', '0'): I(V) = 0   I(V^ss) = 0
==> s961 chi#18=a:('-1', '0', '0', '0'),b:('0', '0', '0', '1'),c:('0', '0', '0', '-1') h1=1 m=2 psi=a:('1', '0', '0', '0'),b:('1', '0', '0', '0'),c:('0', '0', '1', '0'): I(V) = 0   I(V^ss) = 0
==> s961 chi#18=a:('-1', '0', '0', '0'),b:('0', '0', '0', '1'),c:('0', '0', '0', '-1') h1=1 m=2 psi=a:('1', '0', '0', '0'),b:('1', '0', '0', '0'),c:('-1', '0', '1', '0'): I(V) = 0   I(V^ss) = 0
==> s961 chi#18=a:('-1', '0', '0', '0'),b:('0', '0', '0', '1'),c:('0', '0', '0', '-1') h1=1 m=2 psi=a:('1', '0', '0', '0'),b:('1', '0', '0', '0'),c:('-1', '0', '0', '0'): I(V) = 0   I(V^ss) = 0
==> s961 chi#18=a:('-1', '0', '0', '0'),b:('0', '0', '0', '1'),c:('0', '0', '0', '-1') h1=1 m=2 psi=a:('1', '0', '0', '0'),b:('1', '0', '0', '0'),c:('0', '0', '-1', '0'): I(V) = 0   I(V^ss) = 0
==> s961 chi#18=a:('-1', '0', '0', '0'),b:('0', '0', '0', '1'),c:('0', '0', '0', '-1') h1=1 m=2 psi=a:('1', '0', '0', '0'),b:('1', '0', '0', '0'),c:('1', '0', '-1', '0'): I(V) = 0   I(V^ss) = 0
==> s961 chi#18=a:('-1', '0', '0', '0'),b:('0', '0', '0', '1'),c:('0', '0', '0', '-1') h1=1 m=2 psi=a:('1', '0', '0', '0'),b:('-1', '0', '0', '0'),c:('1', '0', '0', '0'): I(V) = 0   I(V^ss) = 0
==> s961 chi#18=a:('-1', '0', '0', '0'),b:('0', '0', '0', '1'),c:('0', '0', '0', '-1') h1=1 m=2 psi=a:('1', '0', '0', '0'),b:('-1', '0', '0', '0'),c:('0', '0', '1', '0'): I(V) = 0   I(V^ss) = 0
==> s961 chi#18=a:('-1', '0', '0', '0'),b:('0', '0', '0', '1'),c:('0', '0', '0', '-1') h1=1 m=2 psi=a:('1', '0', '0', '0'),b:('-1', '0', '0', '0'),c:('-1', '0', '1', '0'): I(V) = 0   I(V^ss) = 0
==> s961 chi#18=a:('-1', '0', '0', '0'),b:('0', '0', '0', '1'),c:('0', '0', '0', '-1') h1=1 m=2 psi=a:('1', '0', '0', '0'),b:('-1', '0', '0', '0'),c:('-1', '0', '0', '0'): I(V) = 0   I(V^ss) = 0
==> s961 chi#18=a:('-1', '0', '0', '0'),b:('0', '0', '0', '1'),c:('0', '0', '0', '-1') h1=1 m=2 psi=a:('1', '0', '0', '0'),b:('-1', '0', '0', '0'),c:('0', '0', '-1', '0'): I(V) = 0   I(V^ss) = 0
==> s961 chi#18=a:('-1', '0', '0', '0'),b:('0', '0', '0', '1'),c:('0', '0', '0', '-1') h1=1 m=2 psi=a:('1', '0', '0', '0'),b:('-1', '0', '0', '0'),c:('1', '0', '-1', '0'): I(V) = 0   I(V^ss) = 0
==> s961 chi#18=a:('-1', '0', '0', '0'),b:('0', '0', '0', '1'),c:('0', '0', '0', '-1') h1=1 m=2 psi=a:('-1', '0', '0', '0'),b:('1', '0', '0', '0'),c:('1', '0', '0', '0'): I(V) = 0   I(V^ss) = 0
==> s961 chi#18=a:('-1', '0', '0', '0'),b:('0', '0', '0', '1'),c:('0', '0', '0', '-1') h1=1 m=2 psi=a:('-1', '0', '0', '0'),b:('1', '0', '0', '0'),c:('0', '0', '1', '0'): I(V) = 0   I(V^ss) = 0
==> s961 chi#18=a:('-1', '0', '0', '0'),b:('0', '0', '0', '1'),c:('0', '0', '0', '-1') h1=1 m=2 psi=a:('-1', '0', '0', '0'),b:('1', '0', '0', '0'),c:('-1', '0', '1', '0'): I(V) = 0   I(V^ss) = 0
==> s961 chi#18=a:('-1', '0', '0', '0'),b:('0', '0', '0', '1'),c:('0', '0', '0', '-1') h1=1 m=2 psi=a:('-1', '0', '0', '0'),b:('1', '0', '0', '0'),c:('-1', '0', '0', '0'): I(V) = 0   I(V^ss) = 0
==> s961 chi#18=a:('-1', '0', '0', '0'),b:('0', '0', '0', '1'),c:('0', '0', '0', '-1') h1=1 m=2 psi=a:('-1', '0', '0', '0'),b:('1', '0', '0', '0'),c:('0', '0', '-1', '0'): I(V) = 0   I(V^ss) = 0
==> s961 chi#18=a:('-1', '0', '0', '0'),b:('0', '0', '0', '1'),c:('0', '0', '0', '-1') h1=1 m=2 psi=a:('-1', '0', '0', '0'),b:('1', '0', '0', '0'),c:('1', '0', '-1', '0'): I(V) = 0   I(V^ss) = 0
==> s961 chi#18=a:('-1', '0', '0', '0'),b:('0', '0', '0', '1'),c:('0', '0', '0', '-1') h1=1 m=2 psi=a:('-1', '0', '0', '0'),b:('-1', '0', '0', '0'),c:('1', '0', '0', '0'): I(V) = 0   I(V^ss) = 0
==> s961 chi#18=a:('-1', '0', '0', '0'),b:('0', '0', '0', '1'),c:('0', '0', '0', '-1') h1=1 m=2 psi=a:('-1', '0', '0', '0'),b:('-1', '0', '0', '0'),c:('0', '0', '1', '0'): I(V) = 0   I(V^ss) = 0
==> s961 chi#18=a:('-1', '0', '0', '0'),b:('0', '0', '0', '1'),c:('0', '0', '0', '-1') h1=1 m=2 psi=a:('-1', '0', '0', '0'),b:('-1', '0', '0', '0'),c:('-1', '0', '1', '0'): I(V) = 0   I(V^ss) = 0
==> s961 chi#18=a:('-1', '0', '0', '0'),b:('0', '0', '0', '1'),c:('0', '0', '0', '-1') h1=1 m=2 psi=a:('-1', '0', '0', '0'),b:('-1', '0', '0', '0'),c:('-1', '0', '0', '0'): I(V) = 0   I(V^ss) = 0
==> s961 chi#18=a:('-1', '0', '0', '0'),b:('0', '0', '0', '1'),c:('0', '0', '0', '-1') h1=1 m=2 psi=a:('-1', '0', '0', '0'),b:('-1', '0', '0', '0'),c:('0', '0', '-1', '0'): I(V) = 0   I(V^ss) = 0
==> s961 chi#18=a:('-1', '0', '0', '0'),b:('0', '0', '0', '1'),c:('0', '0', '0', '-1') h1=1 m=2 psi=a:('-1', '0', '0', '0'),b:('-1', '0', '0', '0'),c:('1', '0', '-1', '0'): I(V) = 0   I(V^ss) = 0
==> s961 chi#18=a:('-1', '0', '0', '0'),b:('0', '0', '0', '1'),c:('0', '0', '0', '-1') h1=1 m=2 psi=chi^1: I(V) = 0   I(V^ss) = 0
==> s961 chi#18=a:('-1', '0', '0', '0'),b:('0', '0', '0', '1'),c:('0', '0', '0', '-1') h1=1 m=2 psi=chi^2: I(V) = 0   I(V^ss) = 0
==> s961 chi#18=a:('-1', '0', '0', '0'),b:('0', '0', '0', '1'),c:('0', '0', '0', '-1') h1=1 m=2 psi=chi^3: I(V) = 0   I(V^ss) = 0
==> s961 chi#18=a:('-1', '0', '0', '0'),b:('0', '0', '0', '1'),c:('0', '0', '0', '-1') h1=1 m=3 psi=a:('1', '0', '0', '0'),b:('1', '0', '0', '0'),c:('1', '0', '0', '0'): I(V) = 0   I(V^ss) = 0
==> s961 chi#18=a:('-1', '0', '0', '0'),b:('0', '0', '0', '1'),c:('0', '0', '0', '-1') h1=1 m=3 psi=a:('1', '0', '0', '0'),b:('1', '0', '0', '0'),c:('0', '0', '1', '0'): I(V) = 0   I(V^ss) = 0
==> s961 chi#18=a:('-1', '0', '0', '0'),b:('0', '0', '0', '1'),c:('0', '0', '0', '-1') h1=1 m=3 psi=a:('1', '0', '0', '0'),b:('1', '0', '0', '0'),c:('-1', '0', '1', '0'): I(V) = 0   I(V^ss) = 0
==> s961 chi#18=a:('-1', '0', '0', '0'),b:('0', '0', '0', '1'),c:('0', '0', '0', '-1') h1=1 m=3 psi=a:('1', '0', '0', '0'),b:('1', '0', '0', '0'),c:('-1', '0', '0', '0'): I(V) = 0   I(V^ss) = 0
==> s961 chi#18=a:('-1', '0', '0', '0'),b:('0', '0', '0', '1'),c:('0', '0', '0', '-1') h1=1 m=3 psi=a:('1', '0', '0', '0'),b:('1', '0', '0', '0'),c:('0', '0', '-1', '0'): I(V) = 0   I(V^ss) = 0
==> s961 chi#18=a:('-1', '0', '0', '0'),b:('0', '0', '0', '1'),c:('0', '0', '0', '-1') h1=1 m=3 psi=a:('1', '0', '0', '0'),b:('1', '0', '0', '0'),c:('1', '0', '-1', '0'): I(V) = 0   I(V^ss) = 0
==> s961 chi#18=a:('-1', '0', '0', '0'),b:('0', '0', '0', '1'),c:('0', '0', '0', '-1') h1=1 m=3 psi=a:('1', '0', '0', '0'),b:('-1', '0', '0', '0'),c:('1', '0', '0', '0'): I(V) = 0   I(V^ss) = 0
==> s961 chi#18=a:('-1', '0', '0', '0'),b:('0', '0', '0', '1'),c:('0', '0', '0', '-1') h1=1 m=3 psi=a:('1', '0', '0', '0'),b:('-1', '0', '0', '0'),c:('0', '0', '1', '0'): I(V) = 0   I(V^ss) = 0
==> s961 chi#18=a:('-1', '0', '0', '0'),b:('0', '0', '0', '1'),c:('0', '0', '0', '-1') h1=1 m=3 psi=a:('1', '0', '0', '0'),b:('-1', '0', '0', '0'),c:('-1', '0', '1', '0'): I(V) = 0   I(V^ss) = 0
==> s961 chi#18=a:('-1', '0', '0', '0'),b:('0', '0', '0', '1'),c:('0', '0', '0', '-1') h1=1 m=3 psi=a:('1', '0', '0', '0'),b:('-1', '0', '0', '0'),c:('-1', '0', '0', '0'): I(V) = 0   I(V^ss) = 0
==> s961 chi#18=a:('-1', '0', '0', '0'),b:('0', '0', '0', '1'),c:('0', '0', '0', '-1') h1=1 m=3 psi=a:('1', '0', '0', '0'),b:('-1', '0', '0', '0'),c:('0', '0', '-1', '0'): I(V) = 0   I(V^ss) = 0
==> s961 chi#18=a:('-1', '0', '0', '0'),b:('0', '0', '0', '1'),c:('0', '0', '0', '-1') h1=1 m=3 psi=a:('1', '0', '0', '0'),b:('-1', '0', '0', '0'),c:('1', '0', '-1', '0'): I(V) = 0   I(V^ss) = 0
==> s961 chi#18=a:('-1', '0', '0', '0'),b:('0', '0', '0', '1'),c:('0', '0', '0', '-1') h1=1 m=3 psi=a:('-1', '0', '0', '0'),b:('1', '0', '0', '0'),c:('1', '0', '0', '0'): I(V) = 0   I(V^ss) = 0
==> s961 chi#18=a:('-1', '0', '0', '0'),b:('0', '0', '0', '1'),c:('0', '0', '0', '-1') h1=1 m=3 psi=a:('-1', '0', '0', '0'),b:('1', '0', '0', '0'),c:('0', '0', '1', '0'): I(V) = 0   I(V^ss) = 0
==> s961 chi#18=a:('-1', '0', '0', '0'),b:('0', '0', '0', '1'),c:('0', '0', '0', '-1') h1=1 m=3 psi=a:('-1', '0', '0', '0'),b:('1', '0', '0', '0'),c:('-1', '0', '1', '0'): I(V) = 0   I(V^ss) = 0
==> s961 chi#18=a:('-1', '0', '0', '0'),b:('0', '0', '0', '1'),c:('0', '0', '0', '-1') h1=1 m=3 psi=a:('-1', '0', '0', '0'),b:('1', '0', '0', '0'),c:('-1', '0', '0', '0'): I(V) = 0   I(V^ss) = 0
==> s961 chi#18=a:('-1', '0', '0', '0'),b:('0', '0', '0', '1'),c:('0', '0', '0', '-1') h1=1 m=3 psi=a:('-1', '0', '0', '0'),b:('1', '0', '0', '0'),c:('0', '0', '-1', '0'): I(V) = 0   I(V^ss) = 0
==> s961 chi#18=a:('-1', '0', '0', '0'),b:('0', '0', '0', '1'),c:('0', '0', '0', '-1') h1=1 m=3 psi=a:('-1', '0', '0', '0'),b:('1', '0', '0', '0'),c:('1', '0', '-1', '0'): I(V) = 0   I(V^ss) = 0
==> s961 chi#18=a:('-1', '0', '0', '0'),b:('0', '0', '0', '1'),c:('0', '0', '0', '-1') h1=1 m=3 psi=a:('-1', '0', '0', '0'),b:('-1', '0', '0', '0'),c:('1', '0', '0', '0'): I(V) = 0   I(V^ss) = 0
==> s961 chi#18=a:('-1', '0', '0', '0'),b:('0', '0', '0', '1'),c:('0', '0', '0', '-1') h1=1 m=3 psi=a:('-1', '0', '0', '0'),b:('-1', '0', '0', '0'),c:('0', '0', '1', '0'): I(V) = 0   I(V^ss) = 0
==> s961 chi#18=a:('-1', '0', '0', '0'),b:('0', '0', '0', '1'),c:('0', '0', '0', '-1') h1=1 m=3 psi=a:('-1', '0', '0', '0'),b:('-1', '0', '0', '0'),c:('-1', '0', '1', '0'): I(V) = 0   I(V^ss) = 0
==> s961 chi#18=a:('-1', '0', '0', '0'),b:('0', '0', '0', '1'),c:('0', '0', '0', '-1') h1=1 m=3 psi=a:('-1', '0', '0', '0'),b:('-1', '0', '0', '0'),c:('-1', '0', '0', '0'): I(V) = 0   I(V^ss) = 0
==> s961 chi#18=a:('-1', '0', '0', '0'),b:('0', '0', '0', '1'),c:('0', '0', '0', '-1') h1=1 m=3 psi=a:('-1', '0', '0', '0'),b:('-1', '0', '0', '0'),c:('0', '0', '-1', '0'): I(V) = 0   I(V^ss) = 0
==> s961 chi#18=a:('-1', '0', '0', '0'),b:('0', '0', '0', '1'),c:('0', '0', '0', '-1') h1=1 m=3 psi=a:('-1', '0', '0', '0'),b:('-1', '0', '0', '0'),c:('1', '0', '-1', '0'): I(V) = 0   I(V^ss) = 0
==> s961 chi#18=a:('-1', '0', '0', '0'),b:('0', '0', '0', '1'),c:('0', '0', '0', '-1') h1=1 m=3 psi=chi^1: I(V) = 0   I(V^ss) = 0
==> s961 chi#18=a:('-1', '0', '0', '0'),b:('0', '0', '0', '1'),c:('0', '0', '0', '-1') h1=1 m=3 psi=chi^2: I(V) = 0   I(V^ss) = 0
==> s961 chi#18=a:('-1', '0', '0', '0'),b:('0', '0', '0', '1'),c:('0', '0', '0', '-1') h1=1 m=3 psi=chi^3: I(V) = 0   I(V^ss) = 0
  locus chi#19=a:('-1', '0', '0', '0'),b:('-1', '0', '0', '0'),c:('1', '0', '0', '0') h1=1
==> s961 chi#19=a:('-1', '0', '0', '0'),b:('-1', '0', '0', '0'),c:('1', '0', '0', '0') h1=1 m=1 psi=a:('1', '0', '0', '0'),b:('1', '0', '0', '0'),c:('1', '0', '0', '0'): I(V) = 0   I(V^ss) = 0
==> s961 chi#19=a:('-1', '0', '0', '0'),b:('-1', '0', '0', '0'),c:('1', '0', '0', '0') h1=1 m=1 psi=a:('1', '0', '0', '0'),b:('1', '0', '0', '0'),c:('0', '0', '1', '0'): I(V) = 0   I(V^ss) = 0
==> s961 chi#19=a:('-1', '0', '0', '0'),b:('-1', '0', '0', '0'),c:('1', '0', '0', '0') h1=1 m=1 psi=a:('1', '0', '0', '0'),b:('1', '0', '0', '0'),c:('-1', '0', '1', '0'): I(V) = 0   I(V^ss) = 0
==> s961 chi#19=a:('-1', '0', '0', '0'),b:('-1', '0', '0', '0'),c:('1', '0', '0', '0') h1=1 m=1 psi=a:('1', '0', '0', '0'),b:('1', '0', '0', '0'),c:('-1', '0', '0', '0'): I(V) = 0   I(V^ss) = 0
==> s961 chi#19=a:('-1', '0', '0', '0'),b:('-1', '0', '0', '0'),c:('1', '0', '0', '0') h1=1 m=1 psi=a:('1', '0', '0', '0'),b:('1', '0', '0', '0'),c:('0', '0', '-1', '0'): I(V) = 0   I(V^ss) = 0
==> s961 chi#19=a:('-1', '0', '0', '0'),b:('-1', '0', '0', '0'),c:('1', '0', '0', '0') h1=1 m=1 psi=a:('1', '0', '0', '0'),b:('1', '0', '0', '0'),c:('1', '0', '-1', '0'): I(V) = 0   I(V^ss) = 0
==> s961 chi#19=a:('-1', '0', '0', '0'),b:('-1', '0', '0', '0'),c:('1', '0', '0', '0') h1=1 m=1 psi=a:('1', '0', '0', '0'),b:('-1', '0', '0', '0'),c:('1', '0', '0', '0'): I(V) = 0   I(V^ss) = 0
==> s961 chi#19=a:('-1', '0', '0', '0'),b:('-1', '0', '0', '0'),c:('1', '0', '0', '0') h1=1 m=1 psi=a:('1', '0', '0', '0'),b:('-1', '0', '0', '0'),c:('0', '0', '1', '0'): I(V) = 0   I(V^ss) = 0
==> s961 chi#19=a:('-1', '0', '0', '0'),b:('-1', '0', '0', '0'),c:('1', '0', '0', '0') h1=1 m=1 psi=a:('1', '0', '0', '0'),b:('-1', '0', '0', '0'),c:('-1', '0', '1', '0'): I(V) = 0   I(V^ss) = 0
==> s961 chi#19=a:('-1', '0', '0', '0'),b:('-1', '0', '0', '0'),c:('1', '0', '0', '0') h1=1 m=1 psi=a:('1', '0', '0', '0'),b:('-1', '0', '0', '0'),c:('-1', '0', '0', '0'): I(V) = 0   I(V^ss) = 0
==> s961 chi#19=a:('-1', '0', '0', '0'),b:('-1', '0', '0', '0'),c:('1', '0', '0', '0') h1=1 m=1 psi=a:('1', '0', '0', '0'),b:('-1', '0', '0', '0'),c:('0', '0', '-1', '0'): I(V) = 0   I(V^ss) = 0
==> s961 chi#19=a:('-1', '0', '0', '0'),b:('-1', '0', '0', '0'),c:('1', '0', '0', '0') h1=1 m=1 psi=a:('1', '0', '0', '0'),b:('-1', '0', '0', '0'),c:('1', '0', '-1', '0'): I(V) = 0   I(V^ss) = 0
==> s961 chi#19=a:('-1', '0', '0', '0'),b:('-1', '0', '0', '0'),c:('1', '0', '0', '0') h1=1 m=1 psi=a:('-1', '0', '0', '0'),b:('1', '0', '0', '0'),c:('1', '0', '0', '0'): I(V) = 0   I(V^ss) = 0
==> s961 chi#19=a:('-1', '0', '0', '0'),b:('-1', '0', '0', '0'),c:('1', '0', '0', '0') h1=1 m=1 psi=a:('-1', '0', '0', '0'),b:('1', '0', '0', '0'),c:('0', '0', '1', '0'): I(V) = 0   I(V^ss) = 0
==> s961 chi#19=a:('-1', '0', '0', '0'),b:('-1', '0', '0', '0'),c:('1', '0', '0', '0') h1=1 m=1 psi=a:('-1', '0', '0', '0'),b:('1', '0', '0', '0'),c:('-1', '0', '1', '0'): I(V) = 0   I(V^ss) = 0
==> s961 chi#19=a:('-1', '0', '0', '0'),b:('-1', '0', '0', '0'),c:('1', '0', '0', '0') h1=1 m=1 psi=a:('-1', '0', '0', '0'),b:('1', '0', '0', '0'),c:('-1', '0', '0', '0'): I(V) = 0   I(V^ss) = 0
==> s961 chi#19=a:('-1', '0', '0', '0'),b:('-1', '0', '0', '0'),c:('1', '0', '0', '0') h1=1 m=1 psi=a:('-1', '0', '0', '0'),b:('1', '0', '0', '0'),c:('0', '0', '-1', '0'): I(V) = 0   I(V^ss) = 0
==> s961 chi#19=a:('-1', '0', '0', '0'),b:('-1', '0', '0', '0'),c:('1', '0', '0', '0') h1=1 m=1 psi=a:('-1', '0', '0', '0'),b:('1', '0', '0', '0'),c:('1', '0', '-1', '0'): I(V) = 0   I(V^ss) = 0
==> s961 chi#19=a:('-1', '0', '0', '0'),b:('-1', '0', '0', '0'),c:('1', '0', '0', '0') h1=1 m=1 psi=a:('-1', '0', '0', '0'),b:('-1', '0', '0', '0'),c:('1', '0', '0', '0'): I(V) = 0   I(V^ss) = 0
==> s961 chi#19=a:('-1', '0', '0', '0'),b:('-1', '0', '0', '0'),c:('1', '0', '0', '0') h1=1 m=1 psi=a:('-1', '0', '0', '0'),b:('-1', '0', '0', '0'),c:('0', '0', '1', '0'): I(V) = 0   I(V^ss) = 0
==> s961 chi#19=a:('-1', '0', '0', '0'),b:('-1', '0', '0', '0'),c:('1', '0', '0', '0') h1=1 m=1 psi=a:('-1', '0', '0', '0'),b:('-1', '0', '0', '0'),c:('-1', '0', '1', '0'): I(V) = 0   I(V^ss) = 0
==> s961 chi#19=a:('-1', '0', '0', '0'),b:('-1', '0', '0', '0'),c:('1', '0', '0', '0') h1=1 m=1 psi=a:('-1', '0', '0', '0'),b:('-1', '0', '0', '0'),c:('-1', '0', '0', '0'): I(V) = 0   I(V^ss) = 0
==> s961 chi#19=a:('-1', '0', '0', '0'),b:('-1', '0', '0', '0'),c:('1', '0', '0', '0') h1=1 m=1 psi=a:('-1', '0', '0', '0'),b:('-1', '0', '0', '0'),c:('0', '0', '-1', '0'): I(V) = 0   I(V^ss) = 0
==> s961 chi#19=a:('-1', '0', '0', '0'),b:('-1', '0', '0', '0'),c:('1', '0', '0', '0') h1=1 m=1 psi=a:('-1', '0', '0', '0'),b:('-1', '0', '0', '0'),c:('1', '0', '-1', '0'): I(V) = 0   I(V^ss) = 0
==> s961 chi#19=a:('-1', '0', '0', '0'),b:('-1', '0', '0', '0'),c:('1', '0', '0', '0') h1=1 m=1 psi=chi^1: I(V) = 0   I(V^ss) = 0
==> s961 chi#19=a:('-1', '0', '0', '0'),b:('-1', '0', '0', '0'),c:('1', '0', '0', '0') h1=1 m=1 psi=chi^2: I(V) = 0   I(V^ss) = 0
==> s961 chi#19=a:('-1', '0', '0', '0'),b:('-1', '0', '0', '0'),c:('1', '0', '0', '0') h1=1 m=1 psi=chi^3: I(V) = 0   I(V^ss) = 0
==> s961 chi#19=a:('-1', '0', '0', '0'),b:('-1', '0', '0', '0'),c:('1', '0', '0', '0') h1=1 m=2 psi=a:('1', '0', '0', '0'),b:('1', '0', '0', '0'),c:('1', '0', '0', '0'): I(V) = 0   I(V^ss) = 0
==> s961 chi#19=a:('-1', '0', '0', '0'),b:('-1', '0', '0', '0'),c:('1', '0', '0', '0') h1=1 m=2 psi=a:('1', '0', '0', '0'),b:('1', '0', '0', '0'),c:('0', '0', '1', '0'): I(V) = 0   I(V^ss) = 0
==> s961 chi#19=a:('-1', '0', '0', '0'),b:('-1', '0', '0', '0'),c:('1', '0', '0', '0') h1=1 m=2 psi=a:('1', '0', '0', '0'),b:('1', '0', '0', '0'),c:('-1', '0', '1', '0'): I(V) = 0   I(V^ss) = 0
==> s961 chi#19=a:('-1', '0', '0', '0'),b:('-1', '0', '0', '0'),c:('1', '0', '0', '0') h1=1 m=2 psi=a:('1', '0', '0', '0'),b:('1', '0', '0', '0'),c:('-1', '0', '0', '0'): I(V) = 0   I(V^ss) = 0
==> s961 chi#19=a:('-1', '0', '0', '0'),b:('-1', '0', '0', '0'),c:('1', '0', '0', '0') h1=1 m=2 psi=a:('1', '0', '0', '0'),b:('1', '0', '0', '0'),c:('0', '0', '-1', '0'): I(V) = 0   I(V^ss) = 0
==> s961 chi#19=a:('-1', '0', '0', '0'),b:('-1', '0', '0', '0'),c:('1', '0', '0', '0') h1=1 m=2 psi=a:('1', '0', '0', '0'),b:('1', '0', '0', '0'),c:('1', '0', '-1', '0'): I(V) = 0   I(V^ss) = 0
==> s961 chi#19=a:('-1', '0', '0', '0'),b:('-1', '0', '0', '0'),c:('1', '0', '0', '0') h1=1 m=2 psi=a:('1', '0', '0', '0'),b:('-1', '0', '0', '0'),c:('1', '0', '0', '0'): I(V) = 0   I(V^ss) = 0
==> s961 chi#19=a:('-1', '0', '0', '0'),b:('-1', '0', '0', '0'),c:('1', '0', '0', '0') h1=1 m=2 psi=a:('1', '0', '0', '0'),b:('-1', '0', '0', '0'),c:('0', '0', '1', '0'): I(V) = 0   I(V^ss) = 0
==> s961 chi#19=a:('-1', '0', '0', '0'),b:('-1', '0', '0', '0'),c:('1', '0', '0', '0') h1=1 m=2 psi=a:('1', '0', '0', '0'),b:('-1', '0', '0', '0'),c:('-1', '0', '1', '0'): I(V) = 0   I(V^ss) = 0
==> s961 chi#19=a:('-1', '0', '0', '0'),b:('-1', '0', '0', '0'),c:('1', '0', '0', '0') h1=1 m=2 psi=a:('1', '0', '0', '0'),b:('-1', '0', '0', '0'),c:('-1', '0', '0', '0'): I(V) = 0   I(V^ss) = 0
==> s961 chi#19=a:('-1', '0', '0', '0'),b:('-1', '0', '0', '0'),c:('1', '0', '0', '0') h1=1 m=2 psi=a:('1', '0', '0', '0'),b:('-1', '0', '0', '0'),c:('0', '0', '-1', '0'): I(V) = 0   I(V^ss) = 0
==> s961 chi#19=a:('-1', '0', '0', '0'),b:('-1', '0', '0', '0'),c:('1', '0', '0', '0') h1=1 m=2 psi=a:('1', '0', '0', '0'),b:('-1', '0', '0', '0'),c:('1', '0', '-1', '0'): I(V) = 0   I(V^ss) = 0
==> s961 chi#19=a:('-1', '0', '0', '0'),b:('-1', '0', '0', '0'),c:('1', '0', '0', '0') h1=1 m=2 psi=a:('-1', '0', '0', '0'),b:('1', '0', '0', '0'),c:('1', '0', '0', '0'): I(V) = 0   I(V^ss) = 0
==> s961 chi#19=a:('-1', '0', '0', '0'),b:('-1', '0', '0', '0'),c:('1', '0', '0', '0') h1=1 m=2 psi=a:('-1', '0', '0', '0'),b:('1', '0', '0', '0'),c:('0', '0', '1', '0'): I(V) = 0   I(V^ss) = 0
==> s961 chi#19=a:('-1', '0', '0', '0'),b:('-1', '0', '0', '0'),c:('1', '0', '0', '0') h1=1 m=2 psi=a:('-1', '0', '0', '0'),b:('1', '0', '0', '0'),c:('-1', '0', '1', '0'): I(V) = 0   I(V^ss) = 0
==> s961 chi#19=a:('-1', '0', '0', '0'),b:('-1', '0', '0', '0'),c:('1', '0', '0', '0') h1=1 m=2 psi=a:('-1', '0', '0', '0'),b:('1', '0', '0', '0'),c:('-1', '0', '0', '0'): I(V) = 0   I(V^ss) = 0
==> s961 chi#19=a:('-1', '0', '0', '0'),b:('-1', '0', '0', '0'),c:('1', '0', '0', '0') h1=1 m=2 psi=a:('-1', '0', '0', '0'),b:('1', '0', '0', '0'),c:('0', '0', '-1', '0'): I(V) = 0   I(V^ss) = 0
==> s961 chi#19=a:('-1', '0', '0', '0'),b:('-1', '0', '0', '0'),c:('1', '0', '0', '0') h1=1 m=2 psi=a:('-1', '0', '0', '0'),b:('1', '0', '0', '0'),c:('1', '0', '-1', '0'): I(V) = 0   I(V^ss) = 0
==> s961 chi#19=a:('-1', '0', '0', '0'),b:('-1', '0', '0', '0'),c:('1', '0', '0', '0') h1=1 m=2 psi=a:('-1', '0', '0', '0'),b:('-1', '0', '0', '0'),c:('1', '0', '0', '0'): I(V) = 0   I(V^ss) = 0
==> s961 chi#19=a:('-1', '0', '0', '0'),b:('-1', '0', '0', '0'),c:('1', '0', '0', '0') h1=1 m=2 psi=a:('-1', '0', '0', '0'),b:('-1', '0', '0', '0'),c:('0', '0', '1', '0'): I(V) = 0   I(V^ss) = 0
==> s961 chi#19=a:('-1', '0', '0', '0'),b:('-1', '0', '0', '0'),c:('1', '0', '0', '0') h1=1 m=2 psi=a:('-1', '0', '0', '0'),b:('-1', '0', '0', '0'),c:('-1', '0', '1', '0'): I(V) = 0   I(V^ss) = 0
==> s961 chi#19=a:('-1', '0', '0', '0'),b:('-1', '0', '0', '0'),c:('1', '0', '0', '0') h1=1 m=2 psi=a:('-1', '0', '0', '0'),b:('-1', '0', '0', '0'),c:('-1', '0', '0', '0'): I(V) = 0   I(V^ss) = 0
==> s961 chi#19=a:('-1', '0', '0', '0'),b:('-1', '0', '0', '0'),c:('1', '0', '0', '0') h1=1 m=2 psi=a:('-1', '0', '0', '0'),b:('-1', '0', '0', '0'),c:('0', '0', '-1', '0'): I(V) = 0   I(V^ss) = 0
==> s961 chi#19=a:('-1', '0', '0', '0'),b:('-1', '0', '0', '0'),c:('1', '0', '0', '0') h1=1 m=2 psi=a:('-1', '0', '0', '0'),b:('-1', '0', '0', '0'),c:('1', '0', '-1', '0'): I(V) = 0   I(V^ss) = 0
==> s961 chi#19=a:('-1', '0', '0', '0'),b:('-1', '0', '0', '0'),c:('1', '0', '0', '0') h1=1 m=2 psi=chi^1: I(V) = 0   I(V^ss) = 0
==> s961 chi#19=a:('-1', '0', '0', '0'),b:('-1', '0', '0', '0'),c:('1', '0', '0', '0') h1=1 m=2 psi=chi^2: I(V) = 0   I(V^ss) = 0
==> s961 chi#19=a:('-1', '0', '0', '0'),b:('-1', '0', '0', '0'),c:('1', '0', '0', '0') h1=1 m=2 psi=chi^3: I(V) = 0   I(V^ss) = 0
==> s961 chi#19=a:('-1', '0', '0', '0'),b:('-1', '0', '0', '0'),c:('1', '0', '0', '0') h1=1 m=3 psi=a:('1', '0', '0', '0'),b:('1', '0', '0', '0'),c:('1', '0', '0', '0'): I(V) = 0   I(V^ss) = 0
==> s961 chi#19=a:('-1', '0', '0', '0'),b:('-1', '0', '0', '0'),c:('1', '0', '0', '0') h1=1 m=3 psi=a:('1', '0', '0', '0'),b:('1', '0', '0', '0'),c:('0', '0', '1', '0'): I(V) = 0   I(V^ss) = 0
==> s961 chi#19=a:('-1', '0', '0', '0'),b:('-1', '0', '0', '0'),c:('1', '0', '0', '0') h1=1 m=3 psi=a:('1', '0', '0', '0'),b:('1', '0', '0', '0'),c:('-1', '0', '1', '0'): I(V) = 0   I(V^ss) = 0
==> s961 chi#19=a:('-1', '0', '0', '0'),b:('-1', '0', '0', '0'),c:('1', '0', '0', '0') h1=1 m=3 psi=a:('1', '0', '0', '0'),b:('1', '0', '0', '0'),c:('-1', '0', '0', '0'): I(V) = 0   I(V^ss) = 0
==> s961 chi#19=a:('-1', '0', '0', '0'),b:('-1', '0', '0', '0'),c:('1', '0', '0', '0') h1=1 m=3 psi=a:('1', '0', '0', '0'),b:('1', '0', '0', '0'),c:('0', '0', '-1', '0'): I(V) = 0   I(V^ss) = 0
==> s961 chi#19=a:('-1', '0', '0', '0'),b:('-1', '0', '0', '0'),c:('1', '0', '0', '0') h1=1 m=3 psi=a:('1', '0', '0', '0'),b:('1', '0', '0', '0'),c:('1', '0', '-1', '0'): I(V) = 0   I(V^ss) = 0
==> s961 chi#19=a:('-1', '0', '0', '0'),b:('-1', '0', '0', '0'),c:('1', '0', '0', '0') h1=1 m=3 psi=a:('1', '0', '0', '0'),b:('-1', '0', '0', '0'),c:('1', '0', '0', '0'): I(V) = 0   I(V^ss) = 0
==> s961 chi#19=a:('-1', '0', '0', '0'),b:('-1', '0', '0', '0'),c:('1', '0', '0', '0') h1=1 m=3 psi=a:('1', '0', '0', '0'),b:('-1', '0', '0', '0'),c:('0', '0', '1', '0'): I(V) = 0   I(V^ss) = 0
==> s961 chi#19=a:('-1', '0', '0', '0'),b:('-1', '0', '0', '0'),c:('1', '0', '0', '0') h1=1 m=3 psi=a:('1', '0', '0', '0'),b:('-1', '0', '0', '0'),c:('-1', '0', '1', '0'): I(V) = 0   I(V^ss) = 0
==> s961 chi#19=a:('-1', '0', '0', '0'),b:('-1', '0', '0', '0'),c:('1', '0', '0', '0') h1=1 m=3 psi=a:('1', '0', '0', '0'),b:('-1', '0', '0', '0'),c:('-1', '0', '0', '0'): I(V) = 0   I(V^ss) = 0
==> s961 chi#19=a:('-1', '0', '0', '0'),b:('-1', '0', '0', '0'),c:('1', '0', '0', '0') h1=1 m=3 psi=a:('1', '0', '0', '0'),b:('-1', '0', '0', '0'),c:('0', '0', '-1', '0'): I(V) = 0   I(V^ss) = 0
==> s961 chi#19=a:('-1', '0', '0', '0'),b:('-1', '0', '0', '0'),c:('1', '0', '0', '0') h1=1 m=3 psi=a:('1', '0', '0', '0'),b:('-1', '0', '0', '0'),c:('1', '0', '-1', '0'): I(V) = 0   I(V^ss) = 0
==> s961 chi#19=a:('-1', '0', '0', '0'),b:('-1', '0', '0', '0'),c:('1', '0', '0', '0') h1=1 m=3 psi=a:('-1', '0', '0', '0'),b:('1', '0', '0', '0'),c:('1', '0', '0', '0'): I(V) = 0   I(V^ss) = 0
==> s961 chi#19=a:('-1', '0', '0', '0'),b:('-1', '0', '0', '0'),c:('1', '0', '0', '0') h1=1 m=3 psi=a:('-1', '0', '0', '0'),b:('1', '0', '0', '0'),c:('0', '0', '1', '0'): I(V) = 0   I(V^ss) = 0
==> s961 chi#19=a:('-1', '0', '0', '0'),b:('-1', '0', '0', '0'),c:('1', '0', '0', '0') h1=1 m=3 psi=a:('-1', '0', '0', '0'),b:('1', '0', '0', '0'),c:('-1', '0', '1', '0'): I(V) = 0   I(V^ss) = 0
==> s961 chi#19=a:('-1', '0', '0', '0'),b:('-1', '0', '0', '0'),c:('1', '0', '0', '0') h1=1 m=3 psi=a:('-1', '0', '0', '0'),b:('1', '0', '0', '0'),c:('-1', '0', '0', '0'): I(V) = 0   I(V^ss) = 0
==> s961 chi#19=a:('-1', '0', '0', '0'),b:('-1', '0', '0', '0'),c:('1', '0', '0', '0') h1=1 m=3 psi=a:('-1', '0', '0', '0'),b:('1', '0', '0', '0'),c:('0', '0', '-1', '0'): I(V) = 0   I(V^ss) = 0
==> s961 chi#19=a:('-1', '0', '0', '0'),b:('-1', '0', '0', '0'),c:('1', '0', '0', '0') h1=1 m=3 psi=a:('-1', '0', '0', '0'),b:('1', '0', '0', '0'),c:('1', '0', '-1', '0'): I(V) = 0   I(V^ss) = 0
==> s961 chi#19=a:('-1', '0', '0', '0'),b:('-1', '0', '0', '0'),c:('1', '0', '0', '0') h1=1 m=3 psi=a:('-1', '0', '0', '0'),b:('-1', '0', '0', '0'),c:('1', '0', '0', '0'): I(V) = 0   I(V^ss) = 0
==> s961 chi#19=a:('-1', '0', '0', '0'),b:('-1', '0', '0', '0'),c:('1', '0', '0', '0') h1=1 m=3 psi=a:('-1', '0', '0', '0'),b:('-1', '0', '0', '0'),c:('0', '0', '1', '0'): I(V) = 0   I(V^ss) = 0
==> s961 chi#19=a:('-1', '0', '0', '0'),b:('-1', '0', '0', '0'),c:('1', '0', '0', '0') h1=1 m=3 psi=a:('-1', '0', '0', '0'),b:('-1', '0', '0', '0'),c:('-1', '0', '1', '0'): I(V) = 0   I(V^ss) = 0
==> s961 chi#19=a:('-1', '0', '0', '0'),b:('-1', '0', '0', '0'),c:('1', '0', '0', '0') h1=1 m=3 psi=a:('-1', '0', '0', '0'),b:('-1', '0', '0', '0'),c:('-1', '0', '0', '0'): I(V) = 0   I(V^ss) = 0
==> s961 chi#19=a:('-1', '0', '0', '0'),b:('-1', '0', '0', '0'),c:('1', '0', '0', '0') h1=1 m=3 psi=a:('-1', '0', '0', '0'),b:('-1', '0', '0', '0'),c:('0', '0', '-1', '0'): I(V) = 0   I(V^ss) = 0
==> s961 chi#19=a:('-1', '0', '0', '0'),b:('-1', '0', '0', '0'),c:('1', '0', '0', '0') h1=1 m=3 psi=a:('-1', '0', '0', '0'),b:('-1', '0', '0', '0'),c:('1', '0', '-1', '0'): I(V) = 0   I(V^ss) = 0
==> s961 chi#19=a:('-1', '0', '0', '0'),b:('-1', '0', '0', '0'),c:('1', '0', '0', '0') h1=1 m=3 psi=chi^1: I(V) = 0   I(V^ss) = 0
==> s961 chi#19=a:('-1', '0', '0', '0'),b:('-1', '0', '0', '0'),c:('1', '0', '0', '0') h1=1 m=3 psi=chi^2: I(V) = 0   I(V^ss) = 0
==> s961 chi#19=a:('-1', '0', '0', '0'),b:('-1', '0', '0', '0'),c:('1', '0', '0', '0') h1=1 m=3 psi=chi^3: I(V) = 0   I(V^ss) = 0
  locus chi#20=a:('-1', '0', '0', '0'),b:('-1', '0', '0', '0'),c:('-1', '0', '0', '0') h1=1
==> s961 chi#20=a:('-1', '0', '0', '0'),b:('-1', '0', '0', '0'),c:('-1', '0', '0', '0') h1=1 m=1 psi=a:('1', '0', '0', '0'),b:('1', '0', '0', '0'),c:('1', '0', '0', '0'): I(V) = 0   I(V^ss) = 0
==> s961 chi#20=a:('-1', '0', '0', '0'),b:('-1', '0', '0', '0'),c:('-1', '0', '0', '0') h1=1 m=1 psi=a:('1', '0', '0', '0'),b:('1', '0', '0', '0'),c:('0', '0', '1', '0'): I(V) = 0   I(V^ss) = 0
==> s961 chi#20=a:('-1', '0', '0', '0'),b:('-1', '0', '0', '0'),c:('-1', '0', '0', '0') h1=1 m=1 psi=a:('1', '0', '0', '0'),b:('1', '0', '0', '0'),c:('-1', '0', '1', '0'): I(V) = 0   I(V^ss) = 0
==> s961 chi#20=a:('-1', '0', '0', '0'),b:('-1', '0', '0', '0'),c:('-1', '0', '0', '0') h1=1 m=1 psi=a:('1', '0', '0', '0'),b:('1', '0', '0', '0'),c:('-1', '0', '0', '0'): I(V) = 0   I(V^ss) = 0
==> s961 chi#20=a:('-1', '0', '0', '0'),b:('-1', '0', '0', '0'),c:('-1', '0', '0', '0') h1=1 m=1 psi=a:('1', '0', '0', '0'),b:('1', '0', '0', '0'),c:('0', '0', '-1', '0'): I(V) = 0   I(V^ss) = 0
==> s961 chi#20=a:('-1', '0', '0', '0'),b:('-1', '0', '0', '0'),c:('-1', '0', '0', '0') h1=1 m=1 psi=a:('1', '0', '0', '0'),b:('1', '0', '0', '0'),c:('1', '0', '-1', '0'): I(V) = 0   I(V^ss) = 0
==> s961 chi#20=a:('-1', '0', '0', '0'),b:('-1', '0', '0', '0'),c:('-1', '0', '0', '0') h1=1 m=1 psi=a:('1', '0', '0', '0'),b:('-1', '0', '0', '0'),c:('1', '0', '0', '0'): I(V) = 0   I(V^ss) = 0
==> s961 chi#20=a:('-1', '0', '0', '0'),b:('-1', '0', '0', '0'),c:('-1', '0', '0', '0') h1=1 m=1 psi=a:('1', '0', '0', '0'),b:('-1', '0', '0', '0'),c:('0', '0', '1', '0'): I(V) = 0   I(V^ss) = 0
==> s961 chi#20=a:('-1', '0', '0', '0'),b:('-1', '0', '0', '0'),c:('-1', '0', '0', '0') h1=1 m=1 psi=a:('1', '0', '0', '0'),b:('-1', '0', '0', '0'),c:('-1', '0', '1', '0'): I(V) = 0   I(V^ss) = 0
==> s961 chi#20=a:('-1', '0', '0', '0'),b:('-1', '0', '0', '0'),c:('-1', '0', '0', '0') h1=1 m=1 psi=a:('1', '0', '0', '0'),b:('-1', '0', '0', '0'),c:('-1', '0', '0', '0'): I(V) = 0   I(V^ss) = 0
==> s961 chi#20=a:('-1', '0', '0', '0'),b:('-1', '0', '0', '0'),c:('-1', '0', '0', '0') h1=1 m=1 psi=a:('1', '0', '0', '0'),b:('-1', '0', '0', '0'),c:('0', '0', '-1', '0'): I(V) = 0   I(V^ss) = 0
==> s961 chi#20=a:('-1', '0', '0', '0'),b:('-1', '0', '0', '0'),c:('-1', '0', '0', '0') h1=1 m=1 psi=a:('1', '0', '0', '0'),b:('-1', '0', '0', '0'),c:('1', '0', '-1', '0'): I(V) = 0   I(V^ss) = 0
==> s961 chi#20=a:('-1', '0', '0', '0'),b:('-1', '0', '0', '0'),c:('-1', '0', '0', '0') h1=1 m=1 psi=a:('-1', '0', '0', '0'),b:('1', '0', '0', '0'),c:('1', '0', '0', '0'): I(V) = 0   I(V^ss) = 0
==> s961 chi#20=a:('-1', '0', '0', '0'),b:('-1', '0', '0', '0'),c:('-1', '0', '0', '0') h1=1 m=1 psi=a:('-1', '0', '0', '0'),b:('1', '0', '0', '0'),c:('0', '0', '1', '0'): I(V) = 0   I(V^ss) = 0
==> s961 chi#20=a:('-1', '0', '0', '0'),b:('-1', '0', '0', '0'),c:('-1', '0', '0', '0') h1=1 m=1 psi=a:('-1', '0', '0', '0'),b:('1', '0', '0', '0'),c:('-1', '0', '1', '0'): I(V) = 0   I(V^ss) = 0
==> s961 chi#20=a:('-1', '0', '0', '0'),b:('-1', '0', '0', '0'),c:('-1', '0', '0', '0') h1=1 m=1 psi=a:('-1', '0', '0', '0'),b:('1', '0', '0', '0'),c:('-1', '0', '0', '0'): I(V) = 0   I(V^ss) = 0
==> s961 chi#20=a:('-1', '0', '0', '0'),b:('-1', '0', '0', '0'),c:('-1', '0', '0', '0') h1=1 m=1 psi=a:('-1', '0', '0', '0'),b:('1', '0', '0', '0'),c:('0', '0', '-1', '0'): I(V) = 0   I(V^ss) = 0
==> s961 chi#20=a:('-1', '0', '0', '0'),b:('-1', '0', '0', '0'),c:('-1', '0', '0', '0') h1=1 m=1 psi=a:('-1', '0', '0', '0'),b:('1', '0', '0', '0'),c:('1', '0', '-1', '0'): I(V) = 0   I(V^ss) = 0
==> s961 chi#20=a:('-1', '0', '0', '0'),b:('-1', '0', '0', '0'),c:('-1', '0', '0', '0') h1=1 m=1 psi=a:('-1', '0', '0', '0'),b:('-1', '0', '0', '0'),c:('1', '0', '0', '0'): I(V) = 0   I(V^ss) = 0
==> s961 chi#20=a:('-1', '0', '0', '0'),b:('-1', '0', '0', '0'),c:('-1', '0', '0', '0') h1=1 m=1 psi=a:('-1', '0', '0', '0'),b:('-1', '0', '0', '0'),c:('0', '0', '1', '0'): I(V) = 0   I(V^ss) = 0
==> s961 chi#20=a:('-1', '0', '0', '0'),b:('-1', '0', '0', '0'),c:('-1', '0', '0', '0') h1=1 m=1 psi=a:('-1', '0', '0', '0'),b:('-1', '0', '0', '0'),c:('-1', '0', '1', '0'): I(V) = 0   I(V^ss) = 0
==> s961 chi#20=a:('-1', '0', '0', '0'),b:('-1', '0', '0', '0'),c:('-1', '0', '0', '0') h1=1 m=1 psi=a:('-1', '0', '0', '0'),b:('-1', '0', '0', '0'),c:('-1', '0', '0', '0'): I(V) = 0   I(V^ss) = 0
==> s961 chi#20=a:('-1', '0', '0', '0'),b:('-1', '0', '0', '0'),c:('-1', '0', '0', '0') h1=1 m=1 psi=a:('-1', '0', '0', '0'),b:('-1', '0', '0', '0'),c:('0', '0', '-1', '0'): I(V) = 0   I(V^ss) = 0
==> s961 chi#20=a:('-1', '0', '0', '0'),b:('-1', '0', '0', '0'),c:('-1', '0', '0', '0') h1=1 m=1 psi=a:('-1', '0', '0', '0'),b:('-1', '0', '0', '0'),c:('1', '0', '-1', '0'): I(V) = 0   I(V^ss) = 0
==> s961 chi#20=a:('-1', '0', '0', '0'),b:('-1', '0', '0', '0'),c:('-1', '0', '0', '0') h1=1 m=1 psi=chi^1: I(V) = 0   I(V^ss) = 0
==> s961 chi#20=a:('-1', '0', '0', '0'),b:('-1', '0', '0', '0'),c:('-1', '0', '0', '0') h1=1 m=1 psi=chi^2: I(V) = 0   I(V^ss) = 0
==> s961 chi#20=a:('-1', '0', '0', '0'),b:('-1', '0', '0', '0'),c:('-1', '0', '0', '0') h1=1 m=1 psi=chi^3: I(V) = 0   I(V^ss) = 0
==> s961 chi#20=a:('-1', '0', '0', '0'),b:('-1', '0', '0', '0'),c:('-1', '0', '0', '0') h1=1 m=2 psi=a:('1', '0', '0', '0'),b:('1', '0', '0', '0'),c:('1', '0', '0', '0'): I(V) = 0   I(V^ss) = 0
==> s961 chi#20=a:('-1', '0', '0', '0'),b:('-1', '0', '0', '0'),c:('-1', '0', '0', '0') h1=1 m=2 psi=a:('1', '0', '0', '0'),b:('1', '0', '0', '0'),c:('0', '0', '1', '0'): I(V) = 0   I(V^ss) = 0
==> s961 chi#20=a:('-1', '0', '0', '0'),b:('-1', '0', '0', '0'),c:('-1', '0', '0', '0') h1=1 m=2 psi=a:('1', '0', '0', '0'),b:('1', '0', '0', '0'),c:('-1', '0', '1', '0'): I(V) = 0   I(V^ss) = 0
==> s961 chi#20=a:('-1', '0', '0', '0'),b:('-1', '0', '0', '0'),c:('-1', '0', '0', '0') h1=1 m=2 psi=a:('1', '0', '0', '0'),b:('1', '0', '0', '0'),c:('-1', '0', '0', '0'): I(V) = 0   I(V^ss) = 0
==> s961 chi#20=a:('-1', '0', '0', '0'),b:('-1', '0', '0', '0'),c:('-1', '0', '0', '0') h1=1 m=2 psi=a:('1', '0', '0', '0'),b:('1', '0', '0', '0'),c:('0', '0', '-1', '0'): I(V) = 0   I(V^ss) = 0
==> s961 chi#20=a:('-1', '0', '0', '0'),b:('-1', '0', '0', '0'),c:('-1', '0', '0', '0') h1=1 m=2 psi=a:('1', '0', '0', '0'),b:('1', '0', '0', '0'),c:('1', '0', '-1', '0'): I(V) = 0   I(V^ss) = 0
==> s961 chi#20=a:('-1', '0', '0', '0'),b:('-1', '0', '0', '0'),c:('-1', '0', '0', '0') h1=1 m=2 psi=a:('1', '0', '0', '0'),b:('-1', '0', '0', '0'),c:('1', '0', '0', '0'): I(V) = 0   I(V^ss) = 0
==> s961 chi#20=a:('-1', '0', '0', '0'),b:('-1', '0', '0', '0'),c:('-1', '0', '0', '0') h1=1 m=2 psi=a:('1', '0', '0', '0'),b:('-1', '0', '0', '0'),c:('0', '0', '1', '0'): I(V) = 0   I(V^ss) = 0
==> s961 chi#20=a:('-1', '0', '0', '0'),b:('-1', '0', '0', '0'),c:('-1', '0', '0', '0') h1=1 m=2 psi=a:('1', '0', '0', '0'),b:('-1', '0', '0', '0'),c:('-1', '0', '1', '0'): I(V) = 0   I(V^ss) = 0
==> s961 chi#20=a:('-1', '0', '0', '0'),b:('-1', '0', '0', '0'),c:('-1', '0', '0', '0') h1=1 m=2 psi=a:('1', '0', '0', '0'),b:('-1', '0', '0', '0'),c:('-1', '0', '0', '0'): I(V) = 0   I(V^ss) = 0
==> s961 chi#20=a:('-1', '0', '0', '0'),b:('-1', '0', '0', '0'),c:('-1', '0', '0', '0') h1=1 m=2 psi=a:('1', '0', '0', '0'),b:('-1', '0', '0', '0'),c:('0', '0', '-1', '0'): I(V) = 0   I(V^ss) = 0
==> s961 chi#20=a:('-1', '0', '0', '0'),b:('-1', '0', '0', '0'),c:('-1', '0', '0', '0') h1=1 m=2 psi=a:('1', '0', '0', '0'),b:('-1', '0', '0', '0'),c:('1', '0', '-1', '0'): I(V) = 0   I(V^ss) = 0
==> s961 chi#20=a:('-1', '0', '0', '0'),b:('-1', '0', '0', '0'),c:('-1', '0', '0', '0') h1=1 m=2 psi=a:('-1', '0', '0', '0'),b:('1', '0', '0', '0'),c:('1', '0', '0', '0'): I(V) = 0   I(V^ss) = 0
==> s961 chi#20=a:('-1', '0', '0', '0'),b:('-1', '0', '0', '0'),c:('-1', '0', '0', '0') h1=1 m=2 psi=a:('-1', '0', '0', '0'),b:('1', '0', '0', '0'),c:('0', '0', '1', '0'): I(V) = 0   I(V^ss) = 0
==> s961 chi#20=a:('-1', '0', '0', '0'),b:('-1', '0', '0', '0'),c:('-1', '0', '0', '0') h1=1 m=2 psi=a:('-1', '0', '0', '0'),b:('1', '0', '0', '0'),c:('-1', '0', '1', '0'): I(V) = 0   I(V^ss) = 0
==> s961 chi#20=a:('-1', '0', '0', '0'),b:('-1', '0', '0', '0'),c:('-1', '0', '0', '0') h1=1 m=2 psi=a:('-1', '0', '0', '0'),b:('1', '0', '0', '0'),c:('-1', '0', '0', '0'): I(V) = 0   I(V^ss) = 0
==> s961 chi#20=a:('-1', '0', '0', '0'),b:('-1', '0', '0', '0'),c:('-1', '0', '0', '0') h1=1 m=2 psi=a:('-1', '0', '0', '0'),b:('1', '0', '0', '0'),c:('0', '0', '-1', '0'): I(V) = 0   I(V^ss) = 0
==> s961 chi#20=a:('-1', '0', '0', '0'),b:('-1', '0', '0', '0'),c:('-1', '0', '0', '0') h1=1 m=2 psi=a:('-1', '0', '0', '0'),b:('1', '0', '0', '0'),c:('1', '0', '-1', '0'): I(V) = 0   I(V^ss) = 0
==> s961 chi#20=a:('-1', '0', '0', '0'),b:('-1', '0', '0', '0'),c:('-1', '0', '0', '0') h1=1 m=2 psi=a:('-1', '0', '0', '0'),b:('-1', '0', '0', '0'),c:('1', '0', '0', '0'): I(V) = 0   I(V^ss) = 0
==> s961 chi#20=a:('-1', '0', '0', '0'),b:('-1', '0', '0', '0'),c:('-1', '0', '0', '0') h1=1 m=2 psi=a:('-1', '0', '0', '0'),b:('-1', '0', '0', '0'),c:('0', '0', '1', '0'): I(V) = 0   I(V^ss) = 0
==> s961 chi#20=a:('-1', '0', '0', '0'),b:('-1', '0', '0', '0'),c:('-1', '0', '0', '0') h1=1 m=2 psi=a:('-1', '0', '0', '0'),b:('-1', '0', '0', '0'),c:('-1', '0', '1', '0'): I(V) = 0   I(V^ss) = 0
==> s961 chi#20=a:('-1', '0', '0', '0'),b:('-1', '0', '0', '0'),c:('-1', '0', '0', '0') h1=1 m=2 psi=a:('-1', '0', '0', '0'),b:('-1', '0', '0', '0'),c:('-1', '0', '0', '0'): I(V) = 0   I(V^ss) = 0
==> s961 chi#20=a:('-1', '0', '0', '0'),b:('-1', '0', '0', '0'),c:('-1', '0', '0', '0') h1=1 m=2 psi=a:('-1', '0', '0', '0'),b:('-1', '0', '0', '0'),c:('0', '0', '-1', '0'): I(V) = 0   I(V^ss) = 0
==> s961 chi#20=a:('-1', '0', '0', '0'),b:('-1', '0', '0', '0'),c:('-1', '0', '0', '0') h1=1 m=2 psi=a:('-1', '0', '0', '0'),b:('-1', '0', '0', '0'),c:('1', '0', '-1', '0'): I(V) = 0   I(V^ss) = 0
==> s961 chi#20=a:('-1', '0', '0', '0'),b:('-1', '0', '0', '0'),c:('-1', '0', '0', '0') h1=1 m=2 psi=chi^1: I(V) = 0   I(V^ss) = 0
==> s961 chi#20=a:('-1', '0', '0', '0'),b:('-1', '0', '0', '0'),c:('-1', '0', '0', '0') h1=1 m=2 psi=chi^2: I(V) = 0   I(V^ss) = 0
==> s961 chi#20=a:('-1', '0', '0', '0'),b:('-1', '0', '0', '0'),c:('-1', '0', '0', '0') h1=1 m=2 psi=chi^3: I(V) = 0   I(V^ss) = 0
==> s961 chi#20=a:('-1', '0', '0', '0'),b:('-1', '0', '0', '0'),c:('-1', '0', '0', '0') h1=1 m=3 psi=a:('1', '0', '0', '0'),b:('1', '0', '0', '0'),c:('1', '0', '0', '0'): I(V) = 0   I(V^ss) = 0
==> s961 chi#20=a:('-1', '0', '0', '0'),b:('-1', '0', '0', '0'),c:('-1', '0', '0', '0') h1=1 m=3 psi=a:('1', '0', '0', '0'),b:('1', '0', '0', '0'),c:('0', '0', '1', '0'): I(V) = 0   I(V^ss) = 0
==> s961 chi#20=a:('-1', '0', '0', '0'),b:('-1', '0', '0', '0'),c:('-1', '0', '0', '0') h1=1 m=3 psi=a:('1', '0', '0', '0'),b:('1', '0', '0', '0'),c:('-1', '0', '1', '0'): I(V) = 0   I(V^ss) = 0
==> s961 chi#20=a:('-1', '0', '0', '0'),b:('-1', '0', '0', '0'),c:('-1', '0', '0', '0') h1=1 m=3 psi=a:('1', '0', '0', '0'),b:('1', '0', '0', '0'),c:('-1', '0', '0', '0'): I(V) = 0   I(V^ss) = 0
==> s961 chi#20=a:('-1', '0', '0', '0'),b:('-1', '0', '0', '0'),c:('-1', '0', '0', '0') h1=1 m=3 psi=a:('1', '0', '0', '0'),b:('1', '0', '0', '0'),c:('0', '0', '-1', '0'): I(V) = 0   I(V^ss) = 0
==> s961 chi#20=a:('-1', '0', '0', '0'),b:('-1', '0', '0', '0'),c:('-1', '0', '0', '0') h1=1 m=3 psi=a:('1', '0', '0', '0'),b:('1', '0', '0', '0'),c:('1', '0', '-1', '0'): I(V) = 0   I(V^ss) = 0
==> s961 chi#20=a:('-1', '0', '0', '0'),b:('-1', '0', '0', '0'),c:('-1', '0', '0', '0') h1=1 m=3 psi=a:('1', '0', '0', '0'),b:('-1', '0', '0', '0'),c:('1', '0', '0', '0'): I(V) = 0   I(V^ss) = 0
==> s961 chi#20=a:('-1', '0', '0', '0'),b:('-1', '0', '0', '0'),c:('-1', '0', '0', '0') h1=1 m=3 psi=a:('1', '0', '0', '0'),b:('-1', '0', '0', '0'),c:('0', '0', '1', '0'): I(V) = 0   I(V^ss) = 0
==> s961 chi#20=a:('-1', '0', '0', '0'),b:('-1', '0', '0', '0'),c:('-1', '0', '0', '0') h1=1 m=3 psi=a:('1', '0', '0', '0'),b:('-1', '0', '0', '0'),c:('-1', '0', '1', '0'): I(V) = 0   I(V^ss) = 0
==> s961 chi#20=a:('-1', '0', '0', '0'),b:('-1', '0', '0', '0'),c:('-1', '0', '0', '0') h1=1 m=3 psi=a:('1', '0', '0', '0'),b:('-1', '0', '0', '0'),c:('-1', '0', '0', '0'): I(V) = 0   I(V^ss) = 0
==> s961 chi#20=a:('-1', '0', '0', '0'),b:('-1', '0', '0', '0'),c:('-1', '0', '0', '0') h1=1 m=3 psi=a:('1', '0', '0', '0'),b:('-1', '0', '0', '0'),c:('0', '0', '-1', '0'): I(V) = 0   I(V^ss) = 0
==> s961 chi#20=a:('-1', '0', '0', '0'),b:('-1', '0', '0', '0'),c:('-1', '0', '0', '0') h1=1 m=3 psi=a:('1', '0', '0', '0'),b:('-1', '0', '0', '0'),c:('1', '0', '-1', '0'): I(V) = 0   I(V^ss) = 0
==> s961 chi#20=a:('-1', '0', '0', '0'),b:('-1', '0', '0', '0'),c:('-1', '0', '0', '0') h1=1 m=3 psi=a:('-1', '0', '0', '0'),b:('1', '0', '0', '0'),c:('1', '0', '0', '0'): I(V) = 0   I(V^ss) = 0
==> s961 chi#20=a:('-1', '0', '0', '0'),b:('-1', '0', '0', '0'),c:('-1', '0', '0', '0') h1=1 m=3 psi=a:('-1', '0', '0', '0'),b:('1', '0', '0', '0'),c:('0', '0', '1', '0'): I(V) = 0   I(V^ss) = 0
==> s961 chi#20=a:('-1', '0', '0', '0'),b:('-1', '0', '0', '0'),c:('-1', '0', '0', '0') h1=1 m=3 psi=a:('-1', '0', '0', '0'),b:('1', '0', '0', '0'),c:('-1', '0', '1', '0'): I(V) = 0   I(V^ss) = 0
==> s961 chi#20=a:('-1', '0', '0', '0'),b:('-1', '0', '0', '0'),c:('-1', '0', '0', '0') h1=1 m=3 psi=a:('-1', '0', '0', '0'),b:('1', '0', '0', '0'),c:('-1', '0', '0', '0'): I(V) = 0   I(V^ss) = 0
==> s961 chi#20=a:('-1', '0', '0', '0'),b:('-1', '0', '0', '0'),c:('-1', '0', '0', '0') h1=1 m=3 psi=a:('-1', '0', '0', '0'),b:('1', '0', '0', '0'),c:('0', '0', '-1', '0'): I(V) = 0   I(V^ss) = 0
==> s961 chi#20=a:('-1', '0', '0', '0'),b:('-1', '0', '0', '0'),c:('-1', '0', '0', '0') h1=1 m=3 psi=a:('-1', '0', '0', '0'),b:('1', '0', '0', '0'),c:('1', '0', '-1', '0'): I(V) = 0   I(V^ss) = 0
==> s961 chi#20=a:('-1', '0', '0', '0'),b:('-1', '0', '0', '0'),c:('-1', '0', '0', '0') h1=1 m=3 psi=a:('-1', '0', '0', '0'),b:('-1', '0', '0', '0'),c:('1', '0', '0', '0'): I(V) = 0   I(V^ss) = 0
==> s961 chi#20=a:('-1', '0', '0', '0'),b:('-1', '0', '0', '0'),c:('-1', '0', '0', '0') h1=1 m=3 psi=a:('-1', '0', '0', '0'),b:('-1', '0', '0', '0'),c:('0', '0', '1', '0'): I(V) = 0   I(V^ss) = 0
==> s961 chi#20=a:('-1', '0', '0', '0'),b:('-1', '0', '0', '0'),c:('-1', '0', '0', '0') h1=1 m=3 psi=a:('-1', '0', '0', '0'),b:('-1', '0', '0', '0'),c:('-1', '0', '1', '0'): I(V) = 0   I(V^ss) = 0
==> s961 chi#20=a:('-1', '0', '0', '0'),b:('-1', '0', '0', '0'),c:('-1', '0', '0', '0') h1=1 m=3 psi=a:('-1', '0', '0', '0'),b:('-1', '0', '0', '0'),c:('-1', '0', '0', '0'): I(V) = 0   I(V^ss) = 0
==> s961 chi#20=a:('-1', '0', '0', '0'),b:('-1', '0', '0', '0'),c:('-1', '0', '0', '0') h1=1 m=3 psi=a:('-1', '0', '0', '0'),b:('-1', '0', '0', '0'),c:('0', '0', '-1', '0'): I(V) = 0   I(V^ss) = 0
==> s961 chi#20=a:('-1', '0', '0', '0'),b:('-1', '0', '0', '0'),c:('-1', '0', '0', '0') h1=1 m=3 psi=a:('-1', '0', '0', '0'),b:('-1', '0', '0', '0'),c:('1', '0', '-1', '0'): I(V) = 0   I(V^ss) = 0
==> s961 chi#20=a:('-1', '0', '0', '0'),b:('-1', '0', '0', '0'),c:('-1', '0', '0', '0') h1=1 m=3 psi=chi^1: I(V) = 0   I(V^ss) = 0
==> s961 chi#20=a:('-1', '0', '0', '0'),b:('-1', '0', '0', '0'),c:('-1', '0', '0', '0') h1=1 m=3 psi=chi^2: I(V) = 0   I(V^ss) = 0
==> s961 chi#20=a:('-1', '0', '0', '0'),b:('-1', '0', '0', '0'),c:('-1', '0', '0', '0') h1=1 m=3 psi=chi^3: I(V) = 0   I(V^ss) = 0
  locus chi#21=a:('-1', '0', '0', '0'),b:('0', '0', '0', '-1'),c:('0', '0', '0', '1') h1=1
==> s961 chi#21=a:('-1', '0', '0', '0'),b:('0', '0', '0', '-1'),c:('0', '0', '0', '1') h1=1 m=1 psi=a:('1', '0', '0', '0'),b:('1', '0', '0', '0'),c:('1', '0', '0', '0'): I(V) = 0   I(V^ss) = 0
==> s961 chi#21=a:('-1', '0', '0', '0'),b:('0', '0', '0', '-1'),c:('0', '0', '0', '1') h1=1 m=1 psi=a:('1', '0', '0', '0'),b:('1', '0', '0', '0'),c:('0', '0', '1', '0'): I(V) = 0   I(V^ss) = 0
==> s961 chi#21=a:('-1', '0', '0', '0'),b:('0', '0', '0', '-1'),c:('0', '0', '0', '1') h1=1 m=1 psi=a:('1', '0', '0', '0'),b:('1', '0', '0', '0'),c:('-1', '0', '1', '0'): I(V) = 0   I(V^ss) = 0
==> s961 chi#21=a:('-1', '0', '0', '0'),b:('0', '0', '0', '-1'),c:('0', '0', '0', '1') h1=1 m=1 psi=a:('1', '0', '0', '0'),b:('1', '0', '0', '0'),c:('-1', '0', '0', '0'): I(V) = 0   I(V^ss) = 0
==> s961 chi#21=a:('-1', '0', '0', '0'),b:('0', '0', '0', '-1'),c:('0', '0', '0', '1') h1=1 m=1 psi=a:('1', '0', '0', '0'),b:('1', '0', '0', '0'),c:('0', '0', '-1', '0'): I(V) = 0   I(V^ss) = 0
==> s961 chi#21=a:('-1', '0', '0', '0'),b:('0', '0', '0', '-1'),c:('0', '0', '0', '1') h1=1 m=1 psi=a:('1', '0', '0', '0'),b:('1', '0', '0', '0'),c:('1', '0', '-1', '0'): I(V) = 0   I(V^ss) = 0
==> s961 chi#21=a:('-1', '0', '0', '0'),b:('0', '0', '0', '-1'),c:('0', '0', '0', '1') h1=1 m=1 psi=a:('1', '0', '0', '0'),b:('-1', '0', '0', '0'),c:('1', '0', '0', '0'): I(V) = 0   I(V^ss) = 0
==> s961 chi#21=a:('-1', '0', '0', '0'),b:('0', '0', '0', '-1'),c:('0', '0', '0', '1') h1=1 m=1 psi=a:('1', '0', '0', '0'),b:('-1', '0', '0', '0'),c:('0', '0', '1', '0'): I(V) = 0   I(V^ss) = 0
==> s961 chi#21=a:('-1', '0', '0', '0'),b:('0', '0', '0', '-1'),c:('0', '0', '0', '1') h1=1 m=1 psi=a:('1', '0', '0', '0'),b:('-1', '0', '0', '0'),c:('-1', '0', '1', '0'): I(V) = 0   I(V^ss) = 0
==> s961 chi#21=a:('-1', '0', '0', '0'),b:('0', '0', '0', '-1'),c:('0', '0', '0', '1') h1=1 m=1 psi=a:('1', '0', '0', '0'),b:('-1', '0', '0', '0'),c:('-1', '0', '0', '0'): I(V) = 0   I(V^ss) = 0
==> s961 chi#21=a:('-1', '0', '0', '0'),b:('0', '0', '0', '-1'),c:('0', '0', '0', '1') h1=1 m=1 psi=a:('1', '0', '0', '0'),b:('-1', '0', '0', '0'),c:('0', '0', '-1', '0'): I(V) = 0   I(V^ss) = 0
==> s961 chi#21=a:('-1', '0', '0', '0'),b:('0', '0', '0', '-1'),c:('0', '0', '0', '1') h1=1 m=1 psi=a:('1', '0', '0', '0'),b:('-1', '0', '0', '0'),c:('1', '0', '-1', '0'): I(V) = 0   I(V^ss) = 0
==> s961 chi#21=a:('-1', '0', '0', '0'),b:('0', '0', '0', '-1'),c:('0', '0', '0', '1') h1=1 m=1 psi=a:('-1', '0', '0', '0'),b:('1', '0', '0', '0'),c:('1', '0', '0', '0'): I(V) = 0   I(V^ss) = 0
==> s961 chi#21=a:('-1', '0', '0', '0'),b:('0', '0', '0', '-1'),c:('0', '0', '0', '1') h1=1 m=1 psi=a:('-1', '0', '0', '0'),b:('1', '0', '0', '0'),c:('0', '0', '1', '0'): I(V) = 0   I(V^ss) = 0
==> s961 chi#21=a:('-1', '0', '0', '0'),b:('0', '0', '0', '-1'),c:('0', '0', '0', '1') h1=1 m=1 psi=a:('-1', '0', '0', '0'),b:('1', '0', '0', '0'),c:('-1', '0', '1', '0'): I(V) = 0   I(V^ss) = 0
==> s961 chi#21=a:('-1', '0', '0', '0'),b:('0', '0', '0', '-1'),c:('0', '0', '0', '1') h1=1 m=1 psi=a:('-1', '0', '0', '0'),b:('1', '0', '0', '0'),c:('-1', '0', '0', '0'): I(V) = 0   I(V^ss) = 0
==> s961 chi#21=a:('-1', '0', '0', '0'),b:('0', '0', '0', '-1'),c:('0', '0', '0', '1') h1=1 m=1 psi=a:('-1', '0', '0', '0'),b:('1', '0', '0', '0'),c:('0', '0', '-1', '0'): I(V) = 0   I(V^ss) = 0
==> s961 chi#21=a:('-1', '0', '0', '0'),b:('0', '0', '0', '-1'),c:('0', '0', '0', '1') h1=1 m=1 psi=a:('-1', '0', '0', '0'),b:('1', '0', '0', '0'),c:('1', '0', '-1', '0'): I(V) = 0   I(V^ss) = 0
==> s961 chi#21=a:('-1', '0', '0', '0'),b:('0', '0', '0', '-1'),c:('0', '0', '0', '1') h1=1 m=1 psi=a:('-1', '0', '0', '0'),b:('-1', '0', '0', '0'),c:('1', '0', '0', '0'): I(V) = 0   I(V^ss) = 0
==> s961 chi#21=a:('-1', '0', '0', '0'),b:('0', '0', '0', '-1'),c:('0', '0', '0', '1') h1=1 m=1 psi=a:('-1', '0', '0', '0'),b:('-1', '0', '0', '0'),c:('0', '0', '1', '0'): I(V) = 0   I(V^ss) = 0
==> s961 chi#21=a:('-1', '0', '0', '0'),b:('0', '0', '0', '-1'),c:('0', '0', '0', '1') h1=1 m=1 psi=a:('-1', '0', '0', '0'),b:('-1', '0', '0', '0'),c:('-1', '0', '1', '0'): I(V) = 0   I(V^ss) = 0
==> s961 chi#21=a:('-1', '0', '0', '0'),b:('0', '0', '0', '-1'),c:('0', '0', '0', '1') h1=1 m=1 psi=a:('-1', '0', '0', '0'),b:('-1', '0', '0', '0'),c:('-1', '0', '0', '0'): I(V) = 0   I(V^ss) = 0
==> s961 chi#21=a:('-1', '0', '0', '0'),b:('0', '0', '0', '-1'),c:('0', '0', '0', '1') h1=1 m=1 psi=a:('-1', '0', '0', '0'),b:('-1', '0', '0', '0'),c:('0', '0', '-1', '0'): I(V) = 0   I(V^ss) = 0
==> s961 chi#21=a:('-1', '0', '0', '0'),b:('0', '0', '0', '-1'),c:('0', '0', '0', '1') h1=1 m=1 psi=a:('-1', '0', '0', '0'),b:('-1', '0', '0', '0'),c:('1', '0', '-1', '0'): I(V) = 0   I(V^ss) = 0
==> s961 chi#21=a:('-1', '0', '0', '0'),b:('0', '0', '0', '-1'),c:('0', '0', '0', '1') h1=1 m=1 psi=chi^1: I(V) = 0   I(V^ss) = 0
==> s961 chi#21=a:('-1', '0', '0', '0'),b:('0', '0', '0', '-1'),c:('0', '0', '0', '1') h1=1 m=1 psi=chi^2: I(V) = 0   I(V^ss) = 0
==> s961 chi#21=a:('-1', '0', '0', '0'),b:('0', '0', '0', '-1'),c:('0', '0', '0', '1') h1=1 m=1 psi=chi^3: I(V) = 0   I(V^ss) = 0
==> s961 chi#21=a:('-1', '0', '0', '0'),b:('0', '0', '0', '-1'),c:('0', '0', '0', '1') h1=1 m=2 psi=a:('1', '0', '0', '0'),b:('1', '0', '0', '0'),c:('1', '0', '0', '0'): I(V) = 0   I(V^ss) = 0
==> s961 chi#21=a:('-1', '0', '0', '0'),b:('0', '0', '0', '-1'),c:('0', '0', '0', '1') h1=1 m=2 psi=a:('1', '0', '0', '0'),b:('1', '0', '0', '0'),c:('0', '0', '1', '0'): I(V) = 0   I(V^ss) = 0
==> s961 chi#21=a:('-1', '0', '0', '0'),b:('0', '0', '0', '-1'),c:('0', '0', '0', '1') h1=1 m=2 psi=a:('1', '0', '0', '0'),b:('1', '0', '0', '0'),c:('-1', '0', '1', '0'): I(V) = 0   I(V^ss) = 0
==> s961 chi#21=a:('-1', '0', '0', '0'),b:('0', '0', '0', '-1'),c:('0', '0', '0', '1') h1=1 m=2 psi=a:('1', '0', '0', '0'),b:('1', '0', '0', '0'),c:('-1', '0', '0', '0'): I(V) = 0   I(V^ss) = 0
==> s961 chi#21=a:('-1', '0', '0', '0'),b:('0', '0', '0', '-1'),c:('0', '0', '0', '1') h1=1 m=2 psi=a:('1', '0', '0', '0'),b:('1', '0', '0', '0'),c:('0', '0', '-1', '0'): I(V) = 0   I(V^ss) = 0
==> s961 chi#21=a:('-1', '0', '0', '0'),b:('0', '0', '0', '-1'),c:('0', '0', '0', '1') h1=1 m=2 psi=a:('1', '0', '0', '0'),b:('1', '0', '0', '0'),c:('1', '0', '-1', '0'): I(V) = 0   I(V^ss) = 0
==> s961 chi#21=a:('-1', '0', '0', '0'),b:('0', '0', '0', '-1'),c:('0', '0', '0', '1') h1=1 m=2 psi=a:('1', '0', '0', '0'),b:('-1', '0', '0', '0'),c:('1', '0', '0', '0'): I(V) = 0   I(V^ss) = 0
==> s961 chi#21=a:('-1', '0', '0', '0'),b:('0', '0', '0', '-1'),c:('0', '0', '0', '1') h1=1 m=2 psi=a:('1', '0', '0', '0'),b:('-1', '0', '0', '0'),c:('0', '0', '1', '0'): I(V) = 0   I(V^ss) = 0
==> s961 chi#21=a:('-1', '0', '0', '0'),b:('0', '0', '0', '-1'),c:('0', '0', '0', '1') h1=1 m=2 psi=a:('1', '0', '0', '0'),b:('-1', '0', '0', '0'),c:('-1', '0', '1', '0'): I(V) = 0   I(V^ss) = 0
==> s961 chi#21=a:('-1', '0', '0', '0'),b:('0', '0', '0', '-1'),c:('0', '0', '0', '1') h1=1 m=2 psi=a:('1', '0', '0', '0'),b:('-1', '0', '0', '0'),c:('-1', '0', '0', '0'): I(V) = 0   I(V^ss) = 0
==> s961 chi#21=a:('-1', '0', '0', '0'),b:('0', '0', '0', '-1'),c:('0', '0', '0', '1') h1=1 m=2 psi=a:('1', '0', '0', '0'),b:('-1', '0', '0', '0'),c:('0', '0', '-1', '0'): I(V) = 0   I(V^ss) = 0
==> s961 chi#21=a:('-1', '0', '0', '0'),b:('0', '0', '0', '-1'),c:('0', '0', '0', '1') h1=1 m=2 psi=a:('1', '0', '0', '0'),b:('-1', '0', '0', '0'),c:('1', '0', '-1', '0'): I(V) = 0   I(V^ss) = 0
==> s961 chi#21=a:('-1', '0', '0', '0'),b:('0', '0', '0', '-1'),c:('0', '0', '0', '1') h1=1 m=2 psi=a:('-1', '0', '0', '0'),b:('1', '0', '0', '0'),c:('1', '0', '0', '0'): I(V) = 0   I(V^ss) = 0
==> s961 chi#21=a:('-1', '0', '0', '0'),b:('0', '0', '0', '-1'),c:('0', '0', '0', '1') h1=1 m=2 psi=a:('-1', '0', '0', '0'),b:('1', '0', '0', '0'),c:('0', '0', '1', '0'): I(V) = 0   I(V^ss) = 0
==> s961 chi#21=a:('-1', '0', '0', '0'),b:('0', '0', '0', '-1'),c:('0', '0', '0', '1') h1=1 m=2 psi=a:('-1', '0', '0', '0'),b:('1', '0', '0', '0'),c:('-1', '0', '1', '0'): I(V) = 0   I(V^ss) = 0
==> s961 chi#21=a:('-1', '0', '0', '0'),b:('0', '0', '0', '-1'),c:('0', '0', '0', '1') h1=1 m=2 psi=a:('-1', '0', '0', '0'),b:('1', '0', '0', '0'),c:('-1', '0', '0', '0'): I(V) = 0   I(V^ss) = 0
==> s961 chi#21=a:('-1', '0', '0', '0'),b:('0', '0', '0', '-1'),c:('0', '0', '0', '1') h1=1 m=2 psi=a:('-1', '0', '0', '0'),b:('1', '0', '0', '0'),c:('0', '0', '-1', '0'): I(V) = 0   I(V^ss) = 0
==> s961 chi#21=a:('-1', '0', '0', '0'),b:('0', '0', '0', '-1'),c:('0', '0', '0', '1') h1=1 m=2 psi=a:('-1', '0', '0', '0'),b:('1', '0', '0', '0'),c:('1', '0', '-1', '0'): I(V) = 0   I(V^ss) = 0
==> s961 chi#21=a:('-1', '0', '0', '0'),b:('0', '0', '0', '-1'),c:('0', '0', '0', '1') h1=1 m=2 psi=a:('-1', '0', '0', '0'),b:('-1', '0', '0', '0'),c:('1', '0', '0', '0'): I(V) = 0   I(V^ss) = 0
==> s961 chi#21=a:('-1', '0', '0', '0'),b:('0', '0', '0', '-1'),c:('0', '0', '0', '1') h1=1 m=2 psi=a:('-1', '0', '0', '0'),b:('-1', '0', '0', '0'),c:('0', '0', '1', '0'): I(V) = 0   I(V^ss) = 0
==> s961 chi#21=a:('-1', '0', '0', '0'),b:('0', '0', '0', '-1'),c:('0', '0', '0', '1') h1=1 m=2 psi=a:('-1', '0', '0', '0'),b:('-1', '0', '0', '0'),c:('-1', '0', '1', '0'): I(V) = 0   I(V^ss) = 0
==> s961 chi#21=a:('-1', '0', '0', '0'),b:('0', '0', '0', '-1'),c:('0', '0', '0', '1') h1=1 m=2 psi=a:('-1', '0', '0', '0'),b:('-1', '0', '0', '0'),c:('-1', '0', '0', '0'): I(V) = 0   I(V^ss) = 0
==> s961 chi#21=a:('-1', '0', '0', '0'),b:('0', '0', '0', '-1'),c:('0', '0', '0', '1') h1=1 m=2 psi=a:('-1', '0', '0', '0'),b:('-1', '0', '0', '0'),c:('0', '0', '-1', '0'): I(V) = 0   I(V^ss) = 0
==> s961 chi#21=a:('-1', '0', '0', '0'),b:('0', '0', '0', '-1'),c:('0', '0', '0', '1') h1=1 m=2 psi=a:('-1', '0', '0', '0'),b:('-1', '0', '0', '0'),c:('1', '0', '-1', '0'): I(V) = 0   I(V^ss) = 0
==> s961 chi#21=a:('-1', '0', '0', '0'),b:('0', '0', '0', '-1'),c:('0', '0', '0', '1') h1=1 m=2 psi=chi^1: I(V) = 0   I(V^ss) = 0
==> s961 chi#21=a:('-1', '0', '0', '0'),b:('0', '0', '0', '-1'),c:('0', '0', '0', '1') h1=1 m=2 psi=chi^2: I(V) = 0   I(V^ss) = 0
==> s961 chi#21=a:('-1', '0', '0', '0'),b:('0', '0', '0', '-1'),c:('0', '0', '0', '1') h1=1 m=2 psi=chi^3: I(V) = 0   I(V^ss) = 0
==> s961 chi#21=a:('-1', '0', '0', '0'),b:('0', '0', '0', '-1'),c:('0', '0', '0', '1') h1=1 m=3 psi=a:('1', '0', '0', '0'),b:('1', '0', '0', '0'),c:('1', '0', '0', '0'): I(V) = 0   I(V^ss) = 0
==> s961 chi#21=a:('-1', '0', '0', '0'),b:('0', '0', '0', '-1'),c:('0', '0', '0', '1') h1=1 m=3 psi=a:('1', '0', '0', '0'),b:('1', '0', '0', '0'),c:('0', '0', '1', '0'): I(V) = 0   I(V^ss) = 0
==> s961 chi#21=a:('-1', '0', '0', '0'),b:('0', '0', '0', '-1'),c:('0', '0', '0', '1') h1=1 m=3 psi=a:('1', '0', '0', '0'),b:('1', '0', '0', '0'),c:('-1', '0', '1', '0'): I(V) = 0   I(V^ss) = 0
==> s961 chi#21=a:('-1', '0', '0', '0'),b:('0', '0', '0', '-1'),c:('0', '0', '0', '1') h1=1 m=3 psi=a:('1', '0', '0', '0'),b:('1', '0', '0', '0'),c:('-1', '0', '0', '0'): I(V) = 0   I(V^ss) = 0
==> s961 chi#21=a:('-1', '0', '0', '0'),b:('0', '0', '0', '-1'),c:('0', '0', '0', '1') h1=1 m=3 psi=a:('1', '0', '0', '0'),b:('1', '0', '0', '0'),c:('0', '0', '-1', '0'): I(V) = 0   I(V^ss) = 0
==> s961 chi#21=a:('-1', '0', '0', '0'),b:('0', '0', '0', '-1'),c:('0', '0', '0', '1') h1=1 m=3 psi=a:('1', '0', '0', '0'),b:('1', '0', '0', '0'),c:('1', '0', '-1', '0'): I(V) = 0   I(V^ss) = 0
==> s961 chi#21=a:('-1', '0', '0', '0'),b:('0', '0', '0', '-1'),c:('0', '0', '0', '1') h1=1 m=3 psi=a:('1', '0', '0', '0'),b:('-1', '0', '0', '0'),c:('1', '0', '0', '0'): I(V) = 0   I(V^ss) = 0
==> s961 chi#21=a:('-1', '0', '0', '0'),b:('0', '0', '0', '-1'),c:('0', '0', '0', '1') h1=1 m=3 psi=a:('1', '0', '0', '0'),b:('-1', '0', '0', '0'),c:('0', '0', '1', '0'): I(V) = 0   I(V^ss) = 0
==> s961 chi#21=a:('-1', '0', '0', '0'),b:('0', '0', '0', '-1'),c:('0', '0', '0', '1') h1=1 m=3 psi=a:('1', '0', '0', '0'),b:('-1', '0', '0', '0'),c:('-1', '0', '1', '0'): I(V) = 0   I(V^ss) = 0
==> s961 chi#21=a:('-1', '0', '0', '0'),b:('0', '0', '0', '-1'),c:('0', '0', '0', '1') h1=1 m=3 psi=a:('1', '0', '0', '0'),b:('-1', '0', '0', '0'),c:('-1', '0', '0', '0'): I(V) = 0   I(V^ss) = 0
==> s961 chi#21=a:('-1', '0', '0', '0'),b:('0', '0', '0', '-1'),c:('0', '0', '0', '1') h1=1 m=3 psi=a:('1', '0', '0', '0'),b:('-1', '0', '0', '0'),c:('0', '0', '-1', '0'): I(V) = 0   I(V^ss) = 0
==> s961 chi#21=a:('-1', '0', '0', '0'),b:('0', '0', '0', '-1'),c:('0', '0', '0', '1') h1=1 m=3 psi=a:('1', '0', '0', '0'),b:('-1', '0', '0', '0'),c:('1', '0', '-1', '0'): I(V) = 0   I(V^ss) = 0
==> s961 chi#21=a:('-1', '0', '0', '0'),b:('0', '0', '0', '-1'),c:('0', '0', '0', '1') h1=1 m=3 psi=a:('-1', '0', '0', '0'),b:('1', '0', '0', '0'),c:('1', '0', '0', '0'): I(V) = 0   I(V^ss) = 0
==> s961 chi#21=a:('-1', '0', '0', '0'),b:('0', '0', '0', '-1'),c:('0', '0', '0', '1') h1=1 m=3 psi=a:('-1', '0', '0', '0'),b:('1', '0', '0', '0'),c:('0', '0', '1', '0'): I(V) = 0   I(V^ss) = 0
==> s961 chi#21=a:('-1', '0', '0', '0'),b:('0', '0', '0', '-1'),c:('0', '0', '0', '1') h1=1 m=3 psi=a:('-1', '0', '0', '0'),b:('1', '0', '0', '0'),c:('-1', '0', '1', '0'): I(V) = 0   I(V^ss) = 0
==> s961 chi#21=a:('-1', '0', '0', '0'),b:('0', '0', '0', '-1'),c:('0', '0', '0', '1') h1=1 m=3 psi=a:('-1', '0', '0', '0'),b:('1', '0', '0', '0'),c:('-1', '0', '0', '0'): I(V) = 0   I(V^ss) = 0
==> s961 chi#21=a:('-1', '0', '0', '0'),b:('0', '0', '0', '-1'),c:('0', '0', '0', '1') h1=1 m=3 psi=a:('-1', '0', '0', '0'),b:('1', '0', '0', '0'),c:('0', '0', '-1', '0'): I(V) = 0   I(V^ss) = 0
==> s961 chi#21=a:('-1', '0', '0', '0'),b:('0', '0', '0', '-1'),c:('0', '0', '0', '1') h1=1 m=3 psi=a:('-1', '0', '0', '0'),b:('1', '0', '0', '0'),c:('1', '0', '-1', '0'): I(V) = 0   I(V^ss) = 0
==> s961 chi#21=a:('-1', '0', '0', '0'),b:('0', '0', '0', '-1'),c:('0', '0', '0', '1') h1=1 m=3 psi=a:('-1', '0', '0', '0'),b:('-1', '0', '0', '0'),c:('1', '0', '0', '0'): I(V) = 0   I(V^ss) = 0
==> s961 chi#21=a:('-1', '0', '0', '0'),b:('0', '0', '0', '-1'),c:('0', '0', '0', '1') h1=1 m=3 psi=a:('-1', '0', '0', '0'),b:('-1', '0', '0', '0'),c:('0', '0', '1', '0'): I(V) = 0   I(V^ss) = 0
==> s961 chi#21=a:('-1', '0', '0', '0'),b:('0', '0', '0', '-1'),c:('0', '0', '0', '1') h1=1 m=3 psi=a:('-1', '0', '0', '0'),b:('-1', '0', '0', '0'),c:('-1', '0', '1', '0'): I(V) = 0   I(V^ss) = 0
==> s961 chi#21=a:('-1', '0', '0', '0'),b:('0', '0', '0', '-1'),c:('0', '0', '0', '1') h1=1 m=3 psi=a:('-1', '0', '0', '0'),b:('-1', '0', '0', '0'),c:('-1', '0', '0', '0'): I(V) = 0   I(V^ss) = 0
==> s961 chi#21=a:('-1', '0', '0', '0'),b:('0', '0', '0', '-1'),c:('0', '0', '0', '1') h1=1 m=3 psi=a:('-1', '0', '0', '0'),b:('-1', '0', '0', '0'),c:('0', '0', '-1', '0'): I(V) = 0   I(V^ss) = 0
==> s961 chi#21=a:('-1', '0', '0', '0'),b:('0', '0', '0', '-1'),c:('0', '0', '0', '1') h1=1 m=3 psi=a:('-1', '0', '0', '0'),b:('-1', '0', '0', '0'),c:('1', '0', '-1', '0'): I(V) = 0   I(V^ss) = 0
==> s961 chi#21=a:('-1', '0', '0', '0'),b:('0', '0', '0', '-1'),c:('0', '0', '0', '1') h1=1 m=3 psi=chi^1: I(V) = 0   I(V^ss) = 0
==> s961 chi#21=a:('-1', '0', '0', '0'),b:('0', '0', '0', '-1'),c:('0', '0', '0', '1') h1=1 m=3 psi=chi^2: I(V) = 0   I(V^ss) = 0
==> s961 chi#21=a:('-1', '0', '0', '0'),b:('0', '0', '0', '-1'),c:('0', '0', '0', '1') h1=1 m=3 psi=chi^3: I(V) = 0   I(V^ss) = 0
  locus chi#22=a:('-1', '0', '0', '0'),b:('0', '0', '0', '-1'),c:('0', '0', '0', '-1') h1=1
==> s961 chi#22=a:('-1', '0', '0', '0'),b:('0', '0', '0', '-1'),c:('0', '0', '0', '-1') h1=1 m=1 psi=a:('1', '0', '0', '0'),b:('1', '0', '0', '0'),c:('1', '0', '0', '0'): I(V) = 0   I(V^ss) = 0
==> s961 chi#22=a:('-1', '0', '0', '0'),b:('0', '0', '0', '-1'),c:('0', '0', '0', '-1') h1=1 m=1 psi=a:('1', '0', '0', '0'),b:('1', '0', '0', '0'),c:('0', '0', '1', '0'): I(V) = 0   I(V^ss) = 0
==> s961 chi#22=a:('-1', '0', '0', '0'),b:('0', '0', '0', '-1'),c:('0', '0', '0', '-1') h1=1 m=1 psi=a:('1', '0', '0', '0'),b:('1', '0', '0', '0'),c:('-1', '0', '1', '0'): I(V) = 0   I(V^ss) = 0
==> s961 chi#22=a:('-1', '0', '0', '0'),b:('0', '0', '0', '-1'),c:('0', '0', '0', '-1') h1=1 m=1 psi=a:('1', '0', '0', '0'),b:('1', '0', '0', '0'),c:('-1', '0', '0', '0'): I(V) = 0   I(V^ss) = 0
==> s961 chi#22=a:('-1', '0', '0', '0'),b:('0', '0', '0', '-1'),c:('0', '0', '0', '-1') h1=1 m=1 psi=a:('1', '0', '0', '0'),b:('1', '0', '0', '0'),c:('0', '0', '-1', '0'): I(V) = 0   I(V^ss) = 0
==> s961 chi#22=a:('-1', '0', '0', '0'),b:('0', '0', '0', '-1'),c:('0', '0', '0', '-1') h1=1 m=1 psi=a:('1', '0', '0', '0'),b:('1', '0', '0', '0'),c:('1', '0', '-1', '0'): I(V) = 0   I(V^ss) = 0
==> s961 chi#22=a:('-1', '0', '0', '0'),b:('0', '0', '0', '-1'),c:('0', '0', '0', '-1') h1=1 m=1 psi=a:('1', '0', '0', '0'),b:('-1', '0', '0', '0'),c:('1', '0', '0', '0'): I(V) = 0   I(V^ss) = 0
==> s961 chi#22=a:('-1', '0', '0', '0'),b:('0', '0', '0', '-1'),c:('0', '0', '0', '-1') h1=1 m=1 psi=a:('1', '0', '0', '0'),b:('-1', '0', '0', '0'),c:('0', '0', '1', '0'): I(V) = 0   I(V^ss) = 0
==> s961 chi#22=a:('-1', '0', '0', '0'),b:('0', '0', '0', '-1'),c:('0', '0', '0', '-1') h1=1 m=1 psi=a:('1', '0', '0', '0'),b:('-1', '0', '0', '0'),c:('-1', '0', '1', '0'): I(V) = 0   I(V^ss) = 0
==> s961 chi#22=a:('-1', '0', '0', '0'),b:('0', '0', '0', '-1'),c:('0', '0', '0', '-1') h1=1 m=1 psi=a:('1', '0', '0', '0'),b:('-1', '0', '0', '0'),c:('-1', '0', '0', '0'): I(V) = 0   I(V^ss) = 0
==> s961 chi#22=a:('-1', '0', '0', '0'),b:('0', '0', '0', '-1'),c:('0', '0', '0', '-1') h1=1 m=1 psi=a:('1', '0', '0', '0'),b:('-1', '0', '0', '0'),c:('0', '0', '-1', '0'): I(V) = 0   I(V^ss) = 0
==> s961 chi#22=a:('-1', '0', '0', '0'),b:('0', '0', '0', '-1'),c:('0', '0', '0', '-1') h1=1 m=1 psi=a:('1', '0', '0', '0'),b:('-1', '0', '0', '0'),c:('1', '0', '-1', '0'): I(V) = 0   I(V^ss) = 0
==> s961 chi#22=a:('-1', '0', '0', '0'),b:('0', '0', '0', '-1'),c:('0', '0', '0', '-1') h1=1 m=1 psi=a:('-1', '0', '0', '0'),b:('1', '0', '0', '0'),c:('1', '0', '0', '0'): I(V) = 0   I(V^ss) = 0
==> s961 chi#22=a:('-1', '0', '0', '0'),b:('0', '0', '0', '-1'),c:('0', '0', '0', '-1') h1=1 m=1 psi=a:('-1', '0', '0', '0'),b:('1', '0', '0', '0'),c:('0', '0', '1', '0'): I(V) = 0   I(V^ss) = 0
==> s961 chi#22=a:('-1', '0', '0', '0'),b:('0', '0', '0', '-1'),c:('0', '0', '0', '-1') h1=1 m=1 psi=a:('-1', '0', '0', '0'),b:('1', '0', '0', '0'),c:('-1', '0', '1', '0'): I(V) = 0   I(V^ss) = 0
==> s961 chi#22=a:('-1', '0', '0', '0'),b:('0', '0', '0', '-1'),c:('0', '0', '0', '-1') h1=1 m=1 psi=a:('-1', '0', '0', '0'),b:('1', '0', '0', '0'),c:('-1', '0', '0', '0'): I(V) = 0   I(V^ss) = 0
==> s961 chi#22=a:('-1', '0', '0', '0'),b:('0', '0', '0', '-1'),c:('0', '0', '0', '-1') h1=1 m=1 psi=a:('-1', '0', '0', '0'),b:('1', '0', '0', '0'),c:('0', '0', '-1', '0'): I(V) = 0   I(V^ss) = 0
==> s961 chi#22=a:('-1', '0', '0', '0'),b:('0', '0', '0', '-1'),c:('0', '0', '0', '-1') h1=1 m=1 psi=a:('-1', '0', '0', '0'),b:('1', '0', '0', '0'),c:('1', '0', '-1', '0'): I(V) = 0   I(V^ss) = 0
==> s961 chi#22=a:('-1', '0', '0', '0'),b:('0', '0', '0', '-1'),c:('0', '0', '0', '-1') h1=1 m=1 psi=a:('-1', '0', '0', '0'),b:('-1', '0', '0', '0'),c:('1', '0', '0', '0'): I(V) = 0   I(V^ss) = 0
==> s961 chi#22=a:('-1', '0', '0', '0'),b:('0', '0', '0', '-1'),c:('0', '0', '0', '-1') h1=1 m=1 psi=a:('-1', '0', '0', '0'),b:('-1', '0', '0', '0'),c:('0', '0', '1', '0'): I(V) = 0   I(V^ss) = 0
==> s961 chi#22=a:('-1', '0', '0', '0'),b:('0', '0', '0', '-1'),c:('0', '0', '0', '-1') h1=1 m=1 psi=a:('-1', '0', '0', '0'),b:('-1', '0', '0', '0'),c:('-1', '0', '1', '0'): I(V) = 0   I(V^ss) = 0
==> s961 chi#22=a:('-1', '0', '0', '0'),b:('0', '0', '0', '-1'),c:('0', '0', '0', '-1') h1=1 m=1 psi=a:('-1', '0', '0', '0'),b:('-1', '0', '0', '0'),c:('-1', '0', '0', '0'): I(V) = 0   I(V^ss) = 0
==> s961 chi#22=a:('-1', '0', '0', '0'),b:('0', '0', '0', '-1'),c:('0', '0', '0', '-1') h1=1 m=1 psi=a:('-1', '0', '0', '0'),b:('-1', '0', '0', '0'),c:('0', '0', '-1', '0'): I(V) = 0   I(V^ss) = 0
==> s961 chi#22=a:('-1', '0', '0', '0'),b:('0', '0', '0', '-1'),c:('0', '0', '0', '-1') h1=1 m=1 psi=a:('-1', '0', '0', '0'),b:('-1', '0', '0', '0'),c:('1', '0', '-1', '0'): I(V) = 0   I(V^ss) = 0
==> s961 chi#22=a:('-1', '0', '0', '0'),b:('0', '0', '0', '-1'),c:('0', '0', '0', '-1') h1=1 m=1 psi=chi^1: I(V) = 0   I(V^ss) = 0
==> s961 chi#22=a:('-1', '0', '0', '0'),b:('0', '0', '0', '-1'),c:('0', '0', '0', '-1') h1=1 m=1 psi=chi^2: I(V) = 0   I(V^ss) = 0
==> s961 chi#22=a:('-1', '0', '0', '0'),b:('0', '0', '0', '-1'),c:('0', '0', '0', '-1') h1=1 m=1 psi=chi^3: I(V) = 0   I(V^ss) = 0
==> s961 chi#22=a:('-1', '0', '0', '0'),b:('0', '0', '0', '-1'),c:('0', '0', '0', '-1') h1=1 m=2 psi=a:('1', '0', '0', '0'),b:('1', '0', '0', '0'),c:('1', '0', '0', '0'): I(V) = 0   I(V^ss) = 0
==> s961 chi#22=a:('-1', '0', '0', '0'),b:('0', '0', '0', '-1'),c:('0', '0', '0', '-1') h1=1 m=2 psi=a:('1', '0', '0', '0'),b:('1', '0', '0', '0'),c:('0', '0', '1', '0'): I(V) = 0   I(V^ss) = 0
==> s961 chi#22=a:('-1', '0', '0', '0'),b:('0', '0', '0', '-1'),c:('0', '0', '0', '-1') h1=1 m=2 psi=a:('1', '0', '0', '0'),b:('1', '0', '0', '0'),c:('-1', '0', '1', '0'): I(V) = 0   I(V^ss) = 0
==> s961 chi#22=a:('-1', '0', '0', '0'),b:('0', '0', '0', '-1'),c:('0', '0', '0', '-1') h1=1 m=2 psi=a:('1', '0', '0', '0'),b:('1', '0', '0', '0'),c:('-1', '0', '0', '0'): I(V) = 0   I(V^ss) = 0
==> s961 chi#22=a:('-1', '0', '0', '0'),b:('0', '0', '0', '-1'),c:('0', '0', '0', '-1') h1=1 m=2 psi=a:('1', '0', '0', '0'),b:('1', '0', '0', '0'),c:('0', '0', '-1', '0'): I(V) = 0   I(V^ss) = 0
==> s961 chi#22=a:('-1', '0', '0', '0'),b:('0', '0', '0', '-1'),c:('0', '0', '0', '-1') h1=1 m=2 psi=a:('1', '0', '0', '0'),b:('1', '0', '0', '0'),c:('1', '0', '-1', '0'): I(V) = 0   I(V^ss) = 0
==> s961 chi#22=a:('-1', '0', '0', '0'),b:('0', '0', '0', '-1'),c:('0', '0', '0', '-1') h1=1 m=2 psi=a:('1', '0', '0', '0'),b:('-1', '0', '0', '0'),c:('1', '0', '0', '0'): I(V) = 0   I(V^ss) = 0
==> s961 chi#22=a:('-1', '0', '0', '0'),b:('0', '0', '0', '-1'),c:('0', '0', '0', '-1') h1=1 m=2 psi=a:('1', '0', '0', '0'),b:('-1', '0', '0', '0'),c:('0', '0', '1', '0'): I(V) = 0   I(V^ss) = 0
==> s961 chi#22=a:('-1', '0', '0', '0'),b:('0', '0', '0', '-1'),c:('0', '0', '0', '-1') h1=1 m=2 psi=a:('1', '0', '0', '0'),b:('-1', '0', '0', '0'),c:('-1', '0', '1', '0'): I(V) = 0   I(V^ss) = 0
==> s961 chi#22=a:('-1', '0', '0', '0'),b:('0', '0', '0', '-1'),c:('0', '0', '0', '-1') h1=1 m=2 psi=a:('1', '0', '0', '0'),b:('-1', '0', '0', '0'),c:('-1', '0', '0', '0'): I(V) = 0   I(V^ss) = 0
==> s961 chi#22=a:('-1', '0', '0', '0'),b:('0', '0', '0', '-1'),c:('0', '0', '0', '-1') h1=1 m=2 psi=a:('1', '0', '0', '0'),b:('-1', '0', '0', '0'),c:('0', '0', '-1', '0'): I(V) = 0   I(V^ss) = 0
==> s961 chi#22=a:('-1', '0', '0', '0'),b:('0', '0', '0', '-1'),c:('0', '0', '0', '-1') h1=1 m=2 psi=a:('1', '0', '0', '0'),b:('-1', '0', '0', '0'),c:('1', '0', '-1', '0'): I(V) = 0   I(V^ss) = 0
==> s961 chi#22=a:('-1', '0', '0', '0'),b:('0', '0', '0', '-1'),c:('0', '0', '0', '-1') h1=1 m=2 psi=a:('-1', '0', '0', '0'),b:('1', '0', '0', '0'),c:('1', '0', '0', '0'): I(V) = 0   I(V^ss) = 0
==> s961 chi#22=a:('-1', '0', '0', '0'),b:('0', '0', '0', '-1'),c:('0', '0', '0', '-1') h1=1 m=2 psi=a:('-1', '0', '0', '0'),b:('1', '0', '0', '0'),c:('0', '0', '1', '0'): I(V) = 0   I(V^ss) = 0
==> s961 chi#22=a:('-1', '0', '0', '0'),b:('0', '0', '0', '-1'),c:('0', '0', '0', '-1') h1=1 m=2 psi=a:('-1', '0', '0', '0'),b:('1', '0', '0', '0'),c:('-1', '0', '1', '0'): I(V) = 0   I(V^ss) = 0
==> s961 chi#22=a:('-1', '0', '0', '0'),b:('0', '0', '0', '-1'),c:('0', '0', '0', '-1') h1=1 m=2 psi=a:('-1', '0', '0', '0'),b:('1', '0', '0', '0'),c:('-1', '0', '0', '0'): I(V) = 0   I(V^ss) = 0
==> s961 chi#22=a:('-1', '0', '0', '0'),b:('0', '0', '0', '-1'),c:('0', '0', '0', '-1') h1=1 m=2 psi=a:('-1', '0', '0', '0'),b:('1', '0', '0', '0'),c:('0', '0', '-1', '0'): I(V) = 0   I(V^ss) = 0
==> s961 chi#22=a:('-1', '0', '0', '0'),b:('0', '0', '0', '-1'),c:('0', '0', '0', '-1') h1=1 m=2 psi=a:('-1', '0', '0', '0'),b:('1', '0', '0', '0'),c:('1', '0', '-1', '0'): I(V) = 0   I(V^ss) = 0
==> s961 chi#22=a:('-1', '0', '0', '0'),b:('0', '0', '0', '-1'),c:('0', '0', '0', '-1') h1=1 m=2 psi=a:('-1', '0', '0', '0'),b:('-1', '0', '0', '0'),c:('1', '0', '0', '0'): I(V) = 0   I(V^ss) = 0
==> s961 chi#22=a:('-1', '0', '0', '0'),b:('0', '0', '0', '-1'),c:('0', '0', '0', '-1') h1=1 m=2 psi=a:('-1', '0', '0', '0'),b:('-1', '0', '0', '0'),c:('0', '0', '1', '0'): I(V) = 0   I(V^ss) = 0
==> s961 chi#22=a:('-1', '0', '0', '0'),b:('0', '0', '0', '-1'),c:('0', '0', '0', '-1') h1=1 m=2 psi=a:('-1', '0', '0', '0'),b:('-1', '0', '0', '0'),c:('-1', '0', '1', '0'): I(V) = 0   I(V^ss) = 0
==> s961 chi#22=a:('-1', '0', '0', '0'),b:('0', '0', '0', '-1'),c:('0', '0', '0', '-1') h1=1 m=2 psi=a:('-1', '0', '0', '0'),b:('-1', '0', '0', '0'),c:('-1', '0', '0', '0'): I(V) = 0   I(V^ss) = 0
==> s961 chi#22=a:('-1', '0', '0', '0'),b:('0', '0', '0', '-1'),c:('0', '0', '0', '-1') h1=1 m=2 psi=a:('-1', '0', '0', '0'),b:('-1', '0', '0', '0'),c:('0', '0', '-1', '0'): I(V) = 0   I(V^ss) = 0
==> s961 chi#22=a:('-1', '0', '0', '0'),b:('0', '0', '0', '-1'),c:('0', '0', '0', '-1') h1=1 m=2 psi=a:('-1', '0', '0', '0'),b:('-1', '0', '0', '0'),c:('1', '0', '-1', '0'): I(V) = 0   I(V^ss) = 0
==> s961 chi#22=a:('-1', '0', '0', '0'),b:('0', '0', '0', '-1'),c:('0', '0', '0', '-1') h1=1 m=2 psi=chi^1: I(V) = 0   I(V^ss) = 0
==> s961 chi#22=a:('-1', '0', '0', '0'),b:('0', '0', '0', '-1'),c:('0', '0', '0', '-1') h1=1 m=2 psi=chi^2: I(V) = 0   I(V^ss) = 0
==> s961 chi#22=a:('-1', '0', '0', '0'),b:('0', '0', '0', '-1'),c:('0', '0', '0', '-1') h1=1 m=2 psi=chi^3: I(V) = 0   I(V^ss) = 0
==> s961 chi#22=a:('-1', '0', '0', '0'),b:('0', '0', '0', '-1'),c:('0', '0', '0', '-1') h1=1 m=3 psi=a:('1', '0', '0', '0'),b:('1', '0', '0', '0'),c:('1', '0', '0', '0'): I(V) = 0   I(V^ss) = 0
==> s961 chi#22=a:('-1', '0', '0', '0'),b:('0', '0', '0', '-1'),c:('0', '0', '0', '-1') h1=1 m=3 psi=a:('1', '0', '0', '0'),b:('1', '0', '0', '0'),c:('0', '0', '1', '0'): I(V) = 0   I(V^ss) = 0
==> s961 chi#22=a:('-1', '0', '0', '0'),b:('0', '0', '0', '-1'),c:('0', '0', '0', '-1') h1=1 m=3 psi=a:('1', '0', '0', '0'),b:('1', '0', '0', '0'),c:('-1', '0', '1', '0'): I(V) = 0   I(V^ss) = 0
==> s961 chi#22=a:('-1', '0', '0', '0'),b:('0', '0', '0', '-1'),c:('0', '0', '0', '-1') h1=1 m=3 psi=a:('1', '0', '0', '0'),b:('1', '0', '0', '0'),c:('-1', '0', '0', '0'): I(V) = 0   I(V^ss) = 0
==> s961 chi#22=a:('-1', '0', '0', '0'),b:('0', '0', '0', '-1'),c:('0', '0', '0', '-1') h1=1 m=3 psi=a:('1', '0', '0', '0'),b:('1', '0', '0', '0'),c:('0', '0', '-1', '0'): I(V) = 0   I(V^ss) = 0
==> s961 chi#22=a:('-1', '0', '0', '0'),b:('0', '0', '0', '-1'),c:('0', '0', '0', '-1') h1=1 m=3 psi=a:('1', '0', '0', '0'),b:('1', '0', '0', '0'),c:('1', '0', '-1', '0'): I(V) = 0   I(V^ss) = 0
==> s961 chi#22=a:('-1', '0', '0', '0'),b:('0', '0', '0', '-1'),c:('0', '0', '0', '-1') h1=1 m=3 psi=a:('1', '0', '0', '0'),b:('-1', '0', '0', '0'),c:('1', '0', '0', '0'): I(V) = 0   I(V^ss) = 0
==> s961 chi#22=a:('-1', '0', '0', '0'),b:('0', '0', '0', '-1'),c:('0', '0', '0', '-1') h1=1 m=3 psi=a:('1', '0', '0', '0'),b:('-1', '0', '0', '0'),c:('0', '0', '1', '0'): I(V) = 0   I(V^ss) = 0
==> s961 chi#22=a:('-1', '0', '0', '0'),b:('0', '0', '0', '-1'),c:('0', '0', '0', '-1') h1=1 m=3 psi=a:('1', '0', '0', '0'),b:('-1', '0', '0', '0'),c:('-1', '0', '1', '0'): I(V) = 0   I(V^ss) = 0
==> s961 chi#22=a:('-1', '0', '0', '0'),b:('0', '0', '0', '-1'),c:('0', '0', '0', '-1') h1=1 m=3 psi=a:('1', '0', '0', '0'),b:('-1', '0', '0', '0'),c:('-1', '0', '0', '0'): I(V) = 0   I(V^ss) = 0
==> s961 chi#22=a:('-1', '0', '0', '0'),b:('0', '0', '0', '-1'),c:('0', '0', '0', '-1') h1=1 m=3 psi=a:('1', '0', '0', '0'),b:('-1', '0', '0', '0'),c:('0', '0', '-1', '0'): I(V) = 0   I(V^ss) = 0
==> s961 chi#22=a:('-1', '0', '0', '0'),b:('0', '0', '0', '-1'),c:('0', '0', '0', '-1') h1=1 m=3 psi=a:('1', '0', '0', '0'),b:('-1', '0', '0', '0'),c:('1', '0', '-1', '0'): I(V) = 0   I(V^ss) = 0
==> s961 chi#22=a:('-1', '0', '0', '0'),b:('0', '0', '0', '-1'),c:('0', '0', '0', '-1') h1=1 m=3 psi=a:('-1', '0', '0', '0'),b:('1', '0', '0', '0'),c:('1', '0', '0', '0'): I(V) = 0   I(V^ss) = 0
==> s961 chi#22=a:('-1', '0', '0', '0'),b:('0', '0', '0', '-1'),c:('0', '0', '0', '-1') h1=1 m=3 psi=a:('-1', '0', '0', '0'),b:('1', '0', '0', '0'),c:('0', '0', '1', '0'): I(V) = 0   I(V^ss) = 0
==> s961 chi#22=a:('-1', '0', '0', '0'),b:('0', '0', '0', '-1'),c:('0', '0', '0', '-1') h1=1 m=3 psi=a:('-1', '0', '0', '0'),b:('1', '0', '0', '0'),c:('-1', '0', '1', '0'): I(V) = 0   I(V^ss) = 0
==> s961 chi#22=a:('-1', '0', '0', '0'),b:('0', '0', '0', '-1'),c:('0', '0', '0', '-1') h1=1 m=3 psi=a:('-1', '0', '0', '0'),b:('1', '0', '0', '0'),c:('-1', '0', '0', '0'): I(V) = 0   I(V^ss) = 0
==> s961 chi#22=a:('-1', '0', '0', '0'),b:('0', '0', '0', '-1'),c:('0', '0', '0', '-1') h1=1 m=3 psi=a:('-1', '0', '0', '0'),b:('1', '0', '0', '0'),c:('0', '0', '-1', '0'): I(V) = 0   I(V^ss) = 0
==> s961 chi#22=a:('-1', '0', '0', '0'),b:('0', '0', '0', '-1'),c:('0', '0', '0', '-1') h1=1 m=3 psi=a:('-1', '0', '0', '0'),b:('1', '0', '0', '0'),c:('1', '0', '-1', '0'): I(V) = 0   I(V^ss) = 0
==> s961 chi#22=a:('-1', '0', '0', '0'),b:('0', '0', '0', '-1'),c:('0', '0', '0', '-1') h1=1 m=3 psi=a:('-1', '0', '0', '0'),b:('-1', '0', '0', '0'),c:('1', '0', '0', '0'): I(V) = 0   I(V^ss) = 0
==> s961 chi#22=a:('-1', '0', '0', '0'),b:('0', '0', '0', '-1'),c:('0', '0', '0', '-1') h1=1 m=3 psi=a:('-1', '0', '0', '0'),b:('-1', '0', '0', '0'),c:('0', '0', '1', '0'): I(V) = 0   I(V^ss) = 0
==> s961 chi#22=a:('-1', '0', '0', '0'),b:('0', '0', '0', '-1'),c:('0', '0', '0', '-1') h1=1 m=3 psi=a:('-1', '0', '0', '0'),b:('-1', '0', '0', '0'),c:('-1', '0', '1', '0'): I(V) = 0   I(V^ss) = 0
==> s961 chi#22=a:('-1', '0', '0', '0'),b:('0', '0', '0', '-1'),c:('0', '0', '0', '-1') h1=1 m=3 psi=a:('-1', '0', '0', '0'),b:('-1', '0', '0', '0'),c:('-1', '0', '0', '0'): I(V) = 0   I(V^ss) = 0
==> s961 chi#22=a:('-1', '0', '0', '0'),b:('0', '0', '0', '-1'),c:('0', '0', '0', '-1') h1=1 m=3 psi=a:('-1', '0', '0', '0'),b:('-1', '0', '0', '0'),c:('0', '0', '-1', '0'): I(V) = 0   I(V^ss) = 0
==> s961 chi#22=a:('-1', '0', '0', '0'),b:('0', '0', '0', '-1'),c:('0', '0', '0', '-1') h1=1 m=3 psi=a:('-1', '0', '0', '0'),b:('-1', '0', '0', '0'),c:('1', '0', '-1', '0'): I(V) = 0   I(V^ss) = 0
==> s961 chi#22=a:('-1', '0', '0', '0'),b:('0', '0', '0', '-1'),c:('0', '0', '0', '-1') h1=1 m=3 psi=chi^1: I(V) = 0   I(V^ss) = 0
==> s961 chi#22=a:('-1', '0', '0', '0'),b:('0', '0', '0', '-1'),c:('0', '0', '0', '-1') h1=1 m=3 psi=chi^2: I(V) = 0   I(V^ss) = 0
==> s961 chi#22=a:('-1', '0', '0', '0'),b:('0', '0', '0', '-1'),c:('0', '0', '0', '-1') h1=1 m=3 psi=chi^3: I(V) = 0   I(V^ss) = 0
  locus chi#23=a:('0', '0', '0', '-1'),b:('1', '0', '0', '0'),c:('1', '0', '0', '0') h1=1
==> s961 chi#23=a:('0', '0', '0', '-1'),b:('1', '0', '0', '0'),c:('1', '0', '0', '0') h1=1 m=1 psi=a:('1', '0', '0', '0'),b:('1', '0', '0', '0'),c:('1', '0', '0', '0'): I(V) = 0   I(V^ss) = 0
==> s961 chi#23=a:('0', '0', '0', '-1'),b:('1', '0', '0', '0'),c:('1', '0', '0', '0') h1=1 m=1 psi=a:('1', '0', '0', '0'),b:('1', '0', '0', '0'),c:('0', '0', '1', '0'): I(V) = 0   I(V^ss) = 0
==> s961 chi#23=a:('0', '0', '0', '-1'),b:('1', '0', '0', '0'),c:('1', '0', '0', '0') h1=1 m=1 psi=a:('1', '0', '0', '0'),b:('1', '0', '0', '0'),c:('-1', '0', '1', '0'): I(V) = 0   I(V^ss) = 0
==> s961 chi#23=a:('0', '0', '0', '-1'),b:('1', '0', '0', '0'),c:('1', '0', '0', '0') h1=1 m=1 psi=a:('1', '0', '0', '0'),b:('1', '0', '0', '0'),c:('-1', '0', '0', '0'): I(V) = 0   I(V^ss) = 0
==> s961 chi#23=a:('0', '0', '0', '-1'),b:('1', '0', '0', '0'),c:('1', '0', '0', '0') h1=1 m=1 psi=a:('1', '0', '0', '0'),b:('1', '0', '0', '0'),c:('0', '0', '-1', '0'): I(V) = 0   I(V^ss) = 0
==> s961 chi#23=a:('0', '0', '0', '-1'),b:('1', '0', '0', '0'),c:('1', '0', '0', '0') h1=1 m=1 psi=a:('1', '0', '0', '0'),b:('1', '0', '0', '0'),c:('1', '0', '-1', '0'): I(V) = 0   I(V^ss) = 0
==> s961 chi#23=a:('0', '0', '0', '-1'),b:('1', '0', '0', '0'),c:('1', '0', '0', '0') h1=1 m=1 psi=a:('1', '0', '0', '0'),b:('-1', '0', '0', '0'),c:('1', '0', '0', '0'): I(V) = 0   I(V^ss) = 0
==> s961 chi#23=a:('0', '0', '0', '-1'),b:('1', '0', '0', '0'),c:('1', '0', '0', '0') h1=1 m=1 psi=a:('1', '0', '0', '0'),b:('-1', '0', '0', '0'),c:('0', '0', '1', '0'): I(V) = 0   I(V^ss) = 0
==> s961 chi#23=a:('0', '0', '0', '-1'),b:('1', '0', '0', '0'),c:('1', '0', '0', '0') h1=1 m=1 psi=a:('1', '0', '0', '0'),b:('-1', '0', '0', '0'),c:('-1', '0', '1', '0'): I(V) = 0   I(V^ss) = 0
==> s961 chi#23=a:('0', '0', '0', '-1'),b:('1', '0', '0', '0'),c:('1', '0', '0', '0') h1=1 m=1 psi=a:('1', '0', '0', '0'),b:('-1', '0', '0', '0'),c:('-1', '0', '0', '0'): I(V) = 0   I(V^ss) = 0
==> s961 chi#23=a:('0', '0', '0', '-1'),b:('1', '0', '0', '0'),c:('1', '0', '0', '0') h1=1 m=1 psi=a:('1', '0', '0', '0'),b:('-1', '0', '0', '0'),c:('0', '0', '-1', '0'): I(V) = 0   I(V^ss) = 0
==> s961 chi#23=a:('0', '0', '0', '-1'),b:('1', '0', '0', '0'),c:('1', '0', '0', '0') h1=1 m=1 psi=a:('1', '0', '0', '0'),b:('-1', '0', '0', '0'),c:('1', '0', '-1', '0'): I(V) = 0   I(V^ss) = 0
==> s961 chi#23=a:('0', '0', '0', '-1'),b:('1', '0', '0', '0'),c:('1', '0', '0', '0') h1=1 m=1 psi=a:('-1', '0', '0', '0'),b:('1', '0', '0', '0'),c:('1', '0', '0', '0'): I(V) = 0   I(V^ss) = 0
==> s961 chi#23=a:('0', '0', '0', '-1'),b:('1', '0', '0', '0'),c:('1', '0', '0', '0') h1=1 m=1 psi=a:('-1', '0', '0', '0'),b:('1', '0', '0', '0'),c:('0', '0', '1', '0'): I(V) = 0   I(V^ss) = 0
==> s961 chi#23=a:('0', '0', '0', '-1'),b:('1', '0', '0', '0'),c:('1', '0', '0', '0') h1=1 m=1 psi=a:('-1', '0', '0', '0'),b:('1', '0', '0', '0'),c:('-1', '0', '1', '0'): I(V) = 0   I(V^ss) = 0
==> s961 chi#23=a:('0', '0', '0', '-1'),b:('1', '0', '0', '0'),c:('1', '0', '0', '0') h1=1 m=1 psi=a:('-1', '0', '0', '0'),b:('1', '0', '0', '0'),c:('-1', '0', '0', '0'): I(V) = 0   I(V^ss) = 0
==> s961 chi#23=a:('0', '0', '0', '-1'),b:('1', '0', '0', '0'),c:('1', '0', '0', '0') h1=1 m=1 psi=a:('-1', '0', '0', '0'),b:('1', '0', '0', '0'),c:('0', '0', '-1', '0'): I(V) = 0   I(V^ss) = 0
==> s961 chi#23=a:('0', '0', '0', '-1'),b:('1', '0', '0', '0'),c:('1', '0', '0', '0') h1=1 m=1 psi=a:('-1', '0', '0', '0'),b:('1', '0', '0', '0'),c:('1', '0', '-1', '0'): I(V) = 0   I(V^ss) = 0
==> s961 chi#23=a:('0', '0', '0', '-1'),b:('1', '0', '0', '0'),c:('1', '0', '0', '0') h1=1 m=1 psi=a:('-1', '0', '0', '0'),b:('-1', '0', '0', '0'),c:('1', '0', '0', '0'): I(V) = 0   I(V^ss) = 0
==> s961 chi#23=a:('0', '0', '0', '-1'),b:('1', '0', '0', '0'),c:('1', '0', '0', '0') h1=1 m=1 psi=a:('-1', '0', '0', '0'),b:('-1', '0', '0', '0'),c:('0', '0', '1', '0'): I(V) = 0   I(V^ss) = 0
==> s961 chi#23=a:('0', '0', '0', '-1'),b:('1', '0', '0', '0'),c:('1', '0', '0', '0') h1=1 m=1 psi=a:('-1', '0', '0', '0'),b:('-1', '0', '0', '0'),c:('-1', '0', '1', '0'): I(V) = 0   I(V^ss) = 0
==> s961 chi#23=a:('0', '0', '0', '-1'),b:('1', '0', '0', '0'),c:('1', '0', '0', '0') h1=1 m=1 psi=a:('-1', '0', '0', '0'),b:('-1', '0', '0', '0'),c:('-1', '0', '0', '0'): I(V) = 0   I(V^ss) = 0
==> s961 chi#23=a:('0', '0', '0', '-1'),b:('1', '0', '0', '0'),c:('1', '0', '0', '0') h1=1 m=1 psi=a:('-1', '0', '0', '0'),b:('-1', '0', '0', '0'),c:('0', '0', '-1', '0'): I(V) = 0   I(V^ss) = 0
==> s961 chi#23=a:('0', '0', '0', '-1'),b:('1', '0', '0', '0'),c:('1', '0', '0', '0') h1=1 m=1 psi=a:('-1', '0', '0', '0'),b:('-1', '0', '0', '0'),c:('1', '0', '-1', '0'): I(V) = 0   I(V^ss) = 0
==> s961 chi#23=a:('0', '0', '0', '-1'),b:('1', '0', '0', '0'),c:('1', '0', '0', '0') h1=1 m=1 psi=chi^1: I(V) = 0   I(V^ss) = 0
==> s961 chi#23=a:('0', '0', '0', '-1'),b:('1', '0', '0', '0'),c:('1', '0', '0', '0') h1=1 m=1 psi=chi^2: I(V) = 0   I(V^ss) = 0
==> s961 chi#23=a:('0', '0', '0', '-1'),b:('1', '0', '0', '0'),c:('1', '0', '0', '0') h1=1 m=1 psi=chi^3: I(V) = 0   I(V^ss) = 0
==> s961 chi#23=a:('0', '0', '0', '-1'),b:('1', '0', '0', '0'),c:('1', '0', '0', '0') h1=1 m=2 psi=a:('1', '0', '0', '0'),b:('1', '0', '0', '0'),c:('1', '0', '0', '0'): I(V) = 0   I(V^ss) = 0
==> s961 chi#23=a:('0', '0', '0', '-1'),b:('1', '0', '0', '0'),c:('1', '0', '0', '0') h1=1 m=2 psi=a:('1', '0', '0', '0'),b:('1', '0', '0', '0'),c:('0', '0', '1', '0'): I(V) = 0   I(V^ss) = 0
==> s961 chi#23=a:('0', '0', '0', '-1'),b:('1', '0', '0', '0'),c:('1', '0', '0', '0') h1=1 m=2 psi=a:('1', '0', '0', '0'),b:('1', '0', '0', '0'),c:('-1', '0', '1', '0'): I(V) = 0   I(V^ss) = 0
==> s961 chi#23=a:('0', '0', '0', '-1'),b:('1', '0', '0', '0'),c:('1', '0', '0', '0') h1=1 m=2 psi=a:('1', '0', '0', '0'),b:('1', '0', '0', '0'),c:('-1', '0', '0', '0'): I(V) = 0   I(V^ss) = 0
==> s961 chi#23=a:('0', '0', '0', '-1'),b:('1', '0', '0', '0'),c:('1', '0', '0', '0') h1=1 m=2 psi=a:('1', '0', '0', '0'),b:('1', '0', '0', '0'),c:('0', '0', '-1', '0'): I(V) = 0   I(V^ss) = 0
==> s961 chi#23=a:('0', '0', '0', '-1'),b:('1', '0', '0', '0'),c:('1', '0', '0', '0') h1=1 m=2 psi=a:('1', '0', '0', '0'),b:('1', '0', '0', '0'),c:('1', '0', '-1', '0'): I(V) = 0   I(V^ss) = 0
==> s961 chi#23=a:('0', '0', '0', '-1'),b:('1', '0', '0', '0'),c:('1', '0', '0', '0') h1=1 m=2 psi=a:('1', '0', '0', '0'),b:('-1', '0', '0', '0'),c:('1', '0', '0', '0'): I(V) = 0   I(V^ss) = 0
==> s961 chi#23=a:('0', '0', '0', '-1'),b:('1', '0', '0', '0'),c:('1', '0', '0', '0') h1=1 m=2 psi=a:('1', '0', '0', '0'),b:('-1', '0', '0', '0'),c:('0', '0', '1', '0'): I(V) = 0   I(V^ss) = 0
==> s961 chi#23=a:('0', '0', '0', '-1'),b:('1', '0', '0', '0'),c:('1', '0', '0', '0') h1=1 m=2 psi=a:('1', '0', '0', '0'),b:('-1', '0', '0', '0'),c:('-1', '0', '1', '0'): I(V) = 0   I(V^ss) = 0
==> s961 chi#23=a:('0', '0', '0', '-1'),b:('1', '0', '0', '0'),c:('1', '0', '0', '0') h1=1 m=2 psi=a:('1', '0', '0', '0'),b:('-1', '0', '0', '0'),c:('-1', '0', '0', '0'): I(V) = 0   I(V^ss) = 0
==> s961 chi#23=a:('0', '0', '0', '-1'),b:('1', '0', '0', '0'),c:('1', '0', '0', '0') h1=1 m=2 psi=a:('1', '0', '0', '0'),b:('-1', '0', '0', '0'),c:('0', '0', '-1', '0'): I(V) = 0   I(V^ss) = 0
==> s961 chi#23=a:('0', '0', '0', '-1'),b:('1', '0', '0', '0'),c:('1', '0', '0', '0') h1=1 m=2 psi=a:('1', '0', '0', '0'),b:('-1', '0', '0', '0'),c:('1', '0', '-1', '0'): I(V) = 0   I(V^ss) = 0
==> s961 chi#23=a:('0', '0', '0', '-1'),b:('1', '0', '0', '0'),c:('1', '0', '0', '0') h1=1 m=2 psi=a:('-1', '0', '0', '0'),b:('1', '0', '0', '0'),c:('1', '0', '0', '0'): I(V) = 0   I(V^ss) = 0
==> s961 chi#23=a:('0', '0', '0', '-1'),b:('1', '0', '0', '0'),c:('1', '0', '0', '0') h1=1 m=2 psi=a:('-1', '0', '0', '0'),b:('1', '0', '0', '0'),c:('0', '0', '1', '0'): I(V) = 0   I(V^ss) = 0
==> s961 chi#23=a:('0', '0', '0', '-1'),b:('1', '0', '0', '0'),c:('1', '0', '0', '0') h1=1 m=2 psi=a:('-1', '0', '0', '0'),b:('1', '0', '0', '0'),c:('-1', '0', '1', '0'): I(V) = 0   I(V^ss) = 0
==> s961 chi#23=a:('0', '0', '0', '-1'),b:('1', '0', '0', '0'),c:('1', '0', '0', '0') h1=1 m=2 psi=a:('-1', '0', '0', '0'),b:('1', '0', '0', '0'),c:('-1', '0', '0', '0'): I(V) = 0   I(V^ss) = 0
==> s961 chi#23=a:('0', '0', '0', '-1'),b:('1', '0', '0', '0'),c:('1', '0', '0', '0') h1=1 m=2 psi=a:('-1', '0', '0', '0'),b:('1', '0', '0', '0'),c:('0', '0', '-1', '0'): I(V) = 0   I(V^ss) = 0
==> s961 chi#23=a:('0', '0', '0', '-1'),b:('1', '0', '0', '0'),c:('1', '0', '0', '0') h1=1 m=2 psi=a:('-1', '0', '0', '0'),b:('1', '0', '0', '0'),c:('1', '0', '-1', '0'): I(V) = 0   I(V^ss) = 0
==> s961 chi#23=a:('0', '0', '0', '-1'),b:('1', '0', '0', '0'),c:('1', '0', '0', '0') h1=1 m=2 psi=a:('-1', '0', '0', '0'),b:('-1', '0', '0', '0'),c:('1', '0', '0', '0'): I(V) = 0   I(V^ss) = 0
==> s961 chi#23=a:('0', '0', '0', '-1'),b:('1', '0', '0', '0'),c:('1', '0', '0', '0') h1=1 m=2 psi=a:('-1', '0', '0', '0'),b:('-1', '0', '0', '0'),c:('0', '0', '1', '0'): I(V) = 0   I(V^ss) = 0
==> s961 chi#23=a:('0', '0', '0', '-1'),b:('1', '0', '0', '0'),c:('1', '0', '0', '0') h1=1 m=2 psi=a:('-1', '0', '0', '0'),b:('-1', '0', '0', '0'),c:('-1', '0', '1', '0'): I(V) = 0   I(V^ss) = 0
==> s961 chi#23=a:('0', '0', '0', '-1'),b:('1', '0', '0', '0'),c:('1', '0', '0', '0') h1=1 m=2 psi=a:('-1', '0', '0', '0'),b:('-1', '0', '0', '0'),c:('-1', '0', '0', '0'): I(V) = 0   I(V^ss) = 0
==> s961 chi#23=a:('0', '0', '0', '-1'),b:('1', '0', '0', '0'),c:('1', '0', '0', '0') h1=1 m=2 psi=a:('-1', '0', '0', '0'),b:('-1', '0', '0', '0'),c:('0', '0', '-1', '0'): I(V) = 0   I(V^ss) = 0
==> s961 chi#23=a:('0', '0', '0', '-1'),b:('1', '0', '0', '0'),c:('1', '0', '0', '0') h1=1 m=2 psi=a:('-1', '0', '0', '0'),b:('-1', '0', '0', '0'),c:('1', '0', '-1', '0'): I(V) = 0   I(V^ss) = 0
==> s961 chi#23=a:('0', '0', '0', '-1'),b:('1', '0', '0', '0'),c:('1', '0', '0', '0') h1=1 m=2 psi=chi^1: I(V) = 0   I(V^ss) = 0
==> s961 chi#23=a:('0', '0', '0', '-1'),b:('1', '0', '0', '0'),c:('1', '0', '0', '0') h1=1 m=2 psi=chi^2: I(V) = 0   I(V^ss) = 0
==> s961 chi#23=a:('0', '0', '0', '-1'),b:('1', '0', '0', '0'),c:('1', '0', '0', '0') h1=1 m=2 psi=chi^3: I(V) = 0   I(V^ss) = 0
==> s961 chi#23=a:('0', '0', '0', '-1'),b:('1', '0', '0', '0'),c:('1', '0', '0', '0') h1=1 m=3 psi=a:('1', '0', '0', '0'),b:('1', '0', '0', '0'),c:('1', '0', '0', '0'): I(V) = 0   I(V^ss) = 0
==> s961 chi#23=a:('0', '0', '0', '-1'),b:('1', '0', '0', '0'),c:('1', '0', '0', '0') h1=1 m=3 psi=a:('1', '0', '0', '0'),b:('1', '0', '0', '0'),c:('0', '0', '1', '0'): I(V) = 0   I(V^ss) = 0
==> s961 chi#23=a:('0', '0', '0', '-1'),b:('1', '0', '0', '0'),c:('1', '0', '0', '0') h1=1 m=3 psi=a:('1', '0', '0', '0'),b:('1', '0', '0', '0'),c:('-1', '0', '1', '0'): I(V) = 0   I(V^ss) = 0
==> s961 chi#23=a:('0', '0', '0', '-1'),b:('1', '0', '0', '0'),c:('1', '0', '0', '0') h1=1 m=3 psi=a:('1', '0', '0', '0'),b:('1', '0', '0', '0'),c:('-1', '0', '0', '0'): I(V) = 0   I(V^ss) = 0
==> s961 chi#23=a:('0', '0', '0', '-1'),b:('1', '0', '0', '0'),c:('1', '0', '0', '0') h1=1 m=3 psi=a:('1', '0', '0', '0'),b:('1', '0', '0', '0'),c:('0', '0', '-1', '0'): I(V) = 0   I(V^ss) = 0
==> s961 chi#23=a:('0', '0', '0', '-1'),b:('1', '0', '0', '0'),c:('1', '0', '0', '0') h1=1 m=3 psi=a:('1', '0', '0', '0'),b:('1', '0', '0', '0'),c:('1', '0', '-1', '0'): I(V) = 0   I(V^ss) = 0
==> s961 chi#23=a:('0', '0', '0', '-1'),b:('1', '0', '0', '0'),c:('1', '0', '0', '0') h1=1 m=3 psi=a:('1', '0', '0', '0'),b:('-1', '0', '0', '0'),c:('1', '0', '0', '0'): I(V) = 0   I(V^ss) = 0
==> s961 chi#23=a:('0', '0', '0', '-1'),b:('1', '0', '0', '0'),c:('1', '0', '0', '0') h1=1 m=3 psi=a:('1', '0', '0', '0'),b:('-1', '0', '0', '0'),c:('0', '0', '1', '0'): I(V) = 0   I(V^ss) = 0
==> s961 chi#23=a:('0', '0', '0', '-1'),b:('1', '0', '0', '0'),c:('1', '0', '0', '0') h1=1 m=3 psi=a:('1', '0', '0', '0'),b:('-1', '0', '0', '0'),c:('-1', '0', '1', '0'): I(V) = 0   I(V^ss) = 0
==> s961 chi#23=a:('0', '0', '0', '-1'),b:('1', '0', '0', '0'),c:('1', '0', '0', '0') h1=1 m=3 psi=a:('1', '0', '0', '0'),b:('-1', '0', '0', '0'),c:('-1', '0', '0', '0'): I(V) = 0   I(V^ss) = 0
==> s961 chi#23=a:('0', '0', '0', '-1'),b:('1', '0', '0', '0'),c:('1', '0', '0', '0') h1=1 m=3 psi=a:('1', '0', '0', '0'),b:('-1', '0', '0', '0'),c:('0', '0', '-1', '0'): I(V) = 0   I(V^ss) = 0
==> s961 chi#23=a:('0', '0', '0', '-1'),b:('1', '0', '0', '0'),c:('1', '0', '0', '0') h1=1 m=3 psi=a:('1', '0', '0', '0'),b:('-1', '0', '0', '0'),c:('1', '0', '-1', '0'): I(V) = 0   I(V^ss) = 0
==> s961 chi#23=a:('0', '0', '0', '-1'),b:('1', '0', '0', '0'),c:('1', '0', '0', '0') h1=1 m=3 psi=a:('-1', '0', '0', '0'),b:('1', '0', '0', '0'),c:('1', '0', '0', '0'): I(V) = 0   I(V^ss) = 0
==> s961 chi#23=a:('0', '0', '0', '-1'),b:('1', '0', '0', '0'),c:('1', '0', '0', '0') h1=1 m=3 psi=a:('-1', '0', '0', '0'),b:('1', '0', '0', '0'),c:('0', '0', '1', '0'): I(V) = 0   I(V^ss) = 0
==> s961 chi#23=a:('0', '0', '0', '-1'),b:('1', '0', '0', '0'),c:('1', '0', '0', '0') h1=1 m=3 psi=a:('-1', '0', '0', '0'),b:('1', '0', '0', '0'),c:('-1', '0', '1', '0'): I(V) = 0   I(V^ss) = 0
==> s961 chi#23=a:('0', '0', '0', '-1'),b:('1', '0', '0', '0'),c:('1', '0', '0', '0') h1=1 m=3 psi=a:('-1', '0', '0', '0'),b:('1', '0', '0', '0'),c:('-1', '0', '0', '0'): I(V) = 0   I(V^ss) = 0
==> s961 chi#23=a:('0', '0', '0', '-1'),b:('1', '0', '0', '0'),c:('1', '0', '0', '0') h1=1 m=3 psi=a:('-1', '0', '0', '0'),b:('1', '0', '0', '0'),c:('0', '0', '-1', '0'): I(V) = 0   I(V^ss) = 0
==> s961 chi#23=a:('0', '0', '0', '-1'),b:('1', '0', '0', '0'),c:('1', '0', '0', '0') h1=1 m=3 psi=a:('-1', '0', '0', '0'),b:('1', '0', '0', '0'),c:('1', '0', '-1', '0'): I(V) = 0   I(V^ss) = 0
==> s961 chi#23=a:('0', '0', '0', '-1'),b:('1', '0', '0', '0'),c:('1', '0', '0', '0') h1=1 m=3 psi=a:('-1', '0', '0', '0'),b:('-1', '0', '0', '0'),c:('1', '0', '0', '0'): I(V) = 0   I(V^ss) = 0
==> s961 chi#23=a:('0', '0', '0', '-1'),b:('1', '0', '0', '0'),c:('1', '0', '0', '0') h1=1 m=3 psi=a:('-1', '0', '0', '0'),b:('-1', '0', '0', '0'),c:('0', '0', '1', '0'): I(V) = 0   I(V^ss) = 0
==> s961 chi#23=a:('0', '0', '0', '-1'),b:('1', '0', '0', '0'),c:('1', '0', '0', '0') h1=1 m=3 psi=a:('-1', '0', '0', '0'),b:('-1', '0', '0', '0'),c:('-1', '0', '1', '0'): I(V) = 0   I(V^ss) = 0
==> s961 chi#23=a:('0', '0', '0', '-1'),b:('1', '0', '0', '0'),c:('1', '0', '0', '0') h1=1 m=3 psi=a:('-1', '0', '0', '0'),b:('-1', '0', '0', '0'),c:('-1', '0', '0', '0'): I(V) = 0   I(V^ss) = 0
==> s961 chi#23=a:('0', '0', '0', '-1'),b:('1', '0', '0', '0'),c:('1', '0', '0', '0') h1=1 m=3 psi=a:('-1', '0', '0', '0'),b:('-1', '0', '0', '0'),c:('0', '0', '-1', '0'): I(V) = 0   I(V^ss) = 0
==> s961 chi#23=a:('0', '0', '0', '-1'),b:('1', '0', '0', '0'),c:('1', '0', '0', '0') h1=1 m=3 psi=a:('-1', '0', '0', '0'),b:('-1', '0', '0', '0'),c:('1', '0', '-1', '0'): I(V) = 0   I(V^ss) = 0
==> s961 chi#23=a:('0', '0', '0', '-1'),b:('1', '0', '0', '0'),c:('1', '0', '0', '0') h1=1 m=3 psi=chi^1: I(V) = 0   I(V^ss) = 0
==> s961 chi#23=a:('0', '0', '0', '-1'),b:('1', '0', '0', '0'),c:('1', '0', '0', '0') h1=1 m=3 psi=chi^2: I(V) = 0   I(V^ss) = 0
==> s961 chi#23=a:('0', '0', '0', '-1'),b:('1', '0', '0', '0'),c:('1', '0', '0', '0') h1=1 m=3 psi=chi^3: I(V) = 0   I(V^ss) = 0
  locus chi#24=a:('0', '0', '0', '-1'),b:('1', '0', '0', '0'),c:('-1', '0', '0', '0') h1=1
==> s961 chi#24=a:('0', '0', '0', '-1'),b:('1', '0', '0', '0'),c:('-1', '0', '0', '0') h1=1 m=1 psi=a:('1', '0', '0', '0'),b:('1', '0', '0', '0'),c:('1', '0', '0', '0'): I(V) = 0   I(V^ss) = 0
==> s961 chi#24=a:('0', '0', '0', '-1'),b:('1', '0', '0', '0'),c:('-1', '0', '0', '0') h1=1 m=1 psi=a:('1', '0', '0', '0'),b:('1', '0', '0', '0'),c:('0', '0', '1', '0'): I(V) = 0   I(V^ss) = 0
==> s961 chi#24=a:('0', '0', '0', '-1'),b:('1', '0', '0', '0'),c:('-1', '0', '0', '0') h1=1 m=1 psi=a:('1', '0', '0', '0'),b:('1', '0', '0', '0'),c:('-1', '0', '1', '0'): I(V) = 0   I(V^ss) = 0
==> s961 chi#24=a:('0', '0', '0', '-1'),b:('1', '0', '0', '0'),c:('-1', '0', '0', '0') h1=1 m=1 psi=a:('1', '0', '0', '0'),b:('1', '0', '0', '0'),c:('-1', '0', '0', '0'): I(V) = 0   I(V^ss) = 0
==> s961 chi#24=a:('0', '0', '0', '-1'),b:('1', '0', '0', '0'),c:('-1', '0', '0', '0') h1=1 m=1 psi=a:('1', '0', '0', '0'),b:('1', '0', '0', '0'),c:('0', '0', '-1', '0'): I(V) = 0   I(V^ss) = 0
==> s961 chi#24=a:('0', '0', '0', '-1'),b:('1', '0', '0', '0'),c:('-1', '0', '0', '0') h1=1 m=1 psi=a:('1', '0', '0', '0'),b:('1', '0', '0', '0'),c:('1', '0', '-1', '0'): I(V) = 0   I(V^ss) = 0
==> s961 chi#24=a:('0', '0', '0', '-1'),b:('1', '0', '0', '0'),c:('-1', '0', '0', '0') h1=1 m=1 psi=a:('1', '0', '0', '0'),b:('-1', '0', '0', '0'),c:('1', '0', '0', '0'): I(V) = 0   I(V^ss) = 0
==> s961 chi#24=a:('0', '0', '0', '-1'),b:('1', '0', '0', '0'),c:('-1', '0', '0', '0') h1=1 m=1 psi=a:('1', '0', '0', '0'),b:('-1', '0', '0', '0'),c:('0', '0', '1', '0'): I(V) = 0   I(V^ss) = 0
==> s961 chi#24=a:('0', '0', '0', '-1'),b:('1', '0', '0', '0'),c:('-1', '0', '0', '0') h1=1 m=1 psi=a:('1', '0', '0', '0'),b:('-1', '0', '0', '0'),c:('-1', '0', '1', '0'): I(V) = 0   I(V^ss) = 0
==> s961 chi#24=a:('0', '0', '0', '-1'),b:('1', '0', '0', '0'),c:('-1', '0', '0', '0') h1=1 m=1 psi=a:('1', '0', '0', '0'),b:('-1', '0', '0', '0'),c:('-1', '0', '0', '0'): I(V) = 0   I(V^ss) = 0
==> s961 chi#24=a:('0', '0', '0', '-1'),b:('1', '0', '0', '0'),c:('-1', '0', '0', '0') h1=1 m=1 psi=a:('1', '0', '0', '0'),b:('-1', '0', '0', '0'),c:('0', '0', '-1', '0'): I(V) = 0   I(V^ss) = 0
==> s961 chi#24=a:('0', '0', '0', '-1'),b:('1', '0', '0', '0'),c:('-1', '0', '0', '0') h1=1 m=1 psi=a:('1', '0', '0', '0'),b:('-1', '0', '0', '0'),c:('1', '0', '-1', '0'): I(V) = 0   I(V^ss) = 0
==> s961 chi#24=a:('0', '0', '0', '-1'),b:('1', '0', '0', '0'),c:('-1', '0', '0', '0') h1=1 m=1 psi=a:('-1', '0', '0', '0'),b:('1', '0', '0', '0'),c:('1', '0', '0', '0'): I(V) = 0   I(V^ss) = 0
==> s961 chi#24=a:('0', '0', '0', '-1'),b:('1', '0', '0', '0'),c:('-1', '0', '0', '0') h1=1 m=1 psi=a:('-1', '0', '0', '0'),b:('1', '0', '0', '0'),c:('0', '0', '1', '0'): I(V) = 0   I(V^ss) = 0
==> s961 chi#24=a:('0', '0', '0', '-1'),b:('1', '0', '0', '0'),c:('-1', '0', '0', '0') h1=1 m=1 psi=a:('-1', '0', '0', '0'),b:('1', '0', '0', '0'),c:('-1', '0', '1', '0'): I(V) = 0   I(V^ss) = 0
==> s961 chi#24=a:('0', '0', '0', '-1'),b:('1', '0', '0', '0'),c:('-1', '0', '0', '0') h1=1 m=1 psi=a:('-1', '0', '0', '0'),b:('1', '0', '0', '0'),c:('-1', '0', '0', '0'): I(V) = 0   I(V^ss) = 0
==> s961 chi#24=a:('0', '0', '0', '-1'),b:('1', '0', '0', '0'),c:('-1', '0', '0', '0') h1=1 m=1 psi=a:('-1', '0', '0', '0'),b:('1', '0', '0', '0'),c:('0', '0', '-1', '0'): I(V) = 0   I(V^ss) = 0
==> s961 chi#24=a:('0', '0', '0', '-1'),b:('1', '0', '0', '0'),c:('-1', '0', '0', '0') h1=1 m=1 psi=a:('-1', '0', '0', '0'),b:('1', '0', '0', '0'),c:('1', '0', '-1', '0'): I(V) = 0   I(V^ss) = 0
==> s961 chi#24=a:('0', '0', '0', '-1'),b:('1', '0', '0', '0'),c:('-1', '0', '0', '0') h1=1 m=1 psi=a:('-1', '0', '0', '0'),b:('-1', '0', '0', '0'),c:('1', '0', '0', '0'): I(V) = 0   I(V^ss) = 0
==> s961 chi#24=a:('0', '0', '0', '-1'),b:('1', '0', '0', '0'),c:('-1', '0', '0', '0') h1=1 m=1 psi=a:('-1', '0', '0', '0'),b:('-1', '0', '0', '0'),c:('0', '0', '1', '0'): I(V) = 0   I(V^ss) = 0
==> s961 chi#24=a:('0', '0', '0', '-1'),b:('1', '0', '0', '0'),c:('-1', '0', '0', '0') h1=1 m=1 psi=a:('-1', '0', '0', '0'),b:('-1', '0', '0', '0'),c:('-1', '0', '1', '0'): I(V) = 0   I(V^ss) = 0
==> s961 chi#24=a:('0', '0', '0', '-1'),b:('1', '0', '0', '0'),c:('-1', '0', '0', '0') h1=1 m=1 psi=a:('-1', '0', '0', '0'),b:('-1', '0', '0', '0'),c:('-1', '0', '0', '0'): I(V) = 0   I(V^ss) = 0
==> s961 chi#24=a:('0', '0', '0', '-1'),b:('1', '0', '0', '0'),c:('-1', '0', '0', '0') h1=1 m=1 psi=a:('-1', '0', '0', '0'),b:('-1', '0', '0', '0'),c:('0', '0', '-1', '0'): I(V) = 0   I(V^ss) = 0
==> s961 chi#24=a:('0', '0', '0', '-1'),b:('1', '0', '0', '0'),c:('-1', '0', '0', '0') h1=1 m=1 psi=a:('-1', '0', '0', '0'),b:('-1', '0', '0', '0'),c:('1', '0', '-1', '0'): I(V) = 0   I(V^ss) = 0
==> s961 chi#24=a:('0', '0', '0', '-1'),b:('1', '0', '0', '0'),c:('-1', '0', '0', '0') h1=1 m=1 psi=chi^1: I(V) = 0   I(V^ss) = 0
==> s961 chi#24=a:('0', '0', '0', '-1'),b:('1', '0', '0', '0'),c:('-1', '0', '0', '0') h1=1 m=1 psi=chi^2: I(V) = 0   I(V^ss) = 0
==> s961 chi#24=a:('0', '0', '0', '-1'),b:('1', '0', '0', '0'),c:('-1', '0', '0', '0') h1=1 m=1 psi=chi^3: I(V) = 0   I(V^ss) = 0
==> s961 chi#24=a:('0', '0', '0', '-1'),b:('1', '0', '0', '0'),c:('-1', '0', '0', '0') h1=1 m=2 psi=a:('1', '0', '0', '0'),b:('1', '0', '0', '0'),c:('1', '0', '0', '0'): I(V) = 0   I(V^ss) = 0
==> s961 chi#24=a:('0', '0', '0', '-1'),b:('1', '0', '0', '0'),c:('-1', '0', '0', '0') h1=1 m=2 psi=a:('1', '0', '0', '0'),b:('1', '0', '0', '0'),c:('0', '0', '1', '0'): I(V) = 0   I(V^ss) = 0
==> s961 chi#24=a:('0', '0', '0', '-1'),b:('1', '0', '0', '0'),c:('-1', '0', '0', '0') h1=1 m=2 psi=a:('1', '0', '0', '0'),b:('1', '0', '0', '0'),c:('-1', '0', '1', '0'): I(V) = 0   I(V^ss) = 0
==> s961 chi#24=a:('0', '0', '0', '-1'),b:('1', '0', '0', '0'),c:('-1', '0', '0', '0') h1=1 m=2 psi=a:('1', '0', '0', '0'),b:('1', '0', '0', '0'),c:('-1', '0', '0', '0'): I(V) = 0   I(V^ss) = 0
==> s961 chi#24=a:('0', '0', '0', '-1'),b:('1', '0', '0', '0'),c:('-1', '0', '0', '0') h1=1 m=2 psi=a:('1', '0', '0', '0'),b:('1', '0', '0', '0'),c:('0', '0', '-1', '0'): I(V) = 0   I(V^ss) = 0
==> s961 chi#24=a:('0', '0', '0', '-1'),b:('1', '0', '0', '0'),c:('-1', '0', '0', '0') h1=1 m=2 psi=a:('1', '0', '0', '0'),b:('1', '0', '0', '0'),c:('1', '0', '-1', '0'): I(V) = 0   I(V^ss) = 0
==> s961 chi#24=a:('0', '0', '0', '-1'),b:('1', '0', '0', '0'),c:('-1', '0', '0', '0') h1=1 m=2 psi=a:('1', '0', '0', '0'),b:('-1', '0', '0', '0'),c:('1', '0', '0', '0'): I(V) = 0   I(V^ss) = 0
==> s961 chi#24=a:('0', '0', '0', '-1'),b:('1', '0', '0', '0'),c:('-1', '0', '0', '0') h1=1 m=2 psi=a:('1', '0', '0', '0'),b:('-1', '0', '0', '0'),c:('0', '0', '1', '0'): I(V) = 0   I(V^ss) = 0
==> s961 chi#24=a:('0', '0', '0', '-1'),b:('1', '0', '0', '0'),c:('-1', '0', '0', '0') h1=1 m=2 psi=a:('1', '0', '0', '0'),b:('-1', '0', '0', '0'),c:('-1', '0', '1', '0'): I(V) = 0   I(V^ss) = 0
==> s961 chi#24=a:('0', '0', '0', '-1'),b:('1', '0', '0', '0'),c:('-1', '0', '0', '0') h1=1 m=2 psi=a:('1', '0', '0', '0'),b:('-1', '0', '0', '0'),c:('-1', '0', '0', '0'): I(V) = 0   I(V^ss) = 0
==> s961 chi#24=a:('0', '0', '0', '-1'),b:('1', '0', '0', '0'),c:('-1', '0', '0', '0') h1=1 m=2 psi=a:('1', '0', '0', '0'),b:('-1', '0', '0', '0'),c:('0', '0', '-1', '0'): I(V) = 0   I(V^ss) = 0
==> s961 chi#24=a:('0', '0', '0', '-1'),b:('1', '0', '0', '0'),c:('-1', '0', '0', '0') h1=1 m=2 psi=a:('1', '0', '0', '0'),b:('-1', '0', '0', '0'),c:('1', '0', '-1', '0'): I(V) = 0   I(V^ss) = 0
==> s961 chi#24=a:('0', '0', '0', '-1'),b:('1', '0', '0', '0'),c:('-1', '0', '0', '0') h1=1 m=2 psi=a:('-1', '0', '0', '0'),b:('1', '0', '0', '0'),c:('1', '0', '0', '0'): I(V) = 0   I(V^ss) = 0
==> s961 chi#24=a:('0', '0', '0', '-1'),b:('1', '0', '0', '0'),c:('-1', '0', '0', '0') h1=1 m=2 psi=a:('-1', '0', '0', '0'),b:('1', '0', '0', '0'),c:('0', '0', '1', '0'): I(V) = 0   I(V^ss) = 0
==> s961 chi#24=a:('0', '0', '0', '-1'),b:('1', '0', '0', '0'),c:('-1', '0', '0', '0') h1=1 m=2 psi=a:('-1', '0', '0', '0'),b:('1', '0', '0', '0'),c:('-1', '0', '1', '0'): I(V) = 0   I(V^ss) = 0
==> s961 chi#24=a:('0', '0', '0', '-1'),b:('1', '0', '0', '0'),c:('-1', '0', '0', '0') h1=1 m=2 psi=a:('-1', '0', '0', '0'),b:('1', '0', '0', '0'),c:('-1', '0', '0', '0'): I(V) = 0   I(V^ss) = 0
==> s961 chi#24=a:('0', '0', '0', '-1'),b:('1', '0', '0', '0'),c:('-1', '0', '0', '0') h1=1 m=2 psi=a:('-1', '0', '0', '0'),b:('1', '0', '0', '0'),c:('0', '0', '-1', '0'): I(V) = 0   I(V^ss) = 0
==> s961 chi#24=a:('0', '0', '0', '-1'),b:('1', '0', '0', '0'),c:('-1', '0', '0', '0') h1=1 m=2 psi=a:('-1', '0', '0', '0'),b:('1', '0', '0', '0'),c:('1', '0', '-1', '0'): I(V) = 0   I(V^ss) = 0
==> s961 chi#24=a:('0', '0', '0', '-1'),b:('1', '0', '0', '0'),c:('-1', '0', '0', '0') h1=1 m=2 psi=a:('-1', '0', '0', '0'),b:('-1', '0', '0', '0'),c:('1', '0', '0', '0'): I(V) = 0   I(V^ss) = 0
==> s961 chi#24=a:('0', '0', '0', '-1'),b:('1', '0', '0', '0'),c:('-1', '0', '0', '0') h1=1 m=2 psi=a:('-1', '0', '0', '0'),b:('-1', '0', '0', '0'),c:('0', '0', '1', '0'): I(V) = 0   I(V^ss) = 0
==> s961 chi#24=a:('0', '0', '0', '-1'),b:('1', '0', '0', '0'),c:('-1', '0', '0', '0') h1=1 m=2 psi=a:('-1', '0', '0', '0'),b:('-1', '0', '0', '0'),c:('-1', '0', '1', '0'): I(V) = 0   I(V^ss) = 0
==> s961 chi#24=a:('0', '0', '0', '-1'),b:('1', '0', '0', '0'),c:('-1', '0', '0', '0') h1=1 m=2 psi=a:('-1', '0', '0', '0'),b:('-1', '0', '0', '0'),c:('-1', '0', '0', '0'): I(V) = 0   I(V^ss) = 0
==> s961 chi#24=a:('0', '0', '0', '-1'),b:('1', '0', '0', '0'),c:('-1', '0', '0', '0') h1=1 m=2 psi=a:('-1', '0', '0', '0'),b:('-1', '0', '0', '0'),c:('0', '0', '-1', '0'): I(V) = 0   I(V^ss) = 0
==> s961 chi#24=a:('0', '0', '0', '-1'),b:('1', '0', '0', '0'),c:('-1', '0', '0', '0') h1=1 m=2 psi=a:('-1', '0', '0', '0'),b:('-1', '0', '0', '0'),c:('1', '0', '-1', '0'): I(V) = 0   I(V^ss) = 0
==> s961 chi#24=a:('0', '0', '0', '-1'),b:('1', '0', '0', '0'),c:('-1', '0', '0', '0') h1=1 m=2 psi=chi^1: I(V) = 0   I(V^ss) = 0
==> s961 chi#24=a:('0', '0', '0', '-1'),b:('1', '0', '0', '0'),c:('-1', '0', '0', '0') h1=1 m=2 psi=chi^2: I(V) = 0   I(V^ss) = 0
==> s961 chi#24=a:('0', '0', '0', '-1'),b:('1', '0', '0', '0'),c:('-1', '0', '0', '0') h1=1 m=2 psi=chi^3: I(V) = 0   I(V^ss) = 0
==> s961 chi#24=a:('0', '0', '0', '-1'),b:('1', '0', '0', '0'),c:('-1', '0', '0', '0') h1=1 m=3 psi=a:('1', '0', '0', '0'),b:('1', '0', '0', '0'),c:('1', '0', '0', '0'): I(V) = 0   I(V^ss) = 0
==> s961 chi#24=a:('0', '0', '0', '-1'),b:('1', '0', '0', '0'),c:('-1', '0', '0', '0') h1=1 m=3 psi=a:('1', '0', '0', '0'),b:('1', '0', '0', '0'),c:('0', '0', '1', '0'): I(V) = 0   I(V^ss) = 0
==> s961 chi#24=a:('0', '0', '0', '-1'),b:('1', '0', '0', '0'),c:('-1', '0', '0', '0') h1=1 m=3 psi=a:('1', '0', '0', '0'),b:('1', '0', '0', '0'),c:('-1', '0', '1', '0'): I(V) = 0   I(V^ss) = 0
==> s961 chi#24=a:('0', '0', '0', '-1'),b:('1', '0', '0', '0'),c:('-1', '0', '0', '0') h1=1 m=3 psi=a:('1', '0', '0', '0'),b:('1', '0', '0', '0'),c:('-1', '0', '0', '0'): I(V) = 0   I(V^ss) = 0
==> s961 chi#24=a:('0', '0', '0', '-1'),b:('1', '0', '0', '0'),c:('-1', '0', '0', '0') h1=1 m=3 psi=a:('1', '0', '0', '0'),b:('1', '0', '0', '0'),c:('0', '0', '-1', '0'): I(V) = 0   I(V^ss) = 0
==> s961 chi#24=a:('0', '0', '0', '-1'),b:('1', '0', '0', '0'),c:('-1', '0', '0', '0') h1=1 m=3 psi=a:('1', '0', '0', '0'),b:('1', '0', '0', '0'),c:('1', '0', '-1', '0'): I(V) = 0   I(V^ss) = 0
==> s961 chi#24=a:('0', '0', '0', '-1'),b:('1', '0', '0', '0'),c:('-1', '0', '0', '0') h1=1 m=3 psi=a:('1', '0', '0', '0'),b:('-1', '0', '0', '0'),c:('1', '0', '0', '0'): I(V) = 0   I(V^ss) = 0
==> s961 chi#24=a:('0', '0', '0', '-1'),b:('1', '0', '0', '0'),c:('-1', '0', '0', '0') h1=1 m=3 psi=a:('1', '0', '0', '0'),b:('-1', '0', '0', '0'),c:('0', '0', '1', '0'): I(V) = 0   I(V^ss) = 0
==> s961 chi#24=a:('0', '0', '0', '-1'),b:('1', '0', '0', '0'),c:('-1', '0', '0', '0') h1=1 m=3 psi=a:('1', '0', '0', '0'),b:('-1', '0', '0', '0'),c:('-1', '0', '1', '0'): I(V) = 0   I(V^ss) = 0
==> s961 chi#24=a:('0', '0', '0', '-1'),b:('1', '0', '0', '0'),c:('-1', '0', '0', '0') h1=1 m=3 psi=a:('1', '0', '0', '0'),b:('-1', '0', '0', '0'),c:('-1', '0', '0', '0'): I(V) = 0   I(V^ss) = 0
==> s961 chi#24=a:('0', '0', '0', '-1'),b:('1', '0', '0', '0'),c:('-1', '0', '0', '0') h1=1 m=3 psi=a:('1', '0', '0', '0'),b:('-1', '0', '0', '0'),c:('0', '0', '-1', '0'): I(V) = 0   I(V^ss) = 0
==> s961 chi#24=a:('0', '0', '0', '-1'),b:('1', '0', '0', '0'),c:('-1', '0', '0', '0') h1=1 m=3 psi=a:('1', '0', '0', '0'),b:('-1', '0', '0', '0'),c:('1', '0', '-1', '0'): I(V) = 0   I(V^ss) = 0
==> s961 chi#24=a:('0', '0', '0', '-1'),b:('1', '0', '0', '0'),c:('-1', '0', '0', '0') h1=1 m=3 psi=a:('-1', '0', '0', '0'),b:('1', '0', '0', '0'),c:('1', '0', '0', '0'): I(V) = 0   I(V^ss) = 0
==> s961 chi#24=a:('0', '0', '0', '-1'),b:('1', '0', '0', '0'),c:('-1', '0', '0', '0') h1=1 m=3 psi=a:('-1', '0', '0', '0'),b:('1', '0', '0', '0'),c:('0', '0', '1', '0'): I(V) = 0   I(V^ss) = 0
==> s961 chi#24=a:('0', '0', '0', '-1'),b:('1', '0', '0', '0'),c:('-1', '0', '0', '0') h1=1 m=3 psi=a:('-1', '0', '0', '0'),b:('1', '0', '0', '0'),c:('-1', '0', '1', '0'): I(V) = 0   I(V^ss) = 0
==> s961 chi#24=a:('0', '0', '0', '-1'),b:('1', '0', '0', '0'),c:('-1', '0', '0', '0') h1=1 m=3 psi=a:('-1', '0', '0', '0'),b:('1', '0', '0', '0'),c:('-1', '0', '0', '0'): I(V) = 0   I(V^ss) = 0
==> s961 chi#24=a:('0', '0', '0', '-1'),b:('1', '0', '0', '0'),c:('-1', '0', '0', '0') h1=1 m=3 psi=a:('-1', '0', '0', '0'),b:('1', '0', '0', '0'),c:('0', '0', '-1', '0'): I(V) = 0   I(V^ss) = 0
==> s961 chi#24=a:('0', '0', '0', '-1'),b:('1', '0', '0', '0'),c:('-1', '0', '0', '0') h1=1 m=3 psi=a:('-1', '0', '0', '0'),b:('1', '0', '0', '0'),c:('1', '0', '-1', '0'): I(V) = 0   I(V^ss) = 0
==> s961 chi#24=a:('0', '0', '0', '-1'),b:('1', '0', '0', '0'),c:('-1', '0', '0', '0') h1=1 m=3 psi=a:('-1', '0', '0', '0'),b:('-1', '0', '0', '0'),c:('1', '0', '0', '0'): I(V) = 0   I(V^ss) = 0
==> s961 chi#24=a:('0', '0', '0', '-1'),b:('1', '0', '0', '0'),c:('-1', '0', '0', '0') h1=1 m=3 psi=a:('-1', '0', '0', '0'),b:('-1', '0', '0', '0'),c:('0', '0', '1', '0'): I(V) = 0   I(V^ss) = 0
==> s961 chi#24=a:('0', '0', '0', '-1'),b:('1', '0', '0', '0'),c:('-1', '0', '0', '0') h1=1 m=3 psi=a:('-1', '0', '0', '0'),b:('-1', '0', '0', '0'),c:('-1', '0', '1', '0'): I(V) = 0   I(V^ss) = 0
==> s961 chi#24=a:('0', '0', '0', '-1'),b:('1', '0', '0', '0'),c:('-1', '0', '0', '0') h1=1 m=3 psi=a:('-1', '0', '0', '0'),b:('-1', '0', '0', '0'),c:('-1', '0', '0', '0'): I(V) = 0   I(V^ss) = 0
==> s961 chi#24=a:('0', '0', '0', '-1'),b:('1', '0', '0', '0'),c:('-1', '0', '0', '0') h1=1 m=3 psi=a:('-1', '0', '0', '0'),b:('-1', '0', '0', '0'),c:('0', '0', '-1', '0'): I(V) = 0   I(V^ss) = 0
==> s961 chi#24=a:('0', '0', '0', '-1'),b:('1', '0', '0', '0'),c:('-1', '0', '0', '0') h1=1 m=3 psi=a:('-1', '0', '0', '0'),b:('-1', '0', '0', '0'),c:('1', '0', '-1', '0'): I(V) = 0   I(V^ss) = 0
==> s961 chi#24=a:('0', '0', '0', '-1'),b:('1', '0', '0', '0'),c:('-1', '0', '0', '0') h1=1 m=3 psi=chi^1: I(V) = 0   I(V^ss) = 0
==> s961 chi#24=a:('0', '0', '0', '-1'),b:('1', '0', '0', '0'),c:('-1', '0', '0', '0') h1=1 m=3 psi=chi^2: I(V) = 0   I(V^ss) = 0
==> s961 chi#24=a:('0', '0', '0', '-1'),b:('1', '0', '0', '0'),c:('-1', '0', '0', '0') h1=1 m=3 psi=chi^3: I(V) = 0   I(V^ss) = 0
  locus chi#25=a:('0', '0', '0', '-1'),b:('0', '0', '0', '1'),c:('0', '0', '0', '1') h1=1
==> s961 chi#25=a:('0', '0', '0', '-1'),b:('0', '0', '0', '1'),c:('0', '0', '0', '1') h1=1 m=1 psi=a:('1', '0', '0', '0'),b:('1', '0', '0', '0'),c:('1', '0', '0', '0'): I(V) = 0   I(V^ss) = 0
==> s961 chi#25=a:('0', '0', '0', '-1'),b:('0', '0', '0', '1'),c:('0', '0', '0', '1') h1=1 m=1 psi=a:('1', '0', '0', '0'),b:('1', '0', '0', '0'),c:('0', '0', '1', '0'): I(V) = 0   I(V^ss) = 0
==> s961 chi#25=a:('0', '0', '0', '-1'),b:('0', '0', '0', '1'),c:('0', '0', '0', '1') h1=1 m=1 psi=a:('1', '0', '0', '0'),b:('1', '0', '0', '0'),c:('-1', '0', '1', '0'): I(V) = 0   I(V^ss) = 0
==> s961 chi#25=a:('0', '0', '0', '-1'),b:('0', '0', '0', '1'),c:('0', '0', '0', '1') h1=1 m=1 psi=a:('1', '0', '0', '0'),b:('1', '0', '0', '0'),c:('-1', '0', '0', '0'): I(V) = 0   I(V^ss) = 0
==> s961 chi#25=a:('0', '0', '0', '-1'),b:('0', '0', '0', '1'),c:('0', '0', '0', '1') h1=1 m=1 psi=a:('1', '0', '0', '0'),b:('1', '0', '0', '0'),c:('0', '0', '-1', '0'): I(V) = 0   I(V^ss) = 0
==> s961 chi#25=a:('0', '0', '0', '-1'),b:('0', '0', '0', '1'),c:('0', '0', '0', '1') h1=1 m=1 psi=a:('1', '0', '0', '0'),b:('1', '0', '0', '0'),c:('1', '0', '-1', '0'): I(V) = 0   I(V^ss) = 0
==> s961 chi#25=a:('0', '0', '0', '-1'),b:('0', '0', '0', '1'),c:('0', '0', '0', '1') h1=1 m=1 psi=a:('1', '0', '0', '0'),b:('-1', '0', '0', '0'),c:('1', '0', '0', '0'): I(V) = 0   I(V^ss) = 0
==> s961 chi#25=a:('0', '0', '0', '-1'),b:('0', '0', '0', '1'),c:('0', '0', '0', '1') h1=1 m=1 psi=a:('1', '0', '0', '0'),b:('-1', '0', '0', '0'),c:('0', '0', '1', '0'): I(V) = 0   I(V^ss) = 0
==> s961 chi#25=a:('0', '0', '0', '-1'),b:('0', '0', '0', '1'),c:('0', '0', '0', '1') h1=1 m=1 psi=a:('1', '0', '0', '0'),b:('-1', '0', '0', '0'),c:('-1', '0', '1', '0'): I(V) = 0   I(V^ss) = 0
==> s961 chi#25=a:('0', '0', '0', '-1'),b:('0', '0', '0', '1'),c:('0', '0', '0', '1') h1=1 m=1 psi=a:('1', '0', '0', '0'),b:('-1', '0', '0', '0'),c:('-1', '0', '0', '0'): I(V) = 0   I(V^ss) = 0
==> s961 chi#25=a:('0', '0', '0', '-1'),b:('0', '0', '0', '1'),c:('0', '0', '0', '1') h1=1 m=1 psi=a:('1', '0', '0', '0'),b:('-1', '0', '0', '0'),c:('0', '0', '-1', '0'): I(V) = 0   I(V^ss) = 0
==> s961 chi#25=a:('0', '0', '0', '-1'),b:('0', '0', '0', '1'),c:('0', '0', '0', '1') h1=1 m=1 psi=a:('1', '0', '0', '0'),b:('-1', '0', '0', '0'),c:('1', '0', '-1', '0'): I(V) = 0   I(V^ss) = 0
==> s961 chi#25=a:('0', '0', '0', '-1'),b:('0', '0', '0', '1'),c:('0', '0', '0', '1') h1=1 m=1 psi=a:('-1', '0', '0', '0'),b:('1', '0', '0', '0'),c:('1', '0', '0', '0'): I(V) = 0   I(V^ss) = 0
==> s961 chi#25=a:('0', '0', '0', '-1'),b:('0', '0', '0', '1'),c:('0', '0', '0', '1') h1=1 m=1 psi=a:('-1', '0', '0', '0'),b:('1', '0', '0', '0'),c:('0', '0', '1', '0'): I(V) = 0   I(V^ss) = 0
==> s961 chi#25=a:('0', '0', '0', '-1'),b:('0', '0', '0', '1'),c:('0', '0', '0', '1') h1=1 m=1 psi=a:('-1', '0', '0', '0'),b:('1', '0', '0', '0'),c:('-1', '0', '1', '0'): I(V) = 0   I(V^ss) = 0
==> s961 chi#25=a:('0', '0', '0', '-1'),b:('0', '0', '0', '1'),c:('0', '0', '0', '1') h1=1 m=1 psi=a:('-1', '0', '0', '0'),b:('1', '0', '0', '0'),c:('-1', '0', '0', '0'): I(V) = 0   I(V^ss) = 0
==> s961 chi#25=a:('0', '0', '0', '-1'),b:('0', '0', '0', '1'),c:('0', '0', '0', '1') h1=1 m=1 psi=a:('-1', '0', '0', '0'),b:('1', '0', '0', '0'),c:('0', '0', '-1', '0'): I(V) = 0   I(V^ss) = 0
==> s961 chi#25=a:('0', '0', '0', '-1'),b:('0', '0', '0', '1'),c:('0', '0', '0', '1') h1=1 m=1 psi=a:('-1', '0', '0', '0'),b:('1', '0', '0', '0'),c:('1', '0', '-1', '0'): I(V) = 0   I(V^ss) = 0
==> s961 chi#25=a:('0', '0', '0', '-1'),b:('0', '0', '0', '1'),c:('0', '0', '0', '1') h1=1 m=1 psi=a:('-1', '0', '0', '0'),b:('-1', '0', '0', '0'),c:('1', '0', '0', '0'): I(V) = 0   I(V^ss) = 0
==> s961 chi#25=a:('0', '0', '0', '-1'),b:('0', '0', '0', '1'),c:('0', '0', '0', '1') h1=1 m=1 psi=a:('-1', '0', '0', '0'),b:('-1', '0', '0', '0'),c:('0', '0', '1', '0'): I(V) = 0   I(V^ss) = 0
==> s961 chi#25=a:('0', '0', '0', '-1'),b:('0', '0', '0', '1'),c:('0', '0', '0', '1') h1=1 m=1 psi=a:('-1', '0', '0', '0'),b:('-1', '0', '0', '0'),c:('-1', '0', '1', '0'): I(V) = 0   I(V^ss) = 0
==> s961 chi#25=a:('0', '0', '0', '-1'),b:('0', '0', '0', '1'),c:('0', '0', '0', '1') h1=1 m=1 psi=a:('-1', '0', '0', '0'),b:('-1', '0', '0', '0'),c:('-1', '0', '0', '0'): I(V) = 0   I(V^ss) = 0
==> s961 chi#25=a:('0', '0', '0', '-1'),b:('0', '0', '0', '1'),c:('0', '0', '0', '1') h1=1 m=1 psi=a:('-1', '0', '0', '0'),b:('-1', '0', '0', '0'),c:('0', '0', '-1', '0'): I(V) = 0   I(V^ss) = 0
==> s961 chi#25=a:('0', '0', '0', '-1'),b:('0', '0', '0', '1'),c:('0', '0', '0', '1') h1=1 m=1 psi=a:('-1', '0', '0', '0'),b:('-1', '0', '0', '0'),c:('1', '0', '-1', '0'): I(V) = 0   I(V^ss) = 0
==> s961 chi#25=a:('0', '0', '0', '-1'),b:('0', '0', '0', '1'),c:('0', '0', '0', '1') h1=1 m=1 psi=chi^1: I(V) = 0   I(V^ss) = 0
==> s961 chi#25=a:('0', '0', '0', '-1'),b:('0', '0', '0', '1'),c:('0', '0', '0', '1') h1=1 m=1 psi=chi^2: I(V) = 0   I(V^ss) = 0
==> s961 chi#25=a:('0', '0', '0', '-1'),b:('0', '0', '0', '1'),c:('0', '0', '0', '1') h1=1 m=1 psi=chi^3: I(V) = 0   I(V^ss) = 0
==> s961 chi#25=a:('0', '0', '0', '-1'),b:('0', '0', '0', '1'),c:('0', '0', '0', '1') h1=1 m=2 psi=a:('1', '0', '0', '0'),b:('1', '0', '0', '0'),c:('1', '0', '0', '0'): I(V) = 0   I(V^ss) = 0
==> s961 chi#25=a:('0', '0', '0', '-1'),b:('0', '0', '0', '1'),c:('0', '0', '0', '1') h1=1 m=2 psi=a:('1', '0', '0', '0'),b:('1', '0', '0', '0'),c:('0', '0', '1', '0'): I(V) = 0   I(V^ss) = 0
==> s961 chi#25=a:('0', '0', '0', '-1'),b:('0', '0', '0', '1'),c:('0', '0', '0', '1') h1=1 m=2 psi=a:('1', '0', '0', '0'),b:('1', '0', '0', '0'),c:('-1', '0', '1', '0'): I(V) = 0   I(V^ss) = 0
==> s961 chi#25=a:('0', '0', '0', '-1'),b:('0', '0', '0', '1'),c:('0', '0', '0', '1') h1=1 m=2 psi=a:('1', '0', '0', '0'),b:('1', '0', '0', '0'),c:('-1', '0', '0', '0'): I(V) = 0   I(V^ss) = 0
==> s961 chi#25=a:('0', '0', '0', '-1'),b:('0', '0', '0', '1'),c:('0', '0', '0', '1') h1=1 m=2 psi=a:('1', '0', '0', '0'),b:('1', '0', '0', '0'),c:('0', '0', '-1', '0'): I(V) = 0   I(V^ss) = 0
==> s961 chi#25=a:('0', '0', '0', '-1'),b:('0', '0', '0', '1'),c:('0', '0', '0', '1') h1=1 m=2 psi=a:('1', '0', '0', '0'),b:('1', '0', '0', '0'),c:('1', '0', '-1', '0'): I(V) = 0   I(V^ss) = 0
==> s961 chi#25=a:('0', '0', '0', '-1'),b:('0', '0', '0', '1'),c:('0', '0', '0', '1') h1=1 m=2 psi=a:('1', '0', '0', '0'),b:('-1', '0', '0', '0'),c:('1', '0', '0', '0'): I(V) = 0   I(V^ss) = 0
==> s961 chi#25=a:('0', '0', '0', '-1'),b:('0', '0', '0', '1'),c:('0', '0', '0', '1') h1=1 m=2 psi=a:('1', '0', '0', '0'),b:('-1', '0', '0', '0'),c:('0', '0', '1', '0'): I(V) = 0   I(V^ss) = 0
==> s961 chi#25=a:('0', '0', '0', '-1'),b:('0', '0', '0', '1'),c:('0', '0', '0', '1') h1=1 m=2 psi=a:('1', '0', '0', '0'),b:('-1', '0', '0', '0'),c:('-1', '0', '1', '0'): I(V) = 0   I(V^ss) = 0
==> s961 chi#25=a:('0', '0', '0', '-1'),b:('0', '0', '0', '1'),c:('0', '0', '0', '1') h1=1 m=2 psi=a:('1', '0', '0', '0'),b:('-1', '0', '0', '0'),c:('-1', '0', '0', '0'): I(V) = 0   I(V^ss) = 0
==> s961 chi#25=a:('0', '0', '0', '-1'),b:('0', '0', '0', '1'),c:('0', '0', '0', '1') h1=1 m=2 psi=a:('1', '0', '0', '0'),b:('-1', '0', '0', '0'),c:('0', '0', '-1', '0'): I(V) = 0   I(V^ss) = 0
==> s961 chi#25=a:('0', '0', '0', '-1'),b:('0', '0', '0', '1'),c:('0', '0', '0', '1') h1=1 m=2 psi=a:('1', '0', '0', '0'),b:('-1', '0', '0', '0'),c:('1', '0', '-1', '0'): I(V) = 0   I(V^ss) = 0
==> s961 chi#25=a:('0', '0', '0', '-1'),b:('0', '0', '0', '1'),c:('0', '0', '0', '1') h1=1 m=2 psi=a:('-1', '0', '0', '0'),b:('1', '0', '0', '0'),c:('1', '0', '0', '0'): I(V) = 0   I(V^ss) = 0
==> s961 chi#25=a:('0', '0', '0', '-1'),b:('0', '0', '0', '1'),c:('0', '0', '0', '1') h1=1 m=2 psi=a:('-1', '0', '0', '0'),b:('1', '0', '0', '0'),c:('0', '0', '1', '0'): I(V) = 0   I(V^ss) = 0
==> s961 chi#25=a:('0', '0', '0', '-1'),b:('0', '0', '0', '1'),c:('0', '0', '0', '1') h1=1 m=2 psi=a:('-1', '0', '0', '0'),b:('1', '0', '0', '0'),c:('-1', '0', '1', '0'): I(V) = 0   I(V^ss) = 0
==> s961 chi#25=a:('0', '0', '0', '-1'),b:('0', '0', '0', '1'),c:('0', '0', '0', '1') h1=1 m=2 psi=a:('-1', '0', '0', '0'),b:('1', '0', '0', '0'),c:('-1', '0', '0', '0'): I(V) = 0   I(V^ss) = 0
==> s961 chi#25=a:('0', '0', '0', '-1'),b:('0', '0', '0', '1'),c:('0', '0', '0', '1') h1=1 m=2 psi=a:('-1', '0', '0', '0'),b:('1', '0', '0', '0'),c:('0', '0', '-1', '0'): I(V) = 0   I(V^ss) = 0
==> s961 chi#25=a:('0', '0', '0', '-1'),b:('0', '0', '0', '1'),c:('0', '0', '0', '1') h1=1 m=2 psi=a:('-1', '0', '0', '0'),b:('1', '0', '0', '0'),c:('1', '0', '-1', '0'): I(V) = 0   I(V^ss) = 0
==> s961 chi#25=a:('0', '0', '0', '-1'),b:('0', '0', '0', '1'),c:('0', '0', '0', '1') h1=1 m=2 psi=a:('-1', '0', '0', '0'),b:('-1', '0', '0', '0'),c:('1', '0', '0', '0'): I(V) = 0   I(V^ss) = 0
==> s961 chi#25=a:('0', '0', '0', '-1'),b:('0', '0', '0', '1'),c:('0', '0', '0', '1') h1=1 m=2 psi=a:('-1', '0', '0', '0'),b:('-1', '0', '0', '0'),c:('0', '0', '1', '0'): I(V) = 0   I(V^ss) = 0
==> s961 chi#25=a:('0', '0', '0', '-1'),b:('0', '0', '0', '1'),c:('0', '0', '0', '1') h1=1 m=2 psi=a:('-1', '0', '0', '0'),b:('-1', '0', '0', '0'),c:('-1', '0', '1', '0'): I(V) = 0   I(V^ss) = 0
==> s961 chi#25=a:('0', '0', '0', '-1'),b:('0', '0', '0', '1'),c:('0', '0', '0', '1') h1=1 m=2 psi=a:('-1', '0', '0', '0'),b:('-1', '0', '0', '0'),c:('-1', '0', '0', '0'): I(V) = 0   I(V^ss) = 0
==> s961 chi#25=a:('0', '0', '0', '-1'),b:('0', '0', '0', '1'),c:('0', '0', '0', '1') h1=1 m=2 psi=a:('-1', '0', '0', '0'),b:('-1', '0', '0', '0'),c:('0', '0', '-1', '0'): I(V) = 0   I(V^ss) = 0
==> s961 chi#25=a:('0', '0', '0', '-1'),b:('0', '0', '0', '1'),c:('0', '0', '0', '1') h1=1 m=2 psi=a:('-1', '0', '0', '0'),b:('-1', '0', '0', '0'),c:('1', '0', '-1', '0'): I(V) = 0   I(V^ss) = 0
==> s961 chi#25=a:('0', '0', '0', '-1'),b:('0', '0', '0', '1'),c:('0', '0', '0', '1') h1=1 m=2 psi=chi^1: I(V) = 0   I(V^ss) = 0
==> s961 chi#25=a:('0', '0', '0', '-1'),b:('0', '0', '0', '1'),c:('0', '0', '0', '1') h1=1 m=2 psi=chi^2: I(V) = 0   I(V^ss) = 0
==> s961 chi#25=a:('0', '0', '0', '-1'),b:('0', '0', '0', '1'),c:('0', '0', '0', '1') h1=1 m=2 psi=chi^3: I(V) = 0   I(V^ss) = 0
==> s961 chi#25=a:('0', '0', '0', '-1'),b:('0', '0', '0', '1'),c:('0', '0', '0', '1') h1=1 m=3 psi=a:('1', '0', '0', '0'),b:('1', '0', '0', '0'),c:('1', '0', '0', '0'): I(V) = 0   I(V^ss) = 0
==> s961 chi#25=a:('0', '0', '0', '-1'),b:('0', '0', '0', '1'),c:('0', '0', '0', '1') h1=1 m=3 psi=a:('1', '0', '0', '0'),b:('1', '0', '0', '0'),c:('0', '0', '1', '0'): I(V) = 0   I(V^ss) = 0
==> s961 chi#25=a:('0', '0', '0', '-1'),b:('0', '0', '0', '1'),c:('0', '0', '0', '1') h1=1 m=3 psi=a:('1', '0', '0', '0'),b:('1', '0', '0', '0'),c:('-1', '0', '1', '0'): I(V) = 0   I(V^ss) = 0
==> s961 chi#25=a:('0', '0', '0', '-1'),b:('0', '0', '0', '1'),c:('0', '0', '0', '1') h1=1 m=3 psi=a:('1', '0', '0', '0'),b:('1', '0', '0', '0'),c:('-1', '0', '0', '0'): I(V) = 0   I(V^ss) = 0
==> s961 chi#25=a:('0', '0', '0', '-1'),b:('0', '0', '0', '1'),c:('0', '0', '0', '1') h1=1 m=3 psi=a:('1', '0', '0', '0'),b:('1', '0', '0', '0'),c:('0', '0', '-1', '0'): I(V) = 0   I(V^ss) = 0
==> s961 chi#25=a:('0', '0', '0', '-1'),b:('0', '0', '0', '1'),c:('0', '0', '0', '1') h1=1 m=3 psi=a:('1', '0', '0', '0'),b:('1', '0', '0', '0'),c:('1', '0', '-1', '0'): I(V) = 0   I(V^ss) = 0
==> s961 chi#25=a:('0', '0', '0', '-1'),b:('0', '0', '0', '1'),c:('0', '0', '0', '1') h1=1 m=3 psi=a:('1', '0', '0', '0'),b:('-1', '0', '0', '0'),c:('1', '0', '0', '0'): I(V) = 0   I(V^ss) = 0
==> s961 chi#25=a:('0', '0', '0', '-1'),b:('0', '0', '0', '1'),c:('0', '0', '0', '1') h1=1 m=3 psi=a:('1', '0', '0', '0'),b:('-1', '0', '0', '0'),c:('0', '0', '1', '0'): I(V) = 0   I(V^ss) = 0
==> s961 chi#25=a:('0', '0', '0', '-1'),b:('0', '0', '0', '1'),c:('0', '0', '0', '1') h1=1 m=3 psi=a:('1', '0', '0', '0'),b:('-1', '0', '0', '0'),c:('-1', '0', '1', '0'): I(V) = 0   I(V^ss) = 0
==> s961 chi#25=a:('0', '0', '0', '-1'),b:('0', '0', '0', '1'),c:('0', '0', '0', '1') h1=1 m=3 psi=a:('1', '0', '0', '0'),b:('-1', '0', '0', '0'),c:('-1', '0', '0', '0'): I(V) = 0   I(V^ss) = 0
==> s961 chi#25=a:('0', '0', '0', '-1'),b:('0', '0', '0', '1'),c:('0', '0', '0', '1') h1=1 m=3 psi=a:('1', '0', '0', '0'),b:('-1', '0', '0', '0'),c:('0', '0', '-1', '0'): I(V) = 0   I(V^ss) = 0
==> s961 chi#25=a:('0', '0', '0', '-1'),b:('0', '0', '0', '1'),c:('0', '0', '0', '1') h1=1 m=3 psi=a:('1', '0', '0', '0'),b:('-1', '0', '0', '0'),c:('1', '0', '-1', '0'): I(V) = 0   I(V^ss) = 0
==> s961 chi#25=a:('0', '0', '0', '-1'),b:('0', '0', '0', '1'),c:('0', '0', '0', '1') h1=1 m=3 psi=a:('-1', '0', '0', '0'),b:('1', '0', '0', '0'),c:('1', '0', '0', '0'): I(V) = 0   I(V^ss) = 0
==> s961 chi#25=a:('0', '0', '0', '-1'),b:('0', '0', '0', '1'),c:('0', '0', '0', '1') h1=1 m=3 psi=a:('-1', '0', '0', '0'),b:('1', '0', '0', '0'),c:('0', '0', '1', '0'): I(V) = 0   I(V^ss) = 0
==> s961 chi#25=a:('0', '0', '0', '-1'),b:('0', '0', '0', '1'),c:('0', '0', '0', '1') h1=1 m=3 psi=a:('-1', '0', '0', '0'),b:('1', '0', '0', '0'),c:('-1', '0', '1', '0'): I(V) = 0   I(V^ss) = 0
==> s961 chi#25=a:('0', '0', '0', '-1'),b:('0', '0', '0', '1'),c:('0', '0', '0', '1') h1=1 m=3 psi=a:('-1', '0', '0', '0'),b:('1', '0', '0', '0'),c:('-1', '0', '0', '0'): I(V) = 0   I(V^ss) = 0
==> s961 chi#25=a:('0', '0', '0', '-1'),b:('0', '0', '0', '1'),c:('0', '0', '0', '1') h1=1 m=3 psi=a:('-1', '0', '0', '0'),b:('1', '0', '0', '0'),c:('0', '0', '-1', '0'): I(V) = 0   I(V^ss) = 0
==> s961 chi#25=a:('0', '0', '0', '-1'),b:('0', '0', '0', '1'),c:('0', '0', '0', '1') h1=1 m=3 psi=a:('-1', '0', '0', '0'),b:('1', '0', '0', '0'),c:('1', '0', '-1', '0'): I(V) = 0   I(V^ss) = 0
==> s961 chi#25=a:('0', '0', '0', '-1'),b:('0', '0', '0', '1'),c:('0', '0', '0', '1') h1=1 m=3 psi=a:('-1', '0', '0', '0'),b:('-1', '0', '0', '0'),c:('1', '0', '0', '0'): I(V) = 0   I(V^ss) = 0
==> s961 chi#25=a:('0', '0', '0', '-1'),b:('0', '0', '0', '1'),c:('0', '0', '0', '1') h1=1 m=3 psi=a:('-1', '0', '0', '0'),b:('-1', '0', '0', '0'),c:('0', '0', '1', '0'): I(V) = 0   I(V^ss) = 0
==> s961 chi#25=a:('0', '0', '0', '-1'),b:('0', '0', '0', '1'),c:('0', '0', '0', '1') h1=1 m=3 psi=a:('-1', '0', '0', '0'),b:('-1', '0', '0', '0'),c:('-1', '0', '1', '0'): I(V) = 0   I(V^ss) = 0
==> s961 chi#25=a:('0', '0', '0', '-1'),b:('0', '0', '0', '1'),c:('0', '0', '0', '1') h1=1 m=3 psi=a:('-1', '0', '0', '0'),b:('-1', '0', '0', '0'),c:('-1', '0', '0', '0'): I(V) = 0   I(V^ss) = 0
==> s961 chi#25=a:('0', '0', '0', '-1'),b:('0', '0', '0', '1'),c:('0', '0', '0', '1') h1=1 m=3 psi=a:('-1', '0', '0', '0'),b:('-1', '0', '0', '0'),c:('0', '0', '-1', '0'): I(V) = 0   I(V^ss) = 0
==> s961 chi#25=a:('0', '0', '0', '-1'),b:('0', '0', '0', '1'),c:('0', '0', '0', '1') h1=1 m=3 psi=a:('-1', '0', '0', '0'),b:('-1', '0', '0', '0'),c:('1', '0', '-1', '0'): I(V) = 0   I(V^ss) = 0
==> s961 chi#25=a:('0', '0', '0', '-1'),b:('0', '0', '0', '1'),c:('0', '0', '0', '1') h1=1 m=3 psi=chi^1: I(V) = 0   I(V^ss) = 0
==> s961 chi#25=a:('0', '0', '0', '-1'),b:('0', '0', '0', '1'),c:('0', '0', '0', '1') h1=1 m=3 psi=chi^2: I(V) = 0   I(V^ss) = 0
==> s961 chi#25=a:('0', '0', '0', '-1'),b:('0', '0', '0', '1'),c:('0', '0', '0', '1') h1=1 m=3 psi=chi^3: I(V) = 0   I(V^ss) = 0
  locus chi#26=a:('0', '0', '0', '-1'),b:('0', '0', '0', '1'),c:('0', '0', '0', '-1') h1=1
==> s961 chi#26=a:('0', '0', '0', '-1'),b:('0', '0', '0', '1'),c:('0', '0', '0', '-1') h1=1 m=1 psi=a:('1', '0', '0', '0'),b:('1', '0', '0', '0'),c:('1', '0', '0', '0'): I(V) = 0   I(V^ss) = 0
==> s961 chi#26=a:('0', '0', '0', '-1'),b:('0', '0', '0', '1'),c:('0', '0', '0', '-1') h1=1 m=1 psi=a:('1', '0', '0', '0'),b:('1', '0', '0', '0'),c:('0', '0', '1', '0'): I(V) = 0   I(V^ss) = 0
==> s961 chi#26=a:('0', '0', '0', '-1'),b:('0', '0', '0', '1'),c:('0', '0', '0', '-1') h1=1 m=1 psi=a:('1', '0', '0', '0'),b:('1', '0', '0', '0'),c:('-1', '0', '1', '0'): I(V) = 0   I(V^ss) = 0
==> s961 chi#26=a:('0', '0', '0', '-1'),b:('0', '0', '0', '1'),c:('0', '0', '0', '-1') h1=1 m=1 psi=a:('1', '0', '0', '0'),b:('1', '0', '0', '0'),c:('-1', '0', '0', '0'): I(V) = 0   I(V^ss) = 0
==> s961 chi#26=a:('0', '0', '0', '-1'),b:('0', '0', '0', '1'),c:('0', '0', '0', '-1') h1=1 m=1 psi=a:('1', '0', '0', '0'),b:('1', '0', '0', '0'),c:('0', '0', '-1', '0'): I(V) = 0   I(V^ss) = 0
==> s961 chi#26=a:('0', '0', '0', '-1'),b:('0', '0', '0', '1'),c:('0', '0', '0', '-1') h1=1 m=1 psi=a:('1', '0', '0', '0'),b:('1', '0', '0', '0'),c:('1', '0', '-1', '0'): I(V) = 0   I(V^ss) = 0
==> s961 chi#26=a:('0', '0', '0', '-1'),b:('0', '0', '0', '1'),c:('0', '0', '0', '-1') h1=1 m=1 psi=a:('1', '0', '0', '0'),b:('-1', '0', '0', '0'),c:('1', '0', '0', '0'): I(V) = 0   I(V^ss) = 0
==> s961 chi#26=a:('0', '0', '0', '-1'),b:('0', '0', '0', '1'),c:('0', '0', '0', '-1') h1=1 m=1 psi=a:('1', '0', '0', '0'),b:('-1', '0', '0', '0'),c:('0', '0', '1', '0'): I(V) = 0   I(V^ss) = 0
==> s961 chi#26=a:('0', '0', '0', '-1'),b:('0', '0', '0', '1'),c:('0', '0', '0', '-1') h1=1 m=1 psi=a:('1', '0', '0', '0'),b:('-1', '0', '0', '0'),c:('-1', '0', '1', '0'): I(V) = 0   I(V^ss) = 0
==> s961 chi#26=a:('0', '0', '0', '-1'),b:('0', '0', '0', '1'),c:('0', '0', '0', '-1') h1=1 m=1 psi=a:('1', '0', '0', '0'),b:('-1', '0', '0', '0'),c:('-1', '0', '0', '0'): I(V) = 0   I(V^ss) = 0
==> s961 chi#26=a:('0', '0', '0', '-1'),b:('0', '0', '0', '1'),c:('0', '0', '0', '-1') h1=1 m=1 psi=a:('1', '0', '0', '0'),b:('-1', '0', '0', '0'),c:('0', '0', '-1', '0'): I(V) = 0   I(V^ss) = 0
==> s961 chi#26=a:('0', '0', '0', '-1'),b:('0', '0', '0', '1'),c:('0', '0', '0', '-1') h1=1 m=1 psi=a:('1', '0', '0', '0'),b:('-1', '0', '0', '0'),c:('1', '0', '-1', '0'): I(V) = 0   I(V^ss) = 0
==> s961 chi#26=a:('0', '0', '0', '-1'),b:('0', '0', '0', '1'),c:('0', '0', '0', '-1') h1=1 m=1 psi=a:('-1', '0', '0', '0'),b:('1', '0', '0', '0'),c:('1', '0', '0', '0'): I(V) = 0   I(V^ss) = 0
==> s961 chi#26=a:('0', '0', '0', '-1'),b:('0', '0', '0', '1'),c:('0', '0', '0', '-1') h1=1 m=1 psi=a:('-1', '0', '0', '0'),b:('1', '0', '0', '0'),c:('0', '0', '1', '0'): I(V) = 0   I(V^ss) = 0
==> s961 chi#26=a:('0', '0', '0', '-1'),b:('0', '0', '0', '1'),c:('0', '0', '0', '-1') h1=1 m=1 psi=a:('-1', '0', '0', '0'),b:('1', '0', '0', '0'),c:('-1', '0', '1', '0'): I(V) = 0   I(V^ss) = 0
==> s961 chi#26=a:('0', '0', '0', '-1'),b:('0', '0', '0', '1'),c:('0', '0', '0', '-1') h1=1 m=1 psi=a:('-1', '0', '0', '0'),b:('1', '0', '0', '0'),c:('-1', '0', '0', '0'): I(V) = 0   I(V^ss) = 0
==> s961 chi#26=a:('0', '0', '0', '-1'),b:('0', '0', '0', '1'),c:('0', '0', '0', '-1') h1=1 m=1 psi=a:('-1', '0', '0', '0'),b:('1', '0', '0', '0'),c:('0', '0', '-1', '0'): I(V) = 0   I(V^ss) = 0
==> s961 chi#26=a:('0', '0', '0', '-1'),b:('0', '0', '0', '1'),c:('0', '0', '0', '-1') h1=1 m=1 psi=a:('-1', '0', '0', '0'),b:('1', '0', '0', '0'),c:('1', '0', '-1', '0'): I(V) = 0   I(V^ss) = 0
==> s961 chi#26=a:('0', '0', '0', '-1'),b:('0', '0', '0', '1'),c:('0', '0', '0', '-1') h1=1 m=1 psi=a:('-1', '0', '0', '0'),b:('-1', '0', '0', '0'),c:('1', '0', '0', '0'): I(V) = 0   I(V^ss) = 0
==> s961 chi#26=a:('0', '0', '0', '-1'),b:('0', '0', '0', '1'),c:('0', '0', '0', '-1') h1=1 m=1 psi=a:('-1', '0', '0', '0'),b:('-1', '0', '0', '0'),c:('0', '0', '1', '0'): I(V) = 0   I(V^ss) = 0
==> s961 chi#26=a:('0', '0', '0', '-1'),b:('0', '0', '0', '1'),c:('0', '0', '0', '-1') h1=1 m=1 psi=a:('-1', '0', '0', '0'),b:('-1', '0', '0', '0'),c:('-1', '0', '1', '0'): I(V) = 0   I(V^ss) = 0
==> s961 chi#26=a:('0', '0', '0', '-1'),b:('0', '0', '0', '1'),c:('0', '0', '0', '-1') h1=1 m=1 psi=a:('-1', '0', '0', '0'),b:('-1', '0', '0', '0'),c:('-1', '0', '0', '0'): I(V) = 0   I(V^ss) = 0
==> s961 chi#26=a:('0', '0', '0', '-1'),b:('0', '0', '0', '1'),c:('0', '0', '0', '-1') h1=1 m=1 psi=a:('-1', '0', '0', '0'),b:('-1', '0', '0', '0'),c:('0', '0', '-1', '0'): I(V) = 0   I(V^ss) = 0
==> s961 chi#26=a:('0', '0', '0', '-1'),b:('0', '0', '0', '1'),c:('0', '0', '0', '-1') h1=1 m=1 psi=a:('-1', '0', '0', '0'),b:('-1', '0', '0', '0'),c:('1', '0', '-1', '0'): I(V) = 0   I(V^ss) = 0
==> s961 chi#26=a:('0', '0', '0', '-1'),b:('0', '0', '0', '1'),c:('0', '0', '0', '-1') h1=1 m=1 psi=chi^1: I(V) = 0   I(V^ss) = 0
==> s961 chi#26=a:('0', '0', '0', '-1'),b:('0', '0', '0', '1'),c:('0', '0', '0', '-1') h1=1 m=1 psi=chi^2: I(V) = 0   I(V^ss) = 0
==> s961 chi#26=a:('0', '0', '0', '-1'),b:('0', '0', '0', '1'),c:('0', '0', '0', '-1') h1=1 m=1 psi=chi^3: I(V) = 0   I(V^ss) = 0
==> s961 chi#26=a:('0', '0', '0', '-1'),b:('0', '0', '0', '1'),c:('0', '0', '0', '-1') h1=1 m=2 psi=a:('1', '0', '0', '0'),b:('1', '0', '0', '0'),c:('1', '0', '0', '0'): I(V) = 0   I(V^ss) = 0
==> s961 chi#26=a:('0', '0', '0', '-1'),b:('0', '0', '0', '1'),c:('0', '0', '0', '-1') h1=1 m=2 psi=a:('1', '0', '0', '0'),b:('1', '0', '0', '0'),c:('0', '0', '1', '0'): I(V) = 0   I(V^ss) = 0
==> s961 chi#26=a:('0', '0', '0', '-1'),b:('0', '0', '0', '1'),c:('0', '0', '0', '-1') h1=1 m=2 psi=a:('1', '0', '0', '0'),b:('1', '0', '0', '0'),c:('-1', '0', '1', '0'): I(V) = 0   I(V^ss) = 0
==> s961 chi#26=a:('0', '0', '0', '-1'),b:('0', '0', '0', '1'),c:('0', '0', '0', '-1') h1=1 m=2 psi=a:('1', '0', '0', '0'),b:('1', '0', '0', '0'),c:('-1', '0', '0', '0'): I(V) = 0   I(V^ss) = 0
==> s961 chi#26=a:('0', '0', '0', '-1'),b:('0', '0', '0', '1'),c:('0', '0', '0', '-1') h1=1 m=2 psi=a:('1', '0', '0', '0'),b:('1', '0', '0', '0'),c:('0', '0', '-1', '0'): I(V) = 0   I(V^ss) = 0
==> s961 chi#26=a:('0', '0', '0', '-1'),b:('0', '0', '0', '1'),c:('0', '0', '0', '-1') h1=1 m=2 psi=a:('1', '0', '0', '0'),b:('1', '0', '0', '0'),c:('1', '0', '-1', '0'): I(V) = 0   I(V^ss) = 0
==> s961 chi#26=a:('0', '0', '0', '-1'),b:('0', '0', '0', '1'),c:('0', '0', '0', '-1') h1=1 m=2 psi=a:('1', '0', '0', '0'),b:('-1', '0', '0', '0'),c:('1', '0', '0', '0'): I(V) = 0   I(V^ss) = 0
==> s961 chi#26=a:('0', '0', '0', '-1'),b:('0', '0', '0', '1'),c:('0', '0', '0', '-1') h1=1 m=2 psi=a:('1', '0', '0', '0'),b:('-1', '0', '0', '0'),c:('0', '0', '1', '0'): I(V) = 0   I(V^ss) = 0
==> s961 chi#26=a:('0', '0', '0', '-1'),b:('0', '0', '0', '1'),c:('0', '0', '0', '-1') h1=1 m=2 psi=a:('1', '0', '0', '0'),b:('-1', '0', '0', '0'),c:('-1', '0', '1', '0'): I(V) = 0   I(V^ss) = 0
==> s961 chi#26=a:('0', '0', '0', '-1'),b:('0', '0', '0', '1'),c:('0', '0', '0', '-1') h1=1 m=2 psi=a:('1', '0', '0', '0'),b:('-1', '0', '0', '0'),c:('-1', '0', '0', '0'): I(V) = 0   I(V^ss) = 0
==> s961 chi#26=a:('0', '0', '0', '-1'),b:('0', '0', '0', '1'),c:('0', '0', '0', '-1') h1=1 m=2 psi=a:('1', '0', '0', '0'),b:('-1', '0', '0', '0'),c:('0', '0', '-1', '0'): I(V) = 0   I(V^ss) = 0
==> s961 chi#26=a:('0', '0', '0', '-1'),b:('0', '0', '0', '1'),c:('0', '0', '0', '-1') h1=1 m=2 psi=a:('1', '0', '0', '0'),b:('-1', '0', '0', '0'),c:('1', '0', '-1', '0'): I(V) = 0   I(V^ss) = 0
==> s961 chi#26=a:('0', '0', '0', '-1'),b:('0', '0', '0', '1'),c:('0', '0', '0', '-1') h1=1 m=2 psi=a:('-1', '0', '0', '0'),b:('1', '0', '0', '0'),c:('1', '0', '0', '0'): I(V) = 0   I(V^ss) = 0
==> s961 chi#26=a:('0', '0', '0', '-1'),b:('0', '0', '0', '1'),c:('0', '0', '0', '-1') h1=1 m=2 psi=a:('-1', '0', '0', '0'),b:('1', '0', '0', '0'),c:('0', '0', '1', '0'): I(V) = 0   I(V^ss) = 0
==> s961 chi#26=a:('0', '0', '0', '-1'),b:('0', '0', '0', '1'),c:('0', '0', '0', '-1') h1=1 m=2 psi=a:('-1', '0', '0', '0'),b:('1', '0', '0', '0'),c:('-1', '0', '1', '0'): I(V) = 0   I(V^ss) = 0
==> s961 chi#26=a:('0', '0', '0', '-1'),b:('0', '0', '0', '1'),c:('0', '0', '0', '-1') h1=1 m=2 psi=a:('-1', '0', '0', '0'),b:('1', '0', '0', '0'),c:('-1', '0', '0', '0'): I(V) = 0   I(V^ss) = 0
==> s961 chi#26=a:('0', '0', '0', '-1'),b:('0', '0', '0', '1'),c:('0', '0', '0', '-1') h1=1 m=2 psi=a:('-1', '0', '0', '0'),b:('1', '0', '0', '0'),c:('0', '0', '-1', '0'): I(V) = 0   I(V^ss) = 0
==> s961 chi#26=a:('0', '0', '0', '-1'),b:('0', '0', '0', '1'),c:('0', '0', '0', '-1') h1=1 m=2 psi=a:('-1', '0', '0', '0'),b:('1', '0', '0', '0'),c:('1', '0', '-1', '0'): I(V) = 0   I(V^ss) = 0
==> s961 chi#26=a:('0', '0', '0', '-1'),b:('0', '0', '0', '1'),c:('0', '0', '0', '-1') h1=1 m=2 psi=a:('-1', '0', '0', '0'),b:('-1', '0', '0', '0'),c:('1', '0', '0', '0'): I(V) = 0   I(V^ss) = 0
==> s961 chi#26=a:('0', '0', '0', '-1'),b:('0', '0', '0', '1'),c:('0', '0', '0', '-1') h1=1 m=2 psi=a:('-1', '0', '0', '0'),b:('-1', '0', '0', '0'),c:('0', '0', '1', '0'): I(V) = 0   I(V^ss) = 0
==> s961 chi#26=a:('0', '0', '0', '-1'),b:('0', '0', '0', '1'),c:('0', '0', '0', '-1') h1=1 m=2 psi=a:('-1', '0', '0', '0'),b:('-1', '0', '0', '0'),c:('-1', '0', '1', '0'): I(V) = 0   I(V^ss) = 0
==> s961 chi#26=a:('0', '0', '0', '-1'),b:('0', '0', '0', '1'),c:('0', '0', '0', '-1') h1=1 m=2 psi=a:('-1', '0', '0', '0'),b:('-1', '0', '0', '0'),c:('-1', '0', '0', '0'): I(V) = 0   I(V^ss) = 0
==> s961 chi#26=a:('0', '0', '0', '-1'),b:('0', '0', '0', '1'),c:('0', '0', '0', '-1') h1=1 m=2 psi=a:('-1', '0', '0', '0'),b:('-1', '0', '0', '0'),c:('0', '0', '-1', '0'): I(V) = 0   I(V^ss) = 0
==> s961 chi#26=a:('0', '0', '0', '-1'),b:('0', '0', '0', '1'),c:('0', '0', '0', '-1') h1=1 m=2 psi=a:('-1', '0', '0', '0'),b:('-1', '0', '0', '0'),c:('1', '0', '-1', '0'): I(V) = 0   I(V^ss) = 0
==> s961 chi#26=a:('0', '0', '0', '-1'),b:('0', '0', '0', '1'),c:('0', '0', '0', '-1') h1=1 m=2 psi=chi^1: I(V) = 0   I(V^ss) = 0
==> s961 chi#26=a:('0', '0', '0', '-1'),b:('0', '0', '0', '1'),c:('0', '0', '0', '-1') h1=1 m=2 psi=chi^2: I(V) = 0   I(V^ss) = 0
==> s961 chi#26=a:('0', '0', '0', '-1'),b:('0', '0', '0', '1'),c:('0', '0', '0', '-1') h1=1 m=2 psi=chi^3: I(V) = 0   I(V^ss) = 0
==> s961 chi#26=a:('0', '0', '0', '-1'),b:('0', '0', '0', '1'),c:('0', '0', '0', '-1') h1=1 m=3 psi=a:('1', '0', '0', '0'),b:('1', '0', '0', '0'),c:('1', '0', '0', '0'): I(V) = 0   I(V^ss) = 0
==> s961 chi#26=a:('0', '0', '0', '-1'),b:('0', '0', '0', '1'),c:('0', '0', '0', '-1') h1=1 m=3 psi=a:('1', '0', '0', '0'),b:('1', '0', '0', '0'),c:('0', '0', '1', '0'): I(V) = 0   I(V^ss) = 0
==> s961 chi#26=a:('0', '0', '0', '-1'),b:('0', '0', '0', '1'),c:('0', '0', '0', '-1') h1=1 m=3 psi=a:('1', '0', '0', '0'),b:('1', '0', '0', '0'),c:('-1', '0', '1', '0'): I(V) = 0   I(V^ss) = 0
==> s961 chi#26=a:('0', '0', '0', '-1'),b:('0', '0', '0', '1'),c:('0', '0', '0', '-1') h1=1 m=3 psi=a:('1', '0', '0', '0'),b:('1', '0', '0', '0'),c:('-1', '0', '0', '0'): I(V) = 0   I(V^ss) = 0
==> s961 chi#26=a:('0', '0', '0', '-1'),b:('0', '0', '0', '1'),c:('0', '0', '0', '-1') h1=1 m=3 psi=a:('1', '0', '0', '0'),b:('1', '0', '0', '0'),c:('0', '0', '-1', '0'): I(V) = 0   I(V^ss) = 0
==> s961 chi#26=a:('0', '0', '0', '-1'),b:('0', '0', '0', '1'),c:('0', '0', '0', '-1') h1=1 m=3 psi=a:('1', '0', '0', '0'),b:('1', '0', '0', '0'),c:('1', '0', '-1', '0'): I(V) = 0   I(V^ss) = 0
==> s961 chi#26=a:('0', '0', '0', '-1'),b:('0', '0', '0', '1'),c:('0', '0', '0', '-1') h1=1 m=3 psi=a:('1', '0', '0', '0'),b:('-1', '0', '0', '0'),c:('1', '0', '0', '0'): I(V) = 0   I(V^ss) = 0
==> s961 chi#26=a:('0', '0', '0', '-1'),b:('0', '0', '0', '1'),c:('0', '0', '0', '-1') h1=1 m=3 psi=a:('1', '0', '0', '0'),b:('-1', '0', '0', '0'),c:('0', '0', '1', '0'): I(V) = 0   I(V^ss) = 0
==> s961 chi#26=a:('0', '0', '0', '-1'),b:('0', '0', '0', '1'),c:('0', '0', '0', '-1') h1=1 m=3 psi=a:('1', '0', '0', '0'),b:('-1', '0', '0', '0'),c:('-1', '0', '1', '0'): I(V) = 0   I(V^ss) = 0
==> s961 chi#26=a:('0', '0', '0', '-1'),b:('0', '0', '0', '1'),c:('0', '0', '0', '-1') h1=1 m=3 psi=a:('1', '0', '0', '0'),b:('-1', '0', '0', '0'),c:('-1', '0', '0', '0'): I(V) = 0   I(V^ss) = 0
==> s961 chi#26=a:('0', '0', '0', '-1'),b:('0', '0', '0', '1'),c:('0', '0', '0', '-1') h1=1 m=3 psi=a:('1', '0', '0', '0'),b:('-1', '0', '0', '0'),c:('0', '0', '-1', '0'): I(V) = 0   I(V^ss) = 0
==> s961 chi#26=a:('0', '0', '0', '-1'),b:('0', '0', '0', '1'),c:('0', '0', '0', '-1') h1=1 m=3 psi=a:('1', '0', '0', '0'),b:('-1', '0', '0', '0'),c:('1', '0', '-1', '0'): I(V) = 0   I(V^ss) = 0
==> s961 chi#26=a:('0', '0', '0', '-1'),b:('0', '0', '0', '1'),c:('0', '0', '0', '-1') h1=1 m=3 psi=a:('-1', '0', '0', '0'),b:('1', '0', '0', '0'),c:('1', '0', '0', '0'): I(V) = 0   I(V^ss) = 0
==> s961 chi#26=a:('0', '0', '0', '-1'),b:('0', '0', '0', '1'),c:('0', '0', '0', '-1') h1=1 m=3 psi=a:('-1', '0', '0', '0'),b:('1', '0', '0', '0'),c:('0', '0', '1', '0'): I(V) = 0   I(V^ss) = 0
==> s961 chi#26=a:('0', '0', '0', '-1'),b:('0', '0', '0', '1'),c:('0', '0', '0', '-1') h1=1 m=3 psi=a:('-1', '0', '0', '0'),b:('1', '0', '0', '0'),c:('-1', '0', '1', '0'): I(V) = 0   I(V^ss) = 0
==> s961 chi#26=a:('0', '0', '0', '-1'),b:('0', '0', '0', '1'),c:('0', '0', '0', '-1') h1=1 m=3 psi=a:('-1', '0', '0', '0'),b:('1', '0', '0', '0'),c:('-1', '0', '0', '0'): I(V) = 0   I(V^ss) = 0
==> s961 chi#26=a:('0', '0', '0', '-1'),b:('0', '0', '0', '1'),c:('0', '0', '0', '-1') h1=1 m=3 psi=a:('-1', '0', '0', '0'),b:('1', '0', '0', '0'),c:('0', '0', '-1', '0'): I(V) = 0   I(V^ss) = 0
==> s961 chi#26=a:('0', '0', '0', '-1'),b:('0', '0', '0', '1'),c:('0', '0', '0', '-1') h1=1 m=3 psi=a:('-1', '0', '0', '0'),b:('1', '0', '0', '0'),c:('1', '0', '-1', '0'): I(V) = 0   I(V^ss) = 0
==> s961 chi#26=a:('0', '0', '0', '-1'),b:('0', '0', '0', '1'),c:('0', '0', '0', '-1') h1=1 m=3 psi=a:('-1', '0', '0', '0'),b:('-1', '0', '0', '0'),c:('1', '0', '0', '0'): I(V) = 0   I(V^ss) = 0
==> s961 chi#26=a:('0', '0', '0', '-1'),b:('0', '0', '0', '1'),c:('0', '0', '0', '-1') h1=1 m=3 psi=a:('-1', '0', '0', '0'),b:('-1', '0', '0', '0'),c:('0', '0', '1', '0'): I(V) = 0   I(V^ss) = 0
==> s961 chi#26=a:('0', '0', '0', '-1'),b:('0', '0', '0', '1'),c:('0', '0', '0', '-1') h1=1 m=3 psi=a:('-1', '0', '0', '0'),b:('-1', '0', '0', '0'),c:('-1', '0', '1', '0'): I(V) = 0   I(V^ss) = 0
==> s961 chi#26=a:('0', '0', '0', '-1'),b:('0', '0', '0', '1'),c:('0', '0', '0', '-1') h1=1 m=3 psi=a:('-1', '0', '0', '0'),b:('-1', '0', '0', '0'),c:('-1', '0', '0', '0'): I(V) = 0   I(V^ss) = 0
==> s961 chi#26=a:('0', '0', '0', '-1'),b:('0', '0', '0', '1'),c:('0', '0', '0', '-1') h1=1 m=3 psi=a:('-1', '0', '0', '0'),b:('-1', '0', '0', '0'),c:('0', '0', '-1', '0'): I(V) = 0   I(V^ss) = 0
==> s961 chi#26=a:('0', '0', '0', '-1'),b:('0', '0', '0', '1'),c:('0', '0', '0', '-1') h1=1 m=3 psi=a:('-1', '0', '0', '0'),b:('-1', '0', '0', '0'),c:('1', '0', '-1', '0'): I(V) = 0   I(V^ss) = 0
==> s961 chi#26=a:('0', '0', '0', '-1'),b:('0', '0', '0', '1'),c:('0', '0', '0', '-1') h1=1 m=3 psi=chi^1: I(V) = 0   I(V^ss) = 0
==> s961 chi#26=a:('0', '0', '0', '-1'),b:('0', '0', '0', '1'),c:('0', '0', '0', '-1') h1=1 m=3 psi=chi^2: I(V) = 0   I(V^ss) = 0
==> s961 chi#26=a:('0', '0', '0', '-1'),b:('0', '0', '0', '1'),c:('0', '0', '0', '-1') h1=1 m=3 psi=chi^3: I(V) = 0   I(V^ss) = 0
  locus chi#27=a:('0', '0', '0', '-1'),b:('-1', '0', '0', '0'),c:('1', '0', '0', '0') h1=1
==> s961 chi#27=a:('0', '0', '0', '-1'),b:('-1', '0', '0', '0'),c:('1', '0', '0', '0') h1=1 m=1 psi=a:('1', '0', '0', '0'),b:('1', '0', '0', '0'),c:('1', '0', '0', '0'): I(V) = 0   I(V^ss) = 0
==> s961 chi#27=a:('0', '0', '0', '-1'),b:('-1', '0', '0', '0'),c:('1', '0', '0', '0') h1=1 m=1 psi=a:('1', '0', '0', '0'),b:('1', '0', '0', '0'),c:('0', '0', '1', '0'): I(V) = 0   I(V^ss) = 0
==> s961 chi#27=a:('0', '0', '0', '-1'),b:('-1', '0', '0', '0'),c:('1', '0', '0', '0') h1=1 m=1 psi=a:('1', '0', '0', '0'),b:('1', '0', '0', '0'),c:('-1', '0', '1', '0'): I(V) = 0   I(V^ss) = 0
==> s961 chi#27=a:('0', '0', '0', '-1'),b:('-1', '0', '0', '0'),c:('1', '0', '0', '0') h1=1 m=1 psi=a:('1', '0', '0', '0'),b:('1', '0', '0', '0'),c:('-1', '0', '0', '0'): I(V) = 0   I(V^ss) = 0
==> s961 chi#27=a:('0', '0', '0', '-1'),b:('-1', '0', '0', '0'),c:('1', '0', '0', '0') h1=1 m=1 psi=a:('1', '0', '0', '0'),b:('1', '0', '0', '0'),c:('0', '0', '-1', '0'): I(V) = 0   I(V^ss) = 0
==> s961 chi#27=a:('0', '0', '0', '-1'),b:('-1', '0', '0', '0'),c:('1', '0', '0', '0') h1=1 m=1 psi=a:('1', '0', '0', '0'),b:('1', '0', '0', '0'),c:('1', '0', '-1', '0'): I(V) = 0   I(V^ss) = 0
==> s961 chi#27=a:('0', '0', '0', '-1'),b:('-1', '0', '0', '0'),c:('1', '0', '0', '0') h1=1 m=1 psi=a:('1', '0', '0', '0'),b:('-1', '0', '0', '0'),c:('1', '0', '0', '0'): I(V) = 0   I(V^ss) = 0
==> s961 chi#27=a:('0', '0', '0', '-1'),b:('-1', '0', '0', '0'),c:('1', '0', '0', '0') h1=1 m=1 psi=a:('1', '0', '0', '0'),b:('-1', '0', '0', '0'),c:('0', '0', '1', '0'): I(V) = 0   I(V^ss) = 0
==> s961 chi#27=a:('0', '0', '0', '-1'),b:('-1', '0', '0', '0'),c:('1', '0', '0', '0') h1=1 m=1 psi=a:('1', '0', '0', '0'),b:('-1', '0', '0', '0'),c:('-1', '0', '1', '0'): I(V) = 0   I(V^ss) = 0
==> s961 chi#27=a:('0', '0', '0', '-1'),b:('-1', '0', '0', '0'),c:('1', '0', '0', '0') h1=1 m=1 psi=a:('1', '0', '0', '0'),b:('-1', '0', '0', '0'),c:('-1', '0', '0', '0'): I(V) = 0   I(V^ss) = 0
==> s961 chi#27=a:('0', '0', '0', '-1'),b:('-1', '0', '0', '0'),c:('1', '0', '0', '0') h1=1 m=1 psi=a:('1', '0', '0', '0'),b:('-1', '0', '0', '0'),c:('0', '0', '-1', '0'): I(V) = 0   I(V^ss) = 0
==> s961 chi#27=a:('0', '0', '0', '-1'),b:('-1', '0', '0', '0'),c:('1', '0', '0', '0') h1=1 m=1 psi=a:('1', '0', '0', '0'),b:('-1', '0', '0', '0'),c:('1', '0', '-1', '0'): I(V) = 0   I(V^ss) = 0
==> s961 chi#27=a:('0', '0', '0', '-1'),b:('-1', '0', '0', '0'),c:('1', '0', '0', '0') h1=1 m=1 psi=a:('-1', '0', '0', '0'),b:('1', '0', '0', '0'),c:('1', '0', '0', '0'): I(V) = 0   I(V^ss) = 0
==> s961 chi#27=a:('0', '0', '0', '-1'),b:('-1', '0', '0', '0'),c:('1', '0', '0', '0') h1=1 m=1 psi=a:('-1', '0', '0', '0'),b:('1', '0', '0', '0'),c:('0', '0', '1', '0'): I(V) = 0   I(V^ss) = 0
==> s961 chi#27=a:('0', '0', '0', '-1'),b:('-1', '0', '0', '0'),c:('1', '0', '0', '0') h1=1 m=1 psi=a:('-1', '0', '0', '0'),b:('1', '0', '0', '0'),c:('-1', '0', '1', '0'): I(V) = 0   I(V^ss) = 0
==> s961 chi#27=a:('0', '0', '0', '-1'),b:('-1', '0', '0', '0'),c:('1', '0', '0', '0') h1=1 m=1 psi=a:('-1', '0', '0', '0'),b:('1', '0', '0', '0'),c:('-1', '0', '0', '0'): I(V) = 0   I(V^ss) = 0
==> s961 chi#27=a:('0', '0', '0', '-1'),b:('-1', '0', '0', '0'),c:('1', '0', '0', '0') h1=1 m=1 psi=a:('-1', '0', '0', '0'),b:('1', '0', '0', '0'),c:('0', '0', '-1', '0'): I(V) = 0   I(V^ss) = 0
==> s961 chi#27=a:('0', '0', '0', '-1'),b:('-1', '0', '0', '0'),c:('1', '0', '0', '0') h1=1 m=1 psi=a:('-1', '0', '0', '0'),b:('1', '0', '0', '0'),c:('1', '0', '-1', '0'): I(V) = 0   I(V^ss) = 0
==> s961 chi#27=a:('0', '0', '0', '-1'),b:('-1', '0', '0', '0'),c:('1', '0', '0', '0') h1=1 m=1 psi=a:('-1', '0', '0', '0'),b:('-1', '0', '0', '0'),c:('1', '0', '0', '0'): I(V) = 0   I(V^ss) = 0
==> s961 chi#27=a:('0', '0', '0', '-1'),b:('-1', '0', '0', '0'),c:('1', '0', '0', '0') h1=1 m=1 psi=a:('-1', '0', '0', '0'),b:('-1', '0', '0', '0'),c:('0', '0', '1', '0'): I(V) = 0   I(V^ss) = 0
==> s961 chi#27=a:('0', '0', '0', '-1'),b:('-1', '0', '0', '0'),c:('1', '0', '0', '0') h1=1 m=1 psi=a:('-1', '0', '0', '0'),b:('-1', '0', '0', '0'),c:('-1', '0', '1', '0'): I(V) = 0   I(V^ss) = 0
==> s961 chi#27=a:('0', '0', '0', '-1'),b:('-1', '0', '0', '0'),c:('1', '0', '0', '0') h1=1 m=1 psi=a:('-1', '0', '0', '0'),b:('-1', '0', '0', '0'),c:('-1', '0', '0', '0'): I(V) = 0   I(V^ss) = 0
==> s961 chi#27=a:('0', '0', '0', '-1'),b:('-1', '0', '0', '0'),c:('1', '0', '0', '0') h1=1 m=1 psi=a:('-1', '0', '0', '0'),b:('-1', '0', '0', '0'),c:('0', '0', '-1', '0'): I(V) = 0   I(V^ss) = 0
==> s961 chi#27=a:('0', '0', '0', '-1'),b:('-1', '0', '0', '0'),c:('1', '0', '0', '0') h1=1 m=1 psi=a:('-1', '0', '0', '0'),b:('-1', '0', '0', '0'),c:('1', '0', '-1', '0'): I(V) = 0   I(V^ss) = 0
==> s961 chi#27=a:('0', '0', '0', '-1'),b:('-1', '0', '0', '0'),c:('1', '0', '0', '0') h1=1 m=1 psi=chi^1: I(V) = 0   I(V^ss) = 0
==> s961 chi#27=a:('0', '0', '0', '-1'),b:('-1', '0', '0', '0'),c:('1', '0', '0', '0') h1=1 m=1 psi=chi^2: I(V) = 0   I(V^ss) = 0
==> s961 chi#27=a:('0', '0', '0', '-1'),b:('-1', '0', '0', '0'),c:('1', '0', '0', '0') h1=1 m=1 psi=chi^3: I(V) = 0   I(V^ss) = 0
==> s961 chi#27=a:('0', '0', '0', '-1'),b:('-1', '0', '0', '0'),c:('1', '0', '0', '0') h1=1 m=2 psi=a:('1', '0', '0', '0'),b:('1', '0', '0', '0'),c:('1', '0', '0', '0'): I(V) = 0   I(V^ss) = 0
==> s961 chi#27=a:('0', '0', '0', '-1'),b:('-1', '0', '0', '0'),c:('1', '0', '0', '0') h1=1 m=2 psi=a:('1', '0', '0', '0'),b:('1', '0', '0', '0'),c:('0', '0', '1', '0'): I(V) = 0   I(V^ss) = 0
==> s961 chi#27=a:('0', '0', '0', '-1'),b:('-1', '0', '0', '0'),c:('1', '0', '0', '0') h1=1 m=2 psi=a:('1', '0', '0', '0'),b:('1', '0', '0', '0'),c:('-1', '0', '1', '0'): I(V) = 0   I(V^ss) = 0
==> s961 chi#27=a:('0', '0', '0', '-1'),b:('-1', '0', '0', '0'),c:('1', '0', '0', '0') h1=1 m=2 psi=a:('1', '0', '0', '0'),b:('1', '0', '0', '0'),c:('-1', '0', '0', '0'): I(V) = 0   I(V^ss) = 0
==> s961 chi#27=a:('0', '0', '0', '-1'),b:('-1', '0', '0', '0'),c:('1', '0', '0', '0') h1=1 m=2 psi=a:('1', '0', '0', '0'),b:('1', '0', '0', '0'),c:('0', '0', '-1', '0'): I(V) = 0   I(V^ss) = 0
==> s961 chi#27=a:('0', '0', '0', '-1'),b:('-1', '0', '0', '0'),c:('1', '0', '0', '0') h1=1 m=2 psi=a:('1', '0', '0', '0'),b:('1', '0', '0', '0'),c:('1', '0', '-1', '0'): I(V) = 0   I(V^ss) = 0
==> s961 chi#27=a:('0', '0', '0', '-1'),b:('-1', '0', '0', '0'),c:('1', '0', '0', '0') h1=1 m=2 psi=a:('1', '0', '0', '0'),b:('-1', '0', '0', '0'),c:('1', '0', '0', '0'): I(V) = 0   I(V^ss) = 0
==> s961 chi#27=a:('0', '0', '0', '-1'),b:('-1', '0', '0', '0'),c:('1', '0', '0', '0') h1=1 m=2 psi=a:('1', '0', '0', '0'),b:('-1', '0', '0', '0'),c:('0', '0', '1', '0'): I(V) = 0   I(V^ss) = 0
==> s961 chi#27=a:('0', '0', '0', '-1'),b:('-1', '0', '0', '0'),c:('1', '0', '0', '0') h1=1 m=2 psi=a:('1', '0', '0', '0'),b:('-1', '0', '0', '0'),c:('-1', '0', '1', '0'): I(V) = 0   I(V^ss) = 0
==> s961 chi#27=a:('0', '0', '0', '-1'),b:('-1', '0', '0', '0'),c:('1', '0', '0', '0') h1=1 m=2 psi=a:('1', '0', '0', '0'),b:('-1', '0', '0', '0'),c:('-1', '0', '0', '0'): I(V) = 0   I(V^ss) = 0
==> s961 chi#27=a:('0', '0', '0', '-1'),b:('-1', '0', '0', '0'),c:('1', '0', '0', '0') h1=1 m=2 psi=a:('1', '0', '0', '0'),b:('-1', '0', '0', '0'),c:('0', '0', '-1', '0'): I(V) = 0   I(V^ss) = 0
==> s961 chi#27=a:('0', '0', '0', '-1'),b:('-1', '0', '0', '0'),c:('1', '0', '0', '0') h1=1 m=2 psi=a:('1', '0', '0', '0'),b:('-1', '0', '0', '0'),c:('1', '0', '-1', '0'): I(V) = 0   I(V^ss) = 0
==> s961 chi#27=a:('0', '0', '0', '-1'),b:('-1', '0', '0', '0'),c:('1', '0', '0', '0') h1=1 m=2 psi=a:('-1', '0', '0', '0'),b:('1', '0', '0', '0'),c:('1', '0', '0', '0'): I(V) = 0   I(V^ss) = 0
==> s961 chi#27=a:('0', '0', '0', '-1'),b:('-1', '0', '0', '0'),c:('1', '0', '0', '0') h1=1 m=2 psi=a:('-1', '0', '0', '0'),b:('1', '0', '0', '0'),c:('0', '0', '1', '0'): I(V) = 0   I(V^ss) = 0
==> s961 chi#27=a:('0', '0', '0', '-1'),b:('-1', '0', '0', '0'),c:('1', '0', '0', '0') h1=1 m=2 psi=a:('-1', '0', '0', '0'),b:('1', '0', '0', '0'),c:('-1', '0', '1', '0'): I(V) = 0   I(V^ss) = 0
==> s961 chi#27=a:('0', '0', '0', '-1'),b:('-1', '0', '0', '0'),c:('1', '0', '0', '0') h1=1 m=2 psi=a:('-1', '0', '0', '0'),b:('1', '0', '0', '0'),c:('-1', '0', '0', '0'): I(V) = 0   I(V^ss) = 0
==> s961 chi#27=a:('0', '0', '0', '-1'),b:('-1', '0', '0', '0'),c:('1', '0', '0', '0') h1=1 m=2 psi=a:('-1', '0', '0', '0'),b:('1', '0', '0', '0'),c:('0', '0', '-1', '0'): I(V) = 0   I(V^ss) = 0
==> s961 chi#27=a:('0', '0', '0', '-1'),b:('-1', '0', '0', '0'),c:('1', '0', '0', '0') h1=1 m=2 psi=a:('-1', '0', '0', '0'),b:('1', '0', '0', '0'),c:('1', '0', '-1', '0'): I(V) = 0   I(V^ss) = 0
==> s961 chi#27=a:('0', '0', '0', '-1'),b:('-1', '0', '0', '0'),c:('1', '0', '0', '0') h1=1 m=2 psi=a:('-1', '0', '0', '0'),b:('-1', '0', '0', '0'),c:('1', '0', '0', '0'): I(V) = 0   I(V^ss) = 0
==> s961 chi#27=a:('0', '0', '0', '-1'),b:('-1', '0', '0', '0'),c:('1', '0', '0', '0') h1=1 m=2 psi=a:('-1', '0', '0', '0'),b:('-1', '0', '0', '0'),c:('0', '0', '1', '0'): I(V) = 0   I(V^ss) = 0
==> s961 chi#27=a:('0', '0', '0', '-1'),b:('-1', '0', '0', '0'),c:('1', '0', '0', '0') h1=1 m=2 psi=a:('-1', '0', '0', '0'),b:('-1', '0', '0', '0'),c:('-1', '0', '1', '0'): I(V) = 0   I(V^ss) = 0
==> s961 chi#27=a:('0', '0', '0', '-1'),b:('-1', '0', '0', '0'),c:('1', '0', '0', '0') h1=1 m=2 psi=a:('-1', '0', '0', '0'),b:('-1', '0', '0', '0'),c:('-1', '0', '0', '0'): I(V) = 0   I(V^ss) = 0
==> s961 chi#27=a:('0', '0', '0', '-1'),b:('-1', '0', '0', '0'),c:('1', '0', '0', '0') h1=1 m=2 psi=a:('-1', '0', '0', '0'),b:('-1', '0', '0', '0'),c:('0', '0', '-1', '0'): I(V) = 0   I(V^ss) = 0
==> s961 chi#27=a:('0', '0', '0', '-1'),b:('-1', '0', '0', '0'),c:('1', '0', '0', '0') h1=1 m=2 psi=a:('-1', '0', '0', '0'),b:('-1', '0', '0', '0'),c:('1', '0', '-1', '0'): I(V) = 0   I(V^ss) = 0
==> s961 chi#27=a:('0', '0', '0', '-1'),b:('-1', '0', '0', '0'),c:('1', '0', '0', '0') h1=1 m=2 psi=chi^1: I(V) = 0   I(V^ss) = 0
==> s961 chi#27=a:('0', '0', '0', '-1'),b:('-1', '0', '0', '0'),c:('1', '0', '0', '0') h1=1 m=2 psi=chi^2: I(V) = 0   I(V^ss) = 0
==> s961 chi#27=a:('0', '0', '0', '-1'),b:('-1', '0', '0', '0'),c:('1', '0', '0', '0') h1=1 m=2 psi=chi^3: I(V) = 0   I(V^ss) = 0
==> s961 chi#27=a:('0', '0', '0', '-1'),b:('-1', '0', '0', '0'),c:('1', '0', '0', '0') h1=1 m=3 psi=a:('1', '0', '0', '0'),b:('1', '0', '0', '0'),c:('1', '0', '0', '0'): I(V) = 0   I(V^ss) = 0
==> s961 chi#27=a:('0', '0', '0', '-1'),b:('-1', '0', '0', '0'),c:('1', '0', '0', '0') h1=1 m=3 psi=a:('1', '0', '0', '0'),b:('1', '0', '0', '0'),c:('0', '0', '1', '0'): I(V) = 0   I(V^ss) = 0
==> s961 chi#27=a:('0', '0', '0', '-1'),b:('-1', '0', '0', '0'),c:('1', '0', '0', '0') h1=1 m=3 psi=a:('1', '0', '0', '0'),b:('1', '0', '0', '0'),c:('-1', '0', '1', '0'): I(V) = 0   I(V^ss) = 0
==> s961 chi#27=a:('0', '0', '0', '-1'),b:('-1', '0', '0', '0'),c:('1', '0', '0', '0') h1=1 m=3 psi=a:('1', '0', '0', '0'),b:('1', '0', '0', '0'),c:('-1', '0', '0', '0'): I(V) = 0   I(V^ss) = 0
==> s961 chi#27=a:('0', '0', '0', '-1'),b:('-1', '0', '0', '0'),c:('1', '0', '0', '0') h1=1 m=3 psi=a:('1', '0', '0', '0'),b:('1', '0', '0', '0'),c:('0', '0', '-1', '0'): I(V) = 0   I(V^ss) = 0
==> s961 chi#27=a:('0', '0', '0', '-1'),b:('-1', '0', '0', '0'),c:('1', '0', '0', '0') h1=1 m=3 psi=a:('1', '0', '0', '0'),b:('1', '0', '0', '0'),c:('1', '0', '-1', '0'): I(V) = 0   I(V^ss) = 0
==> s961 chi#27=a:('0', '0', '0', '-1'),b:('-1', '0', '0', '0'),c:('1', '0', '0', '0') h1=1 m=3 psi=a:('1', '0', '0', '0'),b:('-1', '0', '0', '0'),c:('1', '0', '0', '0'): I(V) = 0   I(V^ss) = 0
==> s961 chi#27=a:('0', '0', '0', '-1'),b:('-1', '0', '0', '0'),c:('1', '0', '0', '0') h1=1 m=3 psi=a:('1', '0', '0', '0'),b:('-1', '0', '0', '0'),c:('0', '0', '1', '0'): I(V) = 0   I(V^ss) = 0
==> s961 chi#27=a:('0', '0', '0', '-1'),b:('-1', '0', '0', '0'),c:('1', '0', '0', '0') h1=1 m=3 psi=a:('1', '0', '0', '0'),b:('-1', '0', '0', '0'),c:('-1', '0', '1', '0'): I(V) = 0   I(V^ss) = 0
==> s961 chi#27=a:('0', '0', '0', '-1'),b:('-1', '0', '0', '0'),c:('1', '0', '0', '0') h1=1 m=3 psi=a:('1', '0', '0', '0'),b:('-1', '0', '0', '0'),c:('-1', '0', '0', '0'): I(V) = 0   I(V^ss) = 0
==> s961 chi#27=a:('0', '0', '0', '-1'),b:('-1', '0', '0', '0'),c:('1', '0', '0', '0') h1=1 m=3 psi=a:('1', '0', '0', '0'),b:('-1', '0', '0', '0'),c:('0', '0', '-1', '0'): I(V) = 0   I(V^ss) = 0
==> s961 chi#27=a:('0', '0', '0', '-1'),b:('-1', '0', '0', '0'),c:('1', '0', '0', '0') h1=1 m=3 psi=a:('1', '0', '0', '0'),b:('-1', '0', '0', '0'),c:('1', '0', '-1', '0'): I(V) = 0   I(V^ss) = 0
==> s961 chi#27=a:('0', '0', '0', '-1'),b:('-1', '0', '0', '0'),c:('1', '0', '0', '0') h1=1 m=3 psi=a:('-1', '0', '0', '0'),b:('1', '0', '0', '0'),c:('1', '0', '0', '0'): I(V) = 0   I(V^ss) = 0
==> s961 chi#27=a:('0', '0', '0', '-1'),b:('-1', '0', '0', '0'),c:('1', '0', '0', '0') h1=1 m=3 psi=a:('-1', '0', '0', '0'),b:('1', '0', '0', '0'),c:('0', '0', '1', '0'): I(V) = 0   I(V^ss) = 0
==> s961 chi#27=a:('0', '0', '0', '-1'),b:('-1', '0', '0', '0'),c:('1', '0', '0', '0') h1=1 m=3 psi=a:('-1', '0', '0', '0'),b:('1', '0', '0', '0'),c:('-1', '0', '1', '0'): I(V) = 0   I(V^ss) = 0
==> s961 chi#27=a:('0', '0', '0', '-1'),b:('-1', '0', '0', '0'),c:('1', '0', '0', '0') h1=1 m=3 psi=a:('-1', '0', '0', '0'),b:('1', '0', '0', '0'),c:('-1', '0', '0', '0'): I(V) = 0   I(V^ss) = 0
==> s961 chi#27=a:('0', '0', '0', '-1'),b:('-1', '0', '0', '0'),c:('1', '0', '0', '0') h1=1 m=3 psi=a:('-1', '0', '0', '0'),b:('1', '0', '0', '0'),c:('0', '0', '-1', '0'): I(V) = 0   I(V^ss) = 0
==> s961 chi#27=a:('0', '0', '0', '-1'),b:('-1', '0', '0', '0'),c:('1', '0', '0', '0') h1=1 m=3 psi=a:('-1', '0', '0', '0'),b:('1', '0', '0', '0'),c:('1', '0', '-1', '0'): I(V) = 0   I(V^ss) = 0
==> s961 chi#27=a:('0', '0', '0', '-1'),b:('-1', '0', '0', '0'),c:('1', '0', '0', '0') h1=1 m=3 psi=a:('-1', '0', '0', '0'),b:('-1', '0', '0', '0'),c:('1', '0', '0', '0'): I(V) = 0   I(V^ss) = 0
==> s961 chi#27=a:('0', '0', '0', '-1'),b:('-1', '0', '0', '0'),c:('1', '0', '0', '0') h1=1 m=3 psi=a:('-1', '0', '0', '0'),b:('-1', '0', '0', '0'),c:('0', '0', '1', '0'): I(V) = 0   I(V^ss) = 0
==> s961 chi#27=a:('0', '0', '0', '-1'),b:('-1', '0', '0', '0'),c:('1', '0', '0', '0') h1=1 m=3 psi=a:('-1', '0', '0', '0'),b:('-1', '0', '0', '0'),c:('-1', '0', '1', '0'): I(V) = 0   I(V^ss) = 0
==> s961 chi#27=a:('0', '0', '0', '-1'),b:('-1', '0', '0', '0'),c:('1', '0', '0', '0') h1=1 m=3 psi=a:('-1', '0', '0', '0'),b:('-1', '0', '0', '0'),c:('-1', '0', '0', '0'): I(V) = 0   I(V^ss) = 0
==> s961 chi#27=a:('0', '0', '0', '-1'),b:('-1', '0', '0', '0'),c:('1', '0', '0', '0') h1=1 m=3 psi=a:('-1', '0', '0', '0'),b:('-1', '0', '0', '0'),c:('0', '0', '-1', '0'): I(V) = 0   I(V^ss) = 0
==> s961 chi#27=a:('0', '0', '0', '-1'),b:('-1', '0', '0', '0'),c:('1', '0', '0', '0') h1=1 m=3 psi=a:('-1', '0', '0', '0'),b:('-1', '0', '0', '0'),c:('1', '0', '-1', '0'): I(V) = 0   I(V^ss) = 0
==> s961 chi#27=a:('0', '0', '0', '-1'),b:('-1', '0', '0', '0'),c:('1', '0', '0', '0') h1=1 m=3 psi=chi^1: I(V) = 0   I(V^ss) = 0
==> s961 chi#27=a:('0', '0', '0', '-1'),b:('-1', '0', '0', '0'),c:('1', '0', '0', '0') h1=1 m=3 psi=chi^2: I(V) = 0   I(V^ss) = 0
==> s961 chi#27=a:('0', '0', '0', '-1'),b:('-1', '0', '0', '0'),c:('1', '0', '0', '0') h1=1 m=3 psi=chi^3: I(V) = 0   I(V^ss) = 0
  locus chi#28=a:('0', '0', '0', '-1'),b:('-1', '0', '0', '0'),c:('-1', '0', '0', '0') h1=1
==> s961 chi#28=a:('0', '0', '0', '-1'),b:('-1', '0', '0', '0'),c:('-1', '0', '0', '0') h1=1 m=1 psi=a:('1', '0', '0', '0'),b:('1', '0', '0', '0'),c:('1', '0', '0', '0'): I(V) = 0   I(V^ss) = 0
==> s961 chi#28=a:('0', '0', '0', '-1'),b:('-1', '0', '0', '0'),c:('-1', '0', '0', '0') h1=1 m=1 psi=a:('1', '0', '0', '0'),b:('1', '0', '0', '0'),c:('0', '0', '1', '0'): I(V) = 0   I(V^ss) = 0
==> s961 chi#28=a:('0', '0', '0', '-1'),b:('-1', '0', '0', '0'),c:('-1', '0', '0', '0') h1=1 m=1 psi=a:('1', '0', '0', '0'),b:('1', '0', '0', '0'),c:('-1', '0', '1', '0'): I(V) = 0   I(V^ss) = 0
==> s961 chi#28=a:('0', '0', '0', '-1'),b:('-1', '0', '0', '0'),c:('-1', '0', '0', '0') h1=1 m=1 psi=a:('1', '0', '0', '0'),b:('1', '0', '0', '0'),c:('-1', '0', '0', '0'): I(V) = 0   I(V^ss) = 0
==> s961 chi#28=a:('0', '0', '0', '-1'),b:('-1', '0', '0', '0'),c:('-1', '0', '0', '0') h1=1 m=1 psi=a:('1', '0', '0', '0'),b:('1', '0', '0', '0'),c:('0', '0', '-1', '0'): I(V) = 0   I(V^ss) = 0
==> s961 chi#28=a:('0', '0', '0', '-1'),b:('-1', '0', '0', '0'),c:('-1', '0', '0', '0') h1=1 m=1 psi=a:('1', '0', '0', '0'),b:('1', '0', '0', '0'),c:('1', '0', '-1', '0'): I(V) = 0   I(V^ss) = 0
==> s961 chi#28=a:('0', '0', '0', '-1'),b:('-1', '0', '0', '0'),c:('-1', '0', '0', '0') h1=1 m=1 psi=a:('1', '0', '0', '0'),b:('-1', '0', '0', '0'),c:('1', '0', '0', '0'): I(V) = 0   I(V^ss) = 0
==> s961 chi#28=a:('0', '0', '0', '-1'),b:('-1', '0', '0', '0'),c:('-1', '0', '0', '0') h1=1 m=1 psi=a:('1', '0', '0', '0'),b:('-1', '0', '0', '0'),c:('0', '0', '1', '0'): I(V) = 0   I(V^ss) = 0
==> s961 chi#28=a:('0', '0', '0', '-1'),b:('-1', '0', '0', '0'),c:('-1', '0', '0', '0') h1=1 m=1 psi=a:('1', '0', '0', '0'),b:('-1', '0', '0', '0'),c:('-1', '0', '1', '0'): I(V) = 0   I(V^ss) = 0
==> s961 chi#28=a:('0', '0', '0', '-1'),b:('-1', '0', '0', '0'),c:('-1', '0', '0', '0') h1=1 m=1 psi=a:('1', '0', '0', '0'),b:('-1', '0', '0', '0'),c:('-1', '0', '0', '0'): I(V) = 0   I(V^ss) = 0
==> s961 chi#28=a:('0', '0', '0', '-1'),b:('-1', '0', '0', '0'),c:('-1', '0', '0', '0') h1=1 m=1 psi=a:('1', '0', '0', '0'),b:('-1', '0', '0', '0'),c:('0', '0', '-1', '0'): I(V) = 0   I(V^ss) = 0
==> s961 chi#28=a:('0', '0', '0', '-1'),b:('-1', '0', '0', '0'),c:('-1', '0', '0', '0') h1=1 m=1 psi=a:('1', '0', '0', '0'),b:('-1', '0', '0', '0'),c:('1', '0', '-1', '0'): I(V) = 0   I(V^ss) = 0
==> s961 chi#28=a:('0', '0', '0', '-1'),b:('-1', '0', '0', '0'),c:('-1', '0', '0', '0') h1=1 m=1 psi=a:('-1', '0', '0', '0'),b:('1', '0', '0', '0'),c:('1', '0', '0', '0'): I(V) = 0   I(V^ss) = 0
==> s961 chi#28=a:('0', '0', '0', '-1'),b:('-1', '0', '0', '0'),c:('-1', '0', '0', '0') h1=1 m=1 psi=a:('-1', '0', '0', '0'),b:('1', '0', '0', '0'),c:('0', '0', '1', '0'): I(V) = 0   I(V^ss) = 0
==> s961 chi#28=a:('0', '0', '0', '-1'),b:('-1', '0', '0', '0'),c:('-1', '0', '0', '0') h1=1 m=1 psi=a:('-1', '0', '0', '0'),b:('1', '0', '0', '0'),c:('-1', '0', '1', '0'): I(V) = 0   I(V^ss) = 0
==> s961 chi#28=a:('0', '0', '0', '-1'),b:('-1', '0', '0', '0'),c:('-1', '0', '0', '0') h1=1 m=1 psi=a:('-1', '0', '0', '0'),b:('1', '0', '0', '0'),c:('-1', '0', '0', '0'): I(V) = 0   I(V^ss) = 0
==> s961 chi#28=a:('0', '0', '0', '-1'),b:('-1', '0', '0', '0'),c:('-1', '0', '0', '0') h1=1 m=1 psi=a:('-1', '0', '0', '0'),b:('1', '0', '0', '0'),c:('0', '0', '-1', '0'): I(V) = 0   I(V^ss) = 0
==> s961 chi#28=a:('0', '0', '0', '-1'),b:('-1', '0', '0', '0'),c:('-1', '0', '0', '0') h1=1 m=1 psi=a:('-1', '0', '0', '0'),b:('1', '0', '0', '0'),c:('1', '0', '-1', '0'): I(V) = 0   I(V^ss) = 0
==> s961 chi#28=a:('0', '0', '0', '-1'),b:('-1', '0', '0', '0'),c:('-1', '0', '0', '0') h1=1 m=1 psi=a:('-1', '0', '0', '0'),b:('-1', '0', '0', '0'),c:('1', '0', '0', '0'): I(V) = 0   I(V^ss) = 0
==> s961 chi#28=a:('0', '0', '0', '-1'),b:('-1', '0', '0', '0'),c:('-1', '0', '0', '0') h1=1 m=1 psi=a:('-1', '0', '0', '0'),b:('-1', '0', '0', '0'),c:('0', '0', '1', '0'): I(V) = 0   I(V^ss) = 0
==> s961 chi#28=a:('0', '0', '0', '-1'),b:('-1', '0', '0', '0'),c:('-1', '0', '0', '0') h1=1 m=1 psi=a:('-1', '0', '0', '0'),b:('-1', '0', '0', '0'),c:('-1', '0', '1', '0'): I(V) = 0   I(V^ss) = 0
==> s961 chi#28=a:('0', '0', '0', '-1'),b:('-1', '0', '0', '0'),c:('-1', '0', '0', '0') h1=1 m=1 psi=a:('-1', '0', '0', '0'),b:('-1', '0', '0', '0'),c:('-1', '0', '0', '0'): I(V) = 0   I(V^ss) = 0
==> s961 chi#28=a:('0', '0', '0', '-1'),b:('-1', '0', '0', '0'),c:('-1', '0', '0', '0') h1=1 m=1 psi=a:('-1', '0', '0', '0'),b:('-1', '0', '0', '0'),c:('0', '0', '-1', '0'): I(V) = 0   I(V^ss) = 0
==> s961 chi#28=a:('0', '0', '0', '-1'),b:('-1', '0', '0', '0'),c:('-1', '0', '0', '0') h1=1 m=1 psi=a:('-1', '0', '0', '0'),b:('-1', '0', '0', '0'),c:('1', '0', '-1', '0'): I(V) = 0   I(V^ss) = 0
==> s961 chi#28=a:('0', '0', '0', '-1'),b:('-1', '0', '0', '0'),c:('-1', '0', '0', '0') h1=1 m=1 psi=chi^1: I(V) = 0   I(V^ss) = 0
==> s961 chi#28=a:('0', '0', '0', '-1'),b:('-1', '0', '0', '0'),c:('-1', '0', '0', '0') h1=1 m=1 psi=chi^2: I(V) = 0   I(V^ss) = 0
==> s961 chi#28=a:('0', '0', '0', '-1'),b:('-1', '0', '0', '0'),c:('-1', '0', '0', '0') h1=1 m=1 psi=chi^3: I(V) = 0   I(V^ss) = 0
==> s961 chi#28=a:('0', '0', '0', '-1'),b:('-1', '0', '0', '0'),c:('-1', '0', '0', '0') h1=1 m=2 psi=a:('1', '0', '0', '0'),b:('1', '0', '0', '0'),c:('1', '0', '0', '0'): I(V) = 0   I(V^ss) = 0
==> s961 chi#28=a:('0', '0', '0', '-1'),b:('-1', '0', '0', '0'),c:('-1', '0', '0', '0') h1=1 m=2 psi=a:('1', '0', '0', '0'),b:('1', '0', '0', '0'),c:('0', '0', '1', '0'): I(V) = 0   I(V^ss) = 0
==> s961 chi#28=a:('0', '0', '0', '-1'),b:('-1', '0', '0', '0'),c:('-1', '0', '0', '0') h1=1 m=2 psi=a:('1', '0', '0', '0'),b:('1', '0', '0', '0'),c:('-1', '0', '1', '0'): I(V) = 0   I(V^ss) = 0
==> s961 chi#28=a:('0', '0', '0', '-1'),b:('-1', '0', '0', '0'),c:('-1', '0', '0', '0') h1=1 m=2 psi=a:('1', '0', '0', '0'),b:('1', '0', '0', '0'),c:('-1', '0', '0', '0'): I(V) = 0   I(V^ss) = 0
==> s961 chi#28=a:('0', '0', '0', '-1'),b:('-1', '0', '0', '0'),c:('-1', '0', '0', '0') h1=1 m=2 psi=a:('1', '0', '0', '0'),b:('1', '0', '0', '0'),c:('0', '0', '-1', '0'): I(V) = 0   I(V^ss) = 0
==> s961 chi#28=a:('0', '0', '0', '-1'),b:('-1', '0', '0', '0'),c:('-1', '0', '0', '0') h1=1 m=2 psi=a:('1', '0', '0', '0'),b:('1', '0', '0', '0'),c:('1', '0', '-1', '0'): I(V) = 0   I(V^ss) = 0
==> s961 chi#28=a:('0', '0', '0', '-1'),b:('-1', '0', '0', '0'),c:('-1', '0', '0', '0') h1=1 m=2 psi=a:('1', '0', '0', '0'),b:('-1', '0', '0', '0'),c:('1', '0', '0', '0'): I(V) = 0   I(V^ss) = 0
==> s961 chi#28=a:('0', '0', '0', '-1'),b:('-1', '0', '0', '0'),c:('-1', '0', '0', '0') h1=1 m=2 psi=a:('1', '0', '0', '0'),b:('-1', '0', '0', '0'),c:('0', '0', '1', '0'): I(V) = 0   I(V^ss) = 0
==> s961 chi#28=a:('0', '0', '0', '-1'),b:('-1', '0', '0', '0'),c:('-1', '0', '0', '0') h1=1 m=2 psi=a:('1', '0', '0', '0'),b:('-1', '0', '0', '0'),c:('-1', '0', '1', '0'): I(V) = 0   I(V^ss) = 0
==> s961 chi#28=a:('0', '0', '0', '-1'),b:('-1', '0', '0', '0'),c:('-1', '0', '0', '0') h1=1 m=2 psi=a:('1', '0', '0', '0'),b:('-1', '0', '0', '0'),c:('-1', '0', '0', '0'): I(V) = 0   I(V^ss) = 0
==> s961 chi#28=a:('0', '0', '0', '-1'),b:('-1', '0', '0', '0'),c:('-1', '0', '0', '0') h1=1 m=2 psi=a:('1', '0', '0', '0'),b:('-1', '0', '0', '0'),c:('0', '0', '-1', '0'): I(V) = 0   I(V^ss) = 0
==> s961 chi#28=a:('0', '0', '0', '-1'),b:('-1', '0', '0', '0'),c:('-1', '0', '0', '0') h1=1 m=2 psi=a:('1', '0', '0', '0'),b:('-1', '0', '0', '0'),c:('1', '0', '-1', '0'): I(V) = 0   I(V^ss) = 0
==> s961 chi#28=a:('0', '0', '0', '-1'),b:('-1', '0', '0', '0'),c:('-1', '0', '0', '0') h1=1 m=2 psi=a:('-1', '0', '0', '0'),b:('1', '0', '0', '0'),c:('1', '0', '0', '0'): I(V) = 0   I(V^ss) = 0
==> s961 chi#28=a:('0', '0', '0', '-1'),b:('-1', '0', '0', '0'),c:('-1', '0', '0', '0') h1=1 m=2 psi=a:('-1', '0', '0', '0'),b:('1', '0', '0', '0'),c:('0', '0', '1', '0'): I(V) = 0   I(V^ss) = 0
==> s961 chi#28=a:('0', '0', '0', '-1'),b:('-1', '0', '0', '0'),c:('-1', '0', '0', '0') h1=1 m=2 psi=a:('-1', '0', '0', '0'),b:('1', '0', '0', '0'),c:('-1', '0', '1', '0'): I(V) = 0   I(V^ss) = 0
==> s961 chi#28=a:('0', '0', '0', '-1'),b:('-1', '0', '0', '0'),c:('-1', '0', '0', '0') h1=1 m=2 psi=a:('-1', '0', '0', '0'),b:('1', '0', '0', '0'),c:('-1', '0', '0', '0'): I(V) = 0   I(V^ss) = 0
==> s961 chi#28=a:('0', '0', '0', '-1'),b:('-1', '0', '0', '0'),c:('-1', '0', '0', '0') h1=1 m=2 psi=a:('-1', '0', '0', '0'),b:('1', '0', '0', '0'),c:('0', '0', '-1', '0'): I(V) = 0   I(V^ss) = 0
==> s961 chi#28=a:('0', '0', '0', '-1'),b:('-1', '0', '0', '0'),c:('-1', '0', '0', '0') h1=1 m=2 psi=a:('-1', '0', '0', '0'),b:('1', '0', '0', '0'),c:('1', '0', '-1', '0'): I(V) = 0   I(V^ss) = 0
==> s961 chi#28=a:('0', '0', '0', '-1'),b:('-1', '0', '0', '0'),c:('-1', '0', '0', '0') h1=1 m=2 psi=a:('-1', '0', '0', '0'),b:('-1', '0', '0', '0'),c:('1', '0', '0', '0'): I(V) = 0   I(V^ss) = 0
==> s961 chi#28=a:('0', '0', '0', '-1'),b:('-1', '0', '0', '0'),c:('-1', '0', '0', '0') h1=1 m=2 psi=a:('-1', '0', '0', '0'),b:('-1', '0', '0', '0'),c:('0', '0', '1', '0'): I(V) = 0   I(V^ss) = 0
==> s961 chi#28=a:('0', '0', '0', '-1'),b:('-1', '0', '0', '0'),c:('-1', '0', '0', '0') h1=1 m=2 psi=a:('-1', '0', '0', '0'),b:('-1', '0', '0', '0'),c:('-1', '0', '1', '0'): I(V) = 0   I(V^ss) = 0
==> s961 chi#28=a:('0', '0', '0', '-1'),b:('-1', '0', '0', '0'),c:('-1', '0', '0', '0') h1=1 m=2 psi=a:('-1', '0', '0', '0'),b:('-1', '0', '0', '0'),c:('-1', '0', '0', '0'): I(V) = 0   I(V^ss) = 0
==> s961 chi#28=a:('0', '0', '0', '-1'),b:('-1', '0', '0', '0'),c:('-1', '0', '0', '0') h1=1 m=2 psi=a:('-1', '0', '0', '0'),b:('-1', '0', '0', '0'),c:('0', '0', '-1', '0'): I(V) = 0   I(V^ss) = 0
==> s961 chi#28=a:('0', '0', '0', '-1'),b:('-1', '0', '0', '0'),c:('-1', '0', '0', '0') h1=1 m=2 psi=a:('-1', '0', '0', '0'),b:('-1', '0', '0', '0'),c:('1', '0', '-1', '0'): I(V) = 0   I(V^ss) = 0
==> s961 chi#28=a:('0', '0', '0', '-1'),b:('-1', '0', '0', '0'),c:('-1', '0', '0', '0') h1=1 m=2 psi=chi^1: I(V) = 0   I(V^ss) = 0
==> s961 chi#28=a:('0', '0', '0', '-1'),b:('-1', '0', '0', '0'),c:('-1', '0', '0', '0') h1=1 m=2 psi=chi^2: I(V) = 0   I(V^ss) = 0
==> s961 chi#28=a:('0', '0', '0', '-1'),b:('-1', '0', '0', '0'),c:('-1', '0', '0', '0') h1=1 m=2 psi=chi^3: I(V) = 0   I(V^ss) = 0
==> s961 chi#28=a:('0', '0', '0', '-1'),b:('-1', '0', '0', '0'),c:('-1', '0', '0', '0') h1=1 m=3 psi=a:('1', '0', '0', '0'),b:('1', '0', '0', '0'),c:('1', '0', '0', '0'): I(V) = 0   I(V^ss) = 0
==> s961 chi#28=a:('0', '0', '0', '-1'),b:('-1', '0', '0', '0'),c:('-1', '0', '0', '0') h1=1 m=3 psi=a:('1', '0', '0', '0'),b:('1', '0', '0', '0'),c:('0', '0', '1', '0'): I(V) = 0   I(V^ss) = 0
==> s961 chi#28=a:('0', '0', '0', '-1'),b:('-1', '0', '0', '0'),c:('-1', '0', '0', '0') h1=1 m=3 psi=a:('1', '0', '0', '0'),b:('1', '0', '0', '0'),c:('-1', '0', '1', '0'): I(V) = 0   I(V^ss) = 0
==> s961 chi#28=a:('0', '0', '0', '-1'),b:('-1', '0', '0', '0'),c:('-1', '0', '0', '0') h1=1 m=3 psi=a:('1', '0', '0', '0'),b:('1', '0', '0', '0'),c:('-1', '0', '0', '0'): I(V) = 0   I(V^ss) = 0
==> s961 chi#28=a:('0', '0', '0', '-1'),b:('-1', '0', '0', '0'),c:('-1', '0', '0', '0') h1=1 m=3 psi=a:('1', '0', '0', '0'),b:('1', '0', '0', '0'),c:('0', '0', '-1', '0'): I(V) = 0   I(V^ss) = 0
==> s961 chi#28=a:('0', '0', '0', '-1'),b:('-1', '0', '0', '0'),c:('-1', '0', '0', '0') h1=1 m=3 psi=a:('1', '0', '0', '0'),b:('1', '0', '0', '0'),c:('1', '0', '-1', '0'): I(V) = 0   I(V^ss) = 0
==> s961 chi#28=a:('0', '0', '0', '-1'),b:('-1', '0', '0', '0'),c:('-1', '0', '0', '0') h1=1 m=3 psi=a:('1', '0', '0', '0'),b:('-1', '0', '0', '0'),c:('1', '0', '0', '0'): I(V) = 0   I(V^ss) = 0
==> s961 chi#28=a:('0', '0', '0', '-1'),b:('-1', '0', '0', '0'),c:('-1', '0', '0', '0') h1=1 m=3 psi=a:('1', '0', '0', '0'),b:('-1', '0', '0', '0'),c:('0', '0', '1', '0'): I(V) = 0   I(V^ss) = 0
==> s961 chi#28=a:('0', '0', '0', '-1'),b:('-1', '0', '0', '0'),c:('-1', '0', '0', '0') h1=1 m=3 psi=a:('1', '0', '0', '0'),b:('-1', '0', '0', '0'),c:('-1', '0', '1', '0'): I(V) = 0   I(V^ss) = 0
==> s961 chi#28=a:('0', '0', '0', '-1'),b:('-1', '0', '0', '0'),c:('-1', '0', '0', '0') h1=1 m=3 psi=a:('1', '0', '0', '0'),b:('-1', '0', '0', '0'),c:('-1', '0', '0', '0'): I(V) = 0   I(V^ss) = 0
==> s961 chi#28=a:('0', '0', '0', '-1'),b:('-1', '0', '0', '0'),c:('-1', '0', '0', '0') h1=1 m=3 psi=a:('1', '0', '0', '0'),b:('-1', '0', '0', '0'),c:('0', '0', '-1', '0'): I(V) = 0   I(V^ss) = 0
==> s961 chi#28=a:('0', '0', '0', '-1'),b:('-1', '0', '0', '0'),c:('-1', '0', '0', '0') h1=1 m=3 psi=a:('1', '0', '0', '0'),b:('-1', '0', '0', '0'),c:('1', '0', '-1', '0'): I(V) = 0   I(V^ss) = 0
==> s961 chi#28=a:('0', '0', '0', '-1'),b:('-1', '0', '0', '0'),c:('-1', '0', '0', '0') h1=1 m=3 psi=a:('-1', '0', '0', '0'),b:('1', '0', '0', '0'),c:('1', '0', '0', '0'): I(V) = 0   I(V^ss) = 0
==> s961 chi#28=a:('0', '0', '0', '-1'),b:('-1', '0', '0', '0'),c:('-1', '0', '0', '0') h1=1 m=3 psi=a:('-1', '0', '0', '0'),b:('1', '0', '0', '0'),c:('0', '0', '1', '0'): I(V) = 0   I(V^ss) = 0
==> s961 chi#28=a:('0', '0', '0', '-1'),b:('-1', '0', '0', '0'),c:('-1', '0', '0', '0') h1=1 m=3 psi=a:('-1', '0', '0', '0'),b:('1', '0', '0', '0'),c:('-1', '0', '1', '0'): I(V) = 0   I(V^ss) = 0
==> s961 chi#28=a:('0', '0', '0', '-1'),b:('-1', '0', '0', '0'),c:('-1', '0', '0', '0') h1=1 m=3 psi=a:('-1', '0', '0', '0'),b:('1', '0', '0', '0'),c:('-1', '0', '0', '0'): I(V) = 0   I(V^ss) = 0
==> s961 chi#28=a:('0', '0', '0', '-1'),b:('-1', '0', '0', '0'),c:('-1', '0', '0', '0') h1=1 m=3 psi=a:('-1', '0', '0', '0'),b:('1', '0', '0', '0'),c:('0', '0', '-1', '0'): I(V) = 0   I(V^ss) = 0
==> s961 chi#28=a:('0', '0', '0', '-1'),b:('-1', '0', '0', '0'),c:('-1', '0', '0', '0') h1=1 m=3 psi=a:('-1', '0', '0', '0'),b:('1', '0', '0', '0'),c:('1', '0', '-1', '0'): I(V) = 0   I(V^ss) = 0
==> s961 chi#28=a:('0', '0', '0', '-1'),b:('-1', '0', '0', '0'),c:('-1', '0', '0', '0') h1=1 m=3 psi=a:('-1', '0', '0', '0'),b:('-1', '0', '0', '0'),c:('1', '0', '0', '0'): I(V) = 0   I(V^ss) = 0
==> s961 chi#28=a:('0', '0', '0', '-1'),b:('-1', '0', '0', '0'),c:('-1', '0', '0', '0') h1=1 m=3 psi=a:('-1', '0', '0', '0'),b:('-1', '0', '0', '0'),c:('0', '0', '1', '0'): I(V) = 0   I(V^ss) = 0
==> s961 chi#28=a:('0', '0', '0', '-1'),b:('-1', '0', '0', '0'),c:('-1', '0', '0', '0') h1=1 m=3 psi=a:('-1', '0', '0', '0'),b:('-1', '0', '0', '0'),c:('-1', '0', '1', '0'): I(V) = 0   I(V^ss) = 0
==> s961 chi#28=a:('0', '0', '0', '-1'),b:('-1', '0', '0', '0'),c:('-1', '0', '0', '0') h1=1 m=3 psi=a:('-1', '0', '0', '0'),b:('-1', '0', '0', '0'),c:('-1', '0', '0', '0'): I(V) = 0   I(V^ss) = 0
==> s961 chi#28=a:('0', '0', '0', '-1'),b:('-1', '0', '0', '0'),c:('-1', '0', '0', '0') h1=1 m=3 psi=a:('-1', '0', '0', '0'),b:('-1', '0', '0', '0'),c:('0', '0', '-1', '0'): I(V) = 0   I(V^ss) = 0
==> s961 chi#28=a:('0', '0', '0', '-1'),b:('-1', '0', '0', '0'),c:('-1', '0', '0', '0') h1=1 m=3 psi=a:('-1', '0', '0', '0'),b:('-1', '0', '0', '0'),c:('1', '0', '-1', '0'): I(V) = 0   I(V^ss) = 0
==> s961 chi#28=a:('0', '0', '0', '-1'),b:('-1', '0', '0', '0'),c:('-1', '0', '0', '0') h1=1 m=3 psi=chi^1: I(V) = 0   I(V^ss) = 0
==> s961 chi#28=a:('0', '0', '0', '-1'),b:('-1', '0', '0', '0'),c:('-1', '0', '0', '0') h1=1 m=3 psi=chi^2: I(V) = 0   I(V^ss) = 0
==> s961 chi#28=a:('0', '0', '0', '-1'),b:('-1', '0', '0', '0'),c:('-1', '0', '0', '0') h1=1 m=3 psi=chi^3: I(V) = 0   I(V^ss) = 0
  locus chi#29=a:('0', '0', '0', '-1'),b:('0', '0', '0', '-1'),c:('0', '0', '0', '1') h1=1
==> s961 chi#29=a:('0', '0', '0', '-1'),b:('0', '0', '0', '-1'),c:('0', '0', '0', '1') h1=1 m=1 psi=a:('1', '0', '0', '0'),b:('1', '0', '0', '0'),c:('1', '0', '0', '0'): I(V) = 0   I(V^ss) = 0
==> s961 chi#29=a:('0', '0', '0', '-1'),b:('0', '0', '0', '-1'),c:('0', '0', '0', '1') h1=1 m=1 psi=a:('1', '0', '0', '0'),b:('1', '0', '0', '0'),c:('0', '0', '1', '0'): I(V) = 0   I(V^ss) = 0
==> s961 chi#29=a:('0', '0', '0', '-1'),b:('0', '0', '0', '-1'),c:('0', '0', '0', '1') h1=1 m=1 psi=a:('1', '0', '0', '0'),b:('1', '0', '0', '0'),c:('-1', '0', '1', '0'): I(V) = 0   I(V^ss) = 0
==> s961 chi#29=a:('0', '0', '0', '-1'),b:('0', '0', '0', '-1'),c:('0', '0', '0', '1') h1=1 m=1 psi=a:('1', '0', '0', '0'),b:('1', '0', '0', '0'),c:('-1', '0', '0', '0'): I(V) = 0   I(V^ss) = 0
==> s961 chi#29=a:('0', '0', '0', '-1'),b:('0', '0', '0', '-1'),c:('0', '0', '0', '1') h1=1 m=1 psi=a:('1', '0', '0', '0'),b:('1', '0', '0', '0'),c:('0', '0', '-1', '0'): I(V) = 0   I(V^ss) = 0
==> s961 chi#29=a:('0', '0', '0', '-1'),b:('0', '0', '0', '-1'),c:('0', '0', '0', '1') h1=1 m=1 psi=a:('1', '0', '0', '0'),b:('1', '0', '0', '0'),c:('1', '0', '-1', '0'): I(V) = 0   I(V^ss) = 0
==> s961 chi#29=a:('0', '0', '0', '-1'),b:('0', '0', '0', '-1'),c:('0', '0', '0', '1') h1=1 m=1 psi=a:('1', '0', '0', '0'),b:('-1', '0', '0', '0'),c:('1', '0', '0', '0'): I(V) = 0   I(V^ss) = 0
==> s961 chi#29=a:('0', '0', '0', '-1'),b:('0', '0', '0', '-1'),c:('0', '0', '0', '1') h1=1 m=1 psi=a:('1', '0', '0', '0'),b:('-1', '0', '0', '0'),c:('0', '0', '1', '0'): I(V) = 0   I(V^ss) = 0
==> s961 chi#29=a:('0', '0', '0', '-1'),b:('0', '0', '0', '-1'),c:('0', '0', '0', '1') h1=1 m=1 psi=a:('1', '0', '0', '0'),b:('-1', '0', '0', '0'),c:('-1', '0', '1', '0'): I(V) = 0   I(V^ss) = 0
==> s961 chi#29=a:('0', '0', '0', '-1'),b:('0', '0', '0', '-1'),c:('0', '0', '0', '1') h1=1 m=1 psi=a:('1', '0', '0', '0'),b:('-1', '0', '0', '0'),c:('-1', '0', '0', '0'): I(V) = 0   I(V^ss) = 0
==> s961 chi#29=a:('0', '0', '0', '-1'),b:('0', '0', '0', '-1'),c:('0', '0', '0', '1') h1=1 m=1 psi=a:('1', '0', '0', '0'),b:('-1', '0', '0', '0'),c:('0', '0', '-1', '0'): I(V) = 0   I(V^ss) = 0
==> s961 chi#29=a:('0', '0', '0', '-1'),b:('0', '0', '0', '-1'),c:('0', '0', '0', '1') h1=1 m=1 psi=a:('1', '0', '0', '0'),b:('-1', '0', '0', '0'),c:('1', '0', '-1', '0'): I(V) = 0   I(V^ss) = 0
==> s961 chi#29=a:('0', '0', '0', '-1'),b:('0', '0', '0', '-1'),c:('0', '0', '0', '1') h1=1 m=1 psi=a:('-1', '0', '0', '0'),b:('1', '0', '0', '0'),c:('1', '0', '0', '0'): I(V) = 0   I(V^ss) = 0
==> s961 chi#29=a:('0', '0', '0', '-1'),b:('0', '0', '0', '-1'),c:('0', '0', '0', '1') h1=1 m=1 psi=a:('-1', '0', '0', '0'),b:('1', '0', '0', '0'),c:('0', '0', '1', '0'): I(V) = 0   I(V^ss) = 0
==> s961 chi#29=a:('0', '0', '0', '-1'),b:('0', '0', '0', '-1'),c:('0', '0', '0', '1') h1=1 m=1 psi=a:('-1', '0', '0', '0'),b:('1', '0', '0', '0'),c:('-1', '0', '1', '0'): I(V) = 0   I(V^ss) = 0
==> s961 chi#29=a:('0', '0', '0', '-1'),b:('0', '0', '0', '-1'),c:('0', '0', '0', '1') h1=1 m=1 psi=a:('-1', '0', '0', '0'),b:('1', '0', '0', '0'),c:('-1', '0', '0', '0'): I(V) = 0   I(V^ss) = 0
==> s961 chi#29=a:('0', '0', '0', '-1'),b:('0', '0', '0', '-1'),c:('0', '0', '0', '1') h1=1 m=1 psi=a:('-1', '0', '0', '0'),b:('1', '0', '0', '0'),c:('0', '0', '-1', '0'): I(V) = 0   I(V^ss) = 0
==> s961 chi#29=a:('0', '0', '0', '-1'),b:('0', '0', '0', '-1'),c:('0', '0', '0', '1') h1=1 m=1 psi=a:('-1', '0', '0', '0'),b:('1', '0', '0', '0'),c:('1', '0', '-1', '0'): I(V) = 0   I(V^ss) = 0
==> s961 chi#29=a:('0', '0', '0', '-1'),b:('0', '0', '0', '-1'),c:('0', '0', '0', '1') h1=1 m=1 psi=a:('-1', '0', '0', '0'),b:('-1', '0', '0', '0'),c:('1', '0', '0', '0'): I(V) = 0   I(V^ss) = 0
==> s961 chi#29=a:('0', '0', '0', '-1'),b:('0', '0', '0', '-1'),c:('0', '0', '0', '1') h1=1 m=1 psi=a:('-1', '0', '0', '0'),b:('-1', '0', '0', '0'),c:('0', '0', '1', '0'): I(V) = 0   I(V^ss) = 0
==> s961 chi#29=a:('0', '0', '0', '-1'),b:('0', '0', '0', '-1'),c:('0', '0', '0', '1') h1=1 m=1 psi=a:('-1', '0', '0', '0'),b:('-1', '0', '0', '0'),c:('-1', '0', '1', '0'): I(V) = 0   I(V^ss) = 0
==> s961 chi#29=a:('0', '0', '0', '-1'),b:('0', '0', '0', '-1'),c:('0', '0', '0', '1') h1=1 m=1 psi=a:('-1', '0', '0', '0'),b:('-1', '0', '0', '0'),c:('-1', '0', '0', '0'): I(V) = 0   I(V^ss) = 0
==> s961 chi#29=a:('0', '0', '0', '-1'),b:('0', '0', '0', '-1'),c:('0', '0', '0', '1') h1=1 m=1 psi=a:('-1', '0', '0', '0'),b:('-1', '0', '0', '0'),c:('0', '0', '-1', '0'): I(V) = 0   I(V^ss) = 0
==> s961 chi#29=a:('0', '0', '0', '-1'),b:('0', '0', '0', '-1'),c:('0', '0', '0', '1') h1=1 m=1 psi=a:('-1', '0', '0', '0'),b:('-1', '0', '0', '0'),c:('1', '0', '-1', '0'): I(V) = 0   I(V^ss) = 0
==> s961 chi#29=a:('0', '0', '0', '-1'),b:('0', '0', '0', '-1'),c:('0', '0', '0', '1') h1=1 m=1 psi=chi^1: I(V) = 0   I(V^ss) = 0
==> s961 chi#29=a:('0', '0', '0', '-1'),b:('0', '0', '0', '-1'),c:('0', '0', '0', '1') h1=1 m=1 psi=chi^2: I(V) = 0   I(V^ss) = 0
==> s961 chi#29=a:('0', '0', '0', '-1'),b:('0', '0', '0', '-1'),c:('0', '0', '0', '1') h1=1 m=1 psi=chi^3: I(V) = 0   I(V^ss) = 0
==> s961 chi#29=a:('0', '0', '0', '-1'),b:('0', '0', '0', '-1'),c:('0', '0', '0', '1') h1=1 m=2 psi=a:('1', '0', '0', '0'),b:('1', '0', '0', '0'),c:('1', '0', '0', '0'): I(V) = 0   I(V^ss) = 0
==> s961 chi#29=a:('0', '0', '0', '-1'),b:('0', '0', '0', '-1'),c:('0', '0', '0', '1') h1=1 m=2 psi=a:('1', '0', '0', '0'),b:('1', '0', '0', '0'),c:('0', '0', '1', '0'): I(V) = 0   I(V^ss) = 0
==> s961 chi#29=a:('0', '0', '0', '-1'),b:('0', '0', '0', '-1'),c:('0', '0', '0', '1') h1=1 m=2 psi=a:('1', '0', '0', '0'),b:('1', '0', '0', '0'),c:('-1', '0', '1', '0'): I(V) = 0   I(V^ss) = 0
==> s961 chi#29=a:('0', '0', '0', '-1'),b:('0', '0', '0', '-1'),c:('0', '0', '0', '1') h1=1 m=2 psi=a:('1', '0', '0', '0'),b:('1', '0', '0', '0'),c:('-1', '0', '0', '0'): I(V) = 0   I(V^ss) = 0
==> s961 chi#29=a:('0', '0', '0', '-1'),b:('0', '0', '0', '-1'),c:('0', '0', '0', '1') h1=1 m=2 psi=a:('1', '0', '0', '0'),b:('1', '0', '0', '0'),c:('0', '0', '-1', '0'): I(V) = 0   I(V^ss) = 0
==> s961 chi#29=a:('0', '0', '0', '-1'),b:('0', '0', '0', '-1'),c:('0', '0', '0', '1') h1=1 m=2 psi=a:('1', '0', '0', '0'),b:('1', '0', '0', '0'),c:('1', '0', '-1', '0'): I(V) = 0   I(V^ss) = 0
==> s961 chi#29=a:('0', '0', '0', '-1'),b:('0', '0', '0', '-1'),c:('0', '0', '0', '1') h1=1 m=2 psi=a:('1', '0', '0', '0'),b:('-1', '0', '0', '0'),c:('1', '0', '0', '0'): I(V) = 0   I(V^ss) = 0
==> s961 chi#29=a:('0', '0', '0', '-1'),b:('0', '0', '0', '-1'),c:('0', '0', '0', '1') h1=1 m=2 psi=a:('1', '0', '0', '0'),b:('-1', '0', '0', '0'),c:('0', '0', '1', '0'): I(V) = 0   I(V^ss) = 0
==> s961 chi#29=a:('0', '0', '0', '-1'),b:('0', '0', '0', '-1'),c:('0', '0', '0', '1') h1=1 m=2 psi=a:('1', '0', '0', '0'),b:('-1', '0', '0', '0'),c:('-1', '0', '1', '0'): I(V) = 0   I(V^ss) = 0
==> s961 chi#29=a:('0', '0', '0', '-1'),b:('0', '0', '0', '-1'),c:('0', '0', '0', '1') h1=1 m=2 psi=a:('1', '0', '0', '0'),b:('-1', '0', '0', '0'),c:('-1', '0', '0', '0'): I(V) = 0   I(V^ss) = 0
==> s961 chi#29=a:('0', '0', '0', '-1'),b:('0', '0', '0', '-1'),c:('0', '0', '0', '1') h1=1 m=2 psi=a:('1', '0', '0', '0'),b:('-1', '0', '0', '0'),c:('0', '0', '-1', '0'): I(V) = 0   I(V^ss) = 0
==> s961 chi#29=a:('0', '0', '0', '-1'),b:('0', '0', '0', '-1'),c:('0', '0', '0', '1') h1=1 m=2 psi=a:('1', '0', '0', '0'),b:('-1', '0', '0', '0'),c:('1', '0', '-1', '0'): I(V) = 0   I(V^ss) = 0
==> s961 chi#29=a:('0', '0', '0', '-1'),b:('0', '0', '0', '-1'),c:('0', '0', '0', '1') h1=1 m=2 psi=a:('-1', '0', '0', '0'),b:('1', '0', '0', '0'),c:('1', '0', '0', '0'): I(V) = 0   I(V^ss) = 0
==> s961 chi#29=a:('0', '0', '0', '-1'),b:('0', '0', '0', '-1'),c:('0', '0', '0', '1') h1=1 m=2 psi=a:('-1', '0', '0', '0'),b:('1', '0', '0', '0'),c:('0', '0', '1', '0'): I(V) = 0   I(V^ss) = 0
==> s961 chi#29=a:('0', '0', '0', '-1'),b:('0', '0', '0', '-1'),c:('0', '0', '0', '1') h1=1 m=2 psi=a:('-1', '0', '0', '0'),b:('1', '0', '0', '0'),c:('-1', '0', '1', '0'): I(V) = 0   I(V^ss) = 0
==> s961 chi#29=a:('0', '0', '0', '-1'),b:('0', '0', '0', '-1'),c:('0', '0', '0', '1') h1=1 m=2 psi=a:('-1', '0', '0', '0'),b:('1', '0', '0', '0'),c:('-1', '0', '0', '0'): I(V) = 0   I(V^ss) = 0
==> s961 chi#29=a:('0', '0', '0', '-1'),b:('0', '0', '0', '-1'),c:('0', '0', '0', '1') h1=1 m=2 psi=a:('-1', '0', '0', '0'),b:('1', '0', '0', '0'),c:('0', '0', '-1', '0'): I(V) = 0   I(V^ss) = 0
==> s961 chi#29=a:('0', '0', '0', '-1'),b:('0', '0', '0', '-1'),c:('0', '0', '0', '1') h1=1 m=2 psi=a:('-1', '0', '0', '0'),b:('1', '0', '0', '0'),c:('1', '0', '-1', '0'): I(V) = 0   I(V^ss) = 0
==> s961 chi#29=a:('0', '0', '0', '-1'),b:('0', '0', '0', '-1'),c:('0', '0', '0', '1') h1=1 m=2 psi=a:('-1', '0', '0', '0'),b:('-1', '0', '0', '0'),c:('1', '0', '0', '0'): I(V) = 0   I(V^ss) = 0
==> s961 chi#29=a:('0', '0', '0', '-1'),b:('0', '0', '0', '-1'),c:('0', '0', '0', '1') h1=1 m=2 psi=a:('-1', '0', '0', '0'),b:('-1', '0', '0', '0'),c:('0', '0', '1', '0'): I(V) = 0   I(V^ss) = 0
==> s961 chi#29=a:('0', '0', '0', '-1'),b:('0', '0', '0', '-1'),c:('0', '0', '0', '1') h1=1 m=2 psi=a:('-1', '0', '0', '0'),b:('-1', '0', '0', '0'),c:('-1', '0', '1', '0'): I(V) = 0   I(V^ss) = 0
==> s961 chi#29=a:('0', '0', '0', '-1'),b:('0', '0', '0', '-1'),c:('0', '0', '0', '1') h1=1 m=2 psi=a:('-1', '0', '0', '0'),b:('-1', '0', '0', '0'),c:('-1', '0', '0', '0'): I(V) = 0   I(V^ss) = 0
==> s961 chi#29=a:('0', '0', '0', '-1'),b:('0', '0', '0', '-1'),c:('0', '0', '0', '1') h1=1 m=2 psi=a:('-1', '0', '0', '0'),b:('-1', '0', '0', '0'),c:('0', '0', '-1', '0'): I(V) = 0   I(V^ss) = 0
==> s961 chi#29=a:('0', '0', '0', '-1'),b:('0', '0', '0', '-1'),c:('0', '0', '0', '1') h1=1 m=2 psi=a:('-1', '0', '0', '0'),b:('-1', '0', '0', '0'),c:('1', '0', '-1', '0'): I(V) = 0   I(V^ss) = 0
==> s961 chi#29=a:('0', '0', '0', '-1'),b:('0', '0', '0', '-1'),c:('0', '0', '0', '1') h1=1 m=2 psi=chi^1: I(V) = 0   I(V^ss) = 0
==> s961 chi#29=a:('0', '0', '0', '-1'),b:('0', '0', '0', '-1'),c:('0', '0', '0', '1') h1=1 m=2 psi=chi^2: I(V) = 0   I(V^ss) = 0
==> s961 chi#29=a:('0', '0', '0', '-1'),b:('0', '0', '0', '-1'),c:('0', '0', '0', '1') h1=1 m=2 psi=chi^3: I(V) = 0   I(V^ss) = 0
==> s961 chi#29=a:('0', '0', '0', '-1'),b:('0', '0', '0', '-1'),c:('0', '0', '0', '1') h1=1 m=3 psi=a:('1', '0', '0', '0'),b:('1', '0', '0', '0'),c:('1', '0', '0', '0'): I(V) = 0   I(V^ss) = 0
==> s961 chi#29=a:('0', '0', '0', '-1'),b:('0', '0', '0', '-1'),c:('0', '0', '0', '1') h1=1 m=3 psi=a:('1', '0', '0', '0'),b:('1', '0', '0', '0'),c:('0', '0', '1', '0'): I(V) = 0   I(V^ss) = 0
==> s961 chi#29=a:('0', '0', '0', '-1'),b:('0', '0', '0', '-1'),c:('0', '0', '0', '1') h1=1 m=3 psi=a:('1', '0', '0', '0'),b:('1', '0', '0', '0'),c:('-1', '0', '1', '0'): I(V) = 0   I(V^ss) = 0
==> s961 chi#29=a:('0', '0', '0', '-1'),b:('0', '0', '0', '-1'),c:('0', '0', '0', '1') h1=1 m=3 psi=a:('1', '0', '0', '0'),b:('1', '0', '0', '0'),c:('-1', '0', '0', '0'): I(V) = 0   I(V^ss) = 0
==> s961 chi#29=a:('0', '0', '0', '-1'),b:('0', '0', '0', '-1'),c:('0', '0', '0', '1') h1=1 m=3 psi=a:('1', '0', '0', '0'),b:('1', '0', '0', '0'),c:('0', '0', '-1', '0'): I(V) = 0   I(V^ss) = 0
==> s961 chi#29=a:('0', '0', '0', '-1'),b:('0', '0', '0', '-1'),c:('0', '0', '0', '1') h1=1 m=3 psi=a:('1', '0', '0', '0'),b:('1', '0', '0', '0'),c:('1', '0', '-1', '0'): I(V) = 0   I(V^ss) = 0
==> s961 chi#29=a:('0', '0', '0', '-1'),b:('0', '0', '0', '-1'),c:('0', '0', '0', '1') h1=1 m=3 psi=a:('1', '0', '0', '0'),b:('-1', '0', '0', '0'),c:('1', '0', '0', '0'): I(V) = 0   I(V^ss) = 0
==> s961 chi#29=a:('0', '0', '0', '-1'),b:('0', '0', '0', '-1'),c:('0', '0', '0', '1') h1=1 m=3 psi=a:('1', '0', '0', '0'),b:('-1', '0', '0', '0'),c:('0', '0', '1', '0'): I(V) = 0   I(V^ss) = 0
==> s961 chi#29=a:('0', '0', '0', '-1'),b:('0', '0', '0', '-1'),c:('0', '0', '0', '1') h1=1 m=3 psi=a:('1', '0', '0', '0'),b:('-1', '0', '0', '0'),c:('-1', '0', '1', '0'): I(V) = 0   I(V^ss) = 0
==> s961 chi#29=a:('0', '0', '0', '-1'),b:('0', '0', '0', '-1'),c:('0', '0', '0', '1') h1=1 m=3 psi=a:('1', '0', '0', '0'),b:('-1', '0', '0', '0'),c:('-1', '0', '0', '0'): I(V) = 0   I(V^ss) = 0
==> s961 chi#29=a:('0', '0', '0', '-1'),b:('0', '0', '0', '-1'),c:('0', '0', '0', '1') h1=1 m=3 psi=a:('1', '0', '0', '0'),b:('-1', '0', '0', '0'),c:('0', '0', '-1', '0'): I(V) = 0   I(V^ss) = 0
==> s961 chi#29=a:('0', '0', '0', '-1'),b:('0', '0', '0', '-1'),c:('0', '0', '0', '1') h1=1 m=3 psi=a:('1', '0', '0', '0'),b:('-1', '0', '0', '0'),c:('1', '0', '-1', '0'): I(V) = 0   I(V^ss) = 0
==> s961 chi#29=a:('0', '0', '0', '-1'),b:('0', '0', '0', '-1'),c:('0', '0', '0', '1') h1=1 m=3 psi=a:('-1', '0', '0', '0'),b:('1', '0', '0', '0'),c:('1', '0', '0', '0'): I(V) = 0   I(V^ss) = 0
==> s961 chi#29=a:('0', '0', '0', '-1'),b:('0', '0', '0', '-1'),c:('0', '0', '0', '1') h1=1 m=3 psi=a:('-1', '0', '0', '0'),b:('1', '0', '0', '0'),c:('0', '0', '1', '0'): I(V) = 0   I(V^ss) = 0
==> s961 chi#29=a:('0', '0', '0', '-1'),b:('0', '0', '0', '-1'),c:('0', '0', '0', '1') h1=1 m=3 psi=a:('-1', '0', '0', '0'),b:('1', '0', '0', '0'),c:('-1', '0', '1', '0'): I(V) = 0   I(V^ss) = 0
==> s961 chi#29=a:('0', '0', '0', '-1'),b:('0', '0', '0', '-1'),c:('0', '0', '0', '1') h1=1 m=3 psi=a:('-1', '0', '0', '0'),b:('1', '0', '0', '0'),c:('-1', '0', '0', '0'): I(V) = 0   I(V^ss) = 0
==> s961 chi#29=a:('0', '0', '0', '-1'),b:('0', '0', '0', '-1'),c:('0', '0', '0', '1') h1=1 m=3 psi=a:('-1', '0', '0', '0'),b:('1', '0', '0', '0'),c:('0', '0', '-1', '0'): I(V) = 0   I(V^ss) = 0
==> s961 chi#29=a:('0', '0', '0', '-1'),b:('0', '0', '0', '-1'),c:('0', '0', '0', '1') h1=1 m=3 psi=a:('-1', '0', '0', '0'),b:('1', '0', '0', '0'),c:('1', '0', '-1', '0'): I(V) = 0   I(V^ss) = 0
==> s961 chi#29=a:('0', '0', '0', '-1'),b:('0', '0', '0', '-1'),c:('0', '0', '0', '1') h1=1 m=3 psi=a:('-1', '0', '0', '0'),b:('-1', '0', '0', '0'),c:('1', '0', '0', '0'): I(V) = 0   I(V^ss) = 0
==> s961 chi#29=a:('0', '0', '0', '-1'),b:('0', '0', '0', '-1'),c:('0', '0', '0', '1') h1=1 m=3 psi=a:('-1', '0', '0', '0'),b:('-1', '0', '0', '0'),c:('0', '0', '1', '0'): I(V) = 0   I(V^ss) = 0
==> s961 chi#29=a:('0', '0', '0', '-1'),b:('0', '0', '0', '-1'),c:('0', '0', '0', '1') h1=1 m=3 psi=a:('-1', '0', '0', '0'),b:('-1', '0', '0', '0'),c:('-1', '0', '1', '0'): I(V) = 0   I(V^ss) = 0
==> s961 chi#29=a:('0', '0', '0', '-1'),b:('0', '0', '0', '-1'),c:('0', '0', '0', '1') h1=1 m=3 psi=a:('-1', '0', '0', '0'),b:('-1', '0', '0', '0'),c:('-1', '0', '0', '0'): I(V) = 0   I(V^ss) = 0
==> s961 chi#29=a:('0', '0', '0', '-1'),b:('0', '0', '0', '-1'),c:('0', '0', '0', '1') h1=1 m=3 psi=a:('-1', '0', '0', '0'),b:('-1', '0', '0', '0'),c:('0', '0', '-1', '0'): I(V) = 0   I(V^ss) = 0
==> s961 chi#29=a:('0', '0', '0', '-1'),b:('0', '0', '0', '-1'),c:('0', '0', '0', '1') h1=1 m=3 psi=a:('-1', '0', '0', '0'),b:('-1', '0', '0', '0'),c:('1', '0', '-1', '0'): I(V) = 0   I(V^ss) = 0
==> s961 chi#29=a:('0', '0', '0', '-1'),b:('0', '0', '0', '-1'),c:('0', '0', '0', '1') h1=1 m=3 psi=chi^1: I(V) = 0   I(V^ss) = 0
==> s961 chi#29=a:('0', '0', '0', '-1'),b:('0', '0', '0', '-1'),c:('0', '0', '0', '1') h1=1 m=3 psi=chi^2: I(V) = 0   I(V^ss) = 0
==> s961 chi#29=a:('0', '0', '0', '-1'),b:('0', '0', '0', '-1'),c:('0', '0', '0', '1') h1=1 m=3 psi=chi^3: I(V) = 0   I(V^ss) = 0
  locus chi#30=a:('0', '0', '0', '-1'),b:('0', '0', '0', '-1'),c:('0', '0', '0', '-1') h1=1
==> s961 chi#30=a:('0', '0', '0', '-1'),b:('0', '0', '0', '-1'),c:('0', '0', '0', '-1') h1=1 m=1 psi=a:('1', '0', '0', '0'),b:('1', '0', '0', '0'),c:('1', '0', '0', '0'): I(V) = 0   I(V^ss) = 0
==> s961 chi#30=a:('0', '0', '0', '-1'),b:('0', '0', '0', '-1'),c:('0', '0', '0', '-1') h1=1 m=1 psi=a:('1', '0', '0', '0'),b:('1', '0', '0', '0'),c:('0', '0', '1', '0'): I(V) = 0   I(V^ss) = 0
==> s961 chi#30=a:('0', '0', '0', '-1'),b:('0', '0', '0', '-1'),c:('0', '0', '0', '-1') h1=1 m=1 psi=a:('1', '0', '0', '0'),b:('1', '0', '0', '0'),c:('-1', '0', '1', '0'): I(V) = 0   I(V^ss) = 0
==> s961 chi#30=a:('0', '0', '0', '-1'),b:('0', '0', '0', '-1'),c:('0', '0', '0', '-1') h1=1 m=1 psi=a:('1', '0', '0', '0'),b:('1', '0', '0', '0'),c:('-1', '0', '0', '0'): I(V) = 0   I(V^ss) = 0
==> s961 chi#30=a:('0', '0', '0', '-1'),b:('0', '0', '0', '-1'),c:('0', '0', '0', '-1') h1=1 m=1 psi=a:('1', '0', '0', '0'),b:('1', '0', '0', '0'),c:('0', '0', '-1', '0'): I(V) = 0   I(V^ss) = 0
==> s961 chi#30=a:('0', '0', '0', '-1'),b:('0', '0', '0', '-1'),c:('0', '0', '0', '-1') h1=1 m=1 psi=a:('1', '0', '0', '0'),b:('1', '0', '0', '0'),c:('1', '0', '-1', '0'): I(V) = 0   I(V^ss) = 0
==> s961 chi#30=a:('0', '0', '0', '-1'),b:('0', '0', '0', '-1'),c:('0', '0', '0', '-1') h1=1 m=1 psi=a:('1', '0', '0', '0'),b:('-1', '0', '0', '0'),c:('1', '0', '0', '0'): I(V) = 0   I(V^ss) = 0
==> s961 chi#30=a:('0', '0', '0', '-1'),b:('0', '0', '0', '-1'),c:('0', '0', '0', '-1') h1=1 m=1 psi=a:('1', '0', '0', '0'),b:('-1', '0', '0', '0'),c:('0', '0', '1', '0'): I(V) = 0   I(V^ss) = 0
==> s961 chi#30=a:('0', '0', '0', '-1'),b:('0', '0', '0', '-1'),c:('0', '0', '0', '-1') h1=1 m=1 psi=a:('1', '0', '0', '0'),b:('-1', '0', '0', '0'),c:('-1', '0', '1', '0'): I(V) = 0   I(V^ss) = 0
==> s961 chi#30=a:('0', '0', '0', '-1'),b:('0', '0', '0', '-1'),c:('0', '0', '0', '-1') h1=1 m=1 psi=a:('1', '0', '0', '0'),b:('-1', '0', '0', '0'),c:('-1', '0', '0', '0'): I(V) = 0   I(V^ss) = 0
==> s961 chi#30=a:('0', '0', '0', '-1'),b:('0', '0', '0', '-1'),c:('0', '0', '0', '-1') h1=1 m=1 psi=a:('1', '0', '0', '0'),b:('-1', '0', '0', '0'),c:('0', '0', '-1', '0'): I(V) = 0   I(V^ss) = 0
==> s961 chi#30=a:('0', '0', '0', '-1'),b:('0', '0', '0', '-1'),c:('0', '0', '0', '-1') h1=1 m=1 psi=a:('1', '0', '0', '0'),b:('-1', '0', '0', '0'),c:('1', '0', '-1', '0'): I(V) = 0   I(V^ss) = 0
==> s961 chi#30=a:('0', '0', '0', '-1'),b:('0', '0', '0', '-1'),c:('0', '0', '0', '-1') h1=1 m=1 psi=a:('-1', '0', '0', '0'),b:('1', '0', '0', '0'),c:('1', '0', '0', '0'): I(V) = 0   I(V^ss) = 0
==> s961 chi#30=a:('0', '0', '0', '-1'),b:('0', '0', '0', '-1'),c:('0', '0', '0', '-1') h1=1 m=1 psi=a:('-1', '0', '0', '0'),b:('1', '0', '0', '0'),c:('0', '0', '1', '0'): I(V) = 0   I(V^ss) = 0
==> s961 chi#30=a:('0', '0', '0', '-1'),b:('0', '0', '0', '-1'),c:('0', '0', '0', '-1') h1=1 m=1 psi=a:('-1', '0', '0', '0'),b:('1', '0', '0', '0'),c:('-1', '0', '1', '0'): I(V) = 0   I(V^ss) = 0
==> s961 chi#30=a:('0', '0', '0', '-1'),b:('0', '0', '0', '-1'),c:('0', '0', '0', '-1') h1=1 m=1 psi=a:('-1', '0', '0', '0'),b:('1', '0', '0', '0'),c:('-1', '0', '0', '0'): I(V) = 0   I(V^ss) = 0
==> s961 chi#30=a:('0', '0', '0', '-1'),b:('0', '0', '0', '-1'),c:('0', '0', '0', '-1') h1=1 m=1 psi=a:('-1', '0', '0', '0'),b:('1', '0', '0', '0'),c:('0', '0', '-1', '0'): I(V) = 0   I(V^ss) = 0
==> s961 chi#30=a:('0', '0', '0', '-1'),b:('0', '0', '0', '-1'),c:('0', '0', '0', '-1') h1=1 m=1 psi=a:('-1', '0', '0', '0'),b:('1', '0', '0', '0'),c:('1', '0', '-1', '0'): I(V) = 0   I(V^ss) = 0
==> s961 chi#30=a:('0', '0', '0', '-1'),b:('0', '0', '0', '-1'),c:('0', '0', '0', '-1') h1=1 m=1 psi=a:('-1', '0', '0', '0'),b:('-1', '0', '0', '0'),c:('1', '0', '0', '0'): I(V) = 0   I(V^ss) = 0
==> s961 chi#30=a:('0', '0', '0', '-1'),b:('0', '0', '0', '-1'),c:('0', '0', '0', '-1') h1=1 m=1 psi=a:('-1', '0', '0', '0'),b:('-1', '0', '0', '0'),c:('0', '0', '1', '0'): I(V) = 0   I(V^ss) = 0
==> s961 chi#30=a:('0', '0', '0', '-1'),b:('0', '0', '0', '-1'),c:('0', '0', '0', '-1') h1=1 m=1 psi=a:('-1', '0', '0', '0'),b:('-1', '0', '0', '0'),c:('-1', '0', '1', '0'): I(V) = 0   I(V^ss) = 0
==> s961 chi#30=a:('0', '0', '0', '-1'),b:('0', '0', '0', '-1'),c:('0', '0', '0', '-1') h1=1 m=1 psi=a:('-1', '0', '0', '0'),b:('-1', '0', '0', '0'),c:('-1', '0', '0', '0'): I(V) = 0   I(V^ss) = 0
==> s961 chi#30=a:('0', '0', '0', '-1'),b:('0', '0', '0', '-1'),c:('0', '0', '0', '-1') h1=1 m=1 psi=a:('-1', '0', '0', '0'),b:('-1', '0', '0', '0'),c:('0', '0', '-1', '0'): I(V) = 0   I(V^ss) = 0
==> s961 chi#30=a:('0', '0', '0', '-1'),b:('0', '0', '0', '-1'),c:('0', '0', '0', '-1') h1=1 m=1 psi=a:('-1', '0', '0', '0'),b:('-1', '0', '0', '0'),c:('1', '0', '-1', '0'): I(V) = 0   I(V^ss) = 0
==> s961 chi#30=a:('0', '0', '0', '-1'),b:('0', '0', '0', '-1'),c:('0', '0', '0', '-1') h1=1 m=1 psi=chi^1: I(V) = 0   I(V^ss) = 0
==> s961 chi#30=a:('0', '0', '0', '-1'),b:('0', '0', '0', '-1'),c:('0', '0', '0', '-1') h1=1 m=1 psi=chi^2: I(V) = 0   I(V^ss) = 0
==> s961 chi#30=a:('0', '0', '0', '-1'),b:('0', '0', '0', '-1'),c:('0', '0', '0', '-1') h1=1 m=1 psi=chi^3: I(V) = 0   I(V^ss) = 0
==> s961 chi#30=a:('0', '0', '0', '-1'),b:('0', '0', '0', '-1'),c:('0', '0', '0', '-1') h1=1 m=2 psi=a:('1', '0', '0', '0'),b:('1', '0', '0', '0'),c:('1', '0', '0', '0'): I(V) = 0   I(V^ss) = 0
==> s961 chi#30=a:('0', '0', '0', '-1'),b:('0', '0', '0', '-1'),c:('0', '0', '0', '-1') h1=1 m=2 psi=a:('1', '0', '0', '0'),b:('1', '0', '0', '0'),c:('0', '0', '1', '0'): I(V) = 0   I(V^ss) = 0
==> s961 chi#30=a:('0', '0', '0', '-1'),b:('0', '0', '0', '-1'),c:('0', '0', '0', '-1') h1=1 m=2 psi=a:('1', '0', '0', '0'),b:('1', '0', '0', '0'),c:('-1', '0', '1', '0'): I(V) = 0   I(V^ss) = 0
==> s961 chi#30=a:('0', '0', '0', '-1'),b:('0', '0', '0', '-1'),c:('0', '0', '0', '-1') h1=1 m=2 psi=a:('1', '0', '0', '0'),b:('1', '0', '0', '0'),c:('-1', '0', '0', '0'): I(V) = 0   I(V^ss) = 0
==> s961 chi#30=a:('0', '0', '0', '-1'),b:('0', '0', '0', '-1'),c:('0', '0', '0', '-1') h1=1 m=2 psi=a:('1', '0', '0', '0'),b:('1', '0', '0', '0'),c:('0', '0', '-1', '0'): I(V) = 0   I(V^ss) = 0
==> s961 chi#30=a:('0', '0', '0', '-1'),b:('0', '0', '0', '-1'),c:('0', '0', '0', '-1') h1=1 m=2 psi=a:('1', '0', '0', '0'),b:('1', '0', '0', '0'),c:('1', '0', '-1', '0'): I(V) = 0   I(V^ss) = 0
==> s961 chi#30=a:('0', '0', '0', '-1'),b:('0', '0', '0', '-1'),c:('0', '0', '0', '-1') h1=1 m=2 psi=a:('1', '0', '0', '0'),b:('-1', '0', '0', '0'),c:('1', '0', '0', '0'): I(V) = 0   I(V^ss) = 0
==> s961 chi#30=a:('0', '0', '0', '-1'),b:('0', '0', '0', '-1'),c:('0', '0', '0', '-1') h1=1 m=2 psi=a:('1', '0', '0', '0'),b:('-1', '0', '0', '0'),c:('0', '0', '1', '0'): I(V) = 0   I(V^ss) = 0
==> s961 chi#30=a:('0', '0', '0', '-1'),b:('0', '0', '0', '-1'),c:('0', '0', '0', '-1') h1=1 m=2 psi=a:('1', '0', '0', '0'),b:('-1', '0', '0', '0'),c:('-1', '0', '1', '0'): I(V) = 0   I(V^ss) = 0
==> s961 chi#30=a:('0', '0', '0', '-1'),b:('0', '0', '0', '-1'),c:('0', '0', '0', '-1') h1=1 m=2 psi=a:('1', '0', '0', '0'),b:('-1', '0', '0', '0'),c:('-1', '0', '0', '0'): I(V) = 0   I(V^ss) = 0
==> s961 chi#30=a:('0', '0', '0', '-1'),b:('0', '0', '0', '-1'),c:('0', '0', '0', '-1') h1=1 m=2 psi=a:('1', '0', '0', '0'),b:('-1', '0', '0', '0'),c:('0', '0', '-1', '0'): I(V) = 0   I(V^ss) = 0
==> s961 chi#30=a:('0', '0', '0', '-1'),b:('0', '0', '0', '-1'),c:('0', '0', '0', '-1') h1=1 m=2 psi=a:('1', '0', '0', '0'),b:('-1', '0', '0', '0'),c:('1', '0', '-1', '0'): I(V) = 0   I(V^ss) = 0
==> s961 chi#30=a:('0', '0', '0', '-1'),b:('0', '0', '0', '-1'),c:('0', '0', '0', '-1') h1=1 m=2 psi=a:('-1', '0', '0', '0'),b:('1', '0', '0', '0'),c:('1', '0', '0', '0'): I(V) = 0   I(V^ss) = 0
==> s961 chi#30=a:('0', '0', '0', '-1'),b:('0', '0', '0', '-1'),c:('0', '0', '0', '-1') h1=1 m=2 psi=a:('-1', '0', '0', '0'),b:('1', '0', '0', '0'),c:('0', '0', '1', '0'): I(V) = 0   I(V^ss) = 0
==> s961 chi#30=a:('0', '0', '0', '-1'),b:('0', '0', '0', '-1'),c:('0', '0', '0', '-1') h1=1 m=2 psi=a:('-1', '0', '0', '0'),b:('1', '0', '0', '0'),c:('-1', '0', '1', '0'): I(V) = 0   I(V^ss) = 0
==> s961 chi#30=a:('0', '0', '0', '-1'),b:('0', '0', '0', '-1'),c:('0', '0', '0', '-1') h1=1 m=2 psi=a:('-1', '0', '0', '0'),b:('1', '0', '0', '0'),c:('-1', '0', '0', '0'): I(V) = 0   I(V^ss) = 0
==> s961 chi#30=a:('0', '0', '0', '-1'),b:('0', '0', '0', '-1'),c:('0', '0', '0', '-1') h1=1 m=2 psi=a:('-1', '0', '0', '0'),b:('1', '0', '0', '0'),c:('0', '0', '-1', '0'): I(V) = 0   I(V^ss) = 0
==> s961 chi#30=a:('0', '0', '0', '-1'),b:('0', '0', '0', '-1'),c:('0', '0', '0', '-1') h1=1 m=2 psi=a:('-1', '0', '0', '0'),b:('1', '0', '0', '0'),c:('1', '0', '-1', '0'): I(V) = 0   I(V^ss) = 0
==> s961 chi#30=a:('0', '0', '0', '-1'),b:('0', '0', '0', '-1'),c:('0', '0', '0', '-1') h1=1 m=2 psi=a:('-1', '0', '0', '0'),b:('-1', '0', '0', '0'),c:('1', '0', '0', '0'): I(V) = 0   I(V^ss) = 0
==> s961 chi#30=a:('0', '0', '0', '-1'),b:('0', '0', '0', '-1'),c:('0', '0', '0', '-1') h1=1 m=2 psi=a:('-1', '0', '0', '0'),b:('-1', '0', '0', '0'),c:('0', '0', '1', '0'): I(V) = 0   I(V^ss) = 0
==> s961 chi#30=a:('0', '0', '0', '-1'),b:('0', '0', '0', '-1'),c:('0', '0', '0', '-1') h1=1 m=2 psi=a:('-1', '0', '0', '0'),b:('-1', '0', '0', '0'),c:('-1', '0', '1', '0'): I(V) = 0   I(V^ss) = 0
==> s961 chi#30=a:('0', '0', '0', '-1'),b:('0', '0', '0', '-1'),c:('0', '0', '0', '-1') h1=1 m=2 psi=a:('-1', '0', '0', '0'),b:('-1', '0', '0', '0'),c:('-1', '0', '0', '0'): I(V) = 0   I(V^ss) = 0
==> s961 chi#30=a:('0', '0', '0', '-1'),b:('0', '0', '0', '-1'),c:('0', '0', '0', '-1') h1=1 m=2 psi=a:('-1', '0', '0', '0'),b:('-1', '0', '0', '0'),c:('0', '0', '-1', '0'): I(V) = 0   I(V^ss) = 0
==> s961 chi#30=a:('0', '0', '0', '-1'),b:('0', '0', '0', '-1'),c:('0', '0', '0', '-1') h1=1 m=2 psi=a:('-1', '0', '0', '0'),b:('-1', '0', '0', '0'),c:('1', '0', '-1', '0'): I(V) = 0   I(V^ss) = 0
==> s961 chi#30=a:('0', '0', '0', '-1'),b:('0', '0', '0', '-1'),c:('0', '0', '0', '-1') h1=1 m=2 psi=chi^1: I(V) = 0   I(V^ss) = 0
==> s961 chi#30=a:('0', '0', '0', '-1'),b:('0', '0', '0', '-1'),c:('0', '0', '0', '-1') h1=1 m=2 psi=chi^2: I(V) = 0   I(V^ss) = 0
==> s961 chi#30=a:('0', '0', '0', '-1'),b:('0', '0', '0', '-1'),c:('0', '0', '0', '-1') h1=1 m=2 psi=chi^3: I(V) = 0   I(V^ss) = 0
==> s961 chi#30=a:('0', '0', '0', '-1'),b:('0', '0', '0', '-1'),c:('0', '0', '0', '-1') h1=1 m=3 psi=a:('1', '0', '0', '0'),b:('1', '0', '0', '0'),c:('1', '0', '0', '0'): I(V) = 0   I(V^ss) = 0
==> s961 chi#30=a:('0', '0', '0', '-1'),b:('0', '0', '0', '-1'),c:('0', '0', '0', '-1') h1=1 m=3 psi=a:('1', '0', '0', '0'),b:('1', '0', '0', '0'),c:('0', '0', '1', '0'): I(V) = 0   I(V^ss) = 0
==> s961 chi#30=a:('0', '0', '0', '-1'),b:('0', '0', '0', '-1'),c:('0', '0', '0', '-1') h1=1 m=3 psi=a:('1', '0', '0', '0'),b:('1', '0', '0', '0'),c:('-1', '0', '1', '0'): I(V) = 0   I(V^ss) = 0
==> s961 chi#30=a:('0', '0', '0', '-1'),b:('0', '0', '0', '-1'),c:('0', '0', '0', '-1') h1=1 m=3 psi=a:('1', '0', '0', '0'),b:('1', '0', '0', '0'),c:('-1', '0', '0', '0'): I(V) = 0   I(V^ss) = 0
==> s961 chi#30=a:('0', '0', '0', '-1'),b:('0', '0', '0', '-1'),c:('0', '0', '0', '-1') h1=1 m=3 psi=a:('1', '0', '0', '0'),b:('1', '0', '0', '0'),c:('0', '0', '-1', '0'): I(V) = 0   I(V^ss) = 0
==> s961 chi#30=a:('0', '0', '0', '-1'),b:('0', '0', '0', '-1'),c:('0', '0', '0', '-1') h1=1 m=3 psi=a:('1', '0', '0', '0'),b:('1', '0', '0', '0'),c:('1', '0', '-1', '0'): I(V) = 0   I(V^ss) = 0
==> s961 chi#30=a:('0', '0', '0', '-1'),b:('0', '0', '0', '-1'),c:('0', '0', '0', '-1') h1=1 m=3 psi=a:('1', '0', '0', '0'),b:('-1', '0', '0', '0'),c:('1', '0', '0', '0'): I(V) = 0   I(V^ss) = 0
==> s961 chi#30=a:('0', '0', '0', '-1'),b:('0', '0', '0', '-1'),c:('0', '0', '0', '-1') h1=1 m=3 psi=a:('1', '0', '0', '0'),b:('-1', '0', '0', '0'),c:('0', '0', '1', '0'): I(V) = 0   I(V^ss) = 0
==> s961 chi#30=a:('0', '0', '0', '-1'),b:('0', '0', '0', '-1'),c:('0', '0', '0', '-1') h1=1 m=3 psi=a:('1', '0', '0', '0'),b:('-1', '0', '0', '0'),c:('-1', '0', '1', '0'): I(V) = 0   I(V^ss) = 0
==> s961 chi#30=a:('0', '0', '0', '-1'),b:('0', '0', '0', '-1'),c:('0', '0', '0', '-1') h1=1 m=3 psi=a:('1', '0', '0', '0'),b:('-1', '0', '0', '0'),c:('-1', '0', '0', '0'): I(V) = 0   I(V^ss) = 0
==> s961 chi#30=a:('0', '0', '0', '-1'),b:('0', '0', '0', '-1'),c:('0', '0', '0', '-1') h1=1 m=3 psi=a:('1', '0', '0', '0'),b:('-1', '0', '0', '0'),c:('0', '0', '-1', '0'): I(V) = 0   I(V^ss) = 0
==> s961 chi#30=a:('0', '0', '0', '-1'),b:('0', '0', '0', '-1'),c:('0', '0', '0', '-1') h1=1 m=3 psi=a:('1', '0', '0', '0'),b:('-1', '0', '0', '0'),c:('1', '0', '-1', '0'): I(V) = 0   I(V^ss) = 0
==> s961 chi#30=a:('0', '0', '0', '-1'),b:('0', '0', '0', '-1'),c:('0', '0', '0', '-1') h1=1 m=3 psi=a:('-1', '0', '0', '0'),b:('1', '0', '0', '0'),c:('1', '0', '0', '0'): I(V) = 0   I(V^ss) = 0
==> s961 chi#30=a:('0', '0', '0', '-1'),b:('0', '0', '0', '-1'),c:('0', '0', '0', '-1') h1=1 m=3 psi=a:('-1', '0', '0', '0'),b:('1', '0', '0', '0'),c:('0', '0', '1', '0'): I(V) = 0   I(V^ss) = 0
==> s961 chi#30=a:('0', '0', '0', '-1'),b:('0', '0', '0', '-1'),c:('0', '0', '0', '-1') h1=1 m=3 psi=a:('-1', '0', '0', '0'),b:('1', '0', '0', '0'),c:('-1', '0', '1', '0'): I(V) = 0   I(V^ss) = 0
==> s961 chi#30=a:('0', '0', '0', '-1'),b:('0', '0', '0', '-1'),c:('0', '0', '0', '-1') h1=1 m=3 psi=a:('-1', '0', '0', '0'),b:('1', '0', '0', '0'),c:('-1', '0', '0', '0'): I(V) = 0   I(V^ss) = 0
==> s961 chi#30=a:('0', '0', '0', '-1'),b:('0', '0', '0', '-1'),c:('0', '0', '0', '-1') h1=1 m=3 psi=a:('-1', '0', '0', '0'),b:('1', '0', '0', '0'),c:('0', '0', '-1', '0'): I(V) = 0   I(V^ss) = 0
==> s961 chi#30=a:('0', '0', '0', '-1'),b:('0', '0', '0', '-1'),c:('0', '0', '0', '-1') h1=1 m=3 psi=a:('-1', '0', '0', '0'),b:('1', '0', '0', '0'),c:('1', '0', '-1', '0'): I(V) = 0   I(V^ss) = 0
==> s961 chi#30=a:('0', '0', '0', '-1'),b:('0', '0', '0', '-1'),c:('0', '0', '0', '-1') h1=1 m=3 psi=a:('-1', '0', '0', '0'),b:('-1', '0', '0', '0'),c:('1', '0', '0', '0'): I(V) = 0   I(V^ss) = 0
==> s961 chi#30=a:('0', '0', '0', '-1'),b:('0', '0', '0', '-1'),c:('0', '0', '0', '-1') h1=1 m=3 psi=a:('-1', '0', '0', '0'),b:('-1', '0', '0', '0'),c:('0', '0', '1', '0'): I(V) = 0   I(V^ss) = 0
==> s961 chi#30=a:('0', '0', '0', '-1'),b:('0', '0', '0', '-1'),c:('0', '0', '0', '-1') h1=1 m=3 psi=a:('-1', '0', '0', '0'),b:('-1', '0', '0', '0'),c:('-1', '0', '1', '0'): I(V) = 0   I(V^ss) = 0
==> s961 chi#30=a:('0', '0', '0', '-1'),b:('0', '0', '0', '-1'),c:('0', '0', '0', '-1') h1=1 m=3 psi=a:('-1', '0', '0', '0'),b:('-1', '0', '0', '0'),c:('-1', '0', '0', '0'): I(V) = 0   I(V^ss) = 0
==> s961 chi#30=a:('0', '0', '0', '-1'),b:('0', '0', '0', '-1'),c:('0', '0', '0', '-1') h1=1 m=3 psi=a:('-1', '0', '0', '0'),b:('-1', '0', '0', '0'),c:('0', '0', '-1', '0'): I(V) = 0   I(V^ss) = 0
==> s961 chi#30=a:('0', '0', '0', '-1'),b:('0', '0', '0', '-1'),c:('0', '0', '0', '-1') h1=1 m=3 psi=a:('-1', '0', '0', '0'),b:('-1', '0', '0', '0'),c:('1', '0', '-1', '0'): I(V) = 0   I(V^ss) = 0
==> s961 chi#30=a:('0', '0', '0', '-1'),b:('0', '0', '0', '-1'),c:('0', '0', '0', '-1') h1=1 m=3 psi=chi^1: I(V) = 0   I(V^ss) = 0
==> s961 chi#30=a:('0', '0', '0', '-1'),b:('0', '0', '0', '-1'),c:('0', '0', '0', '-1') h1=1 m=3 psi=chi^2: I(V) = 0   I(V^ss) = 0
==> s961 chi#30=a:('0', '0', '0', '-1'),b:('0', '0', '0', '-1'),c:('0', '0', '0', '-1') h1=1 m=3 psi=chi^3: I(V) = 0   I(V^ss) = 0
s961: modules run 2511, not run 0, NONZERO I: 0
t12839: 3 generators, 2 relators, 108 characters into S
  reducible non-split loci (h^1(chi^2) > 0, chi non-trivial): 17
  locus chi#0=a:('1', '0', '0', '0'),b:('-1', '0', '1', '0'),c:('-1', '0', '1', '0') h1=1
==> t12839 chi#0=a:('1', '0', '0', '0'),b:('-1', '0', '1', '0'),c:('-1', '0', '1', '0') h1=1 m=1 psi=a:('1', '0', '0', '0'),b:('1', '0', '0', '0'),c:('1', '0', '0', '0'): I(V) = 0   I(V^ss) = 0
==> t12839 chi#0=a:('1', '0', '0', '0'),b:('-1', '0', '1', '0'),c:('-1', '0', '1', '0') h1=1 m=1 psi=a:('1', '0', '0', '0'),b:('1', '0', '0', '0'),c:('-1', '0', '1', '0'): I(V) = 0   I(V^ss) = 0
==> t12839 chi#0=a:('1', '0', '0', '0'),b:('-1', '0', '1', '0'),c:('-1', '0', '1', '0') h1=1 m=1 psi=a:('1', '0', '0', '0'),b:('1', '0', '0', '0'),c:('0', '0', '-1', '0'): I(V) = 0   I(V^ss) = 0
==> t12839 chi#0=a:('1', '0', '0', '0'),b:('-1', '0', '1', '0'),c:('-1', '0', '1', '0') h1=1 m=1 psi=a:('1', '0', '0', '0'),b:('-1', '0', '1', '0'),c:('1', '0', '0', '0'): I(V) = 0   I(V^ss) = 0
==> t12839 chi#0=a:('1', '0', '0', '0'),b:('-1', '0', '1', '0'),c:('-1', '0', '1', '0') h1=1 m=1 psi=a:('1', '0', '0', '0'),b:('-1', '0', '1', '0'),c:('-1', '0', '1', '0'): I(V) = 0   I(V^ss) = 0
==> t12839 chi#0=a:('1', '0', '0', '0'),b:('-1', '0', '1', '0'),c:('-1', '0', '1', '0') h1=1 m=1 psi=a:('1', '0', '0', '0'),b:('-1', '0', '1', '0'),c:('0', '0', '-1', '0'): I(V) = 0   I(V^ss) = 0
==> t12839 chi#0=a:('1', '0', '0', '0'),b:('-1', '0', '1', '0'),c:('-1', '0', '1', '0') h1=1 m=1 psi=a:('1', '0', '0', '0'),b:('0', '0', '-1', '0'),c:('1', '0', '0', '0'): I(V) = 0   I(V^ss) = 0
==> t12839 chi#0=a:('1', '0', '0', '0'),b:('-1', '0', '1', '0'),c:('-1', '0', '1', '0') h1=1 m=1 psi=a:('1', '0', '0', '0'),b:('0', '0', '-1', '0'),c:('-1', '0', '1', '0'): I(V) = 0   I(V^ss) = 0
==> t12839 chi#0=a:('1', '0', '0', '0'),b:('-1', '0', '1', '0'),c:('-1', '0', '1', '0') h1=1 m=1 psi=a:('1', '0', '0', '0'),b:('0', '0', '-1', '0'),c:('0', '0', '-1', '0'): I(V) = 0   I(V^ss) = 0
==> t12839 chi#0=a:('1', '0', '0', '0'),b:('-1', '0', '1', '0'),c:('-1', '0', '1', '0') h1=1 m=1 psi=a:('0', '0', '1', '0'),b:('1', '0', '0', '0'),c:('1', '0', '0', '0'): I(V) = 0   I(V^ss) = 0
==> t12839 chi#0=a:('1', '0', '0', '0'),b:('-1', '0', '1', '0'),c:('-1', '0', '1', '0') h1=1 m=1 psi=a:('0', '0', '1', '0'),b:('1', '0', '0', '0'),c:('-1', '0', '1', '0'): I(V) = 0   I(V^ss) = 0
==> t12839 chi#0=a:('1', '0', '0', '0'),b:('-1', '0', '1', '0'),c:('-1', '0', '1', '0') h1=1 m=1 psi=a:('0', '0', '1', '0'),b:('1', '0', '0', '0'),c:('0', '0', '-1', '0'): I(V) = 0   I(V^ss) = 0
==> t12839 chi#0=a:('1', '0', '0', '0'),b:('-1', '0', '1', '0'),c:('-1', '0', '1', '0') h1=1 m=1 psi=a:('0', '0', '1', '0'),b:('-1', '0', '1', '0'),c:('1', '0', '0', '0'): I(V) = 0   I(V^ss) = 0
==> t12839 chi#0=a:('1', '0', '0', '0'),b:('-1', '0', '1', '0'),c:('-1', '0', '1', '0') h1=1 m=1 psi=a:('0', '0', '1', '0'),b:('-1', '0', '1', '0'),c:('-1', '0', '1', '0'): I(V) = 0   I(V^ss) = 0
==> t12839 chi#0=a:('1', '0', '0', '0'),b:('-1', '0', '1', '0'),c:('-1', '0', '1', '0') h1=1 m=1 psi=a:('0', '0', '1', '0'),b:('-1', '0', '1', '0'),c:('0', '0', '-1', '0'): I(V) = 0   I(V^ss) = 0
==> t12839 chi#0=a:('1', '0', '0', '0'),b:('-1', '0', '1', '0'),c:('-1', '0', '1', '0') h1=1 m=1 psi=a:('0', '0', '1', '0'),b:('0', '0', '-1', '0'),c:('1', '0', '0', '0'): I(V) = 0   I(V^ss) = 0
==> t12839 chi#0=a:('1', '0', '0', '0'),b:('-1', '0', '1', '0'),c:('-1', '0', '1', '0') h1=1 m=1 psi=a:('0', '0', '1', '0'),b:('0', '0', '-1', '0'),c:('-1', '0', '1', '0'): I(V) = 0   I(V^ss) = 0
==> t12839 chi#0=a:('1', '0', '0', '0'),b:('-1', '0', '1', '0'),c:('-1', '0', '1', '0') h1=1 m=1 psi=a:('0', '0', '1', '0'),b:('0', '0', '-1', '0'),c:('0', '0', '-1', '0'): I(V) = 0   I(V^ss) = 0
==> t12839 chi#0=a:('1', '0', '0', '0'),b:('-1', '0', '1', '0'),c:('-1', '0', '1', '0') h1=1 m=1 psi=a:('-1', '0', '1', '0'),b:('1', '0', '0', '0'),c:('1', '0', '0', '0'): I(V) = 0   I(V^ss) = 0
==> t12839 chi#0=a:('1', '0', '0', '0'),b:('-1', '0', '1', '0'),c:('-1', '0', '1', '0') h1=1 m=1 psi=a:('-1', '0', '1', '0'),b:('1', '0', '0', '0'),c:('-1', '0', '1', '0'): I(V) = 0   I(V^ss) = 0
==> t12839 chi#0=a:('1', '0', '0', '0'),b:('-1', '0', '1', '0'),c:('-1', '0', '1', '0') h1=1 m=1 psi=a:('-1', '0', '1', '0'),b:('1', '0', '0', '0'),c:('0', '0', '-1', '0'): I(V) = 0   I(V^ss) = 0
==> t12839 chi#0=a:('1', '0', '0', '0'),b:('-1', '0', '1', '0'),c:('-1', '0', '1', '0') h1=1 m=1 psi=a:('-1', '0', '1', '0'),b:('-1', '0', '1', '0'),c:('1', '0', '0', '0'): I(V) = 0   I(V^ss) = 0
==> t12839 chi#0=a:('1', '0', '0', '0'),b:('-1', '0', '1', '0'),c:('-1', '0', '1', '0') h1=1 m=1 psi=a:('-1', '0', '1', '0'),b:('-1', '0', '1', '0'),c:('-1', '0', '1', '0'): I(V) = 0   I(V^ss) = 0
==> t12839 chi#0=a:('1', '0', '0', '0'),b:('-1', '0', '1', '0'),c:('-1', '0', '1', '0') h1=1 m=1 psi=a:('-1', '0', '1', '0'),b:('-1', '0', '1', '0'),c:('0', '0', '-1', '0'): I(V) = -1   I(V^ss) = 0
==> t12839 chi#0=a:('1', '0', '0', '0'),b:('-1', '0', '1', '0'),c:('-1', '0', '1', '0') h1=1 m=1 psi=a:('-1', '0', '1', '0'),b:('0', '0', '-1', '0'),c:('1', '0', '0', '0'): I(V) = 1   I(V^ss) = 0
==> t12839 chi#0=a:('1', '0', '0', '0'),b:('-1', '0', '1', '0'),c:('-1', '0', '1', '0') h1=1 m=1 psi=a:('-1', '0', '1', '0'),b:('0', '0', '-1', '0'),c:('-1', '0', '1', '0'): I(V) = 0   I(V^ss) = 0
==> t12839 chi#0=a:('1', '0', '0', '0'),b:('-1', '0', '1', '0'),c:('-1', '0', '1', '0') h1=1 m=1 psi=a:('-1', '0', '1', '0'),b:('0', '0', '-1', '0'),c:('0', '0', '-1', '0'): I(V) = 0   I(V^ss) = 0
==> t12839 chi#0=a:('1', '0', '0', '0'),b:('-1', '0', '1', '0'),c:('-1', '0', '1', '0') h1=1 m=1 psi=a:('-1', '0', '0', '0'),b:('1', '0', '0', '0'),c:('1', '0', '0', '0'): I(V) = 0   I(V^ss) = 0
==> t12839 chi#0=a:('1', '0', '0', '0'),b:('-1', '0', '1', '0'),c:('-1', '0', '1', '0') h1=1 m=1 psi=a:('-1', '0', '0', '0'),b:('1', '0', '0', '0'),c:('-1', '0', '1', '0'): I(V) = 0   I(V^ss) = 0
==> t12839 chi#0=a:('1', '0', '0', '0'),b:('-1', '0', '1', '0'),c:('-1', '0', '1', '0') h1=1 m=1 psi=a:('-1', '0', '0', '0'),b:('1', '0', '0', '0'),c:('0', '0', '-1', '0'): I(V) = 0   I(V^ss) = 0
==> t12839 chi#0=a:('1', '0', '0', '0'),b:('-1', '0', '1', '0'),c:('-1', '0', '1', '0') h1=1 m=1 psi=a:('-1', '0', '0', '0'),b:('-1', '0', '1', '0'),c:('1', '0', '0', '0'): I(V) = 0   I(V^ss) = 0
==> t12839 chi#0=a:('1', '0', '0', '0'),b:('-1', '0', '1', '0'),c:('-1', '0', '1', '0') h1=1 m=1 psi=a:('-1', '0', '0', '0'),b:('-1', '0', '1', '0'),c:('-1', '0', '1', '0'): I(V) = 0   I(V^ss) = 0
==> t12839 chi#0=a:('1', '0', '0', '0'),b:('-1', '0', '1', '0'),c:('-1', '0', '1', '0') h1=1 m=1 psi=a:('-1', '0', '0', '0'),b:('-1', '0', '1', '0'),c:('0', '0', '-1', '0'): I(V) = 0   I(V^ss) = 0
==> t12839 chi#0=a:('1', '0', '0', '0'),b:('-1', '0', '1', '0'),c:('-1', '0', '1', '0') h1=1 m=1 psi=a:('-1', '0', '0', '0'),b:('0', '0', '-1', '0'),c:('1', '0', '0', '0'): I(V) = 0   I(V^ss) = 0
==> t12839 chi#0=a:('1', '0', '0', '0'),b:('-1', '0', '1', '0'),c:('-1', '0', '1', '0') h1=1 m=1 psi=a:('-1', '0', '0', '0'),b:('0', '0', '-1', '0'),c:('-1', '0', '1', '0'): I(V) = 0   I(V^ss) = 0
==> t12839 chi#0=a:('1', '0', '0', '0'),b:('-1', '0', '1', '0'),c:('-1', '0', '1', '0') h1=1 m=1 psi=a:('-1', '0', '0', '0'),b:('0', '0', '-1', '0'),c:('0', '0', '-1', '0'): I(V) = 0   I(V^ss) = 0
==> t12839 chi#0=a:('1', '0', '0', '0'),b:('-1', '0', '1', '0'),c:('-1', '0', '1', '0') h1=1 m=1 psi=a:('0', '0', '-1', '0'),b:('1', '0', '0', '0'),c:('1', '0', '0', '0'): I(V) = 0   I(V^ss) = 0
==> t12839 chi#0=a:('1', '0', '0', '0'),b:('-1', '0', '1', '0'),c:('-1', '0', '1', '0') h1=1 m=1 psi=a:('0', '0', '-1', '0'),b:('1', '0', '0', '0'),c:('-1', '0', '1', '0'): I(V) = 0   I(V^ss) = 0
==> t12839 chi#0=a:('1', '0', '0', '0'),b:('-1', '0', '1', '0'),c:('-1', '0', '1', '0') h1=1 m=1 psi=a:('0', '0', '-1', '0'),b:('1', '0', '0', '0'),c:('0', '0', '-1', '0'): I(V) = 0   I(V^ss) = 0
==> t12839 chi#0=a:('1', '0', '0', '0'),b:('-1', '0', '1', '0'),c:('-1', '0', '1', '0') h1=1 m=1 psi=a:('0', '0', '-1', '0'),b:('-1', '0', '1', '0'),c:('1', '0', '0', '0'): I(V) = -1   I(V^ss) = 0
==> t12839 chi#0=a:('1', '0', '0', '0'),b:('-1', '0', '1', '0'),c:('-1', '0', '1', '0') h1=1 m=1 psi=a:('0', '0', '-1', '0'),b:('-1', '0', '1', '0'),c:('-1', '0', '1', '0'): I(V) = 0   I(V^ss) = 0
==> t12839 chi#0=a:('1', '0', '0', '0'),b:('-1', '0', '1', '0'),c:('-1', '0', '1', '0') h1=1 m=1 psi=a:('0', '0', '-1', '0'),b:('-1', '0', '1', '0'),c:('0', '0', '-1', '0'): I(V) = 0   I(V^ss) = 0
==> t12839 chi#0=a:('1', '0', '0', '0'),b:('-1', '0', '1', '0'),c:('-1', '0', '1', '0') h1=1 m=1 psi=a:('0', '0', '-1', '0'),b:('0', '0', '-1', '0'),c:('1', '0', '0', '0'): I(V) = 0   I(V^ss) = 0
==> t12839 chi#0=a:('1', '0', '0', '0'),b:('-1', '0', '1', '0'),c:('-1', '0', '1', '0') h1=1 m=1 psi=a:('0', '0', '-1', '0'),b:('0', '0', '-1', '0'),c:('-1', '0', '1', '0'): I(V) = 1   I(V^ss) = 0
==> t12839 chi#0=a:('1', '0', '0', '0'),b:('-1', '0', '1', '0'),c:('-1', '0', '1', '0') h1=1 m=1 psi=a:('0', '0', '-1', '0'),b:('0', '0', '-1', '0'),c:('0', '0', '-1', '0'): I(V) = 0   I(V^ss) = 0
==> t12839 chi#0=a:('1', '0', '0', '0'),b:('-1', '0', '1', '0'),c:('-1', '0', '1', '0') h1=1 m=1 psi=a:('1', '0', '-1', '0'),b:('1', '0', '0', '0'),c:('1', '0', '0', '0'): I(V) = 0   I(V^ss) = 0
==> t12839 chi#0=a:('1', '0', '0', '0'),b:('-1', '0', '1', '0'),c:('-1', '0', '1', '0') h1=1 m=1 psi=a:('1', '0', '-1', '0'),b:('1', '0', '0', '0'),c:('-1', '0', '1', '0'): I(V) = 0   I(V^ss) = 0
==> t12839 chi#0=a:('1', '0', '0', '0'),b:('-1', '0', '1', '0'),c:('-1', '0', '1', '0') h1=1 m=1 psi=a:('1', '0', '-1', '0'),b:('1', '0', '0', '0'),c:('0', '0', '-1', '0'): I(V) = 0   I(V^ss) = 0
==> t12839 chi#0=a:('1', '0', '0', '0'),b:('-1', '0', '1', '0'),c:('-1', '0', '1', '0') h1=1 m=1 psi=a:('1', '0', '-1', '0'),b:('-1', '0', '1', '0'),c:('1', '0', '0', '0'): I(V) = 0   I(V^ss) = 0
==> t12839 chi#0=a:('1', '0', '0', '0'),b:('-1', '0', '1', '0'),c:('-1', '0', '1', '0') h1=1 m=1 psi=a:('1', '0', '-1', '0'),b:('-1', '0', '1', '0'),c:('-1', '0', '1', '0'): I(V) = 0   I(V^ss) = 0
==> t12839 chi#0=a:('1', '0', '0', '0'),b:('-1', '0', '1', '0'),c:('-1', '0', '1', '0') h1=1 m=1 psi=a:('1', '0', '-1', '0'),b:('-1', '0', '1', '0'),c:('0', '0', '-1', '0'): I(V) = 0   I(V^ss) = 0
==> t12839 chi#0=a:('1', '0', '0', '0'),b:('-1', '0', '1', '0'),c:('-1', '0', '1', '0') h1=1 m=1 psi=a:('1', '0', '-1', '0'),b:('0', '0', '-1', '0'),c:('1', '0', '0', '0'): I(V) = 0   I(V^ss) = 0
==> t12839 chi#0=a:('1', '0', '0', '0'),b:('-1', '0', '1', '0'),c:('-1', '0', '1', '0') h1=1 m=1 psi=a:('1', '0', '-1', '0'),b:('0', '0', '-1', '0'),c:('-1', '0', '1', '0'): I(V) = 0   I(V^ss) = 0
==> t12839 chi#0=a:('1', '0', '0', '0'),b:('-1', '0', '1', '0'),c:('-1', '0', '1', '0') h1=1 m=1 psi=a:('1', '0', '-1', '0'),b:('0', '0', '-1', '0'),c:('0', '0', '-1', '0'): I(V) = 0   I(V^ss) = 0
==> t12839 chi#0=a:('1', '0', '0', '0'),b:('-1', '0', '1', '0'),c:('-1', '0', '1', '0') h1=1 m=1 psi=chi^1: I(V) = 0   I(V^ss) = 0
==> t12839 chi#0=a:('1', '0', '0', '0'),b:('-1', '0', '1', '0'),c:('-1', '0', '1', '0') h1=1 m=1 psi=chi^2: I(V) = 0   I(V^ss) = 0
==> t12839 chi#0=a:('1', '0', '0', '0'),b:('-1', '0', '1', '0'),c:('-1', '0', '1', '0') h1=1 m=1 psi=chi^3: I(V) = 0   I(V^ss) = 0
==> t12839 chi#0=a:('1', '0', '0', '0'),b:('-1', '0', '1', '0'),c:('-1', '0', '1', '0') h1=1 m=2 psi=a:('1', '0', '0', '0'),b:('1', '0', '0', '0'),c:('1', '0', '0', '0'): I(V) = 0   I(V^ss) = 0
==> t12839 chi#0=a:('1', '0', '0', '0'),b:('-1', '0', '1', '0'),c:('-1', '0', '1', '0') h1=1 m=2 psi=a:('1', '0', '0', '0'),b:('1', '0', '0', '0'),c:('-1', '0', '1', '0'): I(V) = 0   I(V^ss) = 0
==> t12839 chi#0=a:('1', '0', '0', '0'),b:('-1', '0', '1', '0'),c:('-1', '0', '1', '0') h1=1 m=2 psi=a:('1', '0', '0', '0'),b:('1', '0', '0', '0'),c:('0', '0', '-1', '0'): I(V) = 0   I(V^ss) = 0
==> t12839 chi#0=a:('1', '0', '0', '0'),b:('-1', '0', '1', '0'),c:('-1', '0', '1', '0') h1=1 m=2 psi=a:('1', '0', '0', '0'),b:('-1', '0', '1', '0'),c:('1', '0', '0', '0'): I(V) = 0   I(V^ss) = 0
==> t12839 chi#0=a:('1', '0', '0', '0'),b:('-1', '0', '1', '0'),c:('-1', '0', '1', '0') h1=1 m=2 psi=a:('1', '0', '0', '0'),b:('-1', '0', '1', '0'),c:('-1', '0', '1', '0'): I(V) = 0   I(V^ss) = 0
==> t12839 chi#0=a:('1', '0', '0', '0'),b:('-1', '0', '1', '0'),c:('-1', '0', '1', '0') h1=1 m=2 psi=a:('1', '0', '0', '0'),b:('-1', '0', '1', '0'),c:('0', '0', '-1', '0'): I(V) = 0   I(V^ss) = 0
==> t12839 chi#0=a:('1', '0', '0', '0'),b:('-1', '0', '1', '0'),c:('-1', '0', '1', '0') h1=1 m=2 psi=a:('1', '0', '0', '0'),b:('0', '0', '-1', '0'),c:('1', '0', '0', '0'): I(V) = 0   I(V^ss) = 0
==> t12839 chi#0=a:('1', '0', '0', '0'),b:('-1', '0', '1', '0'),c:('-1', '0', '1', '0') h1=1 m=2 psi=a:('1', '0', '0', '0'),b:('0', '0', '-1', '0'),c:('-1', '0', '1', '0'): I(V) = 0   I(V^ss) = 0
==> t12839 chi#0=a:('1', '0', '0', '0'),b:('-1', '0', '1', '0'),c:('-1', '0', '1', '0') h1=1 m=2 psi=a:('1', '0', '0', '0'),b:('0', '0', '-1', '0'),c:('0', '0', '-1', '0'): I(V) = 0   I(V^ss) = 0
==> t12839 chi#0=a:('1', '0', '0', '0'),b:('-1', '0', '1', '0'),c:('-1', '0', '1', '0') h1=1 m=2 psi=a:('0', '0', '1', '0'),b:('1', '0', '0', '0'),c:('1', '0', '0', '0'): I(V) = 0   I(V^ss) = 0
==> t12839 chi#0=a:('1', '0', '0', '0'),b:('-1', '0', '1', '0'),c:('-1', '0', '1', '0') h1=1 m=2 psi=a:('0', '0', '1', '0'),b:('1', '0', '0', '0'),c:('-1', '0', '1', '0'): I(V) = 0   I(V^ss) = 0
==> t12839 chi#0=a:('1', '0', '0', '0'),b:('-1', '0', '1', '0'),c:('-1', '0', '1', '0') h1=1 m=2 psi=a:('0', '0', '1', '0'),b:('1', '0', '0', '0'),c:('0', '0', '-1', '0'): I(V) = 0   I(V^ss) = 0
==> t12839 chi#0=a:('1', '0', '0', '0'),b:('-1', '0', '1', '0'),c:('-1', '0', '1', '0') h1=1 m=2 psi=a:('0', '0', '1', '0'),b:('-1', '0', '1', '0'),c:('1', '0', '0', '0'): I(V) = 0   I(V^ss) = 0
==> t12839 chi#0=a:('1', '0', '0', '0'),b:('-1', '0', '1', '0'),c:('-1', '0', '1', '0') h1=1 m=2 psi=a:('0', '0', '1', '0'),b:('-1', '0', '1', '0'),c:('-1', '0', '1', '0'): I(V) = 0   I(V^ss) = 0
==> t12839 chi#0=a:('1', '0', '0', '0'),b:('-1', '0', '1', '0'),c:('-1', '0', '1', '0') h1=1 m=2 psi=a:('0', '0', '1', '0'),b:('-1', '0', '1', '0'),c:('0', '0', '-1', '0'): I(V) = 0   I(V^ss) = 0
==> t12839 chi#0=a:('1', '0', '0', '0'),b:('-1', '0', '1', '0'),c:('-1', '0', '1', '0') h1=1 m=2 psi=a:('0', '0', '1', '0'),b:('0', '0', '-1', '0'),c:('1', '0', '0', '0'): I(V) = 0   I(V^ss) = 0
==> t12839 chi#0=a:('1', '0', '0', '0'),b:('-1', '0', '1', '0'),c:('-1', '0', '1', '0') h1=1 m=2 psi=a:('0', '0', '1', '0'),b:('0', '0', '-1', '0'),c:('-1', '0', '1', '0'): I(V) = 0   I(V^ss) = 0
==> t12839 chi#0=a:('1', '0', '0', '0'),b:('-1', '0', '1', '0'),c:('-1', '0', '1', '0') h1=1 m=2 psi=a:('0', '0', '1', '0'),b:('0', '0', '-1', '0'),c:('0', '0', '-1', '0'): I(V) = 0   I(V^ss) = 0
==> t12839 chi#0=a:('1', '0', '0', '0'),b:('-1', '0', '1', '0'),c:('-1', '0', '1', '0') h1=1 m=2 psi=a:('-1', '0', '1', '0'),b:('1', '0', '0', '0'),c:('1', '0', '0', '0'): I(V) = 0   I(V^ss) = 0
==> t12839 chi#0=a:('1', '0', '0', '0'),b:('-1', '0', '1', '0'),c:('-1', '0', '1', '0') h1=1 m=2 psi=a:('-1', '0', '1', '0'),b:('1', '0', '0', '0'),c:('-1', '0', '1', '0'): I(V) = 0   I(V^ss) = 0
==> t12839 chi#0=a:('1', '0', '0', '0'),b:('-1', '0', '1', '0'),c:('-1', '0', '1', '0') h1=1 m=2 psi=a:('-1', '0', '1', '0'),b:('1', '0', '0', '0'),c:('0', '0', '-1', '0'): I(V) = 0   I(V^ss) = 0
==> t12839 chi#0=a:('1', '0', '0', '0'),b:('-1', '0', '1', '0'),c:('-1', '0', '1', '0') h1=1 m=2 psi=a:('-1', '0', '1', '0'),b:('-1', '0', '1', '0'),c:('1', '0', '0', '0'): I(V) = 0   I(V^ss) = 0
==> t12839 chi#0=a:('1', '0', '0', '0'),b:('-1', '0', '1', '0'),c:('-1', '0', '1', '0') h1=1 m=2 psi=a:('-1', '0', '1', '0'),b:('-1', '0', '1', '0'),c:('-1', '0', '1', '0'): I(V) = 0   I(V^ss) = 0
==> t12839 chi#0=a:('1', '0', '0', '0'),b:('-1', '0', '1', '0'),c:('-1', '0', '1', '0') h1=1 m=2 psi=a:('-1', '0', '1', '0'),b:('-1', '0', '1', '0'),c:('0', '0', '-1', '0'): I(V) = 1   I(V^ss) = 0
==> t12839 chi#0=a:('1', '0', '0', '0'),b:('-1', '0', '1', '0'),c:('-1', '0', '1', '0') h1=1 m=2 psi=a:('-1', '0', '1', '0'),b:('0', '0', '-1', '0'),c:('1', '0', '0', '0'): I(V) = -1   I(V^ss) = 0
==> t12839 chi#0=a:('1', '0', '0', '0'),b:('-1', '0', '1', '0'),c:('-1', '0', '1', '0') h1=1 m=2 psi=a:('-1', '0', '1', '0'),b:('0', '0', '-1', '0'),c:('-1', '0', '1', '0'): I(V) = 0   I(V^ss) = 0
==> t12839 chi#0=a:('1', '0', '0', '0'),b:('-1', '0', '1', '0'),c:('-1', '0', '1', '0') h1=1 m=2 psi=a:('-1', '0', '1', '0'),b:('0', '0', '-1', '0'),c:('0', '0', '-1', '0'): I(V) = 0   I(V^ss) = 0
==> t12839 chi#0=a:('1', '0', '0', '0'),b:('-1', '0', '1', '0'),c:('-1', '0', '1', '0') h1=1 m=2 psi=a:('-1', '0', '0', '0'),b:('1', '0', '0', '0'),c:('1', '0', '0', '0'): I(V) = 0   I(V^ss) = 0
==> t12839 chi#0=a:('1', '0', '0', '0'),b:('-1', '0', '1', '0'),c:('-1', '0', '1', '0') h1=1 m=2 psi=a:('-1', '0', '0', '0'),b:('1', '0', '0', '0'),c:('-1', '0', '1', '0'): I(V) = 0   I(V^ss) = 0
==> t12839 chi#0=a:('1', '0', '0', '0'),b:('-1', '0', '1', '0'),c:('-1', '0', '1', '0') h1=1 m=2 psi=a:('-1', '0', '0', '0'),b:('1', '0', '0', '0'),c:('0', '0', '-1', '0'): I(V) = 0   I(V^ss) = 0
==> t12839 chi#0=a:('1', '0', '0', '0'),b:('-1', '0', '1', '0'),c:('-1', '0', '1', '0') h1=1 m=2 psi=a:('-1', '0', '0', '0'),b:('-1', '0', '1', '0'),c:('1', '0', '0', '0'): I(V) = 0   I(V^ss) = 0
==> t12839 chi#0=a:('1', '0', '0', '0'),b:('-1', '0', '1', '0'),c:('-1', '0', '1', '0') h1=1 m=2 psi=a:('-1', '0', '0', '0'),b:('-1', '0', '1', '0'),c:('-1', '0', '1', '0'): I(V) = 0   I(V^ss) = 0
==> t12839 chi#0=a:('1', '0', '0', '0'),b:('-1', '0', '1', '0'),c:('-1', '0', '1', '0') h1=1 m=2 psi=a:('-1', '0', '0', '0'),b:('-1', '0', '1', '0'),c:('0', '0', '-1', '0'): I(V) = 0   I(V^ss) = 0
==> t12839 chi#0=a:('1', '0', '0', '0'),b:('-1', '0', '1', '0'),c:('-1', '0', '1', '0') h1=1 m=2 psi=a:('-1', '0', '0', '0'),b:('0', '0', '-1', '0'),c:('1', '0', '0', '0'): I(V) = 0   I(V^ss) = 0
==> t12839 chi#0=a:('1', '0', '0', '0'),b:('-1', '0', '1', '0'),c:('-1', '0', '1', '0') h1=1 m=2 psi=a:('-1', '0', '0', '0'),b:('0', '0', '-1', '0'),c:('-1', '0', '1', '0'): I(V) = 0   I(V^ss) = 0
==> t12839 chi#0=a:('1', '0', '0', '0'),b:('-1', '0', '1', '0'),c:('-1', '0', '1', '0') h1=1 m=2 psi=a:('-1', '0', '0', '0'),b:('0', '0', '-1', '0'),c:('0', '0', '-1', '0'): I(V) = 0   I(V^ss) = 0
==> t12839 chi#0=a:('1', '0', '0', '0'),b:('-1', '0', '1', '0'),c:('-1', '0', '1', '0') h1=1 m=2 psi=a:('0', '0', '-1', '0'),b:('1', '0', '0', '0'),c:('1', '0', '0', '0'): I(V) = 0   I(V^ss) = 0
==> t12839 chi#0=a:('1', '0', '0', '0'),b:('-1', '0', '1', '0'),c:('-1', '0', '1', '0') h1=1 m=2 psi=a:('0', '0', '-1', '0'),b:('1', '0', '0', '0'),c:('-1', '0', '1', '0'): I(V) = 0   I(V^ss) = 0
==> t12839 chi#0=a:('1', '0', '0', '0'),b:('-1', '0', '1', '0'),c:('-1', '0', '1', '0') h1=1 m=2 psi=a:('0', '0', '-1', '0'),b:('1', '0', '0', '0'),c:('0', '0', '-1', '0'): I(V) = 0   I(V^ss) = 0
==> t12839 chi#0=a:('1', '0', '0', '0'),b:('-1', '0', '1', '0'),c:('-1', '0', '1', '0') h1=1 m=2 psi=a:('0', '0', '-1', '0'),b:('-1', '0', '1', '0'),c:('1', '0', '0', '0'): I(V) = 1   I(V^ss) = 0
==> t12839 chi#0=a:('1', '0', '0', '0'),b:('-1', '0', '1', '0'),c:('-1', '0', '1', '0') h1=1 m=2 psi=a:('0', '0', '-1', '0'),b:('-1', '0', '1', '0'),c:('-1', '0', '1', '0'): I(V) = 0   I(V^ss) = 0
==> t12839 chi#0=a:('1', '0', '0', '0'),b:('-1', '0', '1', '0'),c:('-1', '0', '1', '0') h1=1 m=2 psi=a:('0', '0', '-1', '0'),b:('-1', '0', '1', '0'),c:('0', '0', '-1', '0'): I(V) = 0   I(V^ss) = 0
==> t12839 chi#0=a:('1', '0', '0', '0'),b:('-1', '0', '1', '0'),c:('-1', '0', '1', '0') h1=1 m=2 psi=a:('0', '0', '-1', '0'),b:('0', '0', '-1', '0'),c:('1', '0', '0', '0'): I(V) = 0   I(V^ss) = 0
==> t12839 chi#0=a:('1', '0', '0', '0'),b:('-1', '0', '1', '0'),c:('-1', '0', '1', '0') h1=1 m=2 psi=a:('0', '0', '-1', '0'),b:('0', '0', '-1', '0'),c:('-1', '0', '1', '0'): I(V) = -1   I(V^ss) = 0
==> t12839 chi#0=a:('1', '0', '0', '0'),b:('-1', '0', '1', '0'),c:('-1', '0', '1', '0') h1=1 m=2 psi=a:('0', '0', '-1', '0'),b:('0', '0', '-1', '0'),c:('0', '0', '-1', '0'): I(V) = 0   I(V^ss) = 0
==> t12839 chi#0=a:('1', '0', '0', '0'),b:('-1', '0', '1', '0'),c:('-1', '0', '1', '0') h1=1 m=2 psi=a:('1', '0', '-1', '0'),b:('1', '0', '0', '0'),c:('1', '0', '0', '0'): I(V) = 0   I(V^ss) = 0
==> t12839 chi#0=a:('1', '0', '0', '0'),b:('-1', '0', '1', '0'),c:('-1', '0', '1', '0') h1=1 m=2 psi=a:('1', '0', '-1', '0'),b:('1', '0', '0', '0'),c:('-1', '0', '1', '0'): I(V) = 0   I(V^ss) = 0
==> t12839 chi#0=a:('1', '0', '0', '0'),b:('-1', '0', '1', '0'),c:('-1', '0', '1', '0') h1=1 m=2 psi=a:('1', '0', '-1', '0'),b:('1', '0', '0', '0'),c:('0', '0', '-1', '0'): I(V) = 0   I(V^ss) = 0
==> t12839 chi#0=a:('1', '0', '0', '0'),b:('-1', '0', '1', '0'),c:('-1', '0', '1', '0') h1=1 m=2 psi=a:('1', '0', '-1', '0'),b:('-1', '0', '1', '0'),c:('1', '0', '0', '0'): I(V) = 0   I(V^ss) = 0
==> t12839 chi#0=a:('1', '0', '0', '0'),b:('-1', '0', '1', '0'),c:('-1', '0', '1', '0') h1=1 m=2 psi=a:('1', '0', '-1', '0'),b:('-1', '0', '1', '0'),c:('-1', '0', '1', '0'): I(V) = 0   I(V^ss) = 0
==> t12839 chi#0=a:('1', '0', '0', '0'),b:('-1', '0', '1', '0'),c:('-1', '0', '1', '0') h1=1 m=2 psi=a:('1', '0', '-1', '0'),b:('-1', '0', '1', '0'),c:('0', '0', '-1', '0'): I(V) = 0   I(V^ss) = 0
==> t12839 chi#0=a:('1', '0', '0', '0'),b:('-1', '0', '1', '0'),c:('-1', '0', '1', '0') h1=1 m=2 psi=a:('1', '0', '-1', '0'),b:('0', '0', '-1', '0'),c:('1', '0', '0', '0'): I(V) = 0   I(V^ss) = 0
==> t12839 chi#0=a:('1', '0', '0', '0'),b:('-1', '0', '1', '0'),c:('-1', '0', '1', '0') h1=1 m=2 psi=a:('1', '0', '-1', '0'),b:('0', '0', '-1', '0'),c:('-1', '0', '1', '0'): I(V) = 0   I(V^ss) = 0
==> t12839 chi#0=a:('1', '0', '0', '0'),b:('-1', '0', '1', '0'),c:('-1', '0', '1', '0') h1=1 m=2 psi=a:('1', '0', '-1', '0'),b:('0', '0', '-1', '0'),c:('0', '0', '-1', '0'): I(V) = 0   I(V^ss) = 0
==> t12839 chi#0=a:('1', '0', '0', '0'),b:('-1', '0', '1', '0'),c:('-1', '0', '1', '0') h1=1 m=2 psi=chi^1: I(V) = 0   I(V^ss) = 0
==> t12839 chi#0=a:('1', '0', '0', '0'),b:('-1', '0', '1', '0'),c:('-1', '0', '1', '0') h1=1 m=2 psi=chi^2: I(V) = 0   I(V^ss) = 0
==> t12839 chi#0=a:('1', '0', '0', '0'),b:('-1', '0', '1', '0'),c:('-1', '0', '1', '0') h1=1 m=2 psi=chi^3: I(V) = 0   I(V^ss) = 0
==> t12839 chi#0=a:('1', '0', '0', '0'),b:('-1', '0', '1', '0'),c:('-1', '0', '1', '0') h1=1 m=3 psi=a:('1', '0', '0', '0'),b:('1', '0', '0', '0'),c:('1', '0', '0', '0'): I(V) = 0   I(V^ss) = 0
==> t12839 chi#0=a:('1', '0', '0', '0'),b:('-1', '0', '1', '0'),c:('-1', '0', '1', '0') h1=1 m=3 psi=a:('1', '0', '0', '0'),b:('1', '0', '0', '0'),c:('-1', '0', '1', '0'): I(V) = 0   I(V^ss) = 0
==> t12839 chi#0=a:('1', '0', '0', '0'),b:('-1', '0', '1', '0'),c:('-1', '0', '1', '0') h1=1 m=3 psi=a:('1', '0', '0', '0'),b:('1', '0', '0', '0'),c:('0', '0', '-1', '0'): I(V) = 0   I(V^ss) = 0
==> t12839 chi#0=a:('1', '0', '0', '0'),b:('-1', '0', '1', '0'),c:('-1', '0', '1', '0') h1=1 m=3 psi=a:('1', '0', '0', '0'),b:('-1', '0', '1', '0'),c:('1', '0', '0', '0'): I(V) = 0   I(V^ss) = 0
==> t12839 chi#0=a:('1', '0', '0', '0'),b:('-1', '0', '1', '0'),c:('-1', '0', '1', '0') h1=1 m=3 psi=a:('1', '0', '0', '0'),b:('-1', '0', '1', '0'),c:('-1', '0', '1', '0'): I(V) = 0   I(V^ss) = 0
==> t12839 chi#0=a:('1', '0', '0', '0'),b:('-1', '0', '1', '0'),c:('-1', '0', '1', '0') h1=1 m=3 psi=a:('1', '0', '0', '0'),b:('-1', '0', '1', '0'),c:('0', '0', '-1', '0'): I(V) = 0   I(V^ss) = 0
==> t12839 chi#0=a:('1', '0', '0', '0'),b:('-1', '0', '1', '0'),c:('-1', '0', '1', '0') h1=1 m=3 psi=a:('1', '0', '0', '0'),b:('0', '0', '-1', '0'),c:('1', '0', '0', '0'): I(V) = 0   I(V^ss) = 0
==> t12839 chi#0=a:('1', '0', '0', '0'),b:('-1', '0', '1', '0'),c:('-1', '0', '1', '0') h1=1 m=3 psi=a:('1', '0', '0', '0'),b:('0', '0', '-1', '0'),c:('-1', '0', '1', '0'): I(V) = 0   I(V^ss) = 0
==> t12839 chi#0=a:('1', '0', '0', '0'),b:('-1', '0', '1', '0'),c:('-1', '0', '1', '0') h1=1 m=3 psi=a:('1', '0', '0', '0'),b:('0', '0', '-1', '0'),c:('0', '0', '-1', '0'): I(V) = 0   I(V^ss) = 0
==> t12839 chi#0=a:('1', '0', '0', '0'),b:('-1', '0', '1', '0'),c:('-1', '0', '1', '0') h1=1 m=3 psi=a:('0', '0', '1', '0'),b:('1', '0', '0', '0'),c:('1', '0', '0', '0'): I(V) = 0   I(V^ss) = 0
==> t12839 chi#0=a:('1', '0', '0', '0'),b:('-1', '0', '1', '0'),c:('-1', '0', '1', '0') h1=1 m=3 psi=a:('0', '0', '1', '0'),b:('1', '0', '0', '0'),c:('-1', '0', '1', '0'): I(V) = 0   I(V^ss) = 0
==> t12839 chi#0=a:('1', '0', '0', '0'),b:('-1', '0', '1', '0'),c:('-1', '0', '1', '0') h1=1 m=3 psi=a:('0', '0', '1', '0'),b:('1', '0', '0', '0'),c:('0', '0', '-1', '0'): I(V) = 0   I(V^ss) = 0
==> t12839 chi#0=a:('1', '0', '0', '0'),b:('-1', '0', '1', '0'),c:('-1', '0', '1', '0') h1=1 m=3 psi=a:('0', '0', '1', '0'),b:('-1', '0', '1', '0'),c:('1', '0', '0', '0'): I(V) = 0   I(V^ss) = 0
==> t12839 chi#0=a:('1', '0', '0', '0'),b:('-1', '0', '1', '0'),c:('-1', '0', '1', '0') h1=1 m=3 psi=a:('0', '0', '1', '0'),b:('-1', '0', '1', '0'),c:('-1', '0', '1', '0'): I(V) = 0   I(V^ss) = 0
==> t12839 chi#0=a:('1', '0', '0', '0'),b:('-1', '0', '1', '0'),c:('-1', '0', '1', '0') h1=1 m=3 psi=a:('0', '0', '1', '0'),b:('-1', '0', '1', '0'),c:('0', '0', '-1', '0'): I(V) = 0   I(V^ss) = 0
==> t12839 chi#0=a:('1', '0', '0', '0'),b:('-1', '0', '1', '0'),c:('-1', '0', '1', '0') h1=1 m=3 psi=a:('0', '0', '1', '0'),b:('0', '0', '-1', '0'),c:('1', '0', '0', '0'): I(V) = 0   I(V^ss) = 0
==> t12839 chi#0=a:('1', '0', '0', '0'),b:('-1', '0', '1', '0'),c:('-1', '0', '1', '0') h1=1 m=3 psi=a:('0', '0', '1', '0'),b:('0', '0', '-1', '0'),c:('-1', '0', '1', '0'): I(V) = 0   I(V^ss) = 0
==> t12839 chi#0=a:('1', '0', '0', '0'),b:('-1', '0', '1', '0'),c:('-1', '0', '1', '0') h1=1 m=3 psi=a:('0', '0', '1', '0'),b:('0', '0', '-1', '0'),c:('0', '0', '-1', '0'): I(V) = 0   I(V^ss) = 0
==> t12839 chi#0=a:('1', '0', '0', '0'),b:('-1', '0', '1', '0'),c:('-1', '0', '1', '0') h1=1 m=3 psi=a:('-1', '0', '1', '0'),b:('1', '0', '0', '0'),c:('1', '0', '0', '0'): I(V) = 0   I(V^ss) = 0
==> t12839 chi#0=a:('1', '0', '0', '0'),b:('-1', '0', '1', '0'),c:('-1', '0', '1', '0') h1=1 m=3 psi=a:('-1', '0', '1', '0'),b:('1', '0', '0', '0'),c:('-1', '0', '1', '0'): I(V) = 0   I(V^ss) = 0
==> t12839 chi#0=a:('1', '0', '0', '0'),b:('-1', '0', '1', '0'),c:('-1', '0', '1', '0') h1=1 m=3 psi=a:('-1', '0', '1', '0'),b:('1', '0', '0', '0'),c:('0', '0', '-1', '0'): I(V) = 0   I(V^ss) = 0
==> t12839 chi#0=a:('1', '0', '0', '0'),b:('-1', '0', '1', '0'),c:('-1', '0', '1', '0') h1=1 m=3 psi=a:('-1', '0', '1', '0'),b:('-1', '0', '1', '0'),c:('1', '0', '0', '0'): I(V) = 0   I(V^ss) = 0
==> t12839 chi#0=a:('1', '0', '0', '0'),b:('-1', '0', '1', '0'),c:('-1', '0', '1', '0') h1=1 m=3 psi=a:('-1', '0', '1', '0'),b:('-1', '0', '1', '0'),c:('-1', '0', '1', '0'): I(V) = 0   I(V^ss) = 0
==> t12839 chi#0=a:('1', '0', '0', '0'),b:('-1', '0', '1', '0'),c:('-1', '0', '1', '0') h1=1 m=3 psi=a:('-1', '0', '1', '0'),b:('-1', '0', '1', '0'),c:('0', '0', '-1', '0'): I(V) = 0   I(V^ss) = 0
==> t12839 chi#0=a:('1', '0', '0', '0'),b:('-1', '0', '1', '0'),c:('-1', '0', '1', '0') h1=1 m=3 psi=a:('-1', '0', '1', '0'),b:('0', '0', '-1', '0'),c:('1', '0', '0', '0'): I(V) = 0   I(V^ss) = 0
==> t12839 chi#0=a:('1', '0', '0', '0'),b:('-1', '0', '1', '0'),c:('-1', '0', '1', '0') h1=1 m=3 psi=a:('-1', '0', '1', '0'),b:('0', '0', '-1', '0'),c:('-1', '0', '1', '0'): I(V) = 0   I(V^ss) = 0
==> t12839 chi#0=a:('1', '0', '0', '0'),b:('-1', '0', '1', '0'),c:('-1', '0', '1', '0') h1=1 m=3 psi=a:('-1', '0', '1', '0'),b:('0', '0', '-1', '0'),c:('0', '0', '-1', '0'): I(V) = 0   I(V^ss) = 0
==> t12839 chi#0=a:('1', '0', '0', '0'),b:('-1', '0', '1', '0'),c:('-1', '0', '1', '0') h1=1 m=3 psi=a:('-1', '0', '0', '0'),b:('1', '0', '0', '0'),c:('1', '0', '0', '0'): I(V) = 0   I(V^ss) = 0
==> t12839 chi#0=a:('1', '0', '0', '0'),b:('-1', '0', '1', '0'),c:('-1', '0', '1', '0') h1=1 m=3 psi=a:('-1', '0', '0', '0'),b:('1', '0', '0', '0'),c:('-1', '0', '1', '0'): I(V) = 0   I(V^ss) = 0
==> t12839 chi#0=a:('1', '0', '0', '0'),b:('-1', '0', '1', '0'),c:('-1', '0', '1', '0') h1=1 m=3 psi=a:('-1', '0', '0', '0'),b:('1', '0', '0', '0'),c:('0', '0', '-1', '0'): I(V) = 0   I(V^ss) = 0
==> t12839 chi#0=a:('1', '0', '0', '0'),b:('-1', '0', '1', '0'),c:('-1', '0', '1', '0') h1=1 m=3 psi=a:('-1', '0', '0', '0'),b:('-1', '0', '1', '0'),c:('1', '0', '0', '0'): I(V) = 0   I(V^ss) = 0
==> t12839 chi#0=a:('1', '0', '0', '0'),b:('-1', '0', '1', '0'),c:('-1', '0', '1', '0') h1=1 m=3 psi=a:('-1', '0', '0', '0'),b:('-1', '0', '1', '0'),c:('-1', '0', '1', '0'): I(V) = 0   I(V^ss) = 0
==> t12839 chi#0=a:('1', '0', '0', '0'),b:('-1', '0', '1', '0'),c:('-1', '0', '1', '0') h1=1 m=3 psi=a:('-1', '0', '0', '0'),b:('-1', '0', '1', '0'),c:('0', '0', '-1', '0'): I(V) = 0   I(V^ss) = 0
==> t12839 chi#0=a:('1', '0', '0', '0'),b:('-1', '0', '1', '0'),c:('-1', '0', '1', '0') h1=1 m=3 psi=a:('-1', '0', '0', '0'),b:('0', '0', '-1', '0'),c:('1', '0', '0', '0'): I(V) = 0   I(V^ss) = 0
==> t12839 chi#0=a:('1', '0', '0', '0'),b:('-1', '0', '1', '0'),c:('-1', '0', '1', '0') h1=1 m=3 psi=a:('-1', '0', '0', '0'),b:('0', '0', '-1', '0'),c:('-1', '0', '1', '0'): I(V) = 0   I(V^ss) = 0
==> t12839 chi#0=a:('1', '0', '0', '0'),b:('-1', '0', '1', '0'),c:('-1', '0', '1', '0') h1=1 m=3 psi=a:('-1', '0', '0', '0'),b:('0', '0', '-1', '0'),c:('0', '0', '-1', '0'): I(V) = 0   I(V^ss) = 0
==> t12839 chi#0=a:('1', '0', '0', '0'),b:('-1', '0', '1', '0'),c:('-1', '0', '1', '0') h1=1 m=3 psi=a:('0', '0', '-1', '0'),b:('1', '0', '0', '0'),c:('1', '0', '0', '0'): I(V) = 0   I(V^ss) = 0
==> t12839 chi#0=a:('1', '0', '0', '0'),b:('-1', '0', '1', '0'),c:('-1', '0', '1', '0') h1=1 m=3 psi=a:('0', '0', '-1', '0'),b:('1', '0', '0', '0'),c:('-1', '0', '1', '0'): I(V) = 0   I(V^ss) = 0
==> t12839 chi#0=a:('1', '0', '0', '0'),b:('-1', '0', '1', '0'),c:('-1', '0', '1', '0') h1=1 m=3 psi=a:('0', '0', '-1', '0'),b:('1', '0', '0', '0'),c:('0', '0', '-1', '0'): I(V) = 0   I(V^ss) = 0
==> t12839 chi#0=a:('1', '0', '0', '0'),b:('-1', '0', '1', '0'),c:('-1', '0', '1', '0') h1=1 m=3 psi=a:('0', '0', '-1', '0'),b:('-1', '0', '1', '0'),c:('1', '0', '0', '0'): I(V) = 0   I(V^ss) = 0
==> t12839 chi#0=a:('1', '0', '0', '0'),b:('-1', '0', '1', '0'),c:('-1', '0', '1', '0') h1=1 m=3 psi=a:('0', '0', '-1', '0'),b:('-1', '0', '1', '0'),c:('-1', '0', '1', '0'): I(V) = 0   I(V^ss) = 0
==> t12839 chi#0=a:('1', '0', '0', '0'),b:('-1', '0', '1', '0'),c:('-1', '0', '1', '0') h1=1 m=3 psi=a:('0', '0', '-1', '0'),b:('-1', '0', '1', '0'),c:('0', '0', '-1', '0'): I(V) = 0   I(V^ss) = 0
==> t12839 chi#0=a:('1', '0', '0', '0'),b:('-1', '0', '1', '0'),c:('-1', '0', '1', '0') h1=1 m=3 psi=a:('0', '0', '-1', '0'),b:('0', '0', '-1', '0'),c:('1', '0', '0', '0'): I(V) = 0   I(V^ss) = 0
==> t12839 chi#0=a:('1', '0', '0', '0'),b:('-1', '0', '1', '0'),c:('-1', '0', '1', '0') h1=1 m=3 psi=a:('0', '0', '-1', '0'),b:('0', '0', '-1', '0'),c:('-1', '0', '1', '0'): I(V) = 0   I(V^ss) = 0
==> t12839 chi#0=a:('1', '0', '0', '0'),b:('-1', '0', '1', '0'),c:('-1', '0', '1', '0') h1=1 m=3 psi=a:('0', '0', '-1', '0'),b:('0', '0', '-1', '0'),c:('0', '0', '-1', '0'): I(V) = 0   I(V^ss) = 0
==> t12839 chi#0=a:('1', '0', '0', '0'),b:('-1', '0', '1', '0'),c:('-1', '0', '1', '0') h1=1 m=3 psi=a:('1', '0', '-1', '0'),b:('1', '0', '0', '0'),c:('1', '0', '0', '0'): I(V) = 0   I(V^ss) = 0
==> t12839 chi#0=a:('1', '0', '0', '0'),b:('-1', '0', '1', '0'),c:('-1', '0', '1', '0') h1=1 m=3 psi=a:('1', '0', '-1', '0'),b:('1', '0', '0', '0'),c:('-1', '0', '1', '0'): I(V) = 0   I(V^ss) = 0
==> t12839 chi#0=a:('1', '0', '0', '0'),b:('-1', '0', '1', '0'),c:('-1', '0', '1', '0') h1=1 m=3 psi=a:('1', '0', '-1', '0'),b:('1', '0', '0', '0'),c:('0', '0', '-1', '0'): I(V) = 0   I(V^ss) = 0
==> t12839 chi#0=a:('1', '0', '0', '0'),b:('-1', '0', '1', '0'),c:('-1', '0', '1', '0') h1=1 m=3 psi=a:('1', '0', '-1', '0'),b:('-1', '0', '1', '0'),c:('1', '0', '0', '0'): I(V) = 0   I(V^ss) = 0
==> t12839 chi#0=a:('1', '0', '0', '0'),b:('-1', '0', '1', '0'),c:('-1', '0', '1', '0') h1=1 m=3 psi=a:('1', '0', '-1', '0'),b:('-1', '0', '1', '0'),c:('-1', '0', '1', '0'): I(V) = 0   I(V^ss) = 0
==> t12839 chi#0=a:('1', '0', '0', '0'),b:('-1', '0', '1', '0'),c:('-1', '0', '1', '0') h1=1 m=3 psi=a:('1', '0', '-1', '0'),b:('-1', '0', '1', '0'),c:('0', '0', '-1', '0'): I(V) = 0   I(V^ss) = 0
==> t12839 chi#0=a:('1', '0', '0', '0'),b:('-1', '0', '1', '0'),c:('-1', '0', '1', '0') h1=1 m=3 psi=a:('1', '0', '-1', '0'),b:('0', '0', '-1', '0'),c:('1', '0', '0', '0'): I(V) = 0   I(V^ss) = 0
==> t12839 chi#0=a:('1', '0', '0', '0'),b:('-1', '0', '1', '0'),c:('-1', '0', '1', '0') h1=1 m=3 psi=a:('1', '0', '-1', '0'),b:('0', '0', '-1', '0'),c:('-1', '0', '1', '0'): I(V) = 0   I(V^ss) = 0
==> t12839 chi#0=a:('1', '0', '0', '0'),b:('-1', '0', '1', '0'),c:('-1', '0', '1', '0') h1=1 m=3 psi=a:('1', '0', '-1', '0'),b:('0', '0', '-1', '0'),c:('0', '0', '-1', '0'): I(V) = 0   I(V^ss) = 0
==> t12839 chi#0=a:('1', '0', '0', '0'),b:('-1', '0', '1', '0'),c:('-1', '0', '1', '0') h1=1 m=3 psi=chi^1: I(V) = 0   I(V^ss) = 0
==> t12839 chi#0=a:('1', '0', '0', '0'),b:('-1', '0', '1', '0'),c:('-1', '0', '1', '0') h1=1 m=3 psi=chi^2: I(V) = 0   I(V^ss) = 0
==> t12839 chi#0=a:('1', '0', '0', '0'),b:('-1', '0', '1', '0'),c:('-1', '0', '1', '0') h1=1 m=3 psi=chi^3: I(V) = 0   I(V^ss) = 0
  locus chi#1=a:('1', '0', '0', '0'),b:('0', '0', '-1', '0'),c:('0', '0', '-1', '0') h1=1
==> t12839 chi#1=a:('1', '0', '0', '0'),b:('0', '0', '-1', '0'),c:('0', '0', '-1', '0') h1=1 m=1 psi=a:('1', '0', '0', '0'),b:('1', '0', '0', '0'),c:('1', '0', '0', '0'): I(V) = 0   I(V^ss) = 0
==> t12839 chi#1=a:('1', '0', '0', '0'),b:('0', '0', '-1', '0'),c:('0', '0', '-1', '0') h1=1 m=1 psi=a:('1', '0', '0', '0'),b:('1', '0', '0', '0'),c:('-1', '0', '1', '0'): I(V) = 0   I(V^ss) = 0
==> t12839 chi#1=a:('1', '0', '0', '0'),b:('0', '0', '-1', '0'),c:('0', '0', '-1', '0') h1=1 m=1 psi=a:('1', '0', '0', '0'),b:('1', '0', '0', '0'),c:('0', '0', '-1', '0'): I(V) = 0   I(V^ss) = 0
==> t12839 chi#1=a:('1', '0', '0', '0'),b:('0', '0', '-1', '0'),c:('0', '0', '-1', '0') h1=1 m=1 psi=a:('1', '0', '0', '0'),b:('-1', '0', '1', '0'),c:('1', '0', '0', '0'): I(V) = 0   I(V^ss) = 0
==> t12839 chi#1=a:('1', '0', '0', '0'),b:('0', '0', '-1', '0'),c:('0', '0', '-1', '0') h1=1 m=1 psi=a:('1', '0', '0', '0'),b:('-1', '0', '1', '0'),c:('-1', '0', '1', '0'): I(V) = 0   I(V^ss) = 0
==> t12839 chi#1=a:('1', '0', '0', '0'),b:('0', '0', '-1', '0'),c:('0', '0', '-1', '0') h1=1 m=1 psi=a:('1', '0', '0', '0'),b:('-1', '0', '1', '0'),c:('0', '0', '-1', '0'): I(V) = 0   I(V^ss) = 0
==> t12839 chi#1=a:('1', '0', '0', '0'),b:('0', '0', '-1', '0'),c:('0', '0', '-1', '0') h1=1 m=1 psi=a:('1', '0', '0', '0'),b:('0', '0', '-1', '0'),c:('1', '0', '0', '0'): I(V) = 0   I(V^ss) = 0
==> t12839 chi#1=a:('1', '0', '0', '0'),b:('0', '0', '-1', '0'),c:('0', '0', '-1', '0') h1=1 m=1 psi=a:('1', '0', '0', '0'),b:('0', '0', '-1', '0'),c:('-1', '0', '1', '0'): I(V) = 0   I(V^ss) = 0
==> t12839 chi#1=a:('1', '0', '0', '0'),b:('0', '0', '-1', '0'),c:('0', '0', '-1', '0') h1=1 m=1 psi=a:('1', '0', '0', '0'),b:('0', '0', '-1', '0'),c:('0', '0', '-1', '0'): I(V) = 0   I(V^ss) = 0
==> t12839 chi#1=a:('1', '0', '0', '0'),b:('0', '0', '-1', '0'),c:('0', '0', '-1', '0') h1=1 m=1 psi=a:('0', '0', '1', '0'),b:('1', '0', '0', '0'),c:('1', '0', '0', '0'): I(V) = 0   I(V^ss) = 0
==> t12839 chi#1=a:('1', '0', '0', '0'),b:('0', '0', '-1', '0'),c:('0', '0', '-1', '0') h1=1 m=1 psi=a:('0', '0', '1', '0'),b:('1', '0', '0', '0'),c:('-1', '0', '1', '0'): I(V) = 0   I(V^ss) = 0
==> t12839 chi#1=a:('1', '0', '0', '0'),b:('0', '0', '-1', '0'),c:('0', '0', '-1', '0') h1=1 m=1 psi=a:('0', '0', '1', '0'),b:('1', '0', '0', '0'),c:('0', '0', '-1', '0'): I(V) = 0   I(V^ss) = 0
==> t12839 chi#1=a:('1', '0', '0', '0'),b:('0', '0', '-1', '0'),c:('0', '0', '-1', '0') h1=1 m=1 psi=a:('0', '0', '1', '0'),b:('-1', '0', '1', '0'),c:('1', '0', '0', '0'): I(V) = 0   I(V^ss) = 0
==> t12839 chi#1=a:('1', '0', '0', '0'),b:('0', '0', '-1', '0'),c:('0', '0', '-1', '0') h1=1 m=1 psi=a:('0', '0', '1', '0'),b:('-1', '0', '1', '0'),c:('-1', '0', '1', '0'): I(V) = 0   I(V^ss) = 0
==> t12839 chi#1=a:('1', '0', '0', '0'),b:('0', '0', '-1', '0'),c:('0', '0', '-1', '0') h1=1 m=1 psi=a:('0', '0', '1', '0'),b:('-1', '0', '1', '0'),c:('0', '0', '-1', '0'): I(V) = 0   I(V^ss) = 0
==> t12839 chi#1=a:('1', '0', '0', '0'),b:('0', '0', '-1', '0'),c:('0', '0', '-1', '0') h1=1 m=1 psi=a:('0', '0', '1', '0'),b:('0', '0', '-1', '0'),c:('1', '0', '0', '0'): I(V) = 0   I(V^ss) = 0
==> t12839 chi#1=a:('1', '0', '0', '0'),b:('0', '0', '-1', '0'),c:('0', '0', '-1', '0') h1=1 m=1 psi=a:('0', '0', '1', '0'),b:('0', '0', '-1', '0'),c:('-1', '0', '1', '0'): I(V) = 0   I(V^ss) = 0
==> t12839 chi#1=a:('1', '0', '0', '0'),b:('0', '0', '-1', '0'),c:('0', '0', '-1', '0') h1=1 m=1 psi=a:('0', '0', '1', '0'),b:('0', '0', '-1', '0'),c:('0', '0', '-1', '0'): I(V) = 0   I(V^ss) = 0
==> t12839 chi#1=a:('1', '0', '0', '0'),b:('0', '0', '-1', '0'),c:('0', '0', '-1', '0') h1=1 m=1 psi=a:('-1', '0', '1', '0'),b:('1', '0', '0', '0'),c:('1', '0', '0', '0'): I(V) = 0   I(V^ss) = 0
==> t12839 chi#1=a:('1', '0', '0', '0'),b:('0', '0', '-1', '0'),c:('0', '0', '-1', '0') h1=1 m=1 psi=a:('-1', '0', '1', '0'),b:('1', '0', '0', '0'),c:('-1', '0', '1', '0'): I(V) = 0   I(V^ss) = 0
==> t12839 chi#1=a:('1', '0', '0', '0'),b:('0', '0', '-1', '0'),c:('0', '0', '-1', '0') h1=1 m=1 psi=a:('-1', '0', '1', '0'),b:('1', '0', '0', '0'),c:('0', '0', '-1', '0'): I(V) = 0   I(V^ss) = 0
==> t12839 chi#1=a:('1', '0', '0', '0'),b:('0', '0', '-1', '0'),c:('0', '0', '-1', '0') h1=1 m=1 psi=a:('-1', '0', '1', '0'),b:('-1', '0', '1', '0'),c:('1', '0', '0', '0'): I(V) = 0   I(V^ss) = 0
==> t12839 chi#1=a:('1', '0', '0', '0'),b:('0', '0', '-1', '0'),c:('0', '0', '-1', '0') h1=1 m=1 psi=a:('-1', '0', '1', '0'),b:('-1', '0', '1', '0'),c:('-1', '0', '1', '0'): I(V) = 0   I(V^ss) = 0
==> t12839 chi#1=a:('1', '0', '0', '0'),b:('0', '0', '-1', '0'),c:('0', '0', '-1', '0') h1=1 m=1 psi=a:('-1', '0', '1', '0'),b:('-1', '0', '1', '0'),c:('0', '0', '-1', '0'): I(V) = 1   I(V^ss) = 0
==> t12839 chi#1=a:('1', '0', '0', '0'),b:('0', '0', '-1', '0'),c:('0', '0', '-1', '0') h1=1 m=1 psi=a:('-1', '0', '1', '0'),b:('0', '0', '-1', '0'),c:('1', '0', '0', '0'): I(V) = -1   I(V^ss) = 0
==> t12839 chi#1=a:('1', '0', '0', '0'),b:('0', '0', '-1', '0'),c:('0', '0', '-1', '0') h1=1 m=1 psi=a:('-1', '0', '1', '0'),b:('0', '0', '-1', '0'),c:('-1', '0', '1', '0'): I(V) = 0   I(V^ss) = 0
==> t12839 chi#1=a:('1', '0', '0', '0'),b:('0', '0', '-1', '0'),c:('0', '0', '-1', '0') h1=1 m=1 psi=a:('-1', '0', '1', '0'),b:('0', '0', '-1', '0'),c:('0', '0', '-1', '0'): I(V) = 0   I(V^ss) = 0
==> t12839 chi#1=a:('1', '0', '0', '0'),b:('0', '0', '-1', '0'),c:('0', '0', '-1', '0') h1=1 m=1 psi=a:('-1', '0', '0', '0'),b:('1', '0', '0', '0'),c:('1', '0', '0', '0'): I(V) = 0   I(V^ss) = 0
==> t12839 chi#1=a:('1', '0', '0', '0'),b:('0', '0', '-1', '0'),c:('0', '0', '-1', '0') h1=1 m=1 psi=a:('-1', '0', '0', '0'),b:('1', '0', '0', '0'),c:('-1', '0', '1', '0'): I(V) = 0   I(V^ss) = 0
==> t12839 chi#1=a:('1', '0', '0', '0'),b:('0', '0', '-1', '0'),c:('0', '0', '-1', '0') h1=1 m=1 psi=a:('-1', '0', '0', '0'),b:('1', '0', '0', '0'),c:('0', '0', '-1', '0'): I(V) = 0   I(V^ss) = 0
==> t12839 chi#1=a:('1', '0', '0', '0'),b:('0', '0', '-1', '0'),c:('0', '0', '-1', '0') h1=1 m=1 psi=a:('-1', '0', '0', '0'),b:('-1', '0', '1', '0'),c:('1', '0', '0', '0'): I(V) = 0   I(V^ss) = 0
==> t12839 chi#1=a:('1', '0', '0', '0'),b:('0', '0', '-1', '0'),c:('0', '0', '-1', '0') h1=1 m=1 psi=a:('-1', '0', '0', '0'),b:('-1', '0', '1', '0'),c:('-1', '0', '1', '0'): I(V) = 0   I(V^ss) = 0
==> t12839 chi#1=a:('1', '0', '0', '0'),b:('0', '0', '-1', '0'),c:('0', '0', '-1', '0') h1=1 m=1 psi=a:('-1', '0', '0', '0'),b:('-1', '0', '1', '0'),c:('0', '0', '-1', '0'): I(V) = 0   I(V^ss) = 0
==> t12839 chi#1=a:('1', '0', '0', '0'),b:('0', '0', '-1', '0'),c:('0', '0', '-1', '0') h1=1 m=1 psi=a:('-1', '0', '0', '0'),b:('0', '0', '-1', '0'),c:('1', '0', '0', '0'): I(V) = 0   I(V^ss) = 0
==> t12839 chi#1=a:('1', '0', '0', '0'),b:('0', '0', '-1', '0'),c:('0', '0', '-1', '0') h1=1 m=1 psi=a:('-1', '0', '0', '0'),b:('0', '0', '-1', '0'),c:('-1', '0', '1', '0'): I(V) = 0   I(V^ss) = 0
==> t12839 chi#1=a:('1', '0', '0', '0'),b:('0', '0', '-1', '0'),c:('0', '0', '-1', '0') h1=1 m=1 psi=a:('-1', '0', '0', '0'),b:('0', '0', '-1', '0'),c:('0', '0', '-1', '0'): I(V) = 0   I(V^ss) = 0
==> t12839 chi#1=a:('1', '0', '0', '0'),b:('0', '0', '-1', '0'),c:('0', '0', '-1', '0') h1=1 m=1 psi=a:('0', '0', '-1', '0'),b:('1', '0', '0', '0'),c:('1', '0', '0', '0'): I(V) = 0   I(V^ss) = 0
==> t12839 chi#1=a:('1', '0', '0', '0'),b:('0', '0', '-1', '0'),c:('0', '0', '-1', '0') h1=1 m=1 psi=a:('0', '0', '-1', '0'),b:('1', '0', '0', '0'),c:('-1', '0', '1', '0'): I(V) = 0   I(V^ss) = 0
==> t12839 chi#1=a:('1', '0', '0', '0'),b:('0', '0', '-1', '0'),c:('0', '0', '-1', '0') h1=1 m=1 psi=a:('0', '0', '-1', '0'),b:('1', '0', '0', '0'),c:('0', '0', '-1', '0'): I(V) = 0   I(V^ss) = 0
==> t12839 chi#1=a:('1', '0', '0', '0'),b:('0', '0', '-1', '0'),c:('0', '0', '-1', '0') h1=1 m=1 psi=a:('0', '0', '-1', '0'),b:('-1', '0', '1', '0'),c:('1', '0', '0', '0'): I(V) = 1   I(V^ss) = 0
==> t12839 chi#1=a:('1', '0', '0', '0'),b:('0', '0', '-1', '0'),c:('0', '0', '-1', '0') h1=1 m=1 psi=a:('0', '0', '-1', '0'),b:('-1', '0', '1', '0'),c:('-1', '0', '1', '0'): I(V) = 0   I(V^ss) = 0
==> t12839 chi#1=a:('1', '0', '0', '0'),b:('0', '0', '-1', '0'),c:('0', '0', '-1', '0') h1=1 m=1 psi=a:('0', '0', '-1', '0'),b:('-1', '0', '1', '0'),c:('0', '0', '-1', '0'): I(V) = 0   I(V^ss) = 0
==> t12839 chi#1=a:('1', '0', '0', '0'),b:('0', '0', '-1', '0'),c:('0', '0', '-1', '0') h1=1 m=1 psi=a:('0', '0', '-1', '0'),b:('0', '0', '-1', '0'),c:('1', '0', '0', '0'): I(V) = 0   I(V^ss) = 0
==> t12839 chi#1=a:('1', '0', '0', '0'),b:('0', '0', '-1', '0'),c:('0', '0', '-1', '0') h1=1 m=1 psi=a:('0', '0', '-1', '0'),b:('0', '0', '-1', '0'),c:('-1', '0', '1', '0'): I(V) = -1   I(V^ss) = 0
==> t12839 chi#1=a:('1', '0', '0', '0'),b:('0', '0', '-1', '0'),c:('0', '0', '-1', '0') h1=1 m=1 psi=a:('0', '0', '-1', '0'),b:('0', '0', '-1', '0'),c:('0', '0', '-1', '0'): I(V) = 0   I(V^ss) = 0
==> t12839 chi#1=a:('1', '0', '0', '0'),b:('0', '0', '-1', '0'),c:('0', '0', '-1', '0') h1=1 m=1 psi=a:('1', '0', '-1', '0'),b:('1', '0', '0', '0'),c:('1', '0', '0', '0'): I(V) = 0   I(V^ss) = 0
==> t12839 chi#1=a:('1', '0', '0', '0'),b:('0', '0', '-1', '0'),c:('0', '0', '-1', '0') h1=1 m=1 psi=a:('1', '0', '-1', '0'),b:('1', '0', '0', '0'),c:('-1', '0', '1', '0'): I(V) = 0   I(V^ss) = 0
==> t12839 chi#1=a:('1', '0', '0', '0'),b:('0', '0', '-1', '0'),c:('0', '0', '-1', '0') h1=1 m=1 psi=a:('1', '0', '-1', '0'),b:('1', '0', '0', '0'),c:('0', '0', '-1', '0'): I(V) = 0   I(V^ss) = 0
==> t12839 chi#1=a:('1', '0', '0', '0'),b:('0', '0', '-1', '0'),c:('0', '0', '-1', '0') h1=1 m=1 psi=a:('1', '0', '-1', '0'),b:('-1', '0', '1', '0'),c:('1', '0', '0', '0'): I(V) = 0   I(V^ss) = 0
==> t12839 chi#1=a:('1', '0', '0', '0'),b:('0', '0', '-1', '0'),c:('0', '0', '-1', '0') h1=1 m=1 psi=a:('1', '0', '-1', '0'),b:('-1', '0', '1', '0'),c:('-1', '0', '1', '0'): I(V) = 0   I(V^ss) = 0
==> t12839 chi#1=a:('1', '0', '0', '0'),b:('0', '0', '-1', '0'),c:('0', '0', '-1', '0') h1=1 m=1 psi=a:('1', '0', '-1', '0'),b:('-1', '0', '1', '0'),c:('0', '0', '-1', '0'): I(V) = 0   I(V^ss) = 0
==> t12839 chi#1=a:('1', '0', '0', '0'),b:('0', '0', '-1', '0'),c:('0', '0', '-1', '0') h1=1 m=1 psi=a:('1', '0', '-1', '0'),b:('0', '0', '-1', '0'),c:('1', '0', '0', '0'): I(V) = 0   I(V^ss) = 0
==> t12839 chi#1=a:('1', '0', '0', '0'),b:('0', '0', '-1', '0'),c:('0', '0', '-1', '0') h1=1 m=1 psi=a:('1', '0', '-1', '0'),b:('0', '0', '-1', '0'),c:('-1', '0', '1', '0'): I(V) = 0   I(V^ss) = 0
==> t12839 chi#1=a:('1', '0', '0', '0'),b:('0', '0', '-1', '0'),c:('0', '0', '-1', '0') h1=1 m=1 psi=a:('1', '0', '-1', '0'),b:('0', '0', '-1', '0'),c:('0', '0', '-1', '0'): I(V) = 0   I(V^ss) = 0
==> t12839 chi#1=a:('1', '0', '0', '0'),b:('0', '0', '-1', '0'),c:('0', '0', '-1', '0') h1=1 m=1 psi=chi^1: I(V) = 0   I(V^ss) = 0
==> t12839 chi#1=a:('1', '0', '0', '0'),b:('0', '0', '-1', '0'),c:('0', '0', '-1', '0') h1=1 m=1 psi=chi^2: I(V) = 0   I(V^ss) = 0
==> t12839 chi#1=a:('1', '0', '0', '0'),b:('0', '0', '-1', '0'),c:('0', '0', '-1', '0') h1=1 m=1 psi=chi^3: I(V) = 0   I(V^ss) = 0
==> t12839 chi#1=a:('1', '0', '0', '0'),b:('0', '0', '-1', '0'),c:('0', '0', '-1', '0') h1=1 m=2 psi=a:('1', '0', '0', '0'),b:('1', '0', '0', '0'),c:('1', '0', '0', '0'): I(V) = 0   I(V^ss) = 0
==> t12839 chi#1=a:('1', '0', '0', '0'),b:('0', '0', '-1', '0'),c:('0', '0', '-1', '0') h1=1 m=2 psi=a:('1', '0', '0', '0'),b:('1', '0', '0', '0'),c:('-1', '0', '1', '0'): I(V) = 0   I(V^ss) = 0
==> t12839 chi#1=a:('1', '0', '0', '0'),b:('0', '0', '-1', '0'),c:('0', '0', '-1', '0') h1=1 m=2 psi=a:('1', '0', '0', '0'),b:('1', '0', '0', '0'),c:('0', '0', '-1', '0'): I(V) = 0   I(V^ss) = 0
==> t12839 chi#1=a:('1', '0', '0', '0'),b:('0', '0', '-1', '0'),c:('0', '0', '-1', '0') h1=1 m=2 psi=a:('1', '0', '0', '0'),b:('-1', '0', '1', '0'),c:('1', '0', '0', '0'): I(V) = 0   I(V^ss) = 0
==> t12839 chi#1=a:('1', '0', '0', '0'),b:('0', '0', '-1', '0'),c:('0', '0', '-1', '0') h1=1 m=2 psi=a:('1', '0', '0', '0'),b:('-1', '0', '1', '0'),c:('-1', '0', '1', '0'): I(V) = 0   I(V^ss) = 0
==> t12839 chi#1=a:('1', '0', '0', '0'),b:('0', '0', '-1', '0'),c:('0', '0', '-1', '0') h1=1 m=2 psi=a:('1', '0', '0', '0'),b:('-1', '0', '1', '0'),c:('0', '0', '-1', '0'): I(V) = 0   I(V^ss) = 0
==> t12839 chi#1=a:('1', '0', '0', '0'),b:('0', '0', '-1', '0'),c:('0', '0', '-1', '0') h1=1 m=2 psi=a:('1', '0', '0', '0'),b:('0', '0', '-1', '0'),c:('1', '0', '0', '0'): I(V) = 0   I(V^ss) = 0
==> t12839 chi#1=a:('1', '0', '0', '0'),b:('0', '0', '-1', '0'),c:('0', '0', '-1', '0') h1=1 m=2 psi=a:('1', '0', '0', '0'),b:('0', '0', '-1', '0'),c:('-1', '0', '1', '0'): I(V) = 0   I(V^ss) = 0
==> t12839 chi#1=a:('1', '0', '0', '0'),b:('0', '0', '-1', '0'),c:('0', '0', '-1', '0') h1=1 m=2 psi=a:('1', '0', '0', '0'),b:('0', '0', '-1', '0'),c:('0', '0', '-1', '0'): I(V) = 0   I(V^ss) = 0
==> t12839 chi#1=a:('1', '0', '0', '0'),b:('0', '0', '-1', '0'),c:('0', '0', '-1', '0') h1=1 m=2 psi=a:('0', '0', '1', '0'),b:('1', '0', '0', '0'),c:('1', '0', '0', '0'): I(V) = 0   I(V^ss) = 0
==> t12839 chi#1=a:('1', '0', '0', '0'),b:('0', '0', '-1', '0'),c:('0', '0', '-1', '0') h1=1 m=2 psi=a:('0', '0', '1', '0'),b:('1', '0', '0', '0'),c:('-1', '0', '1', '0'): I(V) = 0   I(V^ss) = 0
==> t12839 chi#1=a:('1', '0', '0', '0'),b:('0', '0', '-1', '0'),c:('0', '0', '-1', '0') h1=1 m=2 psi=a:('0', '0', '1', '0'),b:('1', '0', '0', '0'),c:('0', '0', '-1', '0'): I(V) = 0   I(V^ss) = 0
==> t12839 chi#1=a:('1', '0', '0', '0'),b:('0', '0', '-1', '0'),c:('0', '0', '-1', '0') h1=1 m=2 psi=a:('0', '0', '1', '0'),b:('-1', '0', '1', '0'),c:('1', '0', '0', '0'): I(V) = 0   I(V^ss) = 0
==> t12839 chi#1=a:('1', '0', '0', '0'),b:('0', '0', '-1', '0'),c:('0', '0', '-1', '0') h1=1 m=2 psi=a:('0', '0', '1', '0'),b:('-1', '0', '1', '0'),c:('-1', '0', '1', '0'): I(V) = 0   I(V^ss) = 0
==> t12839 chi#1=a:('1', '0', '0', '0'),b:('0', '0', '-1', '0'),c:('0', '0', '-1', '0') h1=1 m=2 psi=a:('0', '0', '1', '0'),b:('-1', '0', '1', '0'),c:('0', '0', '-1', '0'): I(V) = 0   I(V^ss) = 0
==> t12839 chi#1=a:('1', '0', '0', '0'),b:('0', '0', '-1', '0'),c:('0', '0', '-1', '0') h1=1 m=2 psi=a:('0', '0', '1', '0'),b:('0', '0', '-1', '0'),c:('1', '0', '0', '0'): I(V) = 0   I(V^ss) = 0
==> t12839 chi#1=a:('1', '0', '0', '0'),b:('0', '0', '-1', '0'),c:('0', '0', '-1', '0') h1=1 m=2 psi=a:('0', '0', '1', '0'),b:('0', '0', '-1', '0'),c:('-1', '0', '1', '0'): I(V) = 0   I(V^ss) = 0
==> t12839 chi#1=a:('1', '0', '0', '0'),b:('0', '0', '-1', '0'),c:('0', '0', '-1', '0') h1=1 m=2 psi=a:('0', '0', '1', '0'),b:('0', '0', '-1', '0'),c:('0', '0', '-1', '0'): I(V) = 0   I(V^ss) = 0
==> t12839 chi#1=a:('1', '0', '0', '0'),b:('0', '0', '-1', '0'),c:('0', '0', '-1', '0') h1=1 m=2 psi=a:('-1', '0', '1', '0'),b:('1', '0', '0', '0'),c:('1', '0', '0', '0'): I(V) = 0   I(V^ss) = 0
==> t12839 chi#1=a:('1', '0', '0', '0'),b:('0', '0', '-1', '0'),c:('0', '0', '-1', '0') h1=1 m=2 psi=a:('-1', '0', '1', '0'),b:('1', '0', '0', '0'),c:('-1', '0', '1', '0'): I(V) = 0   I(V^ss) = 0
==> t12839 chi#1=a:('1', '0', '0', '0'),b:('0', '0', '-1', '0'),c:('0', '0', '-1', '0') h1=1 m=2 psi=a:('-1', '0', '1', '0'),b:('1', '0', '0', '0'),c:('0', '0', '-1', '0'): I(V) = 0   I(V^ss) = 0
==> t12839 chi#1=a:('1', '0', '0', '0'),b:('0', '0', '-1', '0'),c:('0', '0', '-1', '0') h1=1 m=2 psi=a:('-1', '0', '1', '0'),b:('-1', '0', '1', '0'),c:('1', '0', '0', '0'): I(V) = 0   I(V^ss) = 0
==> t12839 chi#1=a:('1', '0', '0', '0'),b:('0', '0', '-1', '0'),c:('0', '0', '-1', '0') h1=1 m=2 psi=a:('-1', '0', '1', '0'),b:('-1', '0', '1', '0'),c:('-1', '0', '1', '0'): I(V) = 0   I(V^ss) = 0
==> t12839 chi#1=a:('1', '0', '0', '0'),b:('0', '0', '-1', '0'),c:('0', '0', '-1', '0') h1=1 m=2 psi=a:('-1', '0', '1', '0'),b:('-1', '0', '1', '0'),c:('0', '0', '-1', '0'): I(V) = -1   I(V^ss) = 0
==> t12839 chi#1=a:('1', '0', '0', '0'),b:('0', '0', '-1', '0'),c:('0', '0', '-1', '0') h1=1 m=2 psi=a:('-1', '0', '1', '0'),b:('0', '0', '-1', '0'),c:('1', '0', '0', '0'): I(V) = 1   I(V^ss) = 0
==> t12839 chi#1=a:('1', '0', '0', '0'),b:('0', '0', '-1', '0'),c:('0', '0', '-1', '0') h1=1 m=2 psi=a:('-1', '0', '1', '0'),b:('0', '0', '-1', '0'),c:('-1', '0', '1', '0'): I(V) = 0   I(V^ss) = 0
==> t12839 chi#1=a:('1', '0', '0', '0'),b:('0', '0', '-1', '0'),c:('0', '0', '-1', '0') h1=1 m=2 psi=a:('-1', '0', '1', '0'),b:('0', '0', '-1', '0'),c:('0', '0', '-1', '0'): I(V) = 0   I(V^ss) = 0
==> t12839 chi#1=a:('1', '0', '0', '0'),b:('0', '0', '-1', '0'),c:('0', '0', '-1', '0') h1=1 m=2 psi=a:('-1', '0', '0', '0'),b:('1', '0', '0', '0'),c:('1', '0', '0', '0'): I(V) = 0   I(V^ss) = 0
==> t12839 chi#1=a:('1', '0', '0', '0'),b:('0', '0', '-1', '0'),c:('0', '0', '-1', '0') h1=1 m=2 psi=a:('-1', '0', '0', '0'),b:('1', '0', '0', '0'),c:('-1', '0', '1', '0'): I(V) = 0   I(V^ss) = 0
==> t12839 chi#1=a:('1', '0', '0', '0'),b:('0', '0', '-1', '0'),c:('0', '0', '-1', '0') h1=1 m=2 psi=a:('-1', '0', '0', '0'),b:('1', '0', '0', '0'),c:('0', '0', '-1', '0'): I(V) = 0   I(V^ss) = 0
==> t12839 chi#1=a:('1', '0', '0', '0'),b:('0', '0', '-1', '0'),c:('0', '0', '-1', '0') h1=1 m=2 psi=a:('-1', '0', '0', '0'),b:('-1', '0', '1', '0'),c:('1', '0', '0', '0'): I(V) = 0   I(V^ss) = 0
==> t12839 chi#1=a:('1', '0', '0', '0'),b:('0', '0', '-1', '0'),c:('0', '0', '-1', '0') h1=1 m=2 psi=a:('-1', '0', '0', '0'),b:('-1', '0', '1', '0'),c:('-1', '0', '1', '0'): I(V) = 0   I(V^ss) = 0
==> t12839 chi#1=a:('1', '0', '0', '0'),b:('0', '0', '-1', '0'),c:('0', '0', '-1', '0') h1=1 m=2 psi=a:('-1', '0', '0', '0'),b:('-1', '0', '1', '0'),c:('0', '0', '-1', '0'): I(V) = 0   I(V^ss) = 0
==> t12839 chi#1=a:('1', '0', '0', '0'),b:('0', '0', '-1', '0'),c:('0', '0', '-1', '0') h1=1 m=2 psi=a:('-1', '0', '0', '0'),b:('0', '0', '-1', '0'),c:('1', '0', '0', '0'): I(V) = 0   I(V^ss) = 0
==> t12839 chi#1=a:('1', '0', '0', '0'),b:('0', '0', '-1', '0'),c:('0', '0', '-1', '0') h1=1 m=2 psi=a:('-1', '0', '0', '0'),b:('0', '0', '-1', '0'),c:('-1', '0', '1', '0'): I(V) = 0   I(V^ss) = 0
==> t12839 chi#1=a:('1', '0', '0', '0'),b:('0', '0', '-1', '0'),c:('0', '0', '-1', '0') h1=1 m=2 psi=a:('-1', '0', '0', '0'),b:('0', '0', '-1', '0'),c:('0', '0', '-1', '0'): I(V) = 0   I(V^ss) = 0
==> t12839 chi#1=a:('1', '0', '0', '0'),b:('0', '0', '-1', '0'),c:('0', '0', '-1', '0') h1=1 m=2 psi=a:('0', '0', '-1', '0'),b:('1', '0', '0', '0'),c:('1', '0', '0', '0'): I(V) = 0   I(V^ss) = 0
==> t12839 chi#1=a:('1', '0', '0', '0'),b:('0', '0', '-1', '0'),c:('0', '0', '-1', '0') h1=1 m=2 psi=a:('0', '0', '-1', '0'),b:('1', '0', '0', '0'),c:('-1', '0', '1', '0'): I(V) = 0   I(V^ss) = 0
==> t12839 chi#1=a:('1', '0', '0', '0'),b:('0', '0', '-1', '0'),c:('0', '0', '-1', '0') h1=1 m=2 psi=a:('0', '0', '-1', '0'),b:('1', '0', '0', '0'),c:('0', '0', '-1', '0'): I(V) = 0   I(V^ss) = 0
==> t12839 chi#1=a:('1', '0', '0', '0'),b:('0', '0', '-1', '0'),c:('0', '0', '-1', '0') h1=1 m=2 psi=a:('0', '0', '-1', '0'),b:('-1', '0', '1', '0'),c:('1', '0', '0', '0'): I(V) = -1   I(V^ss) = 0
==> t12839 chi#1=a:('1', '0', '0', '0'),b:('0', '0', '-1', '0'),c:('0', '0', '-1', '0') h1=1 m=2 psi=a:('0', '0', '-1', '0'),b:('-1', '0', '1', '0'),c:('-1', '0', '1', '0'): I(V) = 0   I(V^ss) = 0
==> t12839 chi#1=a:('1', '0', '0', '0'),b:('0', '0', '-1', '0'),c:('0', '0', '-1', '0') h1=1 m=2 psi=a:('0', '0', '-1', '0'),b:('-1', '0', '1', '0'),c:('0', '0', '-1', '0'): I(V) = 0   I(V^ss) = 0
==> t12839 chi#1=a:('1', '0', '0', '0'),b:('0', '0', '-1', '0'),c:('0', '0', '-1', '0') h1=1 m=2 psi=a:('0', '0', '-1', '0'),b:('0', '0', '-1', '0'),c:('1', '0', '0', '0'): I(V) = 0   I(V^ss) = 0
==> t12839 chi#1=a:('1', '0', '0', '0'),b:('0', '0', '-1', '0'),c:('0', '0', '-1', '0') h1=1 m=2 psi=a:('0', '0', '-1', '0'),b:('0', '0', '-1', '0'),c:('-1', '0', '1', '0'): I(V) = 1   I(V^ss) = 0
==> t12839 chi#1=a:('1', '0', '0', '0'),b:('0', '0', '-1', '0'),c:('0', '0', '-1', '0') h1=1 m=2 psi=a:('0', '0', '-1', '0'),b:('0', '0', '-1', '0'),c:('0', '0', '-1', '0'): I(V) = 0   I(V^ss) = 0
==> t12839 chi#1=a:('1', '0', '0', '0'),b:('0', '0', '-1', '0'),c:('0', '0', '-1', '0') h1=1 m=2 psi=a:('1', '0', '-1', '0'),b:('1', '0', '0', '0'),c:('1', '0', '0', '0'): I(V) = 0   I(V^ss) = 0
==> t12839 chi#1=a:('1', '0', '0', '0'),b:('0', '0', '-1', '0'),c:('0', '0', '-1', '0') h1=1 m=2 psi=a:('1', '0', '-1', '0'),b:('1', '0', '0', '0'),c:('-1', '0', '1', '0'): I(V) = 0   I(V^ss) = 0
==> t12839 chi#1=a:('1', '0', '0', '0'),b:('0', '0', '-1', '0'),c:('0', '0', '-1', '0') h1=1 m=2 psi=a:('1', '0', '-1', '0'),b:('1', '0', '0', '0'),c:('0', '0', '-1', '0'): I(V) = 0   I(V^ss) = 0
==> t12839 chi#1=a:('1', '0', '0', '0'),b:('0', '0', '-1', '0'),c:('0', '0', '-1', '0') h1=1 m=2 psi=a:('1', '0', '-1', '0'),b:('-1', '0', '1', '0'),c:('1', '0', '0', '0'): I(V) = 0   I(V^ss) = 0
==> t12839 chi#1=a:('1', '0', '0', '0'),b:('0', '0', '-1', '0'),c:('0', '0', '-1', '0') h1=1 m=2 psi=a:('1', '0', '-1', '0'),b:('-1', '0', '1', '0'),c:('-1', '0', '1', '0'): I(V) = 0   I(V^ss) = 0
==> t12839 chi#1=a:('1', '0', '0', '0'),b:('0', '0', '-1', '0'),c:('0', '0', '-1', '0') h1=1 m=2 psi=a:('1', '0', '-1', '0'),b:('-1', '0', '1', '0'),c:('0', '0', '-1', '0'): I(V) = 0   I(V^ss) = 0
==> t12839 chi#1=a:('1', '0', '0', '0'),b:('0', '0', '-1', '0'),c:('0', '0', '-1', '0') h1=1 m=2 psi=a:('1', '0', '-1', '0'),b:('0', '0', '-1', '0'),c:('1', '0', '0', '0'): I(V) = 0   I(V^ss) = 0
==> t12839 chi#1=a:('1', '0', '0', '0'),b:('0', '0', '-1', '0'),c:('0', '0', '-1', '0') h1=1 m=2 psi=a:('1', '0', '-1', '0'),b:('0', '0', '-1', '0'),c:('-1', '0', '1', '0'): I(V) = 0   I(V^ss) = 0
==> t12839 chi#1=a:('1', '0', '0', '0'),b:('0', '0', '-1', '0'),c:('0', '0', '-1', '0') h1=1 m=2 psi=a:('1', '0', '-1', '0'),b:('0', '0', '-1', '0'),c:('0', '0', '-1', '0'): I(V) = 0   I(V^ss) = 0
==> t12839 chi#1=a:('1', '0', '0', '0'),b:('0', '0', '-1', '0'),c:('0', '0', '-1', '0') h1=1 m=2 psi=chi^1: I(V) = 0   I(V^ss) = 0
==> t12839 chi#1=a:('1', '0', '0', '0'),b:('0', '0', '-1', '0'),c:('0', '0', '-1', '0') h1=1 m=2 psi=chi^2: I(V) = 0   I(V^ss) = 0
==> t12839 chi#1=a:('1', '0', '0', '0'),b:('0', '0', '-1', '0'),c:('0', '0', '-1', '0') h1=1 m=2 psi=chi^3: I(V) = 0   I(V^ss) = 0
==> t12839 chi#1=a:('1', '0', '0', '0'),b:('0', '0', '-1', '0'),c:('0', '0', '-1', '0') h1=1 m=3 psi=a:('1', '0', '0', '0'),b:('1', '0', '0', '0'),c:('1', '0', '0', '0'): I(V) = 0   I(V^ss) = 0
==> t12839 chi#1=a:('1', '0', '0', '0'),b:('0', '0', '-1', '0'),c:('0', '0', '-1', '0') h1=1 m=3 psi=a:('1', '0', '0', '0'),b:('1', '0', '0', '0'),c:('-1', '0', '1', '0'): I(V) = 0   I(V^ss) = 0
==> t12839 chi#1=a:('1', '0', '0', '0'),b:('0', '0', '-1', '0'),c:('0', '0', '-1', '0') h1=1 m=3 psi=a:('1', '0', '0', '0'),b:('1', '0', '0', '0'),c:('0', '0', '-1', '0'): I(V) = 0   I(V^ss) = 0
==> t12839 chi#1=a:('1', '0', '0', '0'),b:('0', '0', '-1', '0'),c:('0', '0', '-1', '0') h1=1 m=3 psi=a:('1', '0', '0', '0'),b:('-1', '0', '1', '0'),c:('1', '0', '0', '0'): I(V) = 0   I(V^ss) = 0
==> t12839 chi#1=a:('1', '0', '0', '0'),b:('0', '0', '-1', '0'),c:('0', '0', '-1', '0') h1=1 m=3 psi=a:('1', '0', '0', '0'),b:('-1', '0', '1', '0'),c:('-1', '0', '1', '0'): I(V) = 0   I(V^ss) = 0
==> t12839 chi#1=a:('1', '0', '0', '0'),b:('0', '0', '-1', '0'),c:('0', '0', '-1', '0') h1=1 m=3 psi=a:('1', '0', '0', '0'),b:('-1', '0', '1', '0'),c:('0', '0', '-1', '0'): I(V) = 0   I(V^ss) = 0
==> t12839 chi#1=a:('1', '0', '0', '0'),b:('0', '0', '-1', '0'),c:('0', '0', '-1', '0') h1=1 m=3 psi=a:('1', '0', '0', '0'),b:('0', '0', '-1', '0'),c:('1', '0', '0', '0'): I(V) = 0   I(V^ss) = 0
==> t12839 chi#1=a:('1', '0', '0', '0'),b:('0', '0', '-1', '0'),c:('0', '0', '-1', '0') h1=1 m=3 psi=a:('1', '0', '0', '0'),b:('0', '0', '-1', '0'),c:('-1', '0', '1', '0'): I(V) = 0   I(V^ss) = 0
==> t12839 chi#1=a:('1', '0', '0', '0'),b:('0', '0', '-1', '0'),c:('0', '0', '-1', '0') h1=1 m=3 psi=a:('1', '0', '0', '0'),b:('0', '0', '-1', '0'),c:('0', '0', '-1', '0'): I(V) = 0   I(V^ss) = 0
==> t12839 chi#1=a:('1', '0', '0', '0'),b:('0', '0', '-1', '0'),c:('0', '0', '-1', '0') h1=1 m=3 psi=a:('0', '0', '1', '0'),b:('1', '0', '0', '0'),c:('1', '0', '0', '0'): I(V) = 0   I(V^ss) = 0
==> t12839 chi#1=a:('1', '0', '0', '0'),b:('0', '0', '-1', '0'),c:('0', '0', '-1', '0') h1=1 m=3 psi=a:('0', '0', '1', '0'),b:('1', '0', '0', '0'),c:('-1', '0', '1', '0'): I(V) = 0   I(V^ss) = 0
==> t12839 chi#1=a:('1', '0', '0', '0'),b:('0', '0', '-1', '0'),c:('0', '0', '-1', '0') h1=1 m=3 psi=a:('0', '0', '1', '0'),b:('1', '0', '0', '0'),c:('0', '0', '-1', '0'): I(V) = 0   I(V^ss) = 0
==> t12839 chi#1=a:('1', '0', '0', '0'),b:('0', '0', '-1', '0'),c:('0', '0', '-1', '0') h1=1 m=3 psi=a:('0', '0', '1', '0'),b:('-1', '0', '1', '0'),c:('1', '0', '0', '0'): I(V) = 0   I(V^ss) = 0
==> t12839 chi#1=a:('1', '0', '0', '0'),b:('0', '0', '-1', '0'),c:('0', '0', '-1', '0') h1=1 m=3 psi=a:('0', '0', '1', '0'),b:('-1', '0', '1', '0'),c:('-1', '0', '1', '0'): I(V) = 0   I(V^ss) = 0
==> t12839 chi#1=a:('1', '0', '0', '0'),b:('0', '0', '-1', '0'),c:('0', '0', '-1', '0') h1=1 m=3 psi=a:('0', '0', '1', '0'),b:('-1', '0', '1', '0'),c:('0', '0', '-1', '0'): I(V) = 0   I(V^ss) = 0
==> t12839 chi#1=a:('1', '0', '0', '0'),b:('0', '0', '-1', '0'),c:('0', '0', '-1', '0') h1=1 m=3 psi=a:('0', '0', '1', '0'),b:('0', '0', '-1', '0'),c:('1', '0', '0', '0'): I(V) = 0   I(V^ss) = 0
==> t12839 chi#1=a:('1', '0', '0', '0'),b:('0', '0', '-1', '0'),c:('0', '0', '-1', '0') h1=1 m=3 psi=a:('0', '0', '1', '0'),b:('0', '0', '-1', '0'),c:('-1', '0', '1', '0'): I(V) = 0   I(V^ss) = 0
==> t12839 chi#1=a:('1', '0', '0', '0'),b:('0', '0', '-1', '0'),c:('0', '0', '-1', '0') h1=1 m=3 psi=a:('0', '0', '1', '0'),b:('0', '0', '-1', '0'),c:('0', '0', '-1', '0'): I(V) = 0   I(V^ss) = 0
==> t12839 chi#1=a:('1', '0', '0', '0'),b:('0', '0', '-1', '0'),c:('0', '0', '-1', '0') h1=1 m=3 psi=a:('-1', '0', '1', '0'),b:('1', '0', '0', '0'),c:('1', '0', '0', '0'): I(V) = 0   I(V^ss) = 0
==> t12839 chi#1=a:('1', '0', '0', '0'),b:('0', '0', '-1', '0'),c:('0', '0', '-1', '0') h1=1 m=3 psi=a:('-1', '0', '1', '0'),b:('1', '0', '0', '0'),c:('-1', '0', '1', '0'): I(V) = 0   I(V^ss) = 0
==> t12839 chi#1=a:('1', '0', '0', '0'),b:('0', '0', '-1', '0'),c:('0', '0', '-1', '0') h1=1 m=3 psi=a:('-1', '0', '1', '0'),b:('1', '0', '0', '0'),c:('0', '0', '-1', '0'): I(V) = 0   I(V^ss) = 0
==> t12839 chi#1=a:('1', '0', '0', '0'),b:('0', '0', '-1', '0'),c:('0', '0', '-1', '0') h1=1 m=3 psi=a:('-1', '0', '1', '0'),b:('-1', '0', '1', '0'),c:('1', '0', '0', '0'): I(V) = 0   I(V^ss) = 0
==> t12839 chi#1=a:('1', '0', '0', '0'),b:('0', '0', '-1', '0'),c:('0', '0', '-1', '0') h1=1 m=3 psi=a:('-1', '0', '1', '0'),b:('-1', '0', '1', '0'),c:('-1', '0', '1', '0'): I(V) = 0   I(V^ss) = 0
==> t12839 chi#1=a:('1', '0', '0', '0'),b:('0', '0', '-1', '0'),c:('0', '0', '-1', '0') h1=1 m=3 psi=a:('-1', '0', '1', '0'),b:('-1', '0', '1', '0'),c:('0', '0', '-1', '0'): I(V) = 0   I(V^ss) = 0
==> t12839 chi#1=a:('1', '0', '0', '0'),b:('0', '0', '-1', '0'),c:('0', '0', '-1', '0') h1=1 m=3 psi=a:('-1', '0', '1', '0'),b:('0', '0', '-1', '0'),c:('1', '0', '0', '0'): I(V) = 0   I(V^ss) = 0
==> t12839 chi#1=a:('1', '0', '0', '0'),b:('0', '0', '-1', '0'),c:('0', '0', '-1', '0') h1=1 m=3 psi=a:('-1', '0', '1', '0'),b:('0', '0', '-1', '0'),c:('-1', '0', '1', '0'): I(V) = 0   I(V^ss) = 0
==> t12839 chi#1=a:('1', '0', '0', '0'),b:('0', '0', '-1', '0'),c:('0', '0', '-1', '0') h1=1 m=3 psi=a:('-1', '0', '1', '0'),b:('0', '0', '-1', '0'),c:('0', '0', '-1', '0'): I(V) = 0   I(V^ss) = 0
==> t12839 chi#1=a:('1', '0', '0', '0'),b:('0', '0', '-1', '0'),c:('0', '0', '-1', '0') h1=1 m=3 psi=a:('-1', '0', '0', '0'),b:('1', '0', '0', '0'),c:('1', '0', '0', '0'): I(V) = 0   I(V^ss) = 0
==> t12839 chi#1=a:('1', '0', '0', '0'),b:('0', '0', '-1', '0'),c:('0', '0', '-1', '0') h1=1 m=3 psi=a:('-1', '0', '0', '0'),b:('1', '0', '0', '0'),c:('-1', '0', '1', '0'): I(V) = 0   I(V^ss) = 0
==> t12839 chi#1=a:('1', '0', '0', '0'),b:('0', '0', '-1', '0'),c:('0', '0', '-1', '0') h1=1 m=3 psi=a:('-1', '0', '0', '0'),b:('1', '0', '0', '0'),c:('0', '0', '-1', '0'): I(V) = 0   I(V^ss) = 0
==> t12839 chi#1=a:('1', '0', '0', '0'),b:('0', '0', '-1', '0'),c:('0', '0', '-1', '0') h1=1 m=3 psi=a:('-1', '0', '0', '0'),b:('-1', '0', '1', '0'),c:('1', '0', '0', '0'): I(V) = 0   I(V^ss) = 0
==> t12839 chi#1=a:('1', '0', '0', '0'),b:('0', '0', '-1', '0'),c:('0', '0', '-1', '0') h1=1 m=3 psi=a:('-1', '0', '0', '0'),b:('-1', '0', '1', '0'),c:('-1', '0', '1', '0'): I(V) = 0   I(V^ss) = 0
==> t12839 chi#1=a:('1', '0', '0', '0'),b:('0', '0', '-1', '0'),c:('0', '0', '-1', '0') h1=1 m=3 psi=a:('-1', '0', '0', '0'),b:('-1', '0', '1', '0'),c:('0', '0', '-1', '0'): I(V) = 0   I(V^ss) = 0
==> t12839 chi#1=a:('1', '0', '0', '0'),b:('0', '0', '-1', '0'),c:('0', '0', '-1', '0') h1=1 m=3 psi=a:('-1', '0', '0', '0'),b:('0', '0', '-1', '0'),c:('1', '0', '0', '0'): I(V) = 0   I(V^ss) = 0
==> t12839 chi#1=a:('1', '0', '0', '0'),b:('0', '0', '-1', '0'),c:('0', '0', '-1', '0') h1=1 m=3 psi=a:('-1', '0', '0', '0'),b:('0', '0', '-1', '0'),c:('-1', '0', '1', '0'): I(V) = 0   I(V^ss) = 0
==> t12839 chi#1=a:('1', '0', '0', '0'),b:('0', '0', '-1', '0'),c:('0', '0', '-1', '0') h1=1 m=3 psi=a:('-1', '0', '0', '0'),b:('0', '0', '-1', '0'),c:('0', '0', '-1', '0'): I(V) = 0   I(V^ss) = 0
==> t12839 chi#1=a:('1', '0', '0', '0'),b:('0', '0', '-1', '0'),c:('0', '0', '-1', '0') h1=1 m=3 psi=a:('0', '0', '-1', '0'),b:('1', '0', '0', '0'),c:('1', '0', '0', '0'): I(V) = 0   I(V^ss) = 0
==> t12839 chi#1=a:('1', '0', '0', '0'),b:('0', '0', '-1', '0'),c:('0', '0', '-1', '0') h1=1 m=3 psi=a:('0', '0', '-1', '0'),b:('1', '0', '0', '0'),c:('-1', '0', '1', '0'): I(V) = 0   I(V^ss) = 0
==> t12839 chi#1=a:('1', '0', '0', '0'),b:('0', '0', '-1', '0'),c:('0', '0', '-1', '0') h1=1 m=3 psi=a:('0', '0', '-1', '0'),b:('1', '0', '0', '0'),c:('0', '0', '-1', '0'): I(V) = 0   I(V^ss) = 0
==> t12839 chi#1=a:('1', '0', '0', '0'),b:('0', '0', '-1', '0'),c:('0', '0', '-1', '0') h1=1 m=3 psi=a:('0', '0', '-1', '0'),b:('-1', '0', '1', '0'),c:('1', '0', '0', '0'): I(V) = 0   I(V^ss) = 0
==> t12839 chi#1=a:('1', '0', '0', '0'),b:('0', '0', '-1', '0'),c:('0', '0', '-1', '0') h1=1 m=3 psi=a:('0', '0', '-1', '0'),b:('-1', '0', '1', '0'),c:('-1', '0', '1', '0'): I(V) = 0   I(V^ss) = 0
==> t12839 chi#1=a:('1', '0', '0', '0'),b:('0', '0', '-1', '0'),c:('0', '0', '-1', '0') h1=1 m=3 psi=a:('0', '0', '-1', '0'),b:('-1', '0', '1', '0'),c:('0', '0', '-1', '0'): I(V) = 0   I(V^ss) = 0
==> t12839 chi#1=a:('1', '0', '0', '0'),b:('0', '0', '-1', '0'),c:('0', '0', '-1', '0') h1=1 m=3 psi=a:('0', '0', '-1', '0'),b:('0', '0', '-1', '0'),c:('1', '0', '0', '0'): I(V) = 0   I(V^ss) = 0
==> t12839 chi#1=a:('1', '0', '0', '0'),b:('0', '0', '-1', '0'),c:('0', '0', '-1', '0') h1=1 m=3 psi=a:('0', '0', '-1', '0'),b:('0', '0', '-1', '0'),c:('-1', '0', '1', '0'): I(V) = 0   I(V^ss) = 0
==> t12839 chi#1=a:('1', '0', '0', '0'),b:('0', '0', '-1', '0'),c:('0', '0', '-1', '0') h1=1 m=3 psi=a:('0', '0', '-1', '0'),b:('0', '0', '-1', '0'),c:('0', '0', '-1', '0'): I(V) = 0   I(V^ss) = 0
==> t12839 chi#1=a:('1', '0', '0', '0'),b:('0', '0', '-1', '0'),c:('0', '0', '-1', '0') h1=1 m=3 psi=a:('1', '0', '-1', '0'),b:('1', '0', '0', '0'),c:('1', '0', '0', '0'): I(V) = 0   I(V^ss) = 0
==> t12839 chi#1=a:('1', '0', '0', '0'),b:('0', '0', '-1', '0'),c:('0', '0', '-1', '0') h1=1 m=3 psi=a:('1', '0', '-1', '0'),b:('1', '0', '0', '0'),c:('-1', '0', '1', '0'): I(V) = 0   I(V^ss) = 0
==> t12839 chi#1=a:('1', '0', '0', '0'),b:('0', '0', '-1', '0'),c:('0', '0', '-1', '0') h1=1 m=3 psi=a:('1', '0', '-1', '0'),b:('1', '0', '0', '0'),c:('0', '0', '-1', '0'): I(V) = 0   I(V^ss) = 0
==> t12839 chi#1=a:('1', '0', '0', '0'),b:('0', '0', '-1', '0'),c:('0', '0', '-1', '0') h1=1 m=3 psi=a:('1', '0', '-1', '0'),b:('-1', '0', '1', '0'),c:('1', '0', '0', '0'): I(V) = 0   I(V^ss) = 0
==> t12839 chi#1=a:('1', '0', '0', '0'),b:('0', '0', '-1', '0'),c:('0', '0', '-1', '0') h1=1 m=3 psi=a:('1', '0', '-1', '0'),b:('-1', '0', '1', '0'),c:('-1', '0', '1', '0'): I(V) = 0   I(V^ss) = 0
==> t12839 chi#1=a:('1', '0', '0', '0'),b:('0', '0', '-1', '0'),c:('0', '0', '-1', '0') h1=1 m=3 psi=a:('1', '0', '-1', '0'),b:('-1', '0', '1', '0'),c:('0', '0', '-1', '0'): I(V) = 0   I(V^ss) = 0
==> t12839 chi#1=a:('1', '0', '0', '0'),b:('0', '0', '-1', '0'),c:('0', '0', '-1', '0') h1=1 m=3 psi=a:('1', '0', '-1', '0'),b:('0', '0', '-1', '0'),c:('1', '0', '0', '0'): I(V) = 0   I(V^ss) = 0
==> t12839 chi#1=a:('1', '0', '0', '0'),b:('0', '0', '-1', '0'),c:('0', '0', '-1', '0') h1=1 m=3 psi=a:('1', '0', '-1', '0'),b:('0', '0', '-1', '0'),c:('-1', '0', '1', '0'): I(V) = 0   I(V^ss) = 0
==> t12839 chi#1=a:('1', '0', '0', '0'),b:('0', '0', '-1', '0'),c:('0', '0', '-1', '0') h1=1 m=3 psi=a:('1', '0', '-1', '0'),b:('0', '0', '-1', '0'),c:('0', '0', '-1', '0'): I(V) = 0   I(V^ss) = 0
==> t12839 chi#1=a:('1', '0', '0', '0'),b:('0', '0', '-1', '0'),c:('0', '0', '-1', '0') h1=1 m=3 psi=chi^1: I(V) = 0   I(V^ss) = 0
==> t12839 chi#1=a:('1', '0', '0', '0'),b:('0', '0', '-1', '0'),c:('0', '0', '-1', '0') h1=1 m=3 psi=chi^2: I(V) = 0   I(V^ss) = 0
==> t12839 chi#1=a:('1', '0', '0', '0'),b:('0', '0', '-1', '0'),c:('0', '0', '-1', '0') h1=1 m=3 psi=chi^3: I(V) = 0   I(V^ss) = 0
  locus chi#2=a:('0', '0', '1', '0'),b:('1', '0', '0', '0'),c:('0', '0', '-1', '0') h1=1
==> t12839 chi#2=a:('0', '0', '1', '0'),b:('1', '0', '0', '0'),c:('0', '0', '-1', '0') h1=1 m=1 psi=a:('1', '0', '0', '0'),b:('1', '0', '0', '0'),c:('1', '0', '0', '0'): I(V) = 0   I(V^ss) = 0
==> t12839 chi#2=a:('0', '0', '1', '0'),b:('1', '0', '0', '0'),c:('0', '0', '-1', '0') h1=1 m=1 psi=a:('1', '0', '0', '0'),b:('1', '0', '0', '0'),c:('-1', '0', '1', '0'): I(V) = 0   I(V^ss) = 0
==> t12839 chi#2=a:('0', '0', '1', '0'),b:('1', '0', '0', '0'),c:('0', '0', '-1', '0') h1=1 m=1 psi=a:('1', '0', '0', '0'),b:('1', '0', '0', '0'),c:('0', '0', '-1', '0'): I(V) = 0   I(V^ss) = 0
==> t12839 chi#2=a:('0', '0', '1', '0'),b:('1', '0', '0', '0'),c:('0', '0', '-1', '0') h1=1 m=1 psi=a:('1', '0', '0', '0'),b:('-1', '0', '1', '0'),c:('1', '0', '0', '0'): I(V) = 0   I(V^ss) = 0
==> t12839 chi#2=a:('0', '0', '1', '0'),b:('1', '0', '0', '0'),c:('0', '0', '-1', '0') h1=1 m=1 psi=a:('1', '0', '0', '0'),b:('-1', '0', '1', '0'),c:('-1', '0', '1', '0'): I(V) = 0   I(V^ss) = 0
==> t12839 chi#2=a:('0', '0', '1', '0'),b:('1', '0', '0', '0'),c:('0', '0', '-1', '0') h1=1 m=1 psi=a:('1', '0', '0', '0'),b:('-1', '0', '1', '0'),c:('0', '0', '-1', '0'): I(V) = 0   I(V^ss) = 0
==> t12839 chi#2=a:('0', '0', '1', '0'),b:('1', '0', '0', '0'),c:('0', '0', '-1', '0') h1=1 m=1 psi=a:('1', '0', '0', '0'),b:('0', '0', '-1', '0'),c:('1', '0', '0', '0'): I(V) = 0   I(V^ss) = 0
==> t12839 chi#2=a:('0', '0', '1', '0'),b:('1', '0', '0', '0'),c:('0', '0', '-1', '0') h1=1 m=1 psi=a:('1', '0', '0', '0'),b:('0', '0', '-1', '0'),c:('-1', '0', '1', '0'): I(V) = 0   I(V^ss) = 0
==> t12839 chi#2=a:('0', '0', '1', '0'),b:('1', '0', '0', '0'),c:('0', '0', '-1', '0') h1=1 m=1 psi=a:('1', '0', '0', '0'),b:('0', '0', '-1', '0'),c:('0', '0', '-1', '0'): I(V) = 0   I(V^ss) = 0
==> t12839 chi#2=a:('0', '0', '1', '0'),b:('1', '0', '0', '0'),c:('0', '0', '-1', '0') h1=1 m=1 psi=a:('0', '0', '1', '0'),b:('1', '0', '0', '0'),c:('1', '0', '0', '0'): I(V) = 0   I(V^ss) = 0
==> t12839 chi#2=a:('0', '0', '1', '0'),b:('1', '0', '0', '0'),c:('0', '0', '-1', '0') h1=1 m=1 psi=a:('0', '0', '1', '0'),b:('1', '0', '0', '0'),c:('-1', '0', '1', '0'): I(V) = 0   I(V^ss) = 0
==> t12839 chi#2=a:('0', '0', '1', '0'),b:('1', '0', '0', '0'),c:('0', '0', '-1', '0') h1=1 m=1 psi=a:('0', '0', '1', '0'),b:('1', '0', '0', '0'),c:('0', '0', '-1', '0'): I(V) = 0   I(V^ss) = 0
==> t12839 chi#2=a:('0', '0', '1', '0'),b:('1', '0', '0', '0'),c:('0', '0', '-1', '0') h1=1 m=1 psi=a:('0', '0', '1', '0'),b:('-1', '0', '1', '0'),c:('1', '0', '0', '0'): I(V) = -1   I(V^ss) = 0
==> t12839 chi#2=a:('0', '0', '1', '0'),b:('1', '0', '0', '0'),c:('0', '0', '-1', '0') h1=1 m=1 psi=a:('0', '0', '1', '0'),b:('-1', '0', '1', '0'),c:('-1', '0', '1', '0'): I(V) = 0   I(V^ss) = 0
==> t12839 chi#2=a:('0', '0', '1', '0'),b:('1', '0', '0', '0'),c:('0', '0', '-1', '0') h1=1 m=1 psi=a:('0', '0', '1', '0'),b:('-1', '0', '1', '0'),c:('0', '0', '-1', '0'): I(V) = 0   I(V^ss) = 0
==> t12839 chi#2=a:('0', '0', '1', '0'),b:('1', '0', '0', '0'),c:('0', '0', '-1', '0') h1=1 m=1 psi=a:('0', '0', '1', '0'),b:('0', '0', '-1', '0'),c:('1', '0', '0', '0'): I(V) = 0   I(V^ss) = 0
==> t12839 chi#2=a:('0', '0', '1', '0'),b:('1', '0', '0', '0'),c:('0', '0', '-1', '0') h1=1 m=1 psi=a:('0', '0', '1', '0'),b:('0', '0', '-1', '0'),c:('-1', '0', '1', '0'): I(V) = -1   I(V^ss) = 0
==> t12839 chi#2=a:('0', '0', '1', '0'),b:('1', '0', '0', '0'),c:('0', '0', '-1', '0') h1=1 m=1 psi=a:('0', '0', '1', '0'),b:('0', '0', '-1', '0'),c:('0', '0', '-1', '0'): I(V) = 0   I(V^ss) = 0
==> t12839 chi#2=a:('0', '0', '1', '0'),b:('1', '0', '0', '0'),c:('0', '0', '-1', '0') h1=1 m=1 psi=a:('-1', '0', '1', '0'),b:('1', '0', '0', '0'),c:('1', '0', '0', '0'): I(V) = 0   I(V^ss) = 0
==> t12839 chi#2=a:('0', '0', '1', '0'),b:('1', '0', '0', '0'),c:('0', '0', '-1', '0') h1=1 m=1 psi=a:('-1', '0', '1', '0'),b:('1', '0', '0', '0'),c:('-1', '0', '1', '0'): I(V) = 0   I(V^ss) = 0
==> t12839 chi#2=a:('0', '0', '1', '0'),b:('1', '0', '0', '0'),c:('0', '0', '-1', '0') h1=1 m=1 psi=a:('-1', '0', '1', '0'),b:('1', '0', '0', '0'),c:('0', '0', '-1', '0'): I(V) = 0   I(V^ss) = 0
==> t12839 chi#2=a:('0', '0', '1', '0'),b:('1', '0', '0', '0'),c:('0', '0', '-1', '0') h1=1 m=1 psi=a:('-1', '0', '1', '0'),b:('-1', '0', '1', '0'),c:('1', '0', '0', '0'): I(V) = 0   I(V^ss) = 0
==> t12839 chi#2=a:('0', '0', '1', '0'),b:('1', '0', '0', '0'),c:('0', '0', '-1', '0') h1=1 m=1 psi=a:('-1', '0', '1', '0'),b:('-1', '0', '1', '0'),c:('-1', '0', '1', '0'): I(V) = 0   I(V^ss) = 0
==> t12839 chi#2=a:('0', '0', '1', '0'),b:('1', '0', '0', '0'),c:('0', '0', '-1', '0') h1=1 m=1 psi=a:('-1', '0', '1', '0'),b:('-1', '0', '1', '0'),c:('0', '0', '-1', '0'): I(V) = 0   I(V^ss) = 0
==> t12839 chi#2=a:('0', '0', '1', '0'),b:('1', '0', '0', '0'),c:('0', '0', '-1', '0') h1=1 m=1 psi=a:('-1', '0', '1', '0'),b:('0', '0', '-1', '0'),c:('1', '0', '0', '0'): I(V) = 0   I(V^ss) = 0
==> t12839 chi#2=a:('0', '0', '1', '0'),b:('1', '0', '0', '0'),c:('0', '0', '-1', '0') h1=1 m=1 psi=a:('-1', '0', '1', '0'),b:('0', '0', '-1', '0'),c:('-1', '0', '1', '0'): I(V) = 0   I(V^ss) = 0
==> t12839 chi#2=a:('0', '0', '1', '0'),b:('1', '0', '0', '0'),c:('0', '0', '-1', '0') h1=1 m=1 psi=a:('-1', '0', '1', '0'),b:('0', '0', '-1', '0'),c:('0', '0', '-1', '0'): I(V) = 0   I(V^ss) = 0
==> t12839 chi#2=a:('0', '0', '1', '0'),b:('1', '0', '0', '0'),c:('0', '0', '-1', '0') h1=1 m=1 psi=a:('-1', '0', '0', '0'),b:('1', '0', '0', '0'),c:('1', '0', '0', '0'): I(V) = 0   I(V^ss) = 0
==> t12839 chi#2=a:('0', '0', '1', '0'),b:('1', '0', '0', '0'),c:('0', '0', '-1', '0') h1=1 m=1 psi=a:('-1', '0', '0', '0'),b:('1', '0', '0', '0'),c:('-1', '0', '1', '0'): I(V) = 0   I(V^ss) = 0
==> t12839 chi#2=a:('0', '0', '1', '0'),b:('1', '0', '0', '0'),c:('0', '0', '-1', '0') h1=1 m=1 psi=a:('-1', '0', '0', '0'),b:('1', '0', '0', '0'),c:('0', '0', '-1', '0'): I(V) = 0   I(V^ss) = 0
==> t12839 chi#2=a:('0', '0', '1', '0'),b:('1', '0', '0', '0'),c:('0', '0', '-1', '0') h1=1 m=1 psi=a:('-1', '0', '0', '0'),b:('-1', '0', '1', '0'),c:('1', '0', '0', '0'): I(V) = 0   I(V^ss) = 0
==> t12839 chi#2=a:('0', '0', '1', '0'),b:('1', '0', '0', '0'),c:('0', '0', '-1', '0') h1=1 m=1 psi=a:('-1', '0', '0', '0'),b:('-1', '0', '1', '0'),c:('-1', '0', '1', '0'): I(V) = 0   I(V^ss) = 0
==> t12839 chi#2=a:('0', '0', '1', '0'),b:('1', '0', '0', '0'),c:('0', '0', '-1', '0') h1=1 m=1 psi=a:('-1', '0', '0', '0'),b:('-1', '0', '1', '0'),c:('0', '0', '-1', '0'): I(V) = 0   I(V^ss) = 0
==> t12839 chi#2=a:('0', '0', '1', '0'),b:('1', '0', '0', '0'),c:('0', '0', '-1', '0') h1=1 m=1 psi=a:('-1', '0', '0', '0'),b:('0', '0', '-1', '0'),c:('1', '0', '0', '0'): I(V) = 0   I(V^ss) = 0
==> t12839 chi#2=a:('0', '0', '1', '0'),b:('1', '0', '0', '0'),c:('0', '0', '-1', '0') h1=1 m=1 psi=a:('-1', '0', '0', '0'),b:('0', '0', '-1', '0'),c:('-1', '0', '1', '0'): I(V) = 0   I(V^ss) = 0
==> t12839 chi#2=a:('0', '0', '1', '0'),b:('1', '0', '0', '0'),c:('0', '0', '-1', '0') h1=1 m=1 psi=a:('-1', '0', '0', '0'),b:('0', '0', '-1', '0'),c:('0', '0', '-1', '0'): I(V) = 0   I(V^ss) = 0
==> t12839 chi#2=a:('0', '0', '1', '0'),b:('1', '0', '0', '0'),c:('0', '0', '-1', '0') h1=1 m=1 psi=a:('0', '0', '-1', '0'),b:('1', '0', '0', '0'),c:('1', '0', '0', '0'): I(V) = 0   I(V^ss) = 0
==> t12839 chi#2=a:('0', '0', '1', '0'),b:('1', '0', '0', '0'),c:('0', '0', '-1', '0') h1=1 m=1 psi=a:('0', '0', '-1', '0'),b:('1', '0', '0', '0'),c:('-1', '0', '1', '0'): I(V) = 0   I(V^ss) = 0
==> t12839 chi#2=a:('0', '0', '1', '0'),b:('1', '0', '0', '0'),c:('0', '0', '-1', '0') h1=1 m=1 psi=a:('0', '0', '-1', '0'),b:('1', '0', '0', '0'),c:('0', '0', '-1', '0'): I(V) = 0   I(V^ss) = 0
==> t12839 chi#2=a:('0', '0', '1', '0'),b:('1', '0', '0', '0'),c:('0', '0', '-1', '0') h1=1 m=1 psi=a:('0', '0', '-1', '0'),b:('-1', '0', '1', '0'),c:('1', '0', '0', '0'): I(V) = 0   I(V^ss) = 0
==> t12839 chi#2=a:('0', '0', '1', '0'),b:('1', '0', '0', '0'),c:('0', '0', '-1', '0') h1=1 m=1 psi=a:('0', '0', '-1', '0'),b:('-1', '0', '1', '0'),c:('-1', '0', '1', '0'): I(V) = 0   I(V^ss) = 0
==> t12839 chi#2=a:('0', '0', '1', '0'),b:('1', '0', '0', '0'),c:('0', '0', '-1', '0') h1=1 m=1 psi=a:('0', '0', '-1', '0'),b:('-1', '0', '1', '0'),c:('0', '0', '-1', '0'): I(V) = 0   I(V^ss) = 0
==> t12839 chi#2=a:('0', '0', '1', '0'),b:('1', '0', '0', '0'),c:('0', '0', '-1', '0') h1=1 m=1 psi=a:('0', '0', '-1', '0'),b:('0', '0', '-1', '0'),c:('1', '0', '0', '0'): I(V) = 0   I(V^ss) = 0
==> t12839 chi#2=a:('0', '0', '1', '0'),b:('1', '0', '0', '0'),c:('0', '0', '-1', '0') h1=1 m=1 psi=a:('0', '0', '-1', '0'),b:('0', '0', '-1', '0'),c:('-1', '0', '1', '0'): I(V) = 0   I(V^ss) = 0
==> t12839 chi#2=a:('0', '0', '1', '0'),b:('1', '0', '0', '0'),c:('0', '0', '-1', '0') h1=1 m=1 psi=a:('0', '0', '-1', '0'),b:('0', '0', '-1', '0'),c:('0', '0', '-1', '0'): I(V) = 0   I(V^ss) = 0
==> t12839 chi#2=a:('0', '0', '1', '0'),b:('1', '0', '0', '0'),c:('0', '0', '-1', '0') h1=1 m=1 psi=a:('1', '0', '-1', '0'),b:('1', '0', '0', '0'),c:('1', '0', '0', '0'): I(V) = 0   I(V^ss) = 0
==> t12839 chi#2=a:('0', '0', '1', '0'),b:('1', '0', '0', '0'),c:('0', '0', '-1', '0') h1=1 m=1 psi=a:('1', '0', '-1', '0'),b:('1', '0', '0', '0'),c:('-1', '0', '1', '0'): I(V) = 0   I(V^ss) = 0
==> t12839 chi#2=a:('0', '0', '1', '0'),b:('1', '0', '0', '0'),c:('0', '0', '-1', '0') h1=1 m=1 psi=a:('1', '0', '-1', '0'),b:('1', '0', '0', '0'),c:('0', '0', '-1', '0'): I(V) = 0   I(V^ss) = 0
==> t12839 chi#2=a:('0', '0', '1', '0'),b:('1', '0', '0', '0'),c:('0', '0', '-1', '0') h1=1 m=1 psi=a:('1', '0', '-1', '0'),b:('-1', '0', '1', '0'),c:('1', '0', '0', '0'): I(V) = 0   I(V^ss) = 0
==> t12839 chi#2=a:('0', '0', '1', '0'),b:('1', '0', '0', '0'),c:('0', '0', '-1', '0') h1=1 m=1 psi=a:('1', '0', '-1', '0'),b:('-1', '0', '1', '0'),c:('-1', '0', '1', '0'): I(V) = 0   I(V^ss) = 0
==> t12839 chi#2=a:('0', '0', '1', '0'),b:('1', '0', '0', '0'),c:('0', '0', '-1', '0') h1=1 m=1 psi=a:('1', '0', '-1', '0'),b:('-1', '0', '1', '0'),c:('0', '0', '-1', '0'): I(V) = 1   I(V^ss) = 0
==> t12839 chi#2=a:('0', '0', '1', '0'),b:('1', '0', '0', '0'),c:('0', '0', '-1', '0') h1=1 m=1 psi=a:('1', '0', '-1', '0'),b:('0', '0', '-1', '0'),c:('1', '0', '0', '0'): I(V) = 1   I(V^ss) = 0
==> t12839 chi#2=a:('0', '0', '1', '0'),b:('1', '0', '0', '0'),c:('0', '0', '-1', '0') h1=1 m=1 psi=a:('1', '0', '-1', '0'),b:('0', '0', '-1', '0'),c:('-1', '0', '1', '0'): I(V) = 0   I(V^ss) = 0
==> t12839 chi#2=a:('0', '0', '1', '0'),b:('1', '0', '0', '0'),c:('0', '0', '-1', '0') h1=1 m=1 psi=a:('1', '0', '-1', '0'),b:('0', '0', '-1', '0'),c:('0', '0', '-1', '0'): I(V) = 0   I(V^ss) = 0
==> t12839 chi#2=a:('0', '0', '1', '0'),b:('1', '0', '0', '0'),c:('0', '0', '-1', '0') h1=1 m=1 psi=chi^1: I(V) = 0   I(V^ss) = 0
==> t12839 chi#2=a:('0', '0', '1', '0'),b:('1', '0', '0', '0'),c:('0', '0', '-1', '0') h1=1 m=1 psi=chi^2: I(V) = 0   I(V^ss) = 0
==> t12839 chi#2=a:('0', '0', '1', '0'),b:('1', '0', '0', '0'),c:('0', '0', '-1', '0') h1=1 m=1 psi=chi^3: I(V) = 0   I(V^ss) = 0
==> t12839 chi#2=a:('0', '0', '1', '0'),b:('1', '0', '0', '0'),c:('0', '0', '-1', '0') h1=1 m=2 psi=a:('1', '0', '0', '0'),b:('1', '0', '0', '0'),c:('1', '0', '0', '0'): I(V) = 0   I(V^ss) = 0
==> t12839 chi#2=a:('0', '0', '1', '0'),b:('1', '0', '0', '0'),c:('0', '0', '-1', '0') h1=1 m=2 psi=a:('1', '0', '0', '0'),b:('1', '0', '0', '0'),c:('-1', '0', '1', '0'): I(V) = 0   I(V^ss) = 0
==> t12839 chi#2=a:('0', '0', '1', '0'),b:('1', '0', '0', '0'),c:('0', '0', '-1', '0') h1=1 m=2 psi=a:('1', '0', '0', '0'),b:('1', '0', '0', '0'),c:('0', '0', '-1', '0'): I(V) = 0   I(V^ss) = 0
==> t12839 chi#2=a:('0', '0', '1', '0'),b:('1', '0', '0', '0'),c:('0', '0', '-1', '0') h1=1 m=2 psi=a:('1', '0', '0', '0'),b:('-1', '0', '1', '0'),c:('1', '0', '0', '0'): I(V) = 0   I(V^ss) = 0
==> t12839 chi#2=a:('0', '0', '1', '0'),b:('1', '0', '0', '0'),c:('0', '0', '-1', '0') h1=1 m=2 psi=a:('1', '0', '0', '0'),b:('-1', '0', '1', '0'),c:('-1', '0', '1', '0'): I(V) = 0   I(V^ss) = 0
==> t12839 chi#2=a:('0', '0', '1', '0'),b:('1', '0', '0', '0'),c:('0', '0', '-1', '0') h1=1 m=2 psi=a:('1', '0', '0', '0'),b:('-1', '0', '1', '0'),c:('0', '0', '-1', '0'): I(V) = 0   I(V^ss) = 0
==> t12839 chi#2=a:('0', '0', '1', '0'),b:('1', '0', '0', '0'),c:('0', '0', '-1', '0') h1=1 m=2 psi=a:('1', '0', '0', '0'),b:('0', '0', '-1', '0'),c:('1', '0', '0', '0'): I(V) = 0   I(V^ss) = 0
==> t12839 chi#2=a:('0', '0', '1', '0'),b:('1', '0', '0', '0'),c:('0', '0', '-1', '0') h1=1 m=2 psi=a:('1', '0', '0', '0'),b:('0', '0', '-1', '0'),c:('-1', '0', '1', '0'): I(V) = 0   I(V^ss) = 0
==> t12839 chi#2=a:('0', '0', '1', '0'),b:('1', '0', '0', '0'),c:('0', '0', '-1', '0') h1=1 m=2 psi=a:('1', '0', '0', '0'),b:('0', '0', '-1', '0'),c:('0', '0', '-1', '0'): I(V) = 0   I(V^ss) = 0
==> t12839 chi#2=a:('0', '0', '1', '0'),b:('1', '0', '0', '0'),c:('0', '0', '-1', '0') h1=1 m=2 psi=a:('0', '0', '1', '0'),b:('1', '0', '0', '0'),c:('1', '0', '0', '0'): I(V) = 0   I(V^ss) = 0
==> t12839 chi#2=a:('0', '0', '1', '0'),b:('1', '0', '0', '0'),c:('0', '0', '-1', '0') h1=1 m=2 psi=a:('0', '0', '1', '0'),b:('1', '0', '0', '0'),c:('-1', '0', '1', '0'): I(V) = 0   I(V^ss) = 0
==> t12839 chi#2=a:('0', '0', '1', '0'),b:('1', '0', '0', '0'),c:('0', '0', '-1', '0') h1=1 m=2 psi=a:('0', '0', '1', '0'),b:('1', '0', '0', '0'),c:('0', '0', '-1', '0'): I(V) = 0   I(V^ss) = 0
==> t12839 chi#2=a:('0', '0', '1', '0'),b:('1', '0', '0', '0'),c:('0', '0', '-1', '0') h1=1 m=2 psi=a:('0', '0', '1', '0'),b:('-1', '0', '1', '0'),c:('1', '0', '0', '0'): I(V) = 0   I(V^ss) = 0
==> t12839 chi#2=a:('0', '0', '1', '0'),b:('1', '0', '0', '0'),c:('0', '0', '-1', '0') h1=1 m=2 psi=a:('0', '0', '1', '0'),b:('-1', '0', '1', '0'),c:('-1', '0', '1', '0'): I(V) = 0   I(V^ss) = 0
==> t12839 chi#2=a:('0', '0', '1', '0'),b:('1', '0', '0', '0'),c:('0', '0', '-1', '0') h1=1 m=2 psi=a:('0', '0', '1', '0'),b:('-1', '0', '1', '0'),c:('0', '0', '-1', '0'): I(V) = 0   I(V^ss) = 0
==> t12839 chi#2=a:('0', '0', '1', '0'),b:('1', '0', '0', '0'),c:('0', '0', '-1', '0') h1=1 m=2 psi=a:('0', '0', '1', '0'),b:('0', '0', '-1', '0'),c:('1', '0', '0', '0'): I(V) = 0   I(V^ss) = 0
==> t12839 chi#2=a:('0', '0', '1', '0'),b:('1', '0', '0', '0'),c:('0', '0', '-1', '0') h1=1 m=2 psi=a:('0', '0', '1', '0'),b:('0', '0', '-1', '0'),c:('-1', '0', '1', '0'): I(V) = 0   I(V^ss) = 0
==> t12839 chi#2=a:('0', '0', '1', '0'),b:('1', '0', '0', '0'),c:('0', '0', '-1', '0') h1=1 m=2 psi=a:('0', '0', '1', '0'),b:('0', '0', '-1', '0'),c:('0', '0', '-1', '0'): I(V) = 0   I(V^ss) = 0
==> t12839 chi#2=a:('0', '0', '1', '0'),b:('1', '0', '0', '0'),c:('0', '0', '-1', '0') h1=1 m=2 psi=a:('-1', '0', '1', '0'),b:('1', '0', '0', '0'),c:('1', '0', '0', '0'): I(V) = 0   I(V^ss) = 0
==> t12839 chi#2=a:('0', '0', '1', '0'),b:('1', '0', '0', '0'),c:('0', '0', '-1', '0') h1=1 m=2 psi=a:('-1', '0', '1', '0'),b:('1', '0', '0', '0'),c:('-1', '0', '1', '0'): I(V) = 0   I(V^ss) = 0
==> t12839 chi#2=a:('0', '0', '1', '0'),b:('1', '0', '0', '0'),c:('0', '0', '-1', '0') h1=1 m=2 psi=a:('-1', '0', '1', '0'),b:('1', '0', '0', '0'),c:('0', '0', '-1', '0'): I(V) = 0   I(V^ss) = 0
==> t12839 chi#2=a:('0', '0', '1', '0'),b:('1', '0', '0', '0'),c:('0', '0', '-1', '0') h1=1 m=2 psi=a:('-1', '0', '1', '0'),b:('-1', '0', '1', '0'),c:('1', '0', '0', '0'): I(V) = 0   I(V^ss) = 0
==> t12839 chi#2=a:('0', '0', '1', '0'),b:('1', '0', '0', '0'),c:('0', '0', '-1', '0') h1=1 m=2 psi=a:('-1', '0', '1', '0'),b:('-1', '0', '1', '0'),c:('-1', '0', '1', '0'): I(V) = 0   I(V^ss) = 0
==> t12839 chi#2=a:('0', '0', '1', '0'),b:('1', '0', '0', '0'),c:('0', '0', '-1', '0') h1=1 m=2 psi=a:('-1', '0', '1', '0'),b:('-1', '0', '1', '0'),c:('0', '0', '-1', '0'): I(V) = -1   I(V^ss) = 0
==> t12839 chi#2=a:('0', '0', '1', '0'),b:('1', '0', '0', '0'),c:('0', '0', '-1', '0') h1=1 m=2 psi=a:('-1', '0', '1', '0'),b:('0', '0', '-1', '0'),c:('1', '0', '0', '0'): I(V) = -1   I(V^ss) = 0
==> t12839 chi#2=a:('0', '0', '1', '0'),b:('1', '0', '0', '0'),c:('0', '0', '-1', '0') h1=1 m=2 psi=a:('-1', '0', '1', '0'),b:('0', '0', '-1', '0'),c:('-1', '0', '1', '0'): I(V) = 0   I(V^ss) = 0
==> t12839 chi#2=a:('0', '0', '1', '0'),b:('1', '0', '0', '0'),c:('0', '0', '-1', '0') h1=1 m=2 psi=a:('-1', '0', '1', '0'),b:('0', '0', '-1', '0'),c:('0', '0', '-1', '0'): I(V) = 0   I(V^ss) = 0
==> t12839 chi#2=a:('0', '0', '1', '0'),b:('1', '0', '0', '0'),c:('0', '0', '-1', '0') h1=1 m=2 psi=a:('-1', '0', '0', '0'),b:('1', '0', '0', '0'),c:('1', '0', '0', '0'): I(V) = 0   I(V^ss) = 0
==> t12839 chi#2=a:('0', '0', '1', '0'),b:('1', '0', '0', '0'),c:('0', '0', '-1', '0') h1=1 m=2 psi=a:('-1', '0', '0', '0'),b:('1', '0', '0', '0'),c:('-1', '0', '1', '0'): I(V) = 0   I(V^ss) = 0
==> t12839 chi#2=a:('0', '0', '1', '0'),b:('1', '0', '0', '0'),c:('0', '0', '-1', '0') h1=1 m=2 psi=a:('-1', '0', '0', '0'),b:('1', '0', '0', '0'),c:('0', '0', '-1', '0'): I(V) = 0   I(V^ss) = 0
==> t12839 chi#2=a:('0', '0', '1', '0'),b:('1', '0', '0', '0'),c:('0', '0', '-1', '0') h1=1 m=2 psi=a:('-1', '0', '0', '0'),b:('-1', '0', '1', '0'),c:('1', '0', '0', '0'): I(V) = 0   I(V^ss) = 0
==> t12839 chi#2=a:('0', '0', '1', '0'),b:('1', '0', '0', '0'),c:('0', '0', '-1', '0') h1=1 m=2 psi=a:('-1', '0', '0', '0'),b:('-1', '0', '1', '0'),c:('-1', '0', '1', '0'): I(V) = 0   I(V^ss) = 0
==> t12839 chi#2=a:('0', '0', '1', '0'),b:('1', '0', '0', '0'),c:('0', '0', '-1', '0') h1=1 m=2 psi=a:('-1', '0', '0', '0'),b:('-1', '0', '1', '0'),c:('0', '0', '-1', '0'): I(V) = 0   I(V^ss) = 0
==> t12839 chi#2=a:('0', '0', '1', '0'),b:('1', '0', '0', '0'),c:('0', '0', '-1', '0') h1=1 m=2 psi=a:('-1', '0', '0', '0'),b:('0', '0', '-1', '0'),c:('1', '0', '0', '0'): I(V) = 0   I(V^ss) = 0
==> t12839 chi#2=a:('0', '0', '1', '0'),b:('1', '0', '0', '0'),c:('0', '0', '-1', '0') h1=1 m=2 psi=a:('-1', '0', '0', '0'),b:('0', '0', '-1', '0'),c:('-1', '0', '1', '0'): I(V) = 0   I(V^ss) = 0
==> t12839 chi#2=a:('0', '0', '1', '0'),b:('1', '0', '0', '0'),c:('0', '0', '-1', '0') h1=1 m=2 psi=a:('-1', '0', '0', '0'),b:('0', '0', '-1', '0'),c:('0', '0', '-1', '0'): I(V) = 0   I(V^ss) = 0
==> t12839 chi#2=a:('0', '0', '1', '0'),b:('1', '0', '0', '0'),c:('0', '0', '-1', '0') h1=1 m=2 psi=a:('0', '0', '-1', '0'),b:('1', '0', '0', '0'),c:('1', '0', '0', '0'): I(V) = 0   I(V^ss) = 0
==> t12839 chi#2=a:('0', '0', '1', '0'),b:('1', '0', '0', '0'),c:('0', '0', '-1', '0') h1=1 m=2 psi=a:('0', '0', '-1', '0'),b:('1', '0', '0', '0'),c:('-1', '0', '1', '0'): I(V) = 0   I(V^ss) = 0
==> t12839 chi#2=a:('0', '0', '1', '0'),b:('1', '0', '0', '0'),c:('0', '0', '-1', '0') h1=1 m=2 psi=a:('0', '0', '-1', '0'),b:('1', '0', '0', '0'),c:('0', '0', '-1', '0'): I(V) = 0   I(V^ss) = 0
==> t12839 chi#2=a:('0', '0', '1', '0'),b:('1', '0', '0', '0'),c:('0', '0', '-1', '0') h1=1 m=2 psi=a:('0', '0', '-1', '0'),b:('-1', '0', '1', '0'),c:('1', '0', '0', '0'): I(V) = 1   I(V^ss) = 0
==> t12839 chi#2=a:('0', '0', '1', '0'),b:('1', '0', '0', '0'),c:('0', '0', '-1', '0') h1=1 m=2 psi=a:('0', '0', '-1', '0'),b:('-1', '0', '1', '0'),c:('-1', '0', '1', '0'): I(V) = 0   I(V^ss) = 0
==> t12839 chi#2=a:('0', '0', '1', '0'),b:('1', '0', '0', '0'),c:('0', '0', '-1', '0') h1=1 m=2 psi=a:('0', '0', '-1', '0'),b:('-1', '0', '1', '0'),c:('0', '0', '-1', '0'): I(V) = 0   I(V^ss) = 0
==> t12839 chi#2=a:('0', '0', '1', '0'),b:('1', '0', '0', '0'),c:('0', '0', '-1', '0') h1=1 m=2 psi=a:('0', '0', '-1', '0'),b:('0', '0', '-1', '0'),c:('1', '0', '0', '0'): I(V) = 0   I(V^ss) = 0
==> t12839 chi#2=a:('0', '0', '1', '0'),b:('1', '0', '0', '0'),c:('0', '0', '-1', '0') h1=1 m=2 psi=a:('0', '0', '-1', '0'),b:('0', '0', '-1', '0'),c:('-1', '0', '1', '0'): I(V) = 1   I(V^ss) = 0
==> t12839 chi#2=a:('0', '0', '1', '0'),b:('1', '0', '0', '0'),c:('0', '0', '-1', '0') h1=1 m=2 psi=a:('0', '0', '-1', '0'),b:('0', '0', '-1', '0'),c:('0', '0', '-1', '0'): I(V) = 0   I(V^ss) = 0
==> t12839 chi#2=a:('0', '0', '1', '0'),b:('1', '0', '0', '0'),c:('0', '0', '-1', '0') h1=1 m=2 psi=a:('1', '0', '-1', '0'),b:('1', '0', '0', '0'),c:('1', '0', '0', '0'): I(V) = 0   I(V^ss) = 0
==> t12839 chi#2=a:('0', '0', '1', '0'),b:('1', '0', '0', '0'),c:('0', '0', '-1', '0') h1=1 m=2 psi=a:('1', '0', '-1', '0'),b:('1', '0', '0', '0'),c:('-1', '0', '1', '0'): I(V) = 0   I(V^ss) = 0
==> t12839 chi#2=a:('0', '0', '1', '0'),b:('1', '0', '0', '0'),c:('0', '0', '-1', '0') h1=1 m=2 psi=a:('1', '0', '-1', '0'),b:('1', '0', '0', '0'),c:('0', '0', '-1', '0'): I(V) = 0   I(V^ss) = 0
==> t12839 chi#2=a:('0', '0', '1', '0'),b:('1', '0', '0', '0'),c:('0', '0', '-1', '0') h1=1 m=2 psi=a:('1', '0', '-1', '0'),b:('-1', '0', '1', '0'),c:('1', '0', '0', '0'): I(V) = 0   I(V^ss) = 0
==> t12839 chi#2=a:('0', '0', '1', '0'),b:('1', '0', '0', '0'),c:('0', '0', '-1', '0') h1=1 m=2 psi=a:('1', '0', '-1', '0'),b:('-1', '0', '1', '0'),c:('-1', '0', '1', '0'): I(V) = 0   I(V^ss) = 0
==> t12839 chi#2=a:('0', '0', '1', '0'),b:('1', '0', '0', '0'),c:('0', '0', '-1', '0') h1=1 m=2 psi=a:('1', '0', '-1', '0'),b:('-1', '0', '1', '0'),c:('0', '0', '-1', '0'): I(V) = 0   I(V^ss) = 0
==> t12839 chi#2=a:('0', '0', '1', '0'),b:('1', '0', '0', '0'),c:('0', '0', '-1', '0') h1=1 m=2 psi=a:('1', '0', '-1', '0'),b:('0', '0', '-1', '0'),c:('1', '0', '0', '0'): I(V) = 0   I(V^ss) = 0
==> t12839 chi#2=a:('0', '0', '1', '0'),b:('1', '0', '0', '0'),c:('0', '0', '-1', '0') h1=1 m=2 psi=a:('1', '0', '-1', '0'),b:('0', '0', '-1', '0'),c:('-1', '0', '1', '0'): I(V) = 0   I(V^ss) = 0
==> t12839 chi#2=a:('0', '0', '1', '0'),b:('1', '0', '0', '0'),c:('0', '0', '-1', '0') h1=1 m=2 psi=a:('1', '0', '-1', '0'),b:('0', '0', '-1', '0'),c:('0', '0', '-1', '0'): I(V) = 0   I(V^ss) = 0
==> t12839 chi#2=a:('0', '0', '1', '0'),b:('1', '0', '0', '0'),c:('0', '0', '-1', '0') h1=1 m=2 psi=chi^1: I(V) = 0   I(V^ss) = 0
==> t12839 chi#2=a:('0', '0', '1', '0'),b:('1', '0', '0', '0'),c:('0', '0', '-1', '0') h1=1 m=2 psi=chi^2: I(V) = 0   I(V^ss) = 0
==> t12839 chi#2=a:('0', '0', '1', '0'),b:('1', '0', '0', '0'),c:('0', '0', '-1', '0') h1=1 m=2 psi=chi^3: I(V) = 0   I(V^ss) = 0
==> t12839 chi#2=a:('0', '0', '1', '0'),b:('1', '0', '0', '0'),c:('0', '0', '-1', '0') h1=1 m=3 psi=a:('1', '0', '0', '0'),b:('1', '0', '0', '0'),c:('1', '0', '0', '0'): I(V) = 0   I(V^ss) = 0
==> t12839 chi#2=a:('0', '0', '1', '0'),b:('1', '0', '0', '0'),c:('0', '0', '-1', '0') h1=1 m=3 psi=a:('1', '0', '0', '0'),b:('1', '0', '0', '0'),c:('-1', '0', '1', '0'): I(V) = 0   I(V^ss) = 0
==> t12839 chi#2=a:('0', '0', '1', '0'),b:('1', '0', '0', '0'),c:('0', '0', '-1', '0') h1=1 m=3 psi=a:('1', '0', '0', '0'),b:('1', '0', '0', '0'),c:('0', '0', '-1', '0'): I(V) = 0   I(V^ss) = 0
==> t12839 chi#2=a:('0', '0', '1', '0'),b:('1', '0', '0', '0'),c:('0', '0', '-1', '0') h1=1 m=3 psi=a:('1', '0', '0', '0'),b:('-1', '0', '1', '0'),c:('1', '0', '0', '0'): I(V) = 0   I(V^ss) = 0
==> t12839 chi#2=a:('0', '0', '1', '0'),b:('1', '0', '0', '0'),c:('0', '0', '-1', '0') h1=1 m=3 psi=a:('1', '0', '0', '0'),b:('-1', '0', '1', '0'),c:('-1', '0', '1', '0'): I(V) = 0   I(V^ss) = 0
==> t12839 chi#2=a:('0', '0', '1', '0'),b:('1', '0', '0', '0'),c:('0', '0', '-1', '0') h1=1 m=3 psi=a:('1', '0', '0', '0'),b:('-1', '0', '1', '0'),c:('0', '0', '-1', '0'): I(V) = 0   I(V^ss) = 0
==> t12839 chi#2=a:('0', '0', '1', '0'),b:('1', '0', '0', '0'),c:('0', '0', '-1', '0') h1=1 m=3 psi=a:('1', '0', '0', '0'),b:('0', '0', '-1', '0'),c:('1', '0', '0', '0'): I(V) = 0   I(V^ss) = 0
==> t12839 chi#2=a:('0', '0', '1', '0'),b:('1', '0', '0', '0'),c:('0', '0', '-1', '0') h1=1 m=3 psi=a:('1', '0', '0', '0'),b:('0', '0', '-1', '0'),c:('-1', '0', '1', '0'): I(V) = 0   I(V^ss) = 0
==> t12839 chi#2=a:('0', '0', '1', '0'),b:('1', '0', '0', '0'),c:('0', '0', '-1', '0') h1=1 m=3 psi=a:('1', '0', '0', '0'),b:('0', '0', '-1', '0'),c:('0', '0', '-1', '0'): I(V) = 0   I(V^ss) = 0
==> t12839 chi#2=a:('0', '0', '1', '0'),b:('1', '0', '0', '0'),c:('0', '0', '-1', '0') h1=1 m=3 psi=a:('0', '0', '1', '0'),b:('1', '0', '0', '0'),c:('1', '0', '0', '0'): I(V) = 0   I(V^ss) = 0
==> t12839 chi#2=a:('0', '0', '1', '0'),b:('1', '0', '0', '0'),c:('0', '0', '-1', '0') h1=1 m=3 psi=a:('0', '0', '1', '0'),b:('1', '0', '0', '0'),c:('-1', '0', '1', '0'): I(V) = 0   I(V^ss) = 0
==> t12839 chi#2=a:('0', '0', '1', '0'),b:('1', '0', '0', '0'),c:('0', '0', '-1', '0') h1=1 m=3 psi=a:('0', '0', '1', '0'),b:('1', '0', '0', '0'),c:('0', '0', '-1', '0'): I(V) = 0   I(V^ss) = 0
==> t12839 chi#2=a:('0', '0', '1', '0'),b:('1', '0', '0', '0'),c:('0', '0', '-1', '0') h1=1 m=3 psi=a:('0', '0', '1', '0'),b:('-1', '0', '1', '0'),c:('1', '0', '0', '0'): I(V) = 0   I(V^ss) = 0
==> t12839 chi#2=a:('0', '0', '1', '0'),b:('1', '0', '0', '0'),c:('0', '0', '-1', '0') h1=1 m=3 psi=a:('0', '0', '1', '0'),b:('-1', '0', '1', '0'),c:('-1', '0', '1', '0'): I(V) = 0   I(V^ss) = 0
==> t12839 chi#2=a:('0', '0', '1', '0'),b:('1', '0', '0', '0'),c:('0', '0', '-1', '0') h1=1 m=3 psi=a:('0', '0', '1', '0'),b:('-1', '0', '1', '0'),c:('0', '0', '-1', '0'): I(V) = 0   I(V^ss) = 0
==> t12839 chi#2=a:('0', '0', '1', '0'),b:('1', '0', '0', '0'),c:('0', '0', '-1', '0') h1=1 m=3 psi=a:('0', '0', '1', '0'),b:('0', '0', '-1', '0'),c:('1', '0', '0', '0'): I(V) = 0   I(V^ss) = 0
==> t12839 chi#2=a:('0', '0', '1', '0'),b:('1', '0', '0', '0'),c:('0', '0', '-1', '0') h1=1 m=3 psi=a:('0', '0', '1', '0'),b:('0', '0', '-1', '0'),c:('-1', '0', '1', '0'): I(V) = 0   I(V^ss) = 0
==> t12839 chi#2=a:('0', '0', '1', '0'),b:('1', '0', '0', '0'),c:('0', '0', '-1', '0') h1=1 m=3 psi=a:('0', '0', '1', '0'),b:('0', '0', '-1', '0'),c:('0', '0', '-1', '0'): I(V) = 0   I(V^ss) = 0
==> t12839 chi#2=a:('0', '0', '1', '0'),b:('1', '0', '0', '0'),c:('0', '0', '-1', '0') h1=1 m=3 psi=a:('-1', '0', '1', '0'),b:('1', '0', '0', '0'),c:('1', '0', '0', '0'): I(V) = 0   I(V^ss) = 0
==> t12839 chi#2=a:('0', '0', '1', '0'),b:('1', '0', '0', '0'),c:('0', '0', '-1', '0') h1=1 m=3 psi=a:('-1', '0', '1', '0'),b:('1', '0', '0', '0'),c:('-1', '0', '1', '0'): I(V) = 0   I(V^ss) = 0
==> t12839 chi#2=a:('0', '0', '1', '0'),b:('1', '0', '0', '0'),c:('0', '0', '-1', '0') h1=1 m=3 psi=a:('-1', '0', '1', '0'),b:('1', '0', '0', '0'),c:('0', '0', '-1', '0'): I(V) = 0   I(V^ss) = 0
==> t12839 chi#2=a:('0', '0', '1', '0'),b:('1', '0', '0', '0'),c:('0', '0', '-1', '0') h1=1 m=3 psi=a:('-1', '0', '1', '0'),b:('-1', '0', '1', '0'),c:('1', '0', '0', '0'): I(V) = 0   I(V^ss) = 0
==> t12839 chi#2=a:('0', '0', '1', '0'),b:('1', '0', '0', '0'),c:('0', '0', '-1', '0') h1=1 m=3 psi=a:('-1', '0', '1', '0'),b:('-1', '0', '1', '0'),c:('-1', '0', '1', '0'): I(V) = 0   I(V^ss) = 0
==> t12839 chi#2=a:('0', '0', '1', '0'),b:('1', '0', '0', '0'),c:('0', '0', '-1', '0') h1=1 m=3 psi=a:('-1', '0', '1', '0'),b:('-1', '0', '1', '0'),c:('0', '0', '-1', '0'): I(V) = 0   I(V^ss) = 0
==> t12839 chi#2=a:('0', '0', '1', '0'),b:('1', '0', '0', '0'),c:('0', '0', '-1', '0') h1=1 m=3 psi=a:('-1', '0', '1', '0'),b:('0', '0', '-1', '0'),c:('1', '0', '0', '0'): I(V) = 0   I(V^ss) = 0
==> t12839 chi#2=a:('0', '0', '1', '0'),b:('1', '0', '0', '0'),c:('0', '0', '-1', '0') h1=1 m=3 psi=a:('-1', '0', '1', '0'),b:('0', '0', '-1', '0'),c:('-1', '0', '1', '0'): I(V) = 0   I(V^ss) = 0
==> t12839 chi#2=a:('0', '0', '1', '0'),b:('1', '0', '0', '0'),c:('0', '0', '-1', '0') h1=1 m=3 psi=a:('-1', '0', '1', '0'),b:('0', '0', '-1', '0'),c:('0', '0', '-1', '0'): I(V) = 0   I(V^ss) = 0
==> t12839 chi#2=a:('0', '0', '1', '0'),b:('1', '0', '0', '0'),c:('0', '0', '-1', '0') h1=1 m=3 psi=a:('-1', '0', '0', '0'),b:('1', '0', '0', '0'),c:('1', '0', '0', '0'): I(V) = 0   I(V^ss) = 0
==> t12839 chi#2=a:('0', '0', '1', '0'),b:('1', '0', '0', '0'),c:('0', '0', '-1', '0') h1=1 m=3 psi=a:('-1', '0', '0', '0'),b:('1', '0', '0', '0'),c:('-1', '0', '1', '0'): I(V) = 0   I(V^ss) = 0
==> t12839 chi#2=a:('0', '0', '1', '0'),b:('1', '0', '0', '0'),c:('0', '0', '-1', '0') h1=1 m=3 psi=a:('-1', '0', '0', '0'),b:('1', '0', '0', '0'),c:('0', '0', '-1', '0'): I(V) = 0   I(V^ss) = 0
==> t12839 chi#2=a:('0', '0', '1', '0'),b:('1', '0', '0', '0'),c:('0', '0', '-1', '0') h1=1 m=3 psi=a:('-1', '0', '0', '0'),b:('-1', '0', '1', '0'),c:('1', '0', '0', '0'): I(V) = 0   I(V^ss) = 0
==> t12839 chi#2=a:('0', '0', '1', '0'),b:('1', '0', '0', '0'),c:('0', '0', '-1', '0') h1=1 m=3 psi=a:('-1', '0', '0', '0'),b:('-1', '0', '1', '0'),c:('-1', '0', '1', '0'): I(V) = 0   I(V^ss) = 0
==> t12839 chi#2=a:('0', '0', '1', '0'),b:('1', '0', '0', '0'),c:('0', '0', '-1', '0') h1=1 m=3 psi=a:('-1', '0', '0', '0'),b:('-1', '0', '1', '0'),c:('0', '0', '-1', '0'): I(V) = 0   I(V^ss) = 0
==> t12839 chi#2=a:('0', '0', '1', '0'),b:('1', '0', '0', '0'),c:('0', '0', '-1', '0') h1=1 m=3 psi=a:('-1', '0', '0', '0'),b:('0', '0', '-1', '0'),c:('1', '0', '0', '0'): I(V) = 0   I(V^ss) = 0
==> t12839 chi#2=a:('0', '0', '1', '0'),b:('1', '0', '0', '0'),c:('0', '0', '-1', '0') h1=1 m=3 psi=a:('-1', '0', '0', '0'),b:('0', '0', '-1', '0'),c:('-1', '0', '1', '0'): I(V) = 0   I(V^ss) = 0
==> t12839 chi#2=a:('0', '0', '1', '0'),b:('1', '0', '0', '0'),c:('0', '0', '-1', '0') h1=1 m=3 psi=a:('-1', '0', '0', '0'),b:('0', '0', '-1', '0'),c:('0', '0', '-1', '0'): I(V) = 0   I(V^ss) = 0
==> t12839 chi#2=a:('0', '0', '1', '0'),b:('1', '0', '0', '0'),c:('0', '0', '-1', '0') h1=1 m=3 psi=a:('0', '0', '-1', '0'),b:('1', '0', '0', '0'),c:('1', '0', '0', '0'): I(V) = 0   I(V^ss) = 0
==> t12839 chi#2=a:('0', '0', '1', '0'),b:('1', '0', '0', '0'),c:('0', '0', '-1', '0') h1=1 m=3 psi=a:('0', '0', '-1', '0'),b:('1', '0', '0', '0'),c:('-1', '0', '1', '0'): I(V) = 0   I(V^ss) = 0
==> t12839 chi#2=a:('0', '0', '1', '0'),b:('1', '0', '0', '0'),c:('0', '0', '-1', '0') h1=1 m=3 psi=a:('0', '0', '-1', '0'),b:('1', '0', '0', '0'),c:('0', '0', '-1', '0'): I(V) = 0   I(V^ss) = 0
==> t12839 chi#2=a:('0', '0', '1', '0'),b:('1', '0', '0', '0'),c:('0', '0', '-1', '0') h1=1 m=3 psi=a:('0', '0', '-1', '0'),b:('-1', '0', '1', '0'),c:('1', '0', '0', '0'): I(V) = 0   I(V^ss) = 0
==> t12839 chi#2=a:('0', '0', '1', '0'),b:('1', '0', '0', '0'),c:('0', '0', '-1', '0') h1=1 m=3 psi=a:('0', '0', '-1', '0'),b:('-1', '0', '1', '0'),c:('-1', '0', '1', '0'): I(V) = 0   I(V^ss) = 0
==> t12839 chi#2=a:('0', '0', '1', '0'),b:('1', '0', '0', '0'),c:('0', '0', '-1', '0') h1=1 m=3 psi=a:('0', '0', '-1', '0'),b:('-1', '0', '1', '0'),c:('0', '0', '-1', '0'): I(V) = 0   I(V^ss) = 0
==> t12839 chi#2=a:('0', '0', '1', '0'),b:('1', '0', '0', '0'),c:('0', '0', '-1', '0') h1=1 m=3 psi=a:('0', '0', '-1', '0'),b:('0', '0', '-1', '0'),c:('1', '0', '0', '0'): I(V) = 0   I(V^ss) = 0
==> t12839 chi#2=a:('0', '0', '1', '0'),b:('1', '0', '0', '0'),c:('0', '0', '-1', '0') h1=1 m=3 psi=a:('0', '0', '-1', '0'),b:('0', '0', '-1', '0'),c:('-1', '0', '1', '0'): I(V) = 0   I(V^ss) = 0
==> t12839 chi#2=a:('0', '0', '1', '0'),b:('1', '0', '0', '0'),c:('0', '0', '-1', '0') h1=1 m=3 psi=a:('0', '0', '-1', '0'),b:('0', '0', '-1', '0'),c:('0', '0', '-1', '0'): I(V) = 0   I(V^ss) = 0
==> t12839 chi#2=a:('0', '0', '1', '0'),b:('1', '0', '0', '0'),c:('0', '0', '-1', '0') h1=1 m=3 psi=a:('1', '0', '-1', '0'),b:('1', '0', '0', '0'),c:('1', '0', '0', '0'): I(V) = 0   I(V^ss) = 0
==> t12839 chi#2=a:('0', '0', '1', '0'),b:('1', '0', '0', '0'),c:('0', '0', '-1', '0') h1=1 m=3 psi=a:('1', '0', '-1', '0'),b:('1', '0', '0', '0'),c:('-1', '0', '1', '0'): I(V) = 0   I(V^ss) = 0
==> t12839 chi#2=a:('0', '0', '1', '0'),b:('1', '0', '0', '0'),c:('0', '0', '-1', '0') h1=1 m=3 psi=a:('1', '0', '-1', '0'),b:('1', '0', '0', '0'),c:('0', '0', '-1', '0'): I(V) = 0   I(V^ss) = 0
==> t12839 chi#2=a:('0', '0', '1', '0'),b:('1', '0', '0', '0'),c:('0', '0', '-1', '0') h1=1 m=3 psi=a:('1', '0', '-1', '0'),b:('-1', '0', '1', '0'),c:('1', '0', '0', '0'): I(V) = 0   I(V^ss) = 0
==> t12839 chi#2=a:('0', '0', '1', '0'),b:('1', '0', '0', '0'),c:('0', '0', '-1', '0') h1=1 m=3 psi=a:('1', '0', '-1', '0'),b:('-1', '0', '1', '0'),c:('-1', '0', '1', '0'): I(V) = 0   I(V^ss) = 0
==> t12839 chi#2=a:('0', '0', '1', '0'),b:('1', '0', '0', '0'),c:('0', '0', '-1', '0') h1=1 m=3 psi=a:('1', '0', '-1', '0'),b:('-1', '0', '1', '0'),c:('0', '0', '-1', '0'): I(V) = 0   I(V^ss) = 0
==> t12839 chi#2=a:('0', '0', '1', '0'),b:('1', '0', '0', '0'),c:('0', '0', '-1', '0') h1=1 m=3 psi=a:('1', '0', '-1', '0'),b:('0', '0', '-1', '0'),c:('1', '0', '0', '0'): I(V) = 0   I(V^ss) = 0
==> t12839 chi#2=a:('0', '0', '1', '0'),b:('1', '0', '0', '0'),c:('0', '0', '-1', '0') h1=1 m=3 psi=a:('1', '0', '-1', '0'),b:('0', '0', '-1', '0'),c:('-1', '0', '1', '0'): I(V) = 0   I(V^ss) = 0
==> t12839 chi#2=a:('0', '0', '1', '0'),b:('1', '0', '0', '0'),c:('0', '0', '-1', '0') h1=1 m=3 psi=a:('1', '0', '-1', '0'),b:('0', '0', '-1', '0'),c:('0', '0', '-1', '0'): I(V) = 0   I(V^ss) = 0
==> t12839 chi#2=a:('0', '0', '1', '0'),b:('1', '0', '0', '0'),c:('0', '0', '-1', '0') h1=1 m=3 psi=chi^1: I(V) = 0   I(V^ss) = 0
==> t12839 chi#2=a:('0', '0', '1', '0'),b:('1', '0', '0', '0'),c:('0', '0', '-1', '0') h1=1 m=3 psi=chi^2: I(V) = 0   I(V^ss) = 0
==> t12839 chi#2=a:('0', '0', '1', '0'),b:('1', '0', '0', '0'),c:('0', '0', '-1', '0') h1=1 m=3 psi=chi^3: I(V) = 0   I(V^ss) = 0
  locus chi#3=a:('0', '0', '1', '0'),b:('-1', '0', '1', '0'),c:('1', '0', '0', '0') h1=1
==> t12839 chi#3=a:('0', '0', '1', '0'),b:('-1', '0', '1', '0'),c:('1', '0', '0', '0') h1=1 m=1 psi=a:('1', '0', '0', '0'),b:('1', '0', '0', '0'),c:('1', '0', '0', '0'): I(V) = 0   I(V^ss) = 0
==> t12839 chi#3=a:('0', '0', '1', '0'),b:('-1', '0', '1', '0'),c:('1', '0', '0', '0') h1=1 m=1 psi=a:('1', '0', '0', '0'),b:('1', '0', '0', '0'),c:('-1', '0', '1', '0'): I(V) = 0   I(V^ss) = 0
==> t12839 chi#3=a:('0', '0', '1', '0'),b:('-1', '0', '1', '0'),c:('1', '0', '0', '0') h1=1 m=1 psi=a:('1', '0', '0', '0'),b:('1', '0', '0', '0'),c:('0', '0', '-1', '0'): I(V) = 0   I(V^ss) = 0
==> t12839 chi#3=a:('0', '0', '1', '0'),b:('-1', '0', '1', '0'),c:('1', '0', '0', '0') h1=1 m=1 psi=a:('1', '0', '0', '0'),b:('-1', '0', '1', '0'),c:('1', '0', '0', '0'): I(V) = 0   I(V^ss) = 0
==> t12839 chi#3=a:('0', '0', '1', '0'),b:('-1', '0', '1', '0'),c:('1', '0', '0', '0') h1=1 m=1 psi=a:('1', '0', '0', '0'),b:('-1', '0', '1', '0'),c:('-1', '0', '1', '0'): I(V) = 0   I(V^ss) = 0
==> t12839 chi#3=a:('0', '0', '1', '0'),b:('-1', '0', '1', '0'),c:('1', '0', '0', '0') h1=1 m=1 psi=a:('1', '0', '0', '0'),b:('-1', '0', '1', '0'),c:('0', '0', '-1', '0'): I(V) = 0   I(V^ss) = 0
==> t12839 chi#3=a:('0', '0', '1', '0'),b:('-1', '0', '1', '0'),c:('1', '0', '0', '0') h1=1 m=1 psi=a:('1', '0', '0', '0'),b:('0', '0', '-1', '0'),c:('1', '0', '0', '0'): I(V) = 0   I(V^ss) = 0
==> t12839 chi#3=a:('0', '0', '1', '0'),b:('-1', '0', '1', '0'),c:('1', '0', '0', '0') h1=1 m=1 psi=a:('1', '0', '0', '0'),b:('0', '0', '-1', '0'),c:('-1', '0', '1', '0'): I(V) = 0   I(V^ss) = 0
==> t12839 chi#3=a:('0', '0', '1', '0'),b:('-1', '0', '1', '0'),c:('1', '0', '0', '0') h1=1 m=1 psi=a:('1', '0', '0', '0'),b:('0', '0', '-1', '0'),c:('0', '0', '-1', '0'): I(V) = 0   I(V^ss) = 0
==> t12839 chi#3=a:('0', '0', '1', '0'),b:('-1', '0', '1', '0'),c:('1', '0', '0', '0') h1=1 m=1 psi=a:('0', '0', '1', '0'),b:('1', '0', '0', '0'),c:('1', '0', '0', '0'): I(V) = 0   I(V^ss) = 0
==> t12839 chi#3=a:('0', '0', '1', '0'),b:('-1', '0', '1', '0'),c:('1', '0', '0', '0') h1=1 m=1 psi=a:('0', '0', '1', '0'),b:('1', '0', '0', '0'),c:('-1', '0', '1', '0'): I(V) = 0   I(V^ss) = 0
==> t12839 chi#3=a:('0', '0', '1', '0'),b:('-1', '0', '1', '0'),c:('1', '0', '0', '0') h1=1 m=1 psi=a:('0', '0', '1', '0'),b:('1', '0', '0', '0'),c:('0', '0', '-1', '0'): I(V) = 1   I(V^ss) = 0
==> t12839 chi#3=a:('0', '0', '1', '0'),b:('-1', '0', '1', '0'),c:('1', '0', '0', '0') h1=1 m=1 psi=a:('0', '0', '1', '0'),b:('-1', '0', '1', '0'),c:('1', '0', '0', '0'): I(V) = 0   I(V^ss) = 0
==> t12839 chi#3=a:('0', '0', '1', '0'),b:('-1', '0', '1', '0'),c:('1', '0', '0', '0') h1=1 m=1 psi=a:('0', '0', '1', '0'),b:('-1', '0', '1', '0'),c:('-1', '0', '1', '0'): I(V) = 0   I(V^ss) = 0
==> t12839 chi#3=a:('0', '0', '1', '0'),b:('-1', '0', '1', '0'),c:('1', '0', '0', '0') h1=1 m=1 psi=a:('0', '0', '1', '0'),b:('-1', '0', '1', '0'),c:('0', '0', '-1', '0'): I(V) = 0   I(V^ss) = 0
==> t12839 chi#3=a:('0', '0', '1', '0'),b:('-1', '0', '1', '0'),c:('1', '0', '0', '0') h1=1 m=1 psi=a:('0', '0', '1', '0'),b:('0', '0', '-1', '0'),c:('1', '0', '0', '0'): I(V) = 0   I(V^ss) = 0
==> t12839 chi#3=a:('0', '0', '1', '0'),b:('-1', '0', '1', '0'),c:('1', '0', '0', '0') h1=1 m=1 psi=a:('0', '0', '1', '0'),b:('0', '0', '-1', '0'),c:('-1', '0', '1', '0'): I(V) = 0   I(V^ss) = 0
==> t12839 chi#3=a:('0', '0', '1', '0'),b:('-1', '0', '1', '0'),c:('1', '0', '0', '0') h1=1 m=1 psi=a:('0', '0', '1', '0'),b:('0', '0', '-1', '0'),c:('0', '0', '-1', '0'): I(V) = 0   I(V^ss) = 0
==> t12839 chi#3=a:('0', '0', '1', '0'),b:('-1', '0', '1', '0'),c:('1', '0', '0', '0') h1=1 m=1 psi=a:('-1', '0', '1', '0'),b:('1', '0', '0', '0'),c:('1', '0', '0', '0'): I(V) = 0   I(V^ss) = 0
==> t12839 chi#3=a:('0', '0', '1', '0'),b:('-1', '0', '1', '0'),c:('1', '0', '0', '0') h1=1 m=1 psi=a:('-1', '0', '1', '0'),b:('1', '0', '0', '0'),c:('-1', '0', '1', '0'): I(V) = 0   I(V^ss) = 0
==> t12839 chi#3=a:('0', '0', '1', '0'),b:('-1', '0', '1', '0'),c:('1', '0', '0', '0') h1=1 m=1 psi=a:('-1', '0', '1', '0'),b:('1', '0', '0', '0'),c:('0', '0', '-1', '0'): I(V) = 0   I(V^ss) = 0
==> t12839 chi#3=a:('0', '0', '1', '0'),b:('-1', '0', '1', '0'),c:('1', '0', '0', '0') h1=1 m=1 psi=a:('-1', '0', '1', '0'),b:('-1', '0', '1', '0'),c:('1', '0', '0', '0'): I(V) = 0   I(V^ss) = 0
==> t12839 chi#3=a:('0', '0', '1', '0'),b:('-1', '0', '1', '0'),c:('1', '0', '0', '0') h1=1 m=1 psi=a:('-1', '0', '1', '0'),b:('-1', '0', '1', '0'),c:('-1', '0', '1', '0'): I(V) = 0   I(V^ss) = 0
==> t12839 chi#3=a:('0', '0', '1', '0'),b:('-1', '0', '1', '0'),c:('1', '0', '0', '0') h1=1 m=1 psi=a:('-1', '0', '1', '0'),b:('-1', '0', '1', '0'),c:('0', '0', '-1', '0'): I(V) = 0   I(V^ss) = 0
==> t12839 chi#3=a:('0', '0', '1', '0'),b:('-1', '0', '1', '0'),c:('1', '0', '0', '0') h1=1 m=1 psi=a:('-1', '0', '1', '0'),b:('0', '0', '-1', '0'),c:('1', '0', '0', '0'): I(V) = 0   I(V^ss) = 0
==> t12839 chi#3=a:('0', '0', '1', '0'),b:('-1', '0', '1', '0'),c:('1', '0', '0', '0') h1=1 m=1 psi=a:('-1', '0', '1', '0'),b:('0', '0', '-1', '0'),c:('-1', '0', '1', '0'): I(V) = 0   I(V^ss) = 0
==> t12839 chi#3=a:('0', '0', '1', '0'),b:('-1', '0', '1', '0'),c:('1', '0', '0', '0') h1=1 m=1 psi=a:('-1', '0', '1', '0'),b:('0', '0', '-1', '0'),c:('0', '0', '-1', '0'): I(V) = 0   I(V^ss) = 0
==> t12839 chi#3=a:('0', '0', '1', '0'),b:('-1', '0', '1', '0'),c:('1', '0', '0', '0') h1=1 m=1 psi=a:('-1', '0', '0', '0'),b:('1', '0', '0', '0'),c:('1', '0', '0', '0'): I(V) = 0   I(V^ss) = 0
==> t12839 chi#3=a:('0', '0', '1', '0'),b:('-1', '0', '1', '0'),c:('1', '0', '0', '0') h1=1 m=1 psi=a:('-1', '0', '0', '0'),b:('1', '0', '0', '0'),c:('-1', '0', '1', '0'): I(V) = 0   I(V^ss) = 0
==> t12839 chi#3=a:('0', '0', '1', '0'),b:('-1', '0', '1', '0'),c:('1', '0', '0', '0') h1=1 m=1 psi=a:('-1', '0', '0', '0'),b:('1', '0', '0', '0'),c:('0', '0', '-1', '0'): I(V) = 0   I(V^ss) = 0
==> t12839 chi#3=a:('0', '0', '1', '0'),b:('-1', '0', '1', '0'),c:('1', '0', '0', '0') h1=1 m=1 psi=a:('-1', '0', '0', '0'),b:('-1', '0', '1', '0'),c:('1', '0', '0', '0'): I(V) = 0   I(V^ss) = 0
==> t12839 chi#3=a:('0', '0', '1', '0'),b:('-1', '0', '1', '0'),c:('1', '0', '0', '0') h1=1 m=1 psi=a:('-1', '0', '0', '0'),b:('-1', '0', '1', '0'),c:('-1', '0', '1', '0'): I(V) = 1   I(V^ss) = 0
==> t12839 chi#3=a:('0', '0', '1', '0'),b:('-1', '0', '1', '0'),c:('1', '0', '0', '0') h1=1 m=1 psi=a:('-1', '0', '0', '0'),b:('-1', '0', '1', '0'),c:('0', '0', '-1', '0'): I(V) = 0   I(V^ss) = 0
==> t12839 chi#3=a:('0', '0', '1', '0'),b:('-1', '0', '1', '0'),c:('1', '0', '0', '0') h1=1 m=1 psi=a:('-1', '0', '0', '0'),b:('0', '0', '-1', '0'),c:('1', '0', '0', '0'): I(V) = 0   I(V^ss) = 0
==> t12839 chi#3=a:('0', '0', '1', '0'),b:('-1', '0', '1', '0'),c:('1', '0', '0', '0') h1=1 m=1 psi=a:('-1', '0', '0', '0'),b:('0', '0', '-1', '0'),c:('-1', '0', '1', '0'): I(V) = 0   I(V^ss) = 0
==> t12839 chi#3=a:('0', '0', '1', '0'),b:('-1', '0', '1', '0'),c:('1', '0', '0', '0') h1=1 m=1 psi=a:('-1', '0', '0', '0'),b:('0', '0', '-1', '0'),c:('0', '0', '-1', '0'): I(V) = -1   I(V^ss) = 0
==> t12839 chi#3=a:('0', '0', '1', '0'),b:('-1', '0', '1', '0'),c:('1', '0', '0', '0') h1=1 m=1 psi=a:('0', '0', '-1', '0'),b:('1', '0', '0', '0'),c:('1', '0', '0', '0'): I(V) = 0   I(V^ss) = 0
==> t12839 chi#3=a:('0', '0', '1', '0'),b:('-1', '0', '1', '0'),c:('1', '0', '0', '0') h1=1 m=1 psi=a:('0', '0', '-1', '0'),b:('1', '0', '0', '0'),c:('-1', '0', '1', '0'): I(V) = 0   I(V^ss) = 0
==> t12839 chi#3=a:('0', '0', '1', '0'),b:('-1', '0', '1', '0'),c:('1', '0', '0', '0') h1=1 m=1 psi=a:('0', '0', '-1', '0'),b:('1', '0', '0', '0'),c:('0', '0', '-1', '0'): I(V) = 0   I(V^ss) = 0
==> t12839 chi#3=a:('0', '0', '1', '0'),b:('-1', '0', '1', '0'),c:('1', '0', '0', '0') h1=1 m=1 psi=a:('0', '0', '-1', '0'),b:('-1', '0', '1', '0'),c:('1', '0', '0', '0'): I(V) = 0   I(V^ss) = 0
==> t12839 chi#3=a:('0', '0', '1', '0'),b:('-1', '0', '1', '0'),c:('1', '0', '0', '0') h1=1 m=1 psi=a:('0', '0', '-1', '0'),b:('-1', '0', '1', '0'),c:('-1', '0', '1', '0'): I(V) = 0   I(V^ss) = 0
==> t12839 chi#3=a:('0', '0', '1', '0'),b:('-1', '0', '1', '0'),c:('1', '0', '0', '0') h1=1 m=1 psi=a:('0', '0', '-1', '0'),b:('-1', '0', '1', '0'),c:('0', '0', '-1', '0'): I(V) = 0   I(V^ss) = 0
==> t12839 chi#3=a:('0', '0', '1', '0'),b:('-1', '0', '1', '0'),c:('1', '0', '0', '0') h1=1 m=1 psi=a:('0', '0', '-1', '0'),b:('0', '0', '-1', '0'),c:('1', '0', '0', '0'): I(V) = 0   I(V^ss) = 0
==> t12839 chi#3=a:('0', '0', '1', '0'),b:('-1', '0', '1', '0'),c:('1', '0', '0', '0') h1=1 m=1 psi=a:('0', '0', '-1', '0'),b:('0', '0', '-1', '0'),c:('-1', '0', '1', '0'): I(V) = 0   I(V^ss) = 0
==> t12839 chi#3=a:('0', '0', '1', '0'),b:('-1', '0', '1', '0'),c:('1', '0', '0', '0') h1=1 m=1 psi=a:('0', '0', '-1', '0'),b:('0', '0', '-1', '0'),c:('0', '0', '-1', '0'): I(V) = 0   I(V^ss) = 0
==> t12839 chi#3=a:('0', '0', '1', '0'),b:('-1', '0', '1', '0'),c:('1', '0', '0', '0') h1=1 m=1 psi=a:('1', '0', '-1', '0'),b:('1', '0', '0', '0'),c:('1', '0', '0', '0'): I(V) = 0   I(V^ss) = 0
==> t12839 chi#3=a:('0', '0', '1', '0'),b:('-1', '0', '1', '0'),c:('1', '0', '0', '0') h1=1 m=1 psi=a:('1', '0', '-1', '0'),b:('1', '0', '0', '0'),c:('-1', '0', '1', '0'): I(V) = -1   I(V^ss) = 0
==> t12839 chi#3=a:('0', '0', '1', '0'),b:('-1', '0', '1', '0'),c:('1', '0', '0', '0') h1=1 m=1 psi=a:('1', '0', '-1', '0'),b:('1', '0', '0', '0'),c:('0', '0', '-1', '0'): I(V) = 0   I(V^ss) = 0
==> t12839 chi#3=a:('0', '0', '1', '0'),b:('-1', '0', '1', '0'),c:('1', '0', '0', '0') h1=1 m=1 psi=a:('1', '0', '-1', '0'),b:('-1', '0', '1', '0'),c:('1', '0', '0', '0'): I(V) = 0   I(V^ss) = 0
==> t12839 chi#3=a:('0', '0', '1', '0'),b:('-1', '0', '1', '0'),c:('1', '0', '0', '0') h1=1 m=1 psi=a:('1', '0', '-1', '0'),b:('-1', '0', '1', '0'),c:('-1', '0', '1', '0'): I(V) = 0   I(V^ss) = 0
==> t12839 chi#3=a:('0', '0', '1', '0'),b:('-1', '0', '1', '0'),c:('1', '0', '0', '0') h1=1 m=1 psi=a:('1', '0', '-1', '0'),b:('-1', '0', '1', '0'),c:('0', '0', '-1', '0'): I(V) = 0   I(V^ss) = 0
==> t12839 chi#3=a:('0', '0', '1', '0'),b:('-1', '0', '1', '0'),c:('1', '0', '0', '0') h1=1 m=1 psi=a:('1', '0', '-1', '0'),b:('0', '0', '-1', '0'),c:('1', '0', '0', '0'): I(V) = 0   I(V^ss) = 0
==> t12839 chi#3=a:('0', '0', '1', '0'),b:('-1', '0', '1', '0'),c:('1', '0', '0', '0') h1=1 m=1 psi=a:('1', '0', '-1', '0'),b:('0', '0', '-1', '0'),c:('-1', '0', '1', '0'): I(V) = 0   I(V^ss) = 0
==> t12839 chi#3=a:('0', '0', '1', '0'),b:('-1', '0', '1', '0'),c:('1', '0', '0', '0') h1=1 m=1 psi=a:('1', '0', '-1', '0'),b:('0', '0', '-1', '0'),c:('0', '0', '-1', '0'): I(V) = 0   I(V^ss) = 0
==> t12839 chi#3=a:('0', '0', '1', '0'),b:('-1', '0', '1', '0'),c:('1', '0', '0', '0') h1=1 m=1 psi=chi^1: I(V) = 0   I(V^ss) = 0
==> t12839 chi#3=a:('0', '0', '1', '0'),b:('-1', '0', '1', '0'),c:('1', '0', '0', '0') h1=1 m=1 psi=chi^2: I(V) = 0   I(V^ss) = 0
==> t12839 chi#3=a:('0', '0', '1', '0'),b:('-1', '0', '1', '0'),c:('1', '0', '0', '0') h1=1 m=1 psi=chi^3: I(V) = 0   I(V^ss) = 0
==> t12839 chi#3=a:('0', '0', '1', '0'),b:('-1', '0', '1', '0'),c:('1', '0', '0', '0') h1=1 m=2 psi=a:('1', '0', '0', '0'),b:('1', '0', '0', '0'),c:('1', '0', '0', '0'): I(V) = 0   I(V^ss) = 0
==> t12839 chi#3=a:('0', '0', '1', '0'),b:('-1', '0', '1', '0'),c:('1', '0', '0', '0') h1=1 m=2 psi=a:('1', '0', '0', '0'),b:('1', '0', '0', '0'),c:('-1', '0', '1', '0'): I(V) = 0   I(V^ss) = 0
==> t12839 chi#3=a:('0', '0', '1', '0'),b:('-1', '0', '1', '0'),c:('1', '0', '0', '0') h1=1 m=2 psi=a:('1', '0', '0', '0'),b:('1', '0', '0', '0'),c:('0', '0', '-1', '0'): I(V) = 0   I(V^ss) = 0
==> t12839 chi#3=a:('0', '0', '1', '0'),b:('-1', '0', '1', '0'),c:('1', '0', '0', '0') h1=1 m=2 psi=a:('1', '0', '0', '0'),b:('-1', '0', '1', '0'),c:('1', '0', '0', '0'): I(V) = 0   I(V^ss) = 0
==> t12839 chi#3=a:('0', '0', '1', '0'),b:('-1', '0', '1', '0'),c:('1', '0', '0', '0') h1=1 m=2 psi=a:('1', '0', '0', '0'),b:('-1', '0', '1', '0'),c:('-1', '0', '1', '0'): I(V) = -1   I(V^ss) = 0
==> t12839 chi#3=a:('0', '0', '1', '0'),b:('-1', '0', '1', '0'),c:('1', '0', '0', '0') h1=1 m=2 psi=a:('1', '0', '0', '0'),b:('-1', '0', '1', '0'),c:('0', '0', '-1', '0'): I(V) = 0   I(V^ss) = 0
==> t12839 chi#3=a:('0', '0', '1', '0'),b:('-1', '0', '1', '0'),c:('1', '0', '0', '0') h1=1 m=2 psi=a:('1', '0', '0', '0'),b:('0', '0', '-1', '0'),c:('1', '0', '0', '0'): I(V) = 0   I(V^ss) = 0
==> t12839 chi#3=a:('0', '0', '1', '0'),b:('-1', '0', '1', '0'),c:('1', '0', '0', '0') h1=1 m=2 psi=a:('1', '0', '0', '0'),b:('0', '0', '-1', '0'),c:('-1', '0', '1', '0'): I(V) = 0   I(V^ss) = 0
==> t12839 chi#3=a:('0', '0', '1', '0'),b:('-1', '0', '1', '0'),c:('1', '0', '0', '0') h1=1 m=2 psi=a:('1', '0', '0', '0'),b:('0', '0', '-1', '0'),c:('0', '0', '-1', '0'): I(V) = 1   I(V^ss) = 0
==> t12839 chi#3=a:('0', '0', '1', '0'),b:('-1', '0', '1', '0'),c:('1', '0', '0', '0') h1=1 m=2 psi=a:('0', '0', '1', '0'),b:('1', '0', '0', '0'),c:('1', '0', '0', '0'): I(V) = 0   I(V^ss) = 0
==> t12839 chi#3=a:('0', '0', '1', '0'),b:('-1', '0', '1', '0'),c:('1', '0', '0', '0') h1=1 m=2 psi=a:('0', '0', '1', '0'),b:('1', '0', '0', '0'),c:('-1', '0', '1', '0'): I(V) = 0   I(V^ss) = 0
==> t12839 chi#3=a:('0', '0', '1', '0'),b:('-1', '0', '1', '0'),c:('1', '0', '0', '0') h1=1 m=2 psi=a:('0', '0', '1', '0'),b:('1', '0', '0', '0'),c:('0', '0', '-1', '0'): I(V) = 0   I(V^ss) = 0
==> t12839 chi#3=a:('0', '0', '1', '0'),b:('-1', '0', '1', '0'),c:('1', '0', '0', '0') h1=1 m=2 psi=a:('0', '0', '1', '0'),b:('-1', '0', '1', '0'),c:('1', '0', '0', '0'): I(V) = 0   I(V^ss) = 0
==> t12839 chi#3=a:('0', '0', '1', '0'),b:('-1', '0', '1', '0'),c:('1', '0', '0', '0') h1=1 m=2 psi=a:('0', '0', '1', '0'),b:('-1', '0', '1', '0'),c:('-1', '0', '1', '0'): I(V) = 0   I(V^ss) = 0
==> t12839 chi#3=a:('0', '0', '1', '0'),b:('-1', '0', '1', '0'),c:('1', '0', '0', '0') h1=1 m=2 psi=a:('0', '0', '1', '0'),b:('-1', '0', '1', '0'),c:('0', '0', '-1', '0'): I(V) = 0   I(V^ss) = 0
==> t12839 chi#3=a:('0', '0', '1', '0'),b:('-1', '0', '1', '0'),c:('1', '0', '0', '0') h1=1 m=2 psi=a:('0', '0', '1', '0'),b:('0', '0', '-1', '0'),c:('1', '0', '0', '0'): I(V) = 0   I(V^ss) = 0
==> t12839 chi#3=a:('0', '0', '1', '0'),b:('-1', '0', '1', '0'),c:('1', '0', '0', '0') h1=1 m=2 psi=a:('0', '0', '1', '0'),b:('0', '0', '-1', '0'),c:('-1', '0', '1', '0'): I(V) = 0   I(V^ss) = 0
==> t12839 chi#3=a:('0', '0', '1', '0'),b:('-1', '0', '1', '0'),c:('1', '0', '0', '0') h1=1 m=2 psi=a:('0', '0', '1', '0'),b:('0', '0', '-1', '0'),c:('0', '0', '-1', '0'): I(V) = 0   I(V^ss) = 0
==> t12839 chi#3=a:('0', '0', '1', '0'),b:('-1', '0', '1', '0'),c:('1', '0', '0', '0') h1=1 m=2 psi=a:('-1', '0', '1', '0'),b:('1', '0', '0', '0'),c:('1', '0', '0', '0'): I(V) = 0   I(V^ss) = 0
==> t12839 chi#3=a:('0', '0', '1', '0'),b:('-1', '0', '1', '0'),c:('1', '0', '0', '0') h1=1 m=2 psi=a:('-1', '0', '1', '0'),b:('1', '0', '0', '0'),c:('-1', '0', '1', '0'): I(V) = 1   I(V^ss) = 0
==> t12839 chi#3=a:('0', '0', '1', '0'),b:('-1', '0', '1', '0'),c:('1', '0', '0', '0') h1=1 m=2 psi=a:('-1', '0', '1', '0'),b:('1', '0', '0', '0'),c:('0', '0', '-1', '0'): I(V) = 0   I(V^ss) = 0
==> t12839 chi#3=a:('0', '0', '1', '0'),b:('-1', '0', '1', '0'),c:('1', '0', '0', '0') h1=1 m=2 psi=a:('-1', '0', '1', '0'),b:('-1', '0', '1', '0'),c:('1', '0', '0', '0'): I(V) = 0   I(V^ss) = 0
==> t12839 chi#3=a:('0', '0', '1', '0'),b:('-1', '0', '1', '0'),c:('1', '0', '0', '0') h1=1 m=2 psi=a:('-1', '0', '1', '0'),b:('-1', '0', '1', '0'),c:('-1', '0', '1', '0'): I(V) = 0   I(V^ss) = 0
==> t12839 chi#3=a:('0', '0', '1', '0'),b:('-1', '0', '1', '0'),c:('1', '0', '0', '0') h1=1 m=2 psi=a:('-1', '0', '1', '0'),b:('-1', '0', '1', '0'),c:('0', '0', '-1', '0'): I(V) = 0   I(V^ss) = 0
==> t12839 chi#3=a:('0', '0', '1', '0'),b:('-1', '0', '1', '0'),c:('1', '0', '0', '0') h1=1 m=2 psi=a:('-1', '0', '1', '0'),b:('0', '0', '-1', '0'),c:('1', '0', '0', '0'): I(V) = 0   I(V^ss) = 0
==> t12839 chi#3=a:('0', '0', '1', '0'),b:('-1', '0', '1', '0'),c:('1', '0', '0', '0') h1=1 m=2 psi=a:('-1', '0', '1', '0'),b:('0', '0', '-1', '0'),c:('-1', '0', '1', '0'): I(V) = 0   I(V^ss) = 0
==> t12839 chi#3=a:('0', '0', '1', '0'),b:('-1', '0', '1', '0'),c:('1', '0', '0', '0') h1=1 m=2 psi=a:('-1', '0', '1', '0'),b:('0', '0', '-1', '0'),c:('0', '0', '-1', '0'): I(V) = 0   I(V^ss) = 0
==> t12839 chi#3=a:('0', '0', '1', '0'),b:('-1', '0', '1', '0'),c:('1', '0', '0', '0') h1=1 m=2 psi=a:('-1', '0', '0', '0'),b:('1', '0', '0', '0'),c:('1', '0', '0', '0'): I(V) = 0   I(V^ss) = 0
==> t12839 chi#3=a:('0', '0', '1', '0'),b:('-1', '0', '1', '0'),c:('1', '0', '0', '0') h1=1 m=2 psi=a:('-1', '0', '0', '0'),b:('1', '0', '0', '0'),c:('-1', '0', '1', '0'): I(V) = 0   I(V^ss) = 0
==> t12839 chi#3=a:('0', '0', '1', '0'),b:('-1', '0', '1', '0'),c:('1', '0', '0', '0') h1=1 m=2 psi=a:('-1', '0', '0', '0'),b:('1', '0', '0', '0'),c:('0', '0', '-1', '0'): I(V) = 0   I(V^ss) = 0
==> t12839 chi#3=a:('0', '0', '1', '0'),b:('-1', '0', '1', '0'),c:('1', '0', '0', '0') h1=1 m=2 psi=a:('-1', '0', '0', '0'),b:('-1', '0', '1', '0'),c:('1', '0', '0', '0'): I(V) = 0   I(V^ss) = 0
==> t12839 chi#3=a:('0', '0', '1', '0'),b:('-1', '0', '1', '0'),c:('1', '0', '0', '0') h1=1 m=2 psi=a:('-1', '0', '0', '0'),b:('-1', '0', '1', '0'),c:('-1', '0', '1', '0'): I(V) = 0   I(V^ss) = 0
==> t12839 chi#3=a:('0', '0', '1', '0'),b:('-1', '0', '1', '0'),c:('1', '0', '0', '0') h1=1 m=2 psi=a:('-1', '0', '0', '0'),b:('-1', '0', '1', '0'),c:('0', '0', '-1', '0'): I(V) = 0   I(V^ss) = 0
==> t12839 chi#3=a:('0', '0', '1', '0'),b:('-1', '0', '1', '0'),c:('1', '0', '0', '0') h1=1 m=2 psi=a:('-1', '0', '0', '0'),b:('0', '0', '-1', '0'),c:('1', '0', '0', '0'): I(V) = 0   I(V^ss) = 0
==> t12839 chi#3=a:('0', '0', '1', '0'),b:('-1', '0', '1', '0'),c:('1', '0', '0', '0') h1=1 m=2 psi=a:('-1', '0', '0', '0'),b:('0', '0', '-1', '0'),c:('-1', '0', '1', '0'): I(V) = 0   I(V^ss) = 0
==> t12839 chi#3=a:('0', '0', '1', '0'),b:('-1', '0', '1', '0'),c:('1', '0', '0', '0') h1=1 m=2 psi=a:('-1', '0', '0', '0'),b:('0', '0', '-1', '0'),c:('0', '0', '-1', '0'): I(V) = 0   I(V^ss) = 0
==> t12839 chi#3=a:('0', '0', '1', '0'),b:('-1', '0', '1', '0'),c:('1', '0', '0', '0') h1=1 m=2 psi=a:('0', '0', '-1', '0'),b:('1', '0', '0', '0'),c:('1', '0', '0', '0'): I(V) = 0   I(V^ss) = 0
==> t12839 chi#3=a:('0', '0', '1', '0'),b:('-1', '0', '1', '0'),c:('1', '0', '0', '0') h1=1 m=2 psi=a:('0', '0', '-1', '0'),b:('1', '0', '0', '0'),c:('-1', '0', '1', '0'): I(V) = 0   I(V^ss) = 0
==> t12839 chi#3=a:('0', '0', '1', '0'),b:('-1', '0', '1', '0'),c:('1', '0', '0', '0') h1=1 m=2 psi=a:('0', '0', '-1', '0'),b:('1', '0', '0', '0'),c:('0', '0', '-1', '0'): I(V) = -1   I(V^ss) = 0
==> t12839 chi#3=a:('0', '0', '1', '0'),b:('-1', '0', '1', '0'),c:('1', '0', '0', '0') h1=1 m=2 psi=a:('0', '0', '-1', '0'),b:('-1', '0', '1', '0'),c:('1', '0', '0', '0'): I(V) = 0   I(V^ss) = 0
==> t12839 chi#3=a:('0', '0', '1', '0'),b:('-1', '0', '1', '0'),c:('1', '0', '0', '0') h1=1 m=2 psi=a:('0', '0', '-1', '0'),b:('-1', '0', '1', '0'),c:('-1', '0', '1', '0'): I(V) = 0   I(V^ss) = 0
==> t12839 chi#3=a:('0', '0', '1', '0'),b:('-1', '0', '1', '0'),c:('1', '0', '0', '0') h1=1 m=2 psi=a:('0', '0', '-1', '0'),b:('-1', '0', '1', '0'),c:('0', '0', '-1', '0'): I(V) = 0   I(V^ss) = 0
==> t12839 chi#3=a:('0', '0', '1', '0'),b:('-1', '0', '1', '0'),c:('1', '0', '0', '0') h1=1 m=2 psi=a:('0', '0', '-1', '0'),b:('0', '0', '-1', '0'),c:('1', '0', '0', '0'): I(V) = 0   I(V^ss) = 0
==> t12839 chi#3=a:('0', '0', '1', '0'),b:('-1', '0', '1', '0'),c:('1', '0', '0', '0') h1=1 m=2 psi=a:('0', '0', '-1', '0'),b:('0', '0', '-1', '0'),c:('-1', '0', '1', '0'): I(V) = 0   I(V^ss) = 0
==> t12839 chi#3=a:('0', '0', '1', '0'),b:('-1', '0', '1', '0'),c:('1', '0', '0', '0') h1=1 m=2 psi=a:('0', '0', '-1', '0'),b:('0', '0', '-1', '0'),c:('0', '0', '-1', '0'): I(V) = 0   I(V^ss) = 0
==> t12839 chi#3=a:('0', '0', '1', '0'),b:('-1', '0', '1', '0'),c:('1', '0', '0', '0') h1=1 m=2 psi=a:('1', '0', '-1', '0'),b:('1', '0', '0', '0'),c:('1', '0', '0', '0'): I(V) = 0   I(V^ss) = 0
==> t12839 chi#3=a:('0', '0', '1', '0'),b:('-1', '0', '1', '0'),c:('1', '0', '0', '0') h1=1 m=2 psi=a:('1', '0', '-1', '0'),b:('1', '0', '0', '0'),c:('-1', '0', '1', '0'): I(V) = 0   I(V^ss) = 0
==> t12839 chi#3=a:('0', '0', '1', '0'),b:('-1', '0', '1', '0'),c:('1', '0', '0', '0') h1=1 m=2 psi=a:('1', '0', '-1', '0'),b:('1', '0', '0', '0'),c:('0', '0', '-1', '0'): I(V) = 0   I(V^ss) = 0
==> t12839 chi#3=a:('0', '0', '1', '0'),b:('-1', '0', '1', '0'),c:('1', '0', '0', '0') h1=1 m=2 psi=a:('1', '0', '-1', '0'),b:('-1', '0', '1', '0'),c:('1', '0', '0', '0'): I(V) = 0   I(V^ss) = 0
==> t12839 chi#3=a:('0', '0', '1', '0'),b:('-1', '0', '1', '0'),c:('1', '0', '0', '0') h1=1 m=2 psi=a:('1', '0', '-1', '0'),b:('-1', '0', '1', '0'),c:('-1', '0', '1', '0'): I(V) = 0   I(V^ss) = 0
==> t12839 chi#3=a:('0', '0', '1', '0'),b:('-1', '0', '1', '0'),c:('1', '0', '0', '0') h1=1 m=2 psi=a:('1', '0', '-1', '0'),b:('-1', '0', '1', '0'),c:('0', '0', '-1', '0'): I(V) = 0   I(V^ss) = 0
==> t12839 chi#3=a:('0', '0', '1', '0'),b:('-1', '0', '1', '0'),c:('1', '0', '0', '0') h1=1 m=2 psi=a:('1', '0', '-1', '0'),b:('0', '0', '-1', '0'),c:('1', '0', '0', '0'): I(V) = 0   I(V^ss) = 0
==> t12839 chi#3=a:('0', '0', '1', '0'),b:('-1', '0', '1', '0'),c:('1', '0', '0', '0') h1=1 m=2 psi=a:('1', '0', '-1', '0'),b:('0', '0', '-1', '0'),c:('-1', '0', '1', '0'): I(V) = 0   I(V^ss) = 0
==> t12839 chi#3=a:('0', '0', '1', '0'),b:('-1', '0', '1', '0'),c:('1', '0', '0', '0') h1=1 m=2 psi=a:('1', '0', '-1', '0'),b:('0', '0', '-1', '0'),c:('0', '0', '-1', '0'): I(V) = 0   I(V^ss) = 0
==> t12839 chi#3=a:('0', '0', '1', '0'),b:('-1', '0', '1', '0'),c:('1', '0', '0', '0') h1=1 m=2 psi=chi^1: I(V) = 0   I(V^ss) = 0
==> t12839 chi#3=a:('0', '0', '1', '0'),b:('-1', '0', '1', '0'),c:('1', '0', '0', '0') h1=1 m=2 psi=chi^2: I(V) = 0   I(V^ss) = 0
==> t12839 chi#3=a:('0', '0', '1', '0'),b:('-1', '0', '1', '0'),c:('1', '0', '0', '0') h1=1 m=2 psi=chi^3: I(V) = 0   I(V^ss) = 0
==> t12839 chi#3=a:('0', '0', '1', '0'),b:('-1', '0', '1', '0'),c:('1', '0', '0', '0') h1=1 m=3 psi=a:('1', '0', '0', '0'),b:('1', '0', '0', '0'),c:('1', '0', '0', '0'): I(V) = 0   I(V^ss) = 0
==> t12839 chi#3=a:('0', '0', '1', '0'),b:('-1', '0', '1', '0'),c:('1', '0', '0', '0') h1=1 m=3 psi=a:('1', '0', '0', '0'),b:('1', '0', '0', '0'),c:('-1', '0', '1', '0'): I(V) = 0   I(V^ss) = 0
==> t12839 chi#3=a:('0', '0', '1', '0'),b:('-1', '0', '1', '0'),c:('1', '0', '0', '0') h1=1 m=3 psi=a:('1', '0', '0', '0'),b:('1', '0', '0', '0'),c:('0', '0', '-1', '0'): I(V) = 0   I(V^ss) = 0
==> t12839 chi#3=a:('0', '0', '1', '0'),b:('-1', '0', '1', '0'),c:('1', '0', '0', '0') h1=1 m=3 psi=a:('1', '0', '0', '0'),b:('-1', '0', '1', '0'),c:('1', '0', '0', '0'): I(V) = 0   I(V^ss) = 0
==> t12839 chi#3=a:('0', '0', '1', '0'),b:('-1', '0', '1', '0'),c:('1', '0', '0', '0') h1=1 m=3 psi=a:('1', '0', '0', '0'),b:('-1', '0', '1', '0'),c:('-1', '0', '1', '0'): I(V) = 0   I(V^ss) = 0
==> t12839 chi#3=a:('0', '0', '1', '0'),b:('-1', '0', '1', '0'),c:('1', '0', '0', '0') h1=1 m=3 psi=a:('1', '0', '0', '0'),b:('-1', '0', '1', '0'),c:('0', '0', '-1', '0'): I(V) = 0   I(V^ss) = 0
==> t12839 chi#3=a:('0', '0', '1', '0'),b:('-1', '0', '1', '0'),c:('1', '0', '0', '0') h1=1 m=3 psi=a:('1', '0', '0', '0'),b:('0', '0', '-1', '0'),c:('1', '0', '0', '0'): I(V) = 0   I(V^ss) = 0
==> t12839 chi#3=a:('0', '0', '1', '0'),b:('-1', '0', '1', '0'),c:('1', '0', '0', '0') h1=1 m=3 psi=a:('1', '0', '0', '0'),b:('0', '0', '-1', '0'),c:('-1', '0', '1', '0'): I(V) = 0   I(V^ss) = 0
==> t12839 chi#3=a:('0', '0', '1', '0'),b:('-1', '0', '1', '0'),c:('1', '0', '0', '0') h1=1 m=3 psi=a:('1', '0', '0', '0'),b:('0', '0', '-1', '0'),c:('0', '0', '-1', '0'): I(V) = 0   I(V^ss) = 0
==> t12839 chi#3=a:('0', '0', '1', '0'),b:('-1', '0', '1', '0'),c:('1', '0', '0', '0') h1=1 m=3 psi=a:('0', '0', '1', '0'),b:('1', '0', '0', '0'),c:('1', '0', '0', '0'): I(V) = 0   I(V^ss) = 0
==> t12839 chi#3=a:('0', '0', '1', '0'),b:('-1', '0', '1', '0'),c:('1', '0', '0', '0') h1=1 m=3 psi=a:('0', '0', '1', '0'),b:('1', '0', '0', '0'),c:('-1', '0', '1', '0'): I(V) = 0   I(V^ss) = 0
==> t12839 chi#3=a:('0', '0', '1', '0'),b:('-1', '0', '1', '0'),c:('1', '0', '0', '0') h1=1 m=3 psi=a:('0', '0', '1', '0'),b:('1', '0', '0', '0'),c:('0', '0', '-1', '0'): I(V) = 0   I(V^ss) = 0
==> t12839 chi#3=a:('0', '0', '1', '0'),b:('-1', '0', '1', '0'),c:('1', '0', '0', '0') h1=1 m=3 psi=a:('0', '0', '1', '0'),b:('-1', '0', '1', '0'),c:('1', '0', '0', '0'): I(V) = 0   I(V^ss) = 0
==> t12839 chi#3=a:('0', '0', '1', '0'),b:('-1', '0', '1', '0'),c:('1', '0', '0', '0') h1=1 m=3 psi=a:('0', '0', '1', '0'),b:('-1', '0', '1', '0'),c:('-1', '0', '1', '0'): I(V) = 0   I(V^ss) = 0
==> t12839 chi#3=a:('0', '0', '1', '0'),b:('-1', '0', '1', '0'),c:('1', '0', '0', '0') h1=1 m=3 psi=a:('0', '0', '1', '0'),b:('-1', '0', '1', '0'),c:('0', '0', '-1', '0'): I(V) = 0   I(V^ss) = 0
==> t12839 chi#3=a:('0', '0', '1', '0'),b:('-1', '0', '1', '0'),c:('1', '0', '0', '0') h1=1 m=3 psi=a:('0', '0', '1', '0'),b:('0', '0', '-1', '0'),c:('1', '0', '0', '0'): I(V) = 0   I(V^ss) = 0
==> t12839 chi#3=a:('0', '0', '1', '0'),b:('-1', '0', '1', '0'),c:('1', '0', '0', '0') h1=1 m=3 psi=a:('0', '0', '1', '0'),b:('0', '0', '-1', '0'),c:('-1', '0', '1', '0'): I(V) = 0   I(V^ss) = 0
==> t12839 chi#3=a:('0', '0', '1', '0'),b:('-1', '0', '1', '0'),c:('1', '0', '0', '0') h1=1 m=3 psi=a:('0', '0', '1', '0'),b:('0', '0', '-1', '0'),c:('0', '0', '-1', '0'): I(V) = 0   I(V^ss) = 0
==> t12839 chi#3=a:('0', '0', '1', '0'),b:('-1', '0', '1', '0'),c:('1', '0', '0', '0') h1=1 m=3 psi=a:('-1', '0', '1', '0'),b:('1', '0', '0', '0'),c:('1', '0', '0', '0'): I(V) = 0   I(V^ss) = 0
==> t12839 chi#3=a:('0', '0', '1', '0'),b:('-1', '0', '1', '0'),c:('1', '0', '0', '0') h1=1 m=3 psi=a:('-1', '0', '1', '0'),b:('1', '0', '0', '0'),c:('-1', '0', '1', '0'): I(V) = 0   I(V^ss) = 0
==> t12839 chi#3=a:('0', '0', '1', '0'),b:('-1', '0', '1', '0'),c:('1', '0', '0', '0') h1=1 m=3 psi=a:('-1', '0', '1', '0'),b:('1', '0', '0', '0'),c:('0', '0', '-1', '0'): I(V) = 0   I(V^ss) = 0
==> t12839 chi#3=a:('0', '0', '1', '0'),b:('-1', '0', '1', '0'),c:('1', '0', '0', '0') h1=1 m=3 psi=a:('-1', '0', '1', '0'),b:('-1', '0', '1', '0'),c:('1', '0', '0', '0'): I(V) = 0   I(V^ss) = 0
==> t12839 chi#3=a:('0', '0', '1', '0'),b:('-1', '0', '1', '0'),c:('1', '0', '0', '0') h1=1 m=3 psi=a:('-1', '0', '1', '0'),b:('-1', '0', '1', '0'),c:('-1', '0', '1', '0'): I(V) = 0   I(V^ss) = 0
==> t12839 chi#3=a:('0', '0', '1', '0'),b:('-1', '0', '1', '0'),c:('1', '0', '0', '0') h1=1 m=3 psi=a:('-1', '0', '1', '0'),b:('-1', '0', '1', '0'),c:('0', '0', '-1', '0'): I(V) = 0   I(V^ss) = 0
==> t12839 chi#3=a:('0', '0', '1', '0'),b:('-1', '0', '1', '0'),c:('1', '0', '0', '0') h1=1 m=3 psi=a:('-1', '0', '1', '0'),b:('0', '0', '-1', '0'),c:('1', '0', '0', '0'): I(V) = 0   I(V^ss) = 0
==> t12839 chi#3=a:('0', '0', '1', '0'),b:('-1', '0', '1', '0'),c:('1', '0', '0', '0') h1=1 m=3 psi=a:('-1', '0', '1', '0'),b:('0', '0', '-1', '0'),c:('-1', '0', '1', '0'): I(V) = 0   I(V^ss) = 0
==> t12839 chi#3=a:('0', '0', '1', '0'),b:('-1', '0', '1', '0'),c:('1', '0', '0', '0') h1=1 m=3 psi=a:('-1', '0', '1', '0'),b:('0', '0', '-1', '0'),c:('0', '0', '-1', '0'): I(V) = 0   I(V^ss) = 0
==> t12839 chi#3=a:('0', '0', '1', '0'),b:('-1', '0', '1', '0'),c:('1', '0', '0', '0') h1=1 m=3 psi=a:('-1', '0', '0', '0'),b:('1', '0', '0', '0'),c:('1', '0', '0', '0'): I(V) = 0   I(V^ss) = 0
==> t12839 chi#3=a:('0', '0', '1', '0'),b:('-1', '0', '1', '0'),c:('1', '0', '0', '0') h1=1 m=3 psi=a:('-1', '0', '0', '0'),b:('1', '0', '0', '0'),c:('-1', '0', '1', '0'): I(V) = 0   I(V^ss) = 0
==> t12839 chi#3=a:('0', '0', '1', '0'),b:('-1', '0', '1', '0'),c:('1', '0', '0', '0') h1=1 m=3 psi=a:('-1', '0', '0', '0'),b:('1', '0', '0', '0'),c:('0', '0', '-1', '0'): I(V) = 0   I(V^ss) = 0
==> t12839 chi#3=a:('0', '0', '1', '0'),b:('-1', '0', '1', '0'),c:('1', '0', '0', '0') h1=1 m=3 psi=a:('-1', '0', '0', '0'),b:('-1', '0', '1', '0'),c:('1', '0', '0', '0'): I(V) = 0   I(V^ss) = 0
==> t12839 chi#3=a:('0', '0', '1', '0'),b:('-1', '0', '1', '0'),c:('1', '0', '0', '0') h1=1 m=3 psi=a:('-1', '0', '0', '0'),b:('-1', '0', '1', '0'),c:('-1', '0', '1', '0'): I(V) = 0   I(V^ss) = 0
==> t12839 chi#3=a:('0', '0', '1', '0'),b:('-1', '0', '1', '0'),c:('1', '0', '0', '0') h1=1 m=3 psi=a:('-1', '0', '0', '0'),b:('-1', '0', '1', '0'),c:('0', '0', '-1', '0'): I(V) = 0   I(V^ss) = 0
==> t12839 chi#3=a:('0', '0', '1', '0'),b:('-1', '0', '1', '0'),c:('1', '0', '0', '0') h1=1 m=3 psi=a:('-1', '0', '0', '0'),b:('0', '0', '-1', '0'),c:('1', '0', '0', '0'): I(V) = 0   I(V^ss) = 0
==> t12839 chi#3=a:('0', '0', '1', '0'),b:('-1', '0', '1', '0'),c:('1', '0', '0', '0') h1=1 m=3 psi=a:('-1', '0', '0', '0'),b:('0', '0', '-1', '0'),c:('-1', '0', '1', '0'): I(V) = 0   I(V^ss) = 0
==> t12839 chi#3=a:('0', '0', '1', '0'),b:('-1', '0', '1', '0'),c:('1', '0', '0', '0') h1=1 m=3 psi=a:('-1', '0', '0', '0'),b:('0', '0', '-1', '0'),c:('0', '0', '-1', '0'): I(V) = 0   I(V^ss) = 0
==> t12839 chi#3=a:('0', '0', '1', '0'),b:('-1', '0', '1', '0'),c:('1', '0', '0', '0') h1=1 m=3 psi=a:('0', '0', '-1', '0'),b:('1', '0', '0', '0'),c:('1', '0', '0', '0'): I(V) = 0   I(V^ss) = 0
==> t12839 chi#3=a:('0', '0', '1', '0'),b:('-1', '0', '1', '0'),c:('1', '0', '0', '0') h1=1 m=3 psi=a:('0', '0', '-1', '0'),b:('1', '0', '0', '0'),c:('-1', '0', '1', '0'): I(V) = 0   I(V^ss) = 0
==> t12839 chi#3=a:('0', '0', '1', '0'),b:('-1', '0', '1', '0'),c:('1', '0', '0', '0') h1=1 m=3 psi=a:('0', '0', '-1', '0'),b:('1', '0', '0', '0'),c:('0', '0', '-1', '0'): I(V) = 0   I(V^ss) = 0
==> t12839 chi#3=a:('0', '0', '1', '0'),b:('-1', '0', '1', '0'),c:('1', '0', '0', '0') h1=1 m=3 psi=a:('0', '0', '-1', '0'),b:('-1', '0', '1', '0'),c:('1', '0', '0', '0'): I(V) = 0   I(V^ss) = 0
==> t12839 chi#3=a:('0', '0', '1', '0'),b:('-1', '0', '1', '0'),c:('1', '0', '0', '0') h1=1 m=3 psi=a:('0', '0', '-1', '0'),b:('-1', '0', '1', '0'),c:('-1', '0', '1', '0'): I(V) = 0   I(V^ss) = 0
==> t12839 chi#3=a:('0', '0', '1', '0'),b:('-1', '0', '1', '0'),c:('1', '0', '0', '0') h1=1 m=3 psi=a:('0', '0', '-1', '0'),b:('-1', '0', '1', '0'),c:('0', '0', '-1', '0'): I(V) = 0   I(V^ss) = 0
==> t12839 chi#3=a:('0', '0', '1', '0'),b:('-1', '0', '1', '0'),c:('1', '0', '0', '0') h1=1 m=3 psi=a:('0', '0', '-1', '0'),b:('0', '0', '-1', '0'),c:('1', '0', '0', '0'): I(V) = 0   I(V^ss) = 0
==> t12839 chi#3=a:('0', '0', '1', '0'),b:('-1', '0', '1', '0'),c:('1', '0', '0', '0') h1=1 m=3 psi=a:('0', '0', '-1', '0'),b:('0', '0', '-1', '0'),c:('-1', '0', '1', '0'): I(V) = 0   I(V^ss) = 0
==> t12839 chi#3=a:('0', '0', '1', '0'),b:('-1', '0', '1', '0'),c:('1', '0', '0', '0') h1=1 m=3 psi=a:('0', '0', '-1', '0'),b:('0', '0', '-1', '0'),c:('0', '0', '-1', '0'): I(V) = 0   I(V^ss) = 0
==> t12839 chi#3=a:('0', '0', '1', '0'),b:('-1', '0', '1', '0'),c:('1', '0', '0', '0') h1=1 m=3 psi=a:('1', '0', '-1', '0'),b:('1', '0', '0', '0'),c:('1', '0', '0', '0'): I(V) = 0   I(V^ss) = 0
==> t12839 chi#3=a:('0', '0', '1', '0'),b:('-1', '0', '1', '0'),c:('1', '0', '0', '0') h1=1 m=3 psi=a:('1', '0', '-1', '0'),b:('1', '0', '0', '0'),c:('-1', '0', '1', '0'): I(V) = 0   I(V^ss) = 0
==> t12839 chi#3=a:('0', '0', '1', '0'),b:('-1', '0', '1', '0'),c:('1', '0', '0', '0') h1=1 m=3 psi=a:('1', '0', '-1', '0'),b:('1', '0', '0', '0'),c:('0', '0', '-1', '0'): I(V) = 0   I(V^ss) = 0
==> t12839 chi#3=a:('0', '0', '1', '0'),b:('-1', '0', '1', '0'),c:('1', '0', '0', '0') h1=1 m=3 psi=a:('1', '0', '-1', '0'),b:('-1', '0', '1', '0'),c:('1', '0', '0', '0'): I(V) = 0   I(V^ss) = 0
==> t12839 chi#3=a:('0', '0', '1', '0'),b:('-1', '0', '1', '0'),c:('1', '0', '0', '0') h1=1 m=3 psi=a:('1', '0', '-1', '0'),b:('-1', '0', '1', '0'),c:('-1', '0', '1', '0'): I(V) = 0   I(V^ss) = 0
==> t12839 chi#3=a:('0', '0', '1', '0'),b:('-1', '0', '1', '0'),c:('1', '0', '0', '0') h1=1 m=3 psi=a:('1', '0', '-1', '0'),b:('-1', '0', '1', '0'),c:('0', '0', '-1', '0'): I(V) = 0   I(V^ss) = 0
==> t12839 chi#3=a:('0', '0', '1', '0'),b:('-1', '0', '1', '0'),c:('1', '0', '0', '0') h1=1 m=3 psi=a:('1', '0', '-1', '0'),b:('0', '0', '-1', '0'),c:('1', '0', '0', '0'): I(V) = 0   I(V^ss) = 0
==> t12839 chi#3=a:('0', '0', '1', '0'),b:('-1', '0', '1', '0'),c:('1', '0', '0', '0') h1=1 m=3 psi=a:('1', '0', '-1', '0'),b:('0', '0', '-1', '0'),c:('-1', '0', '1', '0'): I(V) = 0   I(V^ss) = 0
==> t12839 chi#3=a:('0', '0', '1', '0'),b:('-1', '0', '1', '0'),c:('1', '0', '0', '0') h1=1 m=3 psi=a:('1', '0', '-1', '0'),b:('0', '0', '-1', '0'),c:('0', '0', '-1', '0'): I(V) = 0   I(V^ss) = 0
==> t12839 chi#3=a:('0', '0', '1', '0'),b:('-1', '0', '1', '0'),c:('1', '0', '0', '0') h1=1 m=3 psi=chi^1: I(V) = 0   I(V^ss) = 0
==> t12839 chi#3=a:('0', '0', '1', '0'),b:('-1', '0', '1', '0'),c:('1', '0', '0', '0') h1=1 m=3 psi=chi^2: I(V) = 0   I(V^ss) = 0
==> t12839 chi#3=a:('0', '0', '1', '0'),b:('-1', '0', '1', '0'),c:('1', '0', '0', '0') h1=1 m=3 psi=chi^3: I(V) = 0   I(V^ss) = 0
  locus chi#4=a:('0', '0', '1', '0'),b:('0', '0', '-1', '0'),c:('-1', '0', '1', '0') h1=1
==> t12839 chi#4=a:('0', '0', '1', '0'),b:('0', '0', '-1', '0'),c:('-1', '0', '1', '0') h1=1 m=1 psi=a:('1', '0', '0', '0'),b:('1', '0', '0', '0'),c:('1', '0', '0', '0'): I(V) = 0   I(V^ss) = 0
==> t12839 chi#4=a:('0', '0', '1', '0'),b:('0', '0', '-1', '0'),c:('-1', '0', '1', '0') h1=1 m=1 psi=a:('1', '0', '0', '0'),b:('1', '0', '0', '0'),c:('-1', '0', '1', '0'): I(V) = 0   I(V^ss) = 0
==> t12839 chi#4=a:('0', '0', '1', '0'),b:('0', '0', '-1', '0'),c:('-1', '0', '1', '0') h1=1 m=1 psi=a:('1', '0', '0', '0'),b:('1', '0', '0', '0'),c:('0', '0', '-1', '0'): I(V) = 0   I(V^ss) = 0
==> t12839 chi#4=a:('0', '0', '1', '0'),b:('0', '0', '-1', '0'),c:('-1', '0', '1', '0') h1=1 m=1 psi=a:('1', '0', '0', '0'),b:('-1', '0', '1', '0'),c:('1', '0', '0', '0'): I(V) = 0   I(V^ss) = 0
==> t12839 chi#4=a:('0', '0', '1', '0'),b:('0', '0', '-1', '0'),c:('-1', '0', '1', '0') h1=1 m=1 psi=a:('1', '0', '0', '0'),b:('-1', '0', '1', '0'),c:('-1', '0', '1', '0'): I(V) = 0   I(V^ss) = 0
==> t12839 chi#4=a:('0', '0', '1', '0'),b:('0', '0', '-1', '0'),c:('-1', '0', '1', '0') h1=1 m=1 psi=a:('1', '0', '0', '0'),b:('-1', '0', '1', '0'),c:('0', '0', '-1', '0'): I(V) = 0   I(V^ss) = 0
==> t12839 chi#4=a:('0', '0', '1', '0'),b:('0', '0', '-1', '0'),c:('-1', '0', '1', '0') h1=1 m=1 psi=a:('1', '0', '0', '0'),b:('0', '0', '-1', '0'),c:('1', '0', '0', '0'): I(V) = 0   I(V^ss) = 0
==> t12839 chi#4=a:('0', '0', '1', '0'),b:('0', '0', '-1', '0'),c:('-1', '0', '1', '0') h1=1 m=1 psi=a:('1', '0', '0', '0'),b:('0', '0', '-1', '0'),c:('-1', '0', '1', '0'): I(V) = 0   I(V^ss) = 0
==> t12839 chi#4=a:('0', '0', '1', '0'),b:('0', '0', '-1', '0'),c:('-1', '0', '1', '0') h1=1 m=1 psi=a:('1', '0', '0', '0'),b:('0', '0', '-1', '0'),c:('0', '0', '-1', '0'): I(V) = 0   I(V^ss) = 0
==> t12839 chi#4=a:('0', '0', '1', '0'),b:('0', '0', '-1', '0'),c:('-1', '0', '1', '0') h1=1 m=1 psi=a:('0', '0', '1', '0'),b:('1', '0', '0', '0'),c:('1', '0', '0', '0'): I(V) = 0   I(V^ss) = 0
==> t12839 chi#4=a:('0', '0', '1', '0'),b:('0', '0', '-1', '0'),c:('-1', '0', '1', '0') h1=1 m=1 psi=a:('0', '0', '1', '0'),b:('1', '0', '0', '0'),c:('-1', '0', '1', '0'): I(V) = 0   I(V^ss) = 0
==> t12839 chi#4=a:('0', '0', '1', '0'),b:('0', '0', '-1', '0'),c:('-1', '0', '1', '0') h1=1 m=1 psi=a:('0', '0', '1', '0'),b:('1', '0', '0', '0'),c:('0', '0', '-1', '0'): I(V) = 1   I(V^ss) = 0
==> t12839 chi#4=a:('0', '0', '1', '0'),b:('0', '0', '-1', '0'),c:('-1', '0', '1', '0') h1=1 m=1 psi=a:('0', '0', '1', '0'),b:('-1', '0', '1', '0'),c:('1', '0', '0', '0'): I(V) = 0   I(V^ss) = 0
==> t12839 chi#4=a:('0', '0', '1', '0'),b:('0', '0', '-1', '0'),c:('-1', '0', '1', '0') h1=1 m=1 psi=a:('0', '0', '1', '0'),b:('-1', '0', '1', '0'),c:('-1', '0', '1', '0'): I(V) = 0   I(V^ss) = 0
==> t12839 chi#4=a:('0', '0', '1', '0'),b:('0', '0', '-1', '0'),c:('-1', '0', '1', '0') h1=1 m=1 psi=a:('0', '0', '1', '0'),b:('-1', '0', '1', '0'),c:('0', '0', '-1', '0'): I(V) = 0   I(V^ss) = 0
==> t12839 chi#4=a:('0', '0', '1', '0'),b:('0', '0', '-1', '0'),c:('-1', '0', '1', '0') h1=1 m=1 psi=a:('0', '0', '1', '0'),b:('0', '0', '-1', '0'),c:('1', '0', '0', '0'): I(V) = 0   I(V^ss) = 0
==> t12839 chi#4=a:('0', '0', '1', '0'),b:('0', '0', '-1', '0'),c:('-1', '0', '1', '0') h1=1 m=1 psi=a:('0', '0', '1', '0'),b:('0', '0', '-1', '0'),c:('-1', '0', '1', '0'): I(V) = 0   I(V^ss) = 0
==> t12839 chi#4=a:('0', '0', '1', '0'),b:('0', '0', '-1', '0'),c:('-1', '0', '1', '0') h1=1 m=1 psi=a:('0', '0', '1', '0'),b:('0', '0', '-1', '0'),c:('0', '0', '-1', '0'): I(V) = 0   I(V^ss) = 0
==> t12839 chi#4=a:('0', '0', '1', '0'),b:('0', '0', '-1', '0'),c:('-1', '0', '1', '0') h1=1 m=1 psi=a:('-1', '0', '1', '0'),b:('1', '0', '0', '0'),c:('1', '0', '0', '0'): I(V) = 0   I(V^ss) = 0
==> t12839 chi#4=a:('0', '0', '1', '0'),b:('0', '0', '-1', '0'),c:('-1', '0', '1', '0') h1=1 m=1 psi=a:('-1', '0', '1', '0'),b:('1', '0', '0', '0'),c:('-1', '0', '1', '0'): I(V) = 0   I(V^ss) = 0
==> t12839 chi#4=a:('0', '0', '1', '0'),b:('0', '0', '-1', '0'),c:('-1', '0', '1', '0') h1=1 m=1 psi=a:('-1', '0', '1', '0'),b:('1', '0', '0', '0'),c:('0', '0', '-1', '0'): I(V) = 0   I(V^ss) = 0
==> t12839 chi#4=a:('0', '0', '1', '0'),b:('0', '0', '-1', '0'),c:('-1', '0', '1', '0') h1=1 m=1 psi=a:('-1', '0', '1', '0'),b:('-1', '0', '1', '0'),c:('1', '0', '0', '0'): I(V) = 0   I(V^ss) = 0
==> t12839 chi#4=a:('0', '0', '1', '0'),b:('0', '0', '-1', '0'),c:('-1', '0', '1', '0') h1=1 m=1 psi=a:('-1', '0', '1', '0'),b:('-1', '0', '1', '0'),c:('-1', '0', '1', '0'): I(V) = 0   I(V^ss) = 0
==> t12839 chi#4=a:('0', '0', '1', '0'),b:('0', '0', '-1', '0'),c:('-1', '0', '1', '0') h1=1 m=1 psi=a:('-1', '0', '1', '0'),b:('-1', '0', '1', '0'),c:('0', '0', '-1', '0'): I(V) = 0   I(V^ss) = 0
==> t12839 chi#4=a:('0', '0', '1', '0'),b:('0', '0', '-1', '0'),c:('-1', '0', '1', '0') h1=1 m=1 psi=a:('-1', '0', '1', '0'),b:('0', '0', '-1', '0'),c:('1', '0', '0', '0'): I(V) = 0   I(V^ss) = 0
==> t12839 chi#4=a:('0', '0', '1', '0'),b:('0', '0', '-1', '0'),c:('-1', '0', '1', '0') h1=1 m=1 psi=a:('-1', '0', '1', '0'),b:('0', '0', '-1', '0'),c:('-1', '0', '1', '0'): I(V) = 0   I(V^ss) = 0
==> t12839 chi#4=a:('0', '0', '1', '0'),b:('0', '0', '-1', '0'),c:('-1', '0', '1', '0') h1=1 m=1 psi=a:('-1', '0', '1', '0'),b:('0', '0', '-1', '0'),c:('0', '0', '-1', '0'): I(V) = 0   I(V^ss) = 0
==> t12839 chi#4=a:('0', '0', '1', '0'),b:('0', '0', '-1', '0'),c:('-1', '0', '1', '0') h1=1 m=1 psi=a:('-1', '0', '0', '0'),b:('1', '0', '0', '0'),c:('1', '0', '0', '0'): I(V) = 0   I(V^ss) = 0
==> t12839 chi#4=a:('0', '0', '1', '0'),b:('0', '0', '-1', '0'),c:('-1', '0', '1', '0') h1=1 m=1 psi=a:('-1', '0', '0', '0'),b:('1', '0', '0', '0'),c:('-1', '0', '1', '0'): I(V) = 0   I(V^ss) = 0
==> t12839 chi#4=a:('0', '0', '1', '0'),b:('0', '0', '-1', '0'),c:('-1', '0', '1', '0') h1=1 m=1 psi=a:('-1', '0', '0', '0'),b:('1', '0', '0', '0'),c:('0', '0', '-1', '0'): I(V) = 0   I(V^ss) = 0
==> t12839 chi#4=a:('0', '0', '1', '0'),b:('0', '0', '-1', '0'),c:('-1', '0', '1', '0') h1=1 m=1 psi=a:('-1', '0', '0', '0'),b:('-1', '0', '1', '0'),c:('1', '0', '0', '0'): I(V) = 0   I(V^ss) = 0
==> t12839 chi#4=a:('0', '0', '1', '0'),b:('0', '0', '-1', '0'),c:('-1', '0', '1', '0') h1=1 m=1 psi=a:('-1', '0', '0', '0'),b:('-1', '0', '1', '0'),c:('-1', '0', '1', '0'): I(V) = -1   I(V^ss) = 0
==> t12839 chi#4=a:('0', '0', '1', '0'),b:('0', '0', '-1', '0'),c:('-1', '0', '1', '0') h1=1 m=1 psi=a:('-1', '0', '0', '0'),b:('-1', '0', '1', '0'),c:('0', '0', '-1', '0'): I(V) = 0   I(V^ss) = 0
==> t12839 chi#4=a:('0', '0', '1', '0'),b:('0', '0', '-1', '0'),c:('-1', '0', '1', '0') h1=1 m=1 psi=a:('-1', '0', '0', '0'),b:('0', '0', '-1', '0'),c:('1', '0', '0', '0'): I(V) = 0   I(V^ss) = 0
==> t12839 chi#4=a:('0', '0', '1', '0'),b:('0', '0', '-1', '0'),c:('-1', '0', '1', '0') h1=1 m=1 psi=a:('-1', '0', '0', '0'),b:('0', '0', '-1', '0'),c:('-1', '0', '1', '0'): I(V) = 0   I(V^ss) = 0
==> t12839 chi#4=a:('0', '0', '1', '0'),b:('0', '0', '-1', '0'),c:('-1', '0', '1', '0') h1=1 m=1 psi=a:('-1', '0', '0', '0'),b:('0', '0', '-1', '0'),c:('0', '0', '-1', '0'): I(V) = 1   I(V^ss) = 0
==> t12839 chi#4=a:('0', '0', '1', '0'),b:('0', '0', '-1', '0'),c:('-1', '0', '1', '0') h1=1 m=1 psi=a:('0', '0', '-1', '0'),b:('1', '0', '0', '0'),c:('1', '0', '0', '0'): I(V) = 0   I(V^ss) = 0
==> t12839 chi#4=a:('0', '0', '1', '0'),b:('0', '0', '-1', '0'),c:('-1', '0', '1', '0') h1=1 m=1 psi=a:('0', '0', '-1', '0'),b:('1', '0', '0', '0'),c:('-1', '0', '1', '0'): I(V) = 0   I(V^ss) = 0
==> t12839 chi#4=a:('0', '0', '1', '0'),b:('0', '0', '-1', '0'),c:('-1', '0', '1', '0') h1=1 m=1 psi=a:('0', '0', '-1', '0'),b:('1', '0', '0', '0'),c:('0', '0', '-1', '0'): I(V) = 0   I(V^ss) = 0
==> t12839 chi#4=a:('0', '0', '1', '0'),b:('0', '0', '-1', '0'),c:('-1', '0', '1', '0') h1=1 m=1 psi=a:('0', '0', '-1', '0'),b:('-1', '0', '1', '0'),c:('1', '0', '0', '0'): I(V) = 0   I(V^ss) = 0
==> t12839 chi#4=a:('0', '0', '1', '0'),b:('0', '0', '-1', '0'),c:('-1', '0', '1', '0') h1=1 m=1 psi=a:('0', '0', '-1', '0'),b:('-1', '0', '1', '0'),c:('-1', '0', '1', '0'): I(V) = 0   I(V^ss) = 0
==> t12839 chi#4=a:('0', '0', '1', '0'),b:('0', '0', '-1', '0'),c:('-1', '0', '1', '0') h1=1 m=1 psi=a:('0', '0', '-1', '0'),b:('-1', '0', '1', '0'),c:('0', '0', '-1', '0'): I(V) = 0   I(V^ss) = 0
==> t12839 chi#4=a:('0', '0', '1', '0'),b:('0', '0', '-1', '0'),c:('-1', '0', '1', '0') h1=1 m=1 psi=a:('0', '0', '-1', '0'),b:('0', '0', '-1', '0'),c:('1', '0', '0', '0'): I(V) = 0   I(V^ss) = 0
==> t12839 chi#4=a:('0', '0', '1', '0'),b:('0', '0', '-1', '0'),c:('-1', '0', '1', '0') h1=1 m=1 psi=a:('0', '0', '-1', '0'),b:('0', '0', '-1', '0'),c:('-1', '0', '1', '0'): I(V) = 0   I(V^ss) = 0
==> t12839 chi#4=a:('0', '0', '1', '0'),b:('0', '0', '-1', '0'),c:('-1', '0', '1', '0') h1=1 m=1 psi=a:('0', '0', '-1', '0'),b:('0', '0', '-1', '0'),c:('0', '0', '-1', '0'): I(V) = 0   I(V^ss) = 0
==> t12839 chi#4=a:('0', '0', '1', '0'),b:('0', '0', '-1', '0'),c:('-1', '0', '1', '0') h1=1 m=1 psi=a:('1', '0', '-1', '0'),b:('1', '0', '0', '0'),c:('1', '0', '0', '0'): I(V) = 0   I(V^ss) = 0
==> t12839 chi#4=a:('0', '0', '1', '0'),b:('0', '0', '-1', '0'),c:('-1', '0', '1', '0') h1=1 m=1 psi=a:('1', '0', '-1', '0'),b:('1', '0', '0', '0'),c:('-1', '0', '1', '0'): I(V) = -1   I(V^ss) = 0
==> t12839 chi#4=a:('0', '0', '1', '0'),b:('0', '0', '-1', '0'),c:('-1', '0', '1', '0') h1=1 m=1 psi=a:('1', '0', '-1', '0'),b:('1', '0', '0', '0'),c:('0', '0', '-1', '0'): I(V) = 0   I(V^ss) = 0
==> t12839 chi#4=a:('0', '0', '1', '0'),b:('0', '0', '-1', '0'),c:('-1', '0', '1', '0') h1=1 m=1 psi=a:('1', '0', '-1', '0'),b:('-1', '0', '1', '0'),c:('1', '0', '0', '0'): I(V) = 0   I(V^ss) = 0
==> t12839 chi#4=a:('0', '0', '1', '0'),b:('0', '0', '-1', '0'),c:('-1', '0', '1', '0') h1=1 m=1 psi=a:('1', '0', '-1', '0'),b:('-1', '0', '1', '0'),c:('-1', '0', '1', '0'): I(V) = 0   I(V^ss) = 0
==> t12839 chi#4=a:('0', '0', '1', '0'),b:('0', '0', '-1', '0'),c:('-1', '0', '1', '0') h1=1 m=1 psi=a:('1', '0', '-1', '0'),b:('-1', '0', '1', '0'),c:('0', '0', '-1', '0'): I(V) = 0   I(V^ss) = 0
==> t12839 chi#4=a:('0', '0', '1', '0'),b:('0', '0', '-1', '0'),c:('-1', '0', '1', '0') h1=1 m=1 psi=a:('1', '0', '-1', '0'),b:('0', '0', '-1', '0'),c:('1', '0', '0', '0'): I(V) = 0   I(V^ss) = 0
==> t12839 chi#4=a:('0', '0', '1', '0'),b:('0', '0', '-1', '0'),c:('-1', '0', '1', '0') h1=1 m=1 psi=a:('1', '0', '-1', '0'),b:('0', '0', '-1', '0'),c:('-1', '0', '1', '0'): I(V) = 0   I(V^ss) = 0
==> t12839 chi#4=a:('0', '0', '1', '0'),b:('0', '0', '-1', '0'),c:('-1', '0', '1', '0') h1=1 m=1 psi=a:('1', '0', '-1', '0'),b:('0', '0', '-1', '0'),c:('0', '0', '-1', '0'): I(V) = 0   I(V^ss) = 0
==> t12839 chi#4=a:('0', '0', '1', '0'),b:('0', '0', '-1', '0'),c:('-1', '0', '1', '0') h1=1 m=1 psi=chi^1: I(V) = 0   I(V^ss) = 0
==> t12839 chi#4=a:('0', '0', '1', '0'),b:('0', '0', '-1', '0'),c:('-1', '0', '1', '0') h1=1 m=1 psi=chi^2: I(V) = 0   I(V^ss) = 0
==> t12839 chi#4=a:('0', '0', '1', '0'),b:('0', '0', '-1', '0'),c:('-1', '0', '1', '0') h1=1 m=1 psi=chi^3: I(V) = 0   I(V^ss) = 0
==> t12839 chi#4=a:('0', '0', '1', '0'),b:('0', '0', '-1', '0'),c:('-1', '0', '1', '0') h1=1 m=2 psi=a:('1', '0', '0', '0'),b:('1', '0', '0', '0'),c:('1', '0', '0', '0'): I(V) = 0   I(V^ss) = 0
==> t12839 chi#4=a:('0', '0', '1', '0'),b:('0', '0', '-1', '0'),c:('-1', '0', '1', '0') h1=1 m=2 psi=a:('1', '0', '0', '0'),b:('1', '0', '0', '0'),c:('-1', '0', '1', '0'): I(V) = 0   I(V^ss) = 0
==> t12839 chi#4=a:('0', '0', '1', '0'),b:('0', '0', '-1', '0'),c:('-1', '0', '1', '0') h1=1 m=2 psi=a:('1', '0', '0', '0'),b:('1', '0', '0', '0'),c:('0', '0', '-1', '0'): I(V) = 0   I(V^ss) = 0
==> t12839 chi#4=a:('0', '0', '1', '0'),b:('0', '0', '-1', '0'),c:('-1', '0', '1', '0') h1=1 m=2 psi=a:('1', '0', '0', '0'),b:('-1', '0', '1', '0'),c:('1', '0', '0', '0'): I(V) = 0   I(V^ss) = 0
==> t12839 chi#4=a:('0', '0', '1', '0'),b:('0', '0', '-1', '0'),c:('-1', '0', '1', '0') h1=1 m=2 psi=a:('1', '0', '0', '0'),b:('-1', '0', '1', '0'),c:('-1', '0', '1', '0'): I(V) = 1   I(V^ss) = 0
==> t12839 chi#4=a:('0', '0', '1', '0'),b:('0', '0', '-1', '0'),c:('-1', '0', '1', '0') h1=1 m=2 psi=a:('1', '0', '0', '0'),b:('-1', '0', '1', '0'),c:('0', '0', '-1', '0'): I(V) = 0   I(V^ss) = 0
==> t12839 chi#4=a:('0', '0', '1', '0'),b:('0', '0', '-1', '0'),c:('-1', '0', '1', '0') h1=1 m=2 psi=a:('1', '0', '0', '0'),b:('0', '0', '-1', '0'),c:('1', '0', '0', '0'): I(V) = 0   I(V^ss) = 0
==> t12839 chi#4=a:('0', '0', '1', '0'),b:('0', '0', '-1', '0'),c:('-1', '0', '1', '0') h1=1 m=2 psi=a:('1', '0', '0', '0'),b:('0', '0', '-1', '0'),c:('-1', '0', '1', '0'): I(V) = 0   I(V^ss) = 0
==> t12839 chi#4=a:('0', '0', '1', '0'),b:('0', '0', '-1', '0'),c:('-1', '0', '1', '0') h1=1 m=2 psi=a:('1', '0', '0', '0'),b:('0', '0', '-1', '0'),c:('0', '0', '-1', '0'): I(V) = -1   I(V^ss) = 0
==> t12839 chi#4=a:('0', '0', '1', '0'),b:('0', '0', '-1', '0'),c:('-1', '0', '1', '0') h1=1 m=2 psi=a:('0', '0', '1', '0'),b:('1', '0', '0', '0'),c:('1', '0', '0', '0'): I(V) = 0   I(V^ss) = 0
==> t12839 chi#4=a:('0', '0', '1', '0'),b:('0', '0', '-1', '0'),c:('-1', '0', '1', '0') h1=1 m=2 psi=a:('0', '0', '1', '0'),b:('1', '0', '0', '0'),c:('-1', '0', '1', '0'): I(V) = 0   I(V^ss) = 0
==> t12839 chi#4=a:('0', '0', '1', '0'),b:('0', '0', '-1', '0'),c:('-1', '0', '1', '0') h1=1 m=2 psi=a:('0', '0', '1', '0'),b:('1', '0', '0', '0'),c:('0', '0', '-1', '0'): I(V) = 0   I(V^ss) = 0
==> t12839 chi#4=a:('0', '0', '1', '0'),b:('0', '0', '-1', '0'),c:('-1', '0', '1', '0') h1=1 m=2 psi=a:('0', '0', '1', '0'),b:('-1', '0', '1', '0'),c:('1', '0', '0', '0'): I(V) = 0   I(V^ss) = 0
==> t12839 chi#4=a:('0', '0', '1', '0'),b:('0', '0', '-1', '0'),c:('-1', '0', '1', '0') h1=1 m=2 psi=a:('0', '0', '1', '0'),b:('-1', '0', '1', '0'),c:('-1', '0', '1', '0'): I(V) = 0   I(V^ss) = 0
==> t12839 chi#4=a:('0', '0', '1', '0'),b:('0', '0', '-1', '0'),c:('-1', '0', '1', '0') h1=1 m=2 psi=a:('0', '0', '1', '0'),b:('-1', '0', '1', '0'),c:('0', '0', '-1', '0'): I(V) = 0   I(V^ss) = 0
==> t12839 chi#4=a:('0', '0', '1', '0'),b:('0', '0', '-1', '0'),c:('-1', '0', '1', '0') h1=1 m=2 psi=a:('0', '0', '1', '0'),b:('0', '0', '-1', '0'),c:('1', '0', '0', '0'): I(V) = 0   I(V^ss) = 0
==> t12839 chi#4=a:('0', '0', '1', '0'),b:('0', '0', '-1', '0'),c:('-1', '0', '1', '0') h1=1 m=2 psi=a:('0', '0', '1', '0'),b:('0', '0', '-1', '0'),c:('-1', '0', '1', '0'): I(V) = 0   I(V^ss) = 0
==> t12839 chi#4=a:('0', '0', '1', '0'),b:('0', '0', '-1', '0'),c:('-1', '0', '1', '0') h1=1 m=2 psi=a:('0', '0', '1', '0'),b:('0', '0', '-1', '0'),c:('0', '0', '-1', '0'): I(V) = 0   I(V^ss) = 0
==> t12839 chi#4=a:('0', '0', '1', '0'),b:('0', '0', '-1', '0'),c:('-1', '0', '1', '0') h1=1 m=2 psi=a:('-1', '0', '1', '0'),b:('1', '0', '0', '0'),c:('1', '0', '0', '0'): I(V) = 0   I(V^ss) = 0
==> t12839 chi#4=a:('0', '0', '1', '0'),b:('0', '0', '-1', '0'),c:('-1', '0', '1', '0') h1=1 m=2 psi=a:('-1', '0', '1', '0'),b:('1', '0', '0', '0'),c:('-1', '0', '1', '0'): I(V) = 1   I(V^ss) = 0
==> t12839 chi#4=a:('0', '0', '1', '0'),b:('0', '0', '-1', '0'),c:('-1', '0', '1', '0') h1=1 m=2 psi=a:('-1', '0', '1', '0'),b:('1', '0', '0', '0'),c:('0', '0', '-1', '0'): I(V) = 0   I(V^ss) = 0
==> t12839 chi#4=a:('0', '0', '1', '0'),b:('0', '0', '-1', '0'),c:('-1', '0', '1', '0') h1=1 m=2 psi=a:('-1', '0', '1', '0'),b:('-1', '0', '1', '0'),c:('1', '0', '0', '0'): I(V) = 0   I(V^ss) = 0
==> t12839 chi#4=a:('0', '0', '1', '0'),b:('0', '0', '-1', '0'),c:('-1', '0', '1', '0') h1=1 m=2 psi=a:('-1', '0', '1', '0'),b:('-1', '0', '1', '0'),c:('-1', '0', '1', '0'): I(V) = 0   I(V^ss) = 0
==> t12839 chi#4=a:('0', '0', '1', '0'),b:('0', '0', '-1', '0'),c:('-1', '0', '1', '0') h1=1 m=2 psi=a:('-1', '0', '1', '0'),b:('-1', '0', '1', '0'),c:('0', '0', '-1', '0'): I(V) = 0   I(V^ss) = 0
==> t12839 chi#4=a:('0', '0', '1', '0'),b:('0', '0', '-1', '0'),c:('-1', '0', '1', '0') h1=1 m=2 psi=a:('-1', '0', '1', '0'),b:('0', '0', '-1', '0'),c:('1', '0', '0', '0'): I(V) = 0   I(V^ss) = 0
==> t12839 chi#4=a:('0', '0', '1', '0'),b:('0', '0', '-1', '0'),c:('-1', '0', '1', '0') h1=1 m=2 psi=a:('-1', '0', '1', '0'),b:('0', '0', '-1', '0'),c:('-1', '0', '1', '0'): I(V) = 0   I(V^ss) = 0
==> t12839 chi#4=a:('0', '0', '1', '0'),b:('0', '0', '-1', '0'),c:('-1', '0', '1', '0') h1=1 m=2 psi=a:('-1', '0', '1', '0'),b:('0', '0', '-1', '0'),c:('0', '0', '-1', '0'): I(V) = 0   I(V^ss) = 0
==> t12839 chi#4=a:('0', '0', '1', '0'),b:('0', '0', '-1', '0'),c:('-1', '0', '1', '0') h1=1 m=2 psi=a:('-1', '0', '0', '0'),b:('1', '0', '0', '0'),c:('1', '0', '0', '0'): I(V) = 0   I(V^ss) = 0
==> t12839 chi#4=a:('0', '0', '1', '0'),b:('0', '0', '-1', '0'),c:('-1', '0', '1', '0') h1=1 m=2 psi=a:('-1', '0', '0', '0'),b:('1', '0', '0', '0'),c:('-1', '0', '1', '0'): I(V) = 0   I(V^ss) = 0
==> t12839 chi#4=a:('0', '0', '1', '0'),b:('0', '0', '-1', '0'),c:('-1', '0', '1', '0') h1=1 m=2 psi=a:('-1', '0', '0', '0'),b:('1', '0', '0', '0'),c:('0', '0', '-1', '0'): I(V) = 0   I(V^ss) = 0
==> t12839 chi#4=a:('0', '0', '1', '0'),b:('0', '0', '-1', '0'),c:('-1', '0', '1', '0') h1=1 m=2 psi=a:('-1', '0', '0', '0'),b:('-1', '0', '1', '0'),c:('1', '0', '0', '0'): I(V) = 0   I(V^ss) = 0
==> t12839 chi#4=a:('0', '0', '1', '0'),b:('0', '0', '-1', '0'),c:('-1', '0', '1', '0') h1=1 m=2 psi=a:('-1', '0', '0', '0'),b:('-1', '0', '1', '0'),c:('-1', '0', '1', '0'): I(V) = 0   I(V^ss) = 0
==> t12839 chi#4=a:('0', '0', '1', '0'),b:('0', '0', '-1', '0'),c:('-1', '0', '1', '0') h1=1 m=2 psi=a:('-1', '0', '0', '0'),b:('-1', '0', '1', '0'),c:('0', '0', '-1', '0'): I(V) = 0   I(V^ss) = 0
==> t12839 chi#4=a:('0', '0', '1', '0'),b:('0', '0', '-1', '0'),c:('-1', '0', '1', '0') h1=1 m=2 psi=a:('-1', '0', '0', '0'),b:('0', '0', '-1', '0'),c:('1', '0', '0', '0'): I(V) = 0   I(V^ss) = 0
==> t12839 chi#4=a:('0', '0', '1', '0'),b:('0', '0', '-1', '0'),c:('-1', '0', '1', '0') h1=1 m=2 psi=a:('-1', '0', '0', '0'),b:('0', '0', '-1', '0'),c:('-1', '0', '1', '0'): I(V) = 0   I(V^ss) = 0
==> t12839 chi#4=a:('0', '0', '1', '0'),b:('0', '0', '-1', '0'),c:('-1', '0', '1', '0') h1=1 m=2 psi=a:('-1', '0', '0', '0'),b:('0', '0', '-1', '0'),c:('0', '0', '-1', '0'): I(V) = 0   I(V^ss) = 0
==> t12839 chi#4=a:('0', '0', '1', '0'),b:('0', '0', '-1', '0'),c:('-1', '0', '1', '0') h1=1 m=2 psi=a:('0', '0', '-1', '0'),b:('1', '0', '0', '0'),c:('1', '0', '0', '0'): I(V) = 0   I(V^ss) = 0
==> t12839 chi#4=a:('0', '0', '1', '0'),b:('0', '0', '-1', '0'),c:('-1', '0', '1', '0') h1=1 m=2 psi=a:('0', '0', '-1', '0'),b:('1', '0', '0', '0'),c:('-1', '0', '1', '0'): I(V) = 0   I(V^ss) = 0
==> t12839 chi#4=a:('0', '0', '1', '0'),b:('0', '0', '-1', '0'),c:('-1', '0', '1', '0') h1=1 m=2 psi=a:('0', '0', '-1', '0'),b:('1', '0', '0', '0'),c:('0', '0', '-1', '0'): I(V) = -1   I(V^ss) = 0
==> t12839 chi#4=a:('0', '0', '1', '0'),b:('0', '0', '-1', '0'),c:('-1', '0', '1', '0') h1=1 m=2 psi=a:('0', '0', '-1', '0'),b:('-1', '0', '1', '0'),c:('1', '0', '0', '0'): I(V) = 0   I(V^ss) = 0
==> t12839 chi#4=a:('0', '0', '1', '0'),b:('0', '0', '-1', '0'),c:('-1', '0', '1', '0') h1=1 m=2 psi=a:('0', '0', '-1', '0'),b:('-1', '0', '1', '0'),c:('-1', '0', '1', '0'): I(V) = 0   I(V^ss) = 0
==> t12839 chi#4=a:('0', '0', '1', '0'),b:('0', '0', '-1', '0'),c:('-1', '0', '1', '0') h1=1 m=2 psi=a:('0', '0', '-1', '0'),b:('-1', '0', '1', '0'),c:('0', '0', '-1', '0'): I(V) = 0   I(V^ss) = 0
==> t12839 chi#4=a:('0', '0', '1', '0'),b:('0', '0', '-1', '0'),c:('-1', '0', '1', '0') h1=1 m=2 psi=a:('0', '0', '-1', '0'),b:('0', '0', '-1', '0'),c:('1', '0', '0', '0'): I(V) = 0   I(V^ss) = 0
==> t12839 chi#4=a:('0', '0', '1', '0'),b:('0', '0', '-1', '0'),c:('-1', '0', '1', '0') h1=1 m=2 psi=a:('0', '0', '-1', '0'),b:('0', '0', '-1', '0'),c:('-1', '0', '1', '0'): I(V) = 0   I(V^ss) = 0
==> t12839 chi#4=a:('0', '0', '1', '0'),b:('0', '0', '-1', '0'),c:('-1', '0', '1', '0') h1=1 m=2 psi=a:('0', '0', '-1', '0'),b:('0', '0', '-1', '0'),c:('0', '0', '-1', '0'): I(V) = 0   I(V^ss) = 0
==> t12839 chi#4=a:('0', '0', '1', '0'),b:('0', '0', '-1', '0'),c:('-1', '0', '1', '0') h1=1 m=2 psi=a:('1', '0', '-1', '0'),b:('1', '0', '0', '0'),c:('1', '0', '0', '0'): I(V) = 0   I(V^ss) = 0
==> t12839 chi#4=a:('0', '0', '1', '0'),b:('0', '0', '-1', '0'),c:('-1', '0', '1', '0') h1=1 m=2 psi=a:('1', '0', '-1', '0'),b:('1', '0', '0', '0'),c:('-1', '0', '1', '0'): I(V) = 0   I(V^ss) = 0
==> t12839 chi#4=a:('0', '0', '1', '0'),b:('0', '0', '-1', '0'),c:('-1', '0', '1', '0') h1=1 m=2 psi=a:('1', '0', '-1', '0'),b:('1', '0', '0', '0'),c:('0', '0', '-1', '0'): I(V) = 0   I(V^ss) = 0
==> t12839 chi#4=a:('0', '0', '1', '0'),b:('0', '0', '-1', '0'),c:('-1', '0', '1', '0') h1=1 m=2 psi=a:('1', '0', '-1', '0'),b:('-1', '0', '1', '0'),c:('1', '0', '0', '0'): I(V) = 0   I(V^ss) = 0
==> t12839 chi#4=a:('0', '0', '1', '0'),b:('0', '0', '-1', '0'),c:('-1', '0', '1', '0') h1=1 m=2 psi=a:('1', '0', '-1', '0'),b:('-1', '0', '1', '0'),c:('-1', '0', '1', '0'): I(V) = 0   I(V^ss) = 0
==> t12839 chi#4=a:('0', '0', '1', '0'),b:('0', '0', '-1', '0'),c:('-1', '0', '1', '0') h1=1 m=2 psi=a:('1', '0', '-1', '0'),b:('-1', '0', '1', '0'),c:('0', '0', '-1', '0'): I(V) = 0   I(V^ss) = 0
==> t12839 chi#4=a:('0', '0', '1', '0'),b:('0', '0', '-1', '0'),c:('-1', '0', '1', '0') h1=1 m=2 psi=a:('1', '0', '-1', '0'),b:('0', '0', '-1', '0'),c:('1', '0', '0', '0'): I(V) = 0   I(V^ss) = 0
==> t12839 chi#4=a:('0', '0', '1', '0'),b:('0', '0', '-1', '0'),c:('-1', '0', '1', '0') h1=1 m=2 psi=a:('1', '0', '-1', '0'),b:('0', '0', '-1', '0'),c:('-1', '0', '1', '0'): I(V) = 0   I(V^ss) = 0
==> t12839 chi#4=a:('0', '0', '1', '0'),b:('0', '0', '-1', '0'),c:('-1', '0', '1', '0') h1=1 m=2 psi=a:('1', '0', '-1', '0'),b:('0', '0', '-1', '0'),c:('0', '0', '-1', '0'): I(V) = 0   I(V^ss) = 0
==> t12839 chi#4=a:('0', '0', '1', '0'),b:('0', '0', '-1', '0'),c:('-1', '0', '1', '0') h1=1 m=2 psi=chi^1: I(V) = 0   I(V^ss) = 0
==> t12839 chi#4=a:('0', '0', '1', '0'),b:('0', '0', '-1', '0'),c:('-1', '0', '1', '0') h1=1 m=2 psi=chi^2: I(V) = 0   I(V^ss) = 0
==> t12839 chi#4=a:('0', '0', '1', '0'),b:('0', '0', '-1', '0'),c:('-1', '0', '1', '0') h1=1 m=2 psi=chi^3: I(V) = 0   I(V^ss) = 0
==> t12839 chi#4=a:('0', '0', '1', '0'),b:('0', '0', '-1', '0'),c:('-1', '0', '1', '0') h1=1 m=3 psi=a:('1', '0', '0', '0'),b:('1', '0', '0', '0'),c:('1', '0', '0', '0'): I(V) = 0   I(V^ss) = 0
==> t12839 chi#4=a:('0', '0', '1', '0'),b:('0', '0', '-1', '0'),c:('-1', '0', '1', '0') h1=1 m=3 psi=a:('1', '0', '0', '0'),b:('1', '0', '0', '0'),c:('-1', '0', '1', '0'): I(V) = 0   I(V^ss) = 0
==> t12839 chi#4=a:('0', '0', '1', '0'),b:('0', '0', '-1', '0'),c:('-1', '0', '1', '0') h1=1 m=3 psi=a:('1', '0', '0', '0'),b:('1', '0', '0', '0'),c:('0', '0', '-1', '0'): I(V) = 0   I(V^ss) = 0
==> t12839 chi#4=a:('0', '0', '1', '0'),b:('0', '0', '-1', '0'),c:('-1', '0', '1', '0') h1=1 m=3 psi=a:('1', '0', '0', '0'),b:('-1', '0', '1', '0'),c:('1', '0', '0', '0'): I(V) = 0   I(V^ss) = 0
==> t12839 chi#4=a:('0', '0', '1', '0'),b:('0', '0', '-1', '0'),c:('-1', '0', '1', '0') h1=1 m=3 psi=a:('1', '0', '0', '0'),b:('-1', '0', '1', '0'),c:('-1', '0', '1', '0'): I(V) = 0   I(V^ss) = 0
==> t12839 chi#4=a:('0', '0', '1', '0'),b:('0', '0', '-1', '0'),c:('-1', '0', '1', '0') h1=1 m=3 psi=a:('1', '0', '0', '0'),b:('-1', '0', '1', '0'),c:('0', '0', '-1', '0'): I(V) = 0   I(V^ss) = 0
==> t12839 chi#4=a:('0', '0', '1', '0'),b:('0', '0', '-1', '0'),c:('-1', '0', '1', '0') h1=1 m=3 psi=a:('1', '0', '0', '0'),b:('0', '0', '-1', '0'),c:('1', '0', '0', '0'): I(V) = 0   I(V^ss) = 0
==> t12839 chi#4=a:('0', '0', '1', '0'),b:('0', '0', '-1', '0'),c:('-1', '0', '1', '0') h1=1 m=3 psi=a:('1', '0', '0', '0'),b:('0', '0', '-1', '0'),c:('-1', '0', '1', '0'): I(V) = 0   I(V^ss) = 0
==> t12839 chi#4=a:('0', '0', '1', '0'),b:('0', '0', '-1', '0'),c:('-1', '0', '1', '0') h1=1 m=3 psi=a:('1', '0', '0', '0'),b:('0', '0', '-1', '0'),c:('0', '0', '-1', '0'): I(V) = 0   I(V^ss) = 0
==> t12839 chi#4=a:('0', '0', '1', '0'),b:('0', '0', '-1', '0'),c:('-1', '0', '1', '0') h1=1 m=3 psi=a:('0', '0', '1', '0'),b:('1', '0', '0', '0'),c:('1', '0', '0', '0'): I(V) = 0   I(V^ss) = 0
==> t12839 chi#4=a:('0', '0', '1', '0'),b:('0', '0', '-1', '0'),c:('-1', '0', '1', '0') h1=1 m=3 psi=a:('0', '0', '1', '0'),b:('1', '0', '0', '0'),c:('-1', '0', '1', '0'): I(V) = 0   I(V^ss) = 0
==> t12839 chi#4=a:('0', '0', '1', '0'),b:('0', '0', '-1', '0'),c:('-1', '0', '1', '0') h1=1 m=3 psi=a:('0', '0', '1', '0'),b:('1', '0', '0', '0'),c:('0', '0', '-1', '0'): I(V) = 0   I(V^ss) = 0
==> t12839 chi#4=a:('0', '0', '1', '0'),b:('0', '0', '-1', '0'),c:('-1', '0', '1', '0') h1=1 m=3 psi=a:('0', '0', '1', '0'),b:('-1', '0', '1', '0'),c:('1', '0', '0', '0'): I(V) = 0   I(V^ss) = 0
==> t12839 chi#4=a:('0', '0', '1', '0'),b:('0', '0', '-1', '0'),c:('-1', '0', '1', '0') h1=1 m=3 psi=a:('0', '0', '1', '0'),b:('-1', '0', '1', '0'),c:('-1', '0', '1', '0'): I(V) = 0   I(V^ss) = 0
==> t12839 chi#4=a:('0', '0', '1', '0'),b:('0', '0', '-1', '0'),c:('-1', '0', '1', '0') h1=1 m=3 psi=a:('0', '0', '1', '0'),b:('-1', '0', '1', '0'),c:('0', '0', '-1', '0'): I(V) = 0   I(V^ss) = 0
==> t12839 chi#4=a:('0', '0', '1', '0'),b:('0', '0', '-1', '0'),c:('-1', '0', '1', '0') h1=1 m=3 psi=a:('0', '0', '1', '0'),b:('0', '0', '-1', '0'),c:('1', '0', '0', '0'): I(V) = 0   I(V^ss) = 0
==> t12839 chi#4=a:('0', '0', '1', '0'),b:('0', '0', '-1', '0'),c:('-1', '0', '1', '0') h1=1 m=3 psi=a:('0', '0', '1', '0'),b:('0', '0', '-1', '0'),c:('-1', '0', '1', '0'): I(V) = 0   I(V^ss) = 0
==> t12839 chi#4=a:('0', '0', '1', '0'),b:('0', '0', '-1', '0'),c:('-1', '0', '1', '0') h1=1 m=3 psi=a:('0', '0', '1', '0'),b:('0', '0', '-1', '0'),c:('0', '0', '-1', '0'): I(V) = 0   I(V^ss) = 0
==> t12839 chi#4=a:('0', '0', '1', '0'),b:('0', '0', '-1', '0'),c:('-1', '0', '1', '0') h1=1 m=3 psi=a:('-1', '0', '1', '0'),b:('1', '0', '0', '0'),c:('1', '0', '0', '0'): I(V) = 0   I(V^ss) = 0
==> t12839 chi#4=a:('0', '0', '1', '0'),b:('0', '0', '-1', '0'),c:('-1', '0', '1', '0') h1=1 m=3 psi=a:('-1', '0', '1', '0'),b:('1', '0', '0', '0'),c:('-1', '0', '1', '0'): I(V) = 0   I(V^ss) = 0
==> t12839 chi#4=a:('0', '0', '1', '0'),b:('0', '0', '-1', '0'),c:('-1', '0', '1', '0') h1=1 m=3 psi=a:('-1', '0', '1', '0'),b:('1', '0', '0', '0'),c:('0', '0', '-1', '0'): I(V) = 0   I(V^ss) = 0
==> t12839 chi#4=a:('0', '0', '1', '0'),b:('0', '0', '-1', '0'),c:('-1', '0', '1', '0') h1=1 m=3 psi=a:('-1', '0', '1', '0'),b:('-1', '0', '1', '0'),c:('1', '0', '0', '0'): I(V) = 0   I(V^ss) = 0
==> t12839 chi#4=a:('0', '0', '1', '0'),b:('0', '0', '-1', '0'),c:('-1', '0', '1', '0') h1=1 m=3 psi=a:('-1', '0', '1', '0'),b:('-1', '0', '1', '0'),c:('-1', '0', '1', '0'): I(V) = 0   I(V^ss) = 0
==> t12839 chi#4=a:('0', '0', '1', '0'),b:('0', '0', '-1', '0'),c:('-1', '0', '1', '0') h1=1 m=3 psi=a:('-1', '0', '1', '0'),b:('-1', '0', '1', '0'),c:('0', '0', '-1', '0'): I(V) = 0   I(V^ss) = 0
==> t12839 chi#4=a:('0', '0', '1', '0'),b:('0', '0', '-1', '0'),c:('-1', '0', '1', '0') h1=1 m=3 psi=a:('-1', '0', '1', '0'),b:('0', '0', '-1', '0'),c:('1', '0', '0', '0'): I(V) = 0   I(V^ss) = 0
==> t12839 chi#4=a:('0', '0', '1', '0'),b:('0', '0', '-1', '0'),c:('-1', '0', '1', '0') h1=1 m=3 psi=a:('-1', '0', '1', '0'),b:('0', '0', '-1', '0'),c:('-1', '0', '1', '0'): I(V) = 0   I(V^ss) = 0
==> t12839 chi#4=a:('0', '0', '1', '0'),b:('0', '0', '-1', '0'),c:('-1', '0', '1', '0') h1=1 m=3 psi=a:('-1', '0', '1', '0'),b:('0', '0', '-1', '0'),c:('0', '0', '-1', '0'): I(V) = 0   I(V^ss) = 0
==> t12839 chi#4=a:('0', '0', '1', '0'),b:('0', '0', '-1', '0'),c:('-1', '0', '1', '0') h1=1 m=3 psi=a:('-1', '0', '0', '0'),b:('1', '0', '0', '0'),c:('1', '0', '0', '0'): I(V) = 0   I(V^ss) = 0
==> t12839 chi#4=a:('0', '0', '1', '0'),b:('0', '0', '-1', '0'),c:('-1', '0', '1', '0') h1=1 m=3 psi=a:('-1', '0', '0', '0'),b:('1', '0', '0', '0'),c:('-1', '0', '1', '0'): I(V) = 0   I(V^ss) = 0
==> t12839 chi#4=a:('0', '0', '1', '0'),b:('0', '0', '-1', '0'),c:('-1', '0', '1', '0') h1=1 m=3 psi=a:('-1', '0', '0', '0'),b:('1', '0', '0', '0'),c:('0', '0', '-1', '0'): I(V) = 0   I(V^ss) = 0
==> t12839 chi#4=a:('0', '0', '1', '0'),b:('0', '0', '-1', '0'),c:('-1', '0', '1', '0') h1=1 m=3 psi=a:('-1', '0', '0', '0'),b:('-1', '0', '1', '0'),c:('1', '0', '0', '0'): I(V) = 0   I(V^ss) = 0
==> t12839 chi#4=a:('0', '0', '1', '0'),b:('0', '0', '-1', '0'),c:('-1', '0', '1', '0') h1=1 m=3 psi=a:('-1', '0', '0', '0'),b:('-1', '0', '1', '0'),c:('-1', '0', '1', '0'): I(V) = 0   I(V^ss) = 0
==> t12839 chi#4=a:('0', '0', '1', '0'),b:('0', '0', '-1', '0'),c:('-1', '0', '1', '0') h1=1 m=3 psi=a:('-1', '0', '0', '0'),b:('-1', '0', '1', '0'),c:('0', '0', '-1', '0'): I(V) = 0   I(V^ss) = 0
==> t12839 chi#4=a:('0', '0', '1', '0'),b:('0', '0', '-1', '0'),c:('-1', '0', '1', '0') h1=1 m=3 psi=a:('-1', '0', '0', '0'),b:('0', '0', '-1', '0'),c:('1', '0', '0', '0'): I(V) = 0   I(V^ss) = 0
==> t12839 chi#4=a:('0', '0', '1', '0'),b:('0', '0', '-1', '0'),c:('-1', '0', '1', '0') h1=1 m=3 psi=a:('-1', '0', '0', '0'),b:('0', '0', '-1', '0'),c:('-1', '0', '1', '0'): I(V) = 0   I(V^ss) = 0
==> t12839 chi#4=a:('0', '0', '1', '0'),b:('0', '0', '-1', '0'),c:('-1', '0', '1', '0') h1=1 m=3 psi=a:('-1', '0', '0', '0'),b:('0', '0', '-1', '0'),c:('0', '0', '-1', '0'): I(V) = 0   I(V^ss) = 0
==> t12839 chi#4=a:('0', '0', '1', '0'),b:('0', '0', '-1', '0'),c:('-1', '0', '1', '0') h1=1 m=3 psi=a:('0', '0', '-1', '0'),b:('1', '0', '0', '0'),c:('1', '0', '0', '0'): I(V) = 0   I(V^ss) = 0
==> t12839 chi#4=a:('0', '0', '1', '0'),b:('0', '0', '-1', '0'),c:('-1', '0', '1', '0') h1=1 m=3 psi=a:('0', '0', '-1', '0'),b:('1', '0', '0', '0'),c:('-1', '0', '1', '0'): I(V) = 0   I(V^ss) = 0
==> t12839 chi#4=a:('0', '0', '1', '0'),b:('0', '0', '-1', '0'),c:('-1', '0', '1', '0') h1=1 m=3 psi=a:('0', '0', '-1', '0'),b:('1', '0', '0', '0'),c:('0', '0', '-1', '0'): I(V) = 0   I(V^ss) = 0
==> t12839 chi#4=a:('0', '0', '1', '0'),b:('0', '0', '-1', '0'),c:('-1', '0', '1', '0') h1=1 m=3 psi=a:('0', '0', '-1', '0'),b:('-1', '0', '1', '0'),c:('1', '0', '0', '0'): I(V) = 0   I(V^ss) = 0
==> t12839 chi#4=a:('0', '0', '1', '0'),b:('0', '0', '-1', '0'),c:('-1', '0', '1', '0') h1=1 m=3 psi=a:('0', '0', '-1', '0'),b:('-1', '0', '1', '0'),c:('-1', '0', '1', '0'): I(V) = 0   I(V^ss) = 0
==> t12839 chi#4=a:('0', '0', '1', '0'),b:('0', '0', '-1', '0'),c:('-1', '0', '1', '0') h1=1 m=3 psi=a:('0', '0', '-1', '0'),b:('-1', '0', '1', '0'),c:('0', '0', '-1', '0'): I(V) = 0   I(V^ss) = 0
==> t12839 chi#4=a:('0', '0', '1', '0'),b:('0', '0', '-1', '0'),c:('-1', '0', '1', '0') h1=1 m=3 psi=a:('0', '0', '-1', '0'),b:('0', '0', '-1', '0'),c:('1', '0', '0', '0'): I(V) = 0   I(V^ss) = 0
==> t12839 chi#4=a:('0', '0', '1', '0'),b:('0', '0', '-1', '0'),c:('-1', '0', '1', '0') h1=1 m=3 psi=a:('0', '0', '-1', '0'),b:('0', '0', '-1', '0'),c:('-1', '0', '1', '0'): I(V) = 0   I(V^ss) = 0
==> t12839 chi#4=a:('0', '0', '1', '0'),b:('0', '0', '-1', '0'),c:('-1', '0', '1', '0') h1=1 m=3 psi=a:('0', '0', '-1', '0'),b:('0', '0', '-1', '0'),c:('0', '0', '-1', '0'): I(V) = 0   I(V^ss) = 0
==> t12839 chi#4=a:('0', '0', '1', '0'),b:('0', '0', '-1', '0'),c:('-1', '0', '1', '0') h1=1 m=3 psi=a:('1', '0', '-1', '0'),b:('1', '0', '0', '0'),c:('1', '0', '0', '0'): I(V) = 0   I(V^ss) = 0
==> t12839 chi#4=a:('0', '0', '1', '0'),b:('0', '0', '-1', '0'),c:('-1', '0', '1', '0') h1=1 m=3 psi=a:('1', '0', '-1', '0'),b:('1', '0', '0', '0'),c:('-1', '0', '1', '0'): I(V) = 0   I(V^ss) = 0
==> t12839 chi#4=a:('0', '0', '1', '0'),b:('0', '0', '-1', '0'),c:('-1', '0', '1', '0') h1=1 m=3 psi=a:('1', '0', '-1', '0'),b:('1', '0', '0', '0'),c:('0', '0', '-1', '0'): I(V) = 0   I(V^ss) = 0
==> t12839 chi#4=a:('0', '0', '1', '0'),b:('0', '0', '-1', '0'),c:('-1', '0', '1', '0') h1=1 m=3 psi=a:('1', '0', '-1', '0'),b:('-1', '0', '1', '0'),c:('1', '0', '0', '0'): I(V) = 0   I(V^ss) = 0
==> t12839 chi#4=a:('0', '0', '1', '0'),b:('0', '0', '-1', '0'),c:('-1', '0', '1', '0') h1=1 m=3 psi=a:('1', '0', '-1', '0'),b:('-1', '0', '1', '0'),c:('-1', '0', '1', '0'): I(V) = 0   I(V^ss) = 0
==> t12839 chi#4=a:('0', '0', '1', '0'),b:('0', '0', '-1', '0'),c:('-1', '0', '1', '0') h1=1 m=3 psi=a:('1', '0', '-1', '0'),b:('-1', '0', '1', '0'),c:('0', '0', '-1', '0'): I(V) = 0   I(V^ss) = 0
==> t12839 chi#4=a:('0', '0', '1', '0'),b:('0', '0', '-1', '0'),c:('-1', '0', '1', '0') h1=1 m=3 psi=a:('1', '0', '-1', '0'),b:('0', '0', '-1', '0'),c:('1', '0', '0', '0'): I(V) = 0   I(V^ss) = 0
==> t12839 chi#4=a:('0', '0', '1', '0'),b:('0', '0', '-1', '0'),c:('-1', '0', '1', '0') h1=1 m=3 psi=a:('1', '0', '-1', '0'),b:('0', '0', '-1', '0'),c:('-1', '0', '1', '0'): I(V) = 0   I(V^ss) = 0
==> t12839 chi#4=a:('0', '0', '1', '0'),b:('0', '0', '-1', '0'),c:('-1', '0', '1', '0') h1=1 m=3 psi=a:('1', '0', '-1', '0'),b:('0', '0', '-1', '0'),c:('0', '0', '-1', '0'): I(V) = 0   I(V^ss) = 0
==> t12839 chi#4=a:('0', '0', '1', '0'),b:('0', '0', '-1', '0'),c:('-1', '0', '1', '0') h1=1 m=3 psi=chi^1: I(V) = 0   I(V^ss) = 0
==> t12839 chi#4=a:('0', '0', '1', '0'),b:('0', '0', '-1', '0'),c:('-1', '0', '1', '0') h1=1 m=3 psi=chi^2: I(V) = 0   I(V^ss) = 0
==> t12839 chi#4=a:('0', '0', '1', '0'),b:('0', '0', '-1', '0'),c:('-1', '0', '1', '0') h1=1 m=3 psi=chi^3: I(V) = 0   I(V^ss) = 0
  locus chi#5=a:('-1', '0', '1', '0'),b:('1', '0', '0', '0'),c:('-1', '0', '1', '0') h1=1
==> t12839 chi#5=a:('-1', '0', '1', '0'),b:('1', '0', '0', '0'),c:('-1', '0', '1', '0') h1=1 m=1 psi=a:('1', '0', '0', '0'),b:('1', '0', '0', '0'),c:('1', '0', '0', '0'): I(V) = 0   I(V^ss) = 0
==> t12839 chi#5=a:('-1', '0', '1', '0'),b:('1', '0', '0', '0'),c:('-1', '0', '1', '0') h1=1 m=1 psi=a:('1', '0', '0', '0'),b:('1', '0', '0', '0'),c:('-1', '0', '1', '0'): I(V) = 0   I(V^ss) = 0
==> t12839 chi#5=a:('-1', '0', '1', '0'),b:('1', '0', '0', '0'),c:('-1', '0', '1', '0') h1=1 m=1 psi=a:('1', '0', '0', '0'),b:('1', '0', '0', '0'),c:('0', '0', '-1', '0'): I(V) = 0   I(V^ss) = 0
==> t12839 chi#5=a:('-1', '0', '1', '0'),b:('1', '0', '0', '0'),c:('-1', '0', '1', '0') h1=1 m=1 psi=a:('1', '0', '0', '0'),b:('-1', '0', '1', '0'),c:('1', '0', '0', '0'): I(V) = 0   I(V^ss) = 0
==> t12839 chi#5=a:('-1', '0', '1', '0'),b:('1', '0', '0', '0'),c:('-1', '0', '1', '0') h1=1 m=1 psi=a:('1', '0', '0', '0'),b:('-1', '0', '1', '0'),c:('-1', '0', '1', '0'): I(V) = 0   I(V^ss) = 0
==> t12839 chi#5=a:('-1', '0', '1', '0'),b:('1', '0', '0', '0'),c:('-1', '0', '1', '0') h1=1 m=1 psi=a:('1', '0', '0', '0'),b:('-1', '0', '1', '0'),c:('0', '0', '-1', '0'): I(V) = 0   I(V^ss) = 0
==> t12839 chi#5=a:('-1', '0', '1', '0'),b:('1', '0', '0', '0'),c:('-1', '0', '1', '0') h1=1 m=1 psi=a:('1', '0', '0', '0'),b:('0', '0', '-1', '0'),c:('1', '0', '0', '0'): I(V) = 0   I(V^ss) = 0
==> t12839 chi#5=a:('-1', '0', '1', '0'),b:('1', '0', '0', '0'),c:('-1', '0', '1', '0') h1=1 m=1 psi=a:('1', '0', '0', '0'),b:('0', '0', '-1', '0'),c:('-1', '0', '1', '0'): I(V) = 0   I(V^ss) = 0
==> t12839 chi#5=a:('-1', '0', '1', '0'),b:('1', '0', '0', '0'),c:('-1', '0', '1', '0') h1=1 m=1 psi=a:('1', '0', '0', '0'),b:('0', '0', '-1', '0'),c:('0', '0', '-1', '0'): I(V) = 0   I(V^ss) = 0
==> t12839 chi#5=a:('-1', '0', '1', '0'),b:('1', '0', '0', '0'),c:('-1', '0', '1', '0') h1=1 m=1 psi=a:('0', '0', '1', '0'),b:('1', '0', '0', '0'),c:('1', '0', '0', '0'): I(V) = 0   I(V^ss) = 0
==> t12839 chi#5=a:('-1', '0', '1', '0'),b:('1', '0', '0', '0'),c:('-1', '0', '1', '0') h1=1 m=1 psi=a:('0', '0', '1', '0'),b:('1', '0', '0', '0'),c:('-1', '0', '1', '0'): I(V) = 0   I(V^ss) = 0
==> t12839 chi#5=a:('-1', '0', '1', '0'),b:('1', '0', '0', '0'),c:('-1', '0', '1', '0') h1=1 m=1 psi=a:('0', '0', '1', '0'),b:('1', '0', '0', '0'),c:('0', '0', '-1', '0'): I(V) = 0   I(V^ss) = 0
==> t12839 chi#5=a:('-1', '0', '1', '0'),b:('1', '0', '0', '0'),c:('-1', '0', '1', '0') h1=1 m=1 psi=a:('0', '0', '1', '0'),b:('-1', '0', '1', '0'),c:('1', '0', '0', '0'): I(V) = 0   I(V^ss) = 0
==> t12839 chi#5=a:('-1', '0', '1', '0'),b:('1', '0', '0', '0'),c:('-1', '0', '1', '0') h1=1 m=1 psi=a:('0', '0', '1', '0'),b:('-1', '0', '1', '0'),c:('-1', '0', '1', '0'): I(V) = 0   I(V^ss) = 0
==> t12839 chi#5=a:('-1', '0', '1', '0'),b:('1', '0', '0', '0'),c:('-1', '0', '1', '0') h1=1 m=1 psi=a:('0', '0', '1', '0'),b:('-1', '0', '1', '0'),c:('0', '0', '-1', '0'): I(V) = 0   I(V^ss) = 0
==> t12839 chi#5=a:('-1', '0', '1', '0'),b:('1', '0', '0', '0'),c:('-1', '0', '1', '0') h1=1 m=1 psi=a:('0', '0', '1', '0'),b:('0', '0', '-1', '0'),c:('1', '0', '0', '0'): I(V) = 0   I(V^ss) = 0
==> t12839 chi#5=a:('-1', '0', '1', '0'),b:('1', '0', '0', '0'),c:('-1', '0', '1', '0') h1=1 m=1 psi=a:('0', '0', '1', '0'),b:('0', '0', '-1', '0'),c:('-1', '0', '1', '0'): I(V) = 0   I(V^ss) = 0
==> t12839 chi#5=a:('-1', '0', '1', '0'),b:('1', '0', '0', '0'),c:('-1', '0', '1', '0') h1=1 m=1 psi=a:('0', '0', '1', '0'),b:('0', '0', '-1', '0'),c:('0', '0', '-1', '0'): I(V) = 0   I(V^ss) = 0
==> t12839 chi#5=a:('-1', '0', '1', '0'),b:('1', '0', '0', '0'),c:('-1', '0', '1', '0') h1=1 m=1 psi=a:('-1', '0', '1', '0'),b:('1', '0', '0', '0'),c:('1', '0', '0', '0'): I(V) = 0   I(V^ss) = 0
==> t12839 chi#5=a:('-1', '0', '1', '0'),b:('1', '0', '0', '0'),c:('-1', '0', '1', '0') h1=1 m=1 psi=a:('-1', '0', '1', '0'),b:('1', '0', '0', '0'),c:('-1', '0', '1', '0'): I(V) = 0   I(V^ss) = 0
==> t12839 chi#5=a:('-1', '0', '1', '0'),b:('1', '0', '0', '0'),c:('-1', '0', '1', '0') h1=1 m=1 psi=a:('-1', '0', '1', '0'),b:('1', '0', '0', '0'),c:('0', '0', '-1', '0'): I(V) = 0   I(V^ss) = 0
==> t12839 chi#5=a:('-1', '0', '1', '0'),b:('1', '0', '0', '0'),c:('-1', '0', '1', '0') h1=1 m=1 psi=a:('-1', '0', '1', '0'),b:('-1', '0', '1', '0'),c:('1', '0', '0', '0'): I(V) = 0   I(V^ss) = 0
==> t12839 chi#5=a:('-1', '0', '1', '0'),b:('1', '0', '0', '0'),c:('-1', '0', '1', '0') h1=1 m=1 psi=a:('-1', '0', '1', '0'),b:('-1', '0', '1', '0'),c:('-1', '0', '1', '0'): I(V) = 0   I(V^ss) = 0
==> t12839 chi#5=a:('-1', '0', '1', '0'),b:('1', '0', '0', '0'),c:('-1', '0', '1', '0') h1=1 m=1 psi=a:('-1', '0', '1', '0'),b:('-1', '0', '1', '0'),c:('0', '0', '-1', '0'): I(V) = -1   I(V^ss) = 0
==> t12839 chi#5=a:('-1', '0', '1', '0'),b:('1', '0', '0', '0'),c:('-1', '0', '1', '0') h1=1 m=1 psi=a:('-1', '0', '1', '0'),b:('0', '0', '-1', '0'),c:('1', '0', '0', '0'): I(V) = -1   I(V^ss) = 0
==> t12839 chi#5=a:('-1', '0', '1', '0'),b:('1', '0', '0', '0'),c:('-1', '0', '1', '0') h1=1 m=1 psi=a:('-1', '0', '1', '0'),b:('0', '0', '-1', '0'),c:('-1', '0', '1', '0'): I(V) = 0   I(V^ss) = 0
==> t12839 chi#5=a:('-1', '0', '1', '0'),b:('1', '0', '0', '0'),c:('-1', '0', '1', '0') h1=1 m=1 psi=a:('-1', '0', '1', '0'),b:('0', '0', '-1', '0'),c:('0', '0', '-1', '0'): I(V) = 0   I(V^ss) = 0
==> t12839 chi#5=a:('-1', '0', '1', '0'),b:('1', '0', '0', '0'),c:('-1', '0', '1', '0') h1=1 m=1 psi=a:('-1', '0', '0', '0'),b:('1', '0', '0', '0'),c:('1', '0', '0', '0'): I(V) = 0   I(V^ss) = 0
==> t12839 chi#5=a:('-1', '0', '1', '0'),b:('1', '0', '0', '0'),c:('-1', '0', '1', '0') h1=1 m=1 psi=a:('-1', '0', '0', '0'),b:('1', '0', '0', '0'),c:('-1', '0', '1', '0'): I(V) = 0   I(V^ss) = 0
==> t12839 chi#5=a:('-1', '0', '1', '0'),b:('1', '0', '0', '0'),c:('-1', '0', '1', '0') h1=1 m=1 psi=a:('-1', '0', '0', '0'),b:('1', '0', '0', '0'),c:('0', '0', '-1', '0'): I(V) = 0   I(V^ss) = 0
==> t12839 chi#5=a:('-1', '0', '1', '0'),b:('1', '0', '0', '0'),c:('-1', '0', '1', '0') h1=1 m=1 psi=a:('-1', '0', '0', '0'),b:('-1', '0', '1', '0'),c:('1', '0', '0', '0'): I(V) = 0   I(V^ss) = 0
==> t12839 chi#5=a:('-1', '0', '1', '0'),b:('1', '0', '0', '0'),c:('-1', '0', '1', '0') h1=1 m=1 psi=a:('-1', '0', '0', '0'),b:('-1', '0', '1', '0'),c:('-1', '0', '1', '0'): I(V) = 0   I(V^ss) = 0
==> t12839 chi#5=a:('-1', '0', '1', '0'),b:('1', '0', '0', '0'),c:('-1', '0', '1', '0') h1=1 m=1 psi=a:('-1', '0', '0', '0'),b:('-1', '0', '1', '0'),c:('0', '0', '-1', '0'): I(V) = 0   I(V^ss) = 0
==> t12839 chi#5=a:('-1', '0', '1', '0'),b:('1', '0', '0', '0'),c:('-1', '0', '1', '0') h1=1 m=1 psi=a:('-1', '0', '0', '0'),b:('0', '0', '-1', '0'),c:('1', '0', '0', '0'): I(V) = 0   I(V^ss) = 0
==> t12839 chi#5=a:('-1', '0', '1', '0'),b:('1', '0', '0', '0'),c:('-1', '0', '1', '0') h1=1 m=1 psi=a:('-1', '0', '0', '0'),b:('0', '0', '-1', '0'),c:('-1', '0', '1', '0'): I(V) = 0   I(V^ss) = 0
==> t12839 chi#5=a:('-1', '0', '1', '0'),b:('1', '0', '0', '0'),c:('-1', '0', '1', '0') h1=1 m=1 psi=a:('-1', '0', '0', '0'),b:('0', '0', '-1', '0'),c:('0', '0', '-1', '0'): I(V) = 0   I(V^ss) = 0
==> t12839 chi#5=a:('-1', '0', '1', '0'),b:('1', '0', '0', '0'),c:('-1', '0', '1', '0') h1=1 m=1 psi=a:('0', '0', '-1', '0'),b:('1', '0', '0', '0'),c:('1', '0', '0', '0'): I(V) = 0   I(V^ss) = 0
==> t12839 chi#5=a:('-1', '0', '1', '0'),b:('1', '0', '0', '0'),c:('-1', '0', '1', '0') h1=1 m=1 psi=a:('0', '0', '-1', '0'),b:('1', '0', '0', '0'),c:('-1', '0', '1', '0'): I(V) = 0   I(V^ss) = 0
==> t12839 chi#5=a:('-1', '0', '1', '0'),b:('1', '0', '0', '0'),c:('-1', '0', '1', '0') h1=1 m=1 psi=a:('0', '0', '-1', '0'),b:('1', '0', '0', '0'),c:('0', '0', '-1', '0'): I(V) = 0   I(V^ss) = 0
==> t12839 chi#5=a:('-1', '0', '1', '0'),b:('1', '0', '0', '0'),c:('-1', '0', '1', '0') h1=1 m=1 psi=a:('0', '0', '-1', '0'),b:('-1', '0', '1', '0'),c:('1', '0', '0', '0'): I(V) = 1   I(V^ss) = 0
==> t12839 chi#5=a:('-1', '0', '1', '0'),b:('1', '0', '0', '0'),c:('-1', '0', '1', '0') h1=1 m=1 psi=a:('0', '0', '-1', '0'),b:('-1', '0', '1', '0'),c:('-1', '0', '1', '0'): I(V) = 0   I(V^ss) = 0
==> t12839 chi#5=a:('-1', '0', '1', '0'),b:('1', '0', '0', '0'),c:('-1', '0', '1', '0') h1=1 m=1 psi=a:('0', '0', '-1', '0'),b:('-1', '0', '1', '0'),c:('0', '0', '-1', '0'): I(V) = 0   I(V^ss) = 0
==> t12839 chi#5=a:('-1', '0', '1', '0'),b:('1', '0', '0', '0'),c:('-1', '0', '1', '0') h1=1 m=1 psi=a:('0', '0', '-1', '0'),b:('0', '0', '-1', '0'),c:('1', '0', '0', '0'): I(V) = 0   I(V^ss) = 0
==> t12839 chi#5=a:('-1', '0', '1', '0'),b:('1', '0', '0', '0'),c:('-1', '0', '1', '0') h1=1 m=1 psi=a:('0', '0', '-1', '0'),b:('0', '0', '-1', '0'),c:('-1', '0', '1', '0'): I(V) = 1   I(V^ss) = 0
==> t12839 chi#5=a:('-1', '0', '1', '0'),b:('1', '0', '0', '0'),c:('-1', '0', '1', '0') h1=1 m=1 psi=a:('0', '0', '-1', '0'),b:('0', '0', '-1', '0'),c:('0', '0', '-1', '0'): I(V) = 0   I(V^ss) = 0
==> t12839 chi#5=a:('-1', '0', '1', '0'),b:('1', '0', '0', '0'),c:('-1', '0', '1', '0') h1=1 m=1 psi=a:('1', '0', '-1', '0'),b:('1', '0', '0', '0'),c:('1', '0', '0', '0'): I(V) = 0   I(V^ss) = 0
==> t12839 chi#5=a:('-1', '0', '1', '0'),b:('1', '0', '0', '0'),c:('-1', '0', '1', '0') h1=1 m=1 psi=a:('1', '0', '-1', '0'),b:('1', '0', '0', '0'),c:('-1', '0', '1', '0'): I(V) = 0   I(V^ss) = 0
==> t12839 chi#5=a:('-1', '0', '1', '0'),b:('1', '0', '0', '0'),c:('-1', '0', '1', '0') h1=1 m=1 psi=a:('1', '0', '-1', '0'),b:('1', '0', '0', '0'),c:('0', '0', '-1', '0'): I(V) = 0   I(V^ss) = 0
==> t12839 chi#5=a:('-1', '0', '1', '0'),b:('1', '0', '0', '0'),c:('-1', '0', '1', '0') h1=1 m=1 psi=a:('1', '0', '-1', '0'),b:('-1', '0', '1', '0'),c:('1', '0', '0', '0'): I(V) = 0   I(V^ss) = 0
==> t12839 chi#5=a:('-1', '0', '1', '0'),b:('1', '0', '0', '0'),c:('-1', '0', '1', '0') h1=1 m=1 psi=a:('1', '0', '-1', '0'),b:('-1', '0', '1', '0'),c:('-1', '0', '1', '0'): I(V) = 0   I(V^ss) = 0
==> t12839 chi#5=a:('-1', '0', '1', '0'),b:('1', '0', '0', '0'),c:('-1', '0', '1', '0') h1=1 m=1 psi=a:('1', '0', '-1', '0'),b:('-1', '0', '1', '0'),c:('0', '0', '-1', '0'): I(V) = 0   I(V^ss) = 0
==> t12839 chi#5=a:('-1', '0', '1', '0'),b:('1', '0', '0', '0'),c:('-1', '0', '1', '0') h1=1 m=1 psi=a:('1', '0', '-1', '0'),b:('0', '0', '-1', '0'),c:('1', '0', '0', '0'): I(V) = 0   I(V^ss) = 0
==> t12839 chi#5=a:('-1', '0', '1', '0'),b:('1', '0', '0', '0'),c:('-1', '0', '1', '0') h1=1 m=1 psi=a:('1', '0', '-1', '0'),b:('0', '0', '-1', '0'),c:('-1', '0', '1', '0'): I(V) = 0   I(V^ss) = 0
==> t12839 chi#5=a:('-1', '0', '1', '0'),b:('1', '0', '0', '0'),c:('-1', '0', '1', '0') h1=1 m=1 psi=a:('1', '0', '-1', '0'),b:('0', '0', '-1', '0'),c:('0', '0', '-1', '0'): I(V) = 0   I(V^ss) = 0
==> t12839 chi#5=a:('-1', '0', '1', '0'),b:('1', '0', '0', '0'),c:('-1', '0', '1', '0') h1=1 m=1 psi=chi^1: I(V) = 0   I(V^ss) = 0
==> t12839 chi#5=a:('-1', '0', '1', '0'),b:('1', '0', '0', '0'),c:('-1', '0', '1', '0') h1=1 m=1 psi=chi^2: I(V) = 0   I(V^ss) = 0
==> t12839 chi#5=a:('-1', '0', '1', '0'),b:('1', '0', '0', '0'),c:('-1', '0', '1', '0') h1=1 m=1 psi=chi^3: I(V) = 0   I(V^ss) = 0
==> t12839 chi#5=a:('-1', '0', '1', '0'),b:('1', '0', '0', '0'),c:('-1', '0', '1', '0') h1=1 m=2 psi=a:('1', '0', '0', '0'),b:('1', '0', '0', '0'),c:('1', '0', '0', '0'): I(V) = 0   I(V^ss) = 0
==> t12839 chi#5=a:('-1', '0', '1', '0'),b:('1', '0', '0', '0'),c:('-1', '0', '1', '0') h1=1 m=2 psi=a:('1', '0', '0', '0'),b:('1', '0', '0', '0'),c:('-1', '0', '1', '0'): I(V) = 0   I(V^ss) = 0
==> t12839 chi#5=a:('-1', '0', '1', '0'),b:('1', '0', '0', '0'),c:('-1', '0', '1', '0') h1=1 m=2 psi=a:('1', '0', '0', '0'),b:('1', '0', '0', '0'),c:('0', '0', '-1', '0'): I(V) = 0   I(V^ss) = 0
==> t12839 chi#5=a:('-1', '0', '1', '0'),b:('1', '0', '0', '0'),c:('-1', '0', '1', '0') h1=1 m=2 psi=a:('1', '0', '0', '0'),b:('-1', '0', '1', '0'),c:('1', '0', '0', '0'): I(V) = 0   I(V^ss) = 0
==> t12839 chi#5=a:('-1', '0', '1', '0'),b:('1', '0', '0', '0'),c:('-1', '0', '1', '0') h1=1 m=2 psi=a:('1', '0', '0', '0'),b:('-1', '0', '1', '0'),c:('-1', '0', '1', '0'): I(V) = 0   I(V^ss) = 0
==> t12839 chi#5=a:('-1', '0', '1', '0'),b:('1', '0', '0', '0'),c:('-1', '0', '1', '0') h1=1 m=2 psi=a:('1', '0', '0', '0'),b:('-1', '0', '1', '0'),c:('0', '0', '-1', '0'): I(V) = 0   I(V^ss) = 0
==> t12839 chi#5=a:('-1', '0', '1', '0'),b:('1', '0', '0', '0'),c:('-1', '0', '1', '0') h1=1 m=2 psi=a:('1', '0', '0', '0'),b:('0', '0', '-1', '0'),c:('1', '0', '0', '0'): I(V) = 0   I(V^ss) = 0
==> t12839 chi#5=a:('-1', '0', '1', '0'),b:('1', '0', '0', '0'),c:('-1', '0', '1', '0') h1=1 m=2 psi=a:('1', '0', '0', '0'),b:('0', '0', '-1', '0'),c:('-1', '0', '1', '0'): I(V) = 0   I(V^ss) = 0
==> t12839 chi#5=a:('-1', '0', '1', '0'),b:('1', '0', '0', '0'),c:('-1', '0', '1', '0') h1=1 m=2 psi=a:('1', '0', '0', '0'),b:('0', '0', '-1', '0'),c:('0', '0', '-1', '0'): I(V) = 0   I(V^ss) = 0
==> t12839 chi#5=a:('-1', '0', '1', '0'),b:('1', '0', '0', '0'),c:('-1', '0', '1', '0') h1=1 m=2 psi=a:('0', '0', '1', '0'),b:('1', '0', '0', '0'),c:('1', '0', '0', '0'): I(V) = 0   I(V^ss) = 0
==> t12839 chi#5=a:('-1', '0', '1', '0'),b:('1', '0', '0', '0'),c:('-1', '0', '1', '0') h1=1 m=2 psi=a:('0', '0', '1', '0'),b:('1', '0', '0', '0'),c:('-1', '0', '1', '0'): I(V) = 0   I(V^ss) = 0
==> t12839 chi#5=a:('-1', '0', '1', '0'),b:('1', '0', '0', '0'),c:('-1', '0', '1', '0') h1=1 m=2 psi=a:('0', '0', '1', '0'),b:('1', '0', '0', '0'),c:('0', '0', '-1', '0'): I(V) = 0   I(V^ss) = 0
==> t12839 chi#5=a:('-1', '0', '1', '0'),b:('1', '0', '0', '0'),c:('-1', '0', '1', '0') h1=1 m=2 psi=a:('0', '0', '1', '0'),b:('-1', '0', '1', '0'),c:('1', '0', '0', '0'): I(V) = 0   I(V^ss) = 0
==> t12839 chi#5=a:('-1', '0', '1', '0'),b:('1', '0', '0', '0'),c:('-1', '0', '1', '0') h1=1 m=2 psi=a:('0', '0', '1', '0'),b:('-1', '0', '1', '0'),c:('-1', '0', '1', '0'): I(V) = 0   I(V^ss) = 0
==> t12839 chi#5=a:('-1', '0', '1', '0'),b:('1', '0', '0', '0'),c:('-1', '0', '1', '0') h1=1 m=2 psi=a:('0', '0', '1', '0'),b:('-1', '0', '1', '0'),c:('0', '0', '-1', '0'): I(V) = 0   I(V^ss) = 0
==> t12839 chi#5=a:('-1', '0', '1', '0'),b:('1', '0', '0', '0'),c:('-1', '0', '1', '0') h1=1 m=2 psi=a:('0', '0', '1', '0'),b:('0', '0', '-1', '0'),c:('1', '0', '0', '0'): I(V) = 0   I(V^ss) = 0
==> t12839 chi#5=a:('-1', '0', '1', '0'),b:('1', '0', '0', '0'),c:('-1', '0', '1', '0') h1=1 m=2 psi=a:('0', '0', '1', '0'),b:('0', '0', '-1', '0'),c:('-1', '0', '1', '0'): I(V) = 0   I(V^ss) = 0
==> t12839 chi#5=a:('-1', '0', '1', '0'),b:('1', '0', '0', '0'),c:('-1', '0', '1', '0') h1=1 m=2 psi=a:('0', '0', '1', '0'),b:('0', '0', '-1', '0'),c:('0', '0', '-1', '0'): I(V) = 0   I(V^ss) = 0
==> t12839 chi#5=a:('-1', '0', '1', '0'),b:('1', '0', '0', '0'),c:('-1', '0', '1', '0') h1=1 m=2 psi=a:('-1', '0', '1', '0'),b:('1', '0', '0', '0'),c:('1', '0', '0', '0'): I(V) = 0   I(V^ss) = 0
==> t12839 chi#5=a:('-1', '0', '1', '0'),b:('1', '0', '0', '0'),c:('-1', '0', '1', '0') h1=1 m=2 psi=a:('-1', '0', '1', '0'),b:('1', '0', '0', '0'),c:('-1', '0', '1', '0'): I(V) = 0   I(V^ss) = 0
==> t12839 chi#5=a:('-1', '0', '1', '0'),b:('1', '0', '0', '0'),c:('-1', '0', '1', '0') h1=1 m=2 psi=a:('-1', '0', '1', '0'),b:('1', '0', '0', '0'),c:('0', '0', '-1', '0'): I(V) = 0   I(V^ss) = 0
==> t12839 chi#5=a:('-1', '0', '1', '0'),b:('1', '0', '0', '0'),c:('-1', '0', '1', '0') h1=1 m=2 psi=a:('-1', '0', '1', '0'),b:('-1', '0', '1', '0'),c:('1', '0', '0', '0'): I(V) = 0   I(V^ss) = 0
==> t12839 chi#5=a:('-1', '0', '1', '0'),b:('1', '0', '0', '0'),c:('-1', '0', '1', '0') h1=1 m=2 psi=a:('-1', '0', '1', '0'),b:('-1', '0', '1', '0'),c:('-1', '0', '1', '0'): I(V) = 0   I(V^ss) = 0
==> t12839 chi#5=a:('-1', '0', '1', '0'),b:('1', '0', '0', '0'),c:('-1', '0', '1', '0') h1=1 m=2 psi=a:('-1', '0', '1', '0'),b:('-1', '0', '1', '0'),c:('0', '0', '-1', '0'): I(V) = 1   I(V^ss) = 0
==> t12839 chi#5=a:('-1', '0', '1', '0'),b:('1', '0', '0', '0'),c:('-1', '0', '1', '0') h1=1 m=2 psi=a:('-1', '0', '1', '0'),b:('0', '0', '-1', '0'),c:('1', '0', '0', '0'): I(V) = 1   I(V^ss) = 0
==> t12839 chi#5=a:('-1', '0', '1', '0'),b:('1', '0', '0', '0'),c:('-1', '0', '1', '0') h1=1 m=2 psi=a:('-1', '0', '1', '0'),b:('0', '0', '-1', '0'),c:('-1', '0', '1', '0'): I(V) = 0   I(V^ss) = 0
==> t12839 chi#5=a:('-1', '0', '1', '0'),b:('1', '0', '0', '0'),c:('-1', '0', '1', '0') h1=1 m=2 psi=a:('-1', '0', '1', '0'),b:('0', '0', '-1', '0'),c:('0', '0', '-1', '0'): I(V) = 0   I(V^ss) = 0
==> t12839 chi#5=a:('-1', '0', '1', '0'),b:('1', '0', '0', '0'),c:('-1', '0', '1', '0') h1=1 m=2 psi=a:('-1', '0', '0', '0'),b:('1', '0', '0', '0'),c:('1', '0', '0', '0'): I(V) = 0   I(V^ss) = 0
==> t12839 chi#5=a:('-1', '0', '1', '0'),b:('1', '0', '0', '0'),c:('-1', '0', '1', '0') h1=1 m=2 psi=a:('-1', '0', '0', '0'),b:('1', '0', '0', '0'),c:('-1', '0', '1', '0'): I(V) = 0   I(V^ss) = 0
==> t12839 chi#5=a:('-1', '0', '1', '0'),b:('1', '0', '0', '0'),c:('-1', '0', '1', '0') h1=1 m=2 psi=a:('-1', '0', '0', '0'),b:('1', '0', '0', '0'),c:('0', '0', '-1', '0'): I(V) = 0   I(V^ss) = 0
==> t12839 chi#5=a:('-1', '0', '1', '0'),b:('1', '0', '0', '0'),c:('-1', '0', '1', '0') h1=1 m=2 psi=a:('-1', '0', '0', '0'),b:('-1', '0', '1', '0'),c:('1', '0', '0', '0'): I(V) = 0   I(V^ss) = 0
==> t12839 chi#5=a:('-1', '0', '1', '0'),b:('1', '0', '0', '0'),c:('-1', '0', '1', '0') h1=1 m=2 psi=a:('-1', '0', '0', '0'),b:('-1', '0', '1', '0'),c:('-1', '0', '1', '0'): I(V) = 0   I(V^ss) = 0
==> t12839 chi#5=a:('-1', '0', '1', '0'),b:('1', '0', '0', '0'),c:('-1', '0', '1', '0') h1=1 m=2 psi=a:('-1', '0', '0', '0'),b:('-1', '0', '1', '0'),c:('0', '0', '-1', '0'): I(V) = 0   I(V^ss) = 0
==> t12839 chi#5=a:('-1', '0', '1', '0'),b:('1', '0', '0', '0'),c:('-1', '0', '1', '0') h1=1 m=2 psi=a:('-1', '0', '0', '0'),b:('0', '0', '-1', '0'),c:('1', '0', '0', '0'): I(V) = 0   I(V^ss) = 0
==> t12839 chi#5=a:('-1', '0', '1', '0'),b:('1', '0', '0', '0'),c:('-1', '0', '1', '0') h1=1 m=2 psi=a:('-1', '0', '0', '0'),b:('0', '0', '-1', '0'),c:('-1', '0', '1', '0'): I(V) = 0   I(V^ss) = 0
==> t12839 chi#5=a:('-1', '0', '1', '0'),b:('1', '0', '0', '0'),c:('-1', '0', '1', '0') h1=1 m=2 psi=a:('-1', '0', '0', '0'),b:('0', '0', '-1', '0'),c:('0', '0', '-1', '0'): I(V) = 0   I(V^ss) = 0
==> t12839 chi#5=a:('-1', '0', '1', '0'),b:('1', '0', '0', '0'),c:('-1', '0', '1', '0') h1=1 m=2 psi=a:('0', '0', '-1', '0'),b:('1', '0', '0', '0'),c:('1', '0', '0', '0'): I(V) = 0   I(V^ss) = 0
==> t12839 chi#5=a:('-1', '0', '1', '0'),b:('1', '0', '0', '0'),c:('-1', '0', '1', '0') h1=1 m=2 psi=a:('0', '0', '-1', '0'),b:('1', '0', '0', '0'),c:('-1', '0', '1', '0'): I(V) = 0   I(V^ss) = 0
==> t12839 chi#5=a:('-1', '0', '1', '0'),b:('1', '0', '0', '0'),c:('-1', '0', '1', '0') h1=1 m=2 psi=a:('0', '0', '-1', '0'),b:('1', '0', '0', '0'),c:('0', '0', '-1', '0'): I(V) = 0   I(V^ss) = 0
==> t12839 chi#5=a:('-1', '0', '1', '0'),b:('1', '0', '0', '0'),c:('-1', '0', '1', '0') h1=1 m=2 psi=a:('0', '0', '-1', '0'),b:('-1', '0', '1', '0'),c:('1', '0', '0', '0'): I(V) = -1   I(V^ss) = 0
==> t12839 chi#5=a:('-1', '0', '1', '0'),b:('1', '0', '0', '0'),c:('-1', '0', '1', '0') h1=1 m=2 psi=a:('0', '0', '-1', '0'),b:('-1', '0', '1', '0'),c:('-1', '0', '1', '0'): I(V) = 0   I(V^ss) = 0
==> t12839 chi#5=a:('-1', '0', '1', '0'),b:('1', '0', '0', '0'),c:('-1', '0', '1', '0') h1=1 m=2 psi=a:('0', '0', '-1', '0'),b:('-1', '0', '1', '0'),c:('0', '0', '-1', '0'): I(V) = 0   I(V^ss) = 0
==> t12839 chi#5=a:('-1', '0', '1', '0'),b:('1', '0', '0', '0'),c:('-1', '0', '1', '0') h1=1 m=2 psi=a:('0', '0', '-1', '0'),b:('0', '0', '-1', '0'),c:('1', '0', '0', '0'): I(V) = 0   I(V^ss) = 0
==> t12839 chi#5=a:('-1', '0', '1', '0'),b:('1', '0', '0', '0'),c:('-1', '0', '1', '0') h1=1 m=2 psi=a:('0', '0', '-1', '0'),b:('0', '0', '-1', '0'),c:('-1', '0', '1', '0'): I(V) = -1   I(V^ss) = 0
==> t12839 chi#5=a:('-1', '0', '1', '0'),b:('1', '0', '0', '0'),c:('-1', '0', '1', '0') h1=1 m=2 psi=a:('0', '0', '-1', '0'),b:('0', '0', '-1', '0'),c:('0', '0', '-1', '0'): I(V) = 0   I(V^ss) = 0
==> t12839 chi#5=a:('-1', '0', '1', '0'),b:('1', '0', '0', '0'),c:('-1', '0', '1', '0') h1=1 m=2 psi=a:('1', '0', '-1', '0'),b:('1', '0', '0', '0'),c:('1', '0', '0', '0'): I(V) = 0   I(V^ss) = 0
==> t12839 chi#5=a:('-1', '0', '1', '0'),b:('1', '0', '0', '0'),c:('-1', '0', '1', '0') h1=1 m=2 psi=a:('1', '0', '-1', '0'),b:('1', '0', '0', '0'),c:('-1', '0', '1', '0'): I(V) = 0   I(V^ss) = 0
==> t12839 chi#5=a:('-1', '0', '1', '0'),b:('1', '0', '0', '0'),c:('-1', '0', '1', '0') h1=1 m=2 psi=a:('1', '0', '-1', '0'),b:('1', '0', '0', '0'),c:('0', '0', '-1', '0'): I(V) = 0   I(V^ss) = 0
==> t12839 chi#5=a:('-1', '0', '1', '0'),b:('1', '0', '0', '0'),c:('-1', '0', '1', '0') h1=1 m=2 psi=a:('1', '0', '-1', '0'),b:('-1', '0', '1', '0'),c:('1', '0', '0', '0'): I(V) = 0   I(V^ss) = 0
==> t12839 chi#5=a:('-1', '0', '1', '0'),b:('1', '0', '0', '0'),c:('-1', '0', '1', '0') h1=1 m=2 psi=a:('1', '0', '-1', '0'),b:('-1', '0', '1', '0'),c:('-1', '0', '1', '0'): I(V) = 0   I(V^ss) = 0
==> t12839 chi#5=a:('-1', '0', '1', '0'),b:('1', '0', '0', '0'),c:('-1', '0', '1', '0') h1=1 m=2 psi=a:('1', '0', '-1', '0'),b:('-1', '0', '1', '0'),c:('0', '0', '-1', '0'): I(V) = 0   I(V^ss) = 0
==> t12839 chi#5=a:('-1', '0', '1', '0'),b:('1', '0', '0', '0'),c:('-1', '0', '1', '0') h1=1 m=2 psi=a:('1', '0', '-1', '0'),b:('0', '0', '-1', '0'),c:('1', '0', '0', '0'): I(V) = 0   I(V^ss) = 0
==> t12839 chi#5=a:('-1', '0', '1', '0'),b:('1', '0', '0', '0'),c:('-1', '0', '1', '0') h1=1 m=2 psi=a:('1', '0', '-1', '0'),b:('0', '0', '-1', '0'),c:('-1', '0', '1', '0'): I(V) = 0   I(V^ss) = 0
==> t12839 chi#5=a:('-1', '0', '1', '0'),b:('1', '0', '0', '0'),c:('-1', '0', '1', '0') h1=1 m=2 psi=a:('1', '0', '-1', '0'),b:('0', '0', '-1', '0'),c:('0', '0', '-1', '0'): I(V) = 0   I(V^ss) = 0
==> t12839 chi#5=a:('-1', '0', '1', '0'),b:('1', '0', '0', '0'),c:('-1', '0', '1', '0') h1=1 m=2 psi=chi^1: I(V) = 0   I(V^ss) = 0
==> t12839 chi#5=a:('-1', '0', '1', '0'),b:('1', '0', '0', '0'),c:('-1', '0', '1', '0') h1=1 m=2 psi=chi^2: I(V) = 0   I(V^ss) = 0
==> t12839 chi#5=a:('-1', '0', '1', '0'),b:('1', '0', '0', '0'),c:('-1', '0', '1', '0') h1=1 m=2 psi=chi^3: I(V) = 0   I(V^ss) = 0
==> t12839 chi#5=a:('-1', '0', '1', '0'),b:('1', '0', '0', '0'),c:('-1', '0', '1', '0') h1=1 m=3 psi=a:('1', '0', '0', '0'),b:('1', '0', '0', '0'),c:('1', '0', '0', '0'): I(V) = 0   I(V^ss) = 0
==> t12839 chi#5=a:('-1', '0', '1', '0'),b:('1', '0', '0', '0'),c:('-1', '0', '1', '0') h1=1 m=3 psi=a:('1', '0', '0', '0'),b:('1', '0', '0', '0'),c:('-1', '0', '1', '0'): I(V) = 0   I(V^ss) = 0
==> t12839 chi#5=a:('-1', '0', '1', '0'),b:('1', '0', '0', '0'),c:('-1', '0', '1', '0') h1=1 m=3 psi=a:('1', '0', '0', '0'),b:('1', '0', '0', '0'),c:('0', '0', '-1', '0'): I(V) = 0   I(V^ss) = 0
==> t12839 chi#5=a:('-1', '0', '1', '0'),b:('1', '0', '0', '0'),c:('-1', '0', '1', '0') h1=1 m=3 psi=a:('1', '0', '0', '0'),b:('-1', '0', '1', '0'),c:('1', '0', '0', '0'): I(V) = 0   I(V^ss) = 0
==> t12839 chi#5=a:('-1', '0', '1', '0'),b:('1', '0', '0', '0'),c:('-1', '0', '1', '0') h1=1 m=3 psi=a:('1', '0', '0', '0'),b:('-1', '0', '1', '0'),c:('-1', '0', '1', '0'): I(V) = 0   I(V^ss) = 0
==> t12839 chi#5=a:('-1', '0', '1', '0'),b:('1', '0', '0', '0'),c:('-1', '0', '1', '0') h1=1 m=3 psi=a:('1', '0', '0', '0'),b:('-1', '0', '1', '0'),c:('0', '0', '-1', '0'): I(V) = 0   I(V^ss) = 0
==> t12839 chi#5=a:('-1', '0', '1', '0'),b:('1', '0', '0', '0'),c:('-1', '0', '1', '0') h1=1 m=3 psi=a:('1', '0', '0', '0'),b:('0', '0', '-1', '0'),c:('1', '0', '0', '0'): I(V) = 0   I(V^ss) = 0
==> t12839 chi#5=a:('-1', '0', '1', '0'),b:('1', '0', '0', '0'),c:('-1', '0', '1', '0') h1=1 m=3 psi=a:('1', '0', '0', '0'),b:('0', '0', '-1', '0'),c:('-1', '0', '1', '0'): I(V) = 0   I(V^ss) = 0
==> t12839 chi#5=a:('-1', '0', '1', '0'),b:('1', '0', '0', '0'),c:('-1', '0', '1', '0') h1=1 m=3 psi=a:('1', '0', '0', '0'),b:('0', '0', '-1', '0'),c:('0', '0', '-1', '0'): I(V) = 0   I(V^ss) = 0
==> t12839 chi#5=a:('-1', '0', '1', '0'),b:('1', '0', '0', '0'),c:('-1', '0', '1', '0') h1=1 m=3 psi=a:('0', '0', '1', '0'),b:('1', '0', '0', '0'),c:('1', '0', '0', '0'): I(V) = 0   I(V^ss) = 0
==> t12839 chi#5=a:('-1', '0', '1', '0'),b:('1', '0', '0', '0'),c:('-1', '0', '1', '0') h1=1 m=3 psi=a:('0', '0', '1', '0'),b:('1', '0', '0', '0'),c:('-1', '0', '1', '0'): I(V) = 0   I(V^ss) = 0
==> t12839 chi#5=a:('-1', '0', '1', '0'),b:('1', '0', '0', '0'),c:('-1', '0', '1', '0') h1=1 m=3 psi=a:('0', '0', '1', '0'),b:('1', '0', '0', '0'),c:('0', '0', '-1', '0'): I(V) = 0   I(V^ss) = 0
==> t12839 chi#5=a:('-1', '0', '1', '0'),b:('1', '0', '0', '0'),c:('-1', '0', '1', '0') h1=1 m=3 psi=a:('0', '0', '1', '0'),b:('-1', '0', '1', '0'),c:('1', '0', '0', '0'): I(V) = 0   I(V^ss) = 0
==> t12839 chi#5=a:('-1', '0', '1', '0'),b:('1', '0', '0', '0'),c:('-1', '0', '1', '0') h1=1 m=3 psi=a:('0', '0', '1', '0'),b:('-1', '0', '1', '0'),c:('-1', '0', '1', '0'): I(V) = 0   I(V^ss) = 0
==> t12839 chi#5=a:('-1', '0', '1', '0'),b:('1', '0', '0', '0'),c:('-1', '0', '1', '0') h1=1 m=3 psi=a:('0', '0', '1', '0'),b:('-1', '0', '1', '0'),c:('0', '0', '-1', '0'): I(V) = 0   I(V^ss) = 0
==> t12839 chi#5=a:('-1', '0', '1', '0'),b:('1', '0', '0', '0'),c:('-1', '0', '1', '0') h1=1 m=3 psi=a:('0', '0', '1', '0'),b:('0', '0', '-1', '0'),c:('1', '0', '0', '0'): I(V) = 0   I(V^ss) = 0
==> t12839 chi#5=a:('-1', '0', '1', '0'),b:('1', '0', '0', '0'),c:('-1', '0', '1', '0') h1=1 m=3 psi=a:('0', '0', '1', '0'),b:('0', '0', '-1', '0'),c:('-1', '0', '1', '0'): I(V) = 0   I(V^ss) = 0
==> t12839 chi#5=a:('-1', '0', '1', '0'),b:('1', '0', '0', '0'),c:('-1', '0', '1', '0') h1=1 m=3 psi=a:('0', '0', '1', '0'),b:('0', '0', '-1', '0'),c:('0', '0', '-1', '0'): I(V) = 0   I(V^ss) = 0
==> t12839 chi#5=a:('-1', '0', '1', '0'),b:('1', '0', '0', '0'),c:('-1', '0', '1', '0') h1=1 m=3 psi=a:('-1', '0', '1', '0'),b:('1', '0', '0', '0'),c:('1', '0', '0', '0'): I(V) = 0   I(V^ss) = 0
==> t12839 chi#5=a:('-1', '0', '1', '0'),b:('1', '0', '0', '0'),c:('-1', '0', '1', '0') h1=1 m=3 psi=a:('-1', '0', '1', '0'),b:('1', '0', '0', '0'),c:('-1', '0', '1', '0'): I(V) = 0   I(V^ss) = 0
==> t12839 chi#5=a:('-1', '0', '1', '0'),b:('1', '0', '0', '0'),c:('-1', '0', '1', '0') h1=1 m=3 psi=a:('-1', '0', '1', '0'),b:('1', '0', '0', '0'),c:('0', '0', '-1', '0'): I(V) = 0   I(V^ss) = 0
==> t12839 chi#5=a:('-1', '0', '1', '0'),b:('1', '0', '0', '0'),c:('-1', '0', '1', '0') h1=1 m=3 psi=a:('-1', '0', '1', '0'),b:('-1', '0', '1', '0'),c:('1', '0', '0', '0'): I(V) = 0   I(V^ss) = 0
==> t12839 chi#5=a:('-1', '0', '1', '0'),b:('1', '0', '0', '0'),c:('-1', '0', '1', '0') h1=1 m=3 psi=a:('-1', '0', '1', '0'),b:('-1', '0', '1', '0'),c:('-1', '0', '1', '0'): I(V) = 0   I(V^ss) = 0
==> t12839 chi#5=a:('-1', '0', '1', '0'),b:('1', '0', '0', '0'),c:('-1', '0', '1', '0') h1=1 m=3 psi=a:('-1', '0', '1', '0'),b:('-1', '0', '1', '0'),c:('0', '0', '-1', '0'): I(V) = 0   I(V^ss) = 0
==> t12839 chi#5=a:('-1', '0', '1', '0'),b:('1', '0', '0', '0'),c:('-1', '0', '1', '0') h1=1 m=3 psi=a:('-1', '0', '1', '0'),b:('0', '0', '-1', '0'),c:('1', '0', '0', '0'): I(V) = 0   I(V^ss) = 0
==> t12839 chi#5=a:('-1', '0', '1', '0'),b:('1', '0', '0', '0'),c:('-1', '0', '1', '0') h1=1 m=3 psi=a:('-1', '0', '1', '0'),b:('0', '0', '-1', '0'),c:('-1', '0', '1', '0'): I(V) = 0   I(V^ss) = 0
==> t12839 chi#5=a:('-1', '0', '1', '0'),b:('1', '0', '0', '0'),c:('-1', '0', '1', '0') h1=1 m=3 psi=a:('-1', '0', '1', '0'),b:('0', '0', '-1', '0'),c:('0', '0', '-1', '0'): I(V) = 0   I(V^ss) = 0
==> t12839 chi#5=a:('-1', '0', '1', '0'),b:('1', '0', '0', '0'),c:('-1', '0', '1', '0') h1=1 m=3 psi=a:('-1', '0', '0', '0'),b:('1', '0', '0', '0'),c:('1', '0', '0', '0'): I(V) = 0   I(V^ss) = 0
==> t12839 chi#5=a:('-1', '0', '1', '0'),b:('1', '0', '0', '0'),c:('-1', '0', '1', '0') h1=1 m=3 psi=a:('-1', '0', '0', '0'),b:('1', '0', '0', '0'),c:('-1', '0', '1', '0'): I(V) = 0   I(V^ss) = 0
==> t12839 chi#5=a:('-1', '0', '1', '0'),b:('1', '0', '0', '0'),c:('-1', '0', '1', '0') h1=1 m=3 psi=a:('-1', '0', '0', '0'),b:('1', '0', '0', '0'),c:('0', '0', '-1', '0'): I(V) = 0   I(V^ss) = 0
==> t12839 chi#5=a:('-1', '0', '1', '0'),b:('1', '0', '0', '0'),c:('-1', '0', '1', '0') h1=1 m=3 psi=a:('-1', '0', '0', '0'),b:('-1', '0', '1', '0'),c:('1', '0', '0', '0'): I(V) = 0   I(V^ss) = 0
==> t12839 chi#5=a:('-1', '0', '1', '0'),b:('1', '0', '0', '0'),c:('-1', '0', '1', '0') h1=1 m=3 psi=a:('-1', '0', '0', '0'),b:('-1', '0', '1', '0'),c:('-1', '0', '1', '0'): I(V) = 0   I(V^ss) = 0
==> t12839 chi#5=a:('-1', '0', '1', '0'),b:('1', '0', '0', '0'),c:('-1', '0', '1', '0') h1=1 m=3 psi=a:('-1', '0', '0', '0'),b:('-1', '0', '1', '0'),c:('0', '0', '-1', '0'): I(V) = 0   I(V^ss) = 0
==> t12839 chi#5=a:('-1', '0', '1', '0'),b:('1', '0', '0', '0'),c:('-1', '0', '1', '0') h1=1 m=3 psi=a:('-1', '0', '0', '0'),b:('0', '0', '-1', '0'),c:('1', '0', '0', '0'): I(V) = 0   I(V^ss) = 0
==> t12839 chi#5=a:('-1', '0', '1', '0'),b:('1', '0', '0', '0'),c:('-1', '0', '1', '0') h1=1 m=3 psi=a:('-1', '0', '0', '0'),b:('0', '0', '-1', '0'),c:('-1', '0', '1', '0'): I(V) = 0   I(V^ss) = 0
==> t12839 chi#5=a:('-1', '0', '1', '0'),b:('1', '0', '0', '0'),c:('-1', '0', '1', '0') h1=1 m=3 psi=a:('-1', '0', '0', '0'),b:('0', '0', '-1', '0'),c:('0', '0', '-1', '0'): I(V) = 0   I(V^ss) = 0
==> t12839 chi#5=a:('-1', '0', '1', '0'),b:('1', '0', '0', '0'),c:('-1', '0', '1', '0') h1=1 m=3 psi=a:('0', '0', '-1', '0'),b:('1', '0', '0', '0'),c:('1', '0', '0', '0'): I(V) = 0   I(V^ss) = 0
==> t12839 chi#5=a:('-1', '0', '1', '0'),b:('1', '0', '0', '0'),c:('-1', '0', '1', '0') h1=1 m=3 psi=a:('0', '0', '-1', '0'),b:('1', '0', '0', '0'),c:('-1', '0', '1', '0'): I(V) = 0   I(V^ss) = 0
==> t12839 chi#5=a:('-1', '0', '1', '0'),b:('1', '0', '0', '0'),c:('-1', '0', '1', '0') h1=1 m=3 psi=a:('0', '0', '-1', '0'),b:('1', '0', '0', '0'),c:('0', '0', '-1', '0'): I(V) = 0   I(V^ss) = 0
==> t12839 chi#5=a:('-1', '0', '1', '0'),b:('1', '0', '0', '0'),c:('-1', '0', '1', '0') h1=1 m=3 psi=a:('0', '0', '-1', '0'),b:('-1', '0', '1', '0'),c:('1', '0', '0', '0'): I(V) = 0   I(V^ss) = 0
==> t12839 chi#5=a:('-1', '0', '1', '0'),b:('1', '0', '0', '0'),c:('-1', '0', '1', '0') h1=1 m=3 psi=a:('0', '0', '-1', '0'),b:('-1', '0', '1', '0'),c:('-1', '0', '1', '0'): I(V) = 0   I(V^ss) = 0
==> t12839 chi#5=a:('-1', '0', '1', '0'),b:('1', '0', '0', '0'),c:('-1', '0', '1', '0') h1=1 m=3 psi=a:('0', '0', '-1', '0'),b:('-1', '0', '1', '0'),c:('0', '0', '-1', '0'): I(V) = 0   I(V^ss) = 0
==> t12839 chi#5=a:('-1', '0', '1', '0'),b:('1', '0', '0', '0'),c:('-1', '0', '1', '0') h1=1 m=3 psi=a:('0', '0', '-1', '0'),b:('0', '0', '-1', '0'),c:('1', '0', '0', '0'): I(V) = 0   I(V^ss) = 0
==> t12839 chi#5=a:('-1', '0', '1', '0'),b:('1', '0', '0', '0'),c:('-1', '0', '1', '0') h1=1 m=3 psi=a:('0', '0', '-1', '0'),b:('0', '0', '-1', '0'),c:('-1', '0', '1', '0'): I(V) = 0   I(V^ss) = 0
==> t12839 chi#5=a:('-1', '0', '1', '0'),b:('1', '0', '0', '0'),c:('-1', '0', '1', '0') h1=1 m=3 psi=a:('0', '0', '-1', '0'),b:('0', '0', '-1', '0'),c:('0', '0', '-1', '0'): I(V) = 0   I(V^ss) = 0
==> t12839 chi#5=a:('-1', '0', '1', '0'),b:('1', '0', '0', '0'),c:('-1', '0', '1', '0') h1=1 m=3 psi=a:('1', '0', '-1', '0'),b:('1', '0', '0', '0'),c:('1', '0', '0', '0'): I(V) = 0   I(V^ss) = 0
==> t12839 chi#5=a:('-1', '0', '1', '0'),b:('1', '0', '0', '0'),c:('-1', '0', '1', '0') h1=1 m=3 psi=a:('1', '0', '-1', '0'),b:('1', '0', '0', '0'),c:('-1', '0', '1', '0'): I(V) = 0   I(V^ss) = 0
==> t12839 chi#5=a:('-1', '0', '1', '0'),b:('1', '0', '0', '0'),c:('-1', '0', '1', '0') h1=1 m=3 psi=a:('1', '0', '-1', '0'),b:('1', '0', '0', '0'),c:('0', '0', '-1', '0'): I(V) = 0   I(V^ss) = 0
==> t12839 chi#5=a:('-1', '0', '1', '0'),b:('1', '0', '0', '0'),c:('-1', '0', '1', '0') h1=1 m=3 psi=a:('1', '0', '-1', '0'),b:('-1', '0', '1', '0'),c:('1', '0', '0', '0'): I(V) = 0   I(V^ss) = 0
==> t12839 chi#5=a:('-1', '0', '1', '0'),b:('1', '0', '0', '0'),c:('-1', '0', '1', '0') h1=1 m=3 psi=a:('1', '0', '-1', '0'),b:('-1', '0', '1', '0'),c:('-1', '0', '1', '0'): I(V) = 0   I(V^ss) = 0
==> t12839 chi#5=a:('-1', '0', '1', '0'),b:('1', '0', '0', '0'),c:('-1', '0', '1', '0') h1=1 m=3 psi=a:('1', '0', '-1', '0'),b:('-1', '0', '1', '0'),c:('0', '0', '-1', '0'): I(V) = 0   I(V^ss) = 0
==> t12839 chi#5=a:('-1', '0', '1', '0'),b:('1', '0', '0', '0'),c:('-1', '0', '1', '0') h1=1 m=3 psi=a:('1', '0', '-1', '0'),b:('0', '0', '-1', '0'),c:('1', '0', '0', '0'): I(V) = 0   I(V^ss) = 0
==> t12839 chi#5=a:('-1', '0', '1', '0'),b:('1', '0', '0', '0'),c:('-1', '0', '1', '0') h1=1 m=3 psi=a:('1', '0', '-1', '0'),b:('0', '0', '-1', '0'),c:('-1', '0', '1', '0'): I(V) = 0   I(V^ss) = 0
==> t12839 chi#5=a:('-1', '0', '1', '0'),b:('1', '0', '0', '0'),c:('-1', '0', '1', '0') h1=1 m=3 psi=a:('1', '0', '-1', '0'),b:('0', '0', '-1', '0'),c:('0', '0', '-1', '0'): I(V) = 0   I(V^ss) = 0
==> t12839 chi#5=a:('-1', '0', '1', '0'),b:('1', '0', '0', '0'),c:('-1', '0', '1', '0') h1=1 m=3 psi=chi^1: I(V) = 0   I(V^ss) = 0
==> t12839 chi#5=a:('-1', '0', '1', '0'),b:('1', '0', '0', '0'),c:('-1', '0', '1', '0') h1=1 m=3 psi=chi^2: I(V) = 0   I(V^ss) = 0
==> t12839 chi#5=a:('-1', '0', '1', '0'),b:('1', '0', '0', '0'),c:('-1', '0', '1', '0') h1=1 m=3 psi=chi^3: I(V) = 0   I(V^ss) = 0
  locus chi#6=a:('-1', '0', '1', '0'),b:('-1', '0', '1', '0'),c:('0', '0', '-1', '0') h1=1
==> t12839 chi#6=a:('-1', '0', '1', '0'),b:('-1', '0', '1', '0'),c:('0', '0', '-1', '0') h1=1 m=1 psi=a:('1', '0', '0', '0'),b:('1', '0', '0', '0'),c:('1', '0', '0', '0'): I(V) = 0   I(V^ss) = 0
==> t12839 chi#6=a:('-1', '0', '1', '0'),b:('-1', '0', '1', '0'),c:('0', '0', '-1', '0') h1=1 m=1 psi=a:('1', '0', '0', '0'),b:('1', '0', '0', '0'),c:('-1', '0', '1', '0'): I(V) = 0   I(V^ss) = 0
==> t12839 chi#6=a:('-1', '0', '1', '0'),b:('-1', '0', '1', '0'),c:('0', '0', '-1', '0') h1=1 m=1 psi=a:('1', '0', '0', '0'),b:('1', '0', '0', '0'),c:('0', '0', '-1', '0'): I(V) = 0   I(V^ss) = 0
==> t12839 chi#6=a:('-1', '0', '1', '0'),b:('-1', '0', '1', '0'),c:('0', '0', '-1', '0') h1=1 m=1 psi=a:('1', '0', '0', '0'),b:('-1', '0', '1', '0'),c:('1', '0', '0', '0'): I(V) = 0   I(V^ss) = 0
==> t12839 chi#6=a:('-1', '0', '1', '0'),b:('-1', '0', '1', '0'),c:('0', '0', '-1', '0') h1=1 m=1 psi=a:('1', '0', '0', '0'),b:('-1', '0', '1', '0'),c:('-1', '0', '1', '0'): I(V) = 1   I(V^ss) = 0
==> t12839 chi#6=a:('-1', '0', '1', '0'),b:('-1', '0', '1', '0'),c:('0', '0', '-1', '0') h1=1 m=1 psi=a:('1', '0', '0', '0'),b:('-1', '0', '1', '0'),c:('0', '0', '-1', '0'): I(V) = 0   I(V^ss) = 0
==> t12839 chi#6=a:('-1', '0', '1', '0'),b:('-1', '0', '1', '0'),c:('0', '0', '-1', '0') h1=1 m=1 psi=a:('1', '0', '0', '0'),b:('0', '0', '-1', '0'),c:('1', '0', '0', '0'): I(V) = 0   I(V^ss) = 0
==> t12839 chi#6=a:('-1', '0', '1', '0'),b:('-1', '0', '1', '0'),c:('0', '0', '-1', '0') h1=1 m=1 psi=a:('1', '0', '0', '0'),b:('0', '0', '-1', '0'),c:('-1', '0', '1', '0'): I(V) = 0   I(V^ss) = 0
==> t12839 chi#6=a:('-1', '0', '1', '0'),b:('-1', '0', '1', '0'),c:('0', '0', '-1', '0') h1=1 m=1 psi=a:('1', '0', '0', '0'),b:('0', '0', '-1', '0'),c:('0', '0', '-1', '0'): I(V) = -1   I(V^ss) = 0
==> t12839 chi#6=a:('-1', '0', '1', '0'),b:('-1', '0', '1', '0'),c:('0', '0', '-1', '0') h1=1 m=1 psi=a:('0', '0', '1', '0'),b:('1', '0', '0', '0'),c:('1', '0', '0', '0'): I(V) = 0   I(V^ss) = 0
==> t12839 chi#6=a:('-1', '0', '1', '0'),b:('-1', '0', '1', '0'),c:('0', '0', '-1', '0') h1=1 m=1 psi=a:('0', '0', '1', '0'),b:('1', '0', '0', '0'),c:('-1', '0', '1', '0'): I(V) = 0   I(V^ss) = 0
==> t12839 chi#6=a:('-1', '0', '1', '0'),b:('-1', '0', '1', '0'),c:('0', '0', '-1', '0') h1=1 m=1 psi=a:('0', '0', '1', '0'),b:('1', '0', '0', '0'),c:('0', '0', '-1', '0'): I(V) = 0   I(V^ss) = 0
==> t12839 chi#6=a:('-1', '0', '1', '0'),b:('-1', '0', '1', '0'),c:('0', '0', '-1', '0') h1=1 m=1 psi=a:('0', '0', '1', '0'),b:('-1', '0', '1', '0'),c:('1', '0', '0', '0'): I(V) = 0   I(V^ss) = 0
==> t12839 chi#6=a:('-1', '0', '1', '0'),b:('-1', '0', '1', '0'),c:('0', '0', '-1', '0') h1=1 m=1 psi=a:('0', '0', '1', '0'),b:('-1', '0', '1', '0'),c:('-1', '0', '1', '0'): I(V) = 0   I(V^ss) = 0
==> t12839 chi#6=a:('-1', '0', '1', '0'),b:('-1', '0', '1', '0'),c:('0', '0', '-1', '0') h1=1 m=1 psi=a:('0', '0', '1', '0'),b:('-1', '0', '1', '0'),c:('0', '0', '-1', '0'): I(V) = 0   I(V^ss) = 0
==> t12839 chi#6=a:('-1', '0', '1', '0'),b:('-1', '0', '1', '0'),c:('0', '0', '-1', '0') h1=1 m=1 psi=a:('0', '0', '1', '0'),b:('0', '0', '-1', '0'),c:('1', '0', '0', '0'): I(V) = 0   I(V^ss) = 0
==> t12839 chi#6=a:('-1', '0', '1', '0'),b:('-1', '0', '1', '0'),c:('0', '0', '-1', '0') h1=1 m=1 psi=a:('0', '0', '1', '0'),b:('0', '0', '-1', '0'),c:('-1', '0', '1', '0'): I(V) = 0   I(V^ss) = 0
==> t12839 chi#6=a:('-1', '0', '1', '0'),b:('-1', '0', '1', '0'),c:('0', '0', '-1', '0') h1=1 m=1 psi=a:('0', '0', '1', '0'),b:('0', '0', '-1', '0'),c:('0', '0', '-1', '0'): I(V) = 0   I(V^ss) = 0
==> t12839 chi#6=a:('-1', '0', '1', '0'),b:('-1', '0', '1', '0'),c:('0', '0', '-1', '0') h1=1 m=1 psi=a:('-1', '0', '1', '0'),b:('1', '0', '0', '0'),c:('1', '0', '0', '0'): I(V) = 0   I(V^ss) = 0
==> t12839 chi#6=a:('-1', '0', '1', '0'),b:('-1', '0', '1', '0'),c:('0', '0', '-1', '0') h1=1 m=1 psi=a:('-1', '0', '1', '0'),b:('1', '0', '0', '0'),c:('-1', '0', '1', '0'): I(V) = 1   I(V^ss) = 0
==> t12839 chi#6=a:('-1', '0', '1', '0'),b:('-1', '0', '1', '0'),c:('0', '0', '-1', '0') h1=1 m=1 psi=a:('-1', '0', '1', '0'),b:('1', '0', '0', '0'),c:('0', '0', '-1', '0'): I(V) = 0   I(V^ss) = 0
==> t12839 chi#6=a:('-1', '0', '1', '0'),b:('-1', '0', '1', '0'),c:('0', '0', '-1', '0') h1=1 m=1 psi=a:('-1', '0', '1', '0'),b:('-1', '0', '1', '0'),c:('1', '0', '0', '0'): I(V) = 0   I(V^ss) = 0
==> t12839 chi#6=a:('-1', '0', '1', '0'),b:('-1', '0', '1', '0'),c:('0', '0', '-1', '0') h1=1 m=1 psi=a:('-1', '0', '1', '0'),b:('-1', '0', '1', '0'),c:('-1', '0', '1', '0'): I(V) = 0   I(V^ss) = 0
==> t12839 chi#6=a:('-1', '0', '1', '0'),b:('-1', '0', '1', '0'),c:('0', '0', '-1', '0') h1=1 m=1 psi=a:('-1', '0', '1', '0'),b:('-1', '0', '1', '0'),c:('0', '0', '-1', '0'): I(V) = 0   I(V^ss) = 0
==> t12839 chi#6=a:('-1', '0', '1', '0'),b:('-1', '0', '1', '0'),c:('0', '0', '-1', '0') h1=1 m=1 psi=a:('-1', '0', '1', '0'),b:('0', '0', '-1', '0'),c:('1', '0', '0', '0'): I(V) = 0   I(V^ss) = 0
==> t12839 chi#6=a:('-1', '0', '1', '0'),b:('-1', '0', '1', '0'),c:('0', '0', '-1', '0') h1=1 m=1 psi=a:('-1', '0', '1', '0'),b:('0', '0', '-1', '0'),c:('-1', '0', '1', '0'): I(V) = 0   I(V^ss) = 0
==> t12839 chi#6=a:('-1', '0', '1', '0'),b:('-1', '0', '1', '0'),c:('0', '0', '-1', '0') h1=1 m=1 psi=a:('-1', '0', '1', '0'),b:('0', '0', '-1', '0'),c:('0', '0', '-1', '0'): I(V) = 0   I(V^ss) = 0
==> t12839 chi#6=a:('-1', '0', '1', '0'),b:('-1', '0', '1', '0'),c:('0', '0', '-1', '0') h1=1 m=1 psi=a:('-1', '0', '0', '0'),b:('1', '0', '0', '0'),c:('1', '0', '0', '0'): I(V) = 0   I(V^ss) = 0
==> t12839 chi#6=a:('-1', '0', '1', '0'),b:('-1', '0', '1', '0'),c:('0', '0', '-1', '0') h1=1 m=1 psi=a:('-1', '0', '0', '0'),b:('1', '0', '0', '0'),c:('-1', '0', '1', '0'): I(V) = 0   I(V^ss) = 0
==> t12839 chi#6=a:('-1', '0', '1', '0'),b:('-1', '0', '1', '0'),c:('0', '0', '-1', '0') h1=1 m=1 psi=a:('-1', '0', '0', '0'),b:('1', '0', '0', '0'),c:('0', '0', '-1', '0'): I(V) = 0   I(V^ss) = 0
==> t12839 chi#6=a:('-1', '0', '1', '0'),b:('-1', '0', '1', '0'),c:('0', '0', '-1', '0') h1=1 m=1 psi=a:('-1', '0', '0', '0'),b:('-1', '0', '1', '0'),c:('1', '0', '0', '0'): I(V) = 0   I(V^ss) = 0
==> t12839 chi#6=a:('-1', '0', '1', '0'),b:('-1', '0', '1', '0'),c:('0', '0', '-1', '0') h1=1 m=1 psi=a:('-1', '0', '0', '0'),b:('-1', '0', '1', '0'),c:('-1', '0', '1', '0'): I(V) = 0   I(V^ss) = 0
==> t12839 chi#6=a:('-1', '0', '1', '0'),b:('-1', '0', '1', '0'),c:('0', '0', '-1', '0') h1=1 m=1 psi=a:('-1', '0', '0', '0'),b:('-1', '0', '1', '0'),c:('0', '0', '-1', '0'): I(V) = 0   I(V^ss) = 0
==> t12839 chi#6=a:('-1', '0', '1', '0'),b:('-1', '0', '1', '0'),c:('0', '0', '-1', '0') h1=1 m=1 psi=a:('-1', '0', '0', '0'),b:('0', '0', '-1', '0'),c:('1', '0', '0', '0'): I(V) = 0   I(V^ss) = 0
==> t12839 chi#6=a:('-1', '0', '1', '0'),b:('-1', '0', '1', '0'),c:('0', '0', '-1', '0') h1=1 m=1 psi=a:('-1', '0', '0', '0'),b:('0', '0', '-1', '0'),c:('-1', '0', '1', '0'): I(V) = 0   I(V^ss) = 0
==> t12839 chi#6=a:('-1', '0', '1', '0'),b:('-1', '0', '1', '0'),c:('0', '0', '-1', '0') h1=1 m=1 psi=a:('-1', '0', '0', '0'),b:('0', '0', '-1', '0'),c:('0', '0', '-1', '0'): I(V) = 0   I(V^ss) = 0
==> t12839 chi#6=a:('-1', '0', '1', '0'),b:('-1', '0', '1', '0'),c:('0', '0', '-1', '0') h1=1 m=1 psi=a:('0', '0', '-1', '0'),b:('1', '0', '0', '0'),c:('1', '0', '0', '0'): I(V) = 0   I(V^ss) = 0
==> t12839 chi#6=a:('-1', '0', '1', '0'),b:('-1', '0', '1', '0'),c:('0', '0', '-1', '0') h1=1 m=1 psi=a:('0', '0', '-1', '0'),b:('1', '0', '0', '0'),c:('-1', '0', '1', '0'): I(V) = 0   I(V^ss) = 0
==> t12839 chi#6=a:('-1', '0', '1', '0'),b:('-1', '0', '1', '0'),c:('0', '0', '-1', '0') h1=1 m=1 psi=a:('0', '0', '-1', '0'),b:('1', '0', '0', '0'),c:('0', '0', '-1', '0'): I(V) = -1   I(V^ss) = 0
==> t12839 chi#6=a:('-1', '0', '1', '0'),b:('-1', '0', '1', '0'),c:('0', '0', '-1', '0') h1=1 m=1 psi=a:('0', '0', '-1', '0'),b:('-1', '0', '1', '0'),c:('1', '0', '0', '0'): I(V) = 0   I(V^ss) = 0
==> t12839 chi#6=a:('-1', '0', '1', '0'),b:('-1', '0', '1', '0'),c:('0', '0', '-1', '0') h1=1 m=1 psi=a:('0', '0', '-1', '0'),b:('-1', '0', '1', '0'),c:('-1', '0', '1', '0'): I(V) = 0   I(V^ss) = 0
==> t12839 chi#6=a:('-1', '0', '1', '0'),b:('-1', '0', '1', '0'),c:('0', '0', '-1', '0') h1=1 m=1 psi=a:('0', '0', '-1', '0'),b:('-1', '0', '1', '0'),c:('0', '0', '-1', '0'): I(V) = 0   I(V^ss) = 0
==> t12839 chi#6=a:('-1', '0', '1', '0'),b:('-1', '0', '1', '0'),c:('0', '0', '-1', '0') h1=1 m=1 psi=a:('0', '0', '-1', '0'),b:('0', '0', '-1', '0'),c:('1', '0', '0', '0'): I(V) = 0   I(V^ss) = 0
==> t12839 chi#6=a:('-1', '0', '1', '0'),b:('-1', '0', '1', '0'),c:('0', '0', '-1', '0') h1=1 m=1 psi=a:('0', '0', '-1', '0'),b:('0', '0', '-1', '0'),c:('-1', '0', '1', '0'): I(V) = 0   I(V^ss) = 0
==> t12839 chi#6=a:('-1', '0', '1', '0'),b:('-1', '0', '1', '0'),c:('0', '0', '-1', '0') h1=1 m=1 psi=a:('0', '0', '-1', '0'),b:('0', '0', '-1', '0'),c:('0', '0', '-1', '0'): I(V) = 0   I(V^ss) = 0
==> t12839 chi#6=a:('-1', '0', '1', '0'),b:('-1', '0', '1', '0'),c:('0', '0', '-1', '0') h1=1 m=1 psi=a:('1', '0', '-1', '0'),b:('1', '0', '0', '0'),c:('1', '0', '0', '0'): I(V) = 0   I(V^ss) = 0
==> t12839 chi#6=a:('-1', '0', '1', '0'),b:('-1', '0', '1', '0'),c:('0', '0', '-1', '0') h1=1 m=1 psi=a:('1', '0', '-1', '0'),b:('1', '0', '0', '0'),c:('-1', '0', '1', '0'): I(V) = 0   I(V^ss) = 0
==> t12839 chi#6=a:('-1', '0', '1', '0'),b:('-1', '0', '1', '0'),c:('0', '0', '-1', '0') h1=1 m=1 psi=a:('1', '0', '-1', '0'),b:('1', '0', '0', '0'),c:('0', '0', '-1', '0'): I(V) = 0   I(V^ss) = 0
==> t12839 chi#6=a:('-1', '0', '1', '0'),b:('-1', '0', '1', '0'),c:('0', '0', '-1', '0') h1=1 m=1 psi=a:('1', '0', '-1', '0'),b:('-1', '0', '1', '0'),c:('1', '0', '0', '0'): I(V) = 0   I(V^ss) = 0
==> t12839 chi#6=a:('-1', '0', '1', '0'),b:('-1', '0', '1', '0'),c:('0', '0', '-1', '0') h1=1 m=1 psi=a:('1', '0', '-1', '0'),b:('-1', '0', '1', '0'),c:('-1', '0', '1', '0'): I(V) = 0   I(V^ss) = 0
==> t12839 chi#6=a:('-1', '0', '1', '0'),b:('-1', '0', '1', '0'),c:('0', '0', '-1', '0') h1=1 m=1 psi=a:('1', '0', '-1', '0'),b:('-1', '0', '1', '0'),c:('0', '0', '-1', '0'): I(V) = 0   I(V^ss) = 0
==> t12839 chi#6=a:('-1', '0', '1', '0'),b:('-1', '0', '1', '0'),c:('0', '0', '-1', '0') h1=1 m=1 psi=a:('1', '0', '-1', '0'),b:('0', '0', '-1', '0'),c:('1', '0', '0', '0'): I(V) = 0   I(V^ss) = 0
==> t12839 chi#6=a:('-1', '0', '1', '0'),b:('-1', '0', '1', '0'),c:('0', '0', '-1', '0') h1=1 m=1 psi=a:('1', '0', '-1', '0'),b:('0', '0', '-1', '0'),c:('-1', '0', '1', '0'): I(V) = 0   I(V^ss) = 0
==> t12839 chi#6=a:('-1', '0', '1', '0'),b:('-1', '0', '1', '0'),c:('0', '0', '-1', '0') h1=1 m=1 psi=a:('1', '0', '-1', '0'),b:('0', '0', '-1', '0'),c:('0', '0', '-1', '0'): I(V) = 0   I(V^ss) = 0
==> t12839 chi#6=a:('-1', '0', '1', '0'),b:('-1', '0', '1', '0'),c:('0', '0', '-1', '0') h1=1 m=1 psi=chi^1: I(V) = 0   I(V^ss) = 0
==> t12839 chi#6=a:('-1', '0', '1', '0'),b:('-1', '0', '1', '0'),c:('0', '0', '-1', '0') h1=1 m=1 psi=chi^2: I(V) = 0   I(V^ss) = 0
==> t12839 chi#6=a:('-1', '0', '1', '0'),b:('-1', '0', '1', '0'),c:('0', '0', '-1', '0') h1=1 m=1 psi=chi^3: I(V) = 0   I(V^ss) = 0
==> t12839 chi#6=a:('-1', '0', '1', '0'),b:('-1', '0', '1', '0'),c:('0', '0', '-1', '0') h1=1 m=2 psi=a:('1', '0', '0', '0'),b:('1', '0', '0', '0'),c:('1', '0', '0', '0'): I(V) = 0   I(V^ss) = 0
==> t12839 chi#6=a:('-1', '0', '1', '0'),b:('-1', '0', '1', '0'),c:('0', '0', '-1', '0') h1=1 m=2 psi=a:('1', '0', '0', '0'),b:('1', '0', '0', '0'),c:('-1', '0', '1', '0'): I(V) = 0   I(V^ss) = 0
==> t12839 chi#6=a:('-1', '0', '1', '0'),b:('-1', '0', '1', '0'),c:('0', '0', '-1', '0') h1=1 m=2 psi=a:('1', '0', '0', '0'),b:('1', '0', '0', '0'),c:('0', '0', '-1', '0'): I(V) = 0   I(V^ss) = 0
==> t12839 chi#6=a:('-1', '0', '1', '0'),b:('-1', '0', '1', '0'),c:('0', '0', '-1', '0') h1=1 m=2 psi=a:('1', '0', '0', '0'),b:('-1', '0', '1', '0'),c:('1', '0', '0', '0'): I(V) = 0   I(V^ss) = 0
==> t12839 chi#6=a:('-1', '0', '1', '0'),b:('-1', '0', '1', '0'),c:('0', '0', '-1', '0') h1=1 m=2 psi=a:('1', '0', '0', '0'),b:('-1', '0', '1', '0'),c:('-1', '0', '1', '0'): I(V) = -1   I(V^ss) = 0
==> t12839 chi#6=a:('-1', '0', '1', '0'),b:('-1', '0', '1', '0'),c:('0', '0', '-1', '0') h1=1 m=2 psi=a:('1', '0', '0', '0'),b:('-1', '0', '1', '0'),c:('0', '0', '-1', '0'): I(V) = 0   I(V^ss) = 0
==> t12839 chi#6=a:('-1', '0', '1', '0'),b:('-1', '0', '1', '0'),c:('0', '0', '-1', '0') h1=1 m=2 psi=a:('1', '0', '0', '0'),b:('0', '0', '-1', '0'),c:('1', '0', '0', '0'): I(V) = 0   I(V^ss) = 0
==> t12839 chi#6=a:('-1', '0', '1', '0'),b:('-1', '0', '1', '0'),c:('0', '0', '-1', '0') h1=1 m=2 psi=a:('1', '0', '0', '0'),b:('0', '0', '-1', '0'),c:('-1', '0', '1', '0'): I(V) = 0   I(V^ss) = 0
==> t12839 chi#6=a:('-1', '0', '1', '0'),b:('-1', '0', '1', '0'),c:('0', '0', '-1', '0') h1=1 m=2 psi=a:('1', '0', '0', '0'),b:('0', '0', '-1', '0'),c:('0', '0', '-1', '0'): I(V) = 1   I(V^ss) = 0
==> t12839 chi#6=a:('-1', '0', '1', '0'),b:('-1', '0', '1', '0'),c:('0', '0', '-1', '0') h1=1 m=2 psi=a:('0', '0', '1', '0'),b:('1', '0', '0', '0'),c:('1', '0', '0', '0'): I(V) = 0   I(V^ss) = 0
==> t12839 chi#6=a:('-1', '0', '1', '0'),b:('-1', '0', '1', '0'),c:('0', '0', '-1', '0') h1=1 m=2 psi=a:('0', '0', '1', '0'),b:('1', '0', '0', '0'),c:('-1', '0', '1', '0'): I(V) = 0   I(V^ss) = 0
==> t12839 chi#6=a:('-1', '0', '1', '0'),b:('-1', '0', '1', '0'),c:('0', '0', '-1', '0') h1=1 m=2 psi=a:('0', '0', '1', '0'),b:('1', '0', '0', '0'),c:('0', '0', '-1', '0'): I(V) = 0   I(V^ss) = 0
==> t12839 chi#6=a:('-1', '0', '1', '0'),b:('-1', '0', '1', '0'),c:('0', '0', '-1', '0') h1=1 m=2 psi=a:('0', '0', '1', '0'),b:('-1', '0', '1', '0'),c:('1', '0', '0', '0'): I(V) = 0   I(V^ss) = 0
==> t12839 chi#6=a:('-1', '0', '1', '0'),b:('-1', '0', '1', '0'),c:('0', '0', '-1', '0') h1=1 m=2 psi=a:('0', '0', '1', '0'),b:('-1', '0', '1', '0'),c:('-1', '0', '1', '0'): I(V) = 0   I(V^ss) = 0
==> t12839 chi#6=a:('-1', '0', '1', '0'),b:('-1', '0', '1', '0'),c:('0', '0', '-1', '0') h1=1 m=2 psi=a:('0', '0', '1', '0'),b:('-1', '0', '1', '0'),c:('0', '0', '-1', '0'): I(V) = 0   I(V^ss) = 0
==> t12839 chi#6=a:('-1', '0', '1', '0'),b:('-1', '0', '1', '0'),c:('0', '0', '-1', '0') h1=1 m=2 psi=a:('0', '0', '1', '0'),b:('0', '0', '-1', '0'),c:('1', '0', '0', '0'): I(V) = 0   I(V^ss) = 0
==> t12839 chi#6=a:('-1', '0', '1', '0'),b:('-1', '0', '1', '0'),c:('0', '0', '-1', '0') h1=1 m=2 psi=a:('0', '0', '1', '0'),b:('0', '0', '-1', '0'),c:('-1', '0', '1', '0'): I(V) = 0   I(V^ss) = 0
==> t12839 chi#6=a:('-1', '0', '1', '0'),b:('-1', '0', '1', '0'),c:('0', '0', '-1', '0') h1=1 m=2 psi=a:('0', '0', '1', '0'),b:('0', '0', '-1', '0'),c:('0', '0', '-1', '0'): I(V) = 0   I(V^ss) = 0
==> t12839 chi#6=a:('-1', '0', '1', '0'),b:('-1', '0', '1', '0'),c:('0', '0', '-1', '0') h1=1 m=2 psi=a:('-1', '0', '1', '0'),b:('1', '0', '0', '0'),c:('1', '0', '0', '0'): I(V) = 0   I(V^ss) = 0
==> t12839 chi#6=a:('-1', '0', '1', '0'),b:('-1', '0', '1', '0'),c:('0', '0', '-1', '0') h1=1 m=2 psi=a:('-1', '0', '1', '0'),b:('1', '0', '0', '0'),c:('-1', '0', '1', '0'): I(V) = -1   I(V^ss) = 0
==> t12839 chi#6=a:('-1', '0', '1', '0'),b:('-1', '0', '1', '0'),c:('0', '0', '-1', '0') h1=1 m=2 psi=a:('-1', '0', '1', '0'),b:('1', '0', '0', '0'),c:('0', '0', '-1', '0'): I(V) = 0   I(V^ss) = 0
==> t12839 chi#6=a:('-1', '0', '1', '0'),b:('-1', '0', '1', '0'),c:('0', '0', '-1', '0') h1=1 m=2 psi=a:('-1', '0', '1', '0'),b:('-1', '0', '1', '0'),c:('1', '0', '0', '0'): I(V) = 0   I(V^ss) = 0
==> t12839 chi#6=a:('-1', '0', '1', '0'),b:('-1', '0', '1', '0'),c:('0', '0', '-1', '0') h1=1 m=2 psi=a:('-1', '0', '1', '0'),b:('-1', '0', '1', '0'),c:('-1', '0', '1', '0'): I(V) = 0   I(V^ss) = 0
==> t12839 chi#6=a:('-1', '0', '1', '0'),b:('-1', '0', '1', '0'),c:('0', '0', '-1', '0') h1=1 m=2 psi=a:('-1', '0', '1', '0'),b:('-1', '0', '1', '0'),c:('0', '0', '-1', '0'): I(V) = 0   I(V^ss) = 0
==> t12839 chi#6=a:('-1', '0', '1', '0'),b:('-1', '0', '1', '0'),c:('0', '0', '-1', '0') h1=1 m=2 psi=a:('-1', '0', '1', '0'),b:('0', '0', '-1', '0'),c:('1', '0', '0', '0'): I(V) = 0   I(V^ss) = 0
==> t12839 chi#6=a:('-1', '0', '1', '0'),b:('-1', '0', '1', '0'),c:('0', '0', '-1', '0') h1=1 m=2 psi=a:('-1', '0', '1', '0'),b:('0', '0', '-1', '0'),c:('-1', '0', '1', '0'): I(V) = 0   I(V^ss) = 0
==> t12839 chi#6=a:('-1', '0', '1', '0'),b:('-1', '0', '1', '0'),c:('0', '0', '-1', '0') h1=1 m=2 psi=a:('-1', '0', '1', '0'),b:('0', '0', '-1', '0'),c:('0', '0', '-1', '0'): I(V) = 0   I(V^ss) = 0
==> t12839 chi#6=a:('-1', '0', '1', '0'),b:('-1', '0', '1', '0'),c:('0', '0', '-1', '0') h1=1 m=2 psi=a:('-1', '0', '0', '0'),b:('1', '0', '0', '0'),c:('1', '0', '0', '0'): I(V) = 0   I(V^ss) = 0
==> t12839 chi#6=a:('-1', '0', '1', '0'),b:('-1', '0', '1', '0'),c:('0', '0', '-1', '0') h1=1 m=2 psi=a:('-1', '0', '0', '0'),b:('1', '0', '0', '0'),c:('-1', '0', '1', '0'): I(V) = 0   I(V^ss) = 0
==> t12839 chi#6=a:('-1', '0', '1', '0'),b:('-1', '0', '1', '0'),c:('0', '0', '-1', '0') h1=1 m=2 psi=a:('-1', '0', '0', '0'),b:('1', '0', '0', '0'),c:('0', '0', '-1', '0'): I(V) = 0   I(V^ss) = 0
==> t12839 chi#6=a:('-1', '0', '1', '0'),b:('-1', '0', '1', '0'),c:('0', '0', '-1', '0') h1=1 m=2 psi=a:('-1', '0', '0', '0'),b:('-1', '0', '1', '0'),c:('1', '0', '0', '0'): I(V) = 0   I(V^ss) = 0
==> t12839 chi#6=a:('-1', '0', '1', '0'),b:('-1', '0', '1', '0'),c:('0', '0', '-1', '0') h1=1 m=2 psi=a:('-1', '0', '0', '0'),b:('-1', '0', '1', '0'),c:('-1', '0', '1', '0'): I(V) = 0   I(V^ss) = 0
==> t12839 chi#6=a:('-1', '0', '1', '0'),b:('-1', '0', '1', '0'),c:('0', '0', '-1', '0') h1=1 m=2 psi=a:('-1', '0', '0', '0'),b:('-1', '0', '1', '0'),c:('0', '0', '-1', '0'): I(V) = 0   I(V^ss) = 0
==> t12839 chi#6=a:('-1', '0', '1', '0'),b:('-1', '0', '1', '0'),c:('0', '0', '-1', '0') h1=1 m=2 psi=a:('-1', '0', '0', '0'),b:('0', '0', '-1', '0'),c:('1', '0', '0', '0'): I(V) = 0   I(V^ss) = 0
==> t12839 chi#6=a:('-1', '0', '1', '0'),b:('-1', '0', '1', '0'),c:('0', '0', '-1', '0') h1=1 m=2 psi=a:('-1', '0', '0', '0'),b:('0', '0', '-1', '0'),c:('-1', '0', '1', '0'): I(V) = 0   I(V^ss) = 0
==> t12839 chi#6=a:('-1', '0', '1', '0'),b:('-1', '0', '1', '0'),c:('0', '0', '-1', '0') h1=1 m=2 psi=a:('-1', '0', '0', '0'),b:('0', '0', '-1', '0'),c:('0', '0', '-1', '0'): I(V) = 0   I(V^ss) = 0
==> t12839 chi#6=a:('-1', '0', '1', '0'),b:('-1', '0', '1', '0'),c:('0', '0', '-1', '0') h1=1 m=2 psi=a:('0', '0', '-1', '0'),b:('1', '0', '0', '0'),c:('1', '0', '0', '0'): I(V) = 0   I(V^ss) = 0
==> t12839 chi#6=a:('-1', '0', '1', '0'),b:('-1', '0', '1', '0'),c:('0', '0', '-1', '0') h1=1 m=2 psi=a:('0', '0', '-1', '0'),b:('1', '0', '0', '0'),c:('-1', '0', '1', '0'): I(V) = 0   I(V^ss) = 0
==> t12839 chi#6=a:('-1', '0', '1', '0'),b:('-1', '0', '1', '0'),c:('0', '0', '-1', '0') h1=1 m=2 psi=a:('0', '0', '-1', '0'),b:('1', '0', '0', '0'),c:('0', '0', '-1', '0'): I(V) = 1   I(V^ss) = 0
==> t12839 chi#6=a:('-1', '0', '1', '0'),b:('-1', '0', '1', '0'),c:('0', '0', '-1', '0') h1=1 m=2 psi=a:('0', '0', '-1', '0'),b:('-1', '0', '1', '0'),c:('1', '0', '0', '0'): I(V) = 0   I(V^ss) = 0
==> t12839 chi#6=a:('-1', '0', '1', '0'),b:('-1', '0', '1', '0'),c:('0', '0', '-1', '0') h1=1 m=2 psi=a:('0', '0', '-1', '0'),b:('-1', '0', '1', '0'),c:('-1', '0', '1', '0'): I(V) = 0   I(V^ss) = 0
==> t12839 chi#6=a:('-1', '0', '1', '0'),b:('-1', '0', '1', '0'),c:('0', '0', '-1', '0') h1=1 m=2 psi=a:('0', '0', '-1', '0'),b:('-1', '0', '1', '0'),c:('0', '0', '-1', '0'): I(V) = 0   I(V^ss) = 0
==> t12839 chi#6=a:('-1', '0', '1', '0'),b:('-1', '0', '1', '0'),c:('0', '0', '-1', '0') h1=1 m=2 psi=a:('0', '0', '-1', '0'),b:('0', '0', '-1', '0'),c:('1', '0', '0', '0'): I(V) = 0   I(V^ss) = 0
==> t12839 chi#6=a:('-1', '0', '1', '0'),b:('-1', '0', '1', '0'),c:('0', '0', '-1', '0') h1=1 m=2 psi=a:('0', '0', '-1', '0'),b:('0', '0', '-1', '0'),c:('-1', '0', '1', '0'): I(V) = 0   I(V^ss) = 0
==> t12839 chi#6=a:('-1', '0', '1', '0'),b:('-1', '0', '1', '0'),c:('0', '0', '-1', '0') h1=1 m=2 psi=a:('0', '0', '-1', '0'),b:('0', '0', '-1', '0'),c:('0', '0', '-1', '0'): I(V) = 0   I(V^ss) = 0
==> t12839 chi#6=a:('-1', '0', '1', '0'),b:('-1', '0', '1', '0'),c:('0', '0', '-1', '0') h1=1 m=2 psi=a:('1', '0', '-1', '0'),b:('1', '0', '0', '0'),c:('1', '0', '0', '0'): I(V) = 0   I(V^ss) = 0
==> t12839 chi#6=a:('-1', '0', '1', '0'),b:('-1', '0', '1', '0'),c:('0', '0', '-1', '0') h1=1 m=2 psi=a:('1', '0', '-1', '0'),b:('1', '0', '0', '0'),c:('-1', '0', '1', '0'): I(V) = 0   I(V^ss) = 0
==> t12839 chi#6=a:('-1', '0', '1', '0'),b:('-1', '0', '1', '0'),c:('0', '0', '-1', '0') h1=1 m=2 psi=a:('1', '0', '-1', '0'),b:('1', '0', '0', '0'),c:('0', '0', '-1', '0'): I(V) = 0   I(V^ss) = 0
==> t12839 chi#6=a:('-1', '0', '1', '0'),b:('-1', '0', '1', '0'),c:('0', '0', '-1', '0') h1=1 m=2 psi=a:('1', '0', '-1', '0'),b:('-1', '0', '1', '0'),c:('1', '0', '0', '0'): I(V) = 0   I(V^ss) = 0
==> t12839 chi#6=a:('-1', '0', '1', '0'),b:('-1', '0', '1', '0'),c:('0', '0', '-1', '0') h1=1 m=2 psi=a:('1', '0', '-1', '0'),b:('-1', '0', '1', '0'),c:('-1', '0', '1', '0'): I(V) = 0   I(V^ss) = 0
==> t12839 chi#6=a:('-1', '0', '1', '0'),b:('-1', '0', '1', '0'),c:('0', '0', '-1', '0') h1=1 m=2 psi=a:('1', '0', '-1', '0'),b:('-1', '0', '1', '0'),c:('0', '0', '-1', '0'): I(V) = 0   I(V^ss) = 0
==> t12839 chi#6=a:('-1', '0', '1', '0'),b:('-1', '0', '1', '0'),c:('0', '0', '-1', '0') h1=1 m=2 psi=a:('1', '0', '-1', '0'),b:('0', '0', '-1', '0'),c:('1', '0', '0', '0'): I(V) = 0   I(V^ss) = 0
==> t12839 chi#6=a:('-1', '0', '1', '0'),b:('-1', '0', '1', '0'),c:('0', '0', '-1', '0') h1=1 m=2 psi=a:('1', '0', '-1', '0'),b:('0', '0', '-1', '0'),c:('-1', '0', '1', '0'): I(V) = 0   I(V^ss) = 0
==> t12839 chi#6=a:('-1', '0', '1', '0'),b:('-1', '0', '1', '0'),c:('0', '0', '-1', '0') h1=1 m=2 psi=a:('1', '0', '-1', '0'),b:('0', '0', '-1', '0'),c:('0', '0', '-1', '0'): I(V) = 0   I(V^ss) = 0
==> t12839 chi#6=a:('-1', '0', '1', '0'),b:('-1', '0', '1', '0'),c:('0', '0', '-1', '0') h1=1 m=2 psi=chi^1: I(V) = 0   I(V^ss) = 0
==> t12839 chi#6=a:('-1', '0', '1', '0'),b:('-1', '0', '1', '0'),c:('0', '0', '-1', '0') h1=1 m=2 psi=chi^2: I(V) = 0   I(V^ss) = 0
==> t12839 chi#6=a:('-1', '0', '1', '0'),b:('-1', '0', '1', '0'),c:('0', '0', '-1', '0') h1=1 m=2 psi=chi^3: I(V) = 0   I(V^ss) = 0
==> t12839 chi#6=a:('-1', '0', '1', '0'),b:('-1', '0', '1', '0'),c:('0', '0', '-1', '0') h1=1 m=3 psi=a:('1', '0', '0', '0'),b:('1', '0', '0', '0'),c:('1', '0', '0', '0'): I(V) = 0   I(V^ss) = 0
==> t12839 chi#6=a:('-1', '0', '1', '0'),b:('-1', '0', '1', '0'),c:('0', '0', '-1', '0') h1=1 m=3 psi=a:('1', '0', '0', '0'),b:('1', '0', '0', '0'),c:('-1', '0', '1', '0'): I(V) = 0   I(V^ss) = 0
==> t12839 chi#6=a:('-1', '0', '1', '0'),b:('-1', '0', '1', '0'),c:('0', '0', '-1', '0') h1=1 m=3 psi=a:('1', '0', '0', '0'),b:('1', '0', '0', '0'),c:('0', '0', '-1', '0'): I(V) = 0   I(V^ss) = 0
==> t12839 chi#6=a:('-1', '0', '1', '0'),b:('-1', '0', '1', '0'),c:('0', '0', '-1', '0') h1=1 m=3 psi=a:('1', '0', '0', '0'),b:('-1', '0', '1', '0'),c:('1', '0', '0', '0'): I(V) = 0   I(V^ss) = 0
==> t12839 chi#6=a:('-1', '0', '1', '0'),b:('-1', '0', '1', '0'),c:('0', '0', '-1', '0') h1=1 m=3 psi=a:('1', '0', '0', '0'),b:('-1', '0', '1', '0'),c:('-1', '0', '1', '0'): I(V) = 0   I(V^ss) = 0
==> t12839 chi#6=a:('-1', '0', '1', '0'),b:('-1', '0', '1', '0'),c:('0', '0', '-1', '0') h1=1 m=3 psi=a:('1', '0', '0', '0'),b:('-1', '0', '1', '0'),c:('0', '0', '-1', '0'): I(V) = 0   I(V^ss) = 0
==> t12839 chi#6=a:('-1', '0', '1', '0'),b:('-1', '0', '1', '0'),c:('0', '0', '-1', '0') h1=1 m=3 psi=a:('1', '0', '0', '0'),b:('0', '0', '-1', '0'),c:('1', '0', '0', '0'): I(V) = 0   I(V^ss) = 0
==> t12839 chi#6=a:('-1', '0', '1', '0'),b:('-1', '0', '1', '0'),c:('0', '0', '-1', '0') h1=1 m=3 psi=a:('1', '0', '0', '0'),b:('0', '0', '-1', '0'),c:('-1', '0', '1', '0'): I(V) = 0   I(V^ss) = 0
==> t12839 chi#6=a:('-1', '0', '1', '0'),b:('-1', '0', '1', '0'),c:('0', '0', '-1', '0') h1=1 m=3 psi=a:('1', '0', '0', '0'),b:('0', '0', '-1', '0'),c:('0', '0', '-1', '0'): I(V) = 0   I(V^ss) = 0
==> t12839 chi#6=a:('-1', '0', '1', '0'),b:('-1', '0', '1', '0'),c:('0', '0', '-1', '0') h1=1 m=3 psi=a:('0', '0', '1', '0'),b:('1', '0', '0', '0'),c:('1', '0', '0', '0'): I(V) = 0   I(V^ss) = 0
==> t12839 chi#6=a:('-1', '0', '1', '0'),b:('-1', '0', '1', '0'),c:('0', '0', '-1', '0') h1=1 m=3 psi=a:('0', '0', '1', '0'),b:('1', '0', '0', '0'),c:('-1', '0', '1', '0'): I(V) = 0   I(V^ss) = 0
==> t12839 chi#6=a:('-1', '0', '1', '0'),b:('-1', '0', '1', '0'),c:('0', '0', '-1', '0') h1=1 m=3 psi=a:('0', '0', '1', '0'),b:('1', '0', '0', '0'),c:('0', '0', '-1', '0'): I(V) = 0   I(V^ss) = 0
==> t12839 chi#6=a:('-1', '0', '1', '0'),b:('-1', '0', '1', '0'),c:('0', '0', '-1', '0') h1=1 m=3 psi=a:('0', '0', '1', '0'),b:('-1', '0', '1', '0'),c:('1', '0', '0', '0'): I(V) = 0   I(V^ss) = 0
==> t12839 chi#6=a:('-1', '0', '1', '0'),b:('-1', '0', '1', '0'),c:('0', '0', '-1', '0') h1=1 m=3 psi=a:('0', '0', '1', '0'),b:('-1', '0', '1', '0'),c:('-1', '0', '1', '0'): I(V) = 0   I(V^ss) = 0
==> t12839 chi#6=a:('-1', '0', '1', '0'),b:('-1', '0', '1', '0'),c:('0', '0', '-1', '0') h1=1 m=3 psi=a:('0', '0', '1', '0'),b:('-1', '0', '1', '0'),c:('0', '0', '-1', '0'): I(V) = 0   I(V^ss) = 0
==> t12839 chi#6=a:('-1', '0', '1', '0'),b:('-1', '0', '1', '0'),c:('0', '0', '-1', '0') h1=1 m=3 psi=a:('0', '0', '1', '0'),b:('0', '0', '-1', '0'),c:('1', '0', '0', '0'): I(V) = 0   I(V^ss) = 0
==> t12839 chi#6=a:('-1', '0', '1', '0'),b:('-1', '0', '1', '0'),c:('0', '0', '-1', '0') h1=1 m=3 psi=a:('0', '0', '1', '0'),b:('0', '0', '-1', '0'),c:('-1', '0', '1', '0'): I(V) = 0   I(V^ss) = 0
==> t12839 chi#6=a:('-1', '0', '1', '0'),b:('-1', '0', '1', '0'),c:('0', '0', '-1', '0') h1=1 m=3 psi=a:('0', '0', '1', '0'),b:('0', '0', '-1', '0'),c:('0', '0', '-1', '0'): I(V) = 0   I(V^ss) = 0
==> t12839 chi#6=a:('-1', '0', '1', '0'),b:('-1', '0', '1', '0'),c:('0', '0', '-1', '0') h1=1 m=3 psi=a:('-1', '0', '1', '0'),b:('1', '0', '0', '0'),c:('1', '0', '0', '0'): I(V) = 0   I(V^ss) = 0
==> t12839 chi#6=a:('-1', '0', '1', '0'),b:('-1', '0', '1', '0'),c:('0', '0', '-1', '0') h1=1 m=3 psi=a:('-1', '0', '1', '0'),b:('1', '0', '0', '0'),c:('-1', '0', '1', '0'): I(V) = 0   I(V^ss) = 0
==> t12839 chi#6=a:('-1', '0', '1', '0'),b:('-1', '0', '1', '0'),c:('0', '0', '-1', '0') h1=1 m=3 psi=a:('-1', '0', '1', '0'),b:('1', '0', '0', '0'),c:('0', '0', '-1', '0'): I(V) = 0   I(V^ss) = 0
==> t12839 chi#6=a:('-1', '0', '1', '0'),b:('-1', '0', '1', '0'),c:('0', '0', '-1', '0') h1=1 m=3 psi=a:('-1', '0', '1', '0'),b:('-1', '0', '1', '0'),c:('1', '0', '0', '0'): I(V) = 0   I(V^ss) = 0
==> t12839 chi#6=a:('-1', '0', '1', '0'),b:('-1', '0', '1', '0'),c:('0', '0', '-1', '0') h1=1 m=3 psi=a:('-1', '0', '1', '0'),b:('-1', '0', '1', '0'),c:('-1', '0', '1', '0'): I(V) = 0   I(V^ss) = 0
==> t12839 chi#6=a:('-1', '0', '1', '0'),b:('-1', '0', '1', '0'),c:('0', '0', '-1', '0') h1=1 m=3 psi=a:('-1', '0', '1', '0'),b:('-1', '0', '1', '0'),c:('0', '0', '-1', '0'): I(V) = 0   I(V^ss) = 0
==> t12839 chi#6=a:('-1', '0', '1', '0'),b:('-1', '0', '1', '0'),c:('0', '0', '-1', '0') h1=1 m=3 psi=a:('-1', '0', '1', '0'),b:('0', '0', '-1', '0'),c:('1', '0', '0', '0'): I(V) = 0   I(V^ss) = 0
==> t12839 chi#6=a:('-1', '0', '1', '0'),b:('-1', '0', '1', '0'),c:('0', '0', '-1', '0') h1=1 m=3 psi=a:('-1', '0', '1', '0'),b:('0', '0', '-1', '0'),c:('-1', '0', '1', '0'): I(V) = 0   I(V^ss) = 0
==> t12839 chi#6=a:('-1', '0', '1', '0'),b:('-1', '0', '1', '0'),c:('0', '0', '-1', '0') h1=1 m=3 psi=a:('-1', '0', '1', '0'),b:('0', '0', '-1', '0'),c:('0', '0', '-1', '0'): I(V) = 0   I(V^ss) = 0
==> t12839 chi#6=a:('-1', '0', '1', '0'),b:('-1', '0', '1', '0'),c:('0', '0', '-1', '0') h1=1 m=3 psi=a:('-1', '0', '0', '0'),b:('1', '0', '0', '0'),c:('1', '0', '0', '0'): I(V) = 0   I(V^ss) = 0
==> t12839 chi#6=a:('-1', '0', '1', '0'),b:('-1', '0', '1', '0'),c:('0', '0', '-1', '0') h1=1 m=3 psi=a:('-1', '0', '0', '0'),b:('1', '0', '0', '0'),c:('-1', '0', '1', '0'): I(V) = 0   I(V^ss) = 0
==> t12839 chi#6=a:('-1', '0', '1', '0'),b:('-1', '0', '1', '0'),c:('0', '0', '-1', '0') h1=1 m=3 psi=a:('-1', '0', '0', '0'),b:('1', '0', '0', '0'),c:('0', '0', '-1', '0'): I(V) = 0   I(V^ss) = 0
==> t12839 chi#6=a:('-1', '0', '1', '0'),b:('-1', '0', '1', '0'),c:('0', '0', '-1', '0') h1=1 m=3 psi=a:('-1', '0', '0', '0'),b:('-1', '0', '1', '0'),c:('1', '0', '0', '0'): I(V) = 0   I(V^ss) = 0
==> t12839 chi#6=a:('-1', '0', '1', '0'),b:('-1', '0', '1', '0'),c:('0', '0', '-1', '0') h1=1 m=3 psi=a:('-1', '0', '0', '0'),b:('-1', '0', '1', '0'),c:('-1', '0', '1', '0'): I(V) = 0   I(V^ss) = 0
==> t12839 chi#6=a:('-1', '0', '1', '0'),b:('-1', '0', '1', '0'),c:('0', '0', '-1', '0') h1=1 m=3 psi=a:('-1', '0', '0', '0'),b:('-1', '0', '1', '0'),c:('0', '0', '-1', '0'): I(V) = 0   I(V^ss) = 0
==> t12839 chi#6=a:('-1', '0', '1', '0'),b:('-1', '0', '1', '0'),c:('0', '0', '-1', '0') h1=1 m=3 psi=a:('-1', '0', '0', '0'),b:('0', '0', '-1', '0'),c:('1', '0', '0', '0'): I(V) = 0   I(V^ss) = 0
==> t12839 chi#6=a:('-1', '0', '1', '0'),b:('-1', '0', '1', '0'),c:('0', '0', '-1', '0') h1=1 m=3 psi=a:('-1', '0', '0', '0'),b:('0', '0', '-1', '0'),c:('-1', '0', '1', '0'): I(V) = 0   I(V^ss) = 0
==> t12839 chi#6=a:('-1', '0', '1', '0'),b:('-1', '0', '1', '0'),c:('0', '0', '-1', '0') h1=1 m=3 psi=a:('-1', '0', '0', '0'),b:('0', '0', '-1', '0'),c:('0', '0', '-1', '0'): I(V) = 0   I(V^ss) = 0
==> t12839 chi#6=a:('-1', '0', '1', '0'),b:('-1', '0', '1', '0'),c:('0', '0', '-1', '0') h1=1 m=3 psi=a:('0', '0', '-1', '0'),b:('1', '0', '0', '0'),c:('1', '0', '0', '0'): I(V) = 0   I(V^ss) = 0
==> t12839 chi#6=a:('-1', '0', '1', '0'),b:('-1', '0', '1', '0'),c:('0', '0', '-1', '0') h1=1 m=3 psi=a:('0', '0', '-1', '0'),b:('1', '0', '0', '0'),c:('-1', '0', '1', '0'): I(V) = 0   I(V^ss) = 0
==> t12839 chi#6=a:('-1', '0', '1', '0'),b:('-1', '0', '1', '0'),c:('0', '0', '-1', '0') h1=1 m=3 psi=a:('0', '0', '-1', '0'),b:('1', '0', '0', '0'),c:('0', '0', '-1', '0'): I(V) = 0   I(V^ss) = 0
==> t12839 chi#6=a:('-1', '0', '1', '0'),b:('-1', '0', '1', '0'),c:('0', '0', '-1', '0') h1=1 m=3 psi=a:('0', '0', '-1', '0'),b:('-1', '0', '1', '0'),c:('1', '0', '0', '0'): I(V) = 0   I(V^ss) = 0
==> t12839 chi#6=a:('-1', '0', '1', '0'),b:('-1', '0', '1', '0'),c:('0', '0', '-1', '0') h1=1 m=3 psi=a:('0', '0', '-1', '0'),b:('-1', '0', '1', '0'),c:('-1', '0', '1', '0'): I(V) = 0   I(V^ss) = 0
==> t12839 chi#6=a:('-1', '0', '1', '0'),b:('-1', '0', '1', '0'),c:('0', '0', '-1', '0') h1=1 m=3 psi=a:('0', '0', '-1', '0'),b:('-1', '0', '1', '0'),c:('0', '0', '-1', '0'): I(V) = 0   I(V^ss) = 0
==> t12839 chi#6=a:('-1', '0', '1', '0'),b:('-1', '0', '1', '0'),c:('0', '0', '-1', '0') h1=1 m=3 psi=a:('0', '0', '-1', '0'),b:('0', '0', '-1', '0'),c:('1', '0', '0', '0'): I(V) = 0   I(V^ss) = 0
==> t12839 chi#6=a:('-1', '0', '1', '0'),b:('-1', '0', '1', '0'),c:('0', '0', '-1', '0') h1=1 m=3 psi=a:('0', '0', '-1', '0'),b:('0', '0', '-1', '0'),c:('-1', '0', '1', '0'): I(V) = 0   I(V^ss) = 0
==> t12839 chi#6=a:('-1', '0', '1', '0'),b:('-1', '0', '1', '0'),c:('0', '0', '-1', '0') h1=1 m=3 psi=a:('0', '0', '-1', '0'),b:('0', '0', '-1', '0'),c:('0', '0', '-1', '0'): I(V) = 0   I(V^ss) = 0
==> t12839 chi#6=a:('-1', '0', '1', '0'),b:('-1', '0', '1', '0'),c:('0', '0', '-1', '0') h1=1 m=3 psi=a:('1', '0', '-1', '0'),b:('1', '0', '0', '0'),c:('1', '0', '0', '0'): I(V) = 0   I(V^ss) = 0
==> t12839 chi#6=a:('-1', '0', '1', '0'),b:('-1', '0', '1', '0'),c:('0', '0', '-1', '0') h1=1 m=3 psi=a:('1', '0', '-1', '0'),b:('1', '0', '0', '0'),c:('-1', '0', '1', '0'): I(V) = 0   I(V^ss) = 0
==> t12839 chi#6=a:('-1', '0', '1', '0'),b:('-1', '0', '1', '0'),c:('0', '0', '-1', '0') h1=1 m=3 psi=a:('1', '0', '-1', '0'),b:('1', '0', '0', '0'),c:('0', '0', '-1', '0'): I(V) = 0   I(V^ss) = 0
==> t12839 chi#6=a:('-1', '0', '1', '0'),b:('-1', '0', '1', '0'),c:('0', '0', '-1', '0') h1=1 m=3 psi=a:('1', '0', '-1', '0'),b:('-1', '0', '1', '0'),c:('1', '0', '0', '0'): I(V) = 0   I(V^ss) = 0
==> t12839 chi#6=a:('-1', '0', '1', '0'),b:('-1', '0', '1', '0'),c:('0', '0', '-1', '0') h1=1 m=3 psi=a:('1', '0', '-1', '0'),b:('-1', '0', '1', '0'),c:('-1', '0', '1', '0'): I(V) = 0   I(V^ss) = 0
==> t12839 chi#6=a:('-1', '0', '1', '0'),b:('-1', '0', '1', '0'),c:('0', '0', '-1', '0') h1=1 m=3 psi=a:('1', '0', '-1', '0'),b:('-1', '0', '1', '0'),c:('0', '0', '-1', '0'): I(V) = 0   I(V^ss) = 0
==> t12839 chi#6=a:('-1', '0', '1', '0'),b:('-1', '0', '1', '0'),c:('0', '0', '-1', '0') h1=1 m=3 psi=a:('1', '0', '-1', '0'),b:('0', '0', '-1', '0'),c:('1', '0', '0', '0'): I(V) = 0   I(V^ss) = 0
==> t12839 chi#6=a:('-1', '0', '1', '0'),b:('-1', '0', '1', '0'),c:('0', '0', '-1', '0') h1=1 m=3 psi=a:('1', '0', '-1', '0'),b:('0', '0', '-1', '0'),c:('-1', '0', '1', '0'): I(V) = 0   I(V^ss) = 0
==> t12839 chi#6=a:('-1', '0', '1', '0'),b:('-1', '0', '1', '0'),c:('0', '0', '-1', '0') h1=1 m=3 psi=a:('1', '0', '-1', '0'),b:('0', '0', '-1', '0'),c:('0', '0', '-1', '0'): I(V) = 0   I(V^ss) = 0
==> t12839 chi#6=a:('-1', '0', '1', '0'),b:('-1', '0', '1', '0'),c:('0', '0', '-1', '0') h1=1 m=3 psi=chi^1: I(V) = 0   I(V^ss) = 0
==> t12839 chi#6=a:('-1', '0', '1', '0'),b:('-1', '0', '1', '0'),c:('0', '0', '-1', '0') h1=1 m=3 psi=chi^2: I(V) = 0   I(V^ss) = 0
==> t12839 chi#6=a:('-1', '0', '1', '0'),b:('-1', '0', '1', '0'),c:('0', '0', '-1', '0') h1=1 m=3 psi=chi^3: I(V) = 0   I(V^ss) = 0
  locus chi#7=a:('-1', '0', '1', '0'),b:('0', '0', '-1', '0'),c:('1', '0', '0', '0') h1=1
==> t12839 chi#7=a:('-1', '0', '1', '0'),b:('0', '0', '-1', '0'),c:('1', '0', '0', '0') h1=1 m=1 psi=a:('1', '0', '0', '0'),b:('1', '0', '0', '0'),c:('1', '0', '0', '0'): I(V) = 0   I(V^ss) = 0
==> t12839 chi#7=a:('-1', '0', '1', '0'),b:('0', '0', '-1', '0'),c:('1', '0', '0', '0') h1=1 m=1 psi=a:('1', '0', '0', '0'),b:('1', '0', '0', '0'),c:('-1', '0', '1', '0'): I(V) = 0   I(V^ss) = 0
==> t12839 chi#7=a:('-1', '0', '1', '0'),b:('0', '0', '-1', '0'),c:('1', '0', '0', '0') h1=1 m=1 psi=a:('1', '0', '0', '0'),b:('1', '0', '0', '0'),c:('0', '0', '-1', '0'): I(V) = 0   I(V^ss) = 0
==> t12839 chi#7=a:('-1', '0', '1', '0'),b:('0', '0', '-1', '0'),c:('1', '0', '0', '0') h1=1 m=1 psi=a:('1', '0', '0', '0'),b:('-1', '0', '1', '0'),c:('1', '0', '0', '0'): I(V) = 0   I(V^ss) = 0
==> t12839 chi#7=a:('-1', '0', '1', '0'),b:('0', '0', '-1', '0'),c:('1', '0', '0', '0') h1=1 m=1 psi=a:('1', '0', '0', '0'),b:('-1', '0', '1', '0'),c:('-1', '0', '1', '0'): I(V) = -1   I(V^ss) = 0
==> t12839 chi#7=a:('-1', '0', '1', '0'),b:('0', '0', '-1', '0'),c:('1', '0', '0', '0') h1=1 m=1 psi=a:('1', '0', '0', '0'),b:('-1', '0', '1', '0'),c:('0', '0', '-1', '0'): I(V) = 0   I(V^ss) = 0
==> t12839 chi#7=a:('-1', '0', '1', '0'),b:('0', '0', '-1', '0'),c:('1', '0', '0', '0') h1=1 m=1 psi=a:('1', '0', '0', '0'),b:('0', '0', '-1', '0'),c:('1', '0', '0', '0'): I(V) = 0   I(V^ss) = 0
==> t12839 chi#7=a:('-1', '0', '1', '0'),b:('0', '0', '-1', '0'),c:('1', '0', '0', '0') h1=1 m=1 psi=a:('1', '0', '0', '0'),b:('0', '0', '-1', '0'),c:('-1', '0', '1', '0'): I(V) = 0   I(V^ss) = 0
==> t12839 chi#7=a:('-1', '0', '1', '0'),b:('0', '0', '-1', '0'),c:('1', '0', '0', '0') h1=1 m=1 psi=a:('1', '0', '0', '0'),b:('0', '0', '-1', '0'),c:('0', '0', '-1', '0'): I(V) = 1   I(V^ss) = 0
==> t12839 chi#7=a:('-1', '0', '1', '0'),b:('0', '0', '-1', '0'),c:('1', '0', '0', '0') h1=1 m=1 psi=a:('0', '0', '1', '0'),b:('1', '0', '0', '0'),c:('1', '0', '0', '0'): I(V) = 0   I(V^ss) = 0
==> t12839 chi#7=a:('-1', '0', '1', '0'),b:('0', '0', '-1', '0'),c:('1', '0', '0', '0') h1=1 m=1 psi=a:('0', '0', '1', '0'),b:('1', '0', '0', '0'),c:('-1', '0', '1', '0'): I(V) = 0   I(V^ss) = 0
==> t12839 chi#7=a:('-1', '0', '1', '0'),b:('0', '0', '-1', '0'),c:('1', '0', '0', '0') h1=1 m=1 psi=a:('0', '0', '1', '0'),b:('1', '0', '0', '0'),c:('0', '0', '-1', '0'): I(V) = 0   I(V^ss) = 0
==> t12839 chi#7=a:('-1', '0', '1', '0'),b:('0', '0', '-1', '0'),c:('1', '0', '0', '0') h1=1 m=1 psi=a:('0', '0', '1', '0'),b:('-1', '0', '1', '0'),c:('1', '0', '0', '0'): I(V) = 0   I(V^ss) = 0
==> t12839 chi#7=a:('-1', '0', '1', '0'),b:('0', '0', '-1', '0'),c:('1', '0', '0', '0') h1=1 m=1 psi=a:('0', '0', '1', '0'),b:('-1', '0', '1', '0'),c:('-1', '0', '1', '0'): I(V) = 0   I(V^ss) = 0
==> t12839 chi#7=a:('-1', '0', '1', '0'),b:('0', '0', '-1', '0'),c:('1', '0', '0', '0') h1=1 m=1 psi=a:('0', '0', '1', '0'),b:('-1', '0', '1', '0'),c:('0', '0', '-1', '0'): I(V) = 0   I(V^ss) = 0
==> t12839 chi#7=a:('-1', '0', '1', '0'),b:('0', '0', '-1', '0'),c:('1', '0', '0', '0') h1=1 m=1 psi=a:('0', '0', '1', '0'),b:('0', '0', '-1', '0'),c:('1', '0', '0', '0'): I(V) = 0   I(V^ss) = 0
==> t12839 chi#7=a:('-1', '0', '1', '0'),b:('0', '0', '-1', '0'),c:('1', '0', '0', '0') h1=1 m=1 psi=a:('0', '0', '1', '0'),b:('0', '0', '-1', '0'),c:('-1', '0', '1', '0'): I(V) = 0   I(V^ss) = 0
==> t12839 chi#7=a:('-1', '0', '1', '0'),b:('0', '0', '-1', '0'),c:('1', '0', '0', '0') h1=1 m=1 psi=a:('0', '0', '1', '0'),b:('0', '0', '-1', '0'),c:('0', '0', '-1', '0'): I(V) = 0   I(V^ss) = 0
==> t12839 chi#7=a:('-1', '0', '1', '0'),b:('0', '0', '-1', '0'),c:('1', '0', '0', '0') h1=1 m=1 psi=a:('-1', '0', '1', '0'),b:('1', '0', '0', '0'),c:('1', '0', '0', '0'): I(V) = 0   I(V^ss) = 0
==> t12839 chi#7=a:('-1', '0', '1', '0'),b:('0', '0', '-1', '0'),c:('1', '0', '0', '0') h1=1 m=1 psi=a:('-1', '0', '1', '0'),b:('1', '0', '0', '0'),c:('-1', '0', '1', '0'): I(V) = 1   I(V^ss) = 0
==> t12839 chi#7=a:('-1', '0', '1', '0'),b:('0', '0', '-1', '0'),c:('1', '0', '0', '0') h1=1 m=1 psi=a:('-1', '0', '1', '0'),b:('1', '0', '0', '0'),c:('0', '0', '-1', '0'): I(V) = 0   I(V^ss) = 0
==> t12839 chi#7=a:('-1', '0', '1', '0'),b:('0', '0', '-1', '0'),c:('1', '0', '0', '0') h1=1 m=1 psi=a:('-1', '0', '1', '0'),b:('-1', '0', '1', '0'),c:('1', '0', '0', '0'): I(V) = 0   I(V^ss) = 0
==> t12839 chi#7=a:('-1', '0', '1', '0'),b:('0', '0', '-1', '0'),c:('1', '0', '0', '0') h1=1 m=1 psi=a:('-1', '0', '1', '0'),b:('-1', '0', '1', '0'),c:('-1', '0', '1', '0'): I(V) = 0   I(V^ss) = 0
==> t12839 chi#7=a:('-1', '0', '1', '0'),b:('0', '0', '-1', '0'),c:('1', '0', '0', '0') h1=1 m=1 psi=a:('-1', '0', '1', '0'),b:('-1', '0', '1', '0'),c:('0', '0', '-1', '0'): I(V) = 0   I(V^ss) = 0
==> t12839 chi#7=a:('-1', '0', '1', '0'),b:('0', '0', '-1', '0'),c:('1', '0', '0', '0') h1=1 m=1 psi=a:('-1', '0', '1', '0'),b:('0', '0', '-1', '0'),c:('1', '0', '0', '0'): I(V) = 0   I(V^ss) = 0
==> t12839 chi#7=a:('-1', '0', '1', '0'),b:('0', '0', '-1', '0'),c:('1', '0', '0', '0') h1=1 m=1 psi=a:('-1', '0', '1', '0'),b:('0', '0', '-1', '0'),c:('-1', '0', '1', '0'): I(V) = 0   I(V^ss) = 0
==> t12839 chi#7=a:('-1', '0', '1', '0'),b:('0', '0', '-1', '0'),c:('1', '0', '0', '0') h1=1 m=1 psi=a:('-1', '0', '1', '0'),b:('0', '0', '-1', '0'),c:('0', '0', '-1', '0'): I(V) = 0   I(V^ss) = 0
==> t12839 chi#7=a:('-1', '0', '1', '0'),b:('0', '0', '-1', '0'),c:('1', '0', '0', '0') h1=1 m=1 psi=a:('-1', '0', '0', '0'),b:('1', '0', '0', '0'),c:('1', '0', '0', '0'): I(V) = 0   I(V^ss) = 0
==> t12839 chi#7=a:('-1', '0', '1', '0'),b:('0', '0', '-1', '0'),c:('1', '0', '0', '0') h1=1 m=1 psi=a:('-1', '0', '0', '0'),b:('1', '0', '0', '0'),c:('-1', '0', '1', '0'): I(V) = 0   I(V^ss) = 0
==> t12839 chi#7=a:('-1', '0', '1', '0'),b:('0', '0', '-1', '0'),c:('1', '0', '0', '0') h1=1 m=1 psi=a:('-1', '0', '0', '0'),b:('1', '0', '0', '0'),c:('0', '0', '-1', '0'): I(V) = 0   I(V^ss) = 0
==> t12839 chi#7=a:('-1', '0', '1', '0'),b:('0', '0', '-1', '0'),c:('1', '0', '0', '0') h1=1 m=1 psi=a:('-1', '0', '0', '0'),b:('-1', '0', '1', '0'),c:('1', '0', '0', '0'): I(V) = 0   I(V^ss) = 0
==> t12839 chi#7=a:('-1', '0', '1', '0'),b:('0', '0', '-1', '0'),c:('1', '0', '0', '0') h1=1 m=1 psi=a:('-1', '0', '0', '0'),b:('-1', '0', '1', '0'),c:('-1', '0', '1', '0'): I(V) = 0   I(V^ss) = 0
==> t12839 chi#7=a:('-1', '0', '1', '0'),b:('0', '0', '-1', '0'),c:('1', '0', '0', '0') h1=1 m=1 psi=a:('-1', '0', '0', '0'),b:('-1', '0', '1', '0'),c:('0', '0', '-1', '0'): I(V) = 0   I(V^ss) = 0
==> t12839 chi#7=a:('-1', '0', '1', '0'),b:('0', '0', '-1', '0'),c:('1', '0', '0', '0') h1=1 m=1 psi=a:('-1', '0', '0', '0'),b:('0', '0', '-1', '0'),c:('1', '0', '0', '0'): I(V) = 0   I(V^ss) = 0
==> t12839 chi#7=a:('-1', '0', '1', '0'),b:('0', '0', '-1', '0'),c:('1', '0', '0', '0') h1=1 m=1 psi=a:('-1', '0', '0', '0'),b:('0', '0', '-1', '0'),c:('-1', '0', '1', '0'): I(V) = 0   I(V^ss) = 0
==> t12839 chi#7=a:('-1', '0', '1', '0'),b:('0', '0', '-1', '0'),c:('1', '0', '0', '0') h1=1 m=1 psi=a:('-1', '0', '0', '0'),b:('0', '0', '-1', '0'),c:('0', '0', '-1', '0'): I(V) = 0   I(V^ss) = 0
==> t12839 chi#7=a:('-1', '0', '1', '0'),b:('0', '0', '-1', '0'),c:('1', '0', '0', '0') h1=1 m=1 psi=a:('0', '0', '-1', '0'),b:('1', '0', '0', '0'),c:('1', '0', '0', '0'): I(V) = 0   I(V^ss) = 0
==> t12839 chi#7=a:('-1', '0', '1', '0'),b:('0', '0', '-1', '0'),c:('1', '0', '0', '0') h1=1 m=1 psi=a:('0', '0', '-1', '0'),b:('1', '0', '0', '0'),c:('-1', '0', '1', '0'): I(V) = 0   I(V^ss) = 0
==> t12839 chi#7=a:('-1', '0', '1', '0'),b:('0', '0', '-1', '0'),c:('1', '0', '0', '0') h1=1 m=1 psi=a:('0', '0', '-1', '0'),b:('1', '0', '0', '0'),c:('0', '0', '-1', '0'): I(V) = -1   I(V^ss) = 0
==> t12839 chi#7=a:('-1', '0', '1', '0'),b:('0', '0', '-1', '0'),c:('1', '0', '0', '0') h1=1 m=1 psi=a:('0', '0', '-1', '0'),b:('-1', '0', '1', '0'),c:('1', '0', '0', '0'): I(V) = 0   I(V^ss) = 0
==> t12839 chi#7=a:('-1', '0', '1', '0'),b:('0', '0', '-1', '0'),c:('1', '0', '0', '0') h1=1 m=1 psi=a:('0', '0', '-1', '0'),b:('-1', '0', '1', '0'),c:('-1', '0', '1', '0'): I(V) = 0   I(V^ss) = 0
==> t12839 chi#7=a:('-1', '0', '1', '0'),b:('0', '0', '-1', '0'),c:('1', '0', '0', '0') h1=1 m=1 psi=a:('0', '0', '-1', '0'),b:('-1', '0', '1', '0'),c:('0', '0', '-1', '0'): I(V) = 0   I(V^ss) = 0
==> t12839 chi#7=a:('-1', '0', '1', '0'),b:('0', '0', '-1', '0'),c:('1', '0', '0', '0') h1=1 m=1 psi=a:('0', '0', '-1', '0'),b:('0', '0', '-1', '0'),c:('1', '0', '0', '0'): I(V) = 0   I(V^ss) = 0
==> t12839 chi#7=a:('-1', '0', '1', '0'),b:('0', '0', '-1', '0'),c:('1', '0', '0', '0') h1=1 m=1 psi=a:('0', '0', '-1', '0'),b:('0', '0', '-1', '0'),c:('-1', '0', '1', '0'): I(V) = 0   I(V^ss) = 0
==> t12839 chi#7=a:('-1', '0', '1', '0'),b:('0', '0', '-1', '0'),c:('1', '0', '0', '0') h1=1 m=1 psi=a:('0', '0', '-1', '0'),b:('0', '0', '-1', '0'),c:('0', '0', '-1', '0'): I(V) = 0   I(V^ss) = 0
==> t12839 chi#7=a:('-1', '0', '1', '0'),b:('0', '0', '-1', '0'),c:('1', '0', '0', '0') h1=1 m=1 psi=a:('1', '0', '-1', '0'),b:('1', '0', '0', '0'),c:('1', '0', '0', '0'): I(V) = 0   I(V^ss) = 0
==> t12839 chi#7=a:('-1', '0', '1', '0'),b:('0', '0', '-1', '0'),c:('1', '0', '0', '0') h1=1 m=1 psi=a:('1', '0', '-1', '0'),b:('1', '0', '0', '0'),c:('-1', '0', '1', '0'): I(V) = 0   I(V^ss) = 0
==> t12839 chi#7=a:('-1', '0', '1', '0'),b:('0', '0', '-1', '0'),c:('1', '0', '0', '0') h1=1 m=1 psi=a:('1', '0', '-1', '0'),b:('1', '0', '0', '0'),c:('0', '0', '-1', '0'): I(V) = 0   I(V^ss) = 0
==> t12839 chi#7=a:('-1', '0', '1', '0'),b:('0', '0', '-1', '0'),c:('1', '0', '0', '0') h1=1 m=1 psi=a:('1', '0', '-1', '0'),b:('-1', '0', '1', '0'),c:('1', '0', '0', '0'): I(V) = 0   I(V^ss) = 0
==> t12839 chi#7=a:('-1', '0', '1', '0'),b:('0', '0', '-1', '0'),c:('1', '0', '0', '0') h1=1 m=1 psi=a:('1', '0', '-1', '0'),b:('-1', '0', '1', '0'),c:('-1', '0', '1', '0'): I(V) = 0   I(V^ss) = 0
==> t12839 chi#7=a:('-1', '0', '1', '0'),b:('0', '0', '-1', '0'),c:('1', '0', '0', '0') h1=1 m=1 psi=a:('1', '0', '-1', '0'),b:('-1', '0', '1', '0'),c:('0', '0', '-1', '0'): I(V) = 0   I(V^ss) = 0
==> t12839 chi#7=a:('-1', '0', '1', '0'),b:('0', '0', '-1', '0'),c:('1', '0', '0', '0') h1=1 m=1 psi=a:('1', '0', '-1', '0'),b:('0', '0', '-1', '0'),c:('1', '0', '0', '0'): I(V) = 0   I(V^ss) = 0
==> t12839 chi#7=a:('-1', '0', '1', '0'),b:('0', '0', '-1', '0'),c:('1', '0', '0', '0') h1=1 m=1 psi=a:('1', '0', '-1', '0'),b:('0', '0', '-1', '0'),c:('-1', '0', '1', '0'): I(V) = 0   I(V^ss) = 0
==> t12839 chi#7=a:('-1', '0', '1', '0'),b:('0', '0', '-1', '0'),c:('1', '0', '0', '0') h1=1 m=1 psi=a:('1', '0', '-1', '0'),b:('0', '0', '-1', '0'),c:('0', '0', '-1', '0'): I(V) = 0   I(V^ss) = 0
==> t12839 chi#7=a:('-1', '0', '1', '0'),b:('0', '0', '-1', '0'),c:('1', '0', '0', '0') h1=1 m=1 psi=chi^1: I(V) = 0   I(V^ss) = 0
==> t12839 chi#7=a:('-1', '0', '1', '0'),b:('0', '0', '-1', '0'),c:('1', '0', '0', '0') h1=1 m=1 psi=chi^2: I(V) = 0   I(V^ss) = 0
==> t12839 chi#7=a:('-1', '0', '1', '0'),b:('0', '0', '-1', '0'),c:('1', '0', '0', '0') h1=1 m=1 psi=chi^3: I(V) = 0   I(V^ss) = 0
==> t12839 chi#7=a:('-1', '0', '1', '0'),b:('0', '0', '-1', '0'),c:('1', '0', '0', '0') h1=1 m=2 psi=a:('1', '0', '0', '0'),b:('1', '0', '0', '0'),c:('1', '0', '0', '0'): I(V) = 0   I(V^ss) = 0
==> t12839 chi#7=a:('-1', '0', '1', '0'),b:('0', '0', '-1', '0'),c:('1', '0', '0', '0') h1=1 m=2 psi=a:('1', '0', '0', '0'),b:('1', '0', '0', '0'),c:('-1', '0', '1', '0'): I(V) = 0   I(V^ss) = 0
==> t12839 chi#7=a:('-1', '0', '1', '0'),b:('0', '0', '-1', '0'),c:('1', '0', '0', '0') h1=1 m=2 psi=a:('1', '0', '0', '0'),b:('1', '0', '0', '0'),c:('0', '0', '-1', '0'): I(V) = 0   I(V^ss) = 0
==> t12839 chi#7=a:('-1', '0', '1', '0'),b:('0', '0', '-1', '0'),c:('1', '0', '0', '0') h1=1 m=2 psi=a:('1', '0', '0', '0'),b:('-1', '0', '1', '0'),c:('1', '0', '0', '0'): I(V) = 0   I(V^ss) = 0
==> t12839 chi#7=a:('-1', '0', '1', '0'),b:('0', '0', '-1', '0'),c:('1', '0', '0', '0') h1=1 m=2 psi=a:('1', '0', '0', '0'),b:('-1', '0', '1', '0'),c:('-1', '0', '1', '0'): I(V) = 1   I(V^ss) = 0
==> t12839 chi#7=a:('-1', '0', '1', '0'),b:('0', '0', '-1', '0'),c:('1', '0', '0', '0') h1=1 m=2 psi=a:('1', '0', '0', '0'),b:('-1', '0', '1', '0'),c:('0', '0', '-1', '0'): I(V) = 0   I(V^ss) = 0
==> t12839 chi#7=a:('-1', '0', '1', '0'),b:('0', '0', '-1', '0'),c:('1', '0', '0', '0') h1=1 m=2 psi=a:('1', '0', '0', '0'),b:('0', '0', '-1', '0'),c:('1', '0', '0', '0'): I(V) = 0   I(V^ss) = 0
==> t12839 chi#7=a:('-1', '0', '1', '0'),b:('0', '0', '-1', '0'),c:('1', '0', '0', '0') h1=1 m=2 psi=a:('1', '0', '0', '0'),b:('0', '0', '-1', '0'),c:('-1', '0', '1', '0'): I(V) = 0   I(V^ss) = 0
==> t12839 chi#7=a:('-1', '0', '1', '0'),b:('0', '0', '-1', '0'),c:('1', '0', '0', '0') h1=1 m=2 psi=a:('1', '0', '0', '0'),b:('0', '0', '-1', '0'),c:('0', '0', '-1', '0'): I(V) = -1   I(V^ss) = 0
==> t12839 chi#7=a:('-1', '0', '1', '0'),b:('0', '0', '-1', '0'),c:('1', '0', '0', '0') h1=1 m=2 psi=a:('0', '0', '1', '0'),b:('1', '0', '0', '0'),c:('1', '0', '0', '0'): I(V) = 0   I(V^ss) = 0
==> t12839 chi#7=a:('-1', '0', '1', '0'),b:('0', '0', '-1', '0'),c:('1', '0', '0', '0') h1=1 m=2 psi=a:('0', '0', '1', '0'),b:('1', '0', '0', '0'),c:('-1', '0', '1', '0'): I(V) = 0   I(V^ss) = 0
==> t12839 chi#7=a:('-1', '0', '1', '0'),b:('0', '0', '-1', '0'),c:('1', '0', '0', '0') h1=1 m=2 psi=a:('0', '0', '1', '0'),b:('1', '0', '0', '0'),c:('0', '0', '-1', '0'): I(V) = 0   I(V^ss) = 0
==> t12839 chi#7=a:('-1', '0', '1', '0'),b:('0', '0', '-1', '0'),c:('1', '0', '0', '0') h1=1 m=2 psi=a:('0', '0', '1', '0'),b:('-1', '0', '1', '0'),c:('1', '0', '0', '0'): I(V) = 0   I(V^ss) = 0
==> t12839 chi#7=a:('-1', '0', '1', '0'),b:('0', '0', '-1', '0'),c:('1', '0', '0', '0') h1=1 m=2 psi=a:('0', '0', '1', '0'),b:('-1', '0', '1', '0'),c:('-1', '0', '1', '0'): I(V) = 0   I(V^ss) = 0
==> t12839 chi#7=a:('-1', '0', '1', '0'),b:('0', '0', '-1', '0'),c:('1', '0', '0', '0') h1=1 m=2 psi=a:('0', '0', '1', '0'),b:('-1', '0', '1', '0'),c:('0', '0', '-1', '0'): I(V) = 0   I(V^ss) = 0
==> t12839 chi#7=a:('-1', '0', '1', '0'),b:('0', '0', '-1', '0'),c:('1', '0', '0', '0') h1=1 m=2 psi=a:('0', '0', '1', '0'),b:('0', '0', '-1', '0'),c:('1', '0', '0', '0'): I(V) = 0   I(V^ss) = 0
==> t12839 chi#7=a:('-1', '0', '1', '0'),b:('0', '0', '-1', '0'),c:('1', '0', '0', '0') h1=1 m=2 psi=a:('0', '0', '1', '0'),b:('0', '0', '-1', '0'),c:('-1', '0', '1', '0'): I(V) = 0   I(V^ss) = 0
==> t12839 chi#7=a:('-1', '0', '1', '0'),b:('0', '0', '-1', '0'),c:('1', '0', '0', '0') h1=1 m=2 psi=a:('0', '0', '1', '0'),b:('0', '0', '-1', '0'),c:('0', '0', '-1', '0'): I(V) = 0   I(V^ss) = 0
==> t12839 chi#7=a:('-1', '0', '1', '0'),b:('0', '0', '-1', '0'),c:('1', '0', '0', '0') h1=1 m=2 psi=a:('-1', '0', '1', '0'),b:('1', '0', '0', '0'),c:('1', '0', '0', '0'): I(V) = 0   I(V^ss) = 0
==> t12839 chi#7=a:('-1', '0', '1', '0'),b:('0', '0', '-1', '0'),c:('1', '0', '0', '0') h1=1 m=2 psi=a:('-1', '0', '1', '0'),b:('1', '0', '0', '0'),c:('-1', '0', '1', '0'): I(V) = -1   I(V^ss) = 0
==> t12839 chi#7=a:('-1', '0', '1', '0'),b:('0', '0', '-1', '0'),c:('1', '0', '0', '0') h1=1 m=2 psi=a:('-1', '0', '1', '0'),b:('1', '0', '0', '0'),c:('0', '0', '-1', '0'): I(V) = 0   I(V^ss) = 0
==> t12839 chi#7=a:('-1', '0', '1', '0'),b:('0', '0', '-1', '0'),c:('1', '0', '0', '0') h1=1 m=2 psi=a:('-1', '0', '1', '0'),b:('-1', '0', '1', '0'),c:('1', '0', '0', '0'): I(V) = 0   I(V^ss) = 0
==> t12839 chi#7=a:('-1', '0', '1', '0'),b:('0', '0', '-1', '0'),c:('1', '0', '0', '0') h1=1 m=2 psi=a:('-1', '0', '1', '0'),b:('-1', '0', '1', '0'),c:('-1', '0', '1', '0'): I(V) = 0   I(V^ss) = 0
==> t12839 chi#7=a:('-1', '0', '1', '0'),b:('0', '0', '-1', '0'),c:('1', '0', '0', '0') h1=1 m=2 psi=a:('-1', '0', '1', '0'),b:('-1', '0', '1', '0'),c:('0', '0', '-1', '0'): I(V) = 0   I(V^ss) = 0
==> t12839 chi#7=a:('-1', '0', '1', '0'),b:('0', '0', '-1', '0'),c:('1', '0', '0', '0') h1=1 m=2 psi=a:('-1', '0', '1', '0'),b:('0', '0', '-1', '0'),c:('1', '0', '0', '0'): I(V) = 0   I(V^ss) = 0
==> t12839 chi#7=a:('-1', '0', '1', '0'),b:('0', '0', '-1', '0'),c:('1', '0', '0', '0') h1=1 m=2 psi=a:('-1', '0', '1', '0'),b:('0', '0', '-1', '0'),c:('-1', '0', '1', '0'): I(V) = 0   I(V^ss) = 0
==> t12839 chi#7=a:('-1', '0', '1', '0'),b:('0', '0', '-1', '0'),c:('1', '0', '0', '0') h1=1 m=2 psi=a:('-1', '0', '1', '0'),b:('0', '0', '-1', '0'),c:('0', '0', '-1', '0'): I(V) = 0   I(V^ss) = 0
==> t12839 chi#7=a:('-1', '0', '1', '0'),b:('0', '0', '-1', '0'),c:('1', '0', '0', '0') h1=1 m=2 psi=a:('-1', '0', '0', '0'),b:('1', '0', '0', '0'),c:('1', '0', '0', '0'): I(V) = 0   I(V^ss) = 0
==> t12839 chi#7=a:('-1', '0', '1', '0'),b:('0', '0', '-1', '0'),c:('1', '0', '0', '0') h1=1 m=2 psi=a:('-1', '0', '0', '0'),b:('1', '0', '0', '0'),c:('-1', '0', '1', '0'): I(V) = 0   I(V^ss) = 0
==> t12839 chi#7=a:('-1', '0', '1', '0'),b:('0', '0', '-1', '0'),c:('1', '0', '0', '0') h1=1 m=2 psi=a:('-1', '0', '0', '0'),b:('1', '0', '0', '0'),c:('0', '0', '-1', '0'): I(V) = 0   I(V^ss) = 0
==> t12839 chi#7=a:('-1', '0', '1', '0'),b:('0', '0', '-1', '0'),c:('1', '0', '0', '0') h1=1 m=2 psi=a:('-1', '0', '0', '0'),b:('-1', '0', '1', '0'),c:('1', '0', '0', '0'): I(V) = 0   I(V^ss) = 0
==> t12839 chi#7=a:('-1', '0', '1', '0'),b:('0', '0', '-1', '0'),c:('1', '0', '0', '0') h1=1 m=2 psi=a:('-1', '0', '0', '0'),b:('-1', '0', '1', '0'),c:('-1', '0', '1', '0'): I(V) = 0   I(V^ss) = 0
==> t12839 chi#7=a:('-1', '0', '1', '0'),b:('0', '0', '-1', '0'),c:('1', '0', '0', '0') h1=1 m=2 psi=a:('-1', '0', '0', '0'),b:('-1', '0', '1', '0'),c:('0', '0', '-1', '0'): I(V) = 0   I(V^ss) = 0
==> t12839 chi#7=a:('-1', '0', '1', '0'),b:('0', '0', '-1', '0'),c:('1', '0', '0', '0') h1=1 m=2 psi=a:('-1', '0', '0', '0'),b:('0', '0', '-1', '0'),c:('1', '0', '0', '0'): I(V) = 0   I(V^ss) = 0
==> t12839 chi#7=a:('-1', '0', '1', '0'),b:('0', '0', '-1', '0'),c:('1', '0', '0', '0') h1=1 m=2 psi=a:('-1', '0', '0', '0'),b:('0', '0', '-1', '0'),c:('-1', '0', '1', '0'): I(V) = 0   I(V^ss) = 0
==> t12839 chi#7=a:('-1', '0', '1', '0'),b:('0', '0', '-1', '0'),c:('1', '0', '0', '0') h1=1 m=2 psi=a:('-1', '0', '0', '0'),b:('0', '0', '-1', '0'),c:('0', '0', '-1', '0'): I(V) = 0   I(V^ss) = 0
==> t12839 chi#7=a:('-1', '0', '1', '0'),b:('0', '0', '-1', '0'),c:('1', '0', '0', '0') h1=1 m=2 psi=a:('0', '0', '-1', '0'),b:('1', '0', '0', '0'),c:('1', '0', '0', '0'): I(V) = 0   I(V^ss) = 0
==> t12839 chi#7=a:('-1', '0', '1', '0'),b:('0', '0', '-1', '0'),c:('1', '0', '0', '0') h1=1 m=2 psi=a:('0', '0', '-1', '0'),b:('1', '0', '0', '0'),c:('-1', '0', '1', '0'): I(V) = 0   I(V^ss) = 0
==> t12839 chi#7=a:('-1', '0', '1', '0'),b:('0', '0', '-1', '0'),c:('1', '0', '0', '0') h1=1 m=2 psi=a:('0', '0', '-1', '0'),b:('1', '0', '0', '0'),c:('0', '0', '-1', '0'): I(V) = 1   I(V^ss) = 0
==> t12839 chi#7=a:('-1', '0', '1', '0'),b:('0', '0', '-1', '0'),c:('1', '0', '0', '0') h1=1 m=2 psi=a:('0', '0', '-1', '0'),b:('-1', '0', '1', '0'),c:('1', '0', '0', '0'): I(V) = 0   I(V^ss) = 0
==> t12839 chi#7=a:('-1', '0', '1', '0'),b:('0', '0', '-1', '0'),c:('1', '0', '0', '0') h1=1 m=2 psi=a:('0', '0', '-1', '0'),b:('-1', '0', '1', '0'),c:('-1', '0', '1', '0'): I(V) = 0   I(V^ss) = 0
==> t12839 chi#7=a:('-1', '0', '1', '0'),b:('0', '0', '-1', '0'),c:('1', '0', '0', '0') h1=1 m=2 psi=a:('0', '0', '-1', '0'),b:('-1', '0', '1', '0'),c:('0', '0', '-1', '0'): I(V) = 0   I(V^ss) = 0
==> t12839 chi#7=a:('-1', '0', '1', '0'),b:('0', '0', '-1', '0'),c:('1', '0', '0', '0') h1=1 m=2 psi=a:('0', '0', '-1', '0'),b:('0', '0', '-1', '0'),c:('1', '0', '0', '0'): I(V) = 0   I(V^ss) = 0
==> t12839 chi#7=a:('-1', '0', '1', '0'),b:('0', '0', '-1', '0'),c:('1', '0', '0', '0') h1=1 m=2 psi=a:('0', '0', '-1', '0'),b:('0', '0', '-1', '0'),c:('-1', '0', '1', '0'): I(V) = 0   I(V^ss) = 0
==> t12839 chi#7=a:('-1', '0', '1', '0'),b:('0', '0', '-1', '0'),c:('1', '0', '0', '0') h1=1 m=2 psi=a:('0', '0', '-1', '0'),b:('0', '0', '-1', '0'),c:('0', '0', '-1', '0'): I(V) = 0   I(V^ss) = 0
==> t12839 chi#7=a:('-1', '0', '1', '0'),b:('0', '0', '-1', '0'),c:('1', '0', '0', '0') h1=1 m=2 psi=a:('1', '0', '-1', '0'),b:('1', '0', '0', '0'),c:('1', '0', '0', '0'): I(V) = 0   I(V^ss) = 0
==> t12839 chi#7=a:('-1', '0', '1', '0'),b:('0', '0', '-1', '0'),c:('1', '0', '0', '0') h1=1 m=2 psi=a:('1', '0', '-1', '0'),b:('1', '0', '0', '0'),c:('-1', '0', '1', '0'): I(V) = 0   I(V^ss) = 0
==> t12839 chi#7=a:('-1', '0', '1', '0'),b:('0', '0', '-1', '0'),c:('1', '0', '0', '0') h1=1 m=2 psi=a:('1', '0', '-1', '0'),b:('1', '0', '0', '0'),c:('0', '0', '-1', '0'): I(V) = 0   I(V^ss) = 0
==> t12839 chi#7=a:('-1', '0', '1', '0'),b:('0', '0', '-1', '0'),c:('1', '0', '0', '0') h1=1 m=2 psi=a:('1', '0', '-1', '0'),b:('-1', '0', '1', '0'),c:('1', '0', '0', '0'): I(V) = 0   I(V^ss) = 0
==> t12839 chi#7=a:('-1', '0', '1', '0'),b:('0', '0', '-1', '0'),c:('1', '0', '0', '0') h1=1 m=2 psi=a:('1', '0', '-1', '0'),b:('-1', '0', '1', '0'),c:('-1', '0', '1', '0'): I(V) = 0   I(V^ss) = 0
==> t12839 chi#7=a:('-1', '0', '1', '0'),b:('0', '0', '-1', '0'),c:('1', '0', '0', '0') h1=1 m=2 psi=a:('1', '0', '-1', '0'),b:('-1', '0', '1', '0'),c:('0', '0', '-1', '0'): I(V) = 0   I(V^ss) = 0
==> t12839 chi#7=a:('-1', '0', '1', '0'),b:('0', '0', '-1', '0'),c:('1', '0', '0', '0') h1=1 m=2 psi=a:('1', '0', '-1', '0'),b:('0', '0', '-1', '0'),c:('1', '0', '0', '0'): I(V) = 0   I(V^ss) = 0
==> t12839 chi#7=a:('-1', '0', '1', '0'),b:('0', '0', '-1', '0'),c:('1', '0', '0', '0') h1=1 m=2 psi=a:('1', '0', '-1', '0'),b:('0', '0', '-1', '0'),c:('-1', '0', '1', '0'): I(V) = 0   I(V^ss) = 0
==> t12839 chi#7=a:('-1', '0', '1', '0'),b:('0', '0', '-1', '0'),c:('1', '0', '0', '0') h1=1 m=2 psi=a:('1', '0', '-1', '0'),b:('0', '0', '-1', '0'),c:('0', '0', '-1', '0'): I(V) = 0   I(V^ss) = 0
==> t12839 chi#7=a:('-1', '0', '1', '0'),b:('0', '0', '-1', '0'),c:('1', '0', '0', '0') h1=1 m=2 psi=chi^1: I(V) = 0   I(V^ss) = 0
==> t12839 chi#7=a:('-1', '0', '1', '0'),b:('0', '0', '-1', '0'),c:('1', '0', '0', '0') h1=1 m=2 psi=chi^2: I(V) = 0   I(V^ss) = 0
==> t12839 chi#7=a:('-1', '0', '1', '0'),b:('0', '0', '-1', '0'),c:('1', '0', '0', '0') h1=1 m=2 psi=chi^3: I(V) = 0   I(V^ss) = 0
==> t12839 chi#7=a:('-1', '0', '1', '0'),b:('0', '0', '-1', '0'),c:('1', '0', '0', '0') h1=1 m=3 psi=a:('1', '0', '0', '0'),b:('1', '0', '0', '0'),c:('1', '0', '0', '0'): I(V) = 0   I(V^ss) = 0
==> t12839 chi#7=a:('-1', '0', '1', '0'),b:('0', '0', '-1', '0'),c:('1', '0', '0', '0') h1=1 m=3 psi=a:('1', '0', '0', '0'),b:('1', '0', '0', '0'),c:('-1', '0', '1', '0'): I(V) = 0   I(V^ss) = 0
==> t12839 chi#7=a:('-1', '0', '1', '0'),b:('0', '0', '-1', '0'),c:('1', '0', '0', '0') h1=1 m=3 psi=a:('1', '0', '0', '0'),b:('1', '0', '0', '0'),c:('0', '0', '-1', '0'): I(V) = 0   I(V^ss) = 0
==> t12839 chi#7=a:('-1', '0', '1', '0'),b:('0', '0', '-1', '0'),c:('1', '0', '0', '0') h1=1 m=3 psi=a:('1', '0', '0', '0'),b:('-1', '0', '1', '0'),c:('1', '0', '0', '0'): I(V) = 0   I(V^ss) = 0
==> t12839 chi#7=a:('-1', '0', '1', '0'),b:('0', '0', '-1', '0'),c:('1', '0', '0', '0') h1=1 m=3 psi=a:('1', '0', '0', '0'),b:('-1', '0', '1', '0'),c:('-1', '0', '1', '0'): I(V) = 0   I(V^ss) = 0
==> t12839 chi#7=a:('-1', '0', '1', '0'),b:('0', '0', '-1', '0'),c:('1', '0', '0', '0') h1=1 m=3 psi=a:('1', '0', '0', '0'),b:('-1', '0', '1', '0'),c:('0', '0', '-1', '0'): I(V) = 0   I(V^ss) = 0
==> t12839 chi#7=a:('-1', '0', '1', '0'),b:('0', '0', '-1', '0'),c:('1', '0', '0', '0') h1=1 m=3 psi=a:('1', '0', '0', '0'),b:('0', '0', '-1', '0'),c:('1', '0', '0', '0'): I(V) = 0   I(V^ss) = 0
==> t12839 chi#7=a:('-1', '0', '1', '0'),b:('0', '0', '-1', '0'),c:('1', '0', '0', '0') h1=1 m=3 psi=a:('1', '0', '0', '0'),b:('0', '0', '-1', '0'),c:('-1', '0', '1', '0'): I(V) = 0   I(V^ss) = 0
==> t12839 chi#7=a:('-1', '0', '1', '0'),b:('0', '0', '-1', '0'),c:('1', '0', '0', '0') h1=1 m=3 psi=a:('1', '0', '0', '0'),b:('0', '0', '-1', '0'),c:('0', '0', '-1', '0'): I(V) = 0   I(V^ss) = 0
==> t12839 chi#7=a:('-1', '0', '1', '0'),b:('0', '0', '-1', '0'),c:('1', '0', '0', '0') h1=1 m=3 psi=a:('0', '0', '1', '0'),b:('1', '0', '0', '0'),c:('1', '0', '0', '0'): I(V) = 0   I(V^ss) = 0
==> t12839 chi#7=a:('-1', '0', '1', '0'),b:('0', '0', '-1', '0'),c:('1', '0', '0', '0') h1=1 m=3 psi=a:('0', '0', '1', '0'),b:('1', '0', '0', '0'),c:('-1', '0', '1', '0'): I(V) = 0   I(V^ss) = 0
==> t12839 chi#7=a:('-1', '0', '1', '0'),b:('0', '0', '-1', '0'),c:('1', '0', '0', '0') h1=1 m=3 psi=a:('0', '0', '1', '0'),b:('1', '0', '0', '0'),c:('0', '0', '-1', '0'): I(V) = 0   I(V^ss) = 0
==> t12839 chi#7=a:('-1', '0', '1', '0'),b:('0', '0', '-1', '0'),c:('1', '0', '0', '0') h1=1 m=3 psi=a:('0', '0', '1', '0'),b:('-1', '0', '1', '0'),c:('1', '0', '0', '0'): I(V) = 0   I(V^ss) = 0
==> t12839 chi#7=a:('-1', '0', '1', '0'),b:('0', '0', '-1', '0'),c:('1', '0', '0', '0') h1=1 m=3 psi=a:('0', '0', '1', '0'),b:('-1', '0', '1', '0'),c:('-1', '0', '1', '0'): I(V) = 0   I(V^ss) = 0
==> t12839 chi#7=a:('-1', '0', '1', '0'),b:('0', '0', '-1', '0'),c:('1', '0', '0', '0') h1=1 m=3 psi=a:('0', '0', '1', '0'),b:('-1', '0', '1', '0'),c:('0', '0', '-1', '0'): I(V) = 0   I(V^ss) = 0
==> t12839 chi#7=a:('-1', '0', '1', '0'),b:('0', '0', '-1', '0'),c:('1', '0', '0', '0') h1=1 m=3 psi=a:('0', '0', '1', '0'),b:('0', '0', '-1', '0'),c:('1', '0', '0', '0'): I(V) = 0   I(V^ss) = 0
==> t12839 chi#7=a:('-1', '0', '1', '0'),b:('0', '0', '-1', '0'),c:('1', '0', '0', '0') h1=1 m=3 psi=a:('0', '0', '1', '0'),b:('0', '0', '-1', '0'),c:('-1', '0', '1', '0'): I(V) = 0   I(V^ss) = 0
==> t12839 chi#7=a:('-1', '0', '1', '0'),b:('0', '0', '-1', '0'),c:('1', '0', '0', '0') h1=1 m=3 psi=a:('0', '0', '1', '0'),b:('0', '0', '-1', '0'),c:('0', '0', '-1', '0'): I(V) = 0   I(V^ss) = 0
==> t12839 chi#7=a:('-1', '0', '1', '0'),b:('0', '0', '-1', '0'),c:('1', '0', '0', '0') h1=1 m=3 psi=a:('-1', '0', '1', '0'),b:('1', '0', '0', '0'),c:('1', '0', '0', '0'): I(V) = 0   I(V^ss) = 0
==> t12839 chi#7=a:('-1', '0', '1', '0'),b:('0', '0', '-1', '0'),c:('1', '0', '0', '0') h1=1 m=3 psi=a:('-1', '0', '1', '0'),b:('1', '0', '0', '0'),c:('-1', '0', '1', '0'): I(V) = 0   I(V^ss) = 0
==> t12839 chi#7=a:('-1', '0', '1', '0'),b:('0', '0', '-1', '0'),c:('1', '0', '0', '0') h1=1 m=3 psi=a:('-1', '0', '1', '0'),b:('1', '0', '0', '0'),c:('0', '0', '-1', '0'): I(V) = 0   I(V^ss) = 0
==> t12839 chi#7=a:('-1', '0', '1', '0'),b:('0', '0', '-1', '0'),c:('1', '0', '0', '0') h1=1 m=3 psi=a:('-1', '0', '1', '0'),b:('-1', '0', '1', '0'),c:('1', '0', '0', '0'): I(V) = 0   I(V^ss) = 0
==> t12839 chi#7=a:('-1', '0', '1', '0'),b:('0', '0', '-1', '0'),c:('1', '0', '0', '0') h1=1 m=3 psi=a:('-1', '0', '1', '0'),b:('-1', '0', '1', '0'),c:('-1', '0', '1', '0'): I(V) = 0   I(V^ss) = 0
==> t12839 chi#7=a:('-1', '0', '1', '0'),b:('0', '0', '-1', '0'),c:('1', '0', '0', '0') h1=1 m=3 psi=a:('-1', '0', '1', '0'),b:('-1', '0', '1', '0'),c:('0', '0', '-1', '0'): I(V) = 0   I(V^ss) = 0
==> t12839 chi#7=a:('-1', '0', '1', '0'),b:('0', '0', '-1', '0'),c:('1', '0', '0', '0') h1=1 m=3 psi=a:('-1', '0', '1', '0'),b:('0', '0', '-1', '0'),c:('1', '0', '0', '0'): I(V) = 0   I(V^ss) = 0
==> t12839 chi#7=a:('-1', '0', '1', '0'),b:('0', '0', '-1', '0'),c:('1', '0', '0', '0') h1=1 m=3 psi=a:('-1', '0', '1', '0'),b:('0', '0', '-1', '0'),c:('-1', '0', '1', '0'): I(V) = 0   I(V^ss) = 0
==> t12839 chi#7=a:('-1', '0', '1', '0'),b:('0', '0', '-1', '0'),c:('1', '0', '0', '0') h1=1 m=3 psi=a:('-1', '0', '1', '0'),b:('0', '0', '-1', '0'),c:('0', '0', '-1', '0'): I(V) = 0   I(V^ss) = 0
==> t12839 chi#7=a:('-1', '0', '1', '0'),b:('0', '0', '-1', '0'),c:('1', '0', '0', '0') h1=1 m=3 psi=a:('-1', '0', '0', '0'),b:('1', '0', '0', '0'),c:('1', '0', '0', '0'): I(V) = 0   I(V^ss) = 0
==> t12839 chi#7=a:('-1', '0', '1', '0'),b:('0', '0', '-1', '0'),c:('1', '0', '0', '0') h1=1 m=3 psi=a:('-1', '0', '0', '0'),b:('1', '0', '0', '0'),c:('-1', '0', '1', '0'): I(V) = 0   I(V^ss) = 0
==> t12839 chi#7=a:('-1', '0', '1', '0'),b:('0', '0', '-1', '0'),c:('1', '0', '0', '0') h1=1 m=3 psi=a:('-1', '0', '0', '0'),b:('1', '0', '0', '0'),c:('0', '0', '-1', '0'): I(V) = 0   I(V^ss) = 0
==> t12839 chi#7=a:('-1', '0', '1', '0'),b:('0', '0', '-1', '0'),c:('1', '0', '0', '0') h1=1 m=3 psi=a:('-1', '0', '0', '0'),b:('-1', '0', '1', '0'),c:('1', '0', '0', '0'): I(V) = 0   I(V^ss) = 0
==> t12839 chi#7=a:('-1', '0', '1', '0'),b:('0', '0', '-1', '0'),c:('1', '0', '0', '0') h1=1 m=3 psi=a:('-1', '0', '0', '0'),b:('-1', '0', '1', '0'),c:('-1', '0', '1', '0'): I(V) = 0   I(V^ss) = 0
==> t12839 chi#7=a:('-1', '0', '1', '0'),b:('0', '0', '-1', '0'),c:('1', '0', '0', '0') h1=1 m=3 psi=a:('-1', '0', '0', '0'),b:('-1', '0', '1', '0'),c:('0', '0', '-1', '0'): I(V) = 0   I(V^ss) = 0
==> t12839 chi#7=a:('-1', '0', '1', '0'),b:('0', '0', '-1', '0'),c:('1', '0', '0', '0') h1=1 m=3 psi=a:('-1', '0', '0', '0'),b:('0', '0', '-1', '0'),c:('1', '0', '0', '0'): I(V) = 0   I(V^ss) = 0
==> t12839 chi#7=a:('-1', '0', '1', '0'),b:('0', '0', '-1', '0'),c:('1', '0', '0', '0') h1=1 m=3 psi=a:('-1', '0', '0', '0'),b:('0', '0', '-1', '0'),c:('-1', '0', '1', '0'): I(V) = 0   I(V^ss) = 0
==> t12839 chi#7=a:('-1', '0', '1', '0'),b:('0', '0', '-1', '0'),c:('1', '0', '0', '0') h1=1 m=3 psi=a:('-1', '0', '0', '0'),b:('0', '0', '-1', '0'),c:('0', '0', '-1', '0'): I(V) = 0   I(V^ss) = 0
==> t12839 chi#7=a:('-1', '0', '1', '0'),b:('0', '0', '-1', '0'),c:('1', '0', '0', '0') h1=1 m=3 psi=a:('0', '0', '-1', '0'),b:('1', '0', '0', '0'),c:('1', '0', '0', '0'): I(V) = 0   I(V^ss) = 0
==> t12839 chi#7=a:('-1', '0', '1', '0'),b:('0', '0', '-1', '0'),c:('1', '0', '0', '0') h1=1 m=3 psi=a:('0', '0', '-1', '0'),b:('1', '0', '0', '0'),c:('-1', '0', '1', '0'): I(V) = 0   I(V^ss) = 0
==> t12839 chi#7=a:('-1', '0', '1', '0'),b:('0', '0', '-1', '0'),c:('1', '0', '0', '0') h1=1 m=3 psi=a:('0', '0', '-1', '0'),b:('1', '0', '0', '0'),c:('0', '0', '-1', '0'): I(V) = 0   I(V^ss) = 0
==> t12839 chi#7=a:('-1', '0', '1', '0'),b:('0', '0', '-1', '0'),c:('1', '0', '0', '0') h1=1 m=3 psi=a:('0', '0', '-1', '0'),b:('-1', '0', '1', '0'),c:('1', '0', '0', '0'): I(V) = 0   I(V^ss) = 0
==> t12839 chi#7=a:('-1', '0', '1', '0'),b:('0', '0', '-1', '0'),c:('1', '0', '0', '0') h1=1 m=3 psi=a:('0', '0', '-1', '0'),b:('-1', '0', '1', '0'),c:('-1', '0', '1', '0'): I(V) = 0   I(V^ss) = 0
==> t12839 chi#7=a:('-1', '0', '1', '0'),b:('0', '0', '-1', '0'),c:('1', '0', '0', '0') h1=1 m=3 psi=a:('0', '0', '-1', '0'),b:('-1', '0', '1', '0'),c:('0', '0', '-1', '0'): I(V) = 0   I(V^ss) = 0
==> t12839 chi#7=a:('-1', '0', '1', '0'),b:('0', '0', '-1', '0'),c:('1', '0', '0', '0') h1=1 m=3 psi=a:('0', '0', '-1', '0'),b:('0', '0', '-1', '0'),c:('1', '0', '0', '0'): I(V) = 0   I(V^ss) = 0
==> t12839 chi#7=a:('-1', '0', '1', '0'),b:('0', '0', '-1', '0'),c:('1', '0', '0', '0') h1=1 m=3 psi=a:('0', '0', '-1', '0'),b:('0', '0', '-1', '0'),c:('-1', '0', '1', '0'): I(V) = 0   I(V^ss) = 0
==> t12839 chi#7=a:('-1', '0', '1', '0'),b:('0', '0', '-1', '0'),c:('1', '0', '0', '0') h1=1 m=3 psi=a:('0', '0', '-1', '0'),b:('0', '0', '-1', '0'),c:('0', '0', '-1', '0'): I(V) = 0   I(V^ss) = 0
==> t12839 chi#7=a:('-1', '0', '1', '0'),b:('0', '0', '-1', '0'),c:('1', '0', '0', '0') h1=1 m=3 psi=a:('1', '0', '-1', '0'),b:('1', '0', '0', '0'),c:('1', '0', '0', '0'): I(V) = 0   I(V^ss) = 0
==> t12839 chi#7=a:('-1', '0', '1', '0'),b:('0', '0', '-1', '0'),c:('1', '0', '0', '0') h1=1 m=3 psi=a:('1', '0', '-1', '0'),b:('1', '0', '0', '0'),c:('-1', '0', '1', '0'): I(V) = 0   I(V^ss) = 0
==> t12839 chi#7=a:('-1', '0', '1', '0'),b:('0', '0', '-1', '0'),c:('1', '0', '0', '0') h1=1 m=3 psi=a:('1', '0', '-1', '0'),b:('1', '0', '0', '0'),c:('0', '0', '-1', '0'): I(V) = 0   I(V^ss) = 0
==> t12839 chi#7=a:('-1', '0', '1', '0'),b:('0', '0', '-1', '0'),c:('1', '0', '0', '0') h1=1 m=3 psi=a:('1', '0', '-1', '0'),b:('-1', '0', '1', '0'),c:('1', '0', '0', '0'): I(V) = 0   I(V^ss) = 0
==> t12839 chi#7=a:('-1', '0', '1', '0'),b:('0', '0', '-1', '0'),c:('1', '0', '0', '0') h1=1 m=3 psi=a:('1', '0', '-1', '0'),b:('-1', '0', '1', '0'),c:('-1', '0', '1', '0'): I(V) = 0   I(V^ss) = 0
==> t12839 chi#7=a:('-1', '0', '1', '0'),b:('0', '0', '-1', '0'),c:('1', '0', '0', '0') h1=1 m=3 psi=a:('1', '0', '-1', '0'),b:('-1', '0', '1', '0'),c:('0', '0', '-1', '0'): I(V) = 0   I(V^ss) = 0
==> t12839 chi#7=a:('-1', '0', '1', '0'),b:('0', '0', '-1', '0'),c:('1', '0', '0', '0') h1=1 m=3 psi=a:('1', '0', '-1', '0'),b:('0', '0', '-1', '0'),c:('1', '0', '0', '0'): I(V) = 0   I(V^ss) = 0
==> t12839 chi#7=a:('-1', '0', '1', '0'),b:('0', '0', '-1', '0'),c:('1', '0', '0', '0') h1=1 m=3 psi=a:('1', '0', '-1', '0'),b:('0', '0', '-1', '0'),c:('-1', '0', '1', '0'): I(V) = 0   I(V^ss) = 0
==> t12839 chi#7=a:('-1', '0', '1', '0'),b:('0', '0', '-1', '0'),c:('1', '0', '0', '0') h1=1 m=3 psi=a:('1', '0', '-1', '0'),b:('0', '0', '-1', '0'),c:('0', '0', '-1', '0'): I(V) = 0   I(V^ss) = 0
==> t12839 chi#7=a:('-1', '0', '1', '0'),b:('0', '0', '-1', '0'),c:('1', '0', '0', '0') h1=1 m=3 psi=chi^1: I(V) = 0   I(V^ss) = 0
==> t12839 chi#7=a:('-1', '0', '1', '0'),b:('0', '0', '-1', '0'),c:('1', '0', '0', '0') h1=1 m=3 psi=chi^2: I(V) = 0   I(V^ss) = 0
==> t12839 chi#7=a:('-1', '0', '1', '0'),b:('0', '0', '-1', '0'),c:('1', '0', '0', '0') h1=1 m=3 psi=chi^3: I(V) = 0   I(V^ss) = 0
  locus chi#8=a:('-1', '0', '0', '0'),b:('1', '0', '0', '0'),c:('1', '0', '0', '0') h1=1
==> t12839 chi#8=a:('-1', '0', '0', '0'),b:('1', '0', '0', '0'),c:('1', '0', '0', '0') h1=1 m=1 psi=a:('1', '0', '0', '0'),b:('1', '0', '0', '0'),c:('1', '0', '0', '0'): I(V) = 0   I(V^ss) = 0
==> t12839 chi#8=a:('-1', '0', '0', '0'),b:('1', '0', '0', '0'),c:('1', '0', '0', '0') h1=1 m=1 psi=a:('1', '0', '0', '0'),b:('1', '0', '0', '0'),c:('-1', '0', '1', '0'): I(V) = 0   I(V^ss) = 0
==> t12839 chi#8=a:('-1', '0', '0', '0'),b:('1', '0', '0', '0'),c:('1', '0', '0', '0') h1=1 m=1 psi=a:('1', '0', '0', '0'),b:('1', '0', '0', '0'),c:('0', '0', '-1', '0'): I(V) = 0   I(V^ss) = 0
==> t12839 chi#8=a:('-1', '0', '0', '0'),b:('1', '0', '0', '0'),c:('1', '0', '0', '0') h1=1 m=1 psi=a:('1', '0', '0', '0'),b:('-1', '0', '1', '0'),c:('1', '0', '0', '0'): I(V) = 0   I(V^ss) = 0
==> t12839 chi#8=a:('-1', '0', '0', '0'),b:('1', '0', '0', '0'),c:('1', '0', '0', '0') h1=1 m=1 psi=a:('1', '0', '0', '0'),b:('-1', '0', '1', '0'),c:('-1', '0', '1', '0'): I(V) = 0   I(V^ss) = 0
==> t12839 chi#8=a:('-1', '0', '0', '0'),b:('1', '0', '0', '0'),c:('1', '0', '0', '0') h1=1 m=1 psi=a:('1', '0', '0', '0'),b:('-1', '0', '1', '0'),c:('0', '0', '-1', '0'): I(V) = 0   I(V^ss) = 0
==> t12839 chi#8=a:('-1', '0', '0', '0'),b:('1', '0', '0', '0'),c:('1', '0', '0', '0') h1=1 m=1 psi=a:('1', '0', '0', '0'),b:('0', '0', '-1', '0'),c:('1', '0', '0', '0'): I(V) = 0   I(V^ss) = 0
==> t12839 chi#8=a:('-1', '0', '0', '0'),b:('1', '0', '0', '0'),c:('1', '0', '0', '0') h1=1 m=1 psi=a:('1', '0', '0', '0'),b:('0', '0', '-1', '0'),c:('-1', '0', '1', '0'): I(V) = 0   I(V^ss) = 0
==> t12839 chi#8=a:('-1', '0', '0', '0'),b:('1', '0', '0', '0'),c:('1', '0', '0', '0') h1=1 m=1 psi=a:('1', '0', '0', '0'),b:('0', '0', '-1', '0'),c:('0', '0', '-1', '0'): I(V) = 0   I(V^ss) = 0
==> t12839 chi#8=a:('-1', '0', '0', '0'),b:('1', '0', '0', '0'),c:('1', '0', '0', '0') h1=1 m=1 psi=a:('0', '0', '1', '0'),b:('1', '0', '0', '0'),c:('1', '0', '0', '0'): I(V) = 0   I(V^ss) = 0
==> t12839 chi#8=a:('-1', '0', '0', '0'),b:('1', '0', '0', '0'),c:('1', '0', '0', '0') h1=1 m=1 psi=a:('0', '0', '1', '0'),b:('1', '0', '0', '0'),c:('-1', '0', '1', '0'): I(V) = 0   I(V^ss) = 0
==> t12839 chi#8=a:('-1', '0', '0', '0'),b:('1', '0', '0', '0'),c:('1', '0', '0', '0') h1=1 m=1 psi=a:('0', '0', '1', '0'),b:('1', '0', '0', '0'),c:('0', '0', '-1', '0'): I(V) = 0   I(V^ss) = 0
==> t12839 chi#8=a:('-1', '0', '0', '0'),b:('1', '0', '0', '0'),c:('1', '0', '0', '0') h1=1 m=1 psi=a:('0', '0', '1', '0'),b:('-1', '0', '1', '0'),c:('1', '0', '0', '0'): I(V) = 0   I(V^ss) = 0
==> t12839 chi#8=a:('-1', '0', '0', '0'),b:('1', '0', '0', '0'),c:('1', '0', '0', '0') h1=1 m=1 psi=a:('0', '0', '1', '0'),b:('-1', '0', '1', '0'),c:('-1', '0', '1', '0'): I(V) = 0   I(V^ss) = 0
==> t12839 chi#8=a:('-1', '0', '0', '0'),b:('1', '0', '0', '0'),c:('1', '0', '0', '0') h1=1 m=1 psi=a:('0', '0', '1', '0'),b:('-1', '0', '1', '0'),c:('0', '0', '-1', '0'): I(V) = 0   I(V^ss) = 0
==> t12839 chi#8=a:('-1', '0', '0', '0'),b:('1', '0', '0', '0'),c:('1', '0', '0', '0') h1=1 m=1 psi=a:('0', '0', '1', '0'),b:('0', '0', '-1', '0'),c:('1', '0', '0', '0'): I(V) = 0   I(V^ss) = 0
==> t12839 chi#8=a:('-1', '0', '0', '0'),b:('1', '0', '0', '0'),c:('1', '0', '0', '0') h1=1 m=1 psi=a:('0', '0', '1', '0'),b:('0', '0', '-1', '0'),c:('-1', '0', '1', '0'): I(V) = 0   I(V^ss) = 0
==> t12839 chi#8=a:('-1', '0', '0', '0'),b:('1', '0', '0', '0'),c:('1', '0', '0', '0') h1=1 m=1 psi=a:('0', '0', '1', '0'),b:('0', '0', '-1', '0'),c:('0', '0', '-1', '0'): I(V) = 0   I(V^ss) = 0
==> t12839 chi#8=a:('-1', '0', '0', '0'),b:('1', '0', '0', '0'),c:('1', '0', '0', '0') h1=1 m=1 psi=a:('-1', '0', '1', '0'),b:('1', '0', '0', '0'),c:('1', '0', '0', '0'): I(V) = 0   I(V^ss) = 0
==> t12839 chi#8=a:('-1', '0', '0', '0'),b:('1', '0', '0', '0'),c:('1', '0', '0', '0') h1=1 m=1 psi=a:('-1', '0', '1', '0'),b:('1', '0', '0', '0'),c:('-1', '0', '1', '0'): I(V) = 0   I(V^ss) = 0
==> t12839 chi#8=a:('-1', '0', '0', '0'),b:('1', '0', '0', '0'),c:('1', '0', '0', '0') h1=1 m=1 psi=a:('-1', '0', '1', '0'),b:('1', '0', '0', '0'),c:('0', '0', '-1', '0'): I(V) = 0   I(V^ss) = 0
==> t12839 chi#8=a:('-1', '0', '0', '0'),b:('1', '0', '0', '0'),c:('1', '0', '0', '0') h1=1 m=1 psi=a:('-1', '0', '1', '0'),b:('-1', '0', '1', '0'),c:('1', '0', '0', '0'): I(V) = 0   I(V^ss) = 0
==> t12839 chi#8=a:('-1', '0', '0', '0'),b:('1', '0', '0', '0'),c:('1', '0', '0', '0') h1=1 m=1 psi=a:('-1', '0', '1', '0'),b:('-1', '0', '1', '0'),c:('-1', '0', '1', '0'): I(V) = 0   I(V^ss) = 0
==> t12839 chi#8=a:('-1', '0', '0', '0'),b:('1', '0', '0', '0'),c:('1', '0', '0', '0') h1=1 m=1 psi=a:('-1', '0', '1', '0'),b:('-1', '0', '1', '0'),c:('0', '0', '-1', '0'): I(V) = 0   I(V^ss) = 0
==> t12839 chi#8=a:('-1', '0', '0', '0'),b:('1', '0', '0', '0'),c:('1', '0', '0', '0') h1=1 m=1 psi=a:('-1', '0', '1', '0'),b:('0', '0', '-1', '0'),c:('1', '0', '0', '0'): I(V) = 0   I(V^ss) = 0
==> t12839 chi#8=a:('-1', '0', '0', '0'),b:('1', '0', '0', '0'),c:('1', '0', '0', '0') h1=1 m=1 psi=a:('-1', '0', '1', '0'),b:('0', '0', '-1', '0'),c:('-1', '0', '1', '0'): I(V) = 0   I(V^ss) = 0
==> t12839 chi#8=a:('-1', '0', '0', '0'),b:('1', '0', '0', '0'),c:('1', '0', '0', '0') h1=1 m=1 psi=a:('-1', '0', '1', '0'),b:('0', '0', '-1', '0'),c:('0', '0', '-1', '0'): I(V) = 0   I(V^ss) = 0
==> t12839 chi#8=a:('-1', '0', '0', '0'),b:('1', '0', '0', '0'),c:('1', '0', '0', '0') h1=1 m=1 psi=a:('-1', '0', '0', '0'),b:('1', '0', '0', '0'),c:('1', '0', '0', '0'): I(V) = 0   I(V^ss) = 0
==> t12839 chi#8=a:('-1', '0', '0', '0'),b:('1', '0', '0', '0'),c:('1', '0', '0', '0') h1=1 m=1 psi=a:('-1', '0', '0', '0'),b:('1', '0', '0', '0'),c:('-1', '0', '1', '0'): I(V) = 0   I(V^ss) = 0
==> t12839 chi#8=a:('-1', '0', '0', '0'),b:('1', '0', '0', '0'),c:('1', '0', '0', '0') h1=1 m=1 psi=a:('-1', '0', '0', '0'),b:('1', '0', '0', '0'),c:('0', '0', '-1', '0'): I(V) = 0   I(V^ss) = 0
==> t12839 chi#8=a:('-1', '0', '0', '0'),b:('1', '0', '0', '0'),c:('1', '0', '0', '0') h1=1 m=1 psi=a:('-1', '0', '0', '0'),b:('-1', '0', '1', '0'),c:('1', '0', '0', '0'): I(V) = 0   I(V^ss) = 0
==> t12839 chi#8=a:('-1', '0', '0', '0'),b:('1', '0', '0', '0'),c:('1', '0', '0', '0') h1=1 m=1 psi=a:('-1', '0', '0', '0'),b:('-1', '0', '1', '0'),c:('-1', '0', '1', '0'): I(V) = 0   I(V^ss) = 0
==> t12839 chi#8=a:('-1', '0', '0', '0'),b:('1', '0', '0', '0'),c:('1', '0', '0', '0') h1=1 m=1 psi=a:('-1', '0', '0', '0'),b:('-1', '0', '1', '0'),c:('0', '0', '-1', '0'): I(V) = 0   I(V^ss) = 0
==> t12839 chi#8=a:('-1', '0', '0', '0'),b:('1', '0', '0', '0'),c:('1', '0', '0', '0') h1=1 m=1 psi=a:('-1', '0', '0', '0'),b:('0', '0', '-1', '0'),c:('1', '0', '0', '0'): I(V) = 0   I(V^ss) = 0
==> t12839 chi#8=a:('-1', '0', '0', '0'),b:('1', '0', '0', '0'),c:('1', '0', '0', '0') h1=1 m=1 psi=a:('-1', '0', '0', '0'),b:('0', '0', '-1', '0'),c:('-1', '0', '1', '0'): I(V) = 0   I(V^ss) = 0
==> t12839 chi#8=a:('-1', '0', '0', '0'),b:('1', '0', '0', '0'),c:('1', '0', '0', '0') h1=1 m=1 psi=a:('-1', '0', '0', '0'),b:('0', '0', '-1', '0'),c:('0', '0', '-1', '0'): I(V) = 0   I(V^ss) = 0
==> t12839 chi#8=a:('-1', '0', '0', '0'),b:('1', '0', '0', '0'),c:('1', '0', '0', '0') h1=1 m=1 psi=a:('0', '0', '-1', '0'),b:('1', '0', '0', '0'),c:('1', '0', '0', '0'): I(V) = 0   I(V^ss) = 0
==> t12839 chi#8=a:('-1', '0', '0', '0'),b:('1', '0', '0', '0'),c:('1', '0', '0', '0') h1=1 m=1 psi=a:('0', '0', '-1', '0'),b:('1', '0', '0', '0'),c:('-1', '0', '1', '0'): I(V) = 0   I(V^ss) = 0
==> t12839 chi#8=a:('-1', '0', '0', '0'),b:('1', '0', '0', '0'),c:('1', '0', '0', '0') h1=1 m=1 psi=a:('0', '0', '-1', '0'),b:('1', '0', '0', '0'),c:('0', '0', '-1', '0'): I(V) = 0   I(V^ss) = 0
==> t12839 chi#8=a:('-1', '0', '0', '0'),b:('1', '0', '0', '0'),c:('1', '0', '0', '0') h1=1 m=1 psi=a:('0', '0', '-1', '0'),b:('-1', '0', '1', '0'),c:('1', '0', '0', '0'): I(V) = 0   I(V^ss) = 0
==> t12839 chi#8=a:('-1', '0', '0', '0'),b:('1', '0', '0', '0'),c:('1', '0', '0', '0') h1=1 m=1 psi=a:('0', '0', '-1', '0'),b:('-1', '0', '1', '0'),c:('-1', '0', '1', '0'): I(V) = 0   I(V^ss) = 0
==> t12839 chi#8=a:('-1', '0', '0', '0'),b:('1', '0', '0', '0'),c:('1', '0', '0', '0') h1=1 m=1 psi=a:('0', '0', '-1', '0'),b:('-1', '0', '1', '0'),c:('0', '0', '-1', '0'): I(V) = 0   I(V^ss) = 0
==> t12839 chi#8=a:('-1', '0', '0', '0'),b:('1', '0', '0', '0'),c:('1', '0', '0', '0') h1=1 m=1 psi=a:('0', '0', '-1', '0'),b:('0', '0', '-1', '0'),c:('1', '0', '0', '0'): I(V) = 0   I(V^ss) = 0
==> t12839 chi#8=a:('-1', '0', '0', '0'),b:('1', '0', '0', '0'),c:('1', '0', '0', '0') h1=1 m=1 psi=a:('0', '0', '-1', '0'),b:('0', '0', '-1', '0'),c:('-1', '0', '1', '0'): I(V) = 0   I(V^ss) = 0
==> t12839 chi#8=a:('-1', '0', '0', '0'),b:('1', '0', '0', '0'),c:('1', '0', '0', '0') h1=1 m=1 psi=a:('0', '0', '-1', '0'),b:('0', '0', '-1', '0'),c:('0', '0', '-1', '0'): I(V) = 0   I(V^ss) = 0
==> t12839 chi#8=a:('-1', '0', '0', '0'),b:('1', '0', '0', '0'),c:('1', '0', '0', '0') h1=1 m=1 psi=a:('1', '0', '-1', '0'),b:('1', '0', '0', '0'),c:('1', '0', '0', '0'): I(V) = 0   I(V^ss) = 0
==> t12839 chi#8=a:('-1', '0', '0', '0'),b:('1', '0', '0', '0'),c:('1', '0', '0', '0') h1=1 m=1 psi=a:('1', '0', '-1', '0'),b:('1', '0', '0', '0'),c:('-1', '0', '1', '0'): I(V) = 0   I(V^ss) = 0
==> t12839 chi#8=a:('-1', '0', '0', '0'),b:('1', '0', '0', '0'),c:('1', '0', '0', '0') h1=1 m=1 psi=a:('1', '0', '-1', '0'),b:('1', '0', '0', '0'),c:('0', '0', '-1', '0'): I(V) = 0   I(V^ss) = 0
==> t12839 chi#8=a:('-1', '0', '0', '0'),b:('1', '0', '0', '0'),c:('1', '0', '0', '0') h1=1 m=1 psi=a:('1', '0', '-1', '0'),b:('-1', '0', '1', '0'),c:('1', '0', '0', '0'): I(V) = 0   I(V^ss) = 0
==> t12839 chi#8=a:('-1', '0', '0', '0'),b:('1', '0', '0', '0'),c:('1', '0', '0', '0') h1=1 m=1 psi=a:('1', '0', '-1', '0'),b:('-1', '0', '1', '0'),c:('-1', '0', '1', '0'): I(V) = 0   I(V^ss) = 0
==> t12839 chi#8=a:('-1', '0', '0', '0'),b:('1', '0', '0', '0'),c:('1', '0', '0', '0') h1=1 m=1 psi=a:('1', '0', '-1', '0'),b:('-1', '0', '1', '0'),c:('0', '0', '-1', '0'): I(V) = 0   I(V^ss) = 0
==> t12839 chi#8=a:('-1', '0', '0', '0'),b:('1', '0', '0', '0'),c:('1', '0', '0', '0') h1=1 m=1 psi=a:('1', '0', '-1', '0'),b:('0', '0', '-1', '0'),c:('1', '0', '0', '0'): I(V) = 0   I(V^ss) = 0
==> t12839 chi#8=a:('-1', '0', '0', '0'),b:('1', '0', '0', '0'),c:('1', '0', '0', '0') h1=1 m=1 psi=a:('1', '0', '-1', '0'),b:('0', '0', '-1', '0'),c:('-1', '0', '1', '0'): I(V) = 0   I(V^ss) = 0
==> t12839 chi#8=a:('-1', '0', '0', '0'),b:('1', '0', '0', '0'),c:('1', '0', '0', '0') h1=1 m=1 psi=a:('1', '0', '-1', '0'),b:('0', '0', '-1', '0'),c:('0', '0', '-1', '0'): I(V) = 0   I(V^ss) = 0
==> t12839 chi#8=a:('-1', '0', '0', '0'),b:('1', '0', '0', '0'),c:('1', '0', '0', '0') h1=1 m=1 psi=chi^1: I(V) = 0   I(V^ss) = 0
==> t12839 chi#8=a:('-1', '0', '0', '0'),b:('1', '0', '0', '0'),c:('1', '0', '0', '0') h1=1 m=1 psi=chi^2: I(V) = 0   I(V^ss) = 0
==> t12839 chi#8=a:('-1', '0', '0', '0'),b:('1', '0', '0', '0'),c:('1', '0', '0', '0') h1=1 m=1 psi=chi^3: I(V) = 0   I(V^ss) = 0
==> t12839 chi#8=a:('-1', '0', '0', '0'),b:('1', '0', '0', '0'),c:('1', '0', '0', '0') h1=1 m=2 psi=a:('1', '0', '0', '0'),b:('1', '0', '0', '0'),c:('1', '0', '0', '0'): I(V) = 0   I(V^ss) = 0
==> t12839 chi#8=a:('-1', '0', '0', '0'),b:('1', '0', '0', '0'),c:('1', '0', '0', '0') h1=1 m=2 psi=a:('1', '0', '0', '0'),b:('1', '0', '0', '0'),c:('-1', '0', '1', '0'): I(V) = 0   I(V^ss) = 0
==> t12839 chi#8=a:('-1', '0', '0', '0'),b:('1', '0', '0', '0'),c:('1', '0', '0', '0') h1=1 m=2 psi=a:('1', '0', '0', '0'),b:('1', '0', '0', '0'),c:('0', '0', '-1', '0'): I(V) = 0   I(V^ss) = 0
==> t12839 chi#8=a:('-1', '0', '0', '0'),b:('1', '0', '0', '0'),c:('1', '0', '0', '0') h1=1 m=2 psi=a:('1', '0', '0', '0'),b:('-1', '0', '1', '0'),c:('1', '0', '0', '0'): I(V) = 0   I(V^ss) = 0
==> t12839 chi#8=a:('-1', '0', '0', '0'),b:('1', '0', '0', '0'),c:('1', '0', '0', '0') h1=1 m=2 psi=a:('1', '0', '0', '0'),b:('-1', '0', '1', '0'),c:('-1', '0', '1', '0'): I(V) = 0   I(V^ss) = 0
==> t12839 chi#8=a:('-1', '0', '0', '0'),b:('1', '0', '0', '0'),c:('1', '0', '0', '0') h1=1 m=2 psi=a:('1', '0', '0', '0'),b:('-1', '0', '1', '0'),c:('0', '0', '-1', '0'): I(V) = 0   I(V^ss) = 0
==> t12839 chi#8=a:('-1', '0', '0', '0'),b:('1', '0', '0', '0'),c:('1', '0', '0', '0') h1=1 m=2 psi=a:('1', '0', '0', '0'),b:('0', '0', '-1', '0'),c:('1', '0', '0', '0'): I(V) = 0   I(V^ss) = 0
==> t12839 chi#8=a:('-1', '0', '0', '0'),b:('1', '0', '0', '0'),c:('1', '0', '0', '0') h1=1 m=2 psi=a:('1', '0', '0', '0'),b:('0', '0', '-1', '0'),c:('-1', '0', '1', '0'): I(V) = 0   I(V^ss) = 0
==> t12839 chi#8=a:('-1', '0', '0', '0'),b:('1', '0', '0', '0'),c:('1', '0', '0', '0') h1=1 m=2 psi=a:('1', '0', '0', '0'),b:('0', '0', '-1', '0'),c:('0', '0', '-1', '0'): I(V) = 0   I(V^ss) = 0
==> t12839 chi#8=a:('-1', '0', '0', '0'),b:('1', '0', '0', '0'),c:('1', '0', '0', '0') h1=1 m=2 psi=a:('0', '0', '1', '0'),b:('1', '0', '0', '0'),c:('1', '0', '0', '0'): I(V) = 0   I(V^ss) = 0
==> t12839 chi#8=a:('-1', '0', '0', '0'),b:('1', '0', '0', '0'),c:('1', '0', '0', '0') h1=1 m=2 psi=a:('0', '0', '1', '0'),b:('1', '0', '0', '0'),c:('-1', '0', '1', '0'): I(V) = 0   I(V^ss) = 0
==> t12839 chi#8=a:('-1', '0', '0', '0'),b:('1', '0', '0', '0'),c:('1', '0', '0', '0') h1=1 m=2 psi=a:('0', '0', '1', '0'),b:('1', '0', '0', '0'),c:('0', '0', '-1', '0'): I(V) = 0   I(V^ss) = 0
==> t12839 chi#8=a:('-1', '0', '0', '0'),b:('1', '0', '0', '0'),c:('1', '0', '0', '0') h1=1 m=2 psi=a:('0', '0', '1', '0'),b:('-1', '0', '1', '0'),c:('1', '0', '0', '0'): I(V) = 0   I(V^ss) = 0
==> t12839 chi#8=a:('-1', '0', '0', '0'),b:('1', '0', '0', '0'),c:('1', '0', '0', '0') h1=1 m=2 psi=a:('0', '0', '1', '0'),b:('-1', '0', '1', '0'),c:('-1', '0', '1', '0'): I(V) = 0   I(V^ss) = 0
==> t12839 chi#8=a:('-1', '0', '0', '0'),b:('1', '0', '0', '0'),c:('1', '0', '0', '0') h1=1 m=2 psi=a:('0', '0', '1', '0'),b:('-1', '0', '1', '0'),c:('0', '0', '-1', '0'): I(V) = 0   I(V^ss) = 0
==> t12839 chi#8=a:('-1', '0', '0', '0'),b:('1', '0', '0', '0'),c:('1', '0', '0', '0') h1=1 m=2 psi=a:('0', '0', '1', '0'),b:('0', '0', '-1', '0'),c:('1', '0', '0', '0'): I(V) = 0   I(V^ss) = 0
==> t12839 chi#8=a:('-1', '0', '0', '0'),b:('1', '0', '0', '0'),c:('1', '0', '0', '0') h1=1 m=2 psi=a:('0', '0', '1', '0'),b:('0', '0', '-1', '0'),c:('-1', '0', '1', '0'): I(V) = 0   I(V^ss) = 0
==> t12839 chi#8=a:('-1', '0', '0', '0'),b:('1', '0', '0', '0'),c:('1', '0', '0', '0') h1=1 m=2 psi=a:('0', '0', '1', '0'),b:('0', '0', '-1', '0'),c:('0', '0', '-1', '0'): I(V) = 0   I(V^ss) = 0
==> t12839 chi#8=a:('-1', '0', '0', '0'),b:('1', '0', '0', '0'),c:('1', '0', '0', '0') h1=1 m=2 psi=a:('-1', '0', '1', '0'),b:('1', '0', '0', '0'),c:('1', '0', '0', '0'): I(V) = 0   I(V^ss) = 0
==> t12839 chi#8=a:('-1', '0', '0', '0'),b:('1', '0', '0', '0'),c:('1', '0', '0', '0') h1=1 m=2 psi=a:('-1', '0', '1', '0'),b:('1', '0', '0', '0'),c:('-1', '0', '1', '0'): I(V) = 0   I(V^ss) = 0
==> t12839 chi#8=a:('-1', '0', '0', '0'),b:('1', '0', '0', '0'),c:('1', '0', '0', '0') h1=1 m=2 psi=a:('-1', '0', '1', '0'),b:('1', '0', '0', '0'),c:('0', '0', '-1', '0'): I(V) = 0   I(V^ss) = 0
==> t12839 chi#8=a:('-1', '0', '0', '0'),b:('1', '0', '0', '0'),c:('1', '0', '0', '0') h1=1 m=2 psi=a:('-1', '0', '1', '0'),b:('-1', '0', '1', '0'),c:('1', '0', '0', '0'): I(V) = 0   I(V^ss) = 0
==> t12839 chi#8=a:('-1', '0', '0', '0'),b:('1', '0', '0', '0'),c:('1', '0', '0', '0') h1=1 m=2 psi=a:('-1', '0', '1', '0'),b:('-1', '0', '1', '0'),c:('-1', '0', '1', '0'): I(V) = 0   I(V^ss) = 0
==> t12839 chi#8=a:('-1', '0', '0', '0'),b:('1', '0', '0', '0'),c:('1', '0', '0', '0') h1=1 m=2 psi=a:('-1', '0', '1', '0'),b:('-1', '0', '1', '0'),c:('0', '0', '-1', '0'): I(V) = 0   I(V^ss) = 0
==> t12839 chi#8=a:('-1', '0', '0', '0'),b:('1', '0', '0', '0'),c:('1', '0', '0', '0') h1=1 m=2 psi=a:('-1', '0', '1', '0'),b:('0', '0', '-1', '0'),c:('1', '0', '0', '0'): I(V) = 0   I(V^ss) = 0
==> t12839 chi#8=a:('-1', '0', '0', '0'),b:('1', '0', '0', '0'),c:('1', '0', '0', '0') h1=1 m=2 psi=a:('-1', '0', '1', '0'),b:('0', '0', '-1', '0'),c:('-1', '0', '1', '0'): I(V) = 0   I(V^ss) = 0
==> t12839 chi#8=a:('-1', '0', '0', '0'),b:('1', '0', '0', '0'),c:('1', '0', '0', '0') h1=1 m=2 psi=a:('-1', '0', '1', '0'),b:('0', '0', '-1', '0'),c:('0', '0', '-1', '0'): I(V) = 0   I(V^ss) = 0
==> t12839 chi#8=a:('-1', '0', '0', '0'),b:('1', '0', '0', '0'),c:('1', '0', '0', '0') h1=1 m=2 psi=a:('-1', '0', '0', '0'),b:('1', '0', '0', '0'),c:('1', '0', '0', '0'): I(V) = 0   I(V^ss) = 0
==> t12839 chi#8=a:('-1', '0', '0', '0'),b:('1', '0', '0', '0'),c:('1', '0', '0', '0') h1=1 m=2 psi=a:('-1', '0', '0', '0'),b:('1', '0', '0', '0'),c:('-1', '0', '1', '0'): I(V) = 0   I(V^ss) = 0
==> t12839 chi#8=a:('-1', '0', '0', '0'),b:('1', '0', '0', '0'),c:('1', '0', '0', '0') h1=1 m=2 psi=a:('-1', '0', '0', '0'),b:('1', '0', '0', '0'),c:('0', '0', '-1', '0'): I(V) = 0   I(V^ss) = 0
==> t12839 chi#8=a:('-1', '0', '0', '0'),b:('1', '0', '0', '0'),c:('1', '0', '0', '0') h1=1 m=2 psi=a:('-1', '0', '0', '0'),b:('-1', '0', '1', '0'),c:('1', '0', '0', '0'): I(V) = 0   I(V^ss) = 0
==> t12839 chi#8=a:('-1', '0', '0', '0'),b:('1', '0', '0', '0'),c:('1', '0', '0', '0') h1=1 m=2 psi=a:('-1', '0', '0', '0'),b:('-1', '0', '1', '0'),c:('-1', '0', '1', '0'): I(V) = 0   I(V^ss) = 0
==> t12839 chi#8=a:('-1', '0', '0', '0'),b:('1', '0', '0', '0'),c:('1', '0', '0', '0') h1=1 m=2 psi=a:('-1', '0', '0', '0'),b:('-1', '0', '1', '0'),c:('0', '0', '-1', '0'): I(V) = 0   I(V^ss) = 0
==> t12839 chi#8=a:('-1', '0', '0', '0'),b:('1', '0', '0', '0'),c:('1', '0', '0', '0') h1=1 m=2 psi=a:('-1', '0', '0', '0'),b:('0', '0', '-1', '0'),c:('1', '0', '0', '0'): I(V) = 0   I(V^ss) = 0
==> t12839 chi#8=a:('-1', '0', '0', '0'),b:('1', '0', '0', '0'),c:('1', '0', '0', '0') h1=1 m=2 psi=a:('-1', '0', '0', '0'),b:('0', '0', '-1', '0'),c:('-1', '0', '1', '0'): I(V) = 0   I(V^ss) = 0
==> t12839 chi#8=a:('-1', '0', '0', '0'),b:('1', '0', '0', '0'),c:('1', '0', '0', '0') h1=1 m=2 psi=a:('-1', '0', '0', '0'),b:('0', '0', '-1', '0'),c:('0', '0', '-1', '0'): I(V) = 0   I(V^ss) = 0
==> t12839 chi#8=a:('-1', '0', '0', '0'),b:('1', '0', '0', '0'),c:('1', '0', '0', '0') h1=1 m=2 psi=a:('0', '0', '-1', '0'),b:('1', '0', '0', '0'),c:('1', '0', '0', '0'): I(V) = 0   I(V^ss) = 0
==> t12839 chi#8=a:('-1', '0', '0', '0'),b:('1', '0', '0', '0'),c:('1', '0', '0', '0') h1=1 m=2 psi=a:('0', '0', '-1', '0'),b:('1', '0', '0', '0'),c:('-1', '0', '1', '0'): I(V) = 0   I(V^ss) = 0
==> t12839 chi#8=a:('-1', '0', '0', '0'),b:('1', '0', '0', '0'),c:('1', '0', '0', '0') h1=1 m=2 psi=a:('0', '0', '-1', '0'),b:('1', '0', '0', '0'),c:('0', '0', '-1', '0'): I(V) = 0   I(V^ss) = 0
==> t12839 chi#8=a:('-1', '0', '0', '0'),b:('1', '0', '0', '0'),c:('1', '0', '0', '0') h1=1 m=2 psi=a:('0', '0', '-1', '0'),b:('-1', '0', '1', '0'),c:('1', '0', '0', '0'): I(V) = 0   I(V^ss) = 0
==> t12839 chi#8=a:('-1', '0', '0', '0'),b:('1', '0', '0', '0'),c:('1', '0', '0', '0') h1=1 m=2 psi=a:('0', '0', '-1', '0'),b:('-1', '0', '1', '0'),c:('-1', '0', '1', '0'): I(V) = 0   I(V^ss) = 0
==> t12839 chi#8=a:('-1', '0', '0', '0'),b:('1', '0', '0', '0'),c:('1', '0', '0', '0') h1=1 m=2 psi=a:('0', '0', '-1', '0'),b:('-1', '0', '1', '0'),c:('0', '0', '-1', '0'): I(V) = 0   I(V^ss) = 0
==> t12839 chi#8=a:('-1', '0', '0', '0'),b:('1', '0', '0', '0'),c:('1', '0', '0', '0') h1=1 m=2 psi=a:('0', '0', '-1', '0'),b:('0', '0', '-1', '0'),c:('1', '0', '0', '0'): I(V) = 0   I(V^ss) = 0
==> t12839 chi#8=a:('-1', '0', '0', '0'),b:('1', '0', '0', '0'),c:('1', '0', '0', '0') h1=1 m=2 psi=a:('0', '0', '-1', '0'),b:('0', '0', '-1', '0'),c:('-1', '0', '1', '0'): I(V) = 0   I(V^ss) = 0
==> t12839 chi#8=a:('-1', '0', '0', '0'),b:('1', '0', '0', '0'),c:('1', '0', '0', '0') h1=1 m=2 psi=a:('0', '0', '-1', '0'),b:('0', '0', '-1', '0'),c:('0', '0', '-1', '0'): I(V) = 0   I(V^ss) = 0
==> t12839 chi#8=a:('-1', '0', '0', '0'),b:('1', '0', '0', '0'),c:('1', '0', '0', '0') h1=1 m=2 psi=a:('1', '0', '-1', '0'),b:('1', '0', '0', '0'),c:('1', '0', '0', '0'): I(V) = 0   I(V^ss) = 0
==> t12839 chi#8=a:('-1', '0', '0', '0'),b:('1', '0', '0', '0'),c:('1', '0', '0', '0') h1=1 m=2 psi=a:('1', '0', '-1', '0'),b:('1', '0', '0', '0'),c:('-1', '0', '1', '0'): I(V) = 0   I(V^ss) = 0
==> t12839 chi#8=a:('-1', '0', '0', '0'),b:('1', '0', '0', '0'),c:('1', '0', '0', '0') h1=1 m=2 psi=a:('1', '0', '-1', '0'),b:('1', '0', '0', '0'),c:('0', '0', '-1', '0'): I(V) = 0   I(V^ss) = 0
==> t12839 chi#8=a:('-1', '0', '0', '0'),b:('1', '0', '0', '0'),c:('1', '0', '0', '0') h1=1 m=2 psi=a:('1', '0', '-1', '0'),b:('-1', '0', '1', '0'),c:('1', '0', '0', '0'): I(V) = 0   I(V^ss) = 0
==> t12839 chi#8=a:('-1', '0', '0', '0'),b:('1', '0', '0', '0'),c:('1', '0', '0', '0') h1=1 m=2 psi=a:('1', '0', '-1', '0'),b:('-1', '0', '1', '0'),c:('-1', '0', '1', '0'): I(V) = 0   I(V^ss) = 0
==> t12839 chi#8=a:('-1', '0', '0', '0'),b:('1', '0', '0', '0'),c:('1', '0', '0', '0') h1=1 m=2 psi=a:('1', '0', '-1', '0'),b:('-1', '0', '1', '0'),c:('0', '0', '-1', '0'): I(V) = 0   I(V^ss) = 0
==> t12839 chi#8=a:('-1', '0', '0', '0'),b:('1', '0', '0', '0'),c:('1', '0', '0', '0') h1=1 m=2 psi=a:('1', '0', '-1', '0'),b:('0', '0', '-1', '0'),c:('1', '0', '0', '0'): I(V) = 0   I(V^ss) = 0
==> t12839 chi#8=a:('-1', '0', '0', '0'),b:('1', '0', '0', '0'),c:('1', '0', '0', '0') h1=1 m=2 psi=a:('1', '0', '-1', '0'),b:('0', '0', '-1', '0'),c:('-1', '0', '1', '0'): I(V) = 0   I(V^ss) = 0
==> t12839 chi#8=a:('-1', '0', '0', '0'),b:('1', '0', '0', '0'),c:('1', '0', '0', '0') h1=1 m=2 psi=a:('1', '0', '-1', '0'),b:('0', '0', '-1', '0'),c:('0', '0', '-1', '0'): I(V) = 0   I(V^ss) = 0
==> t12839 chi#8=a:('-1', '0', '0', '0'),b:('1', '0', '0', '0'),c:('1', '0', '0', '0') h1=1 m=2 psi=chi^1: I(V) = 0   I(V^ss) = 0
==> t12839 chi#8=a:('-1', '0', '0', '0'),b:('1', '0', '0', '0'),c:('1', '0', '0', '0') h1=1 m=2 psi=chi^2: I(V) = 0   I(V^ss) = 0
==> t12839 chi#8=a:('-1', '0', '0', '0'),b:('1', '0', '0', '0'),c:('1', '0', '0', '0') h1=1 m=2 psi=chi^3: I(V) = 0   I(V^ss) = 0
==> t12839 chi#8=a:('-1', '0', '0', '0'),b:('1', '0', '0', '0'),c:('1', '0', '0', '0') h1=1 m=3 psi=a:('1', '0', '0', '0'),b:('1', '0', '0', '0'),c:('1', '0', '0', '0'): I(V) = 0   I(V^ss) = 0
==> t12839 chi#8=a:('-1', '0', '0', '0'),b:('1', '0', '0', '0'),c:('1', '0', '0', '0') h1=1 m=3 psi=a:('1', '0', '0', '0'),b:('1', '0', '0', '0'),c:('-1', '0', '1', '0'): I(V) = 0   I(V^ss) = 0
==> t12839 chi#8=a:('-1', '0', '0', '0'),b:('1', '0', '0', '0'),c:('1', '0', '0', '0') h1=1 m=3 psi=a:('1', '0', '0', '0'),b:('1', '0', '0', '0'),c:('0', '0', '-1', '0'): I(V) = 0   I(V^ss) = 0
==> t12839 chi#8=a:('-1', '0', '0', '0'),b:('1', '0', '0', '0'),c:('1', '0', '0', '0') h1=1 m=3 psi=a:('1', '0', '0', '0'),b:('-1', '0', '1', '0'),c:('1', '0', '0', '0'): I(V) = 0   I(V^ss) = 0
==> t12839 chi#8=a:('-1', '0', '0', '0'),b:('1', '0', '0', '0'),c:('1', '0', '0', '0') h1=1 m=3 psi=a:('1', '0', '0', '0'),b:('-1', '0', '1', '0'),c:('-1', '0', '1', '0'): I(V) = 0   I(V^ss) = 0
==> t12839 chi#8=a:('-1', '0', '0', '0'),b:('1', '0', '0', '0'),c:('1', '0', '0', '0') h1=1 m=3 psi=a:('1', '0', '0', '0'),b:('-1', '0', '1', '0'),c:('0', '0', '-1', '0'): I(V) = 0   I(V^ss) = 0
==> t12839 chi#8=a:('-1', '0', '0', '0'),b:('1', '0', '0', '0'),c:('1', '0', '0', '0') h1=1 m=3 psi=a:('1', '0', '0', '0'),b:('0', '0', '-1', '0'),c:('1', '0', '0', '0'): I(V) = 0   I(V^ss) = 0
==> t12839 chi#8=a:('-1', '0', '0', '0'),b:('1', '0', '0', '0'),c:('1', '0', '0', '0') h1=1 m=3 psi=a:('1', '0', '0', '0'),b:('0', '0', '-1', '0'),c:('-1', '0', '1', '0'): I(V) = 0   I(V^ss) = 0
==> t12839 chi#8=a:('-1', '0', '0', '0'),b:('1', '0', '0', '0'),c:('1', '0', '0', '0') h1=1 m=3 psi=a:('1', '0', '0', '0'),b:('0', '0', '-1', '0'),c:('0', '0', '-1', '0'): I(V) = 0   I(V^ss) = 0
==> t12839 chi#8=a:('-1', '0', '0', '0'),b:('1', '0', '0', '0'),c:('1', '0', '0', '0') h1=1 m=3 psi=a:('0', '0', '1', '0'),b:('1', '0', '0', '0'),c:('1', '0', '0', '0'): I(V) = 0   I(V^ss) = 0
==> t12839 chi#8=a:('-1', '0', '0', '0'),b:('1', '0', '0', '0'),c:('1', '0', '0', '0') h1=1 m=3 psi=a:('0', '0', '1', '0'),b:('1', '0', '0', '0'),c:('-1', '0', '1', '0'): I(V) = 0   I(V^ss) = 0
==> t12839 chi#8=a:('-1', '0', '0', '0'),b:('1', '0', '0', '0'),c:('1', '0', '0', '0') h1=1 m=3 psi=a:('0', '0', '1', '0'),b:('1', '0', '0', '0'),c:('0', '0', '-1', '0'): I(V) = 0   I(V^ss) = 0
==> t12839 chi#8=a:('-1', '0', '0', '0'),b:('1', '0', '0', '0'),c:('1', '0', '0', '0') h1=1 m=3 psi=a:('0', '0', '1', '0'),b:('-1', '0', '1', '0'),c:('1', '0', '0', '0'): I(V) = 0   I(V^ss) = 0
==> t12839 chi#8=a:('-1', '0', '0', '0'),b:('1', '0', '0', '0'),c:('1', '0', '0', '0') h1=1 m=3 psi=a:('0', '0', '1', '0'),b:('-1', '0', '1', '0'),c:('-1', '0', '1', '0'): I(V) = 0   I(V^ss) = 0
==> t12839 chi#8=a:('-1', '0', '0', '0'),b:('1', '0', '0', '0'),c:('1', '0', '0', '0') h1=1 m=3 psi=a:('0', '0', '1', '0'),b:('-1', '0', '1', '0'),c:('0', '0', '-1', '0'): I(V) = 0   I(V^ss) = 0
==> t12839 chi#8=a:('-1', '0', '0', '0'),b:('1', '0', '0', '0'),c:('1', '0', '0', '0') h1=1 m=3 psi=a:('0', '0', '1', '0'),b:('0', '0', '-1', '0'),c:('1', '0', '0', '0'): I(V) = 0   I(V^ss) = 0
==> t12839 chi#8=a:('-1', '0', '0', '0'),b:('1', '0', '0', '0'),c:('1', '0', '0', '0') h1=1 m=3 psi=a:('0', '0', '1', '0'),b:('0', '0', '-1', '0'),c:('-1', '0', '1', '0'): I(V) = 0   I(V^ss) = 0
==> t12839 chi#8=a:('-1', '0', '0', '0'),b:('1', '0', '0', '0'),c:('1', '0', '0', '0') h1=1 m=3 psi=a:('0', '0', '1', '0'),b:('0', '0', '-1', '0'),c:('0', '0', '-1', '0'): I(V) = 0   I(V^ss) = 0
==> t12839 chi#8=a:('-1', '0', '0', '0'),b:('1', '0', '0', '0'),c:('1', '0', '0', '0') h1=1 m=3 psi=a:('-1', '0', '1', '0'),b:('1', '0', '0', '0'),c:('1', '0', '0', '0'): I(V) = 0   I(V^ss) = 0
==> t12839 chi#8=a:('-1', '0', '0', '0'),b:('1', '0', '0', '0'),c:('1', '0', '0', '0') h1=1 m=3 psi=a:('-1', '0', '1', '0'),b:('1', '0', '0', '0'),c:('-1', '0', '1', '0'): I(V) = 0   I(V^ss) = 0
==> t12839 chi#8=a:('-1', '0', '0', '0'),b:('1', '0', '0', '0'),c:('1', '0', '0', '0') h1=1 m=3 psi=a:('-1', '0', '1', '0'),b:('1', '0', '0', '0'),c:('0', '0', '-1', '0'): I(V) = 0   I(V^ss) = 0
==> t12839 chi#8=a:('-1', '0', '0', '0'),b:('1', '0', '0', '0'),c:('1', '0', '0', '0') h1=1 m=3 psi=a:('-1', '0', '1', '0'),b:('-1', '0', '1', '0'),c:('1', '0', '0', '0'): I(V) = 0   I(V^ss) = 0
==> t12839 chi#8=a:('-1', '0', '0', '0'),b:('1', '0', '0', '0'),c:('1', '0', '0', '0') h1=1 m=3 psi=a:('-1', '0', '1', '0'),b:('-1', '0', '1', '0'),c:('-1', '0', '1', '0'): I(V) = 0   I(V^ss) = 0
==> t12839 chi#8=a:('-1', '0', '0', '0'),b:('1', '0', '0', '0'),c:('1', '0', '0', '0') h1=1 m=3 psi=a:('-1', '0', '1', '0'),b:('-1', '0', '1', '0'),c:('0', '0', '-1', '0'): I(V) = 0   I(V^ss) = 0
==> t12839 chi#8=a:('-1', '0', '0', '0'),b:('1', '0', '0', '0'),c:('1', '0', '0', '0') h1=1 m=3 psi=a:('-1', '0', '1', '0'),b:('0', '0', '-1', '0'),c:('1', '0', '0', '0'): I(V) = 0   I(V^ss) = 0
==> t12839 chi#8=a:('-1', '0', '0', '0'),b:('1', '0', '0', '0'),c:('1', '0', '0', '0') h1=1 m=3 psi=a:('-1', '0', '1', '0'),b:('0', '0', '-1', '0'),c:('-1', '0', '1', '0'): I(V) = 0   I(V^ss) = 0
==> t12839 chi#8=a:('-1', '0', '0', '0'),b:('1', '0', '0', '0'),c:('1', '0', '0', '0') h1=1 m=3 psi=a:('-1', '0', '1', '0'),b:('0', '0', '-1', '0'),c:('0', '0', '-1', '0'): I(V) = 0   I(V^ss) = 0
==> t12839 chi#8=a:('-1', '0', '0', '0'),b:('1', '0', '0', '0'),c:('1', '0', '0', '0') h1=1 m=3 psi=a:('-1', '0', '0', '0'),b:('1', '0', '0', '0'),c:('1', '0', '0', '0'): I(V) = 0   I(V^ss) = 0
==> t12839 chi#8=a:('-1', '0', '0', '0'),b:('1', '0', '0', '0'),c:('1', '0', '0', '0') h1=1 m=3 psi=a:('-1', '0', '0', '0'),b:('1', '0', '0', '0'),c:('-1', '0', '1', '0'): I(V) = 0   I(V^ss) = 0
==> t12839 chi#8=a:('-1', '0', '0', '0'),b:('1', '0', '0', '0'),c:('1', '0', '0', '0') h1=1 m=3 psi=a:('-1', '0', '0', '0'),b:('1', '0', '0', '0'),c:('0', '0', '-1', '0'): I(V) = 0   I(V^ss) = 0
==> t12839 chi#8=a:('-1', '0', '0', '0'),b:('1', '0', '0', '0'),c:('1', '0', '0', '0') h1=1 m=3 psi=a:('-1', '0', '0', '0'),b:('-1', '0', '1', '0'),c:('1', '0', '0', '0'): I(V) = 0   I(V^ss) = 0
==> t12839 chi#8=a:('-1', '0', '0', '0'),b:('1', '0', '0', '0'),c:('1', '0', '0', '0') h1=1 m=3 psi=a:('-1', '0', '0', '0'),b:('-1', '0', '1', '0'),c:('-1', '0', '1', '0'): I(V) = 0   I(V^ss) = 0
==> t12839 chi#8=a:('-1', '0', '0', '0'),b:('1', '0', '0', '0'),c:('1', '0', '0', '0') h1=1 m=3 psi=a:('-1', '0', '0', '0'),b:('-1', '0', '1', '0'),c:('0', '0', '-1', '0'): I(V) = 0   I(V^ss) = 0
==> t12839 chi#8=a:('-1', '0', '0', '0'),b:('1', '0', '0', '0'),c:('1', '0', '0', '0') h1=1 m=3 psi=a:('-1', '0', '0', '0'),b:('0', '0', '-1', '0'),c:('1', '0', '0', '0'): I(V) = 0   I(V^ss) = 0
==> t12839 chi#8=a:('-1', '0', '0', '0'),b:('1', '0', '0', '0'),c:('1', '0', '0', '0') h1=1 m=3 psi=a:('-1', '0', '0', '0'),b:('0', '0', '-1', '0'),c:('-1', '0', '1', '0'): I(V) = 0   I(V^ss) = 0
==> t12839 chi#8=a:('-1', '0', '0', '0'),b:('1', '0', '0', '0'),c:('1', '0', '0', '0') h1=1 m=3 psi=a:('-1', '0', '0', '0'),b:('0', '0', '-1', '0'),c:('0', '0', '-1', '0'): I(V) = 0   I(V^ss) = 0
==> t12839 chi#8=a:('-1', '0', '0', '0'),b:('1', '0', '0', '0'),c:('1', '0', '0', '0') h1=1 m=3 psi=a:('0', '0', '-1', '0'),b:('1', '0', '0', '0'),c:('1', '0', '0', '0'): I(V) = 0   I(V^ss) = 0
==> t12839 chi#8=a:('-1', '0', '0', '0'),b:('1', '0', '0', '0'),c:('1', '0', '0', '0') h1=1 m=3 psi=a:('0', '0', '-1', '0'),b:('1', '0', '0', '0'),c:('-1', '0', '1', '0'): I(V) = 0   I(V^ss) = 0
==> t12839 chi#8=a:('-1', '0', '0', '0'),b:('1', '0', '0', '0'),c:('1', '0', '0', '0') h1=1 m=3 psi=a:('0', '0', '-1', '0'),b:('1', '0', '0', '0'),c:('0', '0', '-1', '0'): I(V) = 0   I(V^ss) = 0
==> t12839 chi#8=a:('-1', '0', '0', '0'),b:('1', '0', '0', '0'),c:('1', '0', '0', '0') h1=1 m=3 psi=a:('0', '0', '-1', '0'),b:('-1', '0', '1', '0'),c:('1', '0', '0', '0'): I(V) = 0   I(V^ss) = 0
==> t12839 chi#8=a:('-1', '0', '0', '0'),b:('1', '0', '0', '0'),c:('1', '0', '0', '0') h1=1 m=3 psi=a:('0', '0', '-1', '0'),b:('-1', '0', '1', '0'),c:('-1', '0', '1', '0'): I(V) = 0   I(V^ss) = 0
==> t12839 chi#8=a:('-1', '0', '0', '0'),b:('1', '0', '0', '0'),c:('1', '0', '0', '0') h1=1 m=3 psi=a:('0', '0', '-1', '0'),b:('-1', '0', '1', '0'),c:('0', '0', '-1', '0'): I(V) = 0   I(V^ss) = 0
==> t12839 chi#8=a:('-1', '0', '0', '0'),b:('1', '0', '0', '0'),c:('1', '0', '0', '0') h1=1 m=3 psi=a:('0', '0', '-1', '0'),b:('0', '0', '-1', '0'),c:('1', '0', '0', '0'): I(V) = 0   I(V^ss) = 0
==> t12839 chi#8=a:('-1', '0', '0', '0'),b:('1', '0', '0', '0'),c:('1', '0', '0', '0') h1=1 m=3 psi=a:('0', '0', '-1', '0'),b:('0', '0', '-1', '0'),c:('-1', '0', '1', '0'): I(V) = 0   I(V^ss) = 0
==> t12839 chi#8=a:('-1', '0', '0', '0'),b:('1', '0', '0', '0'),c:('1', '0', '0', '0') h1=1 m=3 psi=a:('0', '0', '-1', '0'),b:('0', '0', '-1', '0'),c:('0', '0', '-1', '0'): I(V) = 0   I(V^ss) = 0
==> t12839 chi#8=a:('-1', '0', '0', '0'),b:('1', '0', '0', '0'),c:('1', '0', '0', '0') h1=1 m=3 psi=a:('1', '0', '-1', '0'),b:('1', '0', '0', '0'),c:('1', '0', '0', '0'): I(V) = 0   I(V^ss) = 0
==> t12839 chi#8=a:('-1', '0', '0', '0'),b:('1', '0', '0', '0'),c:('1', '0', '0', '0') h1=1 m=3 psi=a:('1', '0', '-1', '0'),b:('1', '0', '0', '0'),c:('-1', '0', '1', '0'): I(V) = 0   I(V^ss) = 0
==> t12839 chi#8=a:('-1', '0', '0', '0'),b:('1', '0', '0', '0'),c:('1', '0', '0', '0') h1=1 m=3 psi=a:('1', '0', '-1', '0'),b:('1', '0', '0', '0'),c:('0', '0', '-1', '0'): I(V) = 0   I(V^ss) = 0
==> t12839 chi#8=a:('-1', '0', '0', '0'),b:('1', '0', '0', '0'),c:('1', '0', '0', '0') h1=1 m=3 psi=a:('1', '0', '-1', '0'),b:('-1', '0', '1', '0'),c:('1', '0', '0', '0'): I(V) = 0   I(V^ss) = 0
==> t12839 chi#8=a:('-1', '0', '0', '0'),b:('1', '0', '0', '0'),c:('1', '0', '0', '0') h1=1 m=3 psi=a:('1', '0', '-1', '0'),b:('-1', '0', '1', '0'),c:('-1', '0', '1', '0'): I(V) = 0   I(V^ss) = 0
==> t12839 chi#8=a:('-1', '0', '0', '0'),b:('1', '0', '0', '0'),c:('1', '0', '0', '0') h1=1 m=3 psi=a:('1', '0', '-1', '0'),b:('-1', '0', '1', '0'),c:('0', '0', '-1', '0'): I(V) = 0   I(V^ss) = 0
==> t12839 chi#8=a:('-1', '0', '0', '0'),b:('1', '0', '0', '0'),c:('1', '0', '0', '0') h1=1 m=3 psi=a:('1', '0', '-1', '0'),b:('0', '0', '-1', '0'),c:('1', '0', '0', '0'): I(V) = 0   I(V^ss) = 0
==> t12839 chi#8=a:('-1', '0', '0', '0'),b:('1', '0', '0', '0'),c:('1', '0', '0', '0') h1=1 m=3 psi=a:('1', '0', '-1', '0'),b:('0', '0', '-1', '0'),c:('-1', '0', '1', '0'): I(V) = 0   I(V^ss) = 0
==> t12839 chi#8=a:('-1', '0', '0', '0'),b:('1', '0', '0', '0'),c:('1', '0', '0', '0') h1=1 m=3 psi=a:('1', '0', '-1', '0'),b:('0', '0', '-1', '0'),c:('0', '0', '-1', '0'): I(V) = 0   I(V^ss) = 0
==> t12839 chi#8=a:('-1', '0', '0', '0'),b:('1', '0', '0', '0'),c:('1', '0', '0', '0') h1=1 m=3 psi=chi^1: I(V) = 0   I(V^ss) = 0
==> t12839 chi#8=a:('-1', '0', '0', '0'),b:('1', '0', '0', '0'),c:('1', '0', '0', '0') h1=1 m=3 psi=chi^2: I(V) = 0   I(V^ss) = 0
==> t12839 chi#8=a:('-1', '0', '0', '0'),b:('1', '0', '0', '0'),c:('1', '0', '0', '0') h1=1 m=3 psi=chi^3: I(V) = 0   I(V^ss) = 0
  locus chi#9=a:('-1', '0', '0', '0'),b:('-1', '0', '1', '0'),c:('-1', '0', '1', '0') h1=1
==> t12839 chi#9=a:('-1', '0', '0', '0'),b:('-1', '0', '1', '0'),c:('-1', '0', '1', '0') h1=1 m=1 psi=a:('1', '0', '0', '0'),b:('1', '0', '0', '0'),c:('1', '0', '0', '0'): I(V) = 0   I(V^ss) = 0
==> t12839 chi#9=a:('-1', '0', '0', '0'),b:('-1', '0', '1', '0'),c:('-1', '0', '1', '0') h1=1 m=1 psi=a:('1', '0', '0', '0'),b:('1', '0', '0', '0'),c:('-1', '0', '1', '0'): I(V) = 0   I(V^ss) = 0
==> t12839 chi#9=a:('-1', '0', '0', '0'),b:('-1', '0', '1', '0'),c:('-1', '0', '1', '0') h1=1 m=1 psi=a:('1', '0', '0', '0'),b:('1', '0', '0', '0'),c:('0', '0', '-1', '0'): I(V) = 0   I(V^ss) = 0
==> t12839 chi#9=a:('-1', '0', '0', '0'),b:('-1', '0', '1', '0'),c:('-1', '0', '1', '0') h1=1 m=1 psi=a:('1', '0', '0', '0'),b:('-1', '0', '1', '0'),c:('1', '0', '0', '0'): I(V) = 0   I(V^ss) = 0
==> t12839 chi#9=a:('-1', '0', '0', '0'),b:('-1', '0', '1', '0'),c:('-1', '0', '1', '0') h1=1 m=1 psi=a:('1', '0', '0', '0'),b:('-1', '0', '1', '0'),c:('-1', '0', '1', '0'): I(V) = 0   I(V^ss) = 0
==> t12839 chi#9=a:('-1', '0', '0', '0'),b:('-1', '0', '1', '0'),c:('-1', '0', '1', '0') h1=1 m=1 psi=a:('1', '0', '0', '0'),b:('-1', '0', '1', '0'),c:('0', '0', '-1', '0'): I(V) = 0   I(V^ss) = 0
==> t12839 chi#9=a:('-1', '0', '0', '0'),b:('-1', '0', '1', '0'),c:('-1', '0', '1', '0') h1=1 m=1 psi=a:('1', '0', '0', '0'),b:('0', '0', '-1', '0'),c:('1', '0', '0', '0'): I(V) = 0   I(V^ss) = 0
==> t12839 chi#9=a:('-1', '0', '0', '0'),b:('-1', '0', '1', '0'),c:('-1', '0', '1', '0') h1=1 m=1 psi=a:('1', '0', '0', '0'),b:('0', '0', '-1', '0'),c:('-1', '0', '1', '0'): I(V) = 0   I(V^ss) = 0
==> t12839 chi#9=a:('-1', '0', '0', '0'),b:('-1', '0', '1', '0'),c:('-1', '0', '1', '0') h1=1 m=1 psi=a:('1', '0', '0', '0'),b:('0', '0', '-1', '0'),c:('0', '0', '-1', '0'): I(V) = 0   I(V^ss) = 0
==> t12839 chi#9=a:('-1', '0', '0', '0'),b:('-1', '0', '1', '0'),c:('-1', '0', '1', '0') h1=1 m=1 psi=a:('0', '0', '1', '0'),b:('1', '0', '0', '0'),c:('1', '0', '0', '0'): I(V) = 0   I(V^ss) = 0
==> t12839 chi#9=a:('-1', '0', '0', '0'),b:('-1', '0', '1', '0'),c:('-1', '0', '1', '0') h1=1 m=1 psi=a:('0', '0', '1', '0'),b:('1', '0', '0', '0'),c:('-1', '0', '1', '0'): I(V) = 0   I(V^ss) = 0
==> t12839 chi#9=a:('-1', '0', '0', '0'),b:('-1', '0', '1', '0'),c:('-1', '0', '1', '0') h1=1 m=1 psi=a:('0', '0', '1', '0'),b:('1', '0', '0', '0'),c:('0', '0', '-1', '0'): I(V) = 0   I(V^ss) = 0
==> t12839 chi#9=a:('-1', '0', '0', '0'),b:('-1', '0', '1', '0'),c:('-1', '0', '1', '0') h1=1 m=1 psi=a:('0', '0', '1', '0'),b:('-1', '0', '1', '0'),c:('1', '0', '0', '0'): I(V) = -1   I(V^ss) = 0
==> t12839 chi#9=a:('-1', '0', '0', '0'),b:('-1', '0', '1', '0'),c:('-1', '0', '1', '0') h1=1 m=1 psi=a:('0', '0', '1', '0'),b:('-1', '0', '1', '0'),c:('-1', '0', '1', '0'): I(V) = 0   I(V^ss) = 0
==> t12839 chi#9=a:('-1', '0', '0', '0'),b:('-1', '0', '1', '0'),c:('-1', '0', '1', '0') h1=1 m=1 psi=a:('0', '0', '1', '0'),b:('-1', '0', '1', '0'),c:('0', '0', '-1', '0'): I(V) = 0   I(V^ss) = 0
==> t12839 chi#9=a:('-1', '0', '0', '0'),b:('-1', '0', '1', '0'),c:('-1', '0', '1', '0') h1=1 m=1 psi=a:('0', '0', '1', '0'),b:('0', '0', '-1', '0'),c:('1', '0', '0', '0'): I(V) = 0   I(V^ss) = 0
==> t12839 chi#9=a:('-1', '0', '0', '0'),b:('-1', '0', '1', '0'),c:('-1', '0', '1', '0') h1=1 m=1 psi=a:('0', '0', '1', '0'),b:('0', '0', '-1', '0'),c:('-1', '0', '1', '0'): I(V) = 1   I(V^ss) = 0
==> t12839 chi#9=a:('-1', '0', '0', '0'),b:('-1', '0', '1', '0'),c:('-1', '0', '1', '0') h1=1 m=1 psi=a:('0', '0', '1', '0'),b:('0', '0', '-1', '0'),c:('0', '0', '-1', '0'): I(V) = 0   I(V^ss) = 0
==> t12839 chi#9=a:('-1', '0', '0', '0'),b:('-1', '0', '1', '0'),c:('-1', '0', '1', '0') h1=1 m=1 psi=a:('-1', '0', '1', '0'),b:('1', '0', '0', '0'),c:('1', '0', '0', '0'): I(V) = 0   I(V^ss) = 0
==> t12839 chi#9=a:('-1', '0', '0', '0'),b:('-1', '0', '1', '0'),c:('-1', '0', '1', '0') h1=1 m=1 psi=a:('-1', '0', '1', '0'),b:('1', '0', '0', '0'),c:('-1', '0', '1', '0'): I(V) = 0   I(V^ss) = 0
==> t12839 chi#9=a:('-1', '0', '0', '0'),b:('-1', '0', '1', '0'),c:('-1', '0', '1', '0') h1=1 m=1 psi=a:('-1', '0', '1', '0'),b:('1', '0', '0', '0'),c:('0', '0', '-1', '0'): I(V) = 0   I(V^ss) = 0
==> t12839 chi#9=a:('-1', '0', '0', '0'),b:('-1', '0', '1', '0'),c:('-1', '0', '1', '0') h1=1 m=1 psi=a:('-1', '0', '1', '0'),b:('-1', '0', '1', '0'),c:('1', '0', '0', '0'): I(V) = 0   I(V^ss) = 0
==> t12839 chi#9=a:('-1', '0', '0', '0'),b:('-1', '0', '1', '0'),c:('-1', '0', '1', '0') h1=1 m=1 psi=a:('-1', '0', '1', '0'),b:('-1', '0', '1', '0'),c:('-1', '0', '1', '0'): I(V) = 0   I(V^ss) = 0
==> t12839 chi#9=a:('-1', '0', '0', '0'),b:('-1', '0', '1', '0'),c:('-1', '0', '1', '0') h1=1 m=1 psi=a:('-1', '0', '1', '0'),b:('-1', '0', '1', '0'),c:('0', '0', '-1', '0'): I(V) = 0   I(V^ss) = 0
==> t12839 chi#9=a:('-1', '0', '0', '0'),b:('-1', '0', '1', '0'),c:('-1', '0', '1', '0') h1=1 m=1 psi=a:('-1', '0', '1', '0'),b:('0', '0', '-1', '0'),c:('1', '0', '0', '0'): I(V) = 0   I(V^ss) = 0
==> t12839 chi#9=a:('-1', '0', '0', '0'),b:('-1', '0', '1', '0'),c:('-1', '0', '1', '0') h1=1 m=1 psi=a:('-1', '0', '1', '0'),b:('0', '0', '-1', '0'),c:('-1', '0', '1', '0'): I(V) = 0   I(V^ss) = 0
==> t12839 chi#9=a:('-1', '0', '0', '0'),b:('-1', '0', '1', '0'),c:('-1', '0', '1', '0') h1=1 m=1 psi=a:('-1', '0', '1', '0'),b:('0', '0', '-1', '0'),c:('0', '0', '-1', '0'): I(V) = 0   I(V^ss) = 0
==> t12839 chi#9=a:('-1', '0', '0', '0'),b:('-1', '0', '1', '0'),c:('-1', '0', '1', '0') h1=1 m=1 psi=a:('-1', '0', '0', '0'),b:('1', '0', '0', '0'),c:('1', '0', '0', '0'): I(V) = 0   I(V^ss) = 0
==> t12839 chi#9=a:('-1', '0', '0', '0'),b:('-1', '0', '1', '0'),c:('-1', '0', '1', '0') h1=1 m=1 psi=a:('-1', '0', '0', '0'),b:('1', '0', '0', '0'),c:('-1', '0', '1', '0'): I(V) = 0   I(V^ss) = 0
==> t12839 chi#9=a:('-1', '0', '0', '0'),b:('-1', '0', '1', '0'),c:('-1', '0', '1', '0') h1=1 m=1 psi=a:('-1', '0', '0', '0'),b:('1', '0', '0', '0'),c:('0', '0', '-1', '0'): I(V) = 0   I(V^ss) = 0
==> t12839 chi#9=a:('-1', '0', '0', '0'),b:('-1', '0', '1', '0'),c:('-1', '0', '1', '0') h1=1 m=1 psi=a:('-1', '0', '0', '0'),b:('-1', '0', '1', '0'),c:('1', '0', '0', '0'): I(V) = 0   I(V^ss) = 0
==> t12839 chi#9=a:('-1', '0', '0', '0'),b:('-1', '0', '1', '0'),c:('-1', '0', '1', '0') h1=1 m=1 psi=a:('-1', '0', '0', '0'),b:('-1', '0', '1', '0'),c:('-1', '0', '1', '0'): I(V) = 0   I(V^ss) = 0
==> t12839 chi#9=a:('-1', '0', '0', '0'),b:('-1', '0', '1', '0'),c:('-1', '0', '1', '0') h1=1 m=1 psi=a:('-1', '0', '0', '0'),b:('-1', '0', '1', '0'),c:('0', '0', '-1', '0'): I(V) = 0   I(V^ss) = 0
==> t12839 chi#9=a:('-1', '0', '0', '0'),b:('-1', '0', '1', '0'),c:('-1', '0', '1', '0') h1=1 m=1 psi=a:('-1', '0', '0', '0'),b:('0', '0', '-1', '0'),c:('1', '0', '0', '0'): I(V) = 0   I(V^ss) = 0
==> t12839 chi#9=a:('-1', '0', '0', '0'),b:('-1', '0', '1', '0'),c:('-1', '0', '1', '0') h1=1 m=1 psi=a:('-1', '0', '0', '0'),b:('0', '0', '-1', '0'),c:('-1', '0', '1', '0'): I(V) = 0   I(V^ss) = 0
==> t12839 chi#9=a:('-1', '0', '0', '0'),b:('-1', '0', '1', '0'),c:('-1', '0', '1', '0') h1=1 m=1 psi=a:('-1', '0', '0', '0'),b:('0', '0', '-1', '0'),c:('0', '0', '-1', '0'): I(V) = 0   I(V^ss) = 0
==> t12839 chi#9=a:('-1', '0', '0', '0'),b:('-1', '0', '1', '0'),c:('-1', '0', '1', '0') h1=1 m=1 psi=a:('0', '0', '-1', '0'),b:('1', '0', '0', '0'),c:('1', '0', '0', '0'): I(V) = 0   I(V^ss) = 0
==> t12839 chi#9=a:('-1', '0', '0', '0'),b:('-1', '0', '1', '0'),c:('-1', '0', '1', '0') h1=1 m=1 psi=a:('0', '0', '-1', '0'),b:('1', '0', '0', '0'),c:('-1', '0', '1', '0'): I(V) = 0   I(V^ss) = 0
==> t12839 chi#9=a:('-1', '0', '0', '0'),b:('-1', '0', '1', '0'),c:('-1', '0', '1', '0') h1=1 m=1 psi=a:('0', '0', '-1', '0'),b:('1', '0', '0', '0'),c:('0', '0', '-1', '0'): I(V) = 0   I(V^ss) = 0
==> t12839 chi#9=a:('-1', '0', '0', '0'),b:('-1', '0', '1', '0'),c:('-1', '0', '1', '0') h1=1 m=1 psi=a:('0', '0', '-1', '0'),b:('-1', '0', '1', '0'),c:('1', '0', '0', '0'): I(V) = 0   I(V^ss) = 0
==> t12839 chi#9=a:('-1', '0', '0', '0'),b:('-1', '0', '1', '0'),c:('-1', '0', '1', '0') h1=1 m=1 psi=a:('0', '0', '-1', '0'),b:('-1', '0', '1', '0'),c:('-1', '0', '1', '0'): I(V) = 0   I(V^ss) = 0
==> t12839 chi#9=a:('-1', '0', '0', '0'),b:('-1', '0', '1', '0'),c:('-1', '0', '1', '0') h1=1 m=1 psi=a:('0', '0', '-1', '0'),b:('-1', '0', '1', '0'),c:('0', '0', '-1', '0'): I(V) = 0   I(V^ss) = 0
==> t12839 chi#9=a:('-1', '0', '0', '0'),b:('-1', '0', '1', '0'),c:('-1', '0', '1', '0') h1=1 m=1 psi=a:('0', '0', '-1', '0'),b:('0', '0', '-1', '0'),c:('1', '0', '0', '0'): I(V) = 0   I(V^ss) = 0
==> t12839 chi#9=a:('-1', '0', '0', '0'),b:('-1', '0', '1', '0'),c:('-1', '0', '1', '0') h1=1 m=1 psi=a:('0', '0', '-1', '0'),b:('0', '0', '-1', '0'),c:('-1', '0', '1', '0'): I(V) = 0   I(V^ss) = 0
==> t12839 chi#9=a:('-1', '0', '0', '0'),b:('-1', '0', '1', '0'),c:('-1', '0', '1', '0') h1=1 m=1 psi=a:('0', '0', '-1', '0'),b:('0', '0', '-1', '0'),c:('0', '0', '-1', '0'): I(V) = 0   I(V^ss) = 0
==> t12839 chi#9=a:('-1', '0', '0', '0'),b:('-1', '0', '1', '0'),c:('-1', '0', '1', '0') h1=1 m=1 psi=a:('1', '0', '-1', '0'),b:('1', '0', '0', '0'),c:('1', '0', '0', '0'): I(V) = 0   I(V^ss) = 0
==> t12839 chi#9=a:('-1', '0', '0', '0'),b:('-1', '0', '1', '0'),c:('-1', '0', '1', '0') h1=1 m=1 psi=a:('1', '0', '-1', '0'),b:('1', '0', '0', '0'),c:('-1', '0', '1', '0'): I(V) = 0   I(V^ss) = 0
==> t12839 chi#9=a:('-1', '0', '0', '0'),b:('-1', '0', '1', '0'),c:('-1', '0', '1', '0') h1=1 m=1 psi=a:('1', '0', '-1', '0'),b:('1', '0', '0', '0'),c:('0', '0', '-1', '0'): I(V) = 0   I(V^ss) = 0
==> t12839 chi#9=a:('-1', '0', '0', '0'),b:('-1', '0', '1', '0'),c:('-1', '0', '1', '0') h1=1 m=1 psi=a:('1', '0', '-1', '0'),b:('-1', '0', '1', '0'),c:('1', '0', '0', '0'): I(V) = 0   I(V^ss) = 0
==> t12839 chi#9=a:('-1', '0', '0', '0'),b:('-1', '0', '1', '0'),c:('-1', '0', '1', '0') h1=1 m=1 psi=a:('1', '0', '-1', '0'),b:('-1', '0', '1', '0'),c:('-1', '0', '1', '0'): I(V) = 0   I(V^ss) = 0
==> t12839 chi#9=a:('-1', '0', '0', '0'),b:('-1', '0', '1', '0'),c:('-1', '0', '1', '0') h1=1 m=1 psi=a:('1', '0', '-1', '0'),b:('-1', '0', '1', '0'),c:('0', '0', '-1', '0'): I(V) = -1   I(V^ss) = 0
==> t12839 chi#9=a:('-1', '0', '0', '0'),b:('-1', '0', '1', '0'),c:('-1', '0', '1', '0') h1=1 m=1 psi=a:('1', '0', '-1', '0'),b:('0', '0', '-1', '0'),c:('1', '0', '0', '0'): I(V) = 1   I(V^ss) = 0
==> t12839 chi#9=a:('-1', '0', '0', '0'),b:('-1', '0', '1', '0'),c:('-1', '0', '1', '0') h1=1 m=1 psi=a:('1', '0', '-1', '0'),b:('0', '0', '-1', '0'),c:('-1', '0', '1', '0'): I(V) = 0   I(V^ss) = 0
==> t12839 chi#9=a:('-1', '0', '0', '0'),b:('-1', '0', '1', '0'),c:('-1', '0', '1', '0') h1=1 m=1 psi=a:('1', '0', '-1', '0'),b:('0', '0', '-1', '0'),c:('0', '0', '-1', '0'): I(V) = 0   I(V^ss) = 0
==> t12839 chi#9=a:('-1', '0', '0', '0'),b:('-1', '0', '1', '0'),c:('-1', '0', '1', '0') h1=1 m=1 psi=chi^1: I(V) = 0   I(V^ss) = 0
==> t12839 chi#9=a:('-1', '0', '0', '0'),b:('-1', '0', '1', '0'),c:('-1', '0', '1', '0') h1=1 m=1 psi=chi^2: I(V) = 0   I(V^ss) = 0
==> t12839 chi#9=a:('-1', '0', '0', '0'),b:('-1', '0', '1', '0'),c:('-1', '0', '1', '0') h1=1 m=1 psi=chi^3: I(V) = 0   I(V^ss) = 0
==> t12839 chi#9=a:('-1', '0', '0', '0'),b:('-1', '0', '1', '0'),c:('-1', '0', '1', '0') h1=1 m=2 psi=a:('1', '0', '0', '0'),b:('1', '0', '0', '0'),c:('1', '0', '0', '0'): I(V) = 0   I(V^ss) = 0
==> t12839 chi#9=a:('-1', '0', '0', '0'),b:('-1', '0', '1', '0'),c:('-1', '0', '1', '0') h1=1 m=2 psi=a:('1', '0', '0', '0'),b:('1', '0', '0', '0'),c:('-1', '0', '1', '0'): I(V) = 0   I(V^ss) = 0
==> t12839 chi#9=a:('-1', '0', '0', '0'),b:('-1', '0', '1', '0'),c:('-1', '0', '1', '0') h1=1 m=2 psi=a:('1', '0', '0', '0'),b:('1', '0', '0', '0'),c:('0', '0', '-1', '0'): I(V) = 0   I(V^ss) = 0
==> t12839 chi#9=a:('-1', '0', '0', '0'),b:('-1', '0', '1', '0'),c:('-1', '0', '1', '0') h1=1 m=2 psi=a:('1', '0', '0', '0'),b:('-1', '0', '1', '0'),c:('1', '0', '0', '0'): I(V) = 0   I(V^ss) = 0
==> t12839 chi#9=a:('-1', '0', '0', '0'),b:('-1', '0', '1', '0'),c:('-1', '0', '1', '0') h1=1 m=2 psi=a:('1', '0', '0', '0'),b:('-1', '0', '1', '0'),c:('-1', '0', '1', '0'): I(V) = 0   I(V^ss) = 0
==> t12839 chi#9=a:('-1', '0', '0', '0'),b:('-1', '0', '1', '0'),c:('-1', '0', '1', '0') h1=1 m=2 psi=a:('1', '0', '0', '0'),b:('-1', '0', '1', '0'),c:('0', '0', '-1', '0'): I(V) = 0   I(V^ss) = 0
==> t12839 chi#9=a:('-1', '0', '0', '0'),b:('-1', '0', '1', '0'),c:('-1', '0', '1', '0') h1=1 m=2 psi=a:('1', '0', '0', '0'),b:('0', '0', '-1', '0'),c:('1', '0', '0', '0'): I(V) = 0   I(V^ss) = 0
==> t12839 chi#9=a:('-1', '0', '0', '0'),b:('-1', '0', '1', '0'),c:('-1', '0', '1', '0') h1=1 m=2 psi=a:('1', '0', '0', '0'),b:('0', '0', '-1', '0'),c:('-1', '0', '1', '0'): I(V) = 0   I(V^ss) = 0
==> t12839 chi#9=a:('-1', '0', '0', '0'),b:('-1', '0', '1', '0'),c:('-1', '0', '1', '0') h1=1 m=2 psi=a:('1', '0', '0', '0'),b:('0', '0', '-1', '0'),c:('0', '0', '-1', '0'): I(V) = 0   I(V^ss) = 0
==> t12839 chi#9=a:('-1', '0', '0', '0'),b:('-1', '0', '1', '0'),c:('-1', '0', '1', '0') h1=1 m=2 psi=a:('0', '0', '1', '0'),b:('1', '0', '0', '0'),c:('1', '0', '0', '0'): I(V) = 0   I(V^ss) = 0
==> t12839 chi#9=a:('-1', '0', '0', '0'),b:('-1', '0', '1', '0'),c:('-1', '0', '1', '0') h1=1 m=2 psi=a:('0', '0', '1', '0'),b:('1', '0', '0', '0'),c:('-1', '0', '1', '0'): I(V) = 0   I(V^ss) = 0
==> t12839 chi#9=a:('-1', '0', '0', '0'),b:('-1', '0', '1', '0'),c:('-1', '0', '1', '0') h1=1 m=2 psi=a:('0', '0', '1', '0'),b:('1', '0', '0', '0'),c:('0', '0', '-1', '0'): I(V) = 0   I(V^ss) = 0
==> t12839 chi#9=a:('-1', '0', '0', '0'),b:('-1', '0', '1', '0'),c:('-1', '0', '1', '0') h1=1 m=2 psi=a:('0', '0', '1', '0'),b:('-1', '0', '1', '0'),c:('1', '0', '0', '0'): I(V) = 0   I(V^ss) = 0
==> t12839 chi#9=a:('-1', '0', '0', '0'),b:('-1', '0', '1', '0'),c:('-1', '0', '1', '0') h1=1 m=2 psi=a:('0', '0', '1', '0'),b:('-1', '0', '1', '0'),c:('-1', '0', '1', '0'): I(V) = 0   I(V^ss) = 0
==> t12839 chi#9=a:('-1', '0', '0', '0'),b:('-1', '0', '1', '0'),c:('-1', '0', '1', '0') h1=1 m=2 psi=a:('0', '0', '1', '0'),b:('-1', '0', '1', '0'),c:('0', '0', '-1', '0'): I(V) = 0   I(V^ss) = 0
==> t12839 chi#9=a:('-1', '0', '0', '0'),b:('-1', '0', '1', '0'),c:('-1', '0', '1', '0') h1=1 m=2 psi=a:('0', '0', '1', '0'),b:('0', '0', '-1', '0'),c:('1', '0', '0', '0'): I(V) = 0   I(V^ss) = 0
==> t12839 chi#9=a:('-1', '0', '0', '0'),b:('-1', '0', '1', '0'),c:('-1', '0', '1', '0') h1=1 m=2 psi=a:('0', '0', '1', '0'),b:('0', '0', '-1', '0'),c:('-1', '0', '1', '0'): I(V) = 0   I(V^ss) = 0
==> t12839 chi#9=a:('-1', '0', '0', '0'),b:('-1', '0', '1', '0'),c:('-1', '0', '1', '0') h1=1 m=2 psi=a:('0', '0', '1', '0'),b:('0', '0', '-1', '0'),c:('0', '0', '-1', '0'): I(V) = 0   I(V^ss) = 0
==> t12839 chi#9=a:('-1', '0', '0', '0'),b:('-1', '0', '1', '0'),c:('-1', '0', '1', '0') h1=1 m=2 psi=a:('-1', '0', '1', '0'),b:('1', '0', '0', '0'),c:('1', '0', '0', '0'): I(V) = 0   I(V^ss) = 0
==> t12839 chi#9=a:('-1', '0', '0', '0'),b:('-1', '0', '1', '0'),c:('-1', '0', '1', '0') h1=1 m=2 psi=a:('-1', '0', '1', '0'),b:('1', '0', '0', '0'),c:('-1', '0', '1', '0'): I(V) = 0   I(V^ss) = 0
==> t12839 chi#9=a:('-1', '0', '0', '0'),b:('-1', '0', '1', '0'),c:('-1', '0', '1', '0') h1=1 m=2 psi=a:('-1', '0', '1', '0'),b:('1', '0', '0', '0'),c:('0', '0', '-1', '0'): I(V) = 0   I(V^ss) = 0
==> t12839 chi#9=a:('-1', '0', '0', '0'),b:('-1', '0', '1', '0'),c:('-1', '0', '1', '0') h1=1 m=2 psi=a:('-1', '0', '1', '0'),b:('-1', '0', '1', '0'),c:('1', '0', '0', '0'): I(V) = 0   I(V^ss) = 0
==> t12839 chi#9=a:('-1', '0', '0', '0'),b:('-1', '0', '1', '0'),c:('-1', '0', '1', '0') h1=1 m=2 psi=a:('-1', '0', '1', '0'),b:('-1', '0', '1', '0'),c:('-1', '0', '1', '0'): I(V) = 0   I(V^ss) = 0
==> t12839 chi#9=a:('-1', '0', '0', '0'),b:('-1', '0', '1', '0'),c:('-1', '0', '1', '0') h1=1 m=2 psi=a:('-1', '0', '1', '0'),b:('-1', '0', '1', '0'),c:('0', '0', '-1', '0'): I(V) = 1   I(V^ss) = 0
==> t12839 chi#9=a:('-1', '0', '0', '0'),b:('-1', '0', '1', '0'),c:('-1', '0', '1', '0') h1=1 m=2 psi=a:('-1', '0', '1', '0'),b:('0', '0', '-1', '0'),c:('1', '0', '0', '0'): I(V) = -1   I(V^ss) = 0
==> t12839 chi#9=a:('-1', '0', '0', '0'),b:('-1', '0', '1', '0'),c:('-1', '0', '1', '0') h1=1 m=2 psi=a:('-1', '0', '1', '0'),b:('0', '0', '-1', '0'),c:('-1', '0', '1', '0'): I(V) = 0   I(V^ss) = 0
==> t12839 chi#9=a:('-1', '0', '0', '0'),b:('-1', '0', '1', '0'),c:('-1', '0', '1', '0') h1=1 m=2 psi=a:('-1', '0', '1', '0'),b:('0', '0', '-1', '0'),c:('0', '0', '-1', '0'): I(V) = 0   I(V^ss) = 0
==> t12839 chi#9=a:('-1', '0', '0', '0'),b:('-1', '0', '1', '0'),c:('-1', '0', '1', '0') h1=1 m=2 psi=a:('-1', '0', '0', '0'),b:('1', '0', '0', '0'),c:('1', '0', '0', '0'): I(V) = 0   I(V^ss) = 0
==> t12839 chi#9=a:('-1', '0', '0', '0'),b:('-1', '0', '1', '0'),c:('-1', '0', '1', '0') h1=1 m=2 psi=a:('-1', '0', '0', '0'),b:('1', '0', '0', '0'),c:('-1', '0', '1', '0'): I(V) = 0   I(V^ss) = 0
==> t12839 chi#9=a:('-1', '0', '0', '0'),b:('-1', '0', '1', '0'),c:('-1', '0', '1', '0') h1=1 m=2 psi=a:('-1', '0', '0', '0'),b:('1', '0', '0', '0'),c:('0', '0', '-1', '0'): I(V) = 0   I(V^ss) = 0
==> t12839 chi#9=a:('-1', '0', '0', '0'),b:('-1', '0', '1', '0'),c:('-1', '0', '1', '0') h1=1 m=2 psi=a:('-1', '0', '0', '0'),b:('-1', '0', '1', '0'),c:('1', '0', '0', '0'): I(V) = 0   I(V^ss) = 0
==> t12839 chi#9=a:('-1', '0', '0', '0'),b:('-1', '0', '1', '0'),c:('-1', '0', '1', '0') h1=1 m=2 psi=a:('-1', '0', '0', '0'),b:('-1', '0', '1', '0'),c:('-1', '0', '1', '0'): I(V) = 0   I(V^ss) = 0
==> t12839 chi#9=a:('-1', '0', '0', '0'),b:('-1', '0', '1', '0'),c:('-1', '0', '1', '0') h1=1 m=2 psi=a:('-1', '0', '0', '0'),b:('-1', '0', '1', '0'),c:('0', '0', '-1', '0'): I(V) = 0   I(V^ss) = 0
==> t12839 chi#9=a:('-1', '0', '0', '0'),b:('-1', '0', '1', '0'),c:('-1', '0', '1', '0') h1=1 m=2 psi=a:('-1', '0', '0', '0'),b:('0', '0', '-1', '0'),c:('1', '0', '0', '0'): I(V) = 0   I(V^ss) = 0
==> t12839 chi#9=a:('-1', '0', '0', '0'),b:('-1', '0', '1', '0'),c:('-1', '0', '1', '0') h1=1 m=2 psi=a:('-1', '0', '0', '0'),b:('0', '0', '-1', '0'),c:('-1', '0', '1', '0'): I(V) = 0   I(V^ss) = 0
==> t12839 chi#9=a:('-1', '0', '0', '0'),b:('-1', '0', '1', '0'),c:('-1', '0', '1', '0') h1=1 m=2 psi=a:('-1', '0', '0', '0'),b:('0', '0', '-1', '0'),c:('0', '0', '-1', '0'): I(V) = 0   I(V^ss) = 0
==> t12839 chi#9=a:('-1', '0', '0', '0'),b:('-1', '0', '1', '0'),c:('-1', '0', '1', '0') h1=1 m=2 psi=a:('0', '0', '-1', '0'),b:('1', '0', '0', '0'),c:('1', '0', '0', '0'): I(V) = 0   I(V^ss) = 0
==> t12839 chi#9=a:('-1', '0', '0', '0'),b:('-1', '0', '1', '0'),c:('-1', '0', '1', '0') h1=1 m=2 psi=a:('0', '0', '-1', '0'),b:('1', '0', '0', '0'),c:('-1', '0', '1', '0'): I(V) = 0   I(V^ss) = 0
==> t12839 chi#9=a:('-1', '0', '0', '0'),b:('-1', '0', '1', '0'),c:('-1', '0', '1', '0') h1=1 m=2 psi=a:('0', '0', '-1', '0'),b:('1', '0', '0', '0'),c:('0', '0', '-1', '0'): I(V) = 0   I(V^ss) = 0
==> t12839 chi#9=a:('-1', '0', '0', '0'),b:('-1', '0', '1', '0'),c:('-1', '0', '1', '0') h1=1 m=2 psi=a:('0', '0', '-1', '0'),b:('-1', '0', '1', '0'),c:('1', '0', '0', '0'): I(V) = 1   I(V^ss) = 0
==> t12839 chi#9=a:('-1', '0', '0', '0'),b:('-1', '0', '1', '0'),c:('-1', '0', '1', '0') h1=1 m=2 psi=a:('0', '0', '-1', '0'),b:('-1', '0', '1', '0'),c:('-1', '0', '1', '0'): I(V) = 0   I(V^ss) = 0
==> t12839 chi#9=a:('-1', '0', '0', '0'),b:('-1', '0', '1', '0'),c:('-1', '0', '1', '0') h1=1 m=2 psi=a:('0', '0', '-1', '0'),b:('-1', '0', '1', '0'),c:('0', '0', '-1', '0'): I(V) = 0   I(V^ss) = 0
==> t12839 chi#9=a:('-1', '0', '0', '0'),b:('-1', '0', '1', '0'),c:('-1', '0', '1', '0') h1=1 m=2 psi=a:('0', '0', '-1', '0'),b:('0', '0', '-1', '0'),c:('1', '0', '0', '0'): I(V) = 0   I(V^ss) = 0
==> t12839 chi#9=a:('-1', '0', '0', '0'),b:('-1', '0', '1', '0'),c:('-1', '0', '1', '0') h1=1 m=2 psi=a:('0', '0', '-1', '0'),b:('0', '0', '-1', '0'),c:('-1', '0', '1', '0'): I(V) = -1   I(V^ss) = 0
==> t12839 chi#9=a:('-1', '0', '0', '0'),b:('-1', '0', '1', '0'),c:('-1', '0', '1', '0') h1=1 m=2 psi=a:('0', '0', '-1', '0'),b:('0', '0', '-1', '0'),c:('0', '0', '-1', '0'): I(V) = 0   I(V^ss) = 0
==> t12839 chi#9=a:('-1', '0', '0', '0'),b:('-1', '0', '1', '0'),c:('-1', '0', '1', '0') h1=1 m=2 psi=a:('1', '0', '-1', '0'),b:('1', '0', '0', '0'),c:('1', '0', '0', '0'): I(V) = 0   I(V^ss) = 0
==> t12839 chi#9=a:('-1', '0', '0', '0'),b:('-1', '0', '1', '0'),c:('-1', '0', '1', '0') h1=1 m=2 psi=a:('1', '0', '-1', '0'),b:('1', '0', '0', '0'),c:('-1', '0', '1', '0'): I(V) = 0   I(V^ss) = 0
==> t12839 chi#9=a:('-1', '0', '0', '0'),b:('-1', '0', '1', '0'),c:('-1', '0', '1', '0') h1=1 m=2 psi=a:('1', '0', '-1', '0'),b:('1', '0', '0', '0'),c:('0', '0', '-1', '0'): I(V) = 0   I(V^ss) = 0
==> t12839 chi#9=a:('-1', '0', '0', '0'),b:('-1', '0', '1', '0'),c:('-1', '0', '1', '0') h1=1 m=2 psi=a:('1', '0', '-1', '0'),b:('-1', '0', '1', '0'),c:('1', '0', '0', '0'): I(V) = 0   I(V^ss) = 0
==> t12839 chi#9=a:('-1', '0', '0', '0'),b:('-1', '0', '1', '0'),c:('-1', '0', '1', '0') h1=1 m=2 psi=a:('1', '0', '-1', '0'),b:('-1', '0', '1', '0'),c:('-1', '0', '1', '0'): I(V) = 0   I(V^ss) = 0
==> t12839 chi#9=a:('-1', '0', '0', '0'),b:('-1', '0', '1', '0'),c:('-1', '0', '1', '0') h1=1 m=2 psi=a:('1', '0', '-1', '0'),b:('-1', '0', '1', '0'),c:('0', '0', '-1', '0'): I(V) = 0   I(V^ss) = 0
==> t12839 chi#9=a:('-1', '0', '0', '0'),b:('-1', '0', '1', '0'),c:('-1', '0', '1', '0') h1=1 m=2 psi=a:('1', '0', '-1', '0'),b:('0', '0', '-1', '0'),c:('1', '0', '0', '0'): I(V) = 0   I(V^ss) = 0
==> t12839 chi#9=a:('-1', '0', '0', '0'),b:('-1', '0', '1', '0'),c:('-1', '0', '1', '0') h1=1 m=2 psi=a:('1', '0', '-1', '0'),b:('0', '0', '-1', '0'),c:('-1', '0', '1', '0'): I(V) = 0   I(V^ss) = 0
==> t12839 chi#9=a:('-1', '0', '0', '0'),b:('-1', '0', '1', '0'),c:('-1', '0', '1', '0') h1=1 m=2 psi=a:('1', '0', '-1', '0'),b:('0', '0', '-1', '0'),c:('0', '0', '-1', '0'): I(V) = 0   I(V^ss) = 0
==> t12839 chi#9=a:('-1', '0', '0', '0'),b:('-1', '0', '1', '0'),c:('-1', '0', '1', '0') h1=1 m=2 psi=chi^1: I(V) = 0   I(V^ss) = 0
==> t12839 chi#9=a:('-1', '0', '0', '0'),b:('-1', '0', '1', '0'),c:('-1', '0', '1', '0') h1=1 m=2 psi=chi^2: I(V) = 0   I(V^ss) = 0
==> t12839 chi#9=a:('-1', '0', '0', '0'),b:('-1', '0', '1', '0'),c:('-1', '0', '1', '0') h1=1 m=2 psi=chi^3: I(V) = 0   I(V^ss) = 0
==> t12839 chi#9=a:('-1', '0', '0', '0'),b:('-1', '0', '1', '0'),c:('-1', '0', '1', '0') h1=1 m=3 psi=a:('1', '0', '0', '0'),b:('1', '0', '0', '0'),c:('1', '0', '0', '0'): I(V) = 0   I(V^ss) = 0
==> t12839 chi#9=a:('-1', '0', '0', '0'),b:('-1', '0', '1', '0'),c:('-1', '0', '1', '0') h1=1 m=3 psi=a:('1', '0', '0', '0'),b:('1', '0', '0', '0'),c:('-1', '0', '1', '0'): I(V) = 0   I(V^ss) = 0
==> t12839 chi#9=a:('-1', '0', '0', '0'),b:('-1', '0', '1', '0'),c:('-1', '0', '1', '0') h1=1 m=3 psi=a:('1', '0', '0', '0'),b:('1', '0', '0', '0'),c:('0', '0', '-1', '0'): I(V) = 0   I(V^ss) = 0
==> t12839 chi#9=a:('-1', '0', '0', '0'),b:('-1', '0', '1', '0'),c:('-1', '0', '1', '0') h1=1 m=3 psi=a:('1', '0', '0', '0'),b:('-1', '0', '1', '0'),c:('1', '0', '0', '0'): I(V) = 0   I(V^ss) = 0
==> t12839 chi#9=a:('-1', '0', '0', '0'),b:('-1', '0', '1', '0'),c:('-1', '0', '1', '0') h1=1 m=3 psi=a:('1', '0', '0', '0'),b:('-1', '0', '1', '0'),c:('-1', '0', '1', '0'): I(V) = 0   I(V^ss) = 0
==> t12839 chi#9=a:('-1', '0', '0', '0'),b:('-1', '0', '1', '0'),c:('-1', '0', '1', '0') h1=1 m=3 psi=a:('1', '0', '0', '0'),b:('-1', '0', '1', '0'),c:('0', '0', '-1', '0'): I(V) = 0   I(V^ss) = 0
==> t12839 chi#9=a:('-1', '0', '0', '0'),b:('-1', '0', '1', '0'),c:('-1', '0', '1', '0') h1=1 m=3 psi=a:('1', '0', '0', '0'),b:('0', '0', '-1', '0'),c:('1', '0', '0', '0'): I(V) = 0   I(V^ss) = 0
==> t12839 chi#9=a:('-1', '0', '0', '0'),b:('-1', '0', '1', '0'),c:('-1', '0', '1', '0') h1=1 m=3 psi=a:('1', '0', '0', '0'),b:('0', '0', '-1', '0'),c:('-1', '0', '1', '0'): I(V) = 0   I(V^ss) = 0
==> t12839 chi#9=a:('-1', '0', '0', '0'),b:('-1', '0', '1', '0'),c:('-1', '0', '1', '0') h1=1 m=3 psi=a:('1', '0', '0', '0'),b:('0', '0', '-1', '0'),c:('0', '0', '-1', '0'): I(V) = 0   I(V^ss) = 0
==> t12839 chi#9=a:('-1', '0', '0', '0'),b:('-1', '0', '1', '0'),c:('-1', '0', '1', '0') h1=1 m=3 psi=a:('0', '0', '1', '0'),b:('1', '0', '0', '0'),c:('1', '0', '0', '0'): I(V) = 0   I(V^ss) = 0
==> t12839 chi#9=a:('-1', '0', '0', '0'),b:('-1', '0', '1', '0'),c:('-1', '0', '1', '0') h1=1 m=3 psi=a:('0', '0', '1', '0'),b:('1', '0', '0', '0'),c:('-1', '0', '1', '0'): I(V) = 0   I(V^ss) = 0
==> t12839 chi#9=a:('-1', '0', '0', '0'),b:('-1', '0', '1', '0'),c:('-1', '0', '1', '0') h1=1 m=3 psi=a:('0', '0', '1', '0'),b:('1', '0', '0', '0'),c:('0', '0', '-1', '0'): I(V) = 0   I(V^ss) = 0
==> t12839 chi#9=a:('-1', '0', '0', '0'),b:('-1', '0', '1', '0'),c:('-1', '0', '1', '0') h1=1 m=3 psi=a:('0', '0', '1', '0'),b:('-1', '0', '1', '0'),c:('1', '0', '0', '0'): I(V) = 0   I(V^ss) = 0
==> t12839 chi#9=a:('-1', '0', '0', '0'),b:('-1', '0', '1', '0'),c:('-1', '0', '1', '0') h1=1 m=3 psi=a:('0', '0', '1', '0'),b:('-1', '0', '1', '0'),c:('-1', '0', '1', '0'): I(V) = 0   I(V^ss) = 0
==> t12839 chi#9=a:('-1', '0', '0', '0'),b:('-1', '0', '1', '0'),c:('-1', '0', '1', '0') h1=1 m=3 psi=a:('0', '0', '1', '0'),b:('-1', '0', '1', '0'),c:('0', '0', '-1', '0'): I(V) = 0   I(V^ss) = 0
==> t12839 chi#9=a:('-1', '0', '0', '0'),b:('-1', '0', '1', '0'),c:('-1', '0', '1', '0') h1=1 m=3 psi=a:('0', '0', '1', '0'),b:('0', '0', '-1', '0'),c:('1', '0', '0', '0'): I(V) = 0   I(V^ss) = 0
==> t12839 chi#9=a:('-1', '0', '0', '0'),b:('-1', '0', '1', '0'),c:('-1', '0', '1', '0') h1=1 m=3 psi=a:('0', '0', '1', '0'),b:('0', '0', '-1', '0'),c:('-1', '0', '1', '0'): I(V) = 0   I(V^ss) = 0
==> t12839 chi#9=a:('-1', '0', '0', '0'),b:('-1', '0', '1', '0'),c:('-1', '0', '1', '0') h1=1 m=3 psi=a:('0', '0', '1', '0'),b:('0', '0', '-1', '0'),c:('0', '0', '-1', '0'): I(V) = 0   I(V^ss) = 0
==> t12839 chi#9=a:('-1', '0', '0', '0'),b:('-1', '0', '1', '0'),c:('-1', '0', '1', '0') h1=1 m=3 psi=a:('-1', '0', '1', '0'),b:('1', '0', '0', '0'),c:('1', '0', '0', '0'): I(V) = 0   I(V^ss) = 0
==> t12839 chi#9=a:('-1', '0', '0', '0'),b:('-1', '0', '1', '0'),c:('-1', '0', '1', '0') h1=1 m=3 psi=a:('-1', '0', '1', '0'),b:('1', '0', '0', '0'),c:('-1', '0', '1', '0'): I(V) = 0   I(V^ss) = 0
==> t12839 chi#9=a:('-1', '0', '0', '0'),b:('-1', '0', '1', '0'),c:('-1', '0', '1', '0') h1=1 m=3 psi=a:('-1', '0', '1', '0'),b:('1', '0', '0', '0'),c:('0', '0', '-1', '0'): I(V) = 0   I(V^ss) = 0
==> t12839 chi#9=a:('-1', '0', '0', '0'),b:('-1', '0', '1', '0'),c:('-1', '0', '1', '0') h1=1 m=3 psi=a:('-1', '0', '1', '0'),b:('-1', '0', '1', '0'),c:('1', '0', '0', '0'): I(V) = 0   I(V^ss) = 0
==> t12839 chi#9=a:('-1', '0', '0', '0'),b:('-1', '0', '1', '0'),c:('-1', '0', '1', '0') h1=1 m=3 psi=a:('-1', '0', '1', '0'),b:('-1', '0', '1', '0'),c:('-1', '0', '1', '0'): I(V) = 0   I(V^ss) = 0
==> t12839 chi#9=a:('-1', '0', '0', '0'),b:('-1', '0', '1', '0'),c:('-1', '0', '1', '0') h1=1 m=3 psi=a:('-1', '0', '1', '0'),b:('-1', '0', '1', '0'),c:('0', '0', '-1', '0'): I(V) = 0   I(V^ss) = 0
==> t12839 chi#9=a:('-1', '0', '0', '0'),b:('-1', '0', '1', '0'),c:('-1', '0', '1', '0') h1=1 m=3 psi=a:('-1', '0', '1', '0'),b:('0', '0', '-1', '0'),c:('1', '0', '0', '0'): I(V) = 0   I(V^ss) = 0
==> t12839 chi#9=a:('-1', '0', '0', '0'),b:('-1', '0', '1', '0'),c:('-1', '0', '1', '0') h1=1 m=3 psi=a:('-1', '0', '1', '0'),b:('0', '0', '-1', '0'),c:('-1', '0', '1', '0'): I(V) = 0   I(V^ss) = 0
==> t12839 chi#9=a:('-1', '0', '0', '0'),b:('-1', '0', '1', '0'),c:('-1', '0', '1', '0') h1=1 m=3 psi=a:('-1', '0', '1', '0'),b:('0', '0', '-1', '0'),c:('0', '0', '-1', '0'): I(V) = 0   I(V^ss) = 0
==> t12839 chi#9=a:('-1', '0', '0', '0'),b:('-1', '0', '1', '0'),c:('-1', '0', '1', '0') h1=1 m=3 psi=a:('-1', '0', '0', '0'),b:('1', '0', '0', '0'),c:('1', '0', '0', '0'): I(V) = 0   I(V^ss) = 0
==> t12839 chi#9=a:('-1', '0', '0', '0'),b:('-1', '0', '1', '0'),c:('-1', '0', '1', '0') h1=1 m=3 psi=a:('-1', '0', '0', '0'),b:('1', '0', '0', '0'),c:('-1', '0', '1', '0'): I(V) = 0   I(V^ss) = 0
==> t12839 chi#9=a:('-1', '0', '0', '0'),b:('-1', '0', '1', '0'),c:('-1', '0', '1', '0') h1=1 m=3 psi=a:('-1', '0', '0', '0'),b:('1', '0', '0', '0'),c:('0', '0', '-1', '0'): I(V) = 0   I(V^ss) = 0
==> t12839 chi#9=a:('-1', '0', '0', '0'),b:('-1', '0', '1', '0'),c:('-1', '0', '1', '0') h1=1 m=3 psi=a:('-1', '0', '0', '0'),b:('-1', '0', '1', '0'),c:('1', '0', '0', '0'): I(V) = 0   I(V^ss) = 0
==> t12839 chi#9=a:('-1', '0', '0', '0'),b:('-1', '0', '1', '0'),c:('-1', '0', '1', '0') h1=1 m=3 psi=a:('-1', '0', '0', '0'),b:('-1', '0', '1', '0'),c:('-1', '0', '1', '0'): I(V) = 0   I(V^ss) = 0
==> t12839 chi#9=a:('-1', '0', '0', '0'),b:('-1', '0', '1', '0'),c:('-1', '0', '1', '0') h1=1 m=3 psi=a:('-1', '0', '0', '0'),b:('-1', '0', '1', '0'),c:('0', '0', '-1', '0'): I(V) = 0   I(V^ss) = 0
==> t12839 chi#9=a:('-1', '0', '0', '0'),b:('-1', '0', '1', '0'),c:('-1', '0', '1', '0') h1=1 m=3 psi=a:('-1', '0', '0', '0'),b:('0', '0', '-1', '0'),c:('1', '0', '0', '0'): I(V) = 0   I(V^ss) = 0
==> t12839 chi#9=a:('-1', '0', '0', '0'),b:('-1', '0', '1', '0'),c:('-1', '0', '1', '0') h1=1 m=3 psi=a:('-1', '0', '0', '0'),b:('0', '0', '-1', '0'),c:('-1', '0', '1', '0'): I(V) = 0   I(V^ss) = 0
==> t12839 chi#9=a:('-1', '0', '0', '0'),b:('-1', '0', '1', '0'),c:('-1', '0', '1', '0') h1=1 m=3 psi=a:('-1', '0', '0', '0'),b:('0', '0', '-1', '0'),c:('0', '0', '-1', '0'): I(V) = 0   I(V^ss) = 0
==> t12839 chi#9=a:('-1', '0', '0', '0'),b:('-1', '0', '1', '0'),c:('-1', '0', '1', '0') h1=1 m=3 psi=a:('0', '0', '-1', '0'),b:('1', '0', '0', '0'),c:('1', '0', '0', '0'): I(V) = 0   I(V^ss) = 0
==> t12839 chi#9=a:('-1', '0', '0', '0'),b:('-1', '0', '1', '0'),c:('-1', '0', '1', '0') h1=1 m=3 psi=a:('0', '0', '-1', '0'),b:('1', '0', '0', '0'),c:('-1', '0', '1', '0'): I(V) = 0   I(V^ss) = 0
==> t12839 chi#9=a:('-1', '0', '0', '0'),b:('-1', '0', '1', '0'),c:('-1', '0', '1', '0') h1=1 m=3 psi=a:('0', '0', '-1', '0'),b:('1', '0', '0', '0'),c:('0', '0', '-1', '0'): I(V) = 0   I(V^ss) = 0
==> t12839 chi#9=a:('-1', '0', '0', '0'),b:('-1', '0', '1', '0'),c:('-1', '0', '1', '0') h1=1 m=3 psi=a:('0', '0', '-1', '0'),b:('-1', '0', '1', '0'),c:('1', '0', '0', '0'): I(V) = 0   I(V^ss) = 0
==> t12839 chi#9=a:('-1', '0', '0', '0'),b:('-1', '0', '1', '0'),c:('-1', '0', '1', '0') h1=1 m=3 psi=a:('0', '0', '-1', '0'),b:('-1', '0', '1', '0'),c:('-1', '0', '1', '0'): I(V) = 0   I(V^ss) = 0
==> t12839 chi#9=a:('-1', '0', '0', '0'),b:('-1', '0', '1', '0'),c:('-1', '0', '1', '0') h1=1 m=3 psi=a:('0', '0', '-1', '0'),b:('-1', '0', '1', '0'),c:('0', '0', '-1', '0'): I(V) = 0   I(V^ss) = 0
==> t12839 chi#9=a:('-1', '0', '0', '0'),b:('-1', '0', '1', '0'),c:('-1', '0', '1', '0') h1=1 m=3 psi=a:('0', '0', '-1', '0'),b:('0', '0', '-1', '0'),c:('1', '0', '0', '0'): I(V) = 0   I(V^ss) = 0
==> t12839 chi#9=a:('-1', '0', '0', '0'),b:('-1', '0', '1', '0'),c:('-1', '0', '1', '0') h1=1 m=3 psi=a:('0', '0', '-1', '0'),b:('0', '0', '-1', '0'),c:('-1', '0', '1', '0'): I(V) = 0   I(V^ss) = 0
==> t12839 chi#9=a:('-1', '0', '0', '0'),b:('-1', '0', '1', '0'),c:('-1', '0', '1', '0') h1=1 m=3 psi=a:('0', '0', '-1', '0'),b:('0', '0', '-1', '0'),c:('0', '0', '-1', '0'): I(V) = 0   I(V^ss) = 0
==> t12839 chi#9=a:('-1', '0', '0', '0'),b:('-1', '0', '1', '0'),c:('-1', '0', '1', '0') h1=1 m=3 psi=a:('1', '0', '-1', '0'),b:('1', '0', '0', '0'),c:('1', '0', '0', '0'): I(V) = 0   I(V^ss) = 0
==> t12839 chi#9=a:('-1', '0', '0', '0'),b:('-1', '0', '1', '0'),c:('-1', '0', '1', '0') h1=1 m=3 psi=a:('1', '0', '-1', '0'),b:('1', '0', '0', '0'),c:('-1', '0', '1', '0'): I(V) = 0   I(V^ss) = 0
==> t12839 chi#9=a:('-1', '0', '0', '0'),b:('-1', '0', '1', '0'),c:('-1', '0', '1', '0') h1=1 m=3 psi=a:('1', '0', '-1', '0'),b:('1', '0', '0', '0'),c:('0', '0', '-1', '0'): I(V) = 0   I(V^ss) = 0
==> t12839 chi#9=a:('-1', '0', '0', '0'),b:('-1', '0', '1', '0'),c:('-1', '0', '1', '0') h1=1 m=3 psi=a:('1', '0', '-1', '0'),b:('-1', '0', '1', '0'),c:('1', '0', '0', '0'): I(V) = 0   I(V^ss) = 0
==> t12839 chi#9=a:('-1', '0', '0', '0'),b:('-1', '0', '1', '0'),c:('-1', '0', '1', '0') h1=1 m=3 psi=a:('1', '0', '-1', '0'),b:('-1', '0', '1', '0'),c:('-1', '0', '1', '0'): I(V) = 0   I(V^ss) = 0
==> t12839 chi#9=a:('-1', '0', '0', '0'),b:('-1', '0', '1', '0'),c:('-1', '0', '1', '0') h1=1 m=3 psi=a:('1', '0', '-1', '0'),b:('-1', '0', '1', '0'),c:('0', '0', '-1', '0'): I(V) = 0   I(V^ss) = 0
==> t12839 chi#9=a:('-1', '0', '0', '0'),b:('-1', '0', '1', '0'),c:('-1', '0', '1', '0') h1=1 m=3 psi=a:('1', '0', '-1', '0'),b:('0', '0', '-1', '0'),c:('1', '0', '0', '0'): I(V) = 0   I(V^ss) = 0
==> t12839 chi#9=a:('-1', '0', '0', '0'),b:('-1', '0', '1', '0'),c:('-1', '0', '1', '0') h1=1 m=3 psi=a:('1', '0', '-1', '0'),b:('0', '0', '-1', '0'),c:('-1', '0', '1', '0'): I(V) = 0   I(V^ss) = 0
==> t12839 chi#9=a:('-1', '0', '0', '0'),b:('-1', '0', '1', '0'),c:('-1', '0', '1', '0') h1=1 m=3 psi=a:('1', '0', '-1', '0'),b:('0', '0', '-1', '0'),c:('0', '0', '-1', '0'): I(V) = 0   I(V^ss) = 0
==> t12839 chi#9=a:('-1', '0', '0', '0'),b:('-1', '0', '1', '0'),c:('-1', '0', '1', '0') h1=1 m=3 psi=chi^1: I(V) = 0   I(V^ss) = 0
==> t12839 chi#9=a:('-1', '0', '0', '0'),b:('-1', '0', '1', '0'),c:('-1', '0', '1', '0') h1=1 m=3 psi=chi^2: I(V) = 0   I(V^ss) = 0
==> t12839 chi#9=a:('-1', '0', '0', '0'),b:('-1', '0', '1', '0'),c:('-1', '0', '1', '0') h1=1 m=3 psi=chi^3: I(V) = 0   I(V^ss) = 0
  locus chi#10=a:('-1', '0', '0', '0'),b:('0', '0', '-1', '0'),c:('0', '0', '-1', '0') h1=1
==> t12839 chi#10=a:('-1', '0', '0', '0'),b:('0', '0', '-1', '0'),c:('0', '0', '-1', '0') h1=1 m=1 psi=a:('1', '0', '0', '0'),b:('1', '0', '0', '0'),c:('1', '0', '0', '0'): I(V) = 0   I(V^ss) = 0
==> t12839 chi#10=a:('-1', '0', '0', '0'),b:('0', '0', '-1', '0'),c:('0', '0', '-1', '0') h1=1 m=1 psi=a:('1', '0', '0', '0'),b:('1', '0', '0', '0'),c:('-1', '0', '1', '0'): I(V) = 0   I(V^ss) = 0
==> t12839 chi#10=a:('-1', '0', '0', '0'),b:('0', '0', '-1', '0'),c:('0', '0', '-1', '0') h1=1 m=1 psi=a:('1', '0', '0', '0'),b:('1', '0', '0', '0'),c:('0', '0', '-1', '0'): I(V) = 0   I(V^ss) = 0
==> t12839 chi#10=a:('-1', '0', '0', '0'),b:('0', '0', '-1', '0'),c:('0', '0', '-1', '0') h1=1 m=1 psi=a:('1', '0', '0', '0'),b:('-1', '0', '1', '0'),c:('1', '0', '0', '0'): I(V) = 0   I(V^ss) = 0
==> t12839 chi#10=a:('-1', '0', '0', '0'),b:('0', '0', '-1', '0'),c:('0', '0', '-1', '0') h1=1 m=1 psi=a:('1', '0', '0', '0'),b:('-1', '0', '1', '0'),c:('-1', '0', '1', '0'): I(V) = 0   I(V^ss) = 0
==> t12839 chi#10=a:('-1', '0', '0', '0'),b:('0', '0', '-1', '0'),c:('0', '0', '-1', '0') h1=1 m=1 psi=a:('1', '0', '0', '0'),b:('-1', '0', '1', '0'),c:('0', '0', '-1', '0'): I(V) = 0   I(V^ss) = 0
==> t12839 chi#10=a:('-1', '0', '0', '0'),b:('0', '0', '-1', '0'),c:('0', '0', '-1', '0') h1=1 m=1 psi=a:('1', '0', '0', '0'),b:('0', '0', '-1', '0'),c:('1', '0', '0', '0'): I(V) = 0   I(V^ss) = 0
==> t12839 chi#10=a:('-1', '0', '0', '0'),b:('0', '0', '-1', '0'),c:('0', '0', '-1', '0') h1=1 m=1 psi=a:('1', '0', '0', '0'),b:('0', '0', '-1', '0'),c:('-1', '0', '1', '0'): I(V) = 0   I(V^ss) = 0
==> t12839 chi#10=a:('-1', '0', '0', '0'),b:('0', '0', '-1', '0'),c:('0', '0', '-1', '0') h1=1 m=1 psi=a:('1', '0', '0', '0'),b:('0', '0', '-1', '0'),c:('0', '0', '-1', '0'): I(V) = 0   I(V^ss) = 0
==> t12839 chi#10=a:('-1', '0', '0', '0'),b:('0', '0', '-1', '0'),c:('0', '0', '-1', '0') h1=1 m=1 psi=a:('0', '0', '1', '0'),b:('1', '0', '0', '0'),c:('1', '0', '0', '0'): I(V) = 0   I(V^ss) = 0
==> t12839 chi#10=a:('-1', '0', '0', '0'),b:('0', '0', '-1', '0'),c:('0', '0', '-1', '0') h1=1 m=1 psi=a:('0', '0', '1', '0'),b:('1', '0', '0', '0'),c:('-1', '0', '1', '0'): I(V) = 0   I(V^ss) = 0
==> t12839 chi#10=a:('-1', '0', '0', '0'),b:('0', '0', '-1', '0'),c:('0', '0', '-1', '0') h1=1 m=1 psi=a:('0', '0', '1', '0'),b:('1', '0', '0', '0'),c:('0', '0', '-1', '0'): I(V) = 0   I(V^ss) = 0
==> t12839 chi#10=a:('-1', '0', '0', '0'),b:('0', '0', '-1', '0'),c:('0', '0', '-1', '0') h1=1 m=1 psi=a:('0', '0', '1', '0'),b:('-1', '0', '1', '0'),c:('1', '0', '0', '0'): I(V) = 1   I(V^ss) = 0
==> t12839 chi#10=a:('-1', '0', '0', '0'),b:('0', '0', '-1', '0'),c:('0', '0', '-1', '0') h1=1 m=1 psi=a:('0', '0', '1', '0'),b:('-1', '0', '1', '0'),c:('-1', '0', '1', '0'): I(V) = 0   I(V^ss) = 0
==> t12839 chi#10=a:('-1', '0', '0', '0'),b:('0', '0', '-1', '0'),c:('0', '0', '-1', '0') h1=1 m=1 psi=a:('0', '0', '1', '0'),b:('-1', '0', '1', '0'),c:('0', '0', '-1', '0'): I(V) = 0   I(V^ss) = 0
==> t12839 chi#10=a:('-1', '0', '0', '0'),b:('0', '0', '-1', '0'),c:('0', '0', '-1', '0') h1=1 m=1 psi=a:('0', '0', '1', '0'),b:('0', '0', '-1', '0'),c:('1', '0', '0', '0'): I(V) = 0   I(V^ss) = 0
==> t12839 chi#10=a:('-1', '0', '0', '0'),b:('0', '0', '-1', '0'),c:('0', '0', '-1', '0') h1=1 m=1 psi=a:('0', '0', '1', '0'),b:('0', '0', '-1', '0'),c:('-1', '0', '1', '0'): I(V) = -1   I(V^ss) = 0
==> t12839 chi#10=a:('-1', '0', '0', '0'),b:('0', '0', '-1', '0'),c:('0', '0', '-1', '0') h1=1 m=1 psi=a:('0', '0', '1', '0'),b:('0', '0', '-1', '0'),c:('0', '0', '-1', '0'): I(V) = 0   I(V^ss) = 0
==> t12839 chi#10=a:('-1', '0', '0', '0'),b:('0', '0', '-1', '0'),c:('0', '0', '-1', '0') h1=1 m=1 psi=a:('-1', '0', '1', '0'),b:('1', '0', '0', '0'),c:('1', '0', '0', '0'): I(V) = 0   I(V^ss) = 0
==> t12839 chi#10=a:('-1', '0', '0', '0'),b:('0', '0', '-1', '0'),c:('0', '0', '-1', '0') h1=1 m=1 psi=a:('-1', '0', '1', '0'),b:('1', '0', '0', '0'),c:('-1', '0', '1', '0'): I(V) = 0   I(V^ss) = 0
==> t12839 chi#10=a:('-1', '0', '0', '0'),b:('0', '0', '-1', '0'),c:('0', '0', '-1', '0') h1=1 m=1 psi=a:('-1', '0', '1', '0'),b:('1', '0', '0', '0'),c:('0', '0', '-1', '0'): I(V) = 0   I(V^ss) = 0
==> t12839 chi#10=a:('-1', '0', '0', '0'),b:('0', '0', '-1', '0'),c:('0', '0', '-1', '0') h1=1 m=1 psi=a:('-1', '0', '1', '0'),b:('-1', '0', '1', '0'),c:('1', '0', '0', '0'): I(V) = 0   I(V^ss) = 0
==> t12839 chi#10=a:('-1', '0', '0', '0'),b:('0', '0', '-1', '0'),c:('0', '0', '-1', '0') h1=1 m=1 psi=a:('-1', '0', '1', '0'),b:('-1', '0', '1', '0'),c:('-1', '0', '1', '0'): I(V) = 0   I(V^ss) = 0
==> t12839 chi#10=a:('-1', '0', '0', '0'),b:('0', '0', '-1', '0'),c:('0', '0', '-1', '0') h1=1 m=1 psi=a:('-1', '0', '1', '0'),b:('-1', '0', '1', '0'),c:('0', '0', '-1', '0'): I(V) = 0   I(V^ss) = 0
==> t12839 chi#10=a:('-1', '0', '0', '0'),b:('0', '0', '-1', '0'),c:('0', '0', '-1', '0') h1=1 m=1 psi=a:('-1', '0', '1', '0'),b:('0', '0', '-1', '0'),c:('1', '0', '0', '0'): I(V) = 0   I(V^ss) = 0
==> t12839 chi#10=a:('-1', '0', '0', '0'),b:('0', '0', '-1', '0'),c:('0', '0', '-1', '0') h1=1 m=1 psi=a:('-1', '0', '1', '0'),b:('0', '0', '-1', '0'),c:('-1', '0', '1', '0'): I(V) = 0   I(V^ss) = 0
==> t12839 chi#10=a:('-1', '0', '0', '0'),b:('0', '0', '-1', '0'),c:('0', '0', '-1', '0') h1=1 m=1 psi=a:('-1', '0', '1', '0'),b:('0', '0', '-1', '0'),c:('0', '0', '-1', '0'): I(V) = 0   I(V^ss) = 0
==> t12839 chi#10=a:('-1', '0', '0', '0'),b:('0', '0', '-1', '0'),c:('0', '0', '-1', '0') h1=1 m=1 psi=a:('-1', '0', '0', '0'),b:('1', '0', '0', '0'),c:('1', '0', '0', '0'): I(V) = 0   I(V^ss) = 0
==> t12839 chi#10=a:('-1', '0', '0', '0'),b:('0', '0', '-1', '0'),c:('0', '0', '-1', '0') h1=1 m=1 psi=a:('-1', '0', '0', '0'),b:('1', '0', '0', '0'),c:('-1', '0', '1', '0'): I(V) = 0   I(V^ss) = 0
==> t12839 chi#10=a:('-1', '0', '0', '0'),b:('0', '0', '-1', '0'),c:('0', '0', '-1', '0') h1=1 m=1 psi=a:('-1', '0', '0', '0'),b:('1', '0', '0', '0'),c:('0', '0', '-1', '0'): I(V) = 0   I(V^ss) = 0
==> t12839 chi#10=a:('-1', '0', '0', '0'),b:('0', '0', '-1', '0'),c:('0', '0', '-1', '0') h1=1 m=1 psi=a:('-1', '0', '0', '0'),b:('-1', '0', '1', '0'),c:('1', '0', '0', '0'): I(V) = 0   I(V^ss) = 0
==> t12839 chi#10=a:('-1', '0', '0', '0'),b:('0', '0', '-1', '0'),c:('0', '0', '-1', '0') h1=1 m=1 psi=a:('-1', '0', '0', '0'),b:('-1', '0', '1', '0'),c:('-1', '0', '1', '0'): I(V) = 0   I(V^ss) = 0
==> t12839 chi#10=a:('-1', '0', '0', '0'),b:('0', '0', '-1', '0'),c:('0', '0', '-1', '0') h1=1 m=1 psi=a:('-1', '0', '0', '0'),b:('-1', '0', '1', '0'),c:('0', '0', '-1', '0'): I(V) = 0   I(V^ss) = 0
==> t12839 chi#10=a:('-1', '0', '0', '0'),b:('0', '0', '-1', '0'),c:('0', '0', '-1', '0') h1=1 m=1 psi=a:('-1', '0', '0', '0'),b:('0', '0', '-1', '0'),c:('1', '0', '0', '0'): I(V) = 0   I(V^ss) = 0
==> t12839 chi#10=a:('-1', '0', '0', '0'),b:('0', '0', '-1', '0'),c:('0', '0', '-1', '0') h1=1 m=1 psi=a:('-1', '0', '0', '0'),b:('0', '0', '-1', '0'),c:('-1', '0', '1', '0'): I(V) = 0   I(V^ss) = 0
==> t12839 chi#10=a:('-1', '0', '0', '0'),b:('0', '0', '-1', '0'),c:('0', '0', '-1', '0') h1=1 m=1 psi=a:('-1', '0', '0', '0'),b:('0', '0', '-1', '0'),c:('0', '0', '-1', '0'): I(V) = 0   I(V^ss) = 0
==> t12839 chi#10=a:('-1', '0', '0', '0'),b:('0', '0', '-1', '0'),c:('0', '0', '-1', '0') h1=1 m=1 psi=a:('0', '0', '-1', '0'),b:('1', '0', '0', '0'),c:('1', '0', '0', '0'): I(V) = 0   I(V^ss) = 0
==> t12839 chi#10=a:('-1', '0', '0', '0'),b:('0', '0', '-1', '0'),c:('0', '0', '-1', '0') h1=1 m=1 psi=a:('0', '0', '-1', '0'),b:('1', '0', '0', '0'),c:('-1', '0', '1', '0'): I(V) = 0   I(V^ss) = 0
==> t12839 chi#10=a:('-1', '0', '0', '0'),b:('0', '0', '-1', '0'),c:('0', '0', '-1', '0') h1=1 m=1 psi=a:('0', '0', '-1', '0'),b:('1', '0', '0', '0'),c:('0', '0', '-1', '0'): I(V) = 0   I(V^ss) = 0
==> t12839 chi#10=a:('-1', '0', '0', '0'),b:('0', '0', '-1', '0'),c:('0', '0', '-1', '0') h1=1 m=1 psi=a:('0', '0', '-1', '0'),b:('-1', '0', '1', '0'),c:('1', '0', '0', '0'): I(V) = 0   I(V^ss) = 0
==> t12839 chi#10=a:('-1', '0', '0', '0'),b:('0', '0', '-1', '0'),c:('0', '0', '-1', '0') h1=1 m=1 psi=a:('0', '0', '-1', '0'),b:('-1', '0', '1', '0'),c:('-1', '0', '1', '0'): I(V) = 0   I(V^ss) = 0
==> t12839 chi#10=a:('-1', '0', '0', '0'),b:('0', '0', '-1', '0'),c:('0', '0', '-1', '0') h1=1 m=1 psi=a:('0', '0', '-1', '0'),b:('-1', '0', '1', '0'),c:('0', '0', '-1', '0'): I(V) = 0   I(V^ss) = 0
==> t12839 chi#10=a:('-1', '0', '0', '0'),b:('0', '0', '-1', '0'),c:('0', '0', '-1', '0') h1=1 m=1 psi=a:('0', '0', '-1', '0'),b:('0', '0', '-1', '0'),c:('1', '0', '0', '0'): I(V) = 0   I(V^ss) = 0
==> t12839 chi#10=a:('-1', '0', '0', '0'),b:('0', '0', '-1', '0'),c:('0', '0', '-1', '0') h1=1 m=1 psi=a:('0', '0', '-1', '0'),b:('0', '0', '-1', '0'),c:('-1', '0', '1', '0'): I(V) = 0   I(V^ss) = 0
==> t12839 chi#10=a:('-1', '0', '0', '0'),b:('0', '0', '-1', '0'),c:('0', '0', '-1', '0') h1=1 m=1 psi=a:('0', '0', '-1', '0'),b:('0', '0', '-1', '0'),c:('0', '0', '-1', '0'): I(V) = 0   I(V^ss) = 0
==> t12839 chi#10=a:('-1', '0', '0', '0'),b:('0', '0', '-1', '0'),c:('0', '0', '-1', '0') h1=1 m=1 psi=a:('1', '0', '-1', '0'),b:('1', '0', '0', '0'),c:('1', '0', '0', '0'): I(V) = 0   I(V^ss) = 0
==> t12839 chi#10=a:('-1', '0', '0', '0'),b:('0', '0', '-1', '0'),c:('0', '0', '-1', '0') h1=1 m=1 psi=a:('1', '0', '-1', '0'),b:('1', '0', '0', '0'),c:('-1', '0', '1', '0'): I(V) = 0   I(V^ss) = 0
==> t12839 chi#10=a:('-1', '0', '0', '0'),b:('0', '0', '-1', '0'),c:('0', '0', '-1', '0') h1=1 m=1 psi=a:('1', '0', '-1', '0'),b:('1', '0', '0', '0'),c:('0', '0', '-1', '0'): I(V) = 0   I(V^ss) = 0
==> t12839 chi#10=a:('-1', '0', '0', '0'),b:('0', '0', '-1', '0'),c:('0', '0', '-1', '0') h1=1 m=1 psi=a:('1', '0', '-1', '0'),b:('-1', '0', '1', '0'),c:('1', '0', '0', '0'): I(V) = 0   I(V^ss) = 0
==> t12839 chi#10=a:('-1', '0', '0', '0'),b:('0', '0', '-1', '0'),c:('0', '0', '-1', '0') h1=1 m=1 psi=a:('1', '0', '-1', '0'),b:('-1', '0', '1', '0'),c:('-1', '0', '1', '0'): I(V) = 0   I(V^ss) = 0
==> t12839 chi#10=a:('-1', '0', '0', '0'),b:('0', '0', '-1', '0'),c:('0', '0', '-1', '0') h1=1 m=1 psi=a:('1', '0', '-1', '0'),b:('-1', '0', '1', '0'),c:('0', '0', '-1', '0'): I(V) = 1   I(V^ss) = 0
==> t12839 chi#10=a:('-1', '0', '0', '0'),b:('0', '0', '-1', '0'),c:('0', '0', '-1', '0') h1=1 m=1 psi=a:('1', '0', '-1', '0'),b:('0', '0', '-1', '0'),c:('1', '0', '0', '0'): I(V) = -1   I(V^ss) = 0
==> t12839 chi#10=a:('-1', '0', '0', '0'),b:('0', '0', '-1', '0'),c:('0', '0', '-1', '0') h1=1 m=1 psi=a:('1', '0', '-1', '0'),b:('0', '0', '-1', '0'),c:('-1', '0', '1', '0'): I(V) = 0   I(V^ss) = 0
==> t12839 chi#10=a:('-1', '0', '0', '0'),b:('0', '0', '-1', '0'),c:('0', '0', '-1', '0') h1=1 m=1 psi=a:('1', '0', '-1', '0'),b:('0', '0', '-1', '0'),c:('0', '0', '-1', '0'): I(V) = 0   I(V^ss) = 0
==> t12839 chi#10=a:('-1', '0', '0', '0'),b:('0', '0', '-1', '0'),c:('0', '0', '-1', '0') h1=1 m=1 psi=chi^1: I(V) = 0   I(V^ss) = 0
==> t12839 chi#10=a:('-1', '0', '0', '0'),b:('0', '0', '-1', '0'),c:('0', '0', '-1', '0') h1=1 m=1 psi=chi^2: I(V) = 0   I(V^ss) = 0
==> t12839 chi#10=a:('-1', '0', '0', '0'),b:('0', '0', '-1', '0'),c:('0', '0', '-1', '0') h1=1 m=1 psi=chi^3: I(V) = 0   I(V^ss) = 0
==> t12839 chi#10=a:('-1', '0', '0', '0'),b:('0', '0', '-1', '0'),c:('0', '0', '-1', '0') h1=1 m=2 psi=a:('1', '0', '0', '0'),b:('1', '0', '0', '0'),c:('1', '0', '0', '0'): I(V) = 0   I(V^ss) = 0
==> t12839 chi#10=a:('-1', '0', '0', '0'),b:('0', '0', '-1', '0'),c:('0', '0', '-1', '0') h1=1 m=2 psi=a:('1', '0', '0', '0'),b:('1', '0', '0', '0'),c:('-1', '0', '1', '0'): I(V) = 0   I(V^ss) = 0
==> t12839 chi#10=a:('-1', '0', '0', '0'),b:('0', '0', '-1', '0'),c:('0', '0', '-1', '0') h1=1 m=2 psi=a:('1', '0', '0', '0'),b:('1', '0', '0', '0'),c:('0', '0', '-1', '0'): I(V) = 0   I(V^ss) = 0
==> t12839 chi#10=a:('-1', '0', '0', '0'),b:('0', '0', '-1', '0'),c:('0', '0', '-1', '0') h1=1 m=2 psi=a:('1', '0', '0', '0'),b:('-1', '0', '1', '0'),c:('1', '0', '0', '0'): I(V) = 0   I(V^ss) = 0
==> t12839 chi#10=a:('-1', '0', '0', '0'),b:('0', '0', '-1', '0'),c:('0', '0', '-1', '0') h1=1 m=2 psi=a:('1', '0', '0', '0'),b:('-1', '0', '1', '0'),c:('-1', '0', '1', '0'): I(V) = 0   I(V^ss) = 0
==> t12839 chi#10=a:('-1', '0', '0', '0'),b:('0', '0', '-1', '0'),c:('0', '0', '-1', '0') h1=1 m=2 psi=a:('1', '0', '0', '0'),b:('-1', '0', '1', '0'),c:('0', '0', '-1', '0'): I(V) = 0   I(V^ss) = 0
==> t12839 chi#10=a:('-1', '0', '0', '0'),b:('0', '0', '-1', '0'),c:('0', '0', '-1', '0') h1=1 m=2 psi=a:('1', '0', '0', '0'),b:('0', '0', '-1', '0'),c:('1', '0', '0', '0'): I(V) = 0   I(V^ss) = 0
==> t12839 chi#10=a:('-1', '0', '0', '0'),b:('0', '0', '-1', '0'),c:('0', '0', '-1', '0') h1=1 m=2 psi=a:('1', '0', '0', '0'),b:('0', '0', '-1', '0'),c:('-1', '0', '1', '0'): I(V) = 0   I(V^ss) = 0
==> t12839 chi#10=a:('-1', '0', '0', '0'),b:('0', '0', '-1', '0'),c:('0', '0', '-1', '0') h1=1 m=2 psi=a:('1', '0', '0', '0'),b:('0', '0', '-1', '0'),c:('0', '0', '-1', '0'): I(V) = 0   I(V^ss) = 0
==> t12839 chi#10=a:('-1', '0', '0', '0'),b:('0', '0', '-1', '0'),c:('0', '0', '-1', '0') h1=1 m=2 psi=a:('0', '0', '1', '0'),b:('1', '0', '0', '0'),c:('1', '0', '0', '0'): I(V) = 0   I(V^ss) = 0
==> t12839 chi#10=a:('-1', '0', '0', '0'),b:('0', '0', '-1', '0'),c:('0', '0', '-1', '0') h1=1 m=2 psi=a:('0', '0', '1', '0'),b:('1', '0', '0', '0'),c:('-1', '0', '1', '0'): I(V) = 0   I(V^ss) = 0
==> t12839 chi#10=a:('-1', '0', '0', '0'),b:('0', '0', '-1', '0'),c:('0', '0', '-1', '0') h1=1 m=2 psi=a:('0', '0', '1', '0'),b:('1', '0', '0', '0'),c:('0', '0', '-1', '0'): I(V) = 0   I(V^ss) = 0
==> t12839 chi#10=a:('-1', '0', '0', '0'),b:('0', '0', '-1', '0'),c:('0', '0', '-1', '0') h1=1 m=2 psi=a:('0', '0', '1', '0'),b:('-1', '0', '1', '0'),c:('1', '0', '0', '0'): I(V) = 0   I(V^ss) = 0
==> t12839 chi#10=a:('-1', '0', '0', '0'),b:('0', '0', '-1', '0'),c:('0', '0', '-1', '0') h1=1 m=2 psi=a:('0', '0', '1', '0'),b:('-1', '0', '1', '0'),c:('-1', '0', '1', '0'): I(V) = 0   I(V^ss) = 0
==> t12839 chi#10=a:('-1', '0', '0', '0'),b:('0', '0', '-1', '0'),c:('0', '0', '-1', '0') h1=1 m=2 psi=a:('0', '0', '1', '0'),b:('-1', '0', '1', '0'),c:('0', '0', '-1', '0'): I(V) = 0   I(V^ss) = 0
==> t12839 chi#10=a:('-1', '0', '0', '0'),b:('0', '0', '-1', '0'),c:('0', '0', '-1', '0') h1=1 m=2 psi=a:('0', '0', '1', '0'),b:('0', '0', '-1', '0'),c:('1', '0', '0', '0'): I(V) = 0   I(V^ss) = 0
==> t12839 chi#10=a:('-1', '0', '0', '0'),b:('0', '0', '-1', '0'),c:('0', '0', '-1', '0') h1=1 m=2 psi=a:('0', '0', '1', '0'),b:('0', '0', '-1', '0'),c:('-1', '0', '1', '0'): I(V) = 0   I(V^ss) = 0
==> t12839 chi#10=a:('-1', '0', '0', '0'),b:('0', '0', '-1', '0'),c:('0', '0', '-1', '0') h1=1 m=2 psi=a:('0', '0', '1', '0'),b:('0', '0', '-1', '0'),c:('0', '0', '-1', '0'): I(V) = 0   I(V^ss) = 0
==> t12839 chi#10=a:('-1', '0', '0', '0'),b:('0', '0', '-1', '0'),c:('0', '0', '-1', '0') h1=1 m=2 psi=a:('-1', '0', '1', '0'),b:('1', '0', '0', '0'),c:('1', '0', '0', '0'): I(V) = 0   I(V^ss) = 0
==> t12839 chi#10=a:('-1', '0', '0', '0'),b:('0', '0', '-1', '0'),c:('0', '0', '-1', '0') h1=1 m=2 psi=a:('-1', '0', '1', '0'),b:('1', '0', '0', '0'),c:('-1', '0', '1', '0'): I(V) = 0   I(V^ss) = 0
==> t12839 chi#10=a:('-1', '0', '0', '0'),b:('0', '0', '-1', '0'),c:('0', '0', '-1', '0') h1=1 m=2 psi=a:('-1', '0', '1', '0'),b:('1', '0', '0', '0'),c:('0', '0', '-1', '0'): I(V) = 0   I(V^ss) = 0
==> t12839 chi#10=a:('-1', '0', '0', '0'),b:('0', '0', '-1', '0'),c:('0', '0', '-1', '0') h1=1 m=2 psi=a:('-1', '0', '1', '0'),b:('-1', '0', '1', '0'),c:('1', '0', '0', '0'): I(V) = 0   I(V^ss) = 0
==> t12839 chi#10=a:('-1', '0', '0', '0'),b:('0', '0', '-1', '0'),c:('0', '0', '-1', '0') h1=1 m=2 psi=a:('-1', '0', '1', '0'),b:('-1', '0', '1', '0'),c:('-1', '0', '1', '0'): I(V) = 0   I(V^ss) = 0
==> t12839 chi#10=a:('-1', '0', '0', '0'),b:('0', '0', '-1', '0'),c:('0', '0', '-1', '0') h1=1 m=2 psi=a:('-1', '0', '1', '0'),b:('-1', '0', '1', '0'),c:('0', '0', '-1', '0'): I(V) = -1   I(V^ss) = 0
==> t12839 chi#10=a:('-1', '0', '0', '0'),b:('0', '0', '-1', '0'),c:('0', '0', '-1', '0') h1=1 m=2 psi=a:('-1', '0', '1', '0'),b:('0', '0', '-1', '0'),c:('1', '0', '0', '0'): I(V) = 1   I(V^ss) = 0
==> t12839 chi#10=a:('-1', '0', '0', '0'),b:('0', '0', '-1', '0'),c:('0', '0', '-1', '0') h1=1 m=2 psi=a:('-1', '0', '1', '0'),b:('0', '0', '-1', '0'),c:('-1', '0', '1', '0'): I(V) = 0   I(V^ss) = 0
==> t12839 chi#10=a:('-1', '0', '0', '0'),b:('0', '0', '-1', '0'),c:('0', '0', '-1', '0') h1=1 m=2 psi=a:('-1', '0', '1', '0'),b:('0', '0', '-1', '0'),c:('0', '0', '-1', '0'): I(V) = 0   I(V^ss) = 0
==> t12839 chi#10=a:('-1', '0', '0', '0'),b:('0', '0', '-1', '0'),c:('0', '0', '-1', '0') h1=1 m=2 psi=a:('-1', '0', '0', '0'),b:('1', '0', '0', '0'),c:('1', '0', '0', '0'): I(V) = 0   I(V^ss) = 0
==> t12839 chi#10=a:('-1', '0', '0', '0'),b:('0', '0', '-1', '0'),c:('0', '0', '-1', '0') h1=1 m=2 psi=a:('-1', '0', '0', '0'),b:('1', '0', '0', '0'),c:('-1', '0', '1', '0'): I(V) = 0   I(V^ss) = 0
==> t12839 chi#10=a:('-1', '0', '0', '0'),b:('0', '0', '-1', '0'),c:('0', '0', '-1', '0') h1=1 m=2 psi=a:('-1', '0', '0', '0'),b:('1', '0', '0', '0'),c:('0', '0', '-1', '0'): I(V) = 0   I(V^ss) = 0
==> t12839 chi#10=a:('-1', '0', '0', '0'),b:('0', '0', '-1', '0'),c:('0', '0', '-1', '0') h1=1 m=2 psi=a:('-1', '0', '0', '0'),b:('-1', '0', '1', '0'),c:('1', '0', '0', '0'): I(V) = 0   I(V^ss) = 0
==> t12839 chi#10=a:('-1', '0', '0', '0'),b:('0', '0', '-1', '0'),c:('0', '0', '-1', '0') h1=1 m=2 psi=a:('-1', '0', '0', '0'),b:('-1', '0', '1', '0'),c:('-1', '0', '1', '0'): I(V) = 0   I(V^ss) = 0
==> t12839 chi#10=a:('-1', '0', '0', '0'),b:('0', '0', '-1', '0'),c:('0', '0', '-1', '0') h1=1 m=2 psi=a:('-1', '0', '0', '0'),b:('-1', '0', '1', '0'),c:('0', '0', '-1', '0'): I(V) = 0   I(V^ss) = 0
==> t12839 chi#10=a:('-1', '0', '0', '0'),b:('0', '0', '-1', '0'),c:('0', '0', '-1', '0') h1=1 m=2 psi=a:('-1', '0', '0', '0'),b:('0', '0', '-1', '0'),c:('1', '0', '0', '0'): I(V) = 0   I(V^ss) = 0
==> t12839 chi#10=a:('-1', '0', '0', '0'),b:('0', '0', '-1', '0'),c:('0', '0', '-1', '0') h1=1 m=2 psi=a:('-1', '0', '0', '0'),b:('0', '0', '-1', '0'),c:('-1', '0', '1', '0'): I(V) = 0   I(V^ss) = 0
==> t12839 chi#10=a:('-1', '0', '0', '0'),b:('0', '0', '-1', '0'),c:('0', '0', '-1', '0') h1=1 m=2 psi=a:('-1', '0', '0', '0'),b:('0', '0', '-1', '0'),c:('0', '0', '-1', '0'): I(V) = 0   I(V^ss) = 0
==> t12839 chi#10=a:('-1', '0', '0', '0'),b:('0', '0', '-1', '0'),c:('0', '0', '-1', '0') h1=1 m=2 psi=a:('0', '0', '-1', '0'),b:('1', '0', '0', '0'),c:('1', '0', '0', '0'): I(V) = 0   I(V^ss) = 0
==> t12839 chi#10=a:('-1', '0', '0', '0'),b:('0', '0', '-1', '0'),c:('0', '0', '-1', '0') h1=1 m=2 psi=a:('0', '0', '-1', '0'),b:('1', '0', '0', '0'),c:('-1', '0', '1', '0'): I(V) = 0   I(V^ss) = 0
==> t12839 chi#10=a:('-1', '0', '0', '0'),b:('0', '0', '-1', '0'),c:('0', '0', '-1', '0') h1=1 m=2 psi=a:('0', '0', '-1', '0'),b:('1', '0', '0', '0'),c:('0', '0', '-1', '0'): I(V) = 0   I(V^ss) = 0
==> t12839 chi#10=a:('-1', '0', '0', '0'),b:('0', '0', '-1', '0'),c:('0', '0', '-1', '0') h1=1 m=2 psi=a:('0', '0', '-1', '0'),b:('-1', '0', '1', '0'),c:('1', '0', '0', '0'): I(V) = -1   I(V^ss) = 0
==> t12839 chi#10=a:('-1', '0', '0', '0'),b:('0', '0', '-1', '0'),c:('0', '0', '-1', '0') h1=1 m=2 psi=a:('0', '0', '-1', '0'),b:('-1', '0', '1', '0'),c:('-1', '0', '1', '0'): I(V) = 0   I(V^ss) = 0
==> t12839 chi#10=a:('-1', '0', '0', '0'),b:('0', '0', '-1', '0'),c:('0', '0', '-1', '0') h1=1 m=2 psi=a:('0', '0', '-1', '0'),b:('-1', '0', '1', '0'),c:('0', '0', '-1', '0'): I(V) = 0   I(V^ss) = 0
==> t12839 chi#10=a:('-1', '0', '0', '0'),b:('0', '0', '-1', '0'),c:('0', '0', '-1', '0') h1=1 m=2 psi=a:('0', '0', '-1', '0'),b:('0', '0', '-1', '0'),c:('1', '0', '0', '0'): I(V) = 0   I(V^ss) = 0
==> t12839 chi#10=a:('-1', '0', '0', '0'),b:('0', '0', '-1', '0'),c:('0', '0', '-1', '0') h1=1 m=2 psi=a:('0', '0', '-1', '0'),b:('0', '0', '-1', '0'),c:('-1', '0', '1', '0'): I(V) = 1   I(V^ss) = 0
==> t12839 chi#10=a:('-1', '0', '0', '0'),b:('0', '0', '-1', '0'),c:('0', '0', '-1', '0') h1=1 m=2 psi=a:('0', '0', '-1', '0'),b:('0', '0', '-1', '0'),c:('0', '0', '-1', '0'): I(V) = 0   I(V^ss) = 0
==> t12839 chi#10=a:('-1', '0', '0', '0'),b:('0', '0', '-1', '0'),c:('0', '0', '-1', '0') h1=1 m=2 psi=a:('1', '0', '-1', '0'),b:('1', '0', '0', '0'),c:('1', '0', '0', '0'): I(V) = 0   I(V^ss) = 0
==> t12839 chi#10=a:('-1', '0', '0', '0'),b:('0', '0', '-1', '0'),c:('0', '0', '-1', '0') h1=1 m=2 psi=a:('1', '0', '-1', '0'),b:('1', '0', '0', '0'),c:('-1', '0', '1', '0'): I(V) = 0   I(V^ss) = 0
==> t12839 chi#10=a:('-1', '0', '0', '0'),b:('0', '0', '-1', '0'),c:('0', '0', '-1', '0') h1=1 m=2 psi=a:('1', '0', '-1', '0'),b:('1', '0', '0', '0'),c:('0', '0', '-1', '0'): I(V) = 0   I(V^ss) = 0
==> t12839 chi#10=a:('-1', '0', '0', '0'),b:('0', '0', '-1', '0'),c:('0', '0', '-1', '0') h1=1 m=2 psi=a:('1', '0', '-1', '0'),b:('-1', '0', '1', '0'),c:('1', '0', '0', '0'): I(V) = 0   I(V^ss) = 0
==> t12839 chi#10=a:('-1', '0', '0', '0'),b:('0', '0', '-1', '0'),c:('0', '0', '-1', '0') h1=1 m=2 psi=a:('1', '0', '-1', '0'),b:('-1', '0', '1', '0'),c:('-1', '0', '1', '0'): I(V) = 0   I(V^ss) = 0
==> t12839 chi#10=a:('-1', '0', '0', '0'),b:('0', '0', '-1', '0'),c:('0', '0', '-1', '0') h1=1 m=2 psi=a:('1', '0', '-1', '0'),b:('-1', '0', '1', '0'),c:('0', '0', '-1', '0'): I(V) = 0   I(V^ss) = 0
==> t12839 chi#10=a:('-1', '0', '0', '0'),b:('0', '0', '-1', '0'),c:('0', '0', '-1', '0') h1=1 m=2 psi=a:('1', '0', '-1', '0'),b:('0', '0', '-1', '0'),c:('1', '0', '0', '0'): I(V) = 0   I(V^ss) = 0
==> t12839 chi#10=a:('-1', '0', '0', '0'),b:('0', '0', '-1', '0'),c:('0', '0', '-1', '0') h1=1 m=2 psi=a:('1', '0', '-1', '0'),b:('0', '0', '-1', '0'),c:('-1', '0', '1', '0'): I(V) = 0   I(V^ss) = 0
==> t12839 chi#10=a:('-1', '0', '0', '0'),b:('0', '0', '-1', '0'),c:('0', '0', '-1', '0') h1=1 m=2 psi=a:('1', '0', '-1', '0'),b:('0', '0', '-1', '0'),c:('0', '0', '-1', '0'): I(V) = 0   I(V^ss) = 0
==> t12839 chi#10=a:('-1', '0', '0', '0'),b:('0', '0', '-1', '0'),c:('0', '0', '-1', '0') h1=1 m=2 psi=chi^1: I(V) = 0   I(V^ss) = 0
==> t12839 chi#10=a:('-1', '0', '0', '0'),b:('0', '0', '-1', '0'),c:('0', '0', '-1', '0') h1=1 m=2 psi=chi^2: I(V) = 0   I(V^ss) = 0
==> t12839 chi#10=a:('-1', '0', '0', '0'),b:('0', '0', '-1', '0'),c:('0', '0', '-1', '0') h1=1 m=2 psi=chi^3: I(V) = 0   I(V^ss) = 0
==> t12839 chi#10=a:('-1', '0', '0', '0'),b:('0', '0', '-1', '0'),c:('0', '0', '-1', '0') h1=1 m=3 psi=a:('1', '0', '0', '0'),b:('1', '0', '0', '0'),c:('1', '0', '0', '0'): I(V) = 0   I(V^ss) = 0
==> t12839 chi#10=a:('-1', '0', '0', '0'),b:('0', '0', '-1', '0'),c:('0', '0', '-1', '0') h1=1 m=3 psi=a:('1', '0', '0', '0'),b:('1', '0', '0', '0'),c:('-1', '0', '1', '0'): I(V) = 0   I(V^ss) = 0
==> t12839 chi#10=a:('-1', '0', '0', '0'),b:('0', '0', '-1', '0'),c:('0', '0', '-1', '0') h1=1 m=3 psi=a:('1', '0', '0', '0'),b:('1', '0', '0', '0'),c:('0', '0', '-1', '0'): I(V) = 0   I(V^ss) = 0
==> t12839 chi#10=a:('-1', '0', '0', '0'),b:('0', '0', '-1', '0'),c:('0', '0', '-1', '0') h1=1 m=3 psi=a:('1', '0', '0', '0'),b:('-1', '0', '1', '0'),c:('1', '0', '0', '0'): I(V) = 0   I(V^ss) = 0
==> t12839 chi#10=a:('-1', '0', '0', '0'),b:('0', '0', '-1', '0'),c:('0', '0', '-1', '0') h1=1 m=3 psi=a:('1', '0', '0', '0'),b:('-1', '0', '1', '0'),c:('-1', '0', '1', '0'): I(V) = 0   I(V^ss) = 0
==> t12839 chi#10=a:('-1', '0', '0', '0'),b:('0', '0', '-1', '0'),c:('0', '0', '-1', '0') h1=1 m=3 psi=a:('1', '0', '0', '0'),b:('-1', '0', '1', '0'),c:('0', '0', '-1', '0'): I(V) = 0   I(V^ss) = 0
==> t12839 chi#10=a:('-1', '0', '0', '0'),b:('0', '0', '-1', '0'),c:('0', '0', '-1', '0') h1=1 m=3 psi=a:('1', '0', '0', '0'),b:('0', '0', '-1', '0'),c:('1', '0', '0', '0'): I(V) = 0   I(V^ss) = 0
==> t12839 chi#10=a:('-1', '0', '0', '0'),b:('0', '0', '-1', '0'),c:('0', '0', '-1', '0') h1=1 m=3 psi=a:('1', '0', '0', '0'),b:('0', '0', '-1', '0'),c:('-1', '0', '1', '0'): I(V) = 0   I(V^ss) = 0
==> t12839 chi#10=a:('-1', '0', '0', '0'),b:('0', '0', '-1', '0'),c:('0', '0', '-1', '0') h1=1 m=3 psi=a:('1', '0', '0', '0'),b:('0', '0', '-1', '0'),c:('0', '0', '-1', '0'): I(V) = 0   I(V^ss) = 0
==> t12839 chi#10=a:('-1', '0', '0', '0'),b:('0', '0', '-1', '0'),c:('0', '0', '-1', '0') h1=1 m=3 psi=a:('0', '0', '1', '0'),b:('1', '0', '0', '0'),c:('1', '0', '0', '0'): I(V) = 0   I(V^ss) = 0
==> t12839 chi#10=a:('-1', '0', '0', '0'),b:('0', '0', '-1', '0'),c:('0', '0', '-1', '0') h1=1 m=3 psi=a:('0', '0', '1', '0'),b:('1', '0', '0', '0'),c:('-1', '0', '1', '0'): I(V) = 0   I(V^ss) = 0
==> t12839 chi#10=a:('-1', '0', '0', '0'),b:('0', '0', '-1', '0'),c:('0', '0', '-1', '0') h1=1 m=3 psi=a:('0', '0', '1', '0'),b:('1', '0', '0', '0'),c:('0', '0', '-1', '0'): I(V) = 0   I(V^ss) = 0
==> t12839 chi#10=a:('-1', '0', '0', '0'),b:('0', '0', '-1', '0'),c:('0', '0', '-1', '0') h1=1 m=3 psi=a:('0', '0', '1', '0'),b:('-1', '0', '1', '0'),c:('1', '0', '0', '0'): I(V) = 0   I(V^ss) = 0
==> t12839 chi#10=a:('-1', '0', '0', '0'),b:('0', '0', '-1', '0'),c:('0', '0', '-1', '0') h1=1 m=3 psi=a:('0', '0', '1', '0'),b:('-1', '0', '1', '0'),c:('-1', '0', '1', '0'): I(V) = 0   I(V^ss) = 0
==> t12839 chi#10=a:('-1', '0', '0', '0'),b:('0', '0', '-1', '0'),c:('0', '0', '-1', '0') h1=1 m=3 psi=a:('0', '0', '1', '0'),b:('-1', '0', '1', '0'),c:('0', '0', '-1', '0'): I(V) = 0   I(V^ss) = 0
==> t12839 chi#10=a:('-1', '0', '0', '0'),b:('0', '0', '-1', '0'),c:('0', '0', '-1', '0') h1=1 m=3 psi=a:('0', '0', '1', '0'),b:('0', '0', '-1', '0'),c:('1', '0', '0', '0'): I(V) = 0   I(V^ss) = 0
==> t12839 chi#10=a:('-1', '0', '0', '0'),b:('0', '0', '-1', '0'),c:('0', '0', '-1', '0') h1=1 m=3 psi=a:('0', '0', '1', '0'),b:('0', '0', '-1', '0'),c:('-1', '0', '1', '0'): I(V) = 0   I(V^ss) = 0
==> t12839 chi#10=a:('-1', '0', '0', '0'),b:('0', '0', '-1', '0'),c:('0', '0', '-1', '0') h1=1 m=3 psi=a:('0', '0', '1', '0'),b:('0', '0', '-1', '0'),c:('0', '0', '-1', '0'): I(V) = 0   I(V^ss) = 0
==> t12839 chi#10=a:('-1', '0', '0', '0'),b:('0', '0', '-1', '0'),c:('0', '0', '-1', '0') h1=1 m=3 psi=a:('-1', '0', '1', '0'),b:('1', '0', '0', '0'),c:('1', '0', '0', '0'): I(V) = 0   I(V^ss) = 0
==> t12839 chi#10=a:('-1', '0', '0', '0'),b:('0', '0', '-1', '0'),c:('0', '0', '-1', '0') h1=1 m=3 psi=a:('-1', '0', '1', '0'),b:('1', '0', '0', '0'),c:('-1', '0', '1', '0'): I(V) = 0   I(V^ss) = 0
==> t12839 chi#10=a:('-1', '0', '0', '0'),b:('0', '0', '-1', '0'),c:('0', '0', '-1', '0') h1=1 m=3 psi=a:('-1', '0', '1', '0'),b:('1', '0', '0', '0'),c:('0', '0', '-1', '0'): I(V) = 0   I(V^ss) = 0
==> t12839 chi#10=a:('-1', '0', '0', '0'),b:('0', '0', '-1', '0'),c:('0', '0', '-1', '0') h1=1 m=3 psi=a:('-1', '0', '1', '0'),b:('-1', '0', '1', '0'),c:('1', '0', '0', '0'): I(V) = 0   I(V^ss) = 0
==> t12839 chi#10=a:('-1', '0', '0', '0'),b:('0', '0', '-1', '0'),c:('0', '0', '-1', '0') h1=1 m=3 psi=a:('-1', '0', '1', '0'),b:('-1', '0', '1', '0'),c:('-1', '0', '1', '0'): I(V) = 0   I(V^ss) = 0
==> t12839 chi#10=a:('-1', '0', '0', '0'),b:('0', '0', '-1', '0'),c:('0', '0', '-1', '0') h1=1 m=3 psi=a:('-1', '0', '1', '0'),b:('-1', '0', '1', '0'),c:('0', '0', '-1', '0'): I(V) = 0   I(V^ss) = 0
==> t12839 chi#10=a:('-1', '0', '0', '0'),b:('0', '0', '-1', '0'),c:('0', '0', '-1', '0') h1=1 m=3 psi=a:('-1', '0', '1', '0'),b:('0', '0', '-1', '0'),c:('1', '0', '0', '0'): I(V) = 0   I(V^ss) = 0
==> t12839 chi#10=a:('-1', '0', '0', '0'),b:('0', '0', '-1', '0'),c:('0', '0', '-1', '0') h1=1 m=3 psi=a:('-1', '0', '1', '0'),b:('0', '0', '-1', '0'),c:('-1', '0', '1', '0'): I(V) = 0   I(V^ss) = 0
==> t12839 chi#10=a:('-1', '0', '0', '0'),b:('0', '0', '-1', '0'),c:('0', '0', '-1', '0') h1=1 m=3 psi=a:('-1', '0', '1', '0'),b:('0', '0', '-1', '0'),c:('0', '0', '-1', '0'): I(V) = 0   I(V^ss) = 0
==> t12839 chi#10=a:('-1', '0', '0', '0'),b:('0', '0', '-1', '0'),c:('0', '0', '-1', '0') h1=1 m=3 psi=a:('-1', '0', '0', '0'),b:('1', '0', '0', '0'),c:('1', '0', '0', '0'): I(V) = 0   I(V^ss) = 0
==> t12839 chi#10=a:('-1', '0', '0', '0'),b:('0', '0', '-1', '0'),c:('0', '0', '-1', '0') h1=1 m=3 psi=a:('-1', '0', '0', '0'),b:('1', '0', '0', '0'),c:('-1', '0', '1', '0'): I(V) = 0   I(V^ss) = 0
==> t12839 chi#10=a:('-1', '0', '0', '0'),b:('0', '0', '-1', '0'),c:('0', '0', '-1', '0') h1=1 m=3 psi=a:('-1', '0', '0', '0'),b:('1', '0', '0', '0'),c:('0', '0', '-1', '0'): I(V) = 0   I(V^ss) = 0
==> t12839 chi#10=a:('-1', '0', '0', '0'),b:('0', '0', '-1', '0'),c:('0', '0', '-1', '0') h1=1 m=3 psi=a:('-1', '0', '0', '0'),b:('-1', '0', '1', '0'),c:('1', '0', '0', '0'): I(V) = 0   I(V^ss) = 0
==> t12839 chi#10=a:('-1', '0', '0', '0'),b:('0', '0', '-1', '0'),c:('0', '0', '-1', '0') h1=1 m=3 psi=a:('-1', '0', '0', '0'),b:('-1', '0', '1', '0'),c:('-1', '0', '1', '0'): I(V) = 0   I(V^ss) = 0
==> t12839 chi#10=a:('-1', '0', '0', '0'),b:('0', '0', '-1', '0'),c:('0', '0', '-1', '0') h1=1 m=3 psi=a:('-1', '0', '0', '0'),b:('-1', '0', '1', '0'),c:('0', '0', '-1', '0'): I(V) = 0   I(V^ss) = 0
==> t12839 chi#10=a:('-1', '0', '0', '0'),b:('0', '0', '-1', '0'),c:('0', '0', '-1', '0') h1=1 m=3 psi=a:('-1', '0', '0', '0'),b:('0', '0', '-1', '0'),c:('1', '0', '0', '0'): I(V) = 0   I(V^ss) = 0
==> t12839 chi#10=a:('-1', '0', '0', '0'),b:('0', '0', '-1', '0'),c:('0', '0', '-1', '0') h1=1 m=3 psi=a:('-1', '0', '0', '0'),b:('0', '0', '-1', '0'),c:('-1', '0', '1', '0'): I(V) = 0   I(V^ss) = 0
==> t12839 chi#10=a:('-1', '0', '0', '0'),b:('0', '0', '-1', '0'),c:('0', '0', '-1', '0') h1=1 m=3 psi=a:('-1', '0', '0', '0'),b:('0', '0', '-1', '0'),c:('0', '0', '-1', '0'): I(V) = 0   I(V^ss) = 0
==> t12839 chi#10=a:('-1', '0', '0', '0'),b:('0', '0', '-1', '0'),c:('0', '0', '-1', '0') h1=1 m=3 psi=a:('0', '0', '-1', '0'),b:('1', '0', '0', '0'),c:('1', '0', '0', '0'): I(V) = 0   I(V^ss) = 0
==> t12839 chi#10=a:('-1', '0', '0', '0'),b:('0', '0', '-1', '0'),c:('0', '0', '-1', '0') h1=1 m=3 psi=a:('0', '0', '-1', '0'),b:('1', '0', '0', '0'),c:('-1', '0', '1', '0'): I(V) = 0   I(V^ss) = 0
==> t12839 chi#10=a:('-1', '0', '0', '0'),b:('0', '0', '-1', '0'),c:('0', '0', '-1', '0') h1=1 m=3 psi=a:('0', '0', '-1', '0'),b:('1', '0', '0', '0'),c:('0', '0', '-1', '0'): I(V) = 0   I(V^ss) = 0
==> t12839 chi#10=a:('-1', '0', '0', '0'),b:('0', '0', '-1', '0'),c:('0', '0', '-1', '0') h1=1 m=3 psi=a:('0', '0', '-1', '0'),b:('-1', '0', '1', '0'),c:('1', '0', '0', '0'): I(V) = 0   I(V^ss) = 0
==> t12839 chi#10=a:('-1', '0', '0', '0'),b:('0', '0', '-1', '0'),c:('0', '0', '-1', '0') h1=1 m=3 psi=a:('0', '0', '-1', '0'),b:('-1', '0', '1', '0'),c:('-1', '0', '1', '0'): I(V) = 0   I(V^ss) = 0
==> t12839 chi#10=a:('-1', '0', '0', '0'),b:('0', '0', '-1', '0'),c:('0', '0', '-1', '0') h1=1 m=3 psi=a:('0', '0', '-1', '0'),b:('-1', '0', '1', '0'),c:('0', '0', '-1', '0'): I(V) = 0   I(V^ss) = 0
==> t12839 chi#10=a:('-1', '0', '0', '0'),b:('0', '0', '-1', '0'),c:('0', '0', '-1', '0') h1=1 m=3 psi=a:('0', '0', '-1', '0'),b:('0', '0', '-1', '0'),c:('1', '0', '0', '0'): I(V) = 0   I(V^ss) = 0
==> t12839 chi#10=a:('-1', '0', '0', '0'),b:('0', '0', '-1', '0'),c:('0', '0', '-1', '0') h1=1 m=3 psi=a:('0', '0', '-1', '0'),b:('0', '0', '-1', '0'),c:('-1', '0', '1', '0'): I(V) = 0   I(V^ss) = 0
==> t12839 chi#10=a:('-1', '0', '0', '0'),b:('0', '0', '-1', '0'),c:('0', '0', '-1', '0') h1=1 m=3 psi=a:('0', '0', '-1', '0'),b:('0', '0', '-1', '0'),c:('0', '0', '-1', '0'): I(V) = 0   I(V^ss) = 0
==> t12839 chi#10=a:('-1', '0', '0', '0'),b:('0', '0', '-1', '0'),c:('0', '0', '-1', '0') h1=1 m=3 psi=a:('1', '0', '-1', '0'),b:('1', '0', '0', '0'),c:('1', '0', '0', '0'): I(V) = 0   I(V^ss) = 0
==> t12839 chi#10=a:('-1', '0', '0', '0'),b:('0', '0', '-1', '0'),c:('0', '0', '-1', '0') h1=1 m=3 psi=a:('1', '0', '-1', '0'),b:('1', '0', '0', '0'),c:('-1', '0', '1', '0'): I(V) = 0   I(V^ss) = 0
==> t12839 chi#10=a:('-1', '0', '0', '0'),b:('0', '0', '-1', '0'),c:('0', '0', '-1', '0') h1=1 m=3 psi=a:('1', '0', '-1', '0'),b:('1', '0', '0', '0'),c:('0', '0', '-1', '0'): I(V) = 0   I(V^ss) = 0
==> t12839 chi#10=a:('-1', '0', '0', '0'),b:('0', '0', '-1', '0'),c:('0', '0', '-1', '0') h1=1 m=3 psi=a:('1', '0', '-1', '0'),b:('-1', '0', '1', '0'),c:('1', '0', '0', '0'): I(V) = 0   I(V^ss) = 0
==> t12839 chi#10=a:('-1', '0', '0', '0'),b:('0', '0', '-1', '0'),c:('0', '0', '-1', '0') h1=1 m=3 psi=a:('1', '0', '-1', '0'),b:('-1', '0', '1', '0'),c:('-1', '0', '1', '0'): I(V) = 0   I(V^ss) = 0
==> t12839 chi#10=a:('-1', '0', '0', '0'),b:('0', '0', '-1', '0'),c:('0', '0', '-1', '0') h1=1 m=3 psi=a:('1', '0', '-1', '0'),b:('-1', '0', '1', '0'),c:('0', '0', '-1', '0'): I(V) = 0   I(V^ss) = 0
==> t12839 chi#10=a:('-1', '0', '0', '0'),b:('0', '0', '-1', '0'),c:('0', '0', '-1', '0') h1=1 m=3 psi=a:('1', '0', '-1', '0'),b:('0', '0', '-1', '0'),c:('1', '0', '0', '0'): I(V) = 0   I(V^ss) = 0
==> t12839 chi#10=a:('-1', '0', '0', '0'),b:('0', '0', '-1', '0'),c:('0', '0', '-1', '0') h1=1 m=3 psi=a:('1', '0', '-1', '0'),b:('0', '0', '-1', '0'),c:('-1', '0', '1', '0'): I(V) = 0   I(V^ss) = 0
==> t12839 chi#10=a:('-1', '0', '0', '0'),b:('0', '0', '-1', '0'),c:('0', '0', '-1', '0') h1=1 m=3 psi=a:('1', '0', '-1', '0'),b:('0', '0', '-1', '0'),c:('0', '0', '-1', '0'): I(V) = 0   I(V^ss) = 0
==> t12839 chi#10=a:('-1', '0', '0', '0'),b:('0', '0', '-1', '0'),c:('0', '0', '-1', '0') h1=1 m=3 psi=chi^1: I(V) = 0   I(V^ss) = 0
==> t12839 chi#10=a:('-1', '0', '0', '0'),b:('0', '0', '-1', '0'),c:('0', '0', '-1', '0') h1=1 m=3 psi=chi^2: I(V) = 0   I(V^ss) = 0
==> t12839 chi#10=a:('-1', '0', '0', '0'),b:('0', '0', '-1', '0'),c:('0', '0', '-1', '0') h1=1 m=3 psi=chi^3: I(V) = 0   I(V^ss) = 0
  locus chi#11=a:('0', '0', '-1', '0'),b:('1', '0', '0', '0'),c:('0', '0', '-1', '0') h1=1
==> t12839 chi#11=a:('0', '0', '-1', '0'),b:('1', '0', '0', '0'),c:('0', '0', '-1', '0') h1=1 m=1 psi=a:('1', '0', '0', '0'),b:('1', '0', '0', '0'),c:('1', '0', '0', '0'): I(V) = 0   I(V^ss) = 0
==> t12839 chi#11=a:('0', '0', '-1', '0'),b:('1', '0', '0', '0'),c:('0', '0', '-1', '0') h1=1 m=1 psi=a:('1', '0', '0', '0'),b:('1', '0', '0', '0'),c:('-1', '0', '1', '0'): I(V) = 0   I(V^ss) = 0
==> t12839 chi#11=a:('0', '0', '-1', '0'),b:('1', '0', '0', '0'),c:('0', '0', '-1', '0') h1=1 m=1 psi=a:('1', '0', '0', '0'),b:('1', '0', '0', '0'),c:('0', '0', '-1', '0'): I(V) = 0   I(V^ss) = 0
==> t12839 chi#11=a:('0', '0', '-1', '0'),b:('1', '0', '0', '0'),c:('0', '0', '-1', '0') h1=1 m=1 psi=a:('1', '0', '0', '0'),b:('-1', '0', '1', '0'),c:('1', '0', '0', '0'): I(V) = 0   I(V^ss) = 0
==> t12839 chi#11=a:('0', '0', '-1', '0'),b:('1', '0', '0', '0'),c:('0', '0', '-1', '0') h1=1 m=1 psi=a:('1', '0', '0', '0'),b:('-1', '0', '1', '0'),c:('-1', '0', '1', '0'): I(V) = 0   I(V^ss) = 0
==> t12839 chi#11=a:('0', '0', '-1', '0'),b:('1', '0', '0', '0'),c:('0', '0', '-1', '0') h1=1 m=1 psi=a:('1', '0', '0', '0'),b:('-1', '0', '1', '0'),c:('0', '0', '-1', '0'): I(V) = 0   I(V^ss) = 0
==> t12839 chi#11=a:('0', '0', '-1', '0'),b:('1', '0', '0', '0'),c:('0', '0', '-1', '0') h1=1 m=1 psi=a:('1', '0', '0', '0'),b:('0', '0', '-1', '0'),c:('1', '0', '0', '0'): I(V) = 0   I(V^ss) = 0
==> t12839 chi#11=a:('0', '0', '-1', '0'),b:('1', '0', '0', '0'),c:('0', '0', '-1', '0') h1=1 m=1 psi=a:('1', '0', '0', '0'),b:('0', '0', '-1', '0'),c:('-1', '0', '1', '0'): I(V) = 0   I(V^ss) = 0
==> t12839 chi#11=a:('0', '0', '-1', '0'),b:('1', '0', '0', '0'),c:('0', '0', '-1', '0') h1=1 m=1 psi=a:('1', '0', '0', '0'),b:('0', '0', '-1', '0'),c:('0', '0', '-1', '0'): I(V) = 0   I(V^ss) = 0
==> t12839 chi#11=a:('0', '0', '-1', '0'),b:('1', '0', '0', '0'),c:('0', '0', '-1', '0') h1=1 m=1 psi=a:('0', '0', '1', '0'),b:('1', '0', '0', '0'),c:('1', '0', '0', '0'): I(V) = 0   I(V^ss) = 0
==> t12839 chi#11=a:('0', '0', '-1', '0'),b:('1', '0', '0', '0'),c:('0', '0', '-1', '0') h1=1 m=1 psi=a:('0', '0', '1', '0'),b:('1', '0', '0', '0'),c:('-1', '0', '1', '0'): I(V) = 0   I(V^ss) = 0
==> t12839 chi#11=a:('0', '0', '-1', '0'),b:('1', '0', '0', '0'),c:('0', '0', '-1', '0') h1=1 m=1 psi=a:('0', '0', '1', '0'),b:('1', '0', '0', '0'),c:('0', '0', '-1', '0'): I(V) = 0   I(V^ss) = 0
==> t12839 chi#11=a:('0', '0', '-1', '0'),b:('1', '0', '0', '0'),c:('0', '0', '-1', '0') h1=1 m=1 psi=a:('0', '0', '1', '0'),b:('-1', '0', '1', '0'),c:('1', '0', '0', '0'): I(V) = 0   I(V^ss) = 0
==> t12839 chi#11=a:('0', '0', '-1', '0'),b:('1', '0', '0', '0'),c:('0', '0', '-1', '0') h1=1 m=1 psi=a:('0', '0', '1', '0'),b:('-1', '0', '1', '0'),c:('-1', '0', '1', '0'): I(V) = 0   I(V^ss) = 0
==> t12839 chi#11=a:('0', '0', '-1', '0'),b:('1', '0', '0', '0'),c:('0', '0', '-1', '0') h1=1 m=1 psi=a:('0', '0', '1', '0'),b:('-1', '0', '1', '0'),c:('0', '0', '-1', '0'): I(V) = 0   I(V^ss) = 0
==> t12839 chi#11=a:('0', '0', '-1', '0'),b:('1', '0', '0', '0'),c:('0', '0', '-1', '0') h1=1 m=1 psi=a:('0', '0', '1', '0'),b:('0', '0', '-1', '0'),c:('1', '0', '0', '0'): I(V) = 0   I(V^ss) = 0
==> t12839 chi#11=a:('0', '0', '-1', '0'),b:('1', '0', '0', '0'),c:('0', '0', '-1', '0') h1=1 m=1 psi=a:('0', '0', '1', '0'),b:('0', '0', '-1', '0'),c:('-1', '0', '1', '0'): I(V) = 0   I(V^ss) = 0
==> t12839 chi#11=a:('0', '0', '-1', '0'),b:('1', '0', '0', '0'),c:('0', '0', '-1', '0') h1=1 m=1 psi=a:('0', '0', '1', '0'),b:('0', '0', '-1', '0'),c:('0', '0', '-1', '0'): I(V) = 0   I(V^ss) = 0
==> t12839 chi#11=a:('0', '0', '-1', '0'),b:('1', '0', '0', '0'),c:('0', '0', '-1', '0') h1=1 m=1 psi=a:('-1', '0', '1', '0'),b:('1', '0', '0', '0'),c:('1', '0', '0', '0'): I(V) = 0   I(V^ss) = 0
==> t12839 chi#11=a:('0', '0', '-1', '0'),b:('1', '0', '0', '0'),c:('0', '0', '-1', '0') h1=1 m=1 psi=a:('-1', '0', '1', '0'),b:('1', '0', '0', '0'),c:('-1', '0', '1', '0'): I(V) = 0   I(V^ss) = 0
==> t12839 chi#11=a:('0', '0', '-1', '0'),b:('1', '0', '0', '0'),c:('0', '0', '-1', '0') h1=1 m=1 psi=a:('-1', '0', '1', '0'),b:('1', '0', '0', '0'),c:('0', '0', '-1', '0'): I(V) = 0   I(V^ss) = 0
==> t12839 chi#11=a:('0', '0', '-1', '0'),b:('1', '0', '0', '0'),c:('0', '0', '-1', '0') h1=1 m=1 psi=a:('-1', '0', '1', '0'),b:('-1', '0', '1', '0'),c:('1', '0', '0', '0'): I(V) = 0   I(V^ss) = 0
==> t12839 chi#11=a:('0', '0', '-1', '0'),b:('1', '0', '0', '0'),c:('0', '0', '-1', '0') h1=1 m=1 psi=a:('-1', '0', '1', '0'),b:('-1', '0', '1', '0'),c:('-1', '0', '1', '0'): I(V) = 0   I(V^ss) = 0
==> t12839 chi#11=a:('0', '0', '-1', '0'),b:('1', '0', '0', '0'),c:('0', '0', '-1', '0') h1=1 m=1 psi=a:('-1', '0', '1', '0'),b:('-1', '0', '1', '0'),c:('0', '0', '-1', '0'): I(V) = 1   I(V^ss) = 0
==> t12839 chi#11=a:('0', '0', '-1', '0'),b:('1', '0', '0', '0'),c:('0', '0', '-1', '0') h1=1 m=1 psi=a:('-1', '0', '1', '0'),b:('0', '0', '-1', '0'),c:('1', '0', '0', '0'): I(V) = 1   I(V^ss) = 0
==> t12839 chi#11=a:('0', '0', '-1', '0'),b:('1', '0', '0', '0'),c:('0', '0', '-1', '0') h1=1 m=1 psi=a:('-1', '0', '1', '0'),b:('0', '0', '-1', '0'),c:('-1', '0', '1', '0'): I(V) = 0   I(V^ss) = 0
==> t12839 chi#11=a:('0', '0', '-1', '0'),b:('1', '0', '0', '0'),c:('0', '0', '-1', '0') h1=1 m=1 psi=a:('-1', '0', '1', '0'),b:('0', '0', '-1', '0'),c:('0', '0', '-1', '0'): I(V) = 0   I(V^ss) = 0
==> t12839 chi#11=a:('0', '0', '-1', '0'),b:('1', '0', '0', '0'),c:('0', '0', '-1', '0') h1=1 m=1 psi=a:('-1', '0', '0', '0'),b:('1', '0', '0', '0'),c:('1', '0', '0', '0'): I(V) = 0   I(V^ss) = 0
==> t12839 chi#11=a:('0', '0', '-1', '0'),b:('1', '0', '0', '0'),c:('0', '0', '-1', '0') h1=1 m=1 psi=a:('-1', '0', '0', '0'),b:('1', '0', '0', '0'),c:('-1', '0', '1', '0'): I(V) = 0   I(V^ss) = 0
==> t12839 chi#11=a:('0', '0', '-1', '0'),b:('1', '0', '0', '0'),c:('0', '0', '-1', '0') h1=1 m=1 psi=a:('-1', '0', '0', '0'),b:('1', '0', '0', '0'),c:('0', '0', '-1', '0'): I(V) = 0   I(V^ss) = 0
==> t12839 chi#11=a:('0', '0', '-1', '0'),b:('1', '0', '0', '0'),c:('0', '0', '-1', '0') h1=1 m=1 psi=a:('-1', '0', '0', '0'),b:('-1', '0', '1', '0'),c:('1', '0', '0', '0'): I(V) = 0   I(V^ss) = 0
==> t12839 chi#11=a:('0', '0', '-1', '0'),b:('1', '0', '0', '0'),c:('0', '0', '-1', '0') h1=1 m=1 psi=a:('-1', '0', '0', '0'),b:('-1', '0', '1', '0'),c:('-1', '0', '1', '0'): I(V) = 0   I(V^ss) = 0
==> t12839 chi#11=a:('0', '0', '-1', '0'),b:('1', '0', '0', '0'),c:('0', '0', '-1', '0') h1=1 m=1 psi=a:('-1', '0', '0', '0'),b:('-1', '0', '1', '0'),c:('0', '0', '-1', '0'): I(V) = 0   I(V^ss) = 0
==> t12839 chi#11=a:('0', '0', '-1', '0'),b:('1', '0', '0', '0'),c:('0', '0', '-1', '0') h1=1 m=1 psi=a:('-1', '0', '0', '0'),b:('0', '0', '-1', '0'),c:('1', '0', '0', '0'): I(V) = 0   I(V^ss) = 0
==> t12839 chi#11=a:('0', '0', '-1', '0'),b:('1', '0', '0', '0'),c:('0', '0', '-1', '0') h1=1 m=1 psi=a:('-1', '0', '0', '0'),b:('0', '0', '-1', '0'),c:('-1', '0', '1', '0'): I(V) = 0   I(V^ss) = 0
==> t12839 chi#11=a:('0', '0', '-1', '0'),b:('1', '0', '0', '0'),c:('0', '0', '-1', '0') h1=1 m=1 psi=a:('-1', '0', '0', '0'),b:('0', '0', '-1', '0'),c:('0', '0', '-1', '0'): I(V) = 0   I(V^ss) = 0
==> t12839 chi#11=a:('0', '0', '-1', '0'),b:('1', '0', '0', '0'),c:('0', '0', '-1', '0') h1=1 m=1 psi=a:('0', '0', '-1', '0'),b:('1', '0', '0', '0'),c:('1', '0', '0', '0'): I(V) = 0   I(V^ss) = 0
==> t12839 chi#11=a:('0', '0', '-1', '0'),b:('1', '0', '0', '0'),c:('0', '0', '-1', '0') h1=1 m=1 psi=a:('0', '0', '-1', '0'),b:('1', '0', '0', '0'),c:('-1', '0', '1', '0'): I(V) = 0   I(V^ss) = 0
==> t12839 chi#11=a:('0', '0', '-1', '0'),b:('1', '0', '0', '0'),c:('0', '0', '-1', '0') h1=1 m=1 psi=a:('0', '0', '-1', '0'),b:('1', '0', '0', '0'),c:('0', '0', '-1', '0'): I(V) = 0   I(V^ss) = 0
==> t12839 chi#11=a:('0', '0', '-1', '0'),b:('1', '0', '0', '0'),c:('0', '0', '-1', '0') h1=1 m=1 psi=a:('0', '0', '-1', '0'),b:('-1', '0', '1', '0'),c:('1', '0', '0', '0'): I(V) = -1   I(V^ss) = 0
==> t12839 chi#11=a:('0', '0', '-1', '0'),b:('1', '0', '0', '0'),c:('0', '0', '-1', '0') h1=1 m=1 psi=a:('0', '0', '-1', '0'),b:('-1', '0', '1', '0'),c:('-1', '0', '1', '0'): I(V) = 0   I(V^ss) = 0
==> t12839 chi#11=a:('0', '0', '-1', '0'),b:('1', '0', '0', '0'),c:('0', '0', '-1', '0') h1=1 m=1 psi=a:('0', '0', '-1', '0'),b:('-1', '0', '1', '0'),c:('0', '0', '-1', '0'): I(V) = 0   I(V^ss) = 0
==> t12839 chi#11=a:('0', '0', '-1', '0'),b:('1', '0', '0', '0'),c:('0', '0', '-1', '0') h1=1 m=1 psi=a:('0', '0', '-1', '0'),b:('0', '0', '-1', '0'),c:('1', '0', '0', '0'): I(V) = 0   I(V^ss) = 0
==> t12839 chi#11=a:('0', '0', '-1', '0'),b:('1', '0', '0', '0'),c:('0', '0', '-1', '0') h1=1 m=1 psi=a:('0', '0', '-1', '0'),b:('0', '0', '-1', '0'),c:('-1', '0', '1', '0'): I(V) = -1   I(V^ss) = 0
==> t12839 chi#11=a:('0', '0', '-1', '0'),b:('1', '0', '0', '0'),c:('0', '0', '-1', '0') h1=1 m=1 psi=a:('0', '0', '-1', '0'),b:('0', '0', '-1', '0'),c:('0', '0', '-1', '0'): I(V) = 0   I(V^ss) = 0
==> t12839 chi#11=a:('0', '0', '-1', '0'),b:('1', '0', '0', '0'),c:('0', '0', '-1', '0') h1=1 m=1 psi=a:('1', '0', '-1', '0'),b:('1', '0', '0', '0'),c:('1', '0', '0', '0'): I(V) = 0   I(V^ss) = 0
==> t12839 chi#11=a:('0', '0', '-1', '0'),b:('1', '0', '0', '0'),c:('0', '0', '-1', '0') h1=1 m=1 psi=a:('1', '0', '-1', '0'),b:('1', '0', '0', '0'),c:('-1', '0', '1', '0'): I(V) = 0   I(V^ss) = 0
==> t12839 chi#11=a:('0', '0', '-1', '0'),b:('1', '0', '0', '0'),c:('0', '0', '-1', '0') h1=1 m=1 psi=a:('1', '0', '-1', '0'),b:('1', '0', '0', '0'),c:('0', '0', '-1', '0'): I(V) = 0   I(V^ss) = 0
==> t12839 chi#11=a:('0', '0', '-1', '0'),b:('1', '0', '0', '0'),c:('0', '0', '-1', '0') h1=1 m=1 psi=a:('1', '0', '-1', '0'),b:('-1', '0', '1', '0'),c:('1', '0', '0', '0'): I(V) = 0   I(V^ss) = 0
==> t12839 chi#11=a:('0', '0', '-1', '0'),b:('1', '0', '0', '0'),c:('0', '0', '-1', '0') h1=1 m=1 psi=a:('1', '0', '-1', '0'),b:('-1', '0', '1', '0'),c:('-1', '0', '1', '0'): I(V) = 0   I(V^ss) = 0
==> t12839 chi#11=a:('0', '0', '-1', '0'),b:('1', '0', '0', '0'),c:('0', '0', '-1', '0') h1=1 m=1 psi=a:('1', '0', '-1', '0'),b:('-1', '0', '1', '0'),c:('0', '0', '-1', '0'): I(V) = 0   I(V^ss) = 0
==> t12839 chi#11=a:('0', '0', '-1', '0'),b:('1', '0', '0', '0'),c:('0', '0', '-1', '0') h1=1 m=1 psi=a:('1', '0', '-1', '0'),b:('0', '0', '-1', '0'),c:('1', '0', '0', '0'): I(V) = 0   I(V^ss) = 0
==> t12839 chi#11=a:('0', '0', '-1', '0'),b:('1', '0', '0', '0'),c:('0', '0', '-1', '0') h1=1 m=1 psi=a:('1', '0', '-1', '0'),b:('0', '0', '-1', '0'),c:('-1', '0', '1', '0'): I(V) = 0   I(V^ss) = 0
==> t12839 chi#11=a:('0', '0', '-1', '0'),b:('1', '0', '0', '0'),c:('0', '0', '-1', '0') h1=1 m=1 psi=a:('1', '0', '-1', '0'),b:('0', '0', '-1', '0'),c:('0', '0', '-1', '0'): I(V) = 0   I(V^ss) = 0
==> t12839 chi#11=a:('0', '0', '-1', '0'),b:('1', '0', '0', '0'),c:('0', '0', '-1', '0') h1=1 m=1 psi=chi^1: I(V) = 0   I(V^ss) = 0
==> t12839 chi#11=a:('0', '0', '-1', '0'),b:('1', '0', '0', '0'),c:('0', '0', '-1', '0') h1=1 m=1 psi=chi^2: I(V) = 0   I(V^ss) = 0
==> t12839 chi#11=a:('0', '0', '-1', '0'),b:('1', '0', '0', '0'),c:('0', '0', '-1', '0') h1=1 m=1 psi=chi^3: I(V) = 0   I(V^ss) = 0
==> t12839 chi#11=a:('0', '0', '-1', '0'),b:('1', '0', '0', '0'),c:('0', '0', '-1', '0') h1=1 m=2 psi=a:('1', '0', '0', '0'),b:('1', '0', '0', '0'),c:('1', '0', '0', '0'): I(V) = 0   I(V^ss) = 0
==> t12839 chi#11=a:('0', '0', '-1', '0'),b:('1', '0', '0', '0'),c:('0', '0', '-1', '0') h1=1 m=2 psi=a:('1', '0', '0', '0'),b:('1', '0', '0', '0'),c:('-1', '0', '1', '0'): I(V) = 0   I(V^ss) = 0
==> t12839 chi#11=a:('0', '0', '-1', '0'),b:('1', '0', '0', '0'),c:('0', '0', '-1', '0') h1=1 m=2 psi=a:('1', '0', '0', '0'),b:('1', '0', '0', '0'),c:('0', '0', '-1', '0'): I(V) = 0   I(V^ss) = 0
==> t12839 chi#11=a:('0', '0', '-1', '0'),b:('1', '0', '0', '0'),c:('0', '0', '-1', '0') h1=1 m=2 psi=a:('1', '0', '0', '0'),b:('-1', '0', '1', '0'),c:('1', '0', '0', '0'): I(V) = 0   I(V^ss) = 0
==> t12839 chi#11=a:('0', '0', '-1', '0'),b:('1', '0', '0', '0'),c:('0', '0', '-1', '0') h1=1 m=2 psi=a:('1', '0', '0', '0'),b:('-1', '0', '1', '0'),c:('-1', '0', '1', '0'): I(V) = 0   I(V^ss) = 0
==> t12839 chi#11=a:('0', '0', '-1', '0'),b:('1', '0', '0', '0'),c:('0', '0', '-1', '0') h1=1 m=2 psi=a:('1', '0', '0', '0'),b:('-1', '0', '1', '0'),c:('0', '0', '-1', '0'): I(V) = 0   I(V^ss) = 0
==> t12839 chi#11=a:('0', '0', '-1', '0'),b:('1', '0', '0', '0'),c:('0', '0', '-1', '0') h1=1 m=2 psi=a:('1', '0', '0', '0'),b:('0', '0', '-1', '0'),c:('1', '0', '0', '0'): I(V) = 0   I(V^ss) = 0
==> t12839 chi#11=a:('0', '0', '-1', '0'),b:('1', '0', '0', '0'),c:('0', '0', '-1', '0') h1=1 m=2 psi=a:('1', '0', '0', '0'),b:('0', '0', '-1', '0'),c:('-1', '0', '1', '0'): I(V) = 0   I(V^ss) = 0
==> t12839 chi#11=a:('0', '0', '-1', '0'),b:('1', '0', '0', '0'),c:('0', '0', '-1', '0') h1=1 m=2 psi=a:('1', '0', '0', '0'),b:('0', '0', '-1', '0'),c:('0', '0', '-1', '0'): I(V) = 0   I(V^ss) = 0
==> t12839 chi#11=a:('0', '0', '-1', '0'),b:('1', '0', '0', '0'),c:('0', '0', '-1', '0') h1=1 m=2 psi=a:('0', '0', '1', '0'),b:('1', '0', '0', '0'),c:('1', '0', '0', '0'): I(V) = 0   I(V^ss) = 0
==> t12839 chi#11=a:('0', '0', '-1', '0'),b:('1', '0', '0', '0'),c:('0', '0', '-1', '0') h1=1 m=2 psi=a:('0', '0', '1', '0'),b:('1', '0', '0', '0'),c:('-1', '0', '1', '0'): I(V) = 0   I(V^ss) = 0
==> t12839 chi#11=a:('0', '0', '-1', '0'),b:('1', '0', '0', '0'),c:('0', '0', '-1', '0') h1=1 m=2 psi=a:('0', '0', '1', '0'),b:('1', '0', '0', '0'),c:('0', '0', '-1', '0'): I(V) = 0   I(V^ss) = 0
==> t12839 chi#11=a:('0', '0', '-1', '0'),b:('1', '0', '0', '0'),c:('0', '0', '-1', '0') h1=1 m=2 psi=a:('0', '0', '1', '0'),b:('-1', '0', '1', '0'),c:('1', '0', '0', '0'): I(V) = 0   I(V^ss) = 0
==> t12839 chi#11=a:('0', '0', '-1', '0'),b:('1', '0', '0', '0'),c:('0', '0', '-1', '0') h1=1 m=2 psi=a:('0', '0', '1', '0'),b:('-1', '0', '1', '0'),c:('-1', '0', '1', '0'): I(V) = 0   I(V^ss) = 0
==> t12839 chi#11=a:('0', '0', '-1', '0'),b:('1', '0', '0', '0'),c:('0', '0', '-1', '0') h1=1 m=2 psi=a:('0', '0', '1', '0'),b:('-1', '0', '1', '0'),c:('0', '0', '-1', '0'): I(V) = 0   I(V^ss) = 0
==> t12839 chi#11=a:('0', '0', '-1', '0'),b:('1', '0', '0', '0'),c:('0', '0', '-1', '0') h1=1 m=2 psi=a:('0', '0', '1', '0'),b:('0', '0', '-1', '0'),c:('1', '0', '0', '0'): I(V) = 0   I(V^ss) = 0
==> t12839 chi#11=a:('0', '0', '-1', '0'),b:('1', '0', '0', '0'),c:('0', '0', '-1', '0') h1=1 m=2 psi=a:('0', '0', '1', '0'),b:('0', '0', '-1', '0'),c:('-1', '0', '1', '0'): I(V) = 0   I(V^ss) = 0
==> t12839 chi#11=a:('0', '0', '-1', '0'),b:('1', '0', '0', '0'),c:('0', '0', '-1', '0') h1=1 m=2 psi=a:('0', '0', '1', '0'),b:('0', '0', '-1', '0'),c:('0', '0', '-1', '0'): I(V) = 0   I(V^ss) = 0
==> t12839 chi#11=a:('0', '0', '-1', '0'),b:('1', '0', '0', '0'),c:('0', '0', '-1', '0') h1=1 m=2 psi=a:('-1', '0', '1', '0'),b:('1', '0', '0', '0'),c:('1', '0', '0', '0'): I(V) = 0   I(V^ss) = 0
==> t12839 chi#11=a:('0', '0', '-1', '0'),b:('1', '0', '0', '0'),c:('0', '0', '-1', '0') h1=1 m=2 psi=a:('-1', '0', '1', '0'),b:('1', '0', '0', '0'),c:('-1', '0', '1', '0'): I(V) = 0   I(V^ss) = 0
==> t12839 chi#11=a:('0', '0', '-1', '0'),b:('1', '0', '0', '0'),c:('0', '0', '-1', '0') h1=1 m=2 psi=a:('-1', '0', '1', '0'),b:('1', '0', '0', '0'),c:('0', '0', '-1', '0'): I(V) = 0   I(V^ss) = 0
==> t12839 chi#11=a:('0', '0', '-1', '0'),b:('1', '0', '0', '0'),c:('0', '0', '-1', '0') h1=1 m=2 psi=a:('-1', '0', '1', '0'),b:('-1', '0', '1', '0'),c:('1', '0', '0', '0'): I(V) = 0   I(V^ss) = 0
==> t12839 chi#11=a:('0', '0', '-1', '0'),b:('1', '0', '0', '0'),c:('0', '0', '-1', '0') h1=1 m=2 psi=a:('-1', '0', '1', '0'),b:('-1', '0', '1', '0'),c:('-1', '0', '1', '0'): I(V) = 0   I(V^ss) = 0
==> t12839 chi#11=a:('0', '0', '-1', '0'),b:('1', '0', '0', '0'),c:('0', '0', '-1', '0') h1=1 m=2 psi=a:('-1', '0', '1', '0'),b:('-1', '0', '1', '0'),c:('0', '0', '-1', '0'): I(V) = -1   I(V^ss) = 0
==> t12839 chi#11=a:('0', '0', '-1', '0'),b:('1', '0', '0', '0'),c:('0', '0', '-1', '0') h1=1 m=2 psi=a:('-1', '0', '1', '0'),b:('0', '0', '-1', '0'),c:('1', '0', '0', '0'): I(V) = -1   I(V^ss) = 0
==> t12839 chi#11=a:('0', '0', '-1', '0'),b:('1', '0', '0', '0'),c:('0', '0', '-1', '0') h1=1 m=2 psi=a:('-1', '0', '1', '0'),b:('0', '0', '-1', '0'),c:('-1', '0', '1', '0'): I(V) = 0   I(V^ss) = 0
==> t12839 chi#11=a:('0', '0', '-1', '0'),b:('1', '0', '0', '0'),c:('0', '0', '-1', '0') h1=1 m=2 psi=a:('-1', '0', '1', '0'),b:('0', '0', '-1', '0'),c:('0', '0', '-1', '0'): I(V) = 0   I(V^ss) = 0
==> t12839 chi#11=a:('0', '0', '-1', '0'),b:('1', '0', '0', '0'),c:('0', '0', '-1', '0') h1=1 m=2 psi=a:('-1', '0', '0', '0'),b:('1', '0', '0', '0'),c:('1', '0', '0', '0'): I(V) = 0   I(V^ss) = 0
==> t12839 chi#11=a:('0', '0', '-1', '0'),b:('1', '0', '0', '0'),c:('0', '0', '-1', '0') h1=1 m=2 psi=a:('-1', '0', '0', '0'),b:('1', '0', '0', '0'),c:('-1', '0', '1', '0'): I(V) = 0   I(V^ss) = 0
==> t12839 chi#11=a:('0', '0', '-1', '0'),b:('1', '0', '0', '0'),c:('0', '0', '-1', '0') h1=1 m=2 psi=a:('-1', '0', '0', '0'),b:('1', '0', '0', '0'),c:('0', '0', '-1', '0'): I(V) = 0   I(V^ss) = 0
==> t12839 chi#11=a:('0', '0', '-1', '0'),b:('1', '0', '0', '0'),c:('0', '0', '-1', '0') h1=1 m=2 psi=a:('-1', '0', '0', '0'),b:('-1', '0', '1', '0'),c:('1', '0', '0', '0'): I(V) = 0   I(V^ss) = 0
==> t12839 chi#11=a:('0', '0', '-1', '0'),b:('1', '0', '0', '0'),c:('0', '0', '-1', '0') h1=1 m=2 psi=a:('-1', '0', '0', '0'),b:('-1', '0', '1', '0'),c:('-1', '0', '1', '0'): I(V) = 0   I(V^ss) = 0
==> t12839 chi#11=a:('0', '0', '-1', '0'),b:('1', '0', '0', '0'),c:('0', '0', '-1', '0') h1=1 m=2 psi=a:('-1', '0', '0', '0'),b:('-1', '0', '1', '0'),c:('0', '0', '-1', '0'): I(V) = 0   I(V^ss) = 0
==> t12839 chi#11=a:('0', '0', '-1', '0'),b:('1', '0', '0', '0'),c:('0', '0', '-1', '0') h1=1 m=2 psi=a:('-1', '0', '0', '0'),b:('0', '0', '-1', '0'),c:('1', '0', '0', '0'): I(V) = 0   I(V^ss) = 0
==> t12839 chi#11=a:('0', '0', '-1', '0'),b:('1', '0', '0', '0'),c:('0', '0', '-1', '0') h1=1 m=2 psi=a:('-1', '0', '0', '0'),b:('0', '0', '-1', '0'),c:('-1', '0', '1', '0'): I(V) = 0   I(V^ss) = 0
==> t12839 chi#11=a:('0', '0', '-1', '0'),b:('1', '0', '0', '0'),c:('0', '0', '-1', '0') h1=1 m=2 psi=a:('-1', '0', '0', '0'),b:('0', '0', '-1', '0'),c:('0', '0', '-1', '0'): I(V) = 0   I(V^ss) = 0
==> t12839 chi#11=a:('0', '0', '-1', '0'),b:('1', '0', '0', '0'),c:('0', '0', '-1', '0') h1=1 m=2 psi=a:('0', '0', '-1', '0'),b:('1', '0', '0', '0'),c:('1', '0', '0', '0'): I(V) = 0   I(V^ss) = 0
==> t12839 chi#11=a:('0', '0', '-1', '0'),b:('1', '0', '0', '0'),c:('0', '0', '-1', '0') h1=1 m=2 psi=a:('0', '0', '-1', '0'),b:('1', '0', '0', '0'),c:('-1', '0', '1', '0'): I(V) = 0   I(V^ss) = 0
==> t12839 chi#11=a:('0', '0', '-1', '0'),b:('1', '0', '0', '0'),c:('0', '0', '-1', '0') h1=1 m=2 psi=a:('0', '0', '-1', '0'),b:('1', '0', '0', '0'),c:('0', '0', '-1', '0'): I(V) = 0   I(V^ss) = 0
==> t12839 chi#11=a:('0', '0', '-1', '0'),b:('1', '0', '0', '0'),c:('0', '0', '-1', '0') h1=1 m=2 psi=a:('0', '0', '-1', '0'),b:('-1', '0', '1', '0'),c:('1', '0', '0', '0'): I(V) = 1   I(V^ss) = 0
==> t12839 chi#11=a:('0', '0', '-1', '0'),b:('1', '0', '0', '0'),c:('0', '0', '-1', '0') h1=1 m=2 psi=a:('0', '0', '-1', '0'),b:('-1', '0', '1', '0'),c:('-1', '0', '1', '0'): I(V) = 0   I(V^ss) = 0
==> t12839 chi#11=a:('0', '0', '-1', '0'),b:('1', '0', '0', '0'),c:('0', '0', '-1', '0') h1=1 m=2 psi=a:('0', '0', '-1', '0'),b:('-1', '0', '1', '0'),c:('0', '0', '-1', '0'): I(V) = 0   I(V^ss) = 0
==> t12839 chi#11=a:('0', '0', '-1', '0'),b:('1', '0', '0', '0'),c:('0', '0', '-1', '0') h1=1 m=2 psi=a:('0', '0', '-1', '0'),b:('0', '0', '-1', '0'),c:('1', '0', '0', '0'): I(V) = 0   I(V^ss) = 0
==> t12839 chi#11=a:('0', '0', '-1', '0'),b:('1', '0', '0', '0'),c:('0', '0', '-1', '0') h1=1 m=2 psi=a:('0', '0', '-1', '0'),b:('0', '0', '-1', '0'),c:('-1', '0', '1', '0'): I(V) = 1   I(V^ss) = 0
==> t12839 chi#11=a:('0', '0', '-1', '0'),b:('1', '0', '0', '0'),c:('0', '0', '-1', '0') h1=1 m=2 psi=a:('0', '0', '-1', '0'),b:('0', '0', '-1', '0'),c:('0', '0', '-1', '0'): I(V) = 0   I(V^ss) = 0
==> t12839 chi#11=a:('0', '0', '-1', '0'),b:('1', '0', '0', '0'),c:('0', '0', '-1', '0') h1=1 m=2 psi=a:('1', '0', '-1', '0'),b:('1', '0', '0', '0'),c:('1', '0', '0', '0'): I(V) = 0   I(V^ss) = 0
==> t12839 chi#11=a:('0', '0', '-1', '0'),b:('1', '0', '0', '0'),c:('0', '0', '-1', '0') h1=1 m=2 psi=a:('1', '0', '-1', '0'),b:('1', '0', '0', '0'),c:('-1', '0', '1', '0'): I(V) = 0   I(V^ss) = 0
==> t12839 chi#11=a:('0', '0', '-1', '0'),b:('1', '0', '0', '0'),c:('0', '0', '-1', '0') h1=1 m=2 psi=a:('1', '0', '-1', '0'),b:('1', '0', '0', '0'),c:('0', '0', '-1', '0'): I(V) = 0   I(V^ss) = 0
==> t12839 chi#11=a:('0', '0', '-1', '0'),b:('1', '0', '0', '0'),c:('0', '0', '-1', '0') h1=1 m=2 psi=a:('1', '0', '-1', '0'),b:('-1', '0', '1', '0'),c:('1', '0', '0', '0'): I(V) = 0   I(V^ss) = 0
==> t12839 chi#11=a:('0', '0', '-1', '0'),b:('1', '0', '0', '0'),c:('0', '0', '-1', '0') h1=1 m=2 psi=a:('1', '0', '-1', '0'),b:('-1', '0', '1', '0'),c:('-1', '0', '1', '0'): I(V) = 0   I(V^ss) = 0
==> t12839 chi#11=a:('0', '0', '-1', '0'),b:('1', '0', '0', '0'),c:('0', '0', '-1', '0') h1=1 m=2 psi=a:('1', '0', '-1', '0'),b:('-1', '0', '1', '0'),c:('0', '0', '-1', '0'): I(V) = 0   I(V^ss) = 0
==> t12839 chi#11=a:('0', '0', '-1', '0'),b:('1', '0', '0', '0'),c:('0', '0', '-1', '0') h1=1 m=2 psi=a:('1', '0', '-1', '0'),b:('0', '0', '-1', '0'),c:('1', '0', '0', '0'): I(V) = 0   I(V^ss) = 0
==> t12839 chi#11=a:('0', '0', '-1', '0'),b:('1', '0', '0', '0'),c:('0', '0', '-1', '0') h1=1 m=2 psi=a:('1', '0', '-1', '0'),b:('0', '0', '-1', '0'),c:('-1', '0', '1', '0'): I(V) = 0   I(V^ss) = 0
==> t12839 chi#11=a:('0', '0', '-1', '0'),b:('1', '0', '0', '0'),c:('0', '0', '-1', '0') h1=1 m=2 psi=a:('1', '0', '-1', '0'),b:('0', '0', '-1', '0'),c:('0', '0', '-1', '0'): I(V) = 0   I(V^ss) = 0
==> t12839 chi#11=a:('0', '0', '-1', '0'),b:('1', '0', '0', '0'),c:('0', '0', '-1', '0') h1=1 m=2 psi=chi^1: I(V) = 0   I(V^ss) = 0
==> t12839 chi#11=a:('0', '0', '-1', '0'),b:('1', '0', '0', '0'),c:('0', '0', '-1', '0') h1=1 m=2 psi=chi^2: I(V) = 0   I(V^ss) = 0
==> t12839 chi#11=a:('0', '0', '-1', '0'),b:('1', '0', '0', '0'),c:('0', '0', '-1', '0') h1=1 m=2 psi=chi^3: I(V) = 0   I(V^ss) = 0
==> t12839 chi#11=a:('0', '0', '-1', '0'),b:('1', '0', '0', '0'),c:('0', '0', '-1', '0') h1=1 m=3 psi=a:('1', '0', '0', '0'),b:('1', '0', '0', '0'),c:('1', '0', '0', '0'): I(V) = 0   I(V^ss) = 0
==> t12839 chi#11=a:('0', '0', '-1', '0'),b:('1', '0', '0', '0'),c:('0', '0', '-1', '0') h1=1 m=3 psi=a:('1', '0', '0', '0'),b:('1', '0', '0', '0'),c:('-1', '0', '1', '0'): I(V) = 0   I(V^ss) = 0
==> t12839 chi#11=a:('0', '0', '-1', '0'),b:('1', '0', '0', '0'),c:('0', '0', '-1', '0') h1=1 m=3 psi=a:('1', '0', '0', '0'),b:('1', '0', '0', '0'),c:('0', '0', '-1', '0'): I(V) = 0   I(V^ss) = 0
==> t12839 chi#11=a:('0', '0', '-1', '0'),b:('1', '0', '0', '0'),c:('0', '0', '-1', '0') h1=1 m=3 psi=a:('1', '0', '0', '0'),b:('-1', '0', '1', '0'),c:('1', '0', '0', '0'): I(V) = 0   I(V^ss) = 0
==> t12839 chi#11=a:('0', '0', '-1', '0'),b:('1', '0', '0', '0'),c:('0', '0', '-1', '0') h1=1 m=3 psi=a:('1', '0', '0', '0'),b:('-1', '0', '1', '0'),c:('-1', '0', '1', '0'): I(V) = 0   I(V^ss) = 0
==> t12839 chi#11=a:('0', '0', '-1', '0'),b:('1', '0', '0', '0'),c:('0', '0', '-1', '0') h1=1 m=3 psi=a:('1', '0', '0', '0'),b:('-1', '0', '1', '0'),c:('0', '0', '-1', '0'): I(V) = 0   I(V^ss) = 0
==> t12839 chi#11=a:('0', '0', '-1', '0'),b:('1', '0', '0', '0'),c:('0', '0', '-1', '0') h1=1 m=3 psi=a:('1', '0', '0', '0'),b:('0', '0', '-1', '0'),c:('1', '0', '0', '0'): I(V) = 0   I(V^ss) = 0
==> t12839 chi#11=a:('0', '0', '-1', '0'),b:('1', '0', '0', '0'),c:('0', '0', '-1', '0') h1=1 m=3 psi=a:('1', '0', '0', '0'),b:('0', '0', '-1', '0'),c:('-1', '0', '1', '0'): I(V) = 0   I(V^ss) = 0
==> t12839 chi#11=a:('0', '0', '-1', '0'),b:('1', '0', '0', '0'),c:('0', '0', '-1', '0') h1=1 m=3 psi=a:('1', '0', '0', '0'),b:('0', '0', '-1', '0'),c:('0', '0', '-1', '0'): I(V) = 0   I(V^ss) = 0
==> t12839 chi#11=a:('0', '0', '-1', '0'),b:('1', '0', '0', '0'),c:('0', '0', '-1', '0') h1=1 m=3 psi=a:('0', '0', '1', '0'),b:('1', '0', '0', '0'),c:('1', '0', '0', '0'): I(V) = 0   I(V^ss) = 0
==> t12839 chi#11=a:('0', '0', '-1', '0'),b:('1', '0', '0', '0'),c:('0', '0', '-1', '0') h1=1 m=3 psi=a:('0', '0', '1', '0'),b:('1', '0', '0', '0'),c:('-1', '0', '1', '0'): I(V) = 0   I(V^ss) = 0
==> t12839 chi#11=a:('0', '0', '-1', '0'),b:('1', '0', '0', '0'),c:('0', '0', '-1', '0') h1=1 m=3 psi=a:('0', '0', '1', '0'),b:('1', '0', '0', '0'),c:('0', '0', '-1', '0'): I(V) = 0   I(V^ss) = 0
==> t12839 chi#11=a:('0', '0', '-1', '0'),b:('1', '0', '0', '0'),c:('0', '0', '-1', '0') h1=1 m=3 psi=a:('0', '0', '1', '0'),b:('-1', '0', '1', '0'),c:('1', '0', '0', '0'): I(V) = 0   I(V^ss) = 0
==> t12839 chi#11=a:('0', '0', '-1', '0'),b:('1', '0', '0', '0'),c:('0', '0', '-1', '0') h1=1 m=3 psi=a:('0', '0', '1', '0'),b:('-1', '0', '1', '0'),c:('-1', '0', '1', '0'): I(V) = 0   I(V^ss) = 0
==> t12839 chi#11=a:('0', '0', '-1', '0'),b:('1', '0', '0', '0'),c:('0', '0', '-1', '0') h1=1 m=3 psi=a:('0', '0', '1', '0'),b:('-1', '0', '1', '0'),c:('0', '0', '-1', '0'): I(V) = 0   I(V^ss) = 0
==> t12839 chi#11=a:('0', '0', '-1', '0'),b:('1', '0', '0', '0'),c:('0', '0', '-1', '0') h1=1 m=3 psi=a:('0', '0', '1', '0'),b:('0', '0', '-1', '0'),c:('1', '0', '0', '0'): I(V) = 0   I(V^ss) = 0
==> t12839 chi#11=a:('0', '0', '-1', '0'),b:('1', '0', '0', '0'),c:('0', '0', '-1', '0') h1=1 m=3 psi=a:('0', '0', '1', '0'),b:('0', '0', '-1', '0'),c:('-1', '0', '1', '0'): I(V) = 0   I(V^ss) = 0
==> t12839 chi#11=a:('0', '0', '-1', '0'),b:('1', '0', '0', '0'),c:('0', '0', '-1', '0') h1=1 m=3 psi=a:('0', '0', '1', '0'),b:('0', '0', '-1', '0'),c:('0', '0', '-1', '0'): I(V) = 0   I(V^ss) = 0
==> t12839 chi#11=a:('0', '0', '-1', '0'),b:('1', '0', '0', '0'),c:('0', '0', '-1', '0') h1=1 m=3 psi=a:('-1', '0', '1', '0'),b:('1', '0', '0', '0'),c:('1', '0', '0', '0'): I(V) = 0   I(V^ss) = 0
==> t12839 chi#11=a:('0', '0', '-1', '0'),b:('1', '0', '0', '0'),c:('0', '0', '-1', '0') h1=1 m=3 psi=a:('-1', '0', '1', '0'),b:('1', '0', '0', '0'),c:('-1', '0', '1', '0'): I(V) = 0   I(V^ss) = 0
==> t12839 chi#11=a:('0', '0', '-1', '0'),b:('1', '0', '0', '0'),c:('0', '0', '-1', '0') h1=1 m=3 psi=a:('-1', '0', '1', '0'),b:('1', '0', '0', '0'),c:('0', '0', '-1', '0'): I(V) = 0   I(V^ss) = 0
==> t12839 chi#11=a:('0', '0', '-1', '0'),b:('1', '0', '0', '0'),c:('0', '0', '-1', '0') h1=1 m=3 psi=a:('-1', '0', '1', '0'),b:('-1', '0', '1', '0'),c:('1', '0', '0', '0'): I(V) = 0   I(V^ss) = 0
==> t12839 chi#11=a:('0', '0', '-1', '0'),b:('1', '0', '0', '0'),c:('0', '0', '-1', '0') h1=1 m=3 psi=a:('-1', '0', '1', '0'),b:('-1', '0', '1', '0'),c:('-1', '0', '1', '0'): I(V) = 0   I(V^ss) = 0
==> t12839 chi#11=a:('0', '0', '-1', '0'),b:('1', '0', '0', '0'),c:('0', '0', '-1', '0') h1=1 m=3 psi=a:('-1', '0', '1', '0'),b:('-1', '0', '1', '0'),c:('0', '0', '-1', '0'): I(V) = 0   I(V^ss) = 0
==> t12839 chi#11=a:('0', '0', '-1', '0'),b:('1', '0', '0', '0'),c:('0', '0', '-1', '0') h1=1 m=3 psi=a:('-1', '0', '1', '0'),b:('0', '0', '-1', '0'),c:('1', '0', '0', '0'): I(V) = 0   I(V^ss) = 0
==> t12839 chi#11=a:('0', '0', '-1', '0'),b:('1', '0', '0', '0'),c:('0', '0', '-1', '0') h1=1 m=3 psi=a:('-1', '0', '1', '0'),b:('0', '0', '-1', '0'),c:('-1', '0', '1', '0'): I(V) = 0   I(V^ss) = 0
==> t12839 chi#11=a:('0', '0', '-1', '0'),b:('1', '0', '0', '0'),c:('0', '0', '-1', '0') h1=1 m=3 psi=a:('-1', '0', '1', '0'),b:('0', '0', '-1', '0'),c:('0', '0', '-1', '0'): I(V) = 0   I(V^ss) = 0
==> t12839 chi#11=a:('0', '0', '-1', '0'),b:('1', '0', '0', '0'),c:('0', '0', '-1', '0') h1=1 m=3 psi=a:('-1', '0', '0', '0'),b:('1', '0', '0', '0'),c:('1', '0', '0', '0'): I(V) = 0   I(V^ss) = 0
==> t12839 chi#11=a:('0', '0', '-1', '0'),b:('1', '0', '0', '0'),c:('0', '0', '-1', '0') h1=1 m=3 psi=a:('-1', '0', '0', '0'),b:('1', '0', '0', '0'),c:('-1', '0', '1', '0'): I(V) = 0   I(V^ss) = 0
==> t12839 chi#11=a:('0', '0', '-1', '0'),b:('1', '0', '0', '0'),c:('0', '0', '-1', '0') h1=1 m=3 psi=a:('-1', '0', '0', '0'),b:('1', '0', '0', '0'),c:('0', '0', '-1', '0'): I(V) = 0   I(V^ss) = 0
==> t12839 chi#11=a:('0', '0', '-1', '0'),b:('1', '0', '0', '0'),c:('0', '0', '-1', '0') h1=1 m=3 psi=a:('-1', '0', '0', '0'),b:('-1', '0', '1', '0'),c:('1', '0', '0', '0'): I(V) = 0   I(V^ss) = 0
==> t12839 chi#11=a:('0', '0', '-1', '0'),b:('1', '0', '0', '0'),c:('0', '0', '-1', '0') h1=1 m=3 psi=a:('-1', '0', '0', '0'),b:('-1', '0', '1', '0'),c:('-1', '0', '1', '0'): I(V) = 0   I(V^ss) = 0
==> t12839 chi#11=a:('0', '0', '-1', '0'),b:('1', '0', '0', '0'),c:('0', '0', '-1', '0') h1=1 m=3 psi=a:('-1', '0', '0', '0'),b:('-1', '0', '1', '0'),c:('0', '0', '-1', '0'): I(V) = 0   I(V^ss) = 0
==> t12839 chi#11=a:('0', '0', '-1', '0'),b:('1', '0', '0', '0'),c:('0', '0', '-1', '0') h1=1 m=3 psi=a:('-1', '0', '0', '0'),b:('0', '0', '-1', '0'),c:('1', '0', '0', '0'): I(V) = 0   I(V^ss) = 0
==> t12839 chi#11=a:('0', '0', '-1', '0'),b:('1', '0', '0', '0'),c:('0', '0', '-1', '0') h1=1 m=3 psi=a:('-1', '0', '0', '0'),b:('0', '0', '-1', '0'),c:('-1', '0', '1', '0'): I(V) = 0   I(V^ss) = 0
==> t12839 chi#11=a:('0', '0', '-1', '0'),b:('1', '0', '0', '0'),c:('0', '0', '-1', '0') h1=1 m=3 psi=a:('-1', '0', '0', '0'),b:('0', '0', '-1', '0'),c:('0', '0', '-1', '0'): I(V) = 0   I(V^ss) = 0
==> t12839 chi#11=a:('0', '0', '-1', '0'),b:('1', '0', '0', '0'),c:('0', '0', '-1', '0') h1=1 m=3 psi=a:('0', '0', '-1', '0'),b:('1', '0', '0', '0'),c:('1', '0', '0', '0'): I(V) = 0   I(V^ss) = 0
==> t12839 chi#11=a:('0', '0', '-1', '0'),b:('1', '0', '0', '0'),c:('0', '0', '-1', '0') h1=1 m=3 psi=a:('0', '0', '-1', '0'),b:('1', '0', '0', '0'),c:('-1', '0', '1', '0'): I(V) = 0   I(V^ss) = 0
==> t12839 chi#11=a:('0', '0', '-1', '0'),b:('1', '0', '0', '0'),c:('0', '0', '-1', '0') h1=1 m=3 psi=a:('0', '0', '-1', '0'),b:('1', '0', '0', '0'),c:('0', '0', '-1', '0'): I(V) = 0   I(V^ss) = 0
==> t12839 chi#11=a:('0', '0', '-1', '0'),b:('1', '0', '0', '0'),c:('0', '0', '-1', '0') h1=1 m=3 psi=a:('0', '0', '-1', '0'),b:('-1', '0', '1', '0'),c:('1', '0', '0', '0'): I(V) = 0   I(V^ss) = 0
==> t12839 chi#11=a:('0', '0', '-1', '0'),b:('1', '0', '0', '0'),c:('0', '0', '-1', '0') h1=1 m=3 psi=a:('0', '0', '-1', '0'),b:('-1', '0', '1', '0'),c:('-1', '0', '1', '0'): I(V) = 0   I(V^ss) = 0
==> t12839 chi#11=a:('0', '0', '-1', '0'),b:('1', '0', '0', '0'),c:('0', '0', '-1', '0') h1=1 m=3 psi=a:('0', '0', '-1', '0'),b:('-1', '0', '1', '0'),c:('0', '0', '-1', '0'): I(V) = 0   I(V^ss) = 0
==> t12839 chi#11=a:('0', '0', '-1', '0'),b:('1', '0', '0', '0'),c:('0', '0', '-1', '0') h1=1 m=3 psi=a:('0', '0', '-1', '0'),b:('0', '0', '-1', '0'),c:('1', '0', '0', '0'): I(V) = 0   I(V^ss) = 0
==> t12839 chi#11=a:('0', '0', '-1', '0'),b:('1', '0', '0', '0'),c:('0', '0', '-1', '0') h1=1 m=3 psi=a:('0', '0', '-1', '0'),b:('0', '0', '-1', '0'),c:('-1', '0', '1', '0'): I(V) = 0   I(V^ss) = 0
==> t12839 chi#11=a:('0', '0', '-1', '0'),b:('1', '0', '0', '0'),c:('0', '0', '-1', '0') h1=1 m=3 psi=a:('0', '0', '-1', '0'),b:('0', '0', '-1', '0'),c:('0', '0', '-1', '0'): I(V) = 0   I(V^ss) = 0
==> t12839 chi#11=a:('0', '0', '-1', '0'),b:('1', '0', '0', '0'),c:('0', '0', '-1', '0') h1=1 m=3 psi=a:('1', '0', '-1', '0'),b:('1', '0', '0', '0'),c:('1', '0', '0', '0'): I(V) = 0   I(V^ss) = 0
==> t12839 chi#11=a:('0', '0', '-1', '0'),b:('1', '0', '0', '0'),c:('0', '0', '-1', '0') h1=1 m=3 psi=a:('1', '0', '-1', '0'),b:('1', '0', '0', '0'),c:('-1', '0', '1', '0'): I(V) = 0   I(V^ss) = 0
==> t12839 chi#11=a:('0', '0', '-1', '0'),b:('1', '0', '0', '0'),c:('0', '0', '-1', '0') h1=1 m=3 psi=a:('1', '0', '-1', '0'),b:('1', '0', '0', '0'),c:('0', '0', '-1', '0'): I(V) = 0   I(V^ss) = 0
==> t12839 chi#11=a:('0', '0', '-1', '0'),b:('1', '0', '0', '0'),c:('0', '0', '-1', '0') h1=1 m=3 psi=a:('1', '0', '-1', '0'),b:('-1', '0', '1', '0'),c:('1', '0', '0', '0'): I(V) = 0   I(V^ss) = 0
==> t12839 chi#11=a:('0', '0', '-1', '0'),b:('1', '0', '0', '0'),c:('0', '0', '-1', '0') h1=1 m=3 psi=a:('1', '0', '-1', '0'),b:('-1', '0', '1', '0'),c:('-1', '0', '1', '0'): I(V) = 0   I(V^ss) = 0
==> t12839 chi#11=a:('0', '0', '-1', '0'),b:('1', '0', '0', '0'),c:('0', '0', '-1', '0') h1=1 m=3 psi=a:('1', '0', '-1', '0'),b:('-1', '0', '1', '0'),c:('0', '0', '-1', '0'): I(V) = 0   I(V^ss) = 0
==> t12839 chi#11=a:('0', '0', '-1', '0'),b:('1', '0', '0', '0'),c:('0', '0', '-1', '0') h1=1 m=3 psi=a:('1', '0', '-1', '0'),b:('0', '0', '-1', '0'),c:('1', '0', '0', '0'): I(V) = 0   I(V^ss) = 0
==> t12839 chi#11=a:('0', '0', '-1', '0'),b:('1', '0', '0', '0'),c:('0', '0', '-1', '0') h1=1 m=3 psi=a:('1', '0', '-1', '0'),b:('0', '0', '-1', '0'),c:('-1', '0', '1', '0'): I(V) = 0   I(V^ss) = 0
==> t12839 chi#11=a:('0', '0', '-1', '0'),b:('1', '0', '0', '0'),c:('0', '0', '-1', '0') h1=1 m=3 psi=a:('1', '0', '-1', '0'),b:('0', '0', '-1', '0'),c:('0', '0', '-1', '0'): I(V) = 0   I(V^ss) = 0
==> t12839 chi#11=a:('0', '0', '-1', '0'),b:('1', '0', '0', '0'),c:('0', '0', '-1', '0') h1=1 m=3 psi=chi^1: I(V) = 0   I(V^ss) = 0
==> t12839 chi#11=a:('0', '0', '-1', '0'),b:('1', '0', '0', '0'),c:('0', '0', '-1', '0') h1=1 m=3 psi=chi^2: I(V) = 0   I(V^ss) = 0
==> t12839 chi#11=a:('0', '0', '-1', '0'),b:('1', '0', '0', '0'),c:('0', '0', '-1', '0') h1=1 m=3 psi=chi^3: I(V) = 0   I(V^ss) = 0
  locus chi#12=a:('0', '0', '-1', '0'),b:('-1', '0', '1', '0'),c:('1', '0', '0', '0') h1=1
==> t12839 chi#12=a:('0', '0', '-1', '0'),b:('-1', '0', '1', '0'),c:('1', '0', '0', '0') h1=1 m=1 psi=a:('1', '0', '0', '0'),b:('1', '0', '0', '0'),c:('1', '0', '0', '0'): I(V) = 0   I(V^ss) = 0
==> t12839 chi#12=a:('0', '0', '-1', '0'),b:('-1', '0', '1', '0'),c:('1', '0', '0', '0') h1=1 m=1 psi=a:('1', '0', '0', '0'),b:('1', '0', '0', '0'),c:('-1', '0', '1', '0'): I(V) = 0   I(V^ss) = 0
==> t12839 chi#12=a:('0', '0', '-1', '0'),b:('-1', '0', '1', '0'),c:('1', '0', '0', '0') h1=1 m=1 psi=a:('1', '0', '0', '0'),b:('1', '0', '0', '0'),c:('0', '0', '-1', '0'): I(V) = 0   I(V^ss) = 0
==> t12839 chi#12=a:('0', '0', '-1', '0'),b:('-1', '0', '1', '0'),c:('1', '0', '0', '0') h1=1 m=1 psi=a:('1', '0', '0', '0'),b:('-1', '0', '1', '0'),c:('1', '0', '0', '0'): I(V) = 0   I(V^ss) = 0
==> t12839 chi#12=a:('0', '0', '-1', '0'),b:('-1', '0', '1', '0'),c:('1', '0', '0', '0') h1=1 m=1 psi=a:('1', '0', '0', '0'),b:('-1', '0', '1', '0'),c:('-1', '0', '1', '0'): I(V) = 1   I(V^ss) = 0
==> t12839 chi#12=a:('0', '0', '-1', '0'),b:('-1', '0', '1', '0'),c:('1', '0', '0', '0') h1=1 m=1 psi=a:('1', '0', '0', '0'),b:('-1', '0', '1', '0'),c:('0', '0', '-1', '0'): I(V) = 0   I(V^ss) = 0
==> t12839 chi#12=a:('0', '0', '-1', '0'),b:('-1', '0', '1', '0'),c:('1', '0', '0', '0') h1=1 m=1 psi=a:('1', '0', '0', '0'),b:('0', '0', '-1', '0'),c:('1', '0', '0', '0'): I(V) = 0   I(V^ss) = 0
==> t12839 chi#12=a:('0', '0', '-1', '0'),b:('-1', '0', '1', '0'),c:('1', '0', '0', '0') h1=1 m=1 psi=a:('1', '0', '0', '0'),b:('0', '0', '-1', '0'),c:('-1', '0', '1', '0'): I(V) = 0   I(V^ss) = 0
==> t12839 chi#12=a:('0', '0', '-1', '0'),b:('-1', '0', '1', '0'),c:('1', '0', '0', '0') h1=1 m=1 psi=a:('1', '0', '0', '0'),b:('0', '0', '-1', '0'),c:('0', '0', '-1', '0'): I(V) = -1   I(V^ss) = 0
==> t12839 chi#12=a:('0', '0', '-1', '0'),b:('-1', '0', '1', '0'),c:('1', '0', '0', '0') h1=1 m=1 psi=a:('0', '0', '1', '0'),b:('1', '0', '0', '0'),c:('1', '0', '0', '0'): I(V) = 0   I(V^ss) = 0
==> t12839 chi#12=a:('0', '0', '-1', '0'),b:('-1', '0', '1', '0'),c:('1', '0', '0', '0') h1=1 m=1 psi=a:('0', '0', '1', '0'),b:('1', '0', '0', '0'),c:('-1', '0', '1', '0'): I(V) = 0   I(V^ss) = 0
==> t12839 chi#12=a:('0', '0', '-1', '0'),b:('-1', '0', '1', '0'),c:('1', '0', '0', '0') h1=1 m=1 psi=a:('0', '0', '1', '0'),b:('1', '0', '0', '0'),c:('0', '0', '-1', '0'): I(V) = 0   I(V^ss) = 0
==> t12839 chi#12=a:('0', '0', '-1', '0'),b:('-1', '0', '1', '0'),c:('1', '0', '0', '0') h1=1 m=1 psi=a:('0', '0', '1', '0'),b:('-1', '0', '1', '0'),c:('1', '0', '0', '0'): I(V) = 0   I(V^ss) = 0
==> t12839 chi#12=a:('0', '0', '-1', '0'),b:('-1', '0', '1', '0'),c:('1', '0', '0', '0') h1=1 m=1 psi=a:('0', '0', '1', '0'),b:('-1', '0', '1', '0'),c:('-1', '0', '1', '0'): I(V) = 0   I(V^ss) = 0
==> t12839 chi#12=a:('0', '0', '-1', '0'),b:('-1', '0', '1', '0'),c:('1', '0', '0', '0') h1=1 m=1 psi=a:('0', '0', '1', '0'),b:('-1', '0', '1', '0'),c:('0', '0', '-1', '0'): I(V) = 0   I(V^ss) = 0
==> t12839 chi#12=a:('0', '0', '-1', '0'),b:('-1', '0', '1', '0'),c:('1', '0', '0', '0') h1=1 m=1 psi=a:('0', '0', '1', '0'),b:('0', '0', '-1', '0'),c:('1', '0', '0', '0'): I(V) = 0   I(V^ss) = 0
==> t12839 chi#12=a:('0', '0', '-1', '0'),b:('-1', '0', '1', '0'),c:('1', '0', '0', '0') h1=1 m=1 psi=a:('0', '0', '1', '0'),b:('0', '0', '-1', '0'),c:('-1', '0', '1', '0'): I(V) = 0   I(V^ss) = 0
==> t12839 chi#12=a:('0', '0', '-1', '0'),b:('-1', '0', '1', '0'),c:('1', '0', '0', '0') h1=1 m=1 psi=a:('0', '0', '1', '0'),b:('0', '0', '-1', '0'),c:('0', '0', '-1', '0'): I(V) = 0   I(V^ss) = 0
==> t12839 chi#12=a:('0', '0', '-1', '0'),b:('-1', '0', '1', '0'),c:('1', '0', '0', '0') h1=1 m=1 psi=a:('-1', '0', '1', '0'),b:('1', '0', '0', '0'),c:('1', '0', '0', '0'): I(V) = 0   I(V^ss) = 0
==> t12839 chi#12=a:('0', '0', '-1', '0'),b:('-1', '0', '1', '0'),c:('1', '0', '0', '0') h1=1 m=1 psi=a:('-1', '0', '1', '0'),b:('1', '0', '0', '0'),c:('-1', '0', '1', '0'): I(V) = -1   I(V^ss) = 0
==> t12839 chi#12=a:('0', '0', '-1', '0'),b:('-1', '0', '1', '0'),c:('1', '0', '0', '0') h1=1 m=1 psi=a:('-1', '0', '1', '0'),b:('1', '0', '0', '0'),c:('0', '0', '-1', '0'): I(V) = 0   I(V^ss) = 0
==> t12839 chi#12=a:('0', '0', '-1', '0'),b:('-1', '0', '1', '0'),c:('1', '0', '0', '0') h1=1 m=1 psi=a:('-1', '0', '1', '0'),b:('-1', '0', '1', '0'),c:('1', '0', '0', '0'): I(V) = 0   I(V^ss) = 0
==> t12839 chi#12=a:('0', '0', '-1', '0'),b:('-1', '0', '1', '0'),c:('1', '0', '0', '0') h1=1 m=1 psi=a:('-1', '0', '1', '0'),b:('-1', '0', '1', '0'),c:('-1', '0', '1', '0'): I(V) = 0   I(V^ss) = 0
==> t12839 chi#12=a:('0', '0', '-1', '0'),b:('-1', '0', '1', '0'),c:('1', '0', '0', '0') h1=1 m=1 psi=a:('-1', '0', '1', '0'),b:('-1', '0', '1', '0'),c:('0', '0', '-1', '0'): I(V) = 0   I(V^ss) = 0
==> t12839 chi#12=a:('0', '0', '-1', '0'),b:('-1', '0', '1', '0'),c:('1', '0', '0', '0') h1=1 m=1 psi=a:('-1', '0', '1', '0'),b:('0', '0', '-1', '0'),c:('1', '0', '0', '0'): I(V) = 0   I(V^ss) = 0
==> t12839 chi#12=a:('0', '0', '-1', '0'),b:('-1', '0', '1', '0'),c:('1', '0', '0', '0') h1=1 m=1 psi=a:('-1', '0', '1', '0'),b:('0', '0', '-1', '0'),c:('-1', '0', '1', '0'): I(V) = 0   I(V^ss) = 0
==> t12839 chi#12=a:('0', '0', '-1', '0'),b:('-1', '0', '1', '0'),c:('1', '0', '0', '0') h1=1 m=1 psi=a:('-1', '0', '1', '0'),b:('0', '0', '-1', '0'),c:('0', '0', '-1', '0'): I(V) = 0   I(V^ss) = 0
==> t12839 chi#12=a:('0', '0', '-1', '0'),b:('-1', '0', '1', '0'),c:('1', '0', '0', '0') h1=1 m=1 psi=a:('-1', '0', '0', '0'),b:('1', '0', '0', '0'),c:('1', '0', '0', '0'): I(V) = 0   I(V^ss) = 0
==> t12839 chi#12=a:('0', '0', '-1', '0'),b:('-1', '0', '1', '0'),c:('1', '0', '0', '0') h1=1 m=1 psi=a:('-1', '0', '0', '0'),b:('1', '0', '0', '0'),c:('-1', '0', '1', '0'): I(V) = 0   I(V^ss) = 0
==> t12839 chi#12=a:('0', '0', '-1', '0'),b:('-1', '0', '1', '0'),c:('1', '0', '0', '0') h1=1 m=1 psi=a:('-1', '0', '0', '0'),b:('1', '0', '0', '0'),c:('0', '0', '-1', '0'): I(V) = 0   I(V^ss) = 0
==> t12839 chi#12=a:('0', '0', '-1', '0'),b:('-1', '0', '1', '0'),c:('1', '0', '0', '0') h1=1 m=1 psi=a:('-1', '0', '0', '0'),b:('-1', '0', '1', '0'),c:('1', '0', '0', '0'): I(V) = 0   I(V^ss) = 0
==> t12839 chi#12=a:('0', '0', '-1', '0'),b:('-1', '0', '1', '0'),c:('1', '0', '0', '0') h1=1 m=1 psi=a:('-1', '0', '0', '0'),b:('-1', '0', '1', '0'),c:('-1', '0', '1', '0'): I(V) = 0   I(V^ss) = 0
==> t12839 chi#12=a:('0', '0', '-1', '0'),b:('-1', '0', '1', '0'),c:('1', '0', '0', '0') h1=1 m=1 psi=a:('-1', '0', '0', '0'),b:('-1', '0', '1', '0'),c:('0', '0', '-1', '0'): I(V) = 0   I(V^ss) = 0
==> t12839 chi#12=a:('0', '0', '-1', '0'),b:('-1', '0', '1', '0'),c:('1', '0', '0', '0') h1=1 m=1 psi=a:('-1', '0', '0', '0'),b:('0', '0', '-1', '0'),c:('1', '0', '0', '0'): I(V) = 0   I(V^ss) = 0
==> t12839 chi#12=a:('0', '0', '-1', '0'),b:('-1', '0', '1', '0'),c:('1', '0', '0', '0') h1=1 m=1 psi=a:('-1', '0', '0', '0'),b:('0', '0', '-1', '0'),c:('-1', '0', '1', '0'): I(V) = 0   I(V^ss) = 0
==> t12839 chi#12=a:('0', '0', '-1', '0'),b:('-1', '0', '1', '0'),c:('1', '0', '0', '0') h1=1 m=1 psi=a:('-1', '0', '0', '0'),b:('0', '0', '-1', '0'),c:('0', '0', '-1', '0'): I(V) = 0   I(V^ss) = 0
==> t12839 chi#12=a:('0', '0', '-1', '0'),b:('-1', '0', '1', '0'),c:('1', '0', '0', '0') h1=1 m=1 psi=a:('0', '0', '-1', '0'),b:('1', '0', '0', '0'),c:('1', '0', '0', '0'): I(V) = 0   I(V^ss) = 0
==> t12839 chi#12=a:('0', '0', '-1', '0'),b:('-1', '0', '1', '0'),c:('1', '0', '0', '0') h1=1 m=1 psi=a:('0', '0', '-1', '0'),b:('1', '0', '0', '0'),c:('-1', '0', '1', '0'): I(V) = 0   I(V^ss) = 0
==> t12839 chi#12=a:('0', '0', '-1', '0'),b:('-1', '0', '1', '0'),c:('1', '0', '0', '0') h1=1 m=1 psi=a:('0', '0', '-1', '0'),b:('1', '0', '0', '0'),c:('0', '0', '-1', '0'): I(V) = 1   I(V^ss) = 0
==> t12839 chi#12=a:('0', '0', '-1', '0'),b:('-1', '0', '1', '0'),c:('1', '0', '0', '0') h1=1 m=1 psi=a:('0', '0', '-1', '0'),b:('-1', '0', '1', '0'),c:('1', '0', '0', '0'): I(V) = 0   I(V^ss) = 0
==> t12839 chi#12=a:('0', '0', '-1', '0'),b:('-1', '0', '1', '0'),c:('1', '0', '0', '0') h1=1 m=1 psi=a:('0', '0', '-1', '0'),b:('-1', '0', '1', '0'),c:('-1', '0', '1', '0'): I(V) = 0   I(V^ss) = 0
==> t12839 chi#12=a:('0', '0', '-1', '0'),b:('-1', '0', '1', '0'),c:('1', '0', '0', '0') h1=1 m=1 psi=a:('0', '0', '-1', '0'),b:('-1', '0', '1', '0'),c:('0', '0', '-1', '0'): I(V) = 0   I(V^ss) = 0
==> t12839 chi#12=a:('0', '0', '-1', '0'),b:('-1', '0', '1', '0'),c:('1', '0', '0', '0') h1=1 m=1 psi=a:('0', '0', '-1', '0'),b:('0', '0', '-1', '0'),c:('1', '0', '0', '0'): I(V) = 0   I(V^ss) = 0
==> t12839 chi#12=a:('0', '0', '-1', '0'),b:('-1', '0', '1', '0'),c:('1', '0', '0', '0') h1=1 m=1 psi=a:('0', '0', '-1', '0'),b:('0', '0', '-1', '0'),c:('-1', '0', '1', '0'): I(V) = 0   I(V^ss) = 0
==> t12839 chi#12=a:('0', '0', '-1', '0'),b:('-1', '0', '1', '0'),c:('1', '0', '0', '0') h1=1 m=1 psi=a:('0', '0', '-1', '0'),b:('0', '0', '-1', '0'),c:('0', '0', '-1', '0'): I(V) = 0   I(V^ss) = 0
==> t12839 chi#12=a:('0', '0', '-1', '0'),b:('-1', '0', '1', '0'),c:('1', '0', '0', '0') h1=1 m=1 psi=a:('1', '0', '-1', '0'),b:('1', '0', '0', '0'),c:('1', '0', '0', '0'): I(V) = 0   I(V^ss) = 0
==> t12839 chi#12=a:('0', '0', '-1', '0'),b:('-1', '0', '1', '0'),c:('1', '0', '0', '0') h1=1 m=1 psi=a:('1', '0', '-1', '0'),b:('1', '0', '0', '0'),c:('-1', '0', '1', '0'): I(V) = 0   I(V^ss) = 0
==> t12839 chi#12=a:('0', '0', '-1', '0'),b:('-1', '0', '1', '0'),c:('1', '0', '0', '0') h1=1 m=1 psi=a:('1', '0', '-1', '0'),b:('1', '0', '0', '0'),c:('0', '0', '-1', '0'): I(V) = 0   I(V^ss) = 0
==> t12839 chi#12=a:('0', '0', '-1', '0'),b:('-1', '0', '1', '0'),c:('1', '0', '0', '0') h1=1 m=1 psi=a:('1', '0', '-1', '0'),b:('-1', '0', '1', '0'),c:('1', '0', '0', '0'): I(V) = 0   I(V^ss) = 0
==> t12839 chi#12=a:('0', '0', '-1', '0'),b:('-1', '0', '1', '0'),c:('1', '0', '0', '0') h1=1 m=1 psi=a:('1', '0', '-1', '0'),b:('-1', '0', '1', '0'),c:('-1', '0', '1', '0'): I(V) = 0   I(V^ss) = 0
==> t12839 chi#12=a:('0', '0', '-1', '0'),b:('-1', '0', '1', '0'),c:('1', '0', '0', '0') h1=1 m=1 psi=a:('1', '0', '-1', '0'),b:('-1', '0', '1', '0'),c:('0', '0', '-1', '0'): I(V) = 0   I(V^ss) = 0
==> t12839 chi#12=a:('0', '0', '-1', '0'),b:('-1', '0', '1', '0'),c:('1', '0', '0', '0') h1=1 m=1 psi=a:('1', '0', '-1', '0'),b:('0', '0', '-1', '0'),c:('1', '0', '0', '0'): I(V) = 0   I(V^ss) = 0
==> t12839 chi#12=a:('0', '0', '-1', '0'),b:('-1', '0', '1', '0'),c:('1', '0', '0', '0') h1=1 m=1 psi=a:('1', '0', '-1', '0'),b:('0', '0', '-1', '0'),c:('-1', '0', '1', '0'): I(V) = 0   I(V^ss) = 0
==> t12839 chi#12=a:('0', '0', '-1', '0'),b:('-1', '0', '1', '0'),c:('1', '0', '0', '0') h1=1 m=1 psi=a:('1', '0', '-1', '0'),b:('0', '0', '-1', '0'),c:('0', '0', '-1', '0'): I(V) = 0   I(V^ss) = 0
==> t12839 chi#12=a:('0', '0', '-1', '0'),b:('-1', '0', '1', '0'),c:('1', '0', '0', '0') h1=1 m=1 psi=chi^1: I(V) = 0   I(V^ss) = 0
==> t12839 chi#12=a:('0', '0', '-1', '0'),b:('-1', '0', '1', '0'),c:('1', '0', '0', '0') h1=1 m=1 psi=chi^2: I(V) = 0   I(V^ss) = 0
==> t12839 chi#12=a:('0', '0', '-1', '0'),b:('-1', '0', '1', '0'),c:('1', '0', '0', '0') h1=1 m=1 psi=chi^3: I(V) = 0   I(V^ss) = 0
==> t12839 chi#12=a:('0', '0', '-1', '0'),b:('-1', '0', '1', '0'),c:('1', '0', '0', '0') h1=1 m=2 psi=a:('1', '0', '0', '0'),b:('1', '0', '0', '0'),c:('1', '0', '0', '0'): I(V) = 0   I(V^ss) = 0
==> t12839 chi#12=a:('0', '0', '-1', '0'),b:('-1', '0', '1', '0'),c:('1', '0', '0', '0') h1=1 m=2 psi=a:('1', '0', '0', '0'),b:('1', '0', '0', '0'),c:('-1', '0', '1', '0'): I(V) = 0   I(V^ss) = 0
==> t12839 chi#12=a:('0', '0', '-1', '0'),b:('-1', '0', '1', '0'),c:('1', '0', '0', '0') h1=1 m=2 psi=a:('1', '0', '0', '0'),b:('1', '0', '0', '0'),c:('0', '0', '-1', '0'): I(V) = 0   I(V^ss) = 0
==> t12839 chi#12=a:('0', '0', '-1', '0'),b:('-1', '0', '1', '0'),c:('1', '0', '0', '0') h1=1 m=2 psi=a:('1', '0', '0', '0'),b:('-1', '0', '1', '0'),c:('1', '0', '0', '0'): I(V) = 0   I(V^ss) = 0
==> t12839 chi#12=a:('0', '0', '-1', '0'),b:('-1', '0', '1', '0'),c:('1', '0', '0', '0') h1=1 m=2 psi=a:('1', '0', '0', '0'),b:('-1', '0', '1', '0'),c:('-1', '0', '1', '0'): I(V) = -1   I(V^ss) = 0
==> t12839 chi#12=a:('0', '0', '-1', '0'),b:('-1', '0', '1', '0'),c:('1', '0', '0', '0') h1=1 m=2 psi=a:('1', '0', '0', '0'),b:('-1', '0', '1', '0'),c:('0', '0', '-1', '0'): I(V) = 0   I(V^ss) = 0
==> t12839 chi#12=a:('0', '0', '-1', '0'),b:('-1', '0', '1', '0'),c:('1', '0', '0', '0') h1=1 m=2 psi=a:('1', '0', '0', '0'),b:('0', '0', '-1', '0'),c:('1', '0', '0', '0'): I(V) = 0   I(V^ss) = 0
==> t12839 chi#12=a:('0', '0', '-1', '0'),b:('-1', '0', '1', '0'),c:('1', '0', '0', '0') h1=1 m=2 psi=a:('1', '0', '0', '0'),b:('0', '0', '-1', '0'),c:('-1', '0', '1', '0'): I(V) = 0   I(V^ss) = 0
==> t12839 chi#12=a:('0', '0', '-1', '0'),b:('-1', '0', '1', '0'),c:('1', '0', '0', '0') h1=1 m=2 psi=a:('1', '0', '0', '0'),b:('0', '0', '-1', '0'),c:('0', '0', '-1', '0'): I(V) = 1   I(V^ss) = 0
==> t12839 chi#12=a:('0', '0', '-1', '0'),b:('-1', '0', '1', '0'),c:('1', '0', '0', '0') h1=1 m=2 psi=a:('0', '0', '1', '0'),b:('1', '0', '0', '0'),c:('1', '0', '0', '0'): I(V) = 0   I(V^ss) = 0
==> t12839 chi#12=a:('0', '0', '-1', '0'),b:('-1', '0', '1', '0'),c:('1', '0', '0', '0') h1=1 m=2 psi=a:('0', '0', '1', '0'),b:('1', '0', '0', '0'),c:('-1', '0', '1', '0'): I(V) = 0   I(V^ss) = 0
==> t12839 chi#12=a:('0', '0', '-1', '0'),b:('-1', '0', '1', '0'),c:('1', '0', '0', '0') h1=1 m=2 psi=a:('0', '0', '1', '0'),b:('1', '0', '0', '0'),c:('0', '0', '-1', '0'): I(V) = 0   I(V^ss) = 0
==> t12839 chi#12=a:('0', '0', '-1', '0'),b:('-1', '0', '1', '0'),c:('1', '0', '0', '0') h1=1 m=2 psi=a:('0', '0', '1', '0'),b:('-1', '0', '1', '0'),c:('1', '0', '0', '0'): I(V) = 0   I(V^ss) = 0
==> t12839 chi#12=a:('0', '0', '-1', '0'),b:('-1', '0', '1', '0'),c:('1', '0', '0', '0') h1=1 m=2 psi=a:('0', '0', '1', '0'),b:('-1', '0', '1', '0'),c:('-1', '0', '1', '0'): I(V) = 0   I(V^ss) = 0
==> t12839 chi#12=a:('0', '0', '-1', '0'),b:('-1', '0', '1', '0'),c:('1', '0', '0', '0') h1=1 m=2 psi=a:('0', '0', '1', '0'),b:('-1', '0', '1', '0'),c:('0', '0', '-1', '0'): I(V) = 0   I(V^ss) = 0
==> t12839 chi#12=a:('0', '0', '-1', '0'),b:('-1', '0', '1', '0'),c:('1', '0', '0', '0') h1=1 m=2 psi=a:('0', '0', '1', '0'),b:('0', '0', '-1', '0'),c:('1', '0', '0', '0'): I(V) = 0   I(V^ss) = 0
==> t12839 chi#12=a:('0', '0', '-1', '0'),b:('-1', '0', '1', '0'),c:('1', '0', '0', '0') h1=1 m=2 psi=a:('0', '0', '1', '0'),b:('0', '0', '-1', '0'),c:('-1', '0', '1', '0'): I(V) = 0   I(V^ss) = 0
==> t12839 chi#12=a:('0', '0', '-1', '0'),b:('-1', '0', '1', '0'),c:('1', '0', '0', '0') h1=1 m=2 psi=a:('0', '0', '1', '0'),b:('0', '0', '-1', '0'),c:('0', '0', '-1', '0'): I(V) = 0   I(V^ss) = 0
==> t12839 chi#12=a:('0', '0', '-1', '0'),b:('-1', '0', '1', '0'),c:('1', '0', '0', '0') h1=1 m=2 psi=a:('-1', '0', '1', '0'),b:('1', '0', '0', '0'),c:('1', '0', '0', '0'): I(V) = 0   I(V^ss) = 0
==> t12839 chi#12=a:('0', '0', '-1', '0'),b:('-1', '0', '1', '0'),c:('1', '0', '0', '0') h1=1 m=2 psi=a:('-1', '0', '1', '0'),b:('1', '0', '0', '0'),c:('-1', '0', '1', '0'): I(V) = 1   I(V^ss) = 0
==> t12839 chi#12=a:('0', '0', '-1', '0'),b:('-1', '0', '1', '0'),c:('1', '0', '0', '0') h1=1 m=2 psi=a:('-1', '0', '1', '0'),b:('1', '0', '0', '0'),c:('0', '0', '-1', '0'): I(V) = 0   I(V^ss) = 0
==> t12839 chi#12=a:('0', '0', '-1', '0'),b:('-1', '0', '1', '0'),c:('1', '0', '0', '0') h1=1 m=2 psi=a:('-1', '0', '1', '0'),b:('-1', '0', '1', '0'),c:('1', '0', '0', '0'): I(V) = 0   I(V^ss) = 0
==> t12839 chi#12=a:('0', '0', '-1', '0'),b:('-1', '0', '1', '0'),c:('1', '0', '0', '0') h1=1 m=2 psi=a:('-1', '0', '1', '0'),b:('-1', '0', '1', '0'),c:('-1', '0', '1', '0'): I(V) = 0   I(V^ss) = 0
==> t12839 chi#12=a:('0', '0', '-1', '0'),b:('-1', '0', '1', '0'),c:('1', '0', '0', '0') h1=1 m=2 psi=a:('-1', '0', '1', '0'),b:('-1', '0', '1', '0'),c:('0', '0', '-1', '0'): I(V) = 0   I(V^ss) = 0
==> t12839 chi#12=a:('0', '0', '-1', '0'),b:('-1', '0', '1', '0'),c:('1', '0', '0', '0') h1=1 m=2 psi=a:('-1', '0', '1', '0'),b:('0', '0', '-1', '0'),c:('1', '0', '0', '0'): I(V) = 0   I(V^ss) = 0
==> t12839 chi#12=a:('0', '0', '-1', '0'),b:('-1', '0', '1', '0'),c:('1', '0', '0', '0') h1=1 m=2 psi=a:('-1', '0', '1', '0'),b:('0', '0', '-1', '0'),c:('-1', '0', '1', '0'): I(V) = 0   I(V^ss) = 0
==> t12839 chi#12=a:('0', '0', '-1', '0'),b:('-1', '0', '1', '0'),c:('1', '0', '0', '0') h1=1 m=2 psi=a:('-1', '0', '1', '0'),b:('0', '0', '-1', '0'),c:('0', '0', '-1', '0'): I(V) = 0   I(V^ss) = 0
==> t12839 chi#12=a:('0', '0', '-1', '0'),b:('-1', '0', '1', '0'),c:('1', '0', '0', '0') h1=1 m=2 psi=a:('-1', '0', '0', '0'),b:('1', '0', '0', '0'),c:('1', '0', '0', '0'): I(V) = 0   I(V^ss) = 0
==> t12839 chi#12=a:('0', '0', '-1', '0'),b:('-1', '0', '1', '0'),c:('1', '0', '0', '0') h1=1 m=2 psi=a:('-1', '0', '0', '0'),b:('1', '0', '0', '0'),c:('-1', '0', '1', '0'): I(V) = 0   I(V^ss) = 0
==> t12839 chi#12=a:('0', '0', '-1', '0'),b:('-1', '0', '1', '0'),c:('1', '0', '0', '0') h1=1 m=2 psi=a:('-1', '0', '0', '0'),b:('1', '0', '0', '0'),c:('0', '0', '-1', '0'): I(V) = 0   I(V^ss) = 0
==> t12839 chi#12=a:('0', '0', '-1', '0'),b:('-1', '0', '1', '0'),c:('1', '0', '0', '0') h1=1 m=2 psi=a:('-1', '0', '0', '0'),b:('-1', '0', '1', '0'),c:('1', '0', '0', '0'): I(V) = 0   I(V^ss) = 0
==> t12839 chi#12=a:('0', '0', '-1', '0'),b:('-1', '0', '1', '0'),c:('1', '0', '0', '0') h1=1 m=2 psi=a:('-1', '0', '0', '0'),b:('-1', '0', '1', '0'),c:('-1', '0', '1', '0'): I(V) = 0   I(V^ss) = 0
==> t12839 chi#12=a:('0', '0', '-1', '0'),b:('-1', '0', '1', '0'),c:('1', '0', '0', '0') h1=1 m=2 psi=a:('-1', '0', '0', '0'),b:('-1', '0', '1', '0'),c:('0', '0', '-1', '0'): I(V) = 0   I(V^ss) = 0
==> t12839 chi#12=a:('0', '0', '-1', '0'),b:('-1', '0', '1', '0'),c:('1', '0', '0', '0') h1=1 m=2 psi=a:('-1', '0', '0', '0'),b:('0', '0', '-1', '0'),c:('1', '0', '0', '0'): I(V) = 0   I(V^ss) = 0
==> t12839 chi#12=a:('0', '0', '-1', '0'),b:('-1', '0', '1', '0'),c:('1', '0', '0', '0') h1=1 m=2 psi=a:('-1', '0', '0', '0'),b:('0', '0', '-1', '0'),c:('-1', '0', '1', '0'): I(V) = 0   I(V^ss) = 0
==> t12839 chi#12=a:('0', '0', '-1', '0'),b:('-1', '0', '1', '0'),c:('1', '0', '0', '0') h1=1 m=2 psi=a:('-1', '0', '0', '0'),b:('0', '0', '-1', '0'),c:('0', '0', '-1', '0'): I(V) = 0   I(V^ss) = 0
==> t12839 chi#12=a:('0', '0', '-1', '0'),b:('-1', '0', '1', '0'),c:('1', '0', '0', '0') h1=1 m=2 psi=a:('0', '0', '-1', '0'),b:('1', '0', '0', '0'),c:('1', '0', '0', '0'): I(V) = 0   I(V^ss) = 0
==> t12839 chi#12=a:('0', '0', '-1', '0'),b:('-1', '0', '1', '0'),c:('1', '0', '0', '0') h1=1 m=2 psi=a:('0', '0', '-1', '0'),b:('1', '0', '0', '0'),c:('-1', '0', '1', '0'): I(V) = 0   I(V^ss) = 0
==> t12839 chi#12=a:('0', '0', '-1', '0'),b:('-1', '0', '1', '0'),c:('1', '0', '0', '0') h1=1 m=2 psi=a:('0', '0', '-1', '0'),b:('1', '0', '0', '0'),c:('0', '0', '-1', '0'): I(V) = -1   I(V^ss) = 0
==> t12839 chi#12=a:('0', '0', '-1', '0'),b:('-1', '0', '1', '0'),c:('1', '0', '0', '0') h1=1 m=2 psi=a:('0', '0', '-1', '0'),b:('-1', '0', '1', '0'),c:('1', '0', '0', '0'): I(V) = 0   I(V^ss) = 0
==> t12839 chi#12=a:('0', '0', '-1', '0'),b:('-1', '0', '1', '0'),c:('1', '0', '0', '0') h1=1 m=2 psi=a:('0', '0', '-1', '0'),b:('-1', '0', '1', '0'),c:('-1', '0', '1', '0'): I(V) = 0   I(V^ss) = 0
==> t12839 chi#12=a:('0', '0', '-1', '0'),b:('-1', '0', '1', '0'),c:('1', '0', '0', '0') h1=1 m=2 psi=a:('0', '0', '-1', '0'),b:('-1', '0', '1', '0'),c:('0', '0', '-1', '0'): I(V) = 0   I(V^ss) = 0
==> t12839 chi#12=a:('0', '0', '-1', '0'),b:('-1', '0', '1', '0'),c:('1', '0', '0', '0') h1=1 m=2 psi=a:('0', '0', '-1', '0'),b:('0', '0', '-1', '0'),c:('1', '0', '0', '0'): I(V) = 0   I(V^ss) = 0
==> t12839 chi#12=a:('0', '0', '-1', '0'),b:('-1', '0', '1', '0'),c:('1', '0', '0', '0') h1=1 m=2 psi=a:('0', '0', '-1', '0'),b:('0', '0', '-1', '0'),c:('-1', '0', '1', '0'): I(V) = 0   I(V^ss) = 0
==> t12839 chi#12=a:('0', '0', '-1', '0'),b:('-1', '0', '1', '0'),c:('1', '0', '0', '0') h1=1 m=2 psi=a:('0', '0', '-1', '0'),b:('0', '0', '-1', '0'),c:('0', '0', '-1', '0'): I(V) = 0   I(V^ss) = 0
==> t12839 chi#12=a:('0', '0', '-1', '0'),b:('-1', '0', '1', '0'),c:('1', '0', '0', '0') h1=1 m=2 psi=a:('1', '0', '-1', '0'),b:('1', '0', '0', '0'),c:('1', '0', '0', '0'): I(V) = 0   I(V^ss) = 0
==> t12839 chi#12=a:('0', '0', '-1', '0'),b:('-1', '0', '1', '0'),c:('1', '0', '0', '0') h1=1 m=2 psi=a:('1', '0', '-1', '0'),b:('1', '0', '0', '0'),c:('-1', '0', '1', '0'): I(V) = 0   I(V^ss) = 0
==> t12839 chi#12=a:('0', '0', '-1', '0'),b:('-1', '0', '1', '0'),c:('1', '0', '0', '0') h1=1 m=2 psi=a:('1', '0', '-1', '0'),b:('1', '0', '0', '0'),c:('0', '0', '-1', '0'): I(V) = 0   I(V^ss) = 0
==> t12839 chi#12=a:('0', '0', '-1', '0'),b:('-1', '0', '1', '0'),c:('1', '0', '0', '0') h1=1 m=2 psi=a:('1', '0', '-1', '0'),b:('-1', '0', '1', '0'),c:('1', '0', '0', '0'): I(V) = 0   I(V^ss) = 0
==> t12839 chi#12=a:('0', '0', '-1', '0'),b:('-1', '0', '1', '0'),c:('1', '0', '0', '0') h1=1 m=2 psi=a:('1', '0', '-1', '0'),b:('-1', '0', '1', '0'),c:('-1', '0', '1', '0'): I(V) = 0   I(V^ss) = 0
==> t12839 chi#12=a:('0', '0', '-1', '0'),b:('-1', '0', '1', '0'),c:('1', '0', '0', '0') h1=1 m=2 psi=a:('1', '0', '-1', '0'),b:('-1', '0', '1', '0'),c:('0', '0', '-1', '0'): I(V) = 0   I(V^ss) = 0
==> t12839 chi#12=a:('0', '0', '-1', '0'),b:('-1', '0', '1', '0'),c:('1', '0', '0', '0') h1=1 m=2 psi=a:('1', '0', '-1', '0'),b:('0', '0', '-1', '0'),c:('1', '0', '0', '0'): I(V) = 0   I(V^ss) = 0
==> t12839 chi#12=a:('0', '0', '-1', '0'),b:('-1', '0', '1', '0'),c:('1', '0', '0', '0') h1=1 m=2 psi=a:('1', '0', '-1', '0'),b:('0', '0', '-1', '0'),c:('-1', '0', '1', '0'): I(V) = 0   I(V^ss) = 0
==> t12839 chi#12=a:('0', '0', '-1', '0'),b:('-1', '0', '1', '0'),c:('1', '0', '0', '0') h1=1 m=2 psi=a:('1', '0', '-1', '0'),b:('0', '0', '-1', '0'),c:('0', '0', '-1', '0'): I(V) = 0   I(V^ss) = 0
==> t12839 chi#12=a:('0', '0', '-1', '0'),b:('-1', '0', '1', '0'),c:('1', '0', '0', '0') h1=1 m=2 psi=chi^1: I(V) = 0   I(V^ss) = 0
==> t12839 chi#12=a:('0', '0', '-1', '0'),b:('-1', '0', '1', '0'),c:('1', '0', '0', '0') h1=1 m=2 psi=chi^2: I(V) = 0   I(V^ss) = 0
==> t12839 chi#12=a:('0', '0', '-1', '0'),b:('-1', '0', '1', '0'),c:('1', '0', '0', '0') h1=1 m=2 psi=chi^3: I(V) = 0   I(V^ss) = 0
==> t12839 chi#12=a:('0', '0', '-1', '0'),b:('-1', '0', '1', '0'),c:('1', '0', '0', '0') h1=1 m=3 psi=a:('1', '0', '0', '0'),b:('1', '0', '0', '0'),c:('1', '0', '0', '0'): I(V) = 0   I(V^ss) = 0
==> t12839 chi#12=a:('0', '0', '-1', '0'),b:('-1', '0', '1', '0'),c:('1', '0', '0', '0') h1=1 m=3 psi=a:('1', '0', '0', '0'),b:('1', '0', '0', '0'),c:('-1', '0', '1', '0'): I(V) = 0   I(V^ss) = 0
==> t12839 chi#12=a:('0', '0', '-1', '0'),b:('-1', '0', '1', '0'),c:('1', '0', '0', '0') h1=1 m=3 psi=a:('1', '0', '0', '0'),b:('1', '0', '0', '0'),c:('0', '0', '-1', '0'): I(V) = 0   I(V^ss) = 0
==> t12839 chi#12=a:('0', '0', '-1', '0'),b:('-1', '0', '1', '0'),c:('1', '0', '0', '0') h1=1 m=3 psi=a:('1', '0', '0', '0'),b:('-1', '0', '1', '0'),c:('1', '0', '0', '0'): I(V) = 0   I(V^ss) = 0
==> t12839 chi#12=a:('0', '0', '-1', '0'),b:('-1', '0', '1', '0'),c:('1', '0', '0', '0') h1=1 m=3 psi=a:('1', '0', '0', '0'),b:('-1', '0', '1', '0'),c:('-1', '0', '1', '0'): I(V) = 0   I(V^ss) = 0
==> t12839 chi#12=a:('0', '0', '-1', '0'),b:('-1', '0', '1', '0'),c:('1', '0', '0', '0') h1=1 m=3 psi=a:('1', '0', '0', '0'),b:('-1', '0', '1', '0'),c:('0', '0', '-1', '0'): I(V) = 0   I(V^ss) = 0
==> t12839 chi#12=a:('0', '0', '-1', '0'),b:('-1', '0', '1', '0'),c:('1', '0', '0', '0') h1=1 m=3 psi=a:('1', '0', '0', '0'),b:('0', '0', '-1', '0'),c:('1', '0', '0', '0'): I(V) = 0   I(V^ss) = 0
==> t12839 chi#12=a:('0', '0', '-1', '0'),b:('-1', '0', '1', '0'),c:('1', '0', '0', '0') h1=1 m=3 psi=a:('1', '0', '0', '0'),b:('0', '0', '-1', '0'),c:('-1', '0', '1', '0'): I(V) = 0   I(V^ss) = 0
==> t12839 chi#12=a:('0', '0', '-1', '0'),b:('-1', '0', '1', '0'),c:('1', '0', '0', '0') h1=1 m=3 psi=a:('1', '0', '0', '0'),b:('0', '0', '-1', '0'),c:('0', '0', '-1', '0'): I(V) = 0   I(V^ss) = 0
==> t12839 chi#12=a:('0', '0', '-1', '0'),b:('-1', '0', '1', '0'),c:('1', '0', '0', '0') h1=1 m=3 psi=a:('0', '0', '1', '0'),b:('1', '0', '0', '0'),c:('1', '0', '0', '0'): I(V) = 0   I(V^ss) = 0
==> t12839 chi#12=a:('0', '0', '-1', '0'),b:('-1', '0', '1', '0'),c:('1', '0', '0', '0') h1=1 m=3 psi=a:('0', '0', '1', '0'),b:('1', '0', '0', '0'),c:('-1', '0', '1', '0'): I(V) = 0   I(V^ss) = 0
==> t12839 chi#12=a:('0', '0', '-1', '0'),b:('-1', '0', '1', '0'),c:('1', '0', '0', '0') h1=1 m=3 psi=a:('0', '0', '1', '0'),b:('1', '0', '0', '0'),c:('0', '0', '-1', '0'): I(V) = 0   I(V^ss) = 0
==> t12839 chi#12=a:('0', '0', '-1', '0'),b:('-1', '0', '1', '0'),c:('1', '0', '0', '0') h1=1 m=3 psi=a:('0', '0', '1', '0'),b:('-1', '0', '1', '0'),c:('1', '0', '0', '0'): I(V) = 0   I(V^ss) = 0
==> t12839 chi#12=a:('0', '0', '-1', '0'),b:('-1', '0', '1', '0'),c:('1', '0', '0', '0') h1=1 m=3 psi=a:('0', '0', '1', '0'),b:('-1', '0', '1', '0'),c:('-1', '0', '1', '0'): I(V) = 0   I(V^ss) = 0
==> t12839 chi#12=a:('0', '0', '-1', '0'),b:('-1', '0', '1', '0'),c:('1', '0', '0', '0') h1=1 m=3 psi=a:('0', '0', '1', '0'),b:('-1', '0', '1', '0'),c:('0', '0', '-1', '0'): I(V) = 0   I(V^ss) = 0
==> t12839 chi#12=a:('0', '0', '-1', '0'),b:('-1', '0', '1', '0'),c:('1', '0', '0', '0') h1=1 m=3 psi=a:('0', '0', '1', '0'),b:('0', '0', '-1', '0'),c:('1', '0', '0', '0'): I(V) = 0   I(V^ss) = 0
==> t12839 chi#12=a:('0', '0', '-1', '0'),b:('-1', '0', '1', '0'),c:('1', '0', '0', '0') h1=1 m=3 psi=a:('0', '0', '1', '0'),b:('0', '0', '-1', '0'),c:('-1', '0', '1', '0'): I(V) = 0   I(V^ss) = 0
==> t12839 chi#12=a:('0', '0', '-1', '0'),b:('-1', '0', '1', '0'),c:('1', '0', '0', '0') h1=1 m=3 psi=a:('0', '0', '1', '0'),b:('0', '0', '-1', '0'),c:('0', '0', '-1', '0'): I(V) = 0   I(V^ss) = 0
==> t12839 chi#12=a:('0', '0', '-1', '0'),b:('-1', '0', '1', '0'),c:('1', '0', '0', '0') h1=1 m=3 psi=a:('-1', '0', '1', '0'),b:('1', '0', '0', '0'),c:('1', '0', '0', '0'): I(V) = 0   I(V^ss) = 0
==> t12839 chi#12=a:('0', '0', '-1', '0'),b:('-1', '0', '1', '0'),c:('1', '0', '0', '0') h1=1 m=3 psi=a:('-1', '0', '1', '0'),b:('1', '0', '0', '0'),c:('-1', '0', '1', '0'): I(V) = 0   I(V^ss) = 0
==> t12839 chi#12=a:('0', '0', '-1', '0'),b:('-1', '0', '1', '0'),c:('1', '0', '0', '0') h1=1 m=3 psi=a:('-1', '0', '1', '0'),b:('1', '0', '0', '0'),c:('0', '0', '-1', '0'): I(V) = 0   I(V^ss) = 0
==> t12839 chi#12=a:('0', '0', '-1', '0'),b:('-1', '0', '1', '0'),c:('1', '0', '0', '0') h1=1 m=3 psi=a:('-1', '0', '1', '0'),b:('-1', '0', '1', '0'),c:('1', '0', '0', '0'): I(V) = 0   I(V^ss) = 0
==> t12839 chi#12=a:('0', '0', '-1', '0'),b:('-1', '0', '1', '0'),c:('1', '0', '0', '0') h1=1 m=3 psi=a:('-1', '0', '1', '0'),b:('-1', '0', '1', '0'),c:('-1', '0', '1', '0'): I(V) = 0   I(V^ss) = 0
==> t12839 chi#12=a:('0', '0', '-1', '0'),b:('-1', '0', '1', '0'),c:('1', '0', '0', '0') h1=1 m=3 psi=a:('-1', '0', '1', '0'),b:('-1', '0', '1', '0'),c:('0', '0', '-1', '0'): I(V) = 0   I(V^ss) = 0
==> t12839 chi#12=a:('0', '0', '-1', '0'),b:('-1', '0', '1', '0'),c:('1', '0', '0', '0') h1=1 m=3 psi=a:('-1', '0', '1', '0'),b:('0', '0', '-1', '0'),c:('1', '0', '0', '0'): I(V) = 0   I(V^ss) = 0
==> t12839 chi#12=a:('0', '0', '-1', '0'),b:('-1', '0', '1', '0'),c:('1', '0', '0', '0') h1=1 m=3 psi=a:('-1', '0', '1', '0'),b:('0', '0', '-1', '0'),c:('-1', '0', '1', '0'): I(V) = 0   I(V^ss) = 0
==> t12839 chi#12=a:('0', '0', '-1', '0'),b:('-1', '0', '1', '0'),c:('1', '0', '0', '0') h1=1 m=3 psi=a:('-1', '0', '1', '0'),b:('0', '0', '-1', '0'),c:('0', '0', '-1', '0'): I(V) = 0   I(V^ss) = 0
==> t12839 chi#12=a:('0', '0', '-1', '0'),b:('-1', '0', '1', '0'),c:('1', '0', '0', '0') h1=1 m=3 psi=a:('-1', '0', '0', '0'),b:('1', '0', '0', '0'),c:('1', '0', '0', '0'): I(V) = 0   I(V^ss) = 0
==> t12839 chi#12=a:('0', '0', '-1', '0'),b:('-1', '0', '1', '0'),c:('1', '0', '0', '0') h1=1 m=3 psi=a:('-1', '0', '0', '0'),b:('1', '0', '0', '0'),c:('-1', '0', '1', '0'): I(V) = 0   I(V^ss) = 0
==> t12839 chi#12=a:('0', '0', '-1', '0'),b:('-1', '0', '1', '0'),c:('1', '0', '0', '0') h1=1 m=3 psi=a:('-1', '0', '0', '0'),b:('1', '0', '0', '0'),c:('0', '0', '-1', '0'): I(V) = 0   I(V^ss) = 0
==> t12839 chi#12=a:('0', '0', '-1', '0'),b:('-1', '0', '1', '0'),c:('1', '0', '0', '0') h1=1 m=3 psi=a:('-1', '0', '0', '0'),b:('-1', '0', '1', '0'),c:('1', '0', '0', '0'): I(V) = 0   I(V^ss) = 0
==> t12839 chi#12=a:('0', '0', '-1', '0'),b:('-1', '0', '1', '0'),c:('1', '0', '0', '0') h1=1 m=3 psi=a:('-1', '0', '0', '0'),b:('-1', '0', '1', '0'),c:('-1', '0', '1', '0'): I(V) = 0   I(V^ss) = 0
==> t12839 chi#12=a:('0', '0', '-1', '0'),b:('-1', '0', '1', '0'),c:('1', '0', '0', '0') h1=1 m=3 psi=a:('-1', '0', '0', '0'),b:('-1', '0', '1', '0'),c:('0', '0', '-1', '0'): I(V) = 0   I(V^ss) = 0
==> t12839 chi#12=a:('0', '0', '-1', '0'),b:('-1', '0', '1', '0'),c:('1', '0', '0', '0') h1=1 m=3 psi=a:('-1', '0', '0', '0'),b:('0', '0', '-1', '0'),c:('1', '0', '0', '0'): I(V) = 0   I(V^ss) = 0
==> t12839 chi#12=a:('0', '0', '-1', '0'),b:('-1', '0', '1', '0'),c:('1', '0', '0', '0') h1=1 m=3 psi=a:('-1', '0', '0', '0'),b:('0', '0', '-1', '0'),c:('-1', '0', '1', '0'): I(V) = 0   I(V^ss) = 0
==> t12839 chi#12=a:('0', '0', '-1', '0'),b:('-1', '0', '1', '0'),c:('1', '0', '0', '0') h1=1 m=3 psi=a:('-1', '0', '0', '0'),b:('0', '0', '-1', '0'),c:('0', '0', '-1', '0'): I(V) = 0   I(V^ss) = 0
==> t12839 chi#12=a:('0', '0', '-1', '0'),b:('-1', '0', '1', '0'),c:('1', '0', '0', '0') h1=1 m=3 psi=a:('0', '0', '-1', '0'),b:('1', '0', '0', '0'),c:('1', '0', '0', '0'): I(V) = 0   I(V^ss) = 0
==> t12839 chi#12=a:('0', '0', '-1', '0'),b:('-1', '0', '1', '0'),c:('1', '0', '0', '0') h1=1 m=3 psi=a:('0', '0', '-1', '0'),b:('1', '0', '0', '0'),c:('-1', '0', '1', '0'): I(V) = 0   I(V^ss) = 0
==> t12839 chi#12=a:('0', '0', '-1', '0'),b:('-1', '0', '1', '0'),c:('1', '0', '0', '0') h1=1 m=3 psi=a:('0', '0', '-1', '0'),b:('1', '0', '0', '0'),c:('0', '0', '-1', '0'): I(V) = 0   I(V^ss) = 0
==> t12839 chi#12=a:('0', '0', '-1', '0'),b:('-1', '0', '1', '0'),c:('1', '0', '0', '0') h1=1 m=3 psi=a:('0', '0', '-1', '0'),b:('-1', '0', '1', '0'),c:('1', '0', '0', '0'): I(V) = 0   I(V^ss) = 0
==> t12839 chi#12=a:('0', '0', '-1', '0'),b:('-1', '0', '1', '0'),c:('1', '0', '0', '0') h1=1 m=3 psi=a:('0', '0', '-1', '0'),b:('-1', '0', '1', '0'),c:('-1', '0', '1', '0'): I(V) = 0   I(V^ss) = 0
==> t12839 chi#12=a:('0', '0', '-1', '0'),b:('-1', '0', '1', '0'),c:('1', '0', '0', '0') h1=1 m=3 psi=a:('0', '0', '-1', '0'),b:('-1', '0', '1', '0'),c:('0', '0', '-1', '0'): I(V) = 0   I(V^ss) = 0
==> t12839 chi#12=a:('0', '0', '-1', '0'),b:('-1', '0', '1', '0'),c:('1', '0', '0', '0') h1=1 m=3 psi=a:('0', '0', '-1', '0'),b:('0', '0', '-1', '0'),c:('1', '0', '0', '0'): I(V) = 0   I(V^ss) = 0
==> t12839 chi#12=a:('0', '0', '-1', '0'),b:('-1', '0', '1', '0'),c:('1', '0', '0', '0') h1=1 m=3 psi=a:('0', '0', '-1', '0'),b:('0', '0', '-1', '0'),c:('-1', '0', '1', '0'): I(V) = 0   I(V^ss) = 0
==> t12839 chi#12=a:('0', '0', '-1', '0'),b:('-1', '0', '1', '0'),c:('1', '0', '0', '0') h1=1 m=3 psi=a:('0', '0', '-1', '0'),b:('0', '0', '-1', '0'),c:('0', '0', '-1', '0'): I(V) = 0   I(V^ss) = 0
==> t12839 chi#12=a:('0', '0', '-1', '0'),b:('-1', '0', '1', '0'),c:('1', '0', '0', '0') h1=1 m=3 psi=a:('1', '0', '-1', '0'),b:('1', '0', '0', '0'),c:('1', '0', '0', '0'): I(V) = 0   I(V^ss) = 0
==> t12839 chi#12=a:('0', '0', '-1', '0'),b:('-1', '0', '1', '0'),c:('1', '0', '0', '0') h1=1 m=3 psi=a:('1', '0', '-1', '0'),b:('1', '0', '0', '0'),c:('-1', '0', '1', '0'): I(V) = 0   I(V^ss) = 0
==> t12839 chi#12=a:('0', '0', '-1', '0'),b:('-1', '0', '1', '0'),c:('1', '0', '0', '0') h1=1 m=3 psi=a:('1', '0', '-1', '0'),b:('1', '0', '0', '0'),c:('0', '0', '-1', '0'): I(V) = 0   I(V^ss) = 0
==> t12839 chi#12=a:('0', '0', '-1', '0'),b:('-1', '0', '1', '0'),c:('1', '0', '0', '0') h1=1 m=3 psi=a:('1', '0', '-1', '0'),b:('-1', '0', '1', '0'),c:('1', '0', '0', '0'): I(V) = 0   I(V^ss) = 0
==> t12839 chi#12=a:('0', '0', '-1', '0'),b:('-1', '0', '1', '0'),c:('1', '0', '0', '0') h1=1 m=3 psi=a:('1', '0', '-1', '0'),b:('-1', '0', '1', '0'),c:('-1', '0', '1', '0'): I(V) = 0   I(V^ss) = 0
==> t12839 chi#12=a:('0', '0', '-1', '0'),b:('-1', '0', '1', '0'),c:('1', '0', '0', '0') h1=1 m=3 psi=a:('1', '0', '-1', '0'),b:('-1', '0', '1', '0'),c:('0', '0', '-1', '0'): I(V) = 0   I(V^ss) = 0
==> t12839 chi#12=a:('0', '0', '-1', '0'),b:('-1', '0', '1', '0'),c:('1', '0', '0', '0') h1=1 m=3 psi=a:('1', '0', '-1', '0'),b:('0', '0', '-1', '0'),c:('1', '0', '0', '0'): I(V) = 0   I(V^ss) = 0
==> t12839 chi#12=a:('0', '0', '-1', '0'),b:('-1', '0', '1', '0'),c:('1', '0', '0', '0') h1=1 m=3 psi=a:('1', '0', '-1', '0'),b:('0', '0', '-1', '0'),c:('-1', '0', '1', '0'): I(V) = 0   I(V^ss) = 0
==> t12839 chi#12=a:('0', '0', '-1', '0'),b:('-1', '0', '1', '0'),c:('1', '0', '0', '0') h1=1 m=3 psi=a:('1', '0', '-1', '0'),b:('0', '0', '-1', '0'),c:('0', '0', '-1', '0'): I(V) = 0   I(V^ss) = 0
==> t12839 chi#12=a:('0', '0', '-1', '0'),b:('-1', '0', '1', '0'),c:('1', '0', '0', '0') h1=1 m=3 psi=chi^1: I(V) = 0   I(V^ss) = 0
==> t12839 chi#12=a:('0', '0', '-1', '0'),b:('-1', '0', '1', '0'),c:('1', '0', '0', '0') h1=1 m=3 psi=chi^2: I(V) = 0   I(V^ss) = 0
==> t12839 chi#12=a:('0', '0', '-1', '0'),b:('-1', '0', '1', '0'),c:('1', '0', '0', '0') h1=1 m=3 psi=chi^3: I(V) = 0   I(V^ss) = 0
  locus chi#13=a:('0', '0', '-1', '0'),b:('0', '0', '-1', '0'),c:('-1', '0', '1', '0') h1=1
==> t12839 chi#13=a:('0', '0', '-1', '0'),b:('0', '0', '-1', '0'),c:('-1', '0', '1', '0') h1=1 m=1 psi=a:('1', '0', '0', '0'),b:('1', '0', '0', '0'),c:('1', '0', '0', '0'): I(V) = 0   I(V^ss) = 0
==> t12839 chi#13=a:('0', '0', '-1', '0'),b:('0', '0', '-1', '0'),c:('-1', '0', '1', '0') h1=1 m=1 psi=a:('1', '0', '0', '0'),b:('1', '0', '0', '0'),c:('-1', '0', '1', '0'): I(V) = 0   I(V^ss) = 0
==> t12839 chi#13=a:('0', '0', '-1', '0'),b:('0', '0', '-1', '0'),c:('-1', '0', '1', '0') h1=1 m=1 psi=a:('1', '0', '0', '0'),b:('1', '0', '0', '0'),c:('0', '0', '-1', '0'): I(V) = 0   I(V^ss) = 0
==> t12839 chi#13=a:('0', '0', '-1', '0'),b:('0', '0', '-1', '0'),c:('-1', '0', '1', '0') h1=1 m=1 psi=a:('1', '0', '0', '0'),b:('-1', '0', '1', '0'),c:('1', '0', '0', '0'): I(V) = 0   I(V^ss) = 0
==> t12839 chi#13=a:('0', '0', '-1', '0'),b:('0', '0', '-1', '0'),c:('-1', '0', '1', '0') h1=1 m=1 psi=a:('1', '0', '0', '0'),b:('-1', '0', '1', '0'),c:('-1', '0', '1', '0'): I(V) = -1   I(V^ss) = 0
==> t12839 chi#13=a:('0', '0', '-1', '0'),b:('0', '0', '-1', '0'),c:('-1', '0', '1', '0') h1=1 m=1 psi=a:('1', '0', '0', '0'),b:('-1', '0', '1', '0'),c:('0', '0', '-1', '0'): I(V) = 0   I(V^ss) = 0
==> t12839 chi#13=a:('0', '0', '-1', '0'),b:('0', '0', '-1', '0'),c:('-1', '0', '1', '0') h1=1 m=1 psi=a:('1', '0', '0', '0'),b:('0', '0', '-1', '0'),c:('1', '0', '0', '0'): I(V) = 0   I(V^ss) = 0
==> t12839 chi#13=a:('0', '0', '-1', '0'),b:('0', '0', '-1', '0'),c:('-1', '0', '1', '0') h1=1 m=1 psi=a:('1', '0', '0', '0'),b:('0', '0', '-1', '0'),c:('-1', '0', '1', '0'): I(V) = 0   I(V^ss) = 0
==> t12839 chi#13=a:('0', '0', '-1', '0'),b:('0', '0', '-1', '0'),c:('-1', '0', '1', '0') h1=1 m=1 psi=a:('1', '0', '0', '0'),b:('0', '0', '-1', '0'),c:('0', '0', '-1', '0'): I(V) = 1   I(V^ss) = 0
==> t12839 chi#13=a:('0', '0', '-1', '0'),b:('0', '0', '-1', '0'),c:('-1', '0', '1', '0') h1=1 m=1 psi=a:('0', '0', '1', '0'),b:('1', '0', '0', '0'),c:('1', '0', '0', '0'): I(V) = 0   I(V^ss) = 0
==> t12839 chi#13=a:('0', '0', '-1', '0'),b:('0', '0', '-1', '0'),c:('-1', '0', '1', '0') h1=1 m=1 psi=a:('0', '0', '1', '0'),b:('1', '0', '0', '0'),c:('-1', '0', '1', '0'): I(V) = 0   I(V^ss) = 0
==> t12839 chi#13=a:('0', '0', '-1', '0'),b:('0', '0', '-1', '0'),c:('-1', '0', '1', '0') h1=1 m=1 psi=a:('0', '0', '1', '0'),b:('1', '0', '0', '0'),c:('0', '0', '-1', '0'): I(V) = 0   I(V^ss) = 0
==> t12839 chi#13=a:('0', '0', '-1', '0'),b:('0', '0', '-1', '0'),c:('-1', '0', '1', '0') h1=1 m=1 psi=a:('0', '0', '1', '0'),b:('-1', '0', '1', '0'),c:('1', '0', '0', '0'): I(V) = 0   I(V^ss) = 0
==> t12839 chi#13=a:('0', '0', '-1', '0'),b:('0', '0', '-1', '0'),c:('-1', '0', '1', '0') h1=1 m=1 psi=a:('0', '0', '1', '0'),b:('-1', '0', '1', '0'),c:('-1', '0', '1', '0'): I(V) = 0   I(V^ss) = 0
==> t12839 chi#13=a:('0', '0', '-1', '0'),b:('0', '0', '-1', '0'),c:('-1', '0', '1', '0') h1=1 m=1 psi=a:('0', '0', '1', '0'),b:('-1', '0', '1', '0'),c:('0', '0', '-1', '0'): I(V) = 0   I(V^ss) = 0
==> t12839 chi#13=a:('0', '0', '-1', '0'),b:('0', '0', '-1', '0'),c:('-1', '0', '1', '0') h1=1 m=1 psi=a:('0', '0', '1', '0'),b:('0', '0', '-1', '0'),c:('1', '0', '0', '0'): I(V) = 0   I(V^ss) = 0
==> t12839 chi#13=a:('0', '0', '-1', '0'),b:('0', '0', '-1', '0'),c:('-1', '0', '1', '0') h1=1 m=1 psi=a:('0', '0', '1', '0'),b:('0', '0', '-1', '0'),c:('-1', '0', '1', '0'): I(V) = 0   I(V^ss) = 0
==> t12839 chi#13=a:('0', '0', '-1', '0'),b:('0', '0', '-1', '0'),c:('-1', '0', '1', '0') h1=1 m=1 psi=a:('0', '0', '1', '0'),b:('0', '0', '-1', '0'),c:('0', '0', '-1', '0'): I(V) = 0   I(V^ss) = 0
==> t12839 chi#13=a:('0', '0', '-1', '0'),b:('0', '0', '-1', '0'),c:('-1', '0', '1', '0') h1=1 m=1 psi=a:('-1', '0', '1', '0'),b:('1', '0', '0', '0'),c:('1', '0', '0', '0'): I(V) = 0   I(V^ss) = 0
==> t12839 chi#13=a:('0', '0', '-1', '0'),b:('0', '0', '-1', '0'),c:('-1', '0', '1', '0') h1=1 m=1 psi=a:('-1', '0', '1', '0'),b:('1', '0', '0', '0'),c:('-1', '0', '1', '0'): I(V) = -1   I(V^ss) = 0
==> t12839 chi#13=a:('0', '0', '-1', '0'),b:('0', '0', '-1', '0'),c:('-1', '0', '1', '0') h1=1 m=1 psi=a:('-1', '0', '1', '0'),b:('1', '0', '0', '0'),c:('0', '0', '-1', '0'): I(V) = 0   I(V^ss) = 0
==> t12839 chi#13=a:('0', '0', '-1', '0'),b:('0', '0', '-1', '0'),c:('-1', '0', '1', '0') h1=1 m=1 psi=a:('-1', '0', '1', '0'),b:('-1', '0', '1', '0'),c:('1', '0', '0', '0'): I(V) = 0   I(V^ss) = 0
==> t12839 chi#13=a:('0', '0', '-1', '0'),b:('0', '0', '-1', '0'),c:('-1', '0', '1', '0') h1=1 m=1 psi=a:('-1', '0', '1', '0'),b:('-1', '0', '1', '0'),c:('-1', '0', '1', '0'): I(V) = 0   I(V^ss) = 0
==> t12839 chi#13=a:('0', '0', '-1', '0'),b:('0', '0', '-1', '0'),c:('-1', '0', '1', '0') h1=1 m=1 psi=a:('-1', '0', '1', '0'),b:('-1', '0', '1', '0'),c:('0', '0', '-1', '0'): I(V) = 0   I(V^ss) = 0
==> t12839 chi#13=a:('0', '0', '-1', '0'),b:('0', '0', '-1', '0'),c:('-1', '0', '1', '0') h1=1 m=1 psi=a:('-1', '0', '1', '0'),b:('0', '0', '-1', '0'),c:('1', '0', '0', '0'): I(V) = 0   I(V^ss) = 0
==> t12839 chi#13=a:('0', '0', '-1', '0'),b:('0', '0', '-1', '0'),c:('-1', '0', '1', '0') h1=1 m=1 psi=a:('-1', '0', '1', '0'),b:('0', '0', '-1', '0'),c:('-1', '0', '1', '0'): I(V) = 0   I(V^ss) = 0
==> t12839 chi#13=a:('0', '0', '-1', '0'),b:('0', '0', '-1', '0'),c:('-1', '0', '1', '0') h1=1 m=1 psi=a:('-1', '0', '1', '0'),b:('0', '0', '-1', '0'),c:('0', '0', '-1', '0'): I(V) = 0   I(V^ss) = 0
==> t12839 chi#13=a:('0', '0', '-1', '0'),b:('0', '0', '-1', '0'),c:('-1', '0', '1', '0') h1=1 m=1 psi=a:('-1', '0', '0', '0'),b:('1', '0', '0', '0'),c:('1', '0', '0', '0'): I(V) = 0   I(V^ss) = 0
==> t12839 chi#13=a:('0', '0', '-1', '0'),b:('0', '0', '-1', '0'),c:('-1', '0', '1', '0') h1=1 m=1 psi=a:('-1', '0', '0', '0'),b:('1', '0', '0', '0'),c:('-1', '0', '1', '0'): I(V) = 0   I(V^ss) = 0
==> t12839 chi#13=a:('0', '0', '-1', '0'),b:('0', '0', '-1', '0'),c:('-1', '0', '1', '0') h1=1 m=1 psi=a:('-1', '0', '0', '0'),b:('1', '0', '0', '0'),c:('0', '0', '-1', '0'): I(V) = 0   I(V^ss) = 0
==> t12839 chi#13=a:('0', '0', '-1', '0'),b:('0', '0', '-1', '0'),c:('-1', '0', '1', '0') h1=1 m=1 psi=a:('-1', '0', '0', '0'),b:('-1', '0', '1', '0'),c:('1', '0', '0', '0'): I(V) = 0   I(V^ss) = 0
==> t12839 chi#13=a:('0', '0', '-1', '0'),b:('0', '0', '-1', '0'),c:('-1', '0', '1', '0') h1=1 m=1 psi=a:('-1', '0', '0', '0'),b:('-1', '0', '1', '0'),c:('-1', '0', '1', '0'): I(V) = 0   I(V^ss) = 0
==> t12839 chi#13=a:('0', '0', '-1', '0'),b:('0', '0', '-1', '0'),c:('-1', '0', '1', '0') h1=1 m=1 psi=a:('-1', '0', '0', '0'),b:('-1', '0', '1', '0'),c:('0', '0', '-1', '0'): I(V) = 0   I(V^ss) = 0
==> t12839 chi#13=a:('0', '0', '-1', '0'),b:('0', '0', '-1', '0'),c:('-1', '0', '1', '0') h1=1 m=1 psi=a:('-1', '0', '0', '0'),b:('0', '0', '-1', '0'),c:('1', '0', '0', '0'): I(V) = 0   I(V^ss) = 0
==> t12839 chi#13=a:('0', '0', '-1', '0'),b:('0', '0', '-1', '0'),c:('-1', '0', '1', '0') h1=1 m=1 psi=a:('-1', '0', '0', '0'),b:('0', '0', '-1', '0'),c:('-1', '0', '1', '0'): I(V) = 0   I(V^ss) = 0
==> t12839 chi#13=a:('0', '0', '-1', '0'),b:('0', '0', '-1', '0'),c:('-1', '0', '1', '0') h1=1 m=1 psi=a:('-1', '0', '0', '0'),b:('0', '0', '-1', '0'),c:('0', '0', '-1', '0'): I(V) = 0   I(V^ss) = 0
==> t12839 chi#13=a:('0', '0', '-1', '0'),b:('0', '0', '-1', '0'),c:('-1', '0', '1', '0') h1=1 m=1 psi=a:('0', '0', '-1', '0'),b:('1', '0', '0', '0'),c:('1', '0', '0', '0'): I(V) = 0   I(V^ss) = 0
==> t12839 chi#13=a:('0', '0', '-1', '0'),b:('0', '0', '-1', '0'),c:('-1', '0', '1', '0') h1=1 m=1 psi=a:('0', '0', '-1', '0'),b:('1', '0', '0', '0'),c:('-1', '0', '1', '0'): I(V) = 0   I(V^ss) = 0
==> t12839 chi#13=a:('0', '0', '-1', '0'),b:('0', '0', '-1', '0'),c:('-1', '0', '1', '0') h1=1 m=1 psi=a:('0', '0', '-1', '0'),b:('1', '0', '0', '0'),c:('0', '0', '-1', '0'): I(V) = 1   I(V^ss) = 0
==> t12839 chi#13=a:('0', '0', '-1', '0'),b:('0', '0', '-1', '0'),c:('-1', '0', '1', '0') h1=1 m=1 psi=a:('0', '0', '-1', '0'),b:('-1', '0', '1', '0'),c:('1', '0', '0', '0'): I(V) = 0   I(V^ss) = 0
==> t12839 chi#13=a:('0', '0', '-1', '0'),b:('0', '0', '-1', '0'),c:('-1', '0', '1', '0') h1=1 m=1 psi=a:('0', '0', '-1', '0'),b:('-1', '0', '1', '0'),c:('-1', '0', '1', '0'): I(V) = 0   I(V^ss) = 0
==> t12839 chi#13=a:('0', '0', '-1', '0'),b:('0', '0', '-1', '0'),c:('-1', '0', '1', '0') h1=1 m=1 psi=a:('0', '0', '-1', '0'),b:('-1', '0', '1', '0'),c:('0', '0', '-1', '0'): I(V) = 0   I(V^ss) = 0
==> t12839 chi#13=a:('0', '0', '-1', '0'),b:('0', '0', '-1', '0'),c:('-1', '0', '1', '0') h1=1 m=1 psi=a:('0', '0', '-1', '0'),b:('0', '0', '-1', '0'),c:('1', '0', '0', '0'): I(V) = 0   I(V^ss) = 0
==> t12839 chi#13=a:('0', '0', '-1', '0'),b:('0', '0', '-1', '0'),c:('-1', '0', '1', '0') h1=1 m=1 psi=a:('0', '0', '-1', '0'),b:('0', '0', '-1', '0'),c:('-1', '0', '1', '0'): I(V) = 0   I(V^ss) = 0
==> t12839 chi#13=a:('0', '0', '-1', '0'),b:('0', '0', '-1', '0'),c:('-1', '0', '1', '0') h1=1 m=1 psi=a:('0', '0', '-1', '0'),b:('0', '0', '-1', '0'),c:('0', '0', '-1', '0'): I(V) = 0   I(V^ss) = 0
==> t12839 chi#13=a:('0', '0', '-1', '0'),b:('0', '0', '-1', '0'),c:('-1', '0', '1', '0') h1=1 m=1 psi=a:('1', '0', '-1', '0'),b:('1', '0', '0', '0'),c:('1', '0', '0', '0'): I(V) = 0   I(V^ss) = 0
==> t12839 chi#13=a:('0', '0', '-1', '0'),b:('0', '0', '-1', '0'),c:('-1', '0', '1', '0') h1=1 m=1 psi=a:('1', '0', '-1', '0'),b:('1', '0', '0', '0'),c:('-1', '0', '1', '0'): I(V) = 0   I(V^ss) = 0
==> t12839 chi#13=a:('0', '0', '-1', '0'),b:('0', '0', '-1', '0'),c:('-1', '0', '1', '0') h1=1 m=1 psi=a:('1', '0', '-1', '0'),b:('1', '0', '0', '0'),c:('0', '0', '-1', '0'): I(V) = 0   I(V^ss) = 0
==> t12839 chi#13=a:('0', '0', '-1', '0'),b:('0', '0', '-1', '0'),c:('-1', '0', '1', '0') h1=1 m=1 psi=a:('1', '0', '-1', '0'),b:('-1', '0', '1', '0'),c:('1', '0', '0', '0'): I(V) = 0   I(V^ss) = 0
==> t12839 chi#13=a:('0', '0', '-1', '0'),b:('0', '0', '-1', '0'),c:('-1', '0', '1', '0') h1=1 m=1 psi=a:('1', '0', '-1', '0'),b:('-1', '0', '1', '0'),c:('-1', '0', '1', '0'): I(V) = 0   I(V^ss) = 0
==> t12839 chi#13=a:('0', '0', '-1', '0'),b:('0', '0', '-1', '0'),c:('-1', '0', '1', '0') h1=1 m=1 psi=a:('1', '0', '-1', '0'),b:('-1', '0', '1', '0'),c:('0', '0', '-1', '0'): I(V) = 0   I(V^ss) = 0
==> t12839 chi#13=a:('0', '0', '-1', '0'),b:('0', '0', '-1', '0'),c:('-1', '0', '1', '0') h1=1 m=1 psi=a:('1', '0', '-1', '0'),b:('0', '0', '-1', '0'),c:('1', '0', '0', '0'): I(V) = 0   I(V^ss) = 0
==> t12839 chi#13=a:('0', '0', '-1', '0'),b:('0', '0', '-1', '0'),c:('-1', '0', '1', '0') h1=1 m=1 psi=a:('1', '0', '-1', '0'),b:('0', '0', '-1', '0'),c:('-1', '0', '1', '0'): I(V) = 0   I(V^ss) = 0
==> t12839 chi#13=a:('0', '0', '-1', '0'),b:('0', '0', '-1', '0'),c:('-1', '0', '1', '0') h1=1 m=1 psi=a:('1', '0', '-1', '0'),b:('0', '0', '-1', '0'),c:('0', '0', '-1', '0'): I(V) = 0   I(V^ss) = 0
==> t12839 chi#13=a:('0', '0', '-1', '0'),b:('0', '0', '-1', '0'),c:('-1', '0', '1', '0') h1=1 m=1 psi=chi^1: I(V) = 0   I(V^ss) = 0
==> t12839 chi#13=a:('0', '0', '-1', '0'),b:('0', '0', '-1', '0'),c:('-1', '0', '1', '0') h1=1 m=1 psi=chi^2: I(V) = 0   I(V^ss) = 0
==> t12839 chi#13=a:('0', '0', '-1', '0'),b:('0', '0', '-1', '0'),c:('-1', '0', '1', '0') h1=1 m=1 psi=chi^3: I(V) = 0   I(V^ss) = 0
==> t12839 chi#13=a:('0', '0', '-1', '0'),b:('0', '0', '-1', '0'),c:('-1', '0', '1', '0') h1=1 m=2 psi=a:('1', '0', '0', '0'),b:('1', '0', '0', '0'),c:('1', '0', '0', '0'): I(V) = 0   I(V^ss) = 0
==> t12839 chi#13=a:('0', '0', '-1', '0'),b:('0', '0', '-1', '0'),c:('-1', '0', '1', '0') h1=1 m=2 psi=a:('1', '0', '0', '0'),b:('1', '0', '0', '0'),c:('-1', '0', '1', '0'): I(V) = 0   I(V^ss) = 0
==> t12839 chi#13=a:('0', '0', '-1', '0'),b:('0', '0', '-1', '0'),c:('-1', '0', '1', '0') h1=1 m=2 psi=a:('1', '0', '0', '0'),b:('1', '0', '0', '0'),c:('0', '0', '-1', '0'): I(V) = 0   I(V^ss) = 0
==> t12839 chi#13=a:('0', '0', '-1', '0'),b:('0', '0', '-1', '0'),c:('-1', '0', '1', '0') h1=1 m=2 psi=a:('1', '0', '0', '0'),b:('-1', '0', '1', '0'),c:('1', '0', '0', '0'): I(V) = 0   I(V^ss) = 0
==> t12839 chi#13=a:('0', '0', '-1', '0'),b:('0', '0', '-1', '0'),c:('-1', '0', '1', '0') h1=1 m=2 psi=a:('1', '0', '0', '0'),b:('-1', '0', '1', '0'),c:('-1', '0', '1', '0'): I(V) = 1   I(V^ss) = 0
==> t12839 chi#13=a:('0', '0', '-1', '0'),b:('0', '0', '-1', '0'),c:('-1', '0', '1', '0') h1=1 m=2 psi=a:('1', '0', '0', '0'),b:('-1', '0', '1', '0'),c:('0', '0', '-1', '0'): I(V) = 0   I(V^ss) = 0
==> t12839 chi#13=a:('0', '0', '-1', '0'),b:('0', '0', '-1', '0'),c:('-1', '0', '1', '0') h1=1 m=2 psi=a:('1', '0', '0', '0'),b:('0', '0', '-1', '0'),c:('1', '0', '0', '0'): I(V) = 0   I(V^ss) = 0
==> t12839 chi#13=a:('0', '0', '-1', '0'),b:('0', '0', '-1', '0'),c:('-1', '0', '1', '0') h1=1 m=2 psi=a:('1', '0', '0', '0'),b:('0', '0', '-1', '0'),c:('-1', '0', '1', '0'): I(V) = 0   I(V^ss) = 0
==> t12839 chi#13=a:('0', '0', '-1', '0'),b:('0', '0', '-1', '0'),c:('-1', '0', '1', '0') h1=1 m=2 psi=a:('1', '0', '0', '0'),b:('0', '0', '-1', '0'),c:('0', '0', '-1', '0'): I(V) = -1   I(V^ss) = 0
==> t12839 chi#13=a:('0', '0', '-1', '0'),b:('0', '0', '-1', '0'),c:('-1', '0', '1', '0') h1=1 m=2 psi=a:('0', '0', '1', '0'),b:('1', '0', '0', '0'),c:('1', '0', '0', '0'): I(V) = 0   I(V^ss) = 0
==> t12839 chi#13=a:('0', '0', '-1', '0'),b:('0', '0', '-1', '0'),c:('-1', '0', '1', '0') h1=1 m=2 psi=a:('0', '0', '1', '0'),b:('1', '0', '0', '0'),c:('-1', '0', '1', '0'): I(V) = 0   I(V^ss) = 0
==> t12839 chi#13=a:('0', '0', '-1', '0'),b:('0', '0', '-1', '0'),c:('-1', '0', '1', '0') h1=1 m=2 psi=a:('0', '0', '1', '0'),b:('1', '0', '0', '0'),c:('0', '0', '-1', '0'): I(V) = 0   I(V^ss) = 0
==> t12839 chi#13=a:('0', '0', '-1', '0'),b:('0', '0', '-1', '0'),c:('-1', '0', '1', '0') h1=1 m=2 psi=a:('0', '0', '1', '0'),b:('-1', '0', '1', '0'),c:('1', '0', '0', '0'): I(V) = 0   I(V^ss) = 0
==> t12839 chi#13=a:('0', '0', '-1', '0'),b:('0', '0', '-1', '0'),c:('-1', '0', '1', '0') h1=1 m=2 psi=a:('0', '0', '1', '0'),b:('-1', '0', '1', '0'),c:('-1', '0', '1', '0'): I(V) = 0   I(V^ss) = 0
==> t12839 chi#13=a:('0', '0', '-1', '0'),b:('0', '0', '-1', '0'),c:('-1', '0', '1', '0') h1=1 m=2 psi=a:('0', '0', '1', '0'),b:('-1', '0', '1', '0'),c:('0', '0', '-1', '0'): I(V) = 0   I(V^ss) = 0
==> t12839 chi#13=a:('0', '0', '-1', '0'),b:('0', '0', '-1', '0'),c:('-1', '0', '1', '0') h1=1 m=2 psi=a:('0', '0', '1', '0'),b:('0', '0', '-1', '0'),c:('1', '0', '0', '0'): I(V) = 0   I(V^ss) = 0
==> t12839 chi#13=a:('0', '0', '-1', '0'),b:('0', '0', '-1', '0'),c:('-1', '0', '1', '0') h1=1 m=2 psi=a:('0', '0', '1', '0'),b:('0', '0', '-1', '0'),c:('-1', '0', '1', '0'): I(V) = 0   I(V^ss) = 0
==> t12839 chi#13=a:('0', '0', '-1', '0'),b:('0', '0', '-1', '0'),c:('-1', '0', '1', '0') h1=1 m=2 psi=a:('0', '0', '1', '0'),b:('0', '0', '-1', '0'),c:('0', '0', '-1', '0'): I(V) = 0   I(V^ss) = 0
==> t12839 chi#13=a:('0', '0', '-1', '0'),b:('0', '0', '-1', '0'),c:('-1', '0', '1', '0') h1=1 m=2 psi=a:('-1', '0', '1', '0'),b:('1', '0', '0', '0'),c:('1', '0', '0', '0'): I(V) = 0   I(V^ss) = 0
==> t12839 chi#13=a:('0', '0', '-1', '0'),b:('0', '0', '-1', '0'),c:('-1', '0', '1', '0') h1=1 m=2 psi=a:('-1', '0', '1', '0'),b:('1', '0', '0', '0'),c:('-1', '0', '1', '0'): I(V) = 1   I(V^ss) = 0
==> t12839 chi#13=a:('0', '0', '-1', '0'),b:('0', '0', '-1', '0'),c:('-1', '0', '1', '0') h1=1 m=2 psi=a:('-1', '0', '1', '0'),b:('1', '0', '0', '0'),c:('0', '0', '-1', '0'): I(V) = 0   I(V^ss) = 0
==> t12839 chi#13=a:('0', '0', '-1', '0'),b:('0', '0', '-1', '0'),c:('-1', '0', '1', '0') h1=1 m=2 psi=a:('-1', '0', '1', '0'),b:('-1', '0', '1', '0'),c:('1', '0', '0', '0'): I(V) = 0   I(V^ss) = 0
==> t12839 chi#13=a:('0', '0', '-1', '0'),b:('0', '0', '-1', '0'),c:('-1', '0', '1', '0') h1=1 m=2 psi=a:('-1', '0', '1', '0'),b:('-1', '0', '1', '0'),c:('-1', '0', '1', '0'): I(V) = 0   I(V^ss) = 0
==> t12839 chi#13=a:('0', '0', '-1', '0'),b:('0', '0', '-1', '0'),c:('-1', '0', '1', '0') h1=1 m=2 psi=a:('-1', '0', '1', '0'),b:('-1', '0', '1', '0'),c:('0', '0', '-1', '0'): I(V) = 0   I(V^ss) = 0
==> t12839 chi#13=a:('0', '0', '-1', '0'),b:('0', '0', '-1', '0'),c:('-1', '0', '1', '0') h1=1 m=2 psi=a:('-1', '0', '1', '0'),b:('0', '0', '-1', '0'),c:('1', '0', '0', '0'): I(V) = 0   I(V^ss) = 0
==> t12839 chi#13=a:('0', '0', '-1', '0'),b:('0', '0', '-1', '0'),c:('-1', '0', '1', '0') h1=1 m=2 psi=a:('-1', '0', '1', '0'),b:('0', '0', '-1', '0'),c:('-1', '0', '1', '0'): I(V) = 0   I(V^ss) = 0
==> t12839 chi#13=a:('0', '0', '-1', '0'),b:('0', '0', '-1', '0'),c:('-1', '0', '1', '0') h1=1 m=2 psi=a:('-1', '0', '1', '0'),b:('0', '0', '-1', '0'),c:('0', '0', '-1', '0'): I(V) = 0   I(V^ss) = 0
==> t12839 chi#13=a:('0', '0', '-1', '0'),b:('0', '0', '-1', '0'),c:('-1', '0', '1', '0') h1=1 m=2 psi=a:('-1', '0', '0', '0'),b:('1', '0', '0', '0'),c:('1', '0', '0', '0'): I(V) = 0   I(V^ss) = 0
==> t12839 chi#13=a:('0', '0', '-1', '0'),b:('0', '0', '-1', '0'),c:('-1', '0', '1', '0') h1=1 m=2 psi=a:('-1', '0', '0', '0'),b:('1', '0', '0', '0'),c:('-1', '0', '1', '0'): I(V) = 0   I(V^ss) = 0
==> t12839 chi#13=a:('0', '0', '-1', '0'),b:('0', '0', '-1', '0'),c:('-1', '0', '1', '0') h1=1 m=2 psi=a:('-1', '0', '0', '0'),b:('1', '0', '0', '0'),c:('0', '0', '-1', '0'): I(V) = 0   I(V^ss) = 0
==> t12839 chi#13=a:('0', '0', '-1', '0'),b:('0', '0', '-1', '0'),c:('-1', '0', '1', '0') h1=1 m=2 psi=a:('-1', '0', '0', '0'),b:('-1', '0', '1', '0'),c:('1', '0', '0', '0'): I(V) = 0   I(V^ss) = 0
==> t12839 chi#13=a:('0', '0', '-1', '0'),b:('0', '0', '-1', '0'),c:('-1', '0', '1', '0') h1=1 m=2 psi=a:('-1', '0', '0', '0'),b:('-1', '0', '1', '0'),c:('-1', '0', '1', '0'): I(V) = 0   I(V^ss) = 0
==> t12839 chi#13=a:('0', '0', '-1', '0'),b:('0', '0', '-1', '0'),c:('-1', '0', '1', '0') h1=1 m=2 psi=a:('-1', '0', '0', '0'),b:('-1', '0', '1', '0'),c:('0', '0', '-1', '0'): I(V) = 0   I(V^ss) = 0
==> t12839 chi#13=a:('0', '0', '-1', '0'),b:('0', '0', '-1', '0'),c:('-1', '0', '1', '0') h1=1 m=2 psi=a:('-1', '0', '0', '0'),b:('0', '0', '-1', '0'),c:('1', '0', '0', '0'): I(V) = 0   I(V^ss) = 0
==> t12839 chi#13=a:('0', '0', '-1', '0'),b:('0', '0', '-1', '0'),c:('-1', '0', '1', '0') h1=1 m=2 psi=a:('-1', '0', '0', '0'),b:('0', '0', '-1', '0'),c:('-1', '0', '1', '0'): I(V) = 0   I(V^ss) = 0
==> t12839 chi#13=a:('0', '0', '-1', '0'),b:('0', '0', '-1', '0'),c:('-1', '0', '1', '0') h1=1 m=2 psi=a:('-1', '0', '0', '0'),b:('0', '0', '-1', '0'),c:('0', '0', '-1', '0'): I(V) = 0   I(V^ss) = 0
==> t12839 chi#13=a:('0', '0', '-1', '0'),b:('0', '0', '-1', '0'),c:('-1', '0', '1', '0') h1=1 m=2 psi=a:('0', '0', '-1', '0'),b:('1', '0', '0', '0'),c:('1', '0', '0', '0'): I(V) = 0   I(V^ss) = 0
==> t12839 chi#13=a:('0', '0', '-1', '0'),b:('0', '0', '-1', '0'),c:('-1', '0', '1', '0') h1=1 m=2 psi=a:('0', '0', '-1', '0'),b:('1', '0', '0', '0'),c:('-1', '0', '1', '0'): I(V) = 0   I(V^ss) = 0
==> t12839 chi#13=a:('0', '0', '-1', '0'),b:('0', '0', '-1', '0'),c:('-1', '0', '1', '0') h1=1 m=2 psi=a:('0', '0', '-1', '0'),b:('1', '0', '0', '0'),c:('0', '0', '-1', '0'): I(V) = -1   I(V^ss) = 0
==> t12839 chi#13=a:('0', '0', '-1', '0'),b:('0', '0', '-1', '0'),c:('-1', '0', '1', '0') h1=1 m=2 psi=a:('0', '0', '-1', '0'),b:('-1', '0', '1', '0'),c:('1', '0', '0', '0'): I(V) = 0   I(V^ss) = 0
==> t12839 chi#13=a:('0', '0', '-1', '0'),b:('0', '0', '-1', '0'),c:('-1', '0', '1', '0') h1=1 m=2 psi=a:('0', '0', '-1', '0'),b:('-1', '0', '1', '0'),c:('-1', '0', '1', '0'): I(V) = 0   I(V^ss) = 0
==> t12839 chi#13=a:('0', '0', '-1', '0'),b:('0', '0', '-1', '0'),c:('-1', '0', '1', '0') h1=1 m=2 psi=a:('0', '0', '-1', '0'),b:('-1', '0', '1', '0'),c:('0', '0', '-1', '0'): I(V) = 0   I(V^ss) = 0
==> t12839 chi#13=a:('0', '0', '-1', '0'),b:('0', '0', '-1', '0'),c:('-1', '0', '1', '0') h1=1 m=2 psi=a:('0', '0', '-1', '0'),b:('0', '0', '-1', '0'),c:('1', '0', '0', '0'): I(V) = 0   I(V^ss) = 0
==> t12839 chi#13=a:('0', '0', '-1', '0'),b:('0', '0', '-1', '0'),c:('-1', '0', '1', '0') h1=1 m=2 psi=a:('0', '0', '-1', '0'),b:('0', '0', '-1', '0'),c:('-1', '0', '1', '0'): I(V) = 0   I(V^ss) = 0
==> t12839 chi#13=a:('0', '0', '-1', '0'),b:('0', '0', '-1', '0'),c:('-1', '0', '1', '0') h1=1 m=2 psi=a:('0', '0', '-1', '0'),b:('0', '0', '-1', '0'),c:('0', '0', '-1', '0'): I(V) = 0   I(V^ss) = 0
==> t12839 chi#13=a:('0', '0', '-1', '0'),b:('0', '0', '-1', '0'),c:('-1', '0', '1', '0') h1=1 m=2 psi=a:('1', '0', '-1', '0'),b:('1', '0', '0', '0'),c:('1', '0', '0', '0'): I(V) = 0   I(V^ss) = 0
==> t12839 chi#13=a:('0', '0', '-1', '0'),b:('0', '0', '-1', '0'),c:('-1', '0', '1', '0') h1=1 m=2 psi=a:('1', '0', '-1', '0'),b:('1', '0', '0', '0'),c:('-1', '0', '1', '0'): I(V) = 0   I(V^ss) = 0
==> t12839 chi#13=a:('0', '0', '-1', '0'),b:('0', '0', '-1', '0'),c:('-1', '0', '1', '0') h1=1 m=2 psi=a:('1', '0', '-1', '0'),b:('1', '0', '0', '0'),c:('0', '0', '-1', '0'): I(V) = 0   I(V^ss) = 0
==> t12839 chi#13=a:('0', '0', '-1', '0'),b:('0', '0', '-1', '0'),c:('-1', '0', '1', '0') h1=1 m=2 psi=a:('1', '0', '-1', '0'),b:('-1', '0', '1', '0'),c:('1', '0', '0', '0'): I(V) = 0   I(V^ss) = 0
==> t12839 chi#13=a:('0', '0', '-1', '0'),b:('0', '0', '-1', '0'),c:('-1', '0', '1', '0') h1=1 m=2 psi=a:('1', '0', '-1', '0'),b:('-1', '0', '1', '0'),c:('-1', '0', '1', '0'): I(V) = 0   I(V^ss) = 0
==> t12839 chi#13=a:('0', '0', '-1', '0'),b:('0', '0', '-1', '0'),c:('-1', '0', '1', '0') h1=1 m=2 psi=a:('1', '0', '-1', '0'),b:('-1', '0', '1', '0'),c:('0', '0', '-1', '0'): I(V) = 0   I(V^ss) = 0
==> t12839 chi#13=a:('0', '0', '-1', '0'),b:('0', '0', '-1', '0'),c:('-1', '0', '1', '0') h1=1 m=2 psi=a:('1', '0', '-1', '0'),b:('0', '0', '-1', '0'),c:('1', '0', '0', '0'): I(V) = 0   I(V^ss) = 0
==> t12839 chi#13=a:('0', '0', '-1', '0'),b:('0', '0', '-1', '0'),c:('-1', '0', '1', '0') h1=1 m=2 psi=a:('1', '0', '-1', '0'),b:('0', '0', '-1', '0'),c:('-1', '0', '1', '0'): I(V) = 0   I(V^ss) = 0
==> t12839 chi#13=a:('0', '0', '-1', '0'),b:('0', '0', '-1', '0'),c:('-1', '0', '1', '0') h1=1 m=2 psi=a:('1', '0', '-1', '0'),b:('0', '0', '-1', '0'),c:('0', '0', '-1', '0'): I(V) = 0   I(V^ss) = 0
==> t12839 chi#13=a:('0', '0', '-1', '0'),b:('0', '0', '-1', '0'),c:('-1', '0', '1', '0') h1=1 m=2 psi=chi^1: I(V) = 0   I(V^ss) = 0
==> t12839 chi#13=a:('0', '0', '-1', '0'),b:('0', '0', '-1', '0'),c:('-1', '0', '1', '0') h1=1 m=2 psi=chi^2: I(V) = 0   I(V^ss) = 0
==> t12839 chi#13=a:('0', '0', '-1', '0'),b:('0', '0', '-1', '0'),c:('-1', '0', '1', '0') h1=1 m=2 psi=chi^3: I(V) = 0   I(V^ss) = 0
==> t12839 chi#13=a:('0', '0', '-1', '0'),b:('0', '0', '-1', '0'),c:('-1', '0', '1', '0') h1=1 m=3 psi=a:('1', '0', '0', '0'),b:('1', '0', '0', '0'),c:('1', '0', '0', '0'): I(V) = 0   I(V^ss) = 0
==> t12839 chi#13=a:('0', '0', '-1', '0'),b:('0', '0', '-1', '0'),c:('-1', '0', '1', '0') h1=1 m=3 psi=a:('1', '0', '0', '0'),b:('1', '0', '0', '0'),c:('-1', '0', '1', '0'): I(V) = 0   I(V^ss) = 0
==> t12839 chi#13=a:('0', '0', '-1', '0'),b:('0', '0', '-1', '0'),c:('-1', '0', '1', '0') h1=1 m=3 psi=a:('1', '0', '0', '0'),b:('1', '0', '0', '0'),c:('0', '0', '-1', '0'): I(V) = 0   I(V^ss) = 0
==> t12839 chi#13=a:('0', '0', '-1', '0'),b:('0', '0', '-1', '0'),c:('-1', '0', '1', '0') h1=1 m=3 psi=a:('1', '0', '0', '0'),b:('-1', '0', '1', '0'),c:('1', '0', '0', '0'): I(V) = 0   I(V^ss) = 0
==> t12839 chi#13=a:('0', '0', '-1', '0'),b:('0', '0', '-1', '0'),c:('-1', '0', '1', '0') h1=1 m=3 psi=a:('1', '0', '0', '0'),b:('-1', '0', '1', '0'),c:('-1', '0', '1', '0'): I(V) = 0   I(V^ss) = 0
==> t12839 chi#13=a:('0', '0', '-1', '0'),b:('0', '0', '-1', '0'),c:('-1', '0', '1', '0') h1=1 m=3 psi=a:('1', '0', '0', '0'),b:('-1', '0', '1', '0'),c:('0', '0', '-1', '0'): I(V) = 0   I(V^ss) = 0
==> t12839 chi#13=a:('0', '0', '-1', '0'),b:('0', '0', '-1', '0'),c:('-1', '0', '1', '0') h1=1 m=3 psi=a:('1', '0', '0', '0'),b:('0', '0', '-1', '0'),c:('1', '0', '0', '0'): I(V) = 0   I(V^ss) = 0
==> t12839 chi#13=a:('0', '0', '-1', '0'),b:('0', '0', '-1', '0'),c:('-1', '0', '1', '0') h1=1 m=3 psi=a:('1', '0', '0', '0'),b:('0', '0', '-1', '0'),c:('-1', '0', '1', '0'): I(V) = 0   I(V^ss) = 0
==> t12839 chi#13=a:('0', '0', '-1', '0'),b:('0', '0', '-1', '0'),c:('-1', '0', '1', '0') h1=1 m=3 psi=a:('1', '0', '0', '0'),b:('0', '0', '-1', '0'),c:('0', '0', '-1', '0'): I(V) = 0   I(V^ss) = 0
==> t12839 chi#13=a:('0', '0', '-1', '0'),b:('0', '0', '-1', '0'),c:('-1', '0', '1', '0') h1=1 m=3 psi=a:('0', '0', '1', '0'),b:('1', '0', '0', '0'),c:('1', '0', '0', '0'): I(V) = 0   I(V^ss) = 0
==> t12839 chi#13=a:('0', '0', '-1', '0'),b:('0', '0', '-1', '0'),c:('-1', '0', '1', '0') h1=1 m=3 psi=a:('0', '0', '1', '0'),b:('1', '0', '0', '0'),c:('-1', '0', '1', '0'): I(V) = 0   I(V^ss) = 0
==> t12839 chi#13=a:('0', '0', '-1', '0'),b:('0', '0', '-1', '0'),c:('-1', '0', '1', '0') h1=1 m=3 psi=a:('0', '0', '1', '0'),b:('1', '0', '0', '0'),c:('0', '0', '-1', '0'): I(V) = 0   I(V^ss) = 0
==> t12839 chi#13=a:('0', '0', '-1', '0'),b:('0', '0', '-1', '0'),c:('-1', '0', '1', '0') h1=1 m=3 psi=a:('0', '0', '1', '0'),b:('-1', '0', '1', '0'),c:('1', '0', '0', '0'): I(V) = 0   I(V^ss) = 0
==> t12839 chi#13=a:('0', '0', '-1', '0'),b:('0', '0', '-1', '0'),c:('-1', '0', '1', '0') h1=1 m=3 psi=a:('0', '0', '1', '0'),b:('-1', '0', '1', '0'),c:('-1', '0', '1', '0'): I(V) = 0   I(V^ss) = 0
==> t12839 chi#13=a:('0', '0', '-1', '0'),b:('0', '0', '-1', '0'),c:('-1', '0', '1', '0') h1=1 m=3 psi=a:('0', '0', '1', '0'),b:('-1', '0', '1', '0'),c:('0', '0', '-1', '0'): I(V) = 0   I(V^ss) = 0
==> t12839 chi#13=a:('0', '0', '-1', '0'),b:('0', '0', '-1', '0'),c:('-1', '0', '1', '0') h1=1 m=3 psi=a:('0', '0', '1', '0'),b:('0', '0', '-1', '0'),c:('1', '0', '0', '0'): I(V) = 0   I(V^ss) = 0
==> t12839 chi#13=a:('0', '0', '-1', '0'),b:('0', '0', '-1', '0'),c:('-1', '0', '1', '0') h1=1 m=3 psi=a:('0', '0', '1', '0'),b:('0', '0', '-1', '0'),c:('-1', '0', '1', '0'): I(V) = 0   I(V^ss) = 0
==> t12839 chi#13=a:('0', '0', '-1', '0'),b:('0', '0', '-1', '0'),c:('-1', '0', '1', '0') h1=1 m=3 psi=a:('0', '0', '1', '0'),b:('0', '0', '-1', '0'),c:('0', '0', '-1', '0'): I(V) = 0   I(V^ss) = 0
==> t12839 chi#13=a:('0', '0', '-1', '0'),b:('0', '0', '-1', '0'),c:('-1', '0', '1', '0') h1=1 m=3 psi=a:('-1', '0', '1', '0'),b:('1', '0', '0', '0'),c:('1', '0', '0', '0'): I(V) = 0   I(V^ss) = 0
==> t12839 chi#13=a:('0', '0', '-1', '0'),b:('0', '0', '-1', '0'),c:('-1', '0', '1', '0') h1=1 m=3 psi=a:('-1', '0', '1', '0'),b:('1', '0', '0', '0'),c:('-1', '0', '1', '0'): I(V) = 0   I(V^ss) = 0
==> t12839 chi#13=a:('0', '0', '-1', '0'),b:('0', '0', '-1', '0'),c:('-1', '0', '1', '0') h1=1 m=3 psi=a:('-1', '0', '1', '0'),b:('1', '0', '0', '0'),c:('0', '0', '-1', '0'): I(V) = 0   I(V^ss) = 0
==> t12839 chi#13=a:('0', '0', '-1', '0'),b:('0', '0', '-1', '0'),c:('-1', '0', '1', '0') h1=1 m=3 psi=a:('-1', '0', '1', '0'),b:('-1', '0', '1', '0'),c:('1', '0', '0', '0'): I(V) = 0   I(V^ss) = 0
==> t12839 chi#13=a:('0', '0', '-1', '0'),b:('0', '0', '-1', '0'),c:('-1', '0', '1', '0') h1=1 m=3 psi=a:('-1', '0', '1', '0'),b:('-1', '0', '1', '0'),c:('-1', '0', '1', '0'): I(V) = 0   I(V^ss) = 0
==> t12839 chi#13=a:('0', '0', '-1', '0'),b:('0', '0', '-1', '0'),c:('-1', '0', '1', '0') h1=1 m=3 psi=a:('-1', '0', '1', '0'),b:('-1', '0', '1', '0'),c:('0', '0', '-1', '0'): I(V) = 0   I(V^ss) = 0
==> t12839 chi#13=a:('0', '0', '-1', '0'),b:('0', '0', '-1', '0'),c:('-1', '0', '1', '0') h1=1 m=3 psi=a:('-1', '0', '1', '0'),b:('0', '0', '-1', '0'),c:('1', '0', '0', '0'): I(V) = 0   I(V^ss) = 0
==> t12839 chi#13=a:('0', '0', '-1', '0'),b:('0', '0', '-1', '0'),c:('-1', '0', '1', '0') h1=1 m=3 psi=a:('-1', '0', '1', '0'),b:('0', '0', '-1', '0'),c:('-1', '0', '1', '0'): I(V) = 0   I(V^ss) = 0
==> t12839 chi#13=a:('0', '0', '-1', '0'),b:('0', '0', '-1', '0'),c:('-1', '0', '1', '0') h1=1 m=3 psi=a:('-1', '0', '1', '0'),b:('0', '0', '-1', '0'),c:('0', '0', '-1', '0'): I(V) = 0   I(V^ss) = 0
==> t12839 chi#13=a:('0', '0', '-1', '0'),b:('0', '0', '-1', '0'),c:('-1', '0', '1', '0') h1=1 m=3 psi=a:('-1', '0', '0', '0'),b:('1', '0', '0', '0'),c:('1', '0', '0', '0'): I(V) = 0   I(V^ss) = 0
==> t12839 chi#13=a:('0', '0', '-1', '0'),b:('0', '0', '-1', '0'),c:('-1', '0', '1', '0') h1=1 m=3 psi=a:('-1', '0', '0', '0'),b:('1', '0', '0', '0'),c:('-1', '0', '1', '0'): I(V) = 0   I(V^ss) = 0
==> t12839 chi#13=a:('0', '0', '-1', '0'),b:('0', '0', '-1', '0'),c:('-1', '0', '1', '0') h1=1 m=3 psi=a:('-1', '0', '0', '0'),b:('1', '0', '0', '0'),c:('0', '0', '-1', '0'): I(V) = 0   I(V^ss) = 0
==> t12839 chi#13=a:('0', '0', '-1', '0'),b:('0', '0', '-1', '0'),c:('-1', '0', '1', '0') h1=1 m=3 psi=a:('-1', '0', '0', '0'),b:('-1', '0', '1', '0'),c:('1', '0', '0', '0'): I(V) = 0   I(V^ss) = 0
==> t12839 chi#13=a:('0', '0', '-1', '0'),b:('0', '0', '-1', '0'),c:('-1', '0', '1', '0') h1=1 m=3 psi=a:('-1', '0', '0', '0'),b:('-1', '0', '1', '0'),c:('-1', '0', '1', '0'): I(V) = 0   I(V^ss) = 0
==> t12839 chi#13=a:('0', '0', '-1', '0'),b:('0', '0', '-1', '0'),c:('-1', '0', '1', '0') h1=1 m=3 psi=a:('-1', '0', '0', '0'),b:('-1', '0', '1', '0'),c:('0', '0', '-1', '0'): I(V) = 0   I(V^ss) = 0
==> t12839 chi#13=a:('0', '0', '-1', '0'),b:('0', '0', '-1', '0'),c:('-1', '0', '1', '0') h1=1 m=3 psi=a:('-1', '0', '0', '0'),b:('0', '0', '-1', '0'),c:('1', '0', '0', '0'): I(V) = 0   I(V^ss) = 0
==> t12839 chi#13=a:('0', '0', '-1', '0'),b:('0', '0', '-1', '0'),c:('-1', '0', '1', '0') h1=1 m=3 psi=a:('-1', '0', '0', '0'),b:('0', '0', '-1', '0'),c:('-1', '0', '1', '0'): I(V) = 0   I(V^ss) = 0
==> t12839 chi#13=a:('0', '0', '-1', '0'),b:('0', '0', '-1', '0'),c:('-1', '0', '1', '0') h1=1 m=3 psi=a:('-1', '0', '0', '0'),b:('0', '0', '-1', '0'),c:('0', '0', '-1', '0'): I(V) = 0   I(V^ss) = 0
==> t12839 chi#13=a:('0', '0', '-1', '0'),b:('0', '0', '-1', '0'),c:('-1', '0', '1', '0') h1=1 m=3 psi=a:('0', '0', '-1', '0'),b:('1', '0', '0', '0'),c:('1', '0', '0', '0'): I(V) = 0   I(V^ss) = 0
==> t12839 chi#13=a:('0', '0', '-1', '0'),b:('0', '0', '-1', '0'),c:('-1', '0', '1', '0') h1=1 m=3 psi=a:('0', '0', '-1', '0'),b:('1', '0', '0', '0'),c:('-1', '0', '1', '0'): I(V) = 0   I(V^ss) = 0
==> t12839 chi#13=a:('0', '0', '-1', '0'),b:('0', '0', '-1', '0'),c:('-1', '0', '1', '0') h1=1 m=3 psi=a:('0', '0', '-1', '0'),b:('1', '0', '0', '0'),c:('0', '0', '-1', '0'): I(V) = 0   I(V^ss) = 0
==> t12839 chi#13=a:('0', '0', '-1', '0'),b:('0', '0', '-1', '0'),c:('-1', '0', '1', '0') h1=1 m=3 psi=a:('0', '0', '-1', '0'),b:('-1', '0', '1', '0'),c:('1', '0', '0', '0'): I(V) = 0   I(V^ss) = 0
==> t12839 chi#13=a:('0', '0', '-1', '0'),b:('0', '0', '-1', '0'),c:('-1', '0', '1', '0') h1=1 m=3 psi=a:('0', '0', '-1', '0'),b:('-1', '0', '1', '0'),c:('-1', '0', '1', '0'): I(V) = 0   I(V^ss) = 0
==> t12839 chi#13=a:('0', '0', '-1', '0'),b:('0', '0', '-1', '0'),c:('-1', '0', '1', '0') h1=1 m=3 psi=a:('0', '0', '-1', '0'),b:('-1', '0', '1', '0'),c:('0', '0', '-1', '0'): I(V) = 0   I(V^ss) = 0
==> t12839 chi#13=a:('0', '0', '-1', '0'),b:('0', '0', '-1', '0'),c:('-1', '0', '1', '0') h1=1 m=3 psi=a:('0', '0', '-1', '0'),b:('0', '0', '-1', '0'),c:('1', '0', '0', '0'): I(V) = 0   I(V^ss) = 0
==> t12839 chi#13=a:('0', '0', '-1', '0'),b:('0', '0', '-1', '0'),c:('-1', '0', '1', '0') h1=1 m=3 psi=a:('0', '0', '-1', '0'),b:('0', '0', '-1', '0'),c:('-1', '0', '1', '0'): I(V) = 0   I(V^ss) = 0
==> t12839 chi#13=a:('0', '0', '-1', '0'),b:('0', '0', '-1', '0'),c:('-1', '0', '1', '0') h1=1 m=3 psi=a:('0', '0', '-1', '0'),b:('0', '0', '-1', '0'),c:('0', '0', '-1', '0'): I(V) = 0   I(V^ss) = 0
==> t12839 chi#13=a:('0', '0', '-1', '0'),b:('0', '0', '-1', '0'),c:('-1', '0', '1', '0') h1=1 m=3 psi=a:('1', '0', '-1', '0'),b:('1', '0', '0', '0'),c:('1', '0', '0', '0'): I(V) = 0   I(V^ss) = 0
==> t12839 chi#13=a:('0', '0', '-1', '0'),b:('0', '0', '-1', '0'),c:('-1', '0', '1', '0') h1=1 m=3 psi=a:('1', '0', '-1', '0'),b:('1', '0', '0', '0'),c:('-1', '0', '1', '0'): I(V) = 0   I(V^ss) = 0
==> t12839 chi#13=a:('0', '0', '-1', '0'),b:('0', '0', '-1', '0'),c:('-1', '0', '1', '0') h1=1 m=3 psi=a:('1', '0', '-1', '0'),b:('1', '0', '0', '0'),c:('0', '0', '-1', '0'): I(V) = 0   I(V^ss) = 0
  locus chi#14=a:('1', '0', '-1', '0'),b:('1', '0', '0', '0'),c:('-1', '0', '1', '0') h1=1
  locus chi#15=a:('1', '0', '-1', '0'),b:('-1', '0', '1', '0'),c:('0', '0', '-1', '0') h1=1
  locus chi#16=a:('1', '0', '-1', '0'),b:('0', '0', '-1', '0'),c:('1', '0', '0', '0') h1=1
t12839: modules run 2385, not run 522, NONZERO I: 104
   NONZERO: chi#0=a:('1', '0', '0', '0'),b:('-1', '0', '1', '0'),c:('-1', '0', '1', '0') h1=1 m= 1 psi=a:('-1', '0', '1', '0'),b:('-1', '0', '1', '0'),c:('0', '0', '-1', '0') I= -1 I_ss= 0
   NONZERO: chi#0=a:('1', '0', '0', '0'),b:('-1', '0', '1', '0'),c:('-1', '0', '1', '0') h1=1 m= 1 psi=a:('-1', '0', '1', '0'),b:('0', '0', '-1', '0'),c:('1', '0', '0', '0') I= 1 I_ss= 0
   NONZERO: chi#0=a:('1', '0', '0', '0'),b:('-1', '0', '1', '0'),c:('-1', '0', '1', '0') h1=1 m= 1 psi=a:('0', '0', '-1', '0'),b:('-1', '0', '1', '0'),c:('1', '0', '0', '0') I= -1 I_ss= 0
   NONZERO: chi#0=a:('1', '0', '0', '0'),b:('-1', '0', '1', '0'),c:('-1', '0', '1', '0') h1=1 m= 1 psi=a:('0', '0', '-1', '0'),b:('0', '0', '-1', '0'),c:('-1', '0', '1', '0') I= 1 I_ss= 0
   NONZERO: chi#0=a:('1', '0', '0', '0'),b:('-1', '0', '1', '0'),c:('-1', '0', '1', '0') h1=1 m= 2 psi=a:('-1', '0', '1', '0'),b:('-1', '0', '1', '0'),c:('0', '0', '-1', '0') I= 1 I_ss= 0
   NONZERO: chi#0=a:('1', '0', '0', '0'),b:('-1', '0', '1', '0'),c:('-1', '0', '1', '0') h1=1 m= 2 psi=a:('-1', '0', '1', '0'),b:('0', '0', '-1', '0'),c:('1', '0', '0', '0') I= -1 I_ss= 0
   NONZERO: chi#0=a:('1', '0', '0', '0'),b:('-1', '0', '1', '0'),c:('-1', '0', '1', '0') h1=1 m= 2 psi=a:('0', '0', '-1', '0'),b:('-1', '0', '1', '0'),c:('1', '0', '0', '0') I= 1 I_ss= 0
   NONZERO: chi#0=a:('1', '0', '0', '0'),b:('-1', '0', '1', '0'),c:('-1', '0', '1', '0') h1=1 m= 2 psi=a:('0', '0', '-1', '0'),b:('0', '0', '-1', '0'),c:('-1', '0', '1', '0') I= -1 I_ss= 0
   NONZERO: chi#1=a:('1', '0', '0', '0'),b:('0', '0', '-1', '0'),c:('0', '0', '-1', '0') h1=1 m= 1 psi=a:('-1', '0', '1', '0'),b:('-1', '0', '1', '0'),c:('0', '0', '-1', '0') I= 1 I_ss= 0
   NONZERO: chi#1=a:('1', '0', '0', '0'),b:('0', '0', '-1', '0'),c:('0', '0', '-1', '0') h1=1 m= 1 psi=a:('-1', '0', '1', '0'),b:('0', '0', '-1', '0'),c:('1', '0', '0', '0') I= -1 I_ss= 0
   NONZERO: chi#1=a:('1', '0', '0', '0'),b:('0', '0', '-1', '0'),c:('0', '0', '-1', '0') h1=1 m= 1 psi=a:('0', '0', '-1', '0'),b:('-1', '0', '1', '0'),c:('1', '0', '0', '0') I= 1 I_ss= 0
   NONZERO: chi#1=a:('1', '0', '0', '0'),b:('0', '0', '-1', '0'),c:('0', '0', '-1', '0') h1=1 m= 1 psi=a:('0', '0', '-1', '0'),b:('0', '0', '-1', '0'),c:('-1', '0', '1', '0') I= -1 I_ss= 0
   NONZERO: chi#1=a:('1', '0', '0', '0'),b:('0', '0', '-1', '0'),c:('0', '0', '-1', '0') h1=1 m= 2 psi=a:('-1', '0', '1', '0'),b:('-1', '0', '1', '0'),c:('0', '0', '-1', '0') I= -1 I_ss= 0
   NONZERO: chi#1=a:('1', '0', '0', '0'),b:('0', '0', '-1', '0'),c:('0', '0', '-1', '0') h1=1 m= 2 psi=a:('-1', '0', '1', '0'),b:('0', '0', '-1', '0'),c:('1', '0', '0', '0') I= 1 I_ss= 0
   NONZERO: chi#1=a:('1', '0', '0', '0'),b:('0', '0', '-1', '0'),c:('0', '0', '-1', '0') h1=1 m= 2 psi=a:('0', '0', '-1', '0'),b:('-1', '0', '1', '0'),c:('1', '0', '0', '0') I= -1 I_ss= 0
   NONZERO: chi#1=a:('1', '0', '0', '0'),b:('0', '0', '-1', '0'),c:('0', '0', '-1', '0') h1=1 m= 2 psi=a:('0', '0', '-1', '0'),b:('0', '0', '-1', '0'),c:('-1', '0', '1', '0') I= 1 I_ss= 0
   NONZERO: chi#2=a:('0', '0', '1', '0'),b:('1', '0', '0', '0'),c:('0', '0', '-1', '0') h1=1 m= 1 psi=a:('0', '0', '1', '0'),b:('-1', '0', '1', '0'),c:('1', '0', '0', '0') I= -1 I_ss= 0
   NONZERO: chi#2=a:('0', '0', '1', '0'),b:('1', '0', '0', '0'),c:('0', '0', '-1', '0') h1=1 m= 1 psi=a:('0', '0', '1', '0'),b:('0', '0', '-1', '0'),c:('-1', '0', '1', '0') I= -1 I_ss= 0
   NONZERO: chi#2=a:('0', '0', '1', '0'),b:('1', '0', '0', '0'),c:('0', '0', '-1', '0') h1=1 m= 1 psi=a:('1', '0', '-1', '0'),b:('-1', '0', '1', '0'),c:('0', '0', '-1', '0') I= 1 I_ss= 0
   NONZERO: chi#2=a:('0', '0', '1', '0'),b:('1', '0', '0', '0'),c:('0', '0', '-1', '0') h1=1 m= 1 psi=a:('1', '0', '-1', '0'),b:('0', '0', '-1', '0'),c:('1', '0', '0', '0') I= 1 I_ss= 0
   NONZERO: chi#2=a:('0', '0', '1', '0'),b:('1', '0', '0', '0'),c:('0', '0', '-1', '0') h1=1 m= 2 psi=a:('-1', '0', '1', '0'),b:('-1', '0', '1', '0'),c:('0', '0', '-1', '0') I= -1 I_ss= 0
   NONZERO: chi#2=a:('0', '0', '1', '0'),b:('1', '0', '0', '0'),c:('0', '0', '-1', '0') h1=1 m= 2 psi=a:('-1', '0', '1', '0'),b:('0', '0', '-1', '0'),c:('1', '0', '0', '0') I= -1 I_ss= 0
   NONZERO: chi#2=a:('0', '0', '1', '0'),b:('1', '0', '0', '0'),c:('0', '0', '-1', '0') h1=1 m= 2 psi=a:('0', '0', '-1', '0'),b:('-1', '0', '1', '0'),c:('1', '0', '0', '0') I= 1 I_ss= 0
   NONZERO: chi#2=a:('0', '0', '1', '0'),b:('1', '0', '0', '0'),c:('0', '0', '-1', '0') h1=1 m= 2 psi=a:('0', '0', '-1', '0'),b:('0', '0', '-1', '0'),c:('-1', '0', '1', '0') I= 1 I_ss= 0
   NONZERO: chi#3=a:('0', '0', '1', '0'),b:('-1', '0', '1', '0'),c:('1', '0', '0', '0') h1=1 m= 1 psi=a:('0', '0', '1', '0'),b:('1', '0', '0', '0'),c:('0', '0', '-1', '0') I= 1 I_ss= 0
   NONZERO: chi#3=a:('0', '0', '1', '0'),b:('-1', '0', '1', '0'),c:('1', '0', '0', '0') h1=1 m= 1 psi=a:('-1', '0', '0', '0'),b:('-1', '0', '1', '0'),c:('-1', '0', '1', '0') I= 1 I_ss= 0
   NONZERO: chi#3=a:('0', '0', '1', '0'),b:('-1', '0', '1', '0'),c:('1', '0', '0', '0') h1=1 m= 1 psi=a:('-1', '0', '0', '0'),b:('0', '0', '-1', '0'),c:('0', '0', '-1', '0') I= -1 I_ss= 0
   NONZERO: chi#3=a:('0', '0', '1', '0'),b:('-1', '0', '1', '0'),c:('1', '0', '0', '0') h1=1 m= 1 psi=a:('1', '0', '-1', '0'),b:('1', '0', '0', '0'),c:('-1', '0', '1', '0') I= -1 I_ss= 0
   NONZERO: chi#3=a:('0', '0', '1', '0'),b:('-1', '0', '1', '0'),c:('1', '0', '0', '0') h1=1 m= 2 psi=a:('1', '0', '0', '0'),b:('-1', '0', '1', '0'),c:('-1', '0', '1', '0') I= -1 I_ss= 0
   NONZERO: chi#3=a:('0', '0', '1', '0'),b:('-1', '0', '1', '0'),c:('1', '0', '0', '0') h1=1 m= 2 psi=a:('1', '0', '0', '0'),b:('0', '0', '-1', '0'),c:('0', '0', '-1', '0') I= 1 I_ss= 0
   NONZERO: chi#3=a:('0', '0', '1', '0'),b:('-1', '0', '1', '0'),c:('1', '0', '0', '0') h1=1 m= 2 psi=a:('-1', '0', '1', '0'),b:('1', '0', '0', '0'),c:('-1', '0', '1', '0') I= 1 I_ss= 0
   NONZERO: chi#3=a:('0', '0', '1', '0'),b:('-1', '0', '1', '0'),c:('1', '0', '0', '0') h1=1 m= 2 psi=a:('0', '0', '-1', '0'),b:('1', '0', '0', '0'),c:('0', '0', '-1', '0') I= -1 I_ss= 0
   NONZERO: chi#4=a:('0', '0', '1', '0'),b:('0', '0', '-1', '0'),c:('-1', '0', '1', '0') h1=1 m= 1 psi=a:('0', '0', '1', '0'),b:('1', '0', '0', '0'),c:('0', '0', '-1', '0') I= 1 I_ss= 0
   NONZERO: chi#4=a:('0', '0', '1', '0'),b:('0', '0', '-1', '0'),c:('-1', '0', '1', '0') h1=1 m= 1 psi=a:('-1', '0', '0', '0'),b:('-1', '0', '1', '0'),c:('-1', '0', '1', '0') I= -1 I_ss= 0
   NONZERO: chi#4=a:('0', '0', '1', '0'),b:('0', '0', '-1', '0'),c:('-1', '0', '1', '0') h1=1 m= 1 psi=a:('-1', '0', '0', '0'),b:('0', '0', '-1', '0'),c:('0', '0', '-1', '0') I= 1 I_ss= 0
   NONZERO: chi#4=a:('0', '0', '1', '0'),b:('0', '0', '-1', '0'),c:('-1', '0', '1', '0') h1=1 m= 1 psi=a:('1', '0', '-1', '0'),b:('1', '0', '0', '0'),c:('-1', '0', '1', '0') I= -1 I_ss= 0
   NONZERO: chi#4=a:('0', '0', '1', '0'),b:('0', '0', '-1', '0'),c:('-1', '0', '1', '0') h1=1 m= 2 psi=a:('1', '0', '0', '0'),b:('-1', '0', '1', '0'),c:('-1', '0', '1', '0') I= 1 I_ss= 0
   NONZERO: chi#4=a:('0', '0', '1', '0'),b:('0', '0', '-1', '0'),c:('-1', '0', '1', '0') h1=1 m= 2 psi=a:('1', '0', '0', '0'),b:('0', '0', '-1', '0'),c:('0', '0', '-1', '0') I= -1 I_ss= 0
   NONZERO: chi#4=a:('0', '0', '1', '0'),b:('0', '0', '-1', '0'),c:('-1', '0', '1', '0') h1=1 m= 2 psi=a:('-1', '0', '1', '0'),b:('1', '0', '0', '0'),c:('-1', '0', '1', '0') I= 1 I_ss= 0
   NONZERO: chi#4=a:('0', '0', '1', '0'),b:('0', '0', '-1', '0'),c:('-1', '0', '1', '0') h1=1 m= 2 psi=a:('0', '0', '-1', '0'),b:('1', '0', '0', '0'),c:('0', '0', '-1', '0') I= -1 I_ss= 0
   NONZERO: chi#5=a:('-1', '0', '1', '0'),b:('1', '0', '0', '0'),c:('-1', '0', '1', '0') h1=1 m= 1 psi=a:('-1', '0', '1', '0'),b:('-1', '0', '1', '0'),c:('0', '0', '-1', '0') I= -1 I_ss= 0
   NONZERO: chi#5=a:('-1', '0', '1', '0'),b:('1', '0', '0', '0'),c:('-1', '0', '1', '0') h1=1 m= 1 psi=a:('-1', '0', '1', '0'),b:('0', '0', '-1', '0'),c:('1', '0', '0', '0') I= -1 I_ss= 0
   NONZERO: chi#5=a:('-1', '0', '1', '0'),b:('1', '0', '0', '0'),c:('-1', '0', '1', '0') h1=1 m= 1 psi=a:('0', '0', '-1', '0'),b:('-1', '0', '1', '0'),c:('1', '0', '0', '0') I= 1 I_ss= 0
   NONZERO: chi#5=a:('-1', '0', '1', '0'),b:('1', '0', '0', '0'),c:('-1', '0', '1', '0') h1=1 m= 1 psi=a:('0', '0', '-1', '0'),b:('0', '0', '-1', '0'),c:('-1', '0', '1', '0') I= 1 I_ss= 0
   NONZERO: chi#5=a:('-1', '0', '1', '0'),b:('1', '0', '0', '0'),c:('-1', '0', '1', '0') h1=1 m= 2 psi=a:('-1', '0', '1', '0'),b:('-1', '0', '1', '0'),c:('0', '0', '-1', '0') I= 1 I_ss= 0
   NONZERO: chi#5=a:('-1', '0', '1', '0'),b:('1', '0', '0', '0'),c:('-1', '0', '1', '0') h1=1 m= 2 psi=a:('-1', '0', '1', '0'),b:('0', '0', '-1', '0'),c:('1', '0', '0', '0') I= 1 I_ss= 0
   NONZERO: chi#5=a:('-1', '0', '1', '0'),b:('1', '0', '0', '0'),c:('-1', '0', '1', '0') h1=1 m= 2 psi=a:('0', '0', '-1', '0'),b:('-1', '0', '1', '0'),c:('1', '0', '0', '0') I= -1 I_ss= 0
   NONZERO: chi#5=a:('-1', '0', '1', '0'),b:('1', '0', '0', '0'),c:('-1', '0', '1', '0') h1=1 m= 2 psi=a:('0', '0', '-1', '0'),b:('0', '0', '-1', '0'),c:('-1', '0', '1', '0') I= -1 I_ss= 0
   NONZERO: chi#6=a:('-1', '0', '1', '0'),b:('-1', '0', '1', '0'),c:('0', '0', '-1', '0') h1=1 m= 1 psi=a:('1', '0', '0', '0'),b:('-1', '0', '1', '0'),c:('-1', '0', '1', '0') I= 1 I_ss= 0
   NONZERO: chi#6=a:('-1', '0', '1', '0'),b:('-1', '0', '1', '0'),c:('0', '0', '-1', '0') h1=1 m= 1 psi=a:('1', '0', '0', '0'),b:('0', '0', '-1', '0'),c:('0', '0', '-1', '0') I= -1 I_ss= 0
   NONZERO: chi#6=a:('-1', '0', '1', '0'),b:('-1', '0', '1', '0'),c:('0', '0', '-1', '0') h1=1 m= 1 psi=a:('-1', '0', '1', '0'),b:('1', '0', '0', '0'),c:('-1', '0', '1', '0') I= 1 I_ss= 0
   NONZERO: chi#6=a:('-1', '0', '1', '0'),b:('-1', '0', '1', '0'),c:('0', '0', '-1', '0') h1=1 m= 1 psi=a:('0', '0', '-1', '0'),b:('1', '0', '0', '0'),c:('0', '0', '-1', '0') I= -1 I_ss= 0
   NONZERO: chi#6=a:('-1', '0', '1', '0'),b:('-1', '0', '1', '0'),c:('0', '0', '-1', '0') h1=1 m= 2 psi=a:('1', '0', '0', '0'),b:('-1', '0', '1', '0'),c:('-1', '0', '1', '0') I= -1 I_ss= 0
   NONZERO: chi#6=a:('-1', '0', '1', '0'),b:('-1', '0', '1', '0'),c:('0', '0', '-1', '0') h1=1 m= 2 psi=a:('1', '0', '0', '0'),b:('0', '0', '-1', '0'),c:('0', '0', '-1', '0') I= 1 I_ss= 0
   NONZERO: chi#6=a:('-1', '0', '1', '0'),b:('-1', '0', '1', '0'),c:('0', '0', '-1', '0') h1=1 m= 2 psi=a:('-1', '0', '1', '0'),b:('1', '0', '0', '0'),c:('-1', '0', '1', '0') I= -1 I_ss= 0
   NONZERO: chi#6=a:('-1', '0', '1', '0'),b:('-1', '0', '1', '0'),c:('0', '0', '-1', '0') h1=1 m= 2 psi=a:('0', '0', '-1', '0'),b:('1', '0', '0', '0'),c:('0', '0', '-1', '0') I= 1 I_ss= 0
   NONZERO: chi#7=a:('-1', '0', '1', '0'),b:('0', '0', '-1', '0'),c:('1', '0', '0', '0') h1=1 m= 1 psi=a:('1', '0', '0', '0'),b:('-1', '0', '1', '0'),c:('-1', '0', '1', '0') I= -1 I_ss= 0
   NONZERO: chi#7=a:('-1', '0', '1', '0'),b:('0', '0', '-1', '0'),c:('1', '0', '0', '0') h1=1 m= 1 psi=a:('1', '0', '0', '0'),b:('0', '0', '-1', '0'),c:('0', '0', '-1', '0') I= 1 I_ss= 0
   NONZERO: chi#7=a:('-1', '0', '1', '0'),b:('0', '0', '-1', '0'),c:('1', '0', '0', '0') h1=1 m= 1 psi=a:('-1', '0', '1', '0'),b:('1', '0', '0', '0'),c:('-1', '0', '1', '0') I= 1 I_ss= 0
   NONZERO: chi#7=a:('-1', '0', '1', '0'),b:('0', '0', '-1', '0'),c:('1', '0', '0', '0') h1=1 m= 1 psi=a:('0', '0', '-1', '0'),b:('1', '0', '0', '0'),c:('0', '0', '-1', '0') I= -1 I_ss= 0
   NONZERO: chi#7=a:('-1', '0', '1', '0'),b:('0', '0', '-1', '0'),c:('1', '0', '0', '0') h1=1 m= 2 psi=a:('1', '0', '0', '0'),b:('-1', '0', '1', '0'),c:('-1', '0', '1', '0') I= 1 I_ss= 0
   NONZERO: chi#7=a:('-1', '0', '1', '0'),b:('0', '0', '-1', '0'),c:('1', '0', '0', '0') h1=1 m= 2 psi=a:('1', '0', '0', '0'),b:('0', '0', '-1', '0'),c:('0', '0', '-1', '0') I= -1 I_ss= 0
   NONZERO: chi#7=a:('-1', '0', '1', '0'),b:('0', '0', '-1', '0'),c:('1', '0', '0', '0') h1=1 m= 2 psi=a:('-1', '0', '1', '0'),b:('1', '0', '0', '0'),c:('-1', '0', '1', '0') I= -1 I_ss= 0
   NONZERO: chi#7=a:('-1', '0', '1', '0'),b:('0', '0', '-1', '0'),c:('1', '0', '0', '0') h1=1 m= 2 psi=a:('0', '0', '-1', '0'),b:('1', '0', '0', '0'),c:('0', '0', '-1', '0') I= 1 I_ss= 0
   NONZERO: chi#9=a:('-1', '0', '0', '0'),b:('-1', '0', '1', '0'),c:('-1', '0', '1', '0') h1=1 m= 1 psi=a:('0', '0', '1', '0'),b:('-1', '0', '1', '0'),c:('1', '0', '0', '0') I= -1 I_ss= 0
   NONZERO: chi#9=a:('-1', '0', '0', '0'),b:('-1', '0', '1', '0'),c:('-1', '0', '1', '0') h1=1 m= 1 psi=a:('0', '0', '1', '0'),b:('0', '0', '-1', '0'),c:('-1', '0', '1', '0') I= 1 I_ss= 0
   NONZERO: chi#9=a:('-1', '0', '0', '0'),b:('-1', '0', '1', '0'),c:('-1', '0', '1', '0') h1=1 m= 1 psi=a:('1', '0', '-1', '0'),b:('-1', '0', '1', '0'),c:('0', '0', '-1', '0') I= -1 I_ss= 0
   NONZERO: chi#9=a:('-1', '0', '0', '0'),b:('-1', '0', '1', '0'),c:('-1', '0', '1', '0') h1=1 m= 1 psi=a:('1', '0', '-1', '0'),b:('0', '0', '-1', '0'),c:('1', '0', '0', '0') I= 1 I_ss= 0
   NONZERO: chi#9=a:('-1', '0', '0', '0'),b:('-1', '0', '1', '0'),c:('-1', '0', '1', '0') h1=1 m= 2 psi=a:('-1', '0', '1', '0'),b:('-1', '0', '1', '0'),c:('0', '0', '-1', '0') I= 1 I_ss= 0
   NONZERO: chi#9=a:('-1', '0', '0', '0'),b:('-1', '0', '1', '0'),c:('-1', '0', '1', '0') h1=1 m= 2 psi=a:('-1', '0', '1', '0'),b:('0', '0', '-1', '0'),c:('1', '0', '0', '0') I= -1 I_ss= 0
   NONZERO: chi#9=a:('-1', '0', '0', '0'),b:('-1', '0', '1', '0'),c:('-1', '0', '1', '0') h1=1 m= 2 psi=a:('0', '0', '-1', '0'),b:('-1', '0', '1', '0'),c:('1', '0', '0', '0') I= 1 I_ss= 0
   NONZERO: chi#9=a:('-1', '0', '0', '0'),b:('-1', '0', '1', '0'),c:('-1', '0', '1', '0') h1=1 m= 2 psi=a:('0', '0', '-1', '0'),b:('0', '0', '-1', '0'),c:('-1', '0', '1', '0') I= -1 I_ss= 0
   NONZERO: chi#10=a:('-1', '0', '0', '0'),b:('0', '0', '-1', '0'),c:('0', '0', '-1', '0') h1=1 m= 1 psi=a:('0', '0', '1', '0'),b:('-1', '0', '1', '0'),c:('1', '0', '0', '0') I= 1 I_ss= 0
   NONZERO: chi#10=a:('-1', '0', '0', '0'),b:('0', '0', '-1', '0'),c:('0', '0', '-1', '0') h1=1 m= 1 psi=a:('0', '0', '1', '0'),b:('0', '0', '-1', '0'),c:('-1', '0', '1', '0') I= -1 I_ss= 0
   NONZERO: chi#10=a:('-1', '0', '0', '0'),b:('0', '0', '-1', '0'),c:('0', '0', '-1', '0') h1=1 m= 1 psi=a:('1', '0', '-1', '0'),b:('-1', '0', '1', '0'),c:('0', '0', '-1', '0') I= 1 I_ss= 0
   NONZERO: chi#10=a:('-1', '0', '0', '0'),b:('0', '0', '-1', '0'),c:('0', '0', '-1', '0') h1=1 m= 1 psi=a:('1', '0', '-1', '0'),b:('0', '0', '-1', '0'),c:('1', '0', '0', '0') I= -1 I_ss= 0
   NONZERO: chi#10=a:('-1', '0', '0', '0'),b:('0', '0', '-1', '0'),c:('0', '0', '-1', '0') h1=1 m= 2 psi=a:('-1', '0', '1', '0'),b:('-1', '0', '1', '0'),c:('0', '0', '-1', '0') I= -1 I_ss= 0
   NONZERO: chi#10=a:('-1', '0', '0', '0'),b:('0', '0', '-1', '0'),c:('0', '0', '-1', '0') h1=1 m= 2 psi=a:('-1', '0', '1', '0'),b:('0', '0', '-1', '0'),c:('1', '0', '0', '0') I= 1 I_ss= 0
   NONZERO: chi#10=a:('-1', '0', '0', '0'),b:('0', '0', '-1', '0'),c:('0', '0', '-1', '0') h1=1 m= 2 psi=a:('0', '0', '-1', '0'),b:('-1', '0', '1', '0'),c:('1', '0', '0', '0') I= -1 I_ss= 0
   NONZERO: chi#10=a:('-1', '0', '0', '0'),b:('0', '0', '-1', '0'),c:('0', '0', '-1', '0') h1=1 m= 2 psi=a:('0', '0', '-1', '0'),b:('0', '0', '-1', '0'),c:('-1', '0', '1', '0') I= 1 I_ss= 0
   NONZERO: chi#11=a:('0', '0', '-1', '0'),b:('1', '0', '0', '0'),c:('0', '0', '-1', '0') h1=1 m= 1 psi=a:('-1', '0', '1', '0'),b:('-1', '0', '1', '0'),c:('0', '0', '-1', '0') I= 1 I_ss= 0
   NONZERO: chi#11=a:('0', '0', '-1', '0'),b:('1', '0', '0', '0'),c:('0', '0', '-1', '0') h1=1 m= 1 psi=a:('-1', '0', '1', '0'),b:('0', '0', '-1', '0'),c:('1', '0', '0', '0') I= 1 I_ss= 0
   NONZERO: chi#11=a:('0', '0', '-1', '0'),b:('1', '0', '0', '0'),c:('0', '0', '-1', '0') h1=1 m= 1 psi=a:('0', '0', '-1', '0'),b:('-1', '0', '1', '0'),c:('1', '0', '0', '0') I= -1 I_ss= 0
   NONZERO: chi#11=a:('0', '0', '-1', '0'),b:('1', '0', '0', '0'),c:('0', '0', '-1', '0') h1=1 m= 1 psi=a:('0', '0', '-1', '0'),b:('0', '0', '-1', '0'),c:('-1', '0', '1', '0') I= -1 I_ss= 0
   NONZERO: chi#11=a:('0', '0', '-1', '0'),b:('1', '0', '0', '0'),c:('0', '0', '-1', '0') h1=1 m= 2 psi=a:('-1', '0', '1', '0'),b:('-1', '0', '1', '0'),c:('0', '0', '-1', '0') I= -1 I_ss= 0
   NONZERO: chi#11=a:('0', '0', '-1', '0'),b:('1', '0', '0', '0'),c:('0', '0', '-1', '0') h1=1 m= 2 psi=a:('-1', '0', '1', '0'),b:('0', '0', '-1', '0'),c:('1', '0', '0', '0') I= -1 I_ss= 0
   NONZERO: chi#11=a:('0', '0', '-1', '0'),b:('1', '0', '0', '0'),c:('0', '0', '-1', '0') h1=1 m= 2 psi=a:('0', '0', '-1', '0'),b:('-1', '0', '1', '0'),c:('1', '0', '0', '0') I= 1 I_ss= 0
   NONZERO: chi#11=a:('0', '0', '-1', '0'),b:('1', '0', '0', '0'),c:('0', '0', '-1', '0') h1=1 m= 2 psi=a:('0', '0', '-1', '0'),b:('0', '0', '-1', '0'),c:('-1', '0', '1', '0') I= 1 I_ss= 0
   NONZERO: chi#12=a:('0', '0', '-1', '0'),b:('-1', '0', '1', '0'),c:('1', '0', '0', '0') h1=1 m= 1 psi=a:('1', '0', '0', '0'),b:('-1', '0', '1', '0'),c:('-1', '0', '1', '0') I= 1 I_ss= 0
   NONZERO: chi#12=a:('0', '0', '-1', '0'),b:('-1', '0', '1', '0'),c:('1', '0', '0', '0') h1=1 m= 1 psi=a:('1', '0', '0', '0'),b:('0', '0', '-1', '0'),c:('0', '0', '-1', '0') I= -1 I_ss= 0
   NONZERO: chi#12=a:('0', '0', '-1', '0'),b:('-1', '0', '1', '0'),c:('1', '0', '0', '0') h1=1 m= 1 psi=a:('-1', '0', '1', '0'),b:('1', '0', '0', '0'),c:('-1', '0', '1', '0') I= -1 I_ss= 0
   NONZERO: chi#12=a:('0', '0', '-1', '0'),b:('-1', '0', '1', '0'),c:('1', '0', '0', '0') h1=1 m= 1 psi=a:('0', '0', '-1', '0'),b:('1', '0', '0', '0'),c:('0', '0', '-1', '0') I= 1 I_ss= 0
   NONZERO: chi#12=a:('0', '0', '-1', '0'),b:('-1', '0', '1', '0'),c:('1', '0', '0', '0') h1=1 m= 2 psi=a:('1', '0', '0', '0'),b:('-1', '0', '1', '0'),c:('-1', '0', '1', '0') I= -1 I_ss= 0
   NONZERO: chi#12=a:('0', '0', '-1', '0'),b:('-1', '0', '1', '0'),c:('1', '0', '0', '0') h1=1 m= 2 psi=a:('1', '0', '0', '0'),b:('0', '0', '-1', '0'),c:('0', '0', '-1', '0') I= 1 I_ss= 0
   NONZERO: chi#12=a:('0', '0', '-1', '0'),b:('-1', '0', '1', '0'),c:('1', '0', '0', '0') h1=1 m= 2 psi=a:('-1', '0', '1', '0'),b:('1', '0', '0', '0'),c:('-1', '0', '1', '0') I= 1 I_ss= 0
   NONZERO: chi#12=a:('0', '0', '-1', '0'),b:('-1', '0', '1', '0'),c:('1', '0', '0', '0') h1=1 m= 2 psi=a:('0', '0', '-1', '0'),b:('1', '0', '0', '0'),c:('0', '0', '-1', '0') I= -1 I_ss= 0
   NONZERO: chi#13=a:('0', '0', '-1', '0'),b:('0', '0', '-1', '0'),c:('-1', '0', '1', '0') h1=1 m= 1 psi=a:('1', '0', '0', '0'),b:('-1', '0', '1', '0'),c:('-1', '0', '1', '0') I= -1 I_ss= 0
   NONZERO: chi#13=a:('0', '0', '-1', '0'),b:('0', '0', '-1', '0'),c:('-1', '0', '1', '0') h1=1 m= 1 psi=a:('1', '0', '0', '0'),b:('0', '0', '-1', '0'),c:('0', '0', '-1', '0') I= 1 I_ss= 0
   NONZERO: chi#13=a:('0', '0', '-1', '0'),b:('0', '0', '-1', '0'),c:('-1', '0', '1', '0') h1=1 m= 1 psi=a:('-1', '0', '1', '0'),b:('1', '0', '0', '0'),c:('-1', '0', '1', '0') I= -1 I_ss= 0
   NONZERO: chi#13=a:('0', '0', '-1', '0'),b:('0', '0', '-1', '0'),c:('-1', '0', '1', '0') h1=1 m= 1 psi=a:('0', '0', '-1', '0'),b:('1', '0', '0', '0'),c:('0', '0', '-1', '0') I= 1 I_ss= 0
   NONZERO: chi#13=a:('0', '0', '-1', '0'),b:('0', '0', '-1', '0'),c:('-1', '0', '1', '0') h1=1 m= 2 psi=a:('1', '0', '0', '0'),b:('-1', '0', '1', '0'),c:('-1', '0', '1', '0') I= 1 I_ss= 0
   NONZERO: chi#13=a:('0', '0', '-1', '0'),b:('0', '0', '-1', '0'),c:('-1', '0', '1', '0') h1=1 m= 2 psi=a:('1', '0', '0', '0'),b:('0', '0', '-1', '0'),c:('0', '0', '-1', '0') I= -1 I_ss= 0
   NONZERO: chi#13=a:('0', '0', '-1', '0'),b:('0', '0', '-1', '0'),c:('-1', '0', '1', '0') h1=1 m= 2 psi=a:('-1', '0', '1', '0'),b:('1', '0', '0', '0'),c:('-1', '0', '1', '0') I= 1 I_ss= 0
   NONZERO: chi#13=a:('0', '0', '-1', '0'),b:('0', '0', '-1', '0'),c:('-1', '0', '1', '0') h1=1 m= 2 psi=a:('0', '0', '-1', '0'),b:('1', '0', '0', '0'),c:('0', '0', '-1', '0') I= -1 I_ss= 0
