{
 "prereg_sha256": "baed2eedc20d5c4565263dc7ae2b8d4988b23bcc1a911b9bdee51ff47b130984",
 "gate": "PASS",
 "eps": 1,
 "det_multiset_Pminus3_sorted": [
  25,
  45,
  64,
  64,
  80,
  100,
  125,
  125,
  144,
  225,
  245,
  289,
  320,
  400,
  400,
  500,
  625,
  625,
  720,
  1024,
  1125,
  2025,
  2500,
  3125,
  15625
 ],
 "det_multiset_Pminus3_distinct": [
  25,
  45,
  64,
  80,
  100,
  125,
  144,
  225,
  245,
  289,
  320,
  400,
  500,
  625,
  720,
  1024,
  1125,
  2025,
  2500,
  3125,
  15625
 ],
 "ladder_k1_13": {
  "1": {
   "r": 13,
   "tr_odd": 0.9999999999999998,
   "tr_even": -9.43689570931383e-16,
   "rounded": [
    1,
    0
   ]
  },
  "2": {
   "r": 14,
   "tr_odd": 0.9999999999999981,
   "tr_even": 2.220446049250313e-16,
   "rounded": [
    1,
    0
   ]
  },
  "3": {
   "r": 15,
   "tr_odd": -1.5543122344752192e-15,
   "tr_even": 1.0000000000000024,
   "rounded": [
    0,
    1
   ]
  },
  "4": {
   "r": 16,
   "tr_odd": 2.478142434057549e-15,
   "tr_even": 2.6098315038573194e-15,
   "rounded": [
    0,
    0
   ]
  },
  "5": {
   "r": 17,
   "tr_odd": -3.885780586188048e-16,
   "tr_even": 0.9999999999999998,
   "rounded": [
    0,
    1
   ]
  },
  "6": {
   "r": 18,
   "tr_odd": 1.0000000000000002,
   "tr_even": -4.996003610813204e-16,
   "rounded": [
    1,
    0
   ]
  },
  "7": {
   "r": 19,
   "tr_odd": 1.0000000000000004,
   "tr_even": 1.0000000000000004,
   "rounded": [
    1,
    1
   ]
  },
  "8": {
   "r": 20,
   "tr_odd": 1.7763568394002505e-15,
   "tr_even": 0.9999999999999984,
   "rounded": [
    0,
    1
   ]
  },
  "9": {
   "r": 21,
   "tr_odd": 0.9999999999999979,
   "tr_even": 4.440892098500626e-16,
   "rounded": [
    1,
    0
   ]
  },
  "10": {
   "r": 22,
   "tr_odd": 1.0000000000000024,
   "tr_even": 1.0000000000000024,
   "rounded": [
    1,
    1
   ]
  },
  "11": {
   "r": 23,
   "tr_odd": 1.0,
   "tr_even": 2.7755575615628914e-16,
   "rounded": [
    1,
    0
   ]
  },
  "12": {
   "r": 24,
   "tr_odd": 1.000000000000002,
   "tr_even": 1.0000000000000042,
   "rounded": [
    1,
    1
   ]
  },
  "13": {
   "r": 25,
   "tr_odd": -1.0000000000000002,
   "tr_even": 1.0000000000000002,
   "rounded": [
    -1,
    1
   ]
  }
 },
 "sealed_predictions": {
  "21": true,
  "22": true,
  "23": false,
  "24": false,
  "25": "DATA/VACUOUS"
 },
 "correlate_verdict": "CORRELATE-DIES-AT-(23)",
 "results": {
  "13": {
   "Zp": [
    0.9999999999999988,
    -8.230671749233789e-17
   ],
   "Zm": [
    -1.0000000000000007,
    -2.933074647971012e-16
   ],
   "tr_odd": 0.9999999999999998,
   "tr_even": -9.43689570931383e-16,
   "tr_odd_round": 1,
   "tr_even_round": 0
  },
  "14": {
   "Zp": [
    0.9999999999999983,
    2.617183095244459e-17
   ],
   "Zm": [
    -0.9999999999999979,
    1.3133729367004268e-17
   ],
   "tr_odd": 0.9999999999999981,
   "tr_even": 2.220446049250313e-16,
   "tr_odd_round": 1,
   "tr_even_round": 0
  },
  "15": {
   "Zp": [
    1.0000000000000009,
    2.5397659871269175e-17
   ],
   "Zm": [
    1.000000000000004,
    -2.602007528012299e-17
   ],
   "tr_odd": -1.5543122344752192e-15,
   "tr_even": 1.0000000000000024,
   "tr_odd_round": 0,
   "tr_even_round": 1
  },
  "16": {
   "Zp": [
    5.0879739379148685e-15,
    -5.643651128462479e-17
   ],
   "Zm": [
    1.316890697997702e-16,
    -5.3467115199083173e-17
   ],
   "tr_odd": 2.478142434057549e-15,
   "tr_even": 2.6098315038573194e-15,
   "tr_odd_round": 0,
   "tr_even_round": 0
  },
  "17": {
   "Zp": [
    0.9999999999999994,
    2.4221863664813708e-17
   ],
   "Zm": [
    1.0000000000000002,
    -5.496766846734193e-17
   ],
   "tr_odd": -3.885780586188048e-16,
   "tr_even": 0.9999999999999998,
   "tr_odd_round": 0,
   "tr_even_round": 1
  },
  "18": {
   "Zp": [
    0.9999999999999997,
    7.530520926237355e-17
   ],
   "Zm": [
    -1.0000000000000007,
    -3.2463718088925573e-16
   ],
   "tr_odd": 1.0000000000000002,
   "tr_even": -4.996003610813204e-16,
   "tr_odd_round": 1,
   "tr_even_round": 0
  },
  "19": {
   "Zp": [
    2.000000000000001,
    -9.37322335586427e-18
   ],
   "Zm": [
    -2.0151490215871814e-16,
    2.0186042158861442e-16
   ],
   "tr_odd": 1.0000000000000004,
   "tr_even": 1.0000000000000004,
   "tr_odd_round": 1,
   "tr_even_round": 1
  },
  "20": {
   "Zp": [
    1.0000000000000002,
    1.1643198235759822e-16
   ],
   "Zm": [
    0.9999999999999967,
    -1.0846014487407287e-16
   ],
   "tr_odd": 1.7763568394002505e-15,
   "tr_even": 0.9999999999999984,
   "tr_odd_round": 0,
   "tr_even_round": 1
  },
  "21": {
   "Zp": [
    0.9999999999999983,
    2.0101327191724393e-16
   ],
   "Zm": [
    -0.9999999999999974,
    -4.1593261728603874e-16
   ],
   "tr_odd": 0.9999999999999979,
   "tr_even": 4.440892098500626e-16,
   "tr_odd_round": 1,
   "tr_even_round": 0
  },
  "22": {
   "Zp": [
    2.000000000000005,
    4.544389313922752e-16
   ],
   "Zm": [
    -9.132355365753458e-17,
    -7.138958395012583e-17
   ],
   "tr_odd": 1.0000000000000024,
   "tr_even": 1.0000000000000024,
   "tr_odd_round": 1,
   "tr_even_round": 1
  },
  "23": {
   "Zp": [
    1.0000000000000002,
    2.0121850798808137e-16
   ],
   "Zm": [
    -0.9999999999999997,
    -2.1515705337800225e-16
   ],
   "tr_odd": 1.0,
   "tr_even": 2.7755575615628914e-16,
   "tr_odd_round": 1,
   "tr_even_round": 0
  },
  "24": {
   "Zp": [
    2.000000000000006,
    -2.236458218974777e-16
   ],
   "Zm": [
    2.204242447004337e-15,
    -4.503280232731393e-16
   ],
   "tr_odd": 1.000000000000002,
   "tr_even": 1.0000000000000042,
   "tr_odd_round": 1,
   "tr_even_round": 1
  },
  "25": {
   "Zp": [
    -1.4364367034656347e-16,
    -9.94695740897769e-18
   ],
   "Zm": [
    2.0000000000000004,
    -3.6012009328306525e-16
   ],
   "tr_odd": -1.0000000000000002,
   "tr_even": 1.0000000000000002,
   "tr_odd_round": -1,
   "tr_even_round": 1
  }
 }
}