{
 "1": {
  "-6": [
   -1.0,
   1.0331493317774011e-40
  ],
  "-5": [
   -8.035605913824231e-41,
   -1.0
  ],
  "-4": [
   3.3458548186406716e-41,
   1.7320508075688772
  ],
  "-3": [
   -3.4438311059246704e-41,
   -1.0
  ],
  "-2": [
   1.0,
   -1.1479437019748901e-41
  ],
  "-1": [
   -1.7320508075688772,
   4.469874711209563e-41
  ],
  "0": [
   1.0,
   3.4438311059246704e-41
  ],
  "1": [
   -5.739718509874451e-41,
   1.0
  ],
  "2": [
   -5.682688358140747e-41,
   -1.7320508075688772
  ],
  "3": [
   -8.035605913824231e-41,
   1.0
  ],
  "4": [
   -1.0,
   -1.1479437019748901e-40
  ],
  "5": [
   1.7320508075688772,
   -6.895502005071931e-41
  ],
  "6": [
   -1.0,
   -1.3775324423698682e-40
  ]
 },
 "2": {
  "-6": [
   -1.0,
   4.304788882405838e-41
  ],
  "-5": [
   -1.3228756555322954,
   -0.5
  ],
  "-4": [
   2.8698592549372254e-41,
   0.0
  ],
  "-3": [
   2.0089014784560578e-41,
   -1.0
  ],
  "-2": [
   2.941605736310656e-41,
   -4.878760733393283e-41
  ],
  "-1": [
   0.8660254037844386,
   2.29128784747792
  ],
  "0": [
   1.0,
   7.031155174596202e-41
  ],
  "1": [
   8.753070727558537e-41,
   -1.0
  ],
  "2": [
   -2.29128784747792,
   -0.8660254037844386
  ],
  "3": [
   -1.7506141455117075e-40,
   4.304788882405838e-41
  ],
  "4": [
   1.0,
   1.7219155529623352e-40
  ],
  "5": [
   1.9802028859066855e-40,
   -1.9802028859066855e-40
  ],
  "6": [
   0.5,
   1.3228756555322954
  ]
 },
 "3": {
  "-6": [
   1.0,
   1.110276799253839e-40
  ],
  "-5": [
   -5.703845269187735e-41,
   1.0
  ],
  "-4": [
   2.0,
   1.7320508075688772
  ],
  "-3": [
   -1.4349296274686127e-42,
   1.0054399701898253e-42
  ],
  "-2": [
   1.0,
   6.098450916741604e-41
  ],
  "-1": [
   2.2044106401986562e-40,
   -4.23606797749979
  ],
  "0": [
   1.0,
   -1.5425493495287586e-41
  ],
  "1": [
   3.4438311059246704e-41,
   -1.0
  ],
  "2": [
   -4.488518299418929e-40,
   1.1048958131508318e-40
  ],
  "3": [
   1.7290902010996783e-40,
   -1.0
  ],
  "4": [
   -1.0,
   1.255563424035036e-40
  ],
  "5": [
   -2.802517076888147,
   0.6180339887498949
  ],
  "6": [
   -1.0,
   2.934431088173313e-40
  ]
 },
 "4": {
  "-6": [
   -1.1246260955285252e-40,
   1.0295620077087296e-40
  ],
  "-5": [
   1.0044507392280289e-41,
   -5.111936797856933e-41
  ],
  "-4": [
   -4.75320439098978e-41,
   3.4641016151377544
  ],
  "-3": [
   1.0,
   -1.0
  ],
  "-2": [
   2.0,
   3.6725230153024806e-41
  ],
  "-1": [
   -2.449489742783178,
   2.449489742783178
  ],
  "0": [
   1.8207911726050943e-40,
   -6.600676286355618e-41
  ],
  "1": [
   1.0,
   -1.0
  ],
  "2": [
   3.37208462455124e-41,
   -1.1201419404426858e-40
  ],
  "3": [
   1.5416525185115907e-40,
   -8.645451005498391e-41
  ],
  "4": [
   2.0,
   -1.0582606002581019e-40
  ],
  "5": [
   -1.7320508075688772,
   -1.7320508075688772
  ],
  "6": [
   2.0,
   -6.81591573047591e-41
  ]
 },
 "5": {
  "-6": [
   1.0,
   -7.174648137343063e-41
  ],
  "-5": [
   9.34946335397518e-41,
   0.5615528128088303
  ],
  "-4": [
   -1.3586989910093426e-41,
   1.7320508075688772
  ],
  "-3": [
   5.82267537896248e-41,
   -2.0
  ],
  "-2": [
   1.0,
   1.2300037400457514e-40
  ],
  "-1": [
   4.436739618055864,
   1.363407353849474e-40
  ],
  "0": [
   1.0,
   1.807562915101868e-40
  ],
  "1": [
   4.123180601429342e-41,
   1.0
  ],
  "2": [
   2.228849285416481e-40,
   2.9904830267463056e-40
  ],
  "3": [
   4.3547872116129475e-40,
   -2.0
  ],
  "4": [
   1.0,
   4.097340657747192e-40
  ],
  "5": [
   8.27214509460226e-40,
   -2.705066555532627e-40
  ],
  "6": [
   7.029753876131877e-40,
   -3.5030219530577507e-40
  ]
 },
 "6": {
  "-6": [
   -1.0,
   1.6887328053271235e-40
  ],
  "-5": [
   1.7320508075688772,
   -4.4325873023522614e-41
  ],
  "-4": [
   4.0,
   3.4641016151377544
  ],
  "-3": [
   5.424706615094232e-41,
   -1.0
  ],
  "-2": [
   2.0,
   5.967289380480801e-41
  ],
  "-1": [
   -1.7320508075688772,
   -4.0
  ],
  "0": [
   1.0,
   1.0701436112355763e-40
  ],
  "1": [
   -1.7320508075688772,
   -1.7167027226750469e-40
  ],
  "2": [
   -1.0,
   -1.7320508075688772
  ],
  "3": [
   -3.639116059912977e-40,
   1.0
  ],
  "4": [
   -2.0,
   -3.002029726092342e-40
  ],
  "5": [
   -1.7320508075688772,
   -2.0
  ],
  "6": [
   -1.0,
   -2.5338839351307072e-40
  ]
 },
 "7": {
  "-6": [
   -5.308318267893573e-40,
   8.476174151007953e-41
  ],
  "-5": [
   -1.1664601095578622e-40,
   -2.0
  ],
  "-4": [
   -1.5820169207764671e-40,
   8.660254037844387
  ],
  "-3": [
   2.4073606967868195e-41,
   -1.0
  ],
  "-2": [
   3.0,
   -7.407123552574551e-41
  ],
  "-1": [
   -1.7320508075688772,
   7.54983443527075
  ],
  "0": [
   2.0,
   2.8386173056751036e-40
  ],
  "1": [
   3.882815875843706e-40,
   -3.0
  ],
  "2": [
   1.8108839924623179e-40,
   -1.7320508075688772
  ],
  "3": [
   3.2443282435587462e-40,
   1.0
  ],
  "4": [
   -2.0,
   -3.461095103005152e-40
  ],
  "5": [
   1.7320508075688772,
   -7.776337671954853e-40
  ],
  "6": [
   -2.0,
   3.35008423866134e-41
  ]
 },
 "8": {
  "-6": [
   1.0,
   7.277993899087019e-42
  ],
  "-5": [
   -0.8541019662496846,
   -1.618033988749895
  ],
  "-4": [
   7.193810893842705e-41,
   3.4641016151377544
  ],
  "-3": [
   2.0,
   -2.0
  ],
  "-2": [
   2.0,
   8.689661972047839e-41
  ],
  "-1": [
   6.266618692025902,
   -4.125686153387362
  ],
  "0": [
   1.0,
   4.5579859986785284e-41
  ],
  "1": [
   2.0,
   1.0
  ],
  "2": [
   4.271854865248044e-40,
   -1.7320508075688772
  ],
  "3": [
   -2.0,
   1.0
  ],
  "4": [
   -1.0,
   -7.0527316677006435e-40
  ],
  "5": [
   2.802517076888147,
   6.266618692025902
  ],
  "6": [
   -2.0,
   -5.086976168961147e-40
  ]
 }
}