{
 "tH1_m0_40": [
  "1",
  "0",
  "0",
  "0",
  "0",
  "0",
  "0",
  "0",
  "0",
  "0",
  "0",
  "0",
  "0",
  "0",
  "0",
  "0",
  "0",
  "0",
  "0",
  "0",
  "0",
  "0",
  "0",
  "0",
  "0",
  "0",
  "0",
  "0",
  "0",
  "0",
  "0",
  "0",
  "0",
  "0",
  "0",
  "0",
  "0",
  "0",
  "0",
  "0",
  "0"
 ],
 "TrM_k0_42": [
  1,
  -1,
  1,
  -1,
  1,
  -1,
  1,
  -1,
  1,
  -1,
  1,
  -1,
  1,
  -1,
  1,
  -1,
  1,
  -1,
  1,
  -1,
  1,
  -1,
  1,
  -1,
  1,
  -1,
  1,
  -1,
  1,
  -1,
  1,
  -1,
  1,
  -1,
  1,
  -1,
  1,
  -1,
  1,
  -1,
  1,
  -1,
  1
 ],
 "TrS_k0_42": [
  0,
  0,
  0,
  1,
  -1,
  1,
  -1,
  1,
  -1,
  1,
  -1,
  1,
  -1,
  1,
  -1,
  1,
  -1,
  1,
  -1,
  1,
  -1,
  1,
  -1,
  1,
  -1,
  1,
  -1,
  1,
  -1,
  1,
  -1,
  1,
  -1,
  1,
  -1,
  1,
  -1,
  1,
  -1,
  1,
  -1,
  1,
  -1
 ],
 "TrEis_k0_42": [
  1,
  -1,
  1,
  -2,
  2,
  -2,
  2,
  -2,
  2,
  -2,
  2,
  -2,
  2,
  -2,
  2,
  -2,
  2,
  -2,
  2,
  -2,
  2,
  -2,
  2,
  -2,
  2,
  -2,
  2,
  -2,
  2,
  -2,
  2,
  -2,
  2,
  -2,
  2,
  -2,
  2,
  -2,
  2,
  -2,
  2,
  -2,
  2
 ],
 "sigmaA1_canonical_numeric": [
  [
   "(0.8090169943749474241022934171828190588602 - 0.2628655560595668030128345424239383036427j)",
   "(0.3090169943749474241022934171828190588602 + 0.4253254041760199660907702485315055361202j)"
  ],
  [
   "(-0.3090169943749474241022934171828190588602 + 0.4253254041760199660907702485315055361202j)",
   "(0.8090169943749474241022934171828190588602 + 0.2628655560595668030128345424239383036427j)"
  ]
 ],
 "sigmaA1_order": 10,
 "sigmaA1_eigen_angle_over_pi": "1/5",
 "sigmaA1_trace_in_Zphi": {
  "a": 0,
  "b": 1
 },
 "sigmaS_numeric": [
  [
   "(0.8090169943749474241022934171828190588602 - 0.2628655560595668030128345424239383036427j)",
   "(0.5 - 0.1624598481164531630779357061075672324775j)"
  ],
  [
   "(0.5 - 0.1624598481164531630779357061075672324775j)",
   "(-0.8090169943749474241022934171828190588602 + 0.2628655560595668030128345424239383036427j)"
  ]
 ],
 "sigmaS_vs_golden_Smatrix_dev": "0.26614",
 "cusp_local_data": {
  "cusp(1,2)": [
   -1,
   4
  ],
  "cusp(2,4)": [
   -1,
   1
  ]
 },
 "free_rank": 11,
 "cusps": 12,
 "genus": 0
}