{"comp0": {"A": [[[-4.3534071342916665, 0.0], [0.0, 0.0], [0.0, 0.0]], [[0.0, 0.0], [1.0000000000000004, 0.0], [0.0, 0.0]], [[0.0, 0.0], [0.0, 0.0], [-0.2297051410889252, 0.0]]], "B": [[[0.009031996895464463, -1.1280915628653444e-20], [1.0, 6.7734555848019385e-21], [-0.7432918800705918, -4.309709195338107e-11]], [[-0.026003139878770894, -2.2836036398321323e-11], [-1.8790023069501223, -6.560774679748175e-20], [1.0, -2.4323741948252744e-21]], [[-2.530026785757052, 1.5185560713747296e-10], [-0.4928155034498337, -6.068247917683083e-11], [0.17117579317214482, 1.993946010279888e-20]]]}, "comp1": {"A": [[[0.7566594771647401, 0.6538091737019155], [0.0, 0.0], [0.0, 0.0]], [[0.0, 0.0], [1.0000000000000009, 3.732908079867592e-16], [0.0, 0.0]], [[0.0, 0.0], [0.0, 0.0], [0.7566594771647402, -0.6538091737019148]]], "B": [[[0.614978822118975, -0.5313867171008065], [1.0, -1.0047809016781628e-27], [-1.8117840670001883, 1.1655467360570844]], [[-0.44832157572787334, 0.387382657358245], [-1.351246781112351, -3.1778493918230775e-15], [1.0, 2.9814151671741347e-28]], [[-0.6360404910631307, -0.409173991460408], [-0.4483215757278699, -0.3873826573582577], [0.6149788221189757, 0.5313867171008114]]]}, "comp2": {"A": [[[1.088198351456385, 2.7755575615628914e-17], [0.0, 0.0], [0.0, 0.0]], [[0.0, 0.0], [-0.8587650232756731, 0.4259961849617768], [0.0, 0.0]], [[0.0, 0.0], [0.0, 0.0], [-0.8587650232756743, -0.4259961849617771]]], "B": [[[-0.5399102944749989, 1.1119162693270332e-17], [1.0, -9.672464075276213e-24], [-7.87063107305149, 2.0150542612798406]], [[-0.11468597189644889, -0.029362125376740756], [0.04218869556616065, 0.09355525064798477], [1.0, -5.332803504091823e-24]], [[0.014571381954205188, -2.2472890857656217e-12], [0.6498810959995114, 2.0376929776065964e-16], [0.0421886955661609, -0.09355525064798478]]]}, "comp3": {"A": [[[2.818411008867823, -5.551115123125783e-17], [0.0, 0.0], [0.0, 0.0]], [[0.0, 0.0], [-0.5464604063946954, 0.23704615320839173], [0.0, 0.0]], [[0.0, 0.0], [0.0, 0.0], [-0.5464604063946948, -0.2370461532083917]]], "B": [[[-0.09334320179236069, 1.9159344311710572e-17], [1.0, -1.5544893773687987e-22], [3.825135699634261, -1.5264874365976406]], [[0.06532096406640128, 0.026067475462280852], [0.10549513030794655, 1.5593371116163643], [1.0, -4.789749143753995e-22]], [[0.01707677042221911, 6.9223158850949e-12], [3.4099720744005917, 6.1489083553906465e-15], [0.10549513030794355, -1.5593371116163643]]]}}