{
  "N": 4181,
  "npart": 2090,
  "slope": 0.10104865596144937,
  "target": 0.10132118364233778,
  "rel_err": 0.0026897403987149247,
  "r2": 0.9999969039884962,
  "tol": 0.05,
  "pass": true
}