{
  "ells": [
    4,
    6,
    8,
    10,
    12,
    14,
    16,
    18,
    20,
    22,
    24,
    26,
    28,
    30,
    32,
    34,
    36,
    38,
    40,
    42,
    44,
    46,
    48,
    50,
    52,
    54,
    56,
    58,
    60,
    62,
    64,
    66,
    68,
    70,
    72,
    74,
    76,
    78,
    80,
    82,
    84,
    86,
    88,
    90,
    92,
    94,
    96,
    98,
    100,
    102,
    104,
    106,
    108,
    110,
    112,
    114,
    116,
    118,
    120,
    122,
    124,
    126,
    128,
    130,
    132,
    134,
    136,
    138,
    140,
    142,
    144,
    146,
    148,
    150,
    152,
    154,
    156,
    158,
    160
  ],
  "n_pos": 20,
  "r_main": 20,
  "r_periodic": 4,
  "seed_random": 1,
  "v_values": [
    4.0,
    8.0,
    16.0
  ],
  "n_values": [
    610,
    1597
  ],
  "guard_seconds": 1150,
  "freq_info": {
    "610": {
      "freqs": {
        "a": 0.2721311475409836,
        "b": 0.16885245901639345,
        "A": 0.34590163934426227,
        "B": 0.21311475409836064
      },
      "cumulative_aAbB_chargeorder": [
        0.2721311475409836,
        0.44098360655737706,
        0.7868852459016393,
        1.0
      ]
    },
    "1597": {
      "freqs": {
        "a": 0.27238572323105825,
        "b": 0.16844082654978085,
        "A": 0.345648090169067,
        "B": 0.21352536005009393
      },
      "cumulative_aAbB_chargeorder": [
        0.27238572323105825,
        0.4408265497808391,
        0.7864746399499061,
        1.0
      ]
    }
  },
  "localization_main": [
    {
      "N": 610,
      "V": 0.0,
      "npart": 305,
      "E_min": -1.9999735627445088,
      "E_max": 1.999973562744509,
      "fermi_gap": 0.010283434346823477,
      "mean_spacing": 0.006568057677321868,
      "gap_over_spacing": 1.5656735753600381,
      "mid_states": [
        295,
        314
      ],
      "PR_mean": 407.3333333333333,
      "PR_sd": 1.1443233316990746e-13,
      "PR_min": 407.3333333333332,
      "PR_max": 407.3333333333335
    },
    {
      "N": 610,
      "V": 1.0,
      "npart": 305,
      "E_min": -1.6358776587571904,
      "E_max": 2.42626833430934,
      "fermi_gap": 0.009637472684957626,
      "mean_spacing": 0.006670190464805469,
      "gap_over_spacing": 1.4448571949794684,
      "mid_states": [
        295,
        314
      ],
      "PR_mean": 209.61623882208428,
      "PR_sd": 84.74866337166978,
      "PR_min": 63.50698907665844,
      "PR_max": 366.3248332231811
    },
    {
      "N": 610,
      "V": 4.0,
      "npart": 305,
      "E_min": -0.8361749243661769,
      "E_max": 3.947402368094824,
      "fermi_gap": 1.7474667993067072e-05,
      "mean_spacing": 0.007854806719968802,
      "gap_over_spacing": 0.0022247101190462494,
      "mid_states": [
        295,
        314
      ],
      "PR_mean": 15.56344445345093,
      "PR_sd": 7.6037772967387305,
      "PR_min": 5.008074537710531,
      "PR_max": 35.37886449513536
    },
    {
      "N": 610,
      "V": 8.0,
      "npart": 305,
      "E_min": -0.10733731410852058,
      "E_max": 6.186434492088208,
      "fermi_gap": 7.452789496653622e-10,
      "mean_spacing": 0.010334600666989702,
      "gap_over_spacing": 7.211492477361969e-08,
      "mid_states": [
        295,
        314
      ],
      "PR_mean": 5.701215904372173,
      "PR_sd": 2.754222137000824,
      "PR_min": 2.8575993800142743,
      "PR_max": 11.744092736705744
    },
    {
      "N": 610,
      "V": 16.0,
      "npart": 305,
      "E_min": 0.9566510284313561,
      "E_max": 10.90622323460762,
      "fermi_gap": 1.2434497875801753e-14,
      "mean_spacing": 0.016337556988795177,
      "gap_over_spacing": 7.610989748546696e-13,
      "mid_states": [
        295,
        314
      ],
      "PR_mean": 3.909950938505736,
      "PR_sd": 1.5954402914438284,
      "PR_min": 2.265878341113461,
      "PR_max": 8.882554330879039
    },
    {
      "N": 1597,
      "V": 0.0,
      "npart": 798,
      "E_min": -1.9999961350306381,
      "E_max": 1.999996135030638,
      "fermi_gap": 0.00393190316632822,
      "mean_spacing": 0.0025062608208403984,
      "gap_over_spacing": 1.5688323951095304,
      "mid_states": [
        788,
        807
      ],
      "PR_mean": 1052.0166666666664,
      "PR_sd": 59.55394380074518,
      "PR_min": 798.9999999999965,
      "PR_max": 1065.3333333333342
    },
    {
      "N": 1597,
      "V": 1.0,
      "npart": 798,
      "E_min": -1.635877667415681,
      "E_max": 2.4262711927734104,
      "fermi_gap": 0.002623300964858133,
      "mean_spacing": 0.0025452060527500573,
      "gap_over_spacing": 1.030683139396001,
      "mid_states": [
        788,
        807
      ],
      "PR_mean": 668.603594757391,
      "PR_sd": 163.61572493987592,
      "PR_min": 396.3157189837421,
      "PR_max": 953.6752987832779
    },
    {
      "N": 1597,
      "V": 4.0,
      "npart": 798,
      "E_min": -0.836174924366177,
      "E_max": 3.947402368100231,
      "fermi_gap": 3.315734089515132e-07,
      "mean_spacing": 0.0029972288799914835,
      "gap_over_spacing": 0.00011062665623068978,
      "mid_states": [
        788,
        807
      ],
      "PR_mean": 15.33433884869296,
      "PR_sd": 9.468680205032067,
      "PR_min": 6.054541075466328,
      "PR_max": 36.83313030545974
    },
    {
      "N": 1597,
      "V": 8.0,
      "npart": 798,
      "E_min": -0.1073373141085269,
      "E_max": 6.186434492088217,
      "fermi_gap": 3.1086244689504383e-15,
      "mean_spacing": 0.003943466043982922,
      "gap_over_spacing": 7.882975114477494e-13,
      "mid_states": [
        788,
        807
      ],
      "PR_mean": 6.579839950528791,
      "PR_sd": 3.5682844349728047,
      "PR_min": 2.8883978499994054,
      "PR_max": 13.856391113771796
    },
    {
      "N": 1597,
      "V": 16.0,
      "npart": 798,
      "E_min": 0.9566510284313476,
      "E_max": 10.906223234607635,
      "fermi_gap": 5.329070518200751e-15,
      "mean_spacing": 0.006234067798356071,
      "gap_over_spacing": 8.548303756988386e-13,
      "mid_states": [
        788,
        807
      ],
      "PR_mean": 8.603646069454898,
      "PR_sd": 4.35269846123928,
      "PR_min": 2.272138261692232,
      "PR_max": 16.441358135904117
    }
  ],
  "localization_controls": [
    {
      "N": 1597,
      "V": 4.0,
      "npart": 798,
      "E_min": -1.4249506434193533,
      "E_max": 4.319323044571954,
      "fermi_gap": 0.0016386917345792007,
      "mean_spacing": 0.0035991689774381623,
      "gap_over_spacing": 0.45529724912932495,
      "mid_states": [
        788,
        807
      ],
      "PR_mean": 14.362679228176011,
      "PR_sd": 7.76264306146767,
      "PR_min": 5.28051734992097,
      "PR_max": 34.833505613214996,
      "model": "random"
    },
    {
      "N": 1597,
      "V": 8.0,
      "npart": 798,
      "E_min": -1.037906895408711,
      "E_max": 6.779343415602721,
      "fermi_gap": 0.0055962922386458835,
      "mean_spacing": 0.004898026510658792,
      "gap_over_spacing": 1.1425606265028512,
      "mid_states": [
        788,
        807
      ],
      "PR_mean": 4.852141245972842,
      "PR_sd": 1.5936540954507248,
      "PR_min": 3.1547262839754864,
      "PR_max": 8.890264900058064,
      "model": "random"
    },
    {
      "N": 1597,
      "V": 16.0,
      "npart": 798,
      "E_min": -0.29585470979029377,
      "E_max": 11.839764644478585,
      "fermi_gap": 0.006213785606441036,
      "mean_spacing": 0.007603771525231127,
      "gap_over_spacing": 0.8171978321313592,
      "mid_states": [
        788,
        807
      ],
      "PR_mean": 2.8622431348987845,
      "PR_sd": 0.8978512073033856,
      "PR_min": 1.9808808710119739,
      "PR_max": 4.467252144235738,
      "model": "random"
    },
    {
      "N": 1597,
      "V": 4.0,
      "npart": 798,
      "E_min": -0.7904430132467062,
      "E_max": 3.85053286704955,
      "fermi_gap": 0.003782425823880775,
      "mean_spacing": 0.002907879624245775,
      "gap_over_spacing": 1.3007504823594043,