{
 "totals": {
  "13": [
   0.9999999999999988,
   -8.230671749233789e-17
  ],
  "14": [
   0.9999999999999983,
   2.617183095244459e-17
  ],
  "15": [
   1.0000000000000009,
   2.5397659871269175e-17
  ],
  "16": [
   5.0879739379148685e-15,
   -5.643651128462479e-17
  ],
  "17": [
   0.9999999999999994,
   2.4221863664813708e-17
  ],
  "18": [
   0.9999999999999997,
   7.530520926237355e-17
  ],
  "19": [
   2.000000000000001,
   -9.37322335586427e-18
  ]
 },
 "unit": 0.9999999999999988,
 "rows": [
  {
   "bucket": 0,
   "charpoly": [
    1,
    0,
    -1,
    0,
    1,
    0,
    -1
   ],
   "size": 6480,
   "sign": -1,
   "absdetB": 245,
   "contrib": {
    "13": [
     6479.999999999995,
     5.975105059130008e-13
    ],
    "14": [
     45359.9999999999,
     -0.0
    ],
    "15": [
     14489.720494198697,
     6.894351991303855e-13
    ],
    "16": [
     -6480.000000000006,
     -1.5167574380868481e-12
    ],
    "17": [
     6480.000000000002,
     -1.0571339719999244e-12
    ],
    "18": [
     6480.000000000002,
     1.0571339719999244e-12
    ],
    "19": [
     -6480.000000000006,
     1.5167574380868481e-12
    ]
   }
  },
  {
   "bucket": 1,
   "charpoly": [
    1,
    0,
    0,
    1,
    0,
    0,
    1
   ],
   "size": 5760,
   "sign": 1,
   "absdetB": 361,
   "contrib": {
    "13": [
     5759.999999999974,
     0.0
    ],
    "14": [
     5759.999999999976,
     1.3462914993349266e-13
    ],
    "15": [
     5759.999999999995,
     1.3126342118515534e-12
    ],
    "16": [
     5759.9999999999945,
     -5.048593122505975e-13
    ],
    "17": [
     5759.999999999974,
     2.103580467710823e-13
    ],
    "18": [
     5759.999999999989,
     1.3126342118515534e-12
    ],
    "19": [
     109440.0,
     0.0
    ]
   }
  },
  {
   "bucket": 2,
   "charpoly": [
    1,
    -1,
    0,
    0,
    0,
    -1,
    1
   ],
   "size": 5184,
   "sign": 1,
   "absdetB": 121,
   "contrib": {
    "13": [
     5183.9999999999945,
     -5.232178326960738e-13
    ],
    "14": [
     5184.000000000013,
     8.37148532313718e-13
    ],
    "15": [
     5183.999999999999,
     -1.3080445817401845e-13
    ],
    "16": [
     5184.000000000004,
     1.5696534980882213e-13
    ],
    "17": [
     5184.000000000004,
     -1.5696534980882213e-13
    ],
    "18": [
     5183.999999999999,
     1.3080445817401845e-13
    ],
    "19": [
     5184.000000000013,
     -8.37148532313718e-13
    ]
   }
  },
  {
   "bucket": 3,
   "charpoly": [
    1,
    1,
    0,
    0,
    0,
    -1,
    -1
   ],
   "size": 5184,
   "sign": -1,
   "absdetB": 605,
   "contrib": {
    "13": [
     5183.99999999998,
     -2.7142854870005965e-12
    ],
    "14": [
     -5183.999999999977,
     2.8078815382764793e-13
    ],
    "15": [
     -11591.77639535891,
     -2.1059111537073595e-13
    ],
    "16": [
     -5183.999999999998,
     -2.9248766023713325e-13
    ],
    "17": [
     5183.99999999999,
     5.849753204742665e-13
    ],
    "18": [
     5183.999999999972,
     1.1114531089011062e-12
    ],
    "19": [
     -5183.999999999983,
     -1.8719210255176528e-13
    ]
   }
  },
  {
   "bucket": 4,
   "charpoly": [
    1,
    0,
    0,
    0,
    0,
    0,
    -1
   ],
   "size": 4320,
   "sign": -1,
   "absdetB": 320,
   "contrib": {
    "13": [
     4320.0,
     -4.826046393912698e-13
    ],
    "14": [
     8639.999999999995,
     -4.2898190168112877e-13
    ],
    "15": [
     9659.813662799092,
     5.3622737710141096e-14
    ],
    "16": [
     34559.99999999997,
     -0.0
    ],
    "17": [
     4320.000000000002,
     -2.681136885507055e-13
    ],
    "18": [
     -8639.999999999989,
     2.413023196956349e-13
    ],
    "19": [
     -4319.999999999998,
     -5.496330615289462e-13
    ]
   }
  },
  {
   "bucket": 5,
   "charpoly": [
    1,
    1,
    0,
    -1,
    0,
    1,
    1
   ],
   "size": 4320,
   "sign": 1,
   "absdetB": 576,
   "contrib": {
    "13": [
     4319.999999999997,
     -5.995204332975845e-13
    ],
    "14": [
     -8639.999999999998,
     -1.2789769243681803e-12
    ],
    "15": [
     -12960.00000000001,
     -3.9968028886505635e-14
    ],
    "16": [
     -34560.0,
     -3.9968028886505635e-14
    ],
    "17": [
     4320.0000000000055,
     9.992007221626409e-13
    ],
    "18": [
     25920.0,
     0.0
    ],
    "19": [
     4319.999999999999,
     -9.192646643896296e-13
    ]
   }
  },
  {
   "bucket": 6,
   "charpoly": [
    1,
    -1,
    1,
    0,
    -1,
    1,
    -1
   ],
   "size": 4320,
   "sign": -1,
   "absdetB": 180,
   "contrib": {
    "13": [
     4319.999999999996,
     1.96616704937184e-13
    ],
    "14": [
     8639.99999999999,
     5.89850114811552e-13
    ],
    "15": [
     28979.440988397273,
     -1.4692384441319645e-28
    ],
    "16": [
     8639.99999999999,
     -5.89850114811552e-13
    ],
    "17": [
     4319.999999999996,
     -1.96616704937184e-13
    ],
    "18": [
     25920.0,
     -0.0
    ],
    "19": [
     -4319.999999999992,
     -7.149698361352146e-13
    ]
   }
  },
  {
   "bucket": 7,
   "charpoly": [
    1,
    0,
    -1,
    0,
    -1,
    0,
    1
   ],
   "size": 3240,
   "sign": 1,
   "absdetB": 225,
   "contrib": {
    "13": [
     3239.999999999997,
     5.635492072997295e-13
    ],
    "14": [
     3239.999999999999,
     3.3573144264664734e-13
    ],
    "15": [
     48600.0,
     0.0
    ],
    "16": [
     3239.999999999999,
     -3.3573144264664734e-13
    ],
    "17": [
     3239.999999999997,
     -5.635492072997295e-13
    ],
    "18": [
     -9720.000000000002,
     1.199040866595169e-13
    ],
    "19": [
     3239.9999999999973,
     0.0
    ]
   }
  },
  {
   "bucket": 8,
   "charpoly": [
    1,
    1,
    -1,
    -2,
    -1,
    1,
    1
   ],
   "size": 2160,
   "sign": 1,
   "absdetB": 400,
   "contrib": {
    "13": [
     2159.999999999999,
     1.6786572132332367e-13
    ],
    "14": [
     -4319.999999999999,
     -3.836930773104541e-13
    ],
    "15": [
     10800.0,
     0.0
    ],
    "16": [
     8639.999999999996,
     0.0
    ],
    "17": [
     2160.0,
     5.03597163969971e-13
    ],
    "18": [
     -4319.999999999997,
     -3.597122599785507e-14
    ],
    "19": [
     2160.0,
     1.9184653865522705e-13
    ]
   }
  },
  {
   "bucket": 9,
   "charpoly": [
    1,
    -2,
    1,
    0,
    -1,
    2,
    -1
   ],
   "size": 1620,
   "sign": -1,
   "absdetB": 45,
   "contrib": {
    "13": [
     1620.0,
     -1.0724547542028219e-13
    ],
    "14": [
     -1620.0,
     0.0
    ],
    "15": [
     -10867.290370648978,
     0.0
    ],
    "16": [
     -1620.0,
     0.0
    ],
    "17": [
     1620.0,
     1.0724547542028219e-13
    ],
    "18": [
     -4859.9999999999945,
     0.0
    ],
    "19": [
     -1620.0,
     5.3622737710141096e-14
    ]
   }
  },
  {
   "bucket": 10,
   "charpoly": [
    1,
    -1,
    -1,
    0,
    1,
    1,
    -1
   ],
   "size": 1440,
   "sign": -1,
   "absdetB": 80,
   "contrib": {
    "13": [
     1440.0,
     3.5748491806760727e-14
    ],
    "14": [
     2879.9999999999973,
     -3.5748491806760727e-14
    ],
    "15": [
     -3219.937887599697,
     0.0
    ],
    "16": [
     -5760.0,
     -3.5748491806760727e-14
    ],
    "17": [
     1440.0,
     1.0724547542028219e-13
    ],
    "18": [
     -2879.999999999998,
     0.0
    ],
    "19": [
     -1439.9999999999998,
     0.0
    ]
   }
  },
  {
   "bucket": 11,
   "charpoly": [
    1,
    -1,
    -1,
    2,
    -1,
    -1,
    1
   ],
   "size": 1440,
   "sign": 1,
   "absdetB": 100,
   "contrib": {
    "13": [
     1440.0000000000005,
     7.993605777301127e-14
    ],
    "14": [
     -2879.9999999999995,
     -1.758593271006248e-13
    ],
    "15": [
     -7200.0,
     3.650352262483446e-29
    ],
    "16": [
     -2879.9999999999995,
     1.758593271006248e-13
    ],
    "17": [
     1440.0000000000005,
     -7.993605777301127e-14
    ],
    "18": [
     -2880.0000000000005,
     -7.993605777301127e-14
    ],