{
 "totals": {
  "20": [
   1.0000000000000002,
   1.1643198235759822e-16
  ],
  "21": [
   0.9999999999999983,
   2.0101327191724393e-16
  ],
  "22": [
   2.000000000000005,
   4.544389313922752e-16
  ],
  "23": [
   1.0000000000000002,
   2.0121850798808137e-16
  ],
  "24": [
   2.000000000000006,
   -2.236458218974777e-16
  ],
  "25": [
   -1.4364367034656347e-16,
   -9.94695740897769e-18
  ]
 },
 "rows": [
  {
   "bucket": 0,
   "charpoly": [
    1,
    0,
    -1,
    0,
    1,
    0,
    -1
   ],
   "size": 6480,
   "sign": -1,
   "absdetB": 245,
   "contrib": {
    "20": [
     14489.720494198682,
     6.526653218434316e-12
    ],
    "21": [
     45359.999999999905,
     2.2521549838259258e-11
    ],
    "22": [
     6480.000000000007,
     1.4707950914781557e-12
    ],
    "23": [
     6480.00000000001,
     9.652092787825397e-13
    ],
    "24": [
     -6479.999999999994,
     -3.263326609217158e-12
    ],
    "25": [
     14489.720494198662,
     9.376318708173243e-12
    ]
   }
  },
  {
   "bucket": 1,
   "charpoly": [
    1,
    0,
    0,
    1,
    0,
    0,
    1
   ],
   "size": 5760,
   "sign": 1,
   "absdetB": 361,
   "contrib": {
    "20": [
     5759.999999999986,
     -3.870588060587914e-12
    ],
    "21": [
     5759.999999999975,
     -1.9184653865522705e-12
    ],
    "22": [
     5759.999999999989,
     -2.7598975736365998e-12
    ],
    "23": [
     5759.999999999993,
     -3.1637850234370775e-12
    ],
    "24": [
     5759.999999999975,
     -4.341790085355139e-12
    ],
    "25": [
     5759.999999999975,
     -3.382557392079003e-12
    ]
   }
  },
  {
   "bucket": 2,
   "charpoly": [
    1,
    -1,
    0,
    0,
    0,
    -1,
    1
   ],
   "size": 5184,
   "sign": 1,
   "absdetB": 121,
   "contrib": {
    "20": [
     5183.999999999994,
     -8.37148532313718e-13
    ],
    "21": [
     5183.999999999998,
     -1.8835841977058654e-12
    ],
    "22": [
     57024.0,
     0.0
    ],
    "23": [
     5183.999999999994,
     -6.80183182504896e-13
    ],
    "24": [
     5183.9999999999945,
     -3.6625248288725165e-13
    ],
    "25": [
     5183.999999999997,
     -1.255722798470577e-12
    ]
   }
  },
  {
   "bucket": 3,
   "charpoly": [
    1,
    1,
    0,
    0,
    0,
    -1,
    -1
   ],
   "size": 5184,
   "sign": -1,
   "absdetB": 605,
   "contrib": {
    "20": [
     -11591.776395358904,
     1.7315269486038288e-12
    ],
    "21": [
     -5183.9999999999745,
     -6.38793049957899e-12
    ],
    "22": [
     57024.00000000029,
     2.83128055109545e-11
    ],
    "23": [
     5184.000000000013,
     1.598152575535696e-11
    ],
    "24": [
     -5183.999999999961,
     -4.539408486880308e-12
    ],
    "25": [
     -11591.776395358904,
     2.059113128069418e-12
    ]
   }
  },
  {
   "bucket": 4,
   "charpoly": [
    1,
    0,
    0,
    0,
    0,
    0,
    -1
   ],
   "size": 4320,
   "sign": -1,
   "absdetB": 320,
   "contrib": {
    "20": [
     38639.25465119637,
     1.6800280033932713e-11
    ],
    "21": [
     -4319.9999999999945,
     3.0363875228367393e-12
    ],
    "22": [
     -8639.999999999993,
     4.3166303856663585e-12
    ],
    "23": [
     4320.000000000003,
     9.115865410723986e-13
    ],
    "24": [
     34559.99999999997,
     1.7132464698390078e-11
    ],
    "25": [
     9659.813662799092,
     4.343441754521428e-12
    ]
   }
  },
  {
   "bucket": 5,
   "charpoly": [
    1,
    1,
    0,
    -1,
    0,
    1,
    1
   ],
   "size": 4320,
   "sign": 1,
   "absdetB": 576,
   "contrib": {
    "20": [
     17280.0,
     -5.135891711915974e-12
    ],
    "21": [
     -12959.99999999999,
     -6.274980535181385e-12
    ],
    "22": [
     -8640.000000000011,
     -2.8976820942716586e-12
    ],
    "23": [
     4319.999999999995,
     -1.858513343222512e-12
    ],
    "24": [
     103680.0,
     0.0
    ],
    "25": [
     4319.999999999992,
     -1.099120794378905e-12
    ]
   }
  },
  {
   "bucket": 6,
   "charpoly": [
    1,
    -1,
    1,
    0,
    -1,
    1,
    -1
   ],
   "size": 4320,
   "sign": -1,
   "absdetB": 180,
   "contrib": {
    "20": [
     19319.627325598183,
     1.2869457050433863e-11
    ],
    "21": [
     12960.0,
     2.144909508405644e-12
    ],
    "22": [
     -8640.000000000002,
     3.6105976724828335e-12
    ],
    "23": [
     4320.000000000009,
     1.179700229623104e-12
    ],
    "24": [
     -25919.99999999999,
     -4.361316000424809e-12
    ],
    "25": [
     -9659.813662799088,
     4.2898190168112877e-13
    ]
   }
  },
  {
   "bucket": 7,
   "charpoly": [
    1,
    0,
    -1,
    0,
    -1,
    0,
    1
   ],
   "size": 3240,
   "sign": 1,
   "absdetB": 225,
   "contrib": {
    "20": [
     -16200.0,
     -9.736211836752773e-12
    ],
    "21": [
     -9719.999999999998,
     -5.323741447682551e-12
    ],
    "22": [
     3239.999999999994,
     -5.0599524570316134e-12
    ],
    "23": [
     3239.9999999999945,
     -5.1318949090273236e-12
    ],
    "24": [
     -9719.999999999998,
     -4.964029187704e-12
    ],
    "25": [
     -16200.0,
     -1.199040866595169e-11
    ]
   }
  },
  {
   "bucket": 8,
   "charpoly": [
    1,
    1,
    -1,
    -2,
    -1,
    1,
    1
   ],
   "size": 2160,
   "sign": 1,
   "absdetB": 400,
   "contrib": {
    "20": [
     43200.0,
     0.0
    ],
    "21": [
     2159.9999999999986,
     -1.0791367799356522e-12
    ],
    "22": [
     -4319.999999999998,
     -3.2853719744707632e-12
    ],
    "23": [
     2159.999999999998,
     -1.906474977886319e-12
    ],
    "24": [
     8639.999999999995,
     -3.0455638011517294e-12
    ],
    "25": [
     10800.0,
     0.0
    ]
   }
  },
  {
   "bucket": 9,
   "charpoly": [
    1,
    -2,
    1,
    0,
    -1,
    2,
    -1
   ],
   "size": 1620,
   "sign": -1,
   "absdetB": 45,
   "contrib": {
    "20": [
     3622.43012354966,
     2.6811368855070548e-12
    ],
    "21": [
     4859.999999999998,
     2.4130231969563493e-12
    ],
    "22": [
     1620.0000000000002,
     1.5014366558839506e-12
    ],
    "23": [
     1620.0000000000002,
     1.5818707624491624e-12
    ],
    "24": [
     4859.999999999999,
     2.4130231969563493e-12
    ],
    "25": [
     3622.43012354966,
     2.6811368855070548e-12
    ]
   }
  },
  {
   "bucket": 10,
   "charpoly": [
    1,
    -1,
    -1,
    0,
    1,
    1,
    -1
   ],
   "size": 1440,
   "sign": -1,
   "absdetB": 80,
   "contrib": {
    "20": [
     -12879.751550398789,
     0.0
    ],
    "21": [
     -1439.999999999999,
     3.574849180676073e-13
    ],
    "22": [
     -2879.9999999999973,
     -4.2898190168112877e-13
    ],
    "23": [
     1440.0000000000011,
     6.434728525216931e-13
    ],
    "24": [
     -5760.000000000002,
     -6.077243607149324e-13
    ],
    "25": [
     -3219.937887599697,
     0.0
    ]
   }
  },
  {
   "bucket": 11,
   "charpoly": [
    1,
    -1,
    -1,
    2,
    -1,
    -1,
    1
   ],
   "size": 1440,
   "sign": 1,
   "absdetB": 100,
   "contrib": {
    "20": [
     14400.0,
     0.0
    ],
    "21": [
     1439.9999999999986,
     -2.2382096176443156e-13
    ],
    "22": [
     -2880.000000000001,
     -1.4868106745780096e-12
    ],
    "23": [
     1439.9999999999986,
     1.5987211554602254e-13
    ],
    "24": [
     -2880.0000000000005,
     -1.2789769243681803e-12
    ],
    "25": [
     -7200.0,
     -3.1305473497421684e-12
    ]
   }
  },
  {
   "bucket": 12,
   "charpoly": [
    1,
    2,
    2,
    0,
    -2,
    -2,
    -1
   ],
   "size": 1440,
   "sign": -1,
   "absdetB": 1280,
   "contrib": {
    "20": [
     -51519.006201595155,
     0.0
    ],
    "21": [
     -1439.9999999999968,
     2.3782656200397137e-12
    ],
    "22": [
     5760.0000000000055,
     3.994893959405511e-12
    ],
    "23": [
     1440.0000000000125,
     3.204949493071056e-12
    ],
    "24": [
     -23039.999999999658,
     -1.760613221482966e-12
    ],
    "25": [
     -3219.937887599696,
     4.2443854936501025e-12
    ]
   }
  },
  {
   "bucket": 13,